dataset,relative_path,filename,original_class,standardized_class,split,role
Dataset_01,dataset_01\original\Aphids_Disease\aphids_disease_(50).jpg,aphids_disease_(50).jpg,Aphids_Disease,Aphids_Disease,train,model_training
Dataset_01,dataset_01\original\Aphids_Disease\aphids_disease_(131).jpg,aphids_disease_(131).jpg,Aphids_Disease,Aphids_Disease,train,model_training
Dataset_01,dataset_01\original\Aphids_Disease\aphids_disease_(59).jpg,aphids_disease_(59).jpg,Aphids_Disease,Aphids_Disease,train,model_training
Dataset_01,dataset_01\original\Aphids_Disease\aphids_disease_(100).jpg,aphids_disease_(100).jpg,Aphids_Disease,Aphids_Disease,train,model_training
Dataset_01,dataset_01\original\Aphids_Disease\aphids_disease_(14).jpg,aphids_disease_(14).jpg,Aphids_Disease,Aphids_Disease,train,model_training
Dataset_01,dataset_01\original\Aphids_Disease\aphids_disease_(63).jpg,aphids_disease_(63).jpg,Aphids_Disease,Aphids_Disease,train,model_training
Dataset_01,dataset_01\original\Aphids_Disease\aphids_disease_(190).jpg,aphids_disease_(190).jpg,Aphids_Disease,Aphids_Disease,train,model_training
Dataset_01,dataset_01\original\Aphids_Disease\aphids_disease_(220).jpg,aphids_disease_(220).jpg,Aphids_Disease,Aphids_Disease,train,model_training
Dataset_01,dataset_01\original\Aphids_Disease\aphids_disease_(146).jpg,aphids_disease_(146).jpg,Aphids_Disease,Aphids_Disease,train,model_training
Dataset_01,dataset_01\original\Aphids_Disease\aphids_disease_(34).jpg,aphids_disease_(34).jpg,Aphids_Disease,Aphids_Disease,train,model_training
Dataset_01,dataset_01\original\Aphids_Disease\aphids_disease_(170).jpg,aphids_disease_(170).jpg,Aphids_Disease,Aphids_Disease,train,model_training
Dataset_01,dataset_01\original\Aphids_Disease\aphids_disease_(43).jpg,aphids_disease_(43).jpg,Aphids_Disease,Aphids_Disease,train,model_training
Dataset_01,dataset_01\original\Aphids_Disease\aphids_disease_(198).jpg,aphids_disease_(198).jpg,Aphids_Disease,Aphids_Disease,train,model_training
Dataset_01,dataset_01\original\Aphids_Disease\aphids_disease_(2).jpg,aphids_disease_(2).jpg,Aphids_Disease,Aphids_Disease,train,model_training
Dataset_01,dataset_01\original\Aphids_Disease\aphids_disease_(193).jpg,aphids_disease_(193).jpg,Aphids_Disease,Aphids_Disease,train,model_training
Dataset_01,dataset_01\original\Aphids_Disease\aphids_disease_(219).jpg,aphids_disease_(219).jpg,Aphids_Disease,Aphids_Disease,train,model_training
Dataset_01,dataset_01\original\Aphids_Disease\aphids_disease_(73).jpg,aphids_disease_(73).jpg,Aphids_Disease,Aphids_Disease,train,model_training
Dataset_01,dataset_01\original\Aphids_Disease\aphids_disease_(153).jpg,aphids_disease_(153).jpg,Aphids_Disease,Aphids_Disease,train,model_training
Dataset_01,dataset_01\original\Aphids_Disease\aphids_disease_(110).jpg,aphids_disease_(110).jpg,Aphids_Disease,Aphids_Disease,train,model_training
Dataset_01,dataset_01\original\Aphids_Disease\aphids_disease_(139).jpg,aphids_disease_(139).jpg,Aphids_Disease,Aphids_Disease,train,model_training
Dataset_01,dataset_01\original\Aphids_Disease\aphids_disease_(113).jpg,aphids_disease_(113).jpg,Aphids_Disease,Aphids_Disease,train,model_training
Dataset_01,dataset_01\original\Aphids_Disease\aphids_disease_(91).jpg,aphids_disease_(91).jpg,Aphids_Disease,Aphids_Disease,train,model_training
Dataset_01,dataset_01\original\Aphids_Disease\aphids_disease_(48).jpg,aphids_disease_(48).jpg,Aphids_Disease,Aphids_Disease,train,model_training
Dataset_01,dataset_01\original\Aphids_Disease\aphids_disease_(125).jpg,aphids_disease_(125).jpg,Aphids_Disease,Aphids_Disease,train,model_training
Dataset_01,dataset_01\original\Aphids_Disease\aphids_disease_(92).jpg,aphids_disease_(92).jpg,Aphids_Disease,Aphids_Disease,train,model_training
Dataset_01,dataset_01\original\Aphids_Disease\aphids_disease_(118).jpg,aphids_disease_(118).jpg,Aphids_Disease,Aphids_Disease,train,model_training
Dataset_01,dataset_01\original\Aphids_Disease\aphids_disease_(202).jpg,aphids_disease_(202).jpg,Aphids_Disease,Aphids_Disease,train,model_training
Dataset_01,dataset_01\original\Aphids_Disease\aphids_disease_(176).jpg,aphids_disease_(176).jpg,Aphids_Disease,Aphids_Disease,train,model_training
Dataset_01,dataset_01\original\Aphids_Disease\aphids_disease_(126).jpg,aphids_disease_(126).jpg,Aphids_Disease,Aphids_Disease,train,model_training
Dataset_01,dataset_01\original\Aphids_Disease\aphids_disease_(77).jpg,aphids_disease_(77).jpg,Aphids_Disease,Aphids_Disease,train,model_training
Dataset_01,dataset_01\original\Aphids_Disease\aphids_disease_(9).jpg,aphids_disease_(9).jpg,Aphids_Disease,Aphids_Disease,train,model_training
Dataset_01,dataset_01\original\Aphids_Disease\aphids_disease_(102).jpg,aphids_disease_(102).jpg,Aphids_Disease,Aphids_Disease,train,model_training
Dataset_01,dataset_01\original\Aphids_Disease\aphids_disease_(137).jpg,aphids_disease_(137).jpg,Aphids_Disease,Aphids_Disease,train,model_training
Dataset_01,dataset_01\original\Aphids_Disease\aphids_disease_(141).jpg,aphids_disease_(141).jpg,Aphids_Disease,Aphids_Disease,train,model_training
Dataset_01,dataset_01\original\Aphids_Disease\aphids_disease_(103).jpg,aphids_disease_(103).jpg,Aphids_Disease,Aphids_Disease,train,model_training
Dataset_01,dataset_01\original\Aphids_Disease\aphids_disease_(218).jpg,aphids_disease_(218).jpg,Aphids_Disease,Aphids_Disease,train,model_training
Dataset_01,dataset_01\original\Aphids_Disease\aphids_disease_(101).jpg,aphids_disease_(101).jpg,Aphids_Disease,Aphids_Disease,train,model_training
Dataset_01,dataset_01\original\Aphids_Disease\aphids_disease_(112).jpg,aphids_disease_(112).jpg,Aphids_Disease,Aphids_Disease,train,model_training
Dataset_01,dataset_01\original\Aphids_Disease\aphids_disease_(93).jpg,aphids_disease_(93).jpg,Aphids_Disease,Aphids_Disease,train,model_training
Dataset_01,dataset_01\original\Aphids_Disease\aphids_disease_(22).jpg,aphids_disease_(22).jpg,Aphids_Disease,Aphids_Disease,train,model_training
Dataset_01,dataset_01\original\Aphids_Disease\aphids_disease_(83).jpg,aphids_disease_(83).jpg,Aphids_Disease,Aphids_Disease,train,model_training
Dataset_01,dataset_01\original\Aphids_Disease\aphids_disease_(45).jpg,aphids_disease_(45).jpg,Aphids_Disease,Aphids_Disease,train,model_training
Dataset_01,dataset_01\original\Aphids_Disease\aphids_disease_(195).jpg,aphids_disease_(195).jpg,Aphids_Disease,Aphids_Disease,train,model_training
Dataset_01,dataset_01\original\Aphids_Disease\aphids_disease_(17).jpg,aphids_disease_(17).jpg,Aphids_Disease,Aphids_Disease,train,model_training
Dataset_01,dataset_01\original\Aphids_Disease\aphids_disease_(217).jpg,aphids_disease_(217).jpg,Aphids_Disease,Aphids_Disease,train,model_training
Dataset_01,dataset_01\original\Aphids_Disease\aphids_disease_(30).jpg,aphids_disease_(30).jpg,Aphids_Disease,Aphids_Disease,train,model_training
Dataset_01,dataset_01\original\Aphids_Disease\aphids_disease_(157).jpg,aphids_disease_(157).jpg,Aphids_Disease,Aphids_Disease,train,model_training
Dataset_01,dataset_01\original\Aphids_Disease\aphids_disease_(206).jpg,aphids_disease_(206).jpg,Aphids_Disease,Aphids_Disease,train,model_training
Dataset_01,dataset_01\original\Aphids_Disease\aphids_disease_(108).jpg,aphids_disease_(108).jpg,Aphids_Disease,Aphids_Disease,train,model_training
Dataset_01,dataset_01\original\Aphids_Disease\aphids_disease_(172).jpg,aphids_disease_(172).jpg,Aphids_Disease,Aphids_Disease,train,model_training
Dataset_01,dataset_01\original\Aphids_Disease\aphids_disease_(58).jpg,aphids_disease_(58).jpg,Aphids_Disease,Aphids_Disease,train,model_training
Dataset_01,dataset_01\original\Aphids_Disease\aphids_disease_(107).jpg,aphids_disease_(107).jpg,Aphids_Disease,Aphids_Disease,train,model_training
Dataset_01,dataset_01\original\Aphids_Disease\aphids_disease_(11).jpg,aphids_disease_(11).jpg,Aphids_Disease,Aphids_Disease,train,model_training
Dataset_01,dataset_01\original\Aphids_Disease\aphids_disease_(133).jpg,aphids_disease_(133).jpg,Aphids_Disease,Aphids_Disease,train,model_training
Dataset_01,dataset_01\original\Aphids_Disease\aphids_disease_(74).jpg,aphids_disease_(74).jpg,Aphids_Disease,Aphids_Disease,train,model_training
Dataset_01,dataset_01\original\Aphids_Disease\aphids_disease_(154).jpg,aphids_disease_(154).jpg,Aphids_Disease,Aphids_Disease,train,model_training
Dataset_01,dataset_01\original\Aphids_Disease\aphids_disease_(46).jpg,aphids_disease_(46).jpg,Aphids_Disease,Aphids_Disease,train,model_training
Dataset_01,dataset_01\original\Aphids_Disease\aphids_disease_(54).jpg,aphids_disease_(54).jpg,Aphids_Disease,Aphids_Disease,train,model_training
Dataset_01,dataset_01\original\Aphids_Disease\aphids_disease_(207).jpg,aphids_disease_(207).jpg,Aphids_Disease,Aphids_Disease,train,model_training
Dataset_01,dataset_01\original\Aphids_Disease\aphids_disease_(165).jpg,aphids_disease_(165).jpg,Aphids_Disease,Aphids_Disease,train,model_training
Dataset_01,dataset_01\original\Aphids_Disease\aphids_disease_(28).jpg,aphids_disease_(28).jpg,Aphids_Disease,Aphids_Disease,train,model_training
Dataset_01,dataset_01\original\Aphids_Disease\aphids_disease_(159).jpg,aphids_disease_(159).jpg,Aphids_Disease,Aphids_Disease,train,model_training
Dataset_01,dataset_01\original\Aphids_Disease\aphids_disease_(169).jpg,aphids_disease_(169).jpg,Aphids_Disease,Aphids_Disease,train,model_training
Dataset_01,dataset_01\original\Aphids_Disease\aphids_disease_(87).jpg,aphids_disease_(87).jpg,Aphids_Disease,Aphids_Disease,train,model_training
Dataset_01,dataset_01\original\Aphids_Disease\aphids_disease_(191).jpg,aphids_disease_(191).jpg,Aphids_Disease,Aphids_Disease,train,model_training
Dataset_01,dataset_01\original\Aphids_Disease\aphids_disease_(1).jpg,aphids_disease_(1).jpg,Aphids_Disease,Aphids_Disease,train,model_training
Dataset_01,dataset_01\original\Aphids_Disease\aphids_disease_(199).jpg,aphids_disease_(199).jpg,Aphids_Disease,Aphids_Disease,train,model_training
Dataset_01,dataset_01\original\Aphids_Disease\aphids_disease_(6).jpg,aphids_disease_(6).jpg,Aphids_Disease,Aphids_Disease,train,model_training
Dataset_01,dataset_01\original\Aphids_Disease\aphids_disease_(75).jpg,aphids_disease_(75).jpg,Aphids_Disease,Aphids_Disease,train,model_training
Dataset_01,dataset_01\original\Aphids_Disease\aphids_disease_(132).jpg,aphids_disease_(132).jpg,Aphids_Disease,Aphids_Disease,train,model_training
Dataset_01,dataset_01\original\Aphids_Disease\aphids_disease_(188).jpg,aphids_disease_(188).jpg,Aphids_Disease,Aphids_Disease,train,model_training
Dataset_01,dataset_01\original\Aphids_Disease\aphids_disease_(24).jpg,aphids_disease_(24).jpg,Aphids_Disease,Aphids_Disease,train,model_training
Dataset_01,dataset_01\original\Aphids_Disease\aphids_disease_(21).jpg,aphids_disease_(21).jpg,Aphids_Disease,Aphids_Disease,train,model_training
Dataset_01,dataset_01\original\Aphids_Disease\aphids_disease_(212).jpg,aphids_disease_(212).jpg,Aphids_Disease,Aphids_Disease,train,model_training
Dataset_01,dataset_01\original\Aphids_Disease\aphids_disease_(18).jpg,aphids_disease_(18).jpg,Aphids_Disease,Aphids_Disease,train,model_training
Dataset_01,dataset_01\original\Aphids_Disease\aphids_disease_(67).jpg,aphids_disease_(67).jpg,Aphids_Disease,Aphids_Disease,train,model_training
Dataset_01,dataset_01\original\Aphids_Disease\aphids_disease_(95).jpg,aphids_disease_(95).jpg,Aphids_Disease,Aphids_Disease,train,model_training
Dataset_01,dataset_01\original\Aphids_Disease\aphids_disease_(128).jpg,aphids_disease_(128).jpg,Aphids_Disease,Aphids_Disease,train,model_training
Dataset_01,dataset_01\original\Aphids_Disease\aphids_disease_(52).jpg,aphids_disease_(52).jpg,Aphids_Disease,Aphids_Disease,train,model_training
Dataset_01,dataset_01\original\Aphids_Disease\aphids_disease_(69).jpg,aphids_disease_(69).jpg,Aphids_Disease,Aphids_Disease,train,model_training
Dataset_01,dataset_01\original\Aphids_Disease\aphids_disease_(175).jpg,aphids_disease_(175).jpg,Aphids_Disease,Aphids_Disease,train,model_training
Dataset_01,dataset_01\original\Aphids_Disease\aphids_disease_(142).jpg,aphids_disease_(142).jpg,Aphids_Disease,Aphids_Disease,train,model_training
Dataset_01,dataset_01\original\Aphids_Disease\aphids_disease_(40).jpg,aphids_disease_(40).jpg,Aphids_Disease,Aphids_Disease,train,model_training
Dataset_01,dataset_01\original\Aphids_Disease\aphids_disease_(209).jpg,aphids_disease_(209).jpg,Aphids_Disease,Aphids_Disease,train,model_training
Dataset_01,dataset_01\original\Aphids_Disease\aphids_disease_(168).jpg,aphids_disease_(168).jpg,Aphids_Disease,Aphids_Disease,train,model_training
Dataset_01,dataset_01\original\Aphids_Disease\aphids_disease_(189).jpg,aphids_disease_(189).jpg,Aphids_Disease,Aphids_Disease,train,model_training
Dataset_01,dataset_01\original\Aphids_Disease\aphids_disease_(86).jpg,aphids_disease_(86).jpg,Aphids_Disease,Aphids_Disease,train,model_training
Dataset_01,dataset_01\original\Aphids_Disease\aphids_disease_(171).jpg,aphids_disease_(171).jpg,Aphids_Disease,Aphids_Disease,train,model_training
Dataset_01,dataset_01\original\Aphids_Disease\aphids_disease_(116).jpg,aphids_disease_(116).jpg,Aphids_Disease,Aphids_Disease,train,model_training
Dataset_01,dataset_01\original\Aphids_Disease\aphids_disease_(8).jpg,aphids_disease_(8).jpg,Aphids_Disease,Aphids_Disease,train,model_training
Dataset_01,dataset_01\original\Aphids_Disease\aphids_disease_(78).jpg,aphids_disease_(78).jpg,Aphids_Disease,Aphids_Disease,train,model_training
Dataset_01,dataset_01\original\Aphids_Disease\aphids_disease_(53).jpg,aphids_disease_(53).jpg,Aphids_Disease,Aphids_Disease,train,model_training
Dataset_01,dataset_01\original\Aphids_Disease\aphids_disease_(200).jpg,aphids_disease_(200).jpg,Aphids_Disease,Aphids_Disease,train,model_training
Dataset_01,dataset_01\original\Aphids_Disease\aphids_disease_(158).jpg,aphids_disease_(158).jpg,Aphids_Disease,Aphids_Disease,train,model_training
Dataset_01,dataset_01\original\Aphids_Disease\aphids_disease_(71).jpg,aphids_disease_(71).jpg,Aphids_Disease,Aphids_Disease,train,model_training
Dataset_01,dataset_01\original\Aphids_Disease\aphids_disease_(98).jpg,aphids_disease_(98).jpg,Aphids_Disease,Aphids_Disease,train,model_training
Dataset_01,dataset_01\original\Aphids_Disease\aphids_disease_(140).jpg,aphids_disease_(140).jpg,Aphids_Disease,Aphids_Disease,train,model_training
Dataset_01,dataset_01\original\Aphids_Disease\aphids_disease_(210).jpg,aphids_disease_(210).jpg,Aphids_Disease,Aphids_Disease,train,model_training
Dataset_01,dataset_01\original\Aphids_Disease\aphids_disease_(19).jpg,aphids_disease_(19).jpg,Aphids_Disease,Aphids_Disease,train,model_training
Dataset_01,dataset_01\original\Aphids_Disease\aphids_disease_(148).jpg,aphids_disease_(148).jpg,Aphids_Disease,Aphids_Disease,train,model_training
Dataset_01,dataset_01\original\Aphids_Disease\aphids_disease_(37).jpg,aphids_disease_(37).jpg,Aphids_Disease,Aphids_Disease,train,model_training
Dataset_01,dataset_01\original\Aphids_Disease\aphids_disease_(194).jpg,aphids_disease_(194).jpg,Aphids_Disease,Aphids_Disease,train,model_training
Dataset_01,dataset_01\original\Aphids_Disease\aphids_disease_(64).jpg,aphids_disease_(64).jpg,Aphids_Disease,Aphids_Disease,train,model_training
Dataset_01,dataset_01\original\Aphids_Disease\aphids_disease_(26).jpg,aphids_disease_(26).jpg,Aphids_Disease,Aphids_Disease,train,model_training
Dataset_01,dataset_01\original\Aphids_Disease\aphids_disease_(41).jpg,aphids_disease_(41).jpg,Aphids_Disease,Aphids_Disease,train,model_training
Dataset_01,dataset_01\original\Aphids_Disease\aphids_disease_(185).jpg,aphids_disease_(185).jpg,Aphids_Disease,Aphids_Disease,train,model_training
Dataset_01,dataset_01\original\Aphids_Disease\aphids_disease_(49).jpg,aphids_disease_(49).jpg,Aphids_Disease,Aphids_Disease,train,model_training
Dataset_01,dataset_01\original\Aphids_Disease\aphids_disease_(4).jpg,aphids_disease_(4).jpg,Aphids_Disease,Aphids_Disease,train,model_training
Dataset_01,dataset_01\original\Aphids_Disease\aphids_disease_(129).jpg,aphids_disease_(129).jpg,Aphids_Disease,Aphids_Disease,train,model_training
Dataset_01,dataset_01\original\Aphids_Disease\aphids_disease_(72).jpg,aphids_disease_(72).jpg,Aphids_Disease,Aphids_Disease,train,model_training
Dataset_01,dataset_01\original\Aphids_Disease\aphids_disease_(214).jpg,aphids_disease_(214).jpg,Aphids_Disease,Aphids_Disease,train,model_training
Dataset_01,dataset_01\original\Aphids_Disease\aphids_disease_(173).jpg,aphids_disease_(173).jpg,Aphids_Disease,Aphids_Disease,train,model_training
Dataset_01,dataset_01\original\Aphids_Disease\aphids_disease_(76).jpg,aphids_disease_(76).jpg,Aphids_Disease,Aphids_Disease,train,model_training
Dataset_01,dataset_01\original\Aphids_Disease\aphids_disease_(156).jpg,aphids_disease_(156).jpg,Aphids_Disease,Aphids_Disease,train,model_training
Dataset_01,dataset_01\original\Aphids_Disease\aphids_disease_(216).jpg,aphids_disease_(216).jpg,Aphids_Disease,Aphids_Disease,train,model_training
Dataset_01,dataset_01\original\Aphids_Disease\aphids_disease_(208).jpg,aphids_disease_(208).jpg,Aphids_Disease,Aphids_Disease,train,model_training
Dataset_01,dataset_01\original\Aphids_Disease\aphids_disease_(211).jpg,aphids_disease_(211).jpg,Aphids_Disease,Aphids_Disease,train,model_training
Dataset_01,dataset_01\original\Aphids_Disease\aphids_disease_(55).jpg,aphids_disease_(55).jpg,Aphids_Disease,Aphids_Disease,train,model_training
Dataset_01,dataset_01\original\Aphids_Disease\aphids_disease_(20).jpg,aphids_disease_(20).jpg,Aphids_Disease,Aphids_Disease,train,model_training
Dataset_01,dataset_01\original\Aphids_Disease\aphids_disease_(164).jpg,aphids_disease_(164).jpg,Aphids_Disease,Aphids_Disease,train,model_training
Dataset_01,dataset_01\original\Aphids_Disease\aphids_disease_(31).jpg,aphids_disease_(31).jpg,Aphids_Disease,Aphids_Disease,train,model_training
Dataset_01,dataset_01\original\Aphids_Disease\aphids_disease_(123).jpg,aphids_disease_(123).jpg,Aphids_Disease,Aphids_Disease,train,model_training
Dataset_01,dataset_01\original\Aphids_Disease\aphids_disease_(213).jpg,aphids_disease_(213).jpg,Aphids_Disease,Aphids_Disease,train,model_training
Dataset_01,dataset_01\original\Aphids_Disease\aphids_disease_(13).jpg,aphids_disease_(13).jpg,Aphids_Disease,Aphids_Disease,train,model_training
Dataset_01,dataset_01\original\Aphids_Disease\aphids_disease_(145).jpg,aphids_disease_(145).jpg,Aphids_Disease,Aphids_Disease,train,model_training
Dataset_01,dataset_01\original\Aphids_Disease\aphids_disease_(66).jpg,aphids_disease_(66).jpg,Aphids_Disease,Aphids_Disease,train,model_training
Dataset_01,dataset_01\original\Aphids_Disease\aphids_disease_(192).jpg,aphids_disease_(192).jpg,Aphids_Disease,Aphids_Disease,train,model_training
Dataset_01,dataset_01\original\Aphids_Disease\aphids_disease_(84).jpg,aphids_disease_(84).jpg,Aphids_Disease,Aphids_Disease,train,model_training
Dataset_01,dataset_01\original\Aphids_Disease\aphids_disease_(38).jpg,aphids_disease_(38).jpg,Aphids_Disease,Aphids_Disease,train,model_training
Dataset_01,dataset_01\original\Aphids_Disease\aphids_disease_(111).jpg,aphids_disease_(111).jpg,Aphids_Disease,Aphids_Disease,train,model_training
Dataset_01,dataset_01\original\Aphids_Disease\aphids_disease_(174).jpg,aphids_disease_(174).jpg,Aphids_Disease,Aphids_Disease,train,model_training
Dataset_01,dataset_01\original\Aphids_Disease\aphids_disease_(89).jpg,aphids_disease_(89).jpg,Aphids_Disease,Aphids_Disease,train,model_training
Dataset_01,dataset_01\original\Aphids_Disease\aphids_disease_(161).jpg,aphids_disease_(161).jpg,Aphids_Disease,Aphids_Disease,train,model_training
Dataset_01,dataset_01\original\Aphids_Disease\aphids_disease_(33).jpg,aphids_disease_(33).jpg,Aphids_Disease,Aphids_Disease,train,model_training
Dataset_01,dataset_01\original\Aphids_Disease\aphids_disease_(205).jpg,aphids_disease_(205).jpg,Aphids_Disease,Aphids_Disease,train,model_training
Dataset_01,dataset_01\original\Aphids_Disease\aphids_disease_(3).jpg,aphids_disease_(3).jpg,Aphids_Disease,Aphids_Disease,train,model_training
Dataset_01,dataset_01\original\Aphids_Disease\aphids_disease_(94).jpg,aphids_disease_(94).jpg,Aphids_Disease,Aphids_Disease,train,model_training
Dataset_01,dataset_01\original\Aphids_Disease\aphids_disease_(221).jpg,aphids_disease_(221).jpg,Aphids_Disease,Aphids_Disease,train,model_training
Dataset_01,dataset_01\original\Aphids_Disease\aphids_disease_(138).jpg,aphids_disease_(138).jpg,Aphids_Disease,Aphids_Disease,train,model_training
Dataset_01,dataset_01\original\Aphids_Disease\aphids_disease_(115).jpg,aphids_disease_(115).jpg,Aphids_Disease,Aphids_Disease,train,model_training
Dataset_01,dataset_01\original\Aphids_Disease\aphids_disease_(160).jpg,aphids_disease_(160).jpg,Aphids_Disease,Aphids_Disease,train,model_training
Dataset_01,dataset_01\original\Aphids_Disease\aphids_disease_(147).jpg,aphids_disease_(147).jpg,Aphids_Disease,Aphids_Disease,train,model_training
Dataset_01,dataset_01\original\Aphids_Disease\aphids_disease_(180).jpg,aphids_disease_(180).jpg,Aphids_Disease,Aphids_Disease,train,model_training
Dataset_01,dataset_01\original\Aphids_Disease\aphids_disease_(184).jpg,aphids_disease_(184).jpg,Aphids_Disease,Aphids_Disease,train,model_training
Dataset_01,dataset_01\original\Aphids_Disease\aphids_disease_(136).jpg,aphids_disease_(136).jpg,Aphids_Disease,Aphids_Disease,train,model_training
Dataset_01,dataset_01\original\Aphids_Disease\aphids_disease_(183).jpg,aphids_disease_(183).jpg,Aphids_Disease,Aphids_Disease,train,model_training
Dataset_01,dataset_01\original\Aphids_Disease\aphids_disease_(203).jpg,aphids_disease_(203).jpg,Aphids_Disease,Aphids_Disease,train,model_training
Dataset_01,dataset_01\original\Aphids_Disease\aphids_disease_(62).jpg,aphids_disease_(62).jpg,Aphids_Disease,Aphids_Disease,train,model_training
Dataset_01,dataset_01\original\Aphids_Disease\aphids_disease_(57).jpg,aphids_disease_(57).jpg,Aphids_Disease,Aphids_Disease,train,model_training
Dataset_01,dataset_01\original\Aphids_Disease\aphids_disease_(121).jpg,aphids_disease_(121).jpg,Aphids_Disease,Aphids_Disease,train,model_training
Dataset_01,dataset_01\original\Aphids_Disease\aphids_disease_(80).jpg,aphids_disease_(80).jpg,Aphids_Disease,Aphids_Disease,train,model_training
Dataset_01,dataset_01\original\Aphids_Disease\aphids_disease_(99).jpg,aphids_disease_(99).jpg,Aphids_Disease,Aphids_Disease,train,model_training
Dataset_01,dataset_01\original\Aphids_Disease\aphids_disease_(166).jpg,aphids_disease_(166).jpg,Aphids_Disease,Aphids_Disease,train,model_training
Dataset_01,dataset_01\original\Aphids_Disease\aphids_disease_(151).jpg,aphids_disease_(151).jpg,Aphids_Disease,Aphids_Disease,train,model_training
Dataset_01,dataset_01\original\Aphids_Disease\aphids_disease_(51).jpg,aphids_disease_(51).jpg,Aphids_Disease,Aphids_Disease,train,model_training
Dataset_01,dataset_01\original\Aphids_Disease\aphids_disease_(114).jpg,aphids_disease_(114).jpg,Aphids_Disease,Aphids_Disease,val,hyperparameter_tuning_checkpointing
Dataset_01,dataset_01\original\Aphids_Disease\aphids_disease_(143).jpg,aphids_disease_(143).jpg,Aphids_Disease,Aphids_Disease,val,hyperparameter_tuning_checkpointing
Dataset_01,dataset_01\original\Aphids_Disease\aphids_disease_(32).jpg,aphids_disease_(32).jpg,Aphids_Disease,Aphids_Disease,val,hyperparameter_tuning_checkpointing
Dataset_01,dataset_01\original\Aphids_Disease\aphids_disease_(182).jpg,aphids_disease_(182).jpg,Aphids_Disease,Aphids_Disease,val,hyperparameter_tuning_checkpointing
Dataset_01,dataset_01\original\Aphids_Disease\aphids_disease_(42).jpg,aphids_disease_(42).jpg,Aphids_Disease,Aphids_Disease,val,hyperparameter_tuning_checkpointing
Dataset_01,dataset_01\original\Aphids_Disease\aphids_disease_(44).jpg,aphids_disease_(44).jpg,Aphids_Disease,Aphids_Disease,val,hyperparameter_tuning_checkpointing
Dataset_01,dataset_01\original\Aphids_Disease\aphids_disease_(167).jpg,aphids_disease_(167).jpg,Aphids_Disease,Aphids_Disease,val,hyperparameter_tuning_checkpointing
Dataset_01,dataset_01\original\Aphids_Disease\aphids_disease_(27).jpg,aphids_disease_(27).jpg,Aphids_Disease,Aphids_Disease,val,hyperparameter_tuning_checkpointing
Dataset_01,dataset_01\original\Aphids_Disease\aphids_disease_(117).jpg,aphids_disease_(117).jpg,Aphids_Disease,Aphids_Disease,val,hyperparameter_tuning_checkpointing
Dataset_01,dataset_01\original\Aphids_Disease\aphids_disease_(186).jpg,aphids_disease_(186).jpg,Aphids_Disease,Aphids_Disease,val,hyperparameter_tuning_checkpointing
Dataset_01,dataset_01\original\Aphids_Disease\aphids_disease_(127).jpg,aphids_disease_(127).jpg,Aphids_Disease,Aphids_Disease,val,hyperparameter_tuning_checkpointing
Dataset_01,dataset_01\original\Aphids_Disease\aphids_disease_(23).jpg,aphids_disease_(23).jpg,Aphids_Disease,Aphids_Disease,val,hyperparameter_tuning_checkpointing
Dataset_01,dataset_01\original\Aphids_Disease\aphids_disease_(204).jpg,aphids_disease_(204).jpg,Aphids_Disease,Aphids_Disease,val,hyperparameter_tuning_checkpointing
Dataset_01,dataset_01\original\Aphids_Disease\aphids_disease_(109).jpg,aphids_disease_(109).jpg,Aphids_Disease,Aphids_Disease,val,hyperparameter_tuning_checkpointing
Dataset_01,dataset_01\original\Aphids_Disease\aphids_disease_(16).jpg,aphids_disease_(16).jpg,Aphids_Disease,Aphids_Disease,val,hyperparameter_tuning_checkpointing
Dataset_01,dataset_01\original\Aphids_Disease\aphids_disease_(79).jpg,aphids_disease_(79).jpg,Aphids_Disease,Aphids_Disease,val,hyperparameter_tuning_checkpointing
Dataset_01,dataset_01\original\Aphids_Disease\aphids_disease_(179).jpg,aphids_disease_(179).jpg,Aphids_Disease,Aphids_Disease,val,hyperparameter_tuning_checkpointing
Dataset_01,dataset_01\original\Aphids_Disease\aphids_disease_(181).jpg,aphids_disease_(181).jpg,Aphids_Disease,Aphids_Disease,val,hyperparameter_tuning_checkpointing
Dataset_01,dataset_01\original\Aphids_Disease\aphids_disease_(120).jpg,aphids_disease_(120).jpg,Aphids_Disease,Aphids_Disease,val,hyperparameter_tuning_checkpointing
Dataset_01,dataset_01\original\Aphids_Disease\aphids_disease_(187).jpg,aphids_disease_(187).jpg,Aphids_Disease,Aphids_Disease,val,hyperparameter_tuning_checkpointing
Dataset_01,dataset_01\original\Aphids_Disease\aphids_disease_(82).jpg,aphids_disease_(82).jpg,Aphids_Disease,Aphids_Disease,val,hyperparameter_tuning_checkpointing
Dataset_01,dataset_01\original\Aphids_Disease\aphids_disease_(90).jpg,aphids_disease_(90).jpg,Aphids_Disease,Aphids_Disease,val,hyperparameter_tuning_checkpointing
Dataset_01,dataset_01\original\Aphids_Disease\aphids_disease_(177).jpg,aphids_disease_(177).jpg,Aphids_Disease,Aphids_Disease,val,hyperparameter_tuning_checkpointing
Dataset_01,dataset_01\original\Aphids_Disease\aphids_disease_(81).jpg,aphids_disease_(81).jpg,Aphids_Disease,Aphids_Disease,val,hyperparameter_tuning_checkpointing
Dataset_01,dataset_01\original\Aphids_Disease\aphids_disease_(134).jpg,aphids_disease_(134).jpg,Aphids_Disease,Aphids_Disease,val,hyperparameter_tuning_checkpointing
Dataset_01,dataset_01\original\Aphids_Disease\aphids_disease_(68).jpg,aphids_disease_(68).jpg,Aphids_Disease,Aphids_Disease,val,hyperparameter_tuning_checkpointing
Dataset_01,dataset_01\original\Aphids_Disease\aphids_disease_(178).jpg,aphids_disease_(178).jpg,Aphids_Disease,Aphids_Disease,val,hyperparameter_tuning_checkpointing
Dataset_01,dataset_01\original\Aphids_Disease\aphids_disease_(85).jpg,aphids_disease_(85).jpg,Aphids_Disease,Aphids_Disease,val,hyperparameter_tuning_checkpointing
Dataset_01,dataset_01\original\Aphids_Disease\aphids_disease_(60).jpg,aphids_disease_(60).jpg,Aphids_Disease,Aphids_Disease,val,hyperparameter_tuning_checkpointing
Dataset_01,dataset_01\original\Aphids_Disease\aphids_disease_(135).jpg,aphids_disease_(135).jpg,Aphids_Disease,Aphids_Disease,val,hyperparameter_tuning_checkpointing
Dataset_01,dataset_01\original\Aphids_Disease\aphids_disease_(10).jpg,aphids_disease_(10).jpg,Aphids_Disease,Aphids_Disease,val,hyperparameter_tuning_checkpointing
Dataset_01,dataset_01\original\Aphids_Disease\aphids_disease_(163).jpg,aphids_disease_(163).jpg,Aphids_Disease,Aphids_Disease,val,hyperparameter_tuning_checkpointing
Dataset_01,dataset_01\original\Aphids_Disease\aphids_disease_(35).jpg,aphids_disease_(35).jpg,Aphids_Disease,Aphids_Disease,val,hyperparameter_tuning_checkpointing
Dataset_01,dataset_01\original\Aphids_Disease\aphids_disease_(201).jpg,aphids_disease_(201).jpg,Aphids_Disease,Aphids_Disease,internal_test,in_distribution_evaluation
Dataset_01,dataset_01\original\Aphids_Disease\aphids_disease_(15).jpg,aphids_disease_(15).jpg,Aphids_Disease,Aphids_Disease,internal_test,in_distribution_evaluation
Dataset_01,dataset_01\original\Aphids_Disease\aphids_disease_(196).jpg,aphids_disease_(196).jpg,Aphids_Disease,Aphids_Disease,internal_test,in_distribution_evaluation
Dataset_01,dataset_01\original\Aphids_Disease\aphids_disease_(88).jpg,aphids_disease_(88).jpg,Aphids_Disease,Aphids_Disease,internal_test,in_distribution_evaluation
Dataset_01,dataset_01\original\Aphids_Disease\aphids_disease_(61).jpg,aphids_disease_(61).jpg,Aphids_Disease,Aphids_Disease,internal_test,in_distribution_evaluation
Dataset_01,dataset_01\original\Aphids_Disease\aphids_disease_(5).jpg,aphids_disease_(5).jpg,Aphids_Disease,Aphids_Disease,internal_test,in_distribution_evaluation
Dataset_01,dataset_01\original\Aphids_Disease\aphids_disease_(65).jpg,aphids_disease_(65).jpg,Aphids_Disease,Aphids_Disease,internal_test,in_distribution_evaluation
Dataset_01,dataset_01\original\Aphids_Disease\aphids_disease_(144).jpg,aphids_disease_(144).jpg,Aphids_Disease,Aphids_Disease,internal_test,in_distribution_evaluation
Dataset_01,dataset_01\original\Aphids_Disease\aphids_disease_(29).jpg,aphids_disease_(29).jpg,Aphids_Disease,Aphids_Disease,internal_test,in_distribution_evaluation
Dataset_01,dataset_01\original\Aphids_Disease\aphids_disease_(97).jpg,aphids_disease_(97).jpg,Aphids_Disease,Aphids_Disease,internal_test,in_distribution_evaluation
Dataset_01,dataset_01\original\Aphids_Disease\aphids_disease_(39).jpg,aphids_disease_(39).jpg,Aphids_Disease,Aphids_Disease,internal_test,in_distribution_evaluation
Dataset_01,dataset_01\original\Aphids_Disease\aphids_disease_(215).jpg,aphids_disease_(215).jpg,Aphids_Disease,Aphids_Disease,internal_test,in_distribution_evaluation
Dataset_01,dataset_01\original\Aphids_Disease\aphids_disease_(152).jpg,aphids_disease_(152).jpg,Aphids_Disease,Aphids_Disease,internal_test,in_distribution_evaluation
Dataset_01,dataset_01\original\Aphids_Disease\aphids_disease_(149).jpg,aphids_disease_(149).jpg,Aphids_Disease,Aphids_Disease,internal_test,in_distribution_evaluation
Dataset_01,dataset_01\original\Aphids_Disease\aphids_disease_(12).jpg,aphids_disease_(12).jpg,Aphids_Disease,Aphids_Disease,internal_test,in_distribution_evaluation
Dataset_01,dataset_01\original\Aphids_Disease\aphids_disease_(105).jpg,aphids_disease_(105).jpg,Aphids_Disease,Aphids_Disease,internal_test,in_distribution_evaluation
Dataset_01,dataset_01\original\Aphids_Disease\aphids_disease_(106).jpg,aphids_disease_(106).jpg,Aphids_Disease,Aphids_Disease,internal_test,in_distribution_evaluation
Dataset_01,dataset_01\original\Aphids_Disease\aphids_disease_(197).jpg,aphids_disease_(197).jpg,Aphids_Disease,Aphids_Disease,internal_test,in_distribution_evaluation
Dataset_01,dataset_01\original\Aphids_Disease\aphids_disease_(36).jpg,aphids_disease_(36).jpg,Aphids_Disease,Aphids_Disease,internal_test,in_distribution_evaluation
Dataset_01,dataset_01\original\Aphids_Disease\aphids_disease_(119).jpg,aphids_disease_(119).jpg,Aphids_Disease,Aphids_Disease,internal_test,in_distribution_evaluation
Dataset_01,dataset_01\original\Aphids_Disease\aphids_disease_(25).jpg,aphids_disease_(25).jpg,Aphids_Disease,Aphids_Disease,internal_test,in_distribution_evaluation
Dataset_01,dataset_01\original\Aphids_Disease\aphids_disease_(96).jpg,aphids_disease_(96).jpg,Aphids_Disease,Aphids_Disease,internal_test,in_distribution_evaluation
Dataset_01,dataset_01\original\Aphids_Disease\aphids_disease_(56).jpg,aphids_disease_(56).jpg,Aphids_Disease,Aphids_Disease,internal_test,in_distribution_evaluation
Dataset_01,dataset_01\original\Aphids_Disease\aphids_disease_(122).jpg,aphids_disease_(122).jpg,Aphids_Disease,Aphids_Disease,internal_test,in_distribution_evaluation
Dataset_01,dataset_01\original\Aphids_Disease\aphids_disease_(7).jpg,aphids_disease_(7).jpg,Aphids_Disease,Aphids_Disease,internal_test,in_distribution_evaluation
Dataset_01,dataset_01\original\Aphids_Disease\aphids_disease_(130).jpg,aphids_disease_(130).jpg,Aphids_Disease,Aphids_Disease,internal_test,in_distribution_evaluation
Dataset_01,dataset_01\original\Aphids_Disease\aphids_disease_(150).jpg,aphids_disease_(150).jpg,Aphids_Disease,Aphids_Disease,internal_test,in_distribution_evaluation
Dataset_01,dataset_01\original\Aphids_Disease\aphids_disease_(155).jpg,aphids_disease_(155).jpg,Aphids_Disease,Aphids_Disease,internal_test,in_distribution_evaluation
Dataset_01,dataset_01\original\Aphids_Disease\aphids_disease_(162).jpg,aphids_disease_(162).jpg,Aphids_Disease,Aphids_Disease,internal_test,in_distribution_evaluation
Dataset_01,dataset_01\original\Aphids_Disease\aphids_disease_(70).jpg,aphids_disease_(70).jpg,Aphids_Disease,Aphids_Disease,internal_test,in_distribution_evaluation
Dataset_01,dataset_01\original\Aphids_Disease\aphids_disease_(104).jpg,aphids_disease_(104).jpg,Aphids_Disease,Aphids_Disease,internal_test,in_distribution_evaluation
Dataset_01,dataset_01\original\Aphids_Disease\aphids_disease_(124).jpg,aphids_disease_(124).jpg,Aphids_Disease,Aphids_Disease,internal_test,in_distribution_evaluation
Dataset_01,dataset_01\original\Aphids_Disease\aphids_disease_(47).jpg,aphids_disease_(47).jpg,Aphids_Disease,Aphids_Disease,internal_test,in_distribution_evaluation
Dataset_01,dataset_01\original\Blotch\blotch_(228).jpg,blotch_(228).jpg,Blotch,Blotch,train,model_training
Dataset_01,dataset_01\original\Blotch\blotch_(211).jpg,blotch_(211).jpg,Blotch,Blotch,train,model_training
Dataset_01,dataset_01\original\Blotch\blotch_(7).jpg,blotch_(7).jpg,Blotch,Blotch,train,model_training
Dataset_01,dataset_01\original\Blotch\blotch_(238).jpg,blotch_(238).jpg,Blotch,Blotch,train,model_training
Dataset_01,dataset_01\original\Blotch\blotch_(119).jpg,blotch_(119).jpg,Blotch,Blotch,train,model_training
Dataset_01,dataset_01\original\Blotch\blotch_(28).jpg,blotch_(28).jpg,Blotch,Blotch,train,model_training
Dataset_01,dataset_01\original\Blotch\blotch_(136).jpg,blotch_(136).jpg,Blotch,Blotch,train,model_training
Dataset_01,dataset_01\original\Blotch\blotch_(145).jpg,blotch_(145).jpg,Blotch,Blotch,train,model_training
Dataset_01,dataset_01\original\Blotch\blotch_(125).jpg,blotch_(125).jpg,Blotch,Blotch,train,model_training
Dataset_01,dataset_01\original\Blotch\blotch_(178).jpg,blotch_(178).jpg,Blotch,Blotch,train,model_training
Dataset_01,dataset_01\original\Blotch\blotch_(183).jpg,blotch_(183).jpg,Blotch,Blotch,train,model_training
Dataset_01,dataset_01\original\Blotch\blotch_(236).jpg,blotch_(236).jpg,Blotch,Blotch,train,model_training
Dataset_01,dataset_01\original\Blotch\blotch_(79).jpg,blotch_(79).jpg,Blotch,Blotch,train,model_training
Dataset_01,dataset_01\original\Blotch\blotch_(195).jpg,blotch_(195).jpg,Blotch,Blotch,train,model_training
Dataset_01,dataset_01\original\Blotch\blotch_(18).jpg,blotch_(18).jpg,Blotch,Blotch,train,model_training
Dataset_01,dataset_01\original\Blotch\blotch_(44).jpg,blotch_(44).jpg,Blotch,Blotch,train,model_training
Dataset_01,dataset_01\original\Blotch\blotch_(182).jpg,blotch_(182).jpg,Blotch,Blotch,train,model_training
Dataset_01,dataset_01\original\Blotch\blotch_(76).jpg,blotch_(76).jpg,Blotch,Blotch,train,model_training
Dataset_01,dataset_01\original\Blotch\blotch_(146).jpg,blotch_(146).jpg,Blotch,Blotch,train,model_training
Dataset_01,dataset_01\original\Blotch\blotch_(132).jpg,blotch_(132).jpg,Blotch,Blotch,train,model_training
Dataset_01,dataset_01\original\Blotch\blotch_(104).jpg,blotch_(104).jpg,Blotch,Blotch,train,model_training
Dataset_01,dataset_01\original\Blotch\blotch_(150).jpg,blotch_(150).jpg,Blotch,Blotch,train,model_training
Dataset_01,dataset_01\original\Blotch\blotch_(40).jpg,blotch_(40).jpg,Blotch,Blotch,train,model_training
Dataset_01,dataset_01\original\Blotch\blotch_(109).jpg,blotch_(109).jpg,Blotch,Blotch,train,model_training
Dataset_01,dataset_01\original\Blotch\blotch_(169).jpg,blotch_(169).jpg,Blotch,Blotch,train,model_training
Dataset_01,dataset_01\original\Blotch\blotch_(202).jpg,blotch_(202).jpg,Blotch,Blotch,train,model_training
Dataset_01,dataset_01\original\Blotch\blotch_(152).jpg,blotch_(152).jpg,Blotch,Blotch,train,model_training
Dataset_01,dataset_01\original\Blotch\blotch_(215).jpg,blotch_(215).jpg,Blotch,Blotch,train,model_training
Dataset_01,dataset_01\original\Blotch\blotch_(158).jpg,blotch_(158).jpg,Blotch,Blotch,train,model_training
Dataset_01,dataset_01\original\Blotch\blotch_(232).jpg,blotch_(232).jpg,Blotch,Blotch,train,model_training
Dataset_01,dataset_01\original\Blotch\blotch_(88).jpg,blotch_(88).jpg,Blotch,Blotch,train,model_training
Dataset_01,dataset_01\original\Blotch\blotch_(69).jpg,blotch_(69).jpg,Blotch,Blotch,train,model_training
Dataset_01,dataset_01\original\Blotch\blotch_(172).jpg,blotch_(172).jpg,Blotch,Blotch,train,model_training
Dataset_01,dataset_01\original\Blotch\blotch_(67).jpg,blotch_(67).jpg,Blotch,Blotch,train,model_training
Dataset_01,dataset_01\original\Blotch\blotch_(102).jpg,blotch_(102).jpg,Blotch,Blotch,train,model_training
Dataset_01,dataset_01\original\Blotch\blotch_(105).jpg,blotch_(105).jpg,Blotch,Blotch,train,model_training
Dataset_01,dataset_01\original\Blotch\blotch_(47).jpg,blotch_(47).jpg,Blotch,Blotch,train,model_training
Dataset_01,dataset_01\original\Blotch\blotch_(233).jpg,blotch_(233).jpg,Blotch,Blotch,train,model_training
Dataset_01,dataset_01\original\Blotch\blotch_(56).jpg,blotch_(56).jpg,Blotch,Blotch,train,model_training
Dataset_01,dataset_01\original\Blotch\blotch_(49).jpg,blotch_(49).jpg,Blotch,Blotch,train,model_training
Dataset_01,dataset_01\original\Blotch\blotch_(124).jpg,blotch_(124).jpg,Blotch,Blotch,train,model_training
Dataset_01,dataset_01\original\Blotch\blotch_(45).jpg,blotch_(45).jpg,Blotch,Blotch,train,model_training
Dataset_01,dataset_01\original\Blotch\blotch_(204).jpg,blotch_(204).jpg,Blotch,Blotch,train,model_training
Dataset_01,dataset_01\original\Blotch\blotch_(6).jpg,blotch_(6).jpg,Blotch,Blotch,train,model_training
Dataset_01,dataset_01\original\Blotch\blotch_(174).jpg,blotch_(174).jpg,Blotch,Blotch,train,model_training
Dataset_01,dataset_01\original\Blotch\blotch_(154).jpg,blotch_(154).jpg,Blotch,Blotch,train,model_training
Dataset_01,dataset_01\original\Blotch\blotch_(26).jpg,blotch_(26).jpg,Blotch,Blotch,train,model_training
Dataset_01,dataset_01\original\Blotch\blotch_(100).jpg,blotch_(100).jpg,Blotch,Blotch,train,model_training
Dataset_01,dataset_01\original\Blotch\blotch_(237).jpg,blotch_(237).jpg,Blotch,Blotch,train,model_training
Dataset_01,dataset_01\original\Blotch\blotch_(179).jpg,blotch_(179).jpg,Blotch,Blotch,train,model_training
Dataset_01,dataset_01\original\Blotch\blotch_(184).jpg,blotch_(184).jpg,Blotch,Blotch,train,model_training
Dataset_01,dataset_01\original\Blotch\blotch_(212).jpg,blotch_(212).jpg,Blotch,Blotch,train,model_training
Dataset_01,dataset_01\original\Blotch\blotch_(37).jpg,blotch_(37).jpg,Blotch,Blotch,train,model_training
Dataset_01,dataset_01\original\Blotch\blotch_(17).jpg,blotch_(17).jpg,Blotch,Blotch,train,model_training
Dataset_01,dataset_01\original\Blotch\blotch_(190).jpg,blotch_(190).jpg,Blotch,Blotch,train,model_training
Dataset_01,dataset_01\original\Blotch\blotch_(128).jpg,blotch_(128).jpg,Blotch,Blotch,train,model_training
Dataset_01,dataset_01\original\Blotch\blotch_(94).jpg,blotch_(94).jpg,Blotch,Blotch,train,model_training
Dataset_01,dataset_01\original\Blotch\blotch_(30).jpg,blotch_(30).jpg,Blotch,Blotch,train,model_training
Dataset_01,dataset_01\original\Blotch\blotch_(188).jpg,blotch_(188).jpg,Blotch,Blotch,train,model_training
Dataset_01,dataset_01\original\Blotch\blotch_(138).jpg,blotch_(138).jpg,Blotch,Blotch,train,model_training
Dataset_01,dataset_01\original\Blotch\blotch_(78).jpg,blotch_(78).jpg,Blotch,Blotch,train,model_training
Dataset_01,dataset_01\original\Blotch\blotch_(118).jpg,blotch_(118).jpg,Blotch,Blotch,train,model_training
Dataset_01,dataset_01\original\Blotch\blotch_(14).jpg,blotch_(14).jpg,Blotch,Blotch,train,model_training
Dataset_01,dataset_01\original\Blotch\blotch_(68).jpg,blotch_(68).jpg,Blotch,Blotch,train,model_training
Dataset_01,dataset_01\original\Blotch\blotch_(235).jpg,blotch_(235).jpg,Blotch,Blotch,train,model_training
Dataset_01,dataset_01\original\Blotch\blotch_(13).jpg,blotch_(13).jpg,Blotch,Blotch,train,model_training
Dataset_01,dataset_01\original\Blotch\blotch_(43).jpg,blotch_(43).jpg,Blotch,Blotch,train,model_training
Dataset_01,dataset_01\original\Blotch\blotch_(46).jpg,blotch_(46).jpg,Blotch,Blotch,train,model_training
Dataset_01,dataset_01\original\Blotch\blotch_(50).jpg,blotch_(50).jpg,Blotch,Blotch,train,model_training
Dataset_01,dataset_01\original\Blotch\blotch_(55).jpg,blotch_(55).jpg,Blotch,Blotch,train,model_training
Dataset_01,dataset_01\original\Blotch\blotch_(22).jpg,blotch_(22).jpg,Blotch,Blotch,train,model_training
Dataset_01,dataset_01\original\Blotch\blotch_(62).jpg,blotch_(62).jpg,Blotch,Blotch,train,model_training
Dataset_01,dataset_01\original\Blotch\blotch_(74).jpg,blotch_(74).jpg,Blotch,Blotch,train,model_training
Dataset_01,dataset_01\original\Blotch\blotch_(162).jpg,blotch_(162).jpg,Blotch,Blotch,train,model_training
Dataset_01,dataset_01\original\Blotch\blotch_(185).jpg,blotch_(185).jpg,Blotch,Blotch,train,model_training
Dataset_01,dataset_01\original\Blotch\blotch_(24).jpg,blotch_(24).jpg,Blotch,Blotch,train,model_training
Dataset_01,dataset_01\original\Blotch\blotch_(19).jpg,blotch_(19).jpg,Blotch,Blotch,train,model_training
Dataset_01,dataset_01\original\Blotch\blotch_(161).jpg,blotch_(161).jpg,Blotch,Blotch,train,model_training
Dataset_01,dataset_01\original\Blotch\blotch_(98).jpg,blotch_(98).jpg,Blotch,Blotch,train,model_training
Dataset_01,dataset_01\original\Blotch\blotch_(219).jpg,blotch_(219).jpg,Blotch,Blotch,train,model_training
Dataset_01,dataset_01\original\Blotch\blotch_(131).jpg,blotch_(131).jpg,Blotch,Blotch,train,model_training
Dataset_01,dataset_01\original\Blotch\blotch_(218).jpg,blotch_(218).jpg,Blotch,Blotch,train,model_training
Dataset_01,dataset_01\original\Blotch\blotch_(31).jpg,blotch_(31).jpg,Blotch,Blotch,train,model_training
Dataset_01,dataset_01\original\Blotch\blotch_(90).jpg,blotch_(90).jpg,Blotch,Blotch,train,model_training
Dataset_01,dataset_01\original\Blotch\blotch_(139).jpg,blotch_(139).jpg,Blotch,Blotch,train,model_training
Dataset_01,dataset_01\original\Blotch\blotch_(229).jpg,blotch_(229).jpg,Blotch,Blotch,train,model_training
Dataset_01,dataset_01\original\Blotch\blotch_(75).jpg,blotch_(75).jpg,Blotch,Blotch,train,model_training
Dataset_01,dataset_01\original\Blotch\blotch_(157).jpg,blotch_(157).jpg,Blotch,Blotch,train,model_training
Dataset_01,dataset_01\original\Blotch\blotch_(54).jpg,blotch_(54).jpg,Blotch,Blotch,train,model_training
Dataset_01,dataset_01\original\Blotch\blotch_(160).jpg,blotch_(160).jpg,Blotch,Blotch,train,model_training
Dataset_01,dataset_01\original\Blotch\blotch_(27).jpg,blotch_(27).jpg,Blotch,Blotch,train,model_training
Dataset_01,dataset_01\original\Blotch\blotch_(41).jpg,blotch_(41).jpg,Blotch,Blotch,train,model_training
Dataset_01,dataset_01\original\Blotch\blotch_(5).jpg,blotch_(5).jpg,Blotch,Blotch,train,model_training
Dataset_01,dataset_01\original\Blotch\blotch_(64).jpg,blotch_(64).jpg,Blotch,Blotch,train,model_training
Dataset_01,dataset_01\original\Blotch\blotch_(25).jpg,blotch_(25).jpg,Blotch,Blotch,train,model_training
Dataset_01,dataset_01\original\Blotch\blotch_(97).jpg,blotch_(97).jpg,Blotch,Blotch,train,model_training
Dataset_01,dataset_01\original\Blotch\blotch_(107).jpg,blotch_(107).jpg,Blotch,Blotch,train,model_training
Dataset_01,dataset_01\original\Blotch\blotch_(186).jpg,blotch_(186).jpg,Blotch,Blotch,train,model_training
Dataset_01,dataset_01\original\Blotch\blotch_(196).jpg,blotch_(196).jpg,Blotch,Blotch,train,model_training
Dataset_01,dataset_01\original\Blotch\blotch_(92).jpg,blotch_(92).jpg,Blotch,Blotch,train,model_training
Dataset_01,dataset_01\original\Blotch\blotch_(133).jpg,blotch_(133).jpg,Blotch,Blotch,train,model_training
Dataset_01,dataset_01\original\Blotch\blotch_(173).jpg,blotch_(173).jpg,Blotch,Blotch,train,model_training
Dataset_01,dataset_01\original\Blotch\blotch_(198).jpg,blotch_(198).jpg,Blotch,Blotch,train,model_training
Dataset_01,dataset_01\original\Blotch\blotch_(113).jpg,blotch_(113).jpg,Blotch,Blotch,train,model_training
Dataset_01,dataset_01\original\Blotch\blotch_(144).jpg,blotch_(144).jpg,Blotch,Blotch,train,model_training
Dataset_01,dataset_01\original\Blotch\blotch_(2).jpg,blotch_(2).jpg,Blotch,Blotch,train,model_training
Dataset_01,dataset_01\original\Blotch\blotch_(213).jpg,blotch_(213).jpg,Blotch,Blotch,train,model_training
Dataset_01,dataset_01\original\Blotch\blotch_(20).jpg,blotch_(20).jpg,Blotch,Blotch,train,model_training
Dataset_01,dataset_01\original\Blotch\blotch_(181).jpg,blotch_(181).jpg,Blotch,Blotch,train,model_training
Dataset_01,dataset_01\original\Blotch\blotch_(176).jpg,blotch_(176).jpg,Blotch,Blotch,train,model_training
Dataset_01,dataset_01\original\Blotch\blotch_(122).jpg,blotch_(122).jpg,Blotch,Blotch,train,model_training
Dataset_01,dataset_01\original\Blotch\blotch_(80).jpg,blotch_(80).jpg,Blotch,Blotch,train,model_training
Dataset_01,dataset_01\original\Blotch\blotch_(221).jpg,blotch_(221).jpg,Blotch,Blotch,train,model_training
Dataset_01,dataset_01\original\Blotch\blotch_(159).jpg,blotch_(159).jpg,Blotch,Blotch,train,model_training
Dataset_01,dataset_01\original\Blotch\blotch_(99).jpg,blotch_(99).jpg,Blotch,Blotch,train,model_training
Dataset_01,dataset_01\original\Blotch\blotch_(224).jpg,blotch_(224).jpg,Blotch,Blotch,train,model_training
Dataset_01,dataset_01\original\Blotch\blotch_(89).jpg,blotch_(89).jpg,Blotch,Blotch,train,model_training
Dataset_01,dataset_01\original\Blotch\blotch_(147).jpg,blotch_(147).jpg,Blotch,Blotch,train,model_training
Dataset_01,dataset_01\original\Blotch\blotch_(108).jpg,blotch_(108).jpg,Blotch,Blotch,train,model_training
Dataset_01,dataset_01\original\Blotch\blotch_(170).jpg,blotch_(170).jpg,Blotch,Blotch,train,model_training
Dataset_01,dataset_01\original\Blotch\blotch_(103).jpg,blotch_(103).jpg,Blotch,Blotch,train,model_training
Dataset_01,dataset_01\original\Blotch\blotch_(168).jpg,blotch_(168).jpg,Blotch,Blotch,train,model_training
Dataset_01,dataset_01\original\Blotch\blotch_(166).jpg,blotch_(166).jpg,Blotch,Blotch,train,model_training
Dataset_01,dataset_01\original\Blotch\blotch_(127).jpg,blotch_(127).jpg,Blotch,Blotch,train,model_training
Dataset_01,dataset_01\original\Blotch\blotch_(164).jpg,blotch_(164).jpg,Blotch,Blotch,train,model_training
Dataset_01,dataset_01\original\Blotch\blotch_(42).jpg,blotch_(42).jpg,Blotch,Blotch,train,model_training
Dataset_01,dataset_01\original\Blotch\blotch_(207).jpg,blotch_(207).jpg,Blotch,Blotch,train,model_training
Dataset_01,dataset_01\original\Blotch\blotch_(126).jpg,blotch_(126).jpg,Blotch,Blotch,train,model_training
Dataset_01,dataset_01\original\Blotch\blotch_(57).jpg,blotch_(57).jpg,Blotch,Blotch,train,model_training
Dataset_01,dataset_01\original\Blotch\blotch_(60).jpg,blotch_(60).jpg,Blotch,Blotch,train,model_training
Dataset_01,dataset_01\original\Blotch\blotch_(87).jpg,blotch_(87).jpg,Blotch,Blotch,train,model_training
Dataset_01,dataset_01\original\Blotch\blotch_(91).jpg,blotch_(91).jpg,Blotch,Blotch,train,model_training
Dataset_01,dataset_01\original\Blotch\blotch_(141).jpg,blotch_(141).jpg,Blotch,Blotch,train,model_training
Dataset_01,dataset_01\original\Blotch\blotch_(117).jpg,blotch_(117).jpg,Blotch,Blotch,train,model_training
Dataset_01,dataset_01\original\Blotch\blotch_(216).jpg,blotch_(216).jpg,Blotch,Blotch,train,model_training
Dataset_01,dataset_01\original\Blotch\blotch_(226).jpg,blotch_(226).jpg,Blotch,Blotch,train,model_training
Dataset_01,dataset_01\original\Blotch\blotch_(135).jpg,blotch_(135).jpg,Blotch,Blotch,train,model_training
Dataset_01,dataset_01\original\Blotch\blotch_(220).jpg,blotch_(220).jpg,Blotch,Blotch,train,model_training
Dataset_01,dataset_01\original\Blotch\blotch_(214).jpg,blotch_(214).jpg,Blotch,Blotch,train,model_training
Dataset_01,dataset_01\original\Blotch\blotch_(209).jpg,blotch_(209).jpg,Blotch,Blotch,train,model_training
Dataset_01,dataset_01\original\Blotch\blotch_(61).jpg,blotch_(61).jpg,Blotch,Blotch,train,model_training
Dataset_01,dataset_01\original\Blotch\blotch_(23).jpg,blotch_(23).jpg,Blotch,Blotch,train,model_training
Dataset_01,dataset_01\original\Blotch\blotch_(171).jpg,blotch_(171).jpg,Blotch,Blotch,train,model_training
Dataset_01,dataset_01\original\Blotch\blotch_(29).jpg,blotch_(29).jpg,Blotch,Blotch,train,model_training
Dataset_01,dataset_01\original\Blotch\blotch_(38).jpg,blotch_(38).jpg,Blotch,Blotch,train,model_training
Dataset_01,dataset_01\original\Blotch\blotch_(111).jpg,blotch_(111).jpg,Blotch,Blotch,train,model_training
Dataset_01,dataset_01\original\Blotch\blotch_(149).jpg,blotch_(149).jpg,Blotch,Blotch,train,model_training
Dataset_01,dataset_01\original\Blotch\blotch_(167).jpg,blotch_(167).jpg,Blotch,Blotch,train,model_training
Dataset_01,dataset_01\original\Blotch\blotch_(8).jpg,blotch_(8).jpg,Blotch,Blotch,train,model_training
Dataset_01,dataset_01\original\Blotch\blotch_(134).jpg,blotch_(134).jpg,Blotch,Blotch,train,model_training
Dataset_01,dataset_01\original\Blotch\blotch_(32).jpg,blotch_(32).jpg,Blotch,Blotch,train,model_training
Dataset_01,dataset_01\original\Blotch\blotch_(227).jpg,blotch_(227).jpg,Blotch,Blotch,train,model_training
Dataset_01,dataset_01\original\Blotch\blotch_(95).jpg,blotch_(95).jpg,Blotch,Blotch,train,model_training
Dataset_01,dataset_01\original\Blotch\blotch_(165).jpg,blotch_(165).jpg,Blotch,Blotch,train,model_training
Dataset_01,dataset_01\original\Blotch\blotch_(203).jpg,blotch_(203).jpg,Blotch,Blotch,train,model_training
Dataset_01,dataset_01\original\Blotch\blotch_(16).jpg,blotch_(16).jpg,Blotch,Blotch,train,model_training
Dataset_01,dataset_01\original\Blotch\blotch_(189).jpg,blotch_(189).jpg,Blotch,Blotch,train,model_training
Dataset_01,dataset_01\original\Blotch\blotch_(1).jpg,blotch_(1).jpg,Blotch,Blotch,train,model_training
Dataset_01,dataset_01\original\Blotch\blotch_(187).jpg,blotch_(187).jpg,Blotch,Blotch,train,model_training
Dataset_01,dataset_01\original\Blotch\blotch_(84).jpg,blotch_(84).jpg,Blotch,Blotch,train,model_training
Dataset_01,dataset_01\original\Blotch\blotch_(58).jpg,blotch_(58).jpg,Blotch,Blotch,train,model_training
Dataset_01,dataset_01\original\Blotch\blotch_(191).jpg,blotch_(191).jpg,Blotch,Blotch,train,model_training
Dataset_01,dataset_01\original\Blotch\blotch_(82).jpg,blotch_(82).jpg,Blotch,Blotch,train,model_training
Dataset_01,dataset_01\original\Blotch\blotch_(21).jpg,blotch_(21).jpg,Blotch,Blotch,train,model_training
Dataset_01,dataset_01\original\Blotch\blotch_(9).jpg,blotch_(9).jpg,Blotch,Blotch,train,model_training
Dataset_01,dataset_01\original\Blotch\blotch_(72).jpg,blotch_(72).jpg,Blotch,Blotch,train,model_training
Dataset_01,dataset_01\original\Blotch\blotch_(137).jpg,blotch_(137).jpg,Blotch,Blotch,train,model_training
Dataset_01,dataset_01\original\Blotch\blotch_(86).jpg,blotch_(86).jpg,Blotch,Blotch,val,hyperparameter_tuning_checkpointing
Dataset_01,dataset_01\original\Blotch\blotch_(12).jpg,blotch_(12).jpg,Blotch,Blotch,val,hyperparameter_tuning_checkpointing
Dataset_01,dataset_01\original\Blotch\blotch_(101).jpg,blotch_(101).jpg,Blotch,Blotch,val,hyperparameter_tuning_checkpointing
Dataset_01,dataset_01\original\Blotch\blotch_(81).jpg,blotch_(81).jpg,Blotch,Blotch,val,hyperparameter_tuning_checkpointing
Dataset_01,dataset_01\original\Blotch\blotch_(34).jpg,blotch_(34).jpg,Blotch,Blotch,val,hyperparameter_tuning_checkpointing
Dataset_01,dataset_01\original\Blotch\blotch_(11).jpg,blotch_(11).jpg,Blotch,Blotch,val,hyperparameter_tuning_checkpointing
Dataset_01,dataset_01\original\Blotch\blotch_(59).jpg,blotch_(59).jpg,Blotch,Blotch,val,hyperparameter_tuning_checkpointing
Dataset_01,dataset_01\original\Blotch\blotch_(225).jpg,blotch_(225).jpg,Blotch,Blotch,val,hyperparameter_tuning_checkpointing
Dataset_01,dataset_01\original\Blotch\blotch_(200).jpg,blotch_(200).jpg,Blotch,Blotch,val,hyperparameter_tuning_checkpointing
Dataset_01,dataset_01\original\Blotch\blotch_(116).jpg,blotch_(116).jpg,Blotch,Blotch,val,hyperparameter_tuning_checkpointing
Dataset_01,dataset_01\original\Blotch\blotch_(53).jpg,blotch_(53).jpg,Blotch,Blotch,val,hyperparameter_tuning_checkpointing
Dataset_01,dataset_01\original\Blotch\blotch_(205).jpg,blotch_(205).jpg,Blotch,Blotch,val,hyperparameter_tuning_checkpointing
Dataset_01,dataset_01\original\Blotch\blotch_(85).jpg,blotch_(85).jpg,Blotch,Blotch,val,hyperparameter_tuning_checkpointing
Dataset_01,dataset_01\original\Blotch\blotch_(140).jpg,blotch_(140).jpg,Blotch,Blotch,val,hyperparameter_tuning_checkpointing
Dataset_01,dataset_01\original\Blotch\blotch_(66).jpg,blotch_(66).jpg,Blotch,Blotch,val,hyperparameter_tuning_checkpointing
Dataset_01,dataset_01\original\Blotch\blotch_(130).jpg,blotch_(130).jpg,Blotch,Blotch,val,hyperparameter_tuning_checkpointing
Dataset_01,dataset_01\original\Blotch\blotch_(201).jpg,blotch_(201).jpg,Blotch,Blotch,val,hyperparameter_tuning_checkpointing
Dataset_01,dataset_01\original\Blotch\blotch_(222).jpg,blotch_(222).jpg,Blotch,Blotch,val,hyperparameter_tuning_checkpointing
Dataset_01,dataset_01\original\Blotch\blotch_(71).jpg,blotch_(71).jpg,Blotch,Blotch,val,hyperparameter_tuning_checkpointing
Dataset_01,dataset_01\original\Blotch\blotch_(143).jpg,blotch_(143).jpg,Blotch,Blotch,val,hyperparameter_tuning_checkpointing
Dataset_01,dataset_01\original\Blotch\blotch_(156).jpg,blotch_(156).jpg,Blotch,Blotch,val,hyperparameter_tuning_checkpointing
Dataset_01,dataset_01\original\Blotch\blotch_(123).jpg,blotch_(123).jpg,Blotch,Blotch,val,hyperparameter_tuning_checkpointing
Dataset_01,dataset_01\original\Blotch\blotch_(177).jpg,blotch_(177).jpg,Blotch,Blotch,val,hyperparameter_tuning_checkpointing
Dataset_01,dataset_01\original\Blotch\blotch_(63).jpg,blotch_(63).jpg,Blotch,Blotch,val,hyperparameter_tuning_checkpointing
Dataset_01,dataset_01\original\Blotch\blotch_(192).jpg,blotch_(192).jpg,Blotch,Blotch,val,hyperparameter_tuning_checkpointing
Dataset_01,dataset_01\original\Blotch\blotch_(93).jpg,blotch_(93).jpg,Blotch,Blotch,val,hyperparameter_tuning_checkpointing
Dataset_01,dataset_01\original\Blotch\blotch_(121).jpg,blotch_(121).jpg,Blotch,Blotch,val,hyperparameter_tuning_checkpointing
Dataset_01,dataset_01\original\Blotch\blotch_(33).jpg,blotch_(33).jpg,Blotch,Blotch,val,hyperparameter_tuning_checkpointing
Dataset_01,dataset_01\original\Blotch\blotch_(35).jpg,blotch_(35).jpg,Blotch,Blotch,val,hyperparameter_tuning_checkpointing
Dataset_01,dataset_01\original\Blotch\blotch_(4).jpg,blotch_(4).jpg,Blotch,Blotch,val,hyperparameter_tuning_checkpointing
Dataset_01,dataset_01\original\Blotch\blotch_(110).jpg,blotch_(110).jpg,Blotch,Blotch,val,hyperparameter_tuning_checkpointing
Dataset_01,dataset_01\original\Blotch\blotch_(52).jpg,blotch_(52).jpg,Blotch,Blotch,val,hyperparameter_tuning_checkpointing
Dataset_01,dataset_01\original\Blotch\blotch_(206).jpg,blotch_(206).jpg,Blotch,Blotch,val,hyperparameter_tuning_checkpointing
Dataset_01,dataset_01\original\Blotch\blotch_(194).jpg,blotch_(194).jpg,Blotch,Blotch,val,hyperparameter_tuning_checkpointing
Dataset_01,dataset_01\original\Blotch\blotch_(197).jpg,blotch_(197).jpg,Blotch,Blotch,val,hyperparameter_tuning_checkpointing
Dataset_01,dataset_01\original\Blotch\blotch_(180).jpg,blotch_(180).jpg,Blotch,Blotch,val,hyperparameter_tuning_checkpointing
Dataset_01,dataset_01\original\Blotch\blotch_(199).jpg,blotch_(199).jpg,Blotch,Blotch,internal_test,in_distribution_evaluation
Dataset_01,dataset_01\original\Blotch\blotch_(36).jpg,blotch_(36).jpg,Blotch,Blotch,internal_test,in_distribution_evaluation
Dataset_01,dataset_01\original\Blotch\blotch_(73).jpg,blotch_(73).jpg,Blotch,Blotch,internal_test,in_distribution_evaluation
Dataset_01,dataset_01\original\Blotch\blotch_(120).jpg,blotch_(120).jpg,Blotch,Blotch,internal_test,in_distribution_evaluation
Dataset_01,dataset_01\original\Blotch\blotch_(142).jpg,blotch_(142).jpg,Blotch,Blotch,internal_test,in_distribution_evaluation
Dataset_01,dataset_01\original\Blotch\blotch_(193).jpg,blotch_(193).jpg,Blotch,Blotch,internal_test,in_distribution_evaluation
Dataset_01,dataset_01\original\Blotch\blotch_(70).jpg,blotch_(70).jpg,Blotch,Blotch,internal_test,in_distribution_evaluation
Dataset_01,dataset_01\original\Blotch\blotch_(77).jpg,blotch_(77).jpg,Blotch,Blotch,internal_test,in_distribution_evaluation
Dataset_01,dataset_01\original\Blotch\blotch_(65).jpg,blotch_(65).jpg,Blotch,Blotch,internal_test,in_distribution_evaluation
Dataset_01,dataset_01\original\Blotch\blotch_(155).jpg,blotch_(155).jpg,Blotch,Blotch,internal_test,in_distribution_evaluation
Dataset_01,dataset_01\original\Blotch\blotch_(208).jpg,blotch_(208).jpg,Blotch,Blotch,internal_test,in_distribution_evaluation
Dataset_01,dataset_01\original\Blotch\blotch_(231).jpg,blotch_(231).jpg,Blotch,Blotch,internal_test,in_distribution_evaluation
Dataset_01,dataset_01\original\Blotch\blotch_(230).jpg,blotch_(230).jpg,Blotch,Blotch,internal_test,in_distribution_evaluation
Dataset_01,dataset_01\original\Blotch\blotch_(51).jpg,blotch_(51).jpg,Blotch,Blotch,internal_test,in_distribution_evaluation
Dataset_01,dataset_01\original\Blotch\blotch_(129).jpg,blotch_(129).jpg,Blotch,Blotch,internal_test,in_distribution_evaluation
Dataset_01,dataset_01\original\Blotch\blotch_(223).jpg,blotch_(223).jpg,Blotch,Blotch,internal_test,in_distribution_evaluation
Dataset_01,dataset_01\original\Blotch\blotch_(148).jpg,blotch_(148).jpg,Blotch,Blotch,internal_test,in_distribution_evaluation
Dataset_01,dataset_01\original\Blotch\blotch_(210).jpg,blotch_(210).jpg,Blotch,Blotch,internal_test,in_distribution_evaluation
Dataset_01,dataset_01\original\Blotch\blotch_(39).jpg,blotch_(39).jpg,Blotch,Blotch,internal_test,in_distribution_evaluation
Dataset_01,dataset_01\original\Blotch\blotch_(163).jpg,blotch_(163).jpg,Blotch,Blotch,internal_test,in_distribution_evaluation
Dataset_01,dataset_01\original\Blotch\blotch_(153).jpg,blotch_(153).jpg,Blotch,Blotch,internal_test,in_distribution_evaluation
Dataset_01,dataset_01\original\Blotch\blotch_(217).jpg,blotch_(217).jpg,Blotch,Blotch,internal_test,in_distribution_evaluation
Dataset_01,dataset_01\original\Blotch\blotch_(96).jpg,blotch_(96).jpg,Blotch,Blotch,internal_test,in_distribution_evaluation
Dataset_01,dataset_01\original\Blotch\blotch_(175).jpg,blotch_(175).jpg,Blotch,Blotch,internal_test,in_distribution_evaluation
Dataset_01,dataset_01\original\Blotch\blotch_(83).jpg,blotch_(83).jpg,Blotch,Blotch,internal_test,in_distribution_evaluation
Dataset_01,dataset_01\original\Blotch\blotch_(106).jpg,blotch_(106).jpg,Blotch,Blotch,internal_test,in_distribution_evaluation
Dataset_01,dataset_01\original\Blotch\blotch_(114).jpg,blotch_(114).jpg,Blotch,Blotch,internal_test,in_distribution_evaluation
Dataset_01,dataset_01\original\Blotch\blotch_(151).jpg,blotch_(151).jpg,Blotch,Blotch,internal_test,in_distribution_evaluation
Dataset_01,dataset_01\original\Blotch\blotch_(112).jpg,blotch_(112).jpg,Blotch,Blotch,internal_test,in_distribution_evaluation
Dataset_01,dataset_01\original\Blotch\blotch_(3).jpg,blotch_(3).jpg,Blotch,Blotch,internal_test,in_distribution_evaluation
Dataset_01,dataset_01\original\Blotch\blotch_(48).jpg,blotch_(48).jpg,Blotch,Blotch,internal_test,in_distribution_evaluation
Dataset_01,dataset_01\original\Blotch\blotch_(115).jpg,blotch_(115).jpg,Blotch,Blotch,internal_test,in_distribution_evaluation
Dataset_01,dataset_01\original\Blotch\blotch_(10).jpg,blotch_(10).jpg,Blotch,Blotch,internal_test,in_distribution_evaluation
Dataset_01,dataset_01\original\Blotch\blotch_(15).jpg,blotch_(15).jpg,Blotch,Blotch,internal_test,in_distribution_evaluation
Dataset_01,dataset_01\original\Blotch\blotch_(234).jpg,blotch_(234).jpg,Blotch,Blotch,internal_test,in_distribution_evaluation
Dataset_01,dataset_01\original\Healthy_Leaf\healthy_(100).jpg,healthy_(100).jpg,Healthy_Leaf,Healthy_Leaf,train,model_training
Dataset_01,dataset_01\original\Healthy_Leaf\healthy_(12).jpg,healthy_(12).jpg,Healthy_Leaf,Healthy_Leaf,train,model_training
Dataset_01,dataset_01\original\Healthy_Leaf\healthy_(52).jpg,healthy_(52).jpg,Healthy_Leaf,Healthy_Leaf,train,model_training
Dataset_01,dataset_01\original\Healthy_Leaf\healthy_(10).jpg,healthy_(10).jpg,Healthy_Leaf,Healthy_Leaf,train,model_training
Dataset_01,dataset_01\original\Healthy_Leaf\healthy_(113).jpg,healthy_(113).jpg,Healthy_Leaf,Healthy_Leaf,train,model_training
Dataset_01,dataset_01\original\Healthy_Leaf\healthy_(79).jpg,healthy_(79).jpg,Healthy_Leaf,Healthy_Leaf,train,model_training
Dataset_01,dataset_01\original\Healthy_Leaf\healthy_(108).jpg,healthy_(108).jpg,Healthy_Leaf,Healthy_Leaf,train,model_training
Dataset_01,dataset_01\original\Healthy_Leaf\healthy_(140).jpg,healthy_(140).jpg,Healthy_Leaf,Healthy_Leaf,train,model_training
Dataset_01,dataset_01\original\Healthy_Leaf\healthy_(116).jpg,healthy_(116).jpg,Healthy_Leaf,Healthy_Leaf,train,model_training
Dataset_01,dataset_01\original\Healthy_Leaf\healthy_(88).jpg,healthy_(88).jpg,Healthy_Leaf,Healthy_Leaf,train,model_training
Dataset_01,dataset_01\original\Healthy_Leaf\healthy_(22).jpg,healthy_(22).jpg,Healthy_Leaf,Healthy_Leaf,train,model_training
Dataset_01,dataset_01\original\Healthy_Leaf\healthy_(28).jpg,healthy_(28).jpg,Healthy_Leaf,Healthy_Leaf,train,model_training
Dataset_01,dataset_01\original\Healthy_Leaf\healthy_(202).jpg,healthy_(202).jpg,Healthy_Leaf,Healthy_Leaf,train,model_training
Dataset_01,dataset_01\original\Healthy_Leaf\healthy_(39).jpg,healthy_(39).jpg,Healthy_Leaf,Healthy_Leaf,train,model_training
Dataset_01,dataset_01\original\Healthy_Leaf\healthy_(212).jpg,healthy_(212).jpg,Healthy_Leaf,Healthy_Leaf,train,model_training
Dataset_01,dataset_01\original\Healthy_Leaf\healthy_(75).jpg,healthy_(75).jpg,Healthy_Leaf,Healthy_Leaf,train,model_training
Dataset_01,dataset_01\original\Healthy_Leaf\healthy_(185).jpg,healthy_(185).jpg,Healthy_Leaf,Healthy_Leaf,train,model_training
Dataset_01,dataset_01\original\Healthy_Leaf\healthy_(20).jpg,healthy_(20).jpg,Healthy_Leaf,Healthy_Leaf,train,model_training
Dataset_01,dataset_01\original\Healthy_Leaf\healthy_(136).jpg,healthy_(136).jpg,Healthy_Leaf,Healthy_Leaf,train,model_training
Dataset_01,dataset_01\original\Healthy_Leaf\healthy_(97).jpg,healthy_(97).jpg,Healthy_Leaf,Healthy_Leaf,train,model_training
Dataset_01,dataset_01\original\Healthy_Leaf\healthy_(69).jpg,healthy_(69).jpg,Healthy_Leaf,Healthy_Leaf,train,model_training
Dataset_01,dataset_01\original\Healthy_Leaf\healthy_(184).jpg,healthy_(184).jpg,Healthy_Leaf,Healthy_Leaf,train,model_training
Dataset_01,dataset_01\original\Healthy_Leaf\healthy_(149).jpg,healthy_(149).jpg,Healthy_Leaf,Healthy_Leaf,train,model_training
Dataset_01,dataset_01\original\Healthy_Leaf\healthy_(94).jpg,healthy_(94).jpg,Healthy_Leaf,Healthy_Leaf,train,model_training
Dataset_01,dataset_01\original\Healthy_Leaf\healthy_(36).jpg,healthy_(36).jpg,Healthy_Leaf,Healthy_Leaf,train,model_training
Dataset_01,dataset_01\original\Healthy_Leaf\healthy_(176).jpg,healthy_(176).jpg,Healthy_Leaf,Healthy_Leaf,train,model_training
Dataset_01,dataset_01\original\Healthy_Leaf\healthy_(146).jpg,healthy_(146).jpg,Healthy_Leaf,Healthy_Leaf,train,model_training
Dataset_01,dataset_01\original\Healthy_Leaf\healthy_(45).jpg,healthy_(45).jpg,Healthy_Leaf,Healthy_Leaf,train,model_training
Dataset_01,dataset_01\original\Healthy_Leaf\healthy_(11).jpg,healthy_(11).jpg,Healthy_Leaf,Healthy_Leaf,train,model_training
Dataset_01,dataset_01\original\Healthy_Leaf\healthy_(46).jpg,healthy_(46).jpg,Healthy_Leaf,Healthy_Leaf,train,model_training
Dataset_01,dataset_01\original\Healthy_Leaf\healthy_(71).jpg,healthy_(71).jpg,Healthy_Leaf,Healthy_Leaf,train,model_training
Dataset_01,dataset_01\original\Healthy_Leaf\healthy_(195).jpg,healthy_(195).jpg,Healthy_Leaf,Healthy_Leaf,train,model_training
Dataset_01,dataset_01\original\Healthy_Leaf\healthy_(29).jpg,healthy_(29).jpg,Healthy_Leaf,Healthy_Leaf,train,model_training
Dataset_01,dataset_01\original\Healthy_Leaf\healthy_(132).jpg,healthy_(132).jpg,Healthy_Leaf,Healthy_Leaf,train,model_training
Dataset_01,dataset_01\original\Healthy_Leaf\healthy_(61).jpg,healthy_(61).jpg,Healthy_Leaf,Healthy_Leaf,train,model_training
Dataset_01,dataset_01\original\Healthy_Leaf\healthy_(141).jpg,healthy_(141).jpg,Healthy_Leaf,Healthy_Leaf,train,model_training
Dataset_01,dataset_01\original\Healthy_Leaf\healthy_(154).jpg,healthy_(154).jpg,Healthy_Leaf,Healthy_Leaf,train,model_training
Dataset_01,dataset_01\original\Healthy_Leaf\healthy_(133).jpg,healthy_(133).jpg,Healthy_Leaf,Healthy_Leaf,train,model_training
Dataset_01,dataset_01\original\Healthy_Leaf\healthy_(122).jpg,healthy_(122).jpg,Healthy_Leaf,Healthy_Leaf,train,model_training
Dataset_01,dataset_01\original\Healthy_Leaf\healthy_(162).jpg,healthy_(162).jpg,Healthy_Leaf,Healthy_Leaf,train,model_training
Dataset_01,dataset_01\original\Healthy_Leaf\healthy_(180).jpg,healthy_(180).jpg,Healthy_Leaf,Healthy_Leaf,train,model_training
Dataset_01,dataset_01\original\Healthy_Leaf\healthy_(35).jpg,healthy_(35).jpg,Healthy_Leaf,Healthy_Leaf,train,model_training
Dataset_01,dataset_01\original\Healthy_Leaf\healthy_(189).jpg,healthy_(189).jpg,Healthy_Leaf,Healthy_Leaf,train,model_training
Dataset_01,dataset_01\original\Healthy_Leaf\healthy_(111).jpg,healthy_(111).jpg,Healthy_Leaf,Healthy_Leaf,train,model_training
Dataset_01,dataset_01\original\Healthy_Leaf\healthy_(54).jpg,healthy_(54).jpg,Healthy_Leaf,Healthy_Leaf,train,model_training
Dataset_01,dataset_01\original\Healthy_Leaf\healthy_(106).jpg,healthy_(106).jpg,Healthy_Leaf,Healthy_Leaf,train,model_training
Dataset_01,dataset_01\original\Healthy_Leaf\healthy_(198).jpg,healthy_(198).jpg,Healthy_Leaf,Healthy_Leaf,train,model_training
Dataset_01,dataset_01\original\Healthy_Leaf\healthy_(13).jpg,healthy_(13).jpg,Healthy_Leaf,Healthy_Leaf,train,model_training
Dataset_01,dataset_01\original\Healthy_Leaf\healthy_(160).jpg,healthy_(160).jpg,Healthy_Leaf,Healthy_Leaf,train,model_training
Dataset_01,dataset_01\original\Healthy_Leaf\healthy_(213).jpg,healthy_(213).jpg,Healthy_Leaf,Healthy_Leaf,train,model_training
Dataset_01,dataset_01\original\Healthy_Leaf\healthy_(164).jpg,healthy_(164).jpg,Healthy_Leaf,Healthy_Leaf,train,model_training
Dataset_01,dataset_01\original\Healthy_Leaf\healthy_(210).jpg,healthy_(210).jpg,Healthy_Leaf,Healthy_Leaf,train,model_training
Dataset_01,dataset_01\original\Healthy_Leaf\healthy_(182).jpg,healthy_(182).jpg,Healthy_Leaf,Healthy_Leaf,train,model_training
Dataset_01,dataset_01\original\Healthy_Leaf\healthy_(72).jpg,healthy_(72).jpg,Healthy_Leaf,Healthy_Leaf,train,model_training
Dataset_01,dataset_01\original\Healthy_Leaf\healthy_(102).jpg,healthy_(102).jpg,Healthy_Leaf,Healthy_Leaf,train,model_training
Dataset_01,dataset_01\original\Healthy_Leaf\healthy_(203).jpg,healthy_(203).jpg,Healthy_Leaf,Healthy_Leaf,train,model_training
Dataset_01,dataset_01\original\Healthy_Leaf\healthy_(31).jpg,healthy_(31).jpg,Healthy_Leaf,Healthy_Leaf,train,model_training
Dataset_01,dataset_01\original\Healthy_Leaf\healthy_(209).jpg,healthy_(209).jpg,Healthy_Leaf,Healthy_Leaf,train,model_training
Dataset_01,dataset_01\original\Healthy_Leaf\healthy_(19).jpg,healthy_(19).jpg,Healthy_Leaf,Healthy_Leaf,train,model_training
Dataset_01,dataset_01\original\Healthy_Leaf\healthy_(166).jpg,healthy_(166).jpg,Healthy_Leaf,Healthy_Leaf,train,model_training
Dataset_01,dataset_01\original\Healthy_Leaf\healthy_(211).jpg,healthy_(211).jpg,Healthy_Leaf,Healthy_Leaf,train,model_training
Dataset_01,dataset_01\original\Healthy_Leaf\healthy_(155).jpg,healthy_(155).jpg,Healthy_Leaf,Healthy_Leaf,train,model_training
Dataset_01,dataset_01\original\Healthy_Leaf\healthy_(205).jpg,healthy_(205).jpg,Healthy_Leaf,Healthy_Leaf,train,model_training
Dataset_01,dataset_01\original\Healthy_Leaf\healthy_(130).jpg,healthy_(130).jpg,Healthy_Leaf,Healthy_Leaf,train,model_training
Dataset_01,dataset_01\original\Healthy_Leaf\healthy_(190).jpg,healthy_(190).jpg,Healthy_Leaf,Healthy_Leaf,train,model_training
Dataset_01,dataset_01\original\Healthy_Leaf\healthy_(129).jpg,healthy_(129).jpg,Healthy_Leaf,Healthy_Leaf,train,model_training
Dataset_01,dataset_01\original\Healthy_Leaf\healthy_(161).jpg,healthy_(161).jpg,Healthy_Leaf,Healthy_Leaf,train,model_training
Dataset_01,dataset_01\original\Healthy_Leaf\healthy_(37).jpg,healthy_(37).jpg,Healthy_Leaf,Healthy_Leaf,train,model_training
Dataset_01,dataset_01\original\Healthy_Leaf\healthy_(117).jpg,healthy_(117).jpg,Healthy_Leaf,Healthy_Leaf,train,model_training
Dataset_01,dataset_01\original\Healthy_Leaf\healthy_(9).jpg,healthy_(9).jpg,Healthy_Leaf,Healthy_Leaf,train,model_training
Dataset_01,dataset_01\original\Healthy_Leaf\healthy_(178).jpg,healthy_(178).jpg,Healthy_Leaf,Healthy_Leaf,train,model_training
Dataset_01,dataset_01\original\Healthy_Leaf\healthy_(157).jpg,healthy_(157).jpg,Healthy_Leaf,Healthy_Leaf,train,model_training
Dataset_01,dataset_01\original\Healthy_Leaf\healthy_(96).jpg,healthy_(96).jpg,Healthy_Leaf,Healthy_Leaf,train,model_training
Dataset_01,dataset_01\original\Healthy_Leaf\healthy_(135).jpg,healthy_(135).jpg,Healthy_Leaf,Healthy_Leaf,train,model_training
Dataset_01,dataset_01\original\Healthy_Leaf\healthy_(21).jpg,healthy_(21).jpg,Healthy_Leaf,Healthy_Leaf,train,model_training
Dataset_01,dataset_01\original\Healthy_Leaf\healthy_(70).jpg,healthy_(70).jpg,Healthy_Leaf,Healthy_Leaf,train,model_training
Dataset_01,dataset_01\original\Healthy_Leaf\healthy_(194).jpg,healthy_(194).jpg,Healthy_Leaf,Healthy_Leaf,train,model_training
Dataset_01,dataset_01\original\Healthy_Leaf\healthy_(5).jpg,healthy_(5).jpg,Healthy_Leaf,Healthy_Leaf,train,model_training
Dataset_01,dataset_01\original\Healthy_Leaf\healthy_(25).jpg,healthy_(25).jpg,Healthy_Leaf,Healthy_Leaf,train,model_training
Dataset_01,dataset_01\original\Healthy_Leaf\healthy_(112).jpg,healthy_(112).jpg,Healthy_Leaf,Healthy_Leaf,train,model_training
Dataset_01,dataset_01\original\Healthy_Leaf\healthy_(51).jpg,healthy_(51).jpg,Healthy_Leaf,Healthy_Leaf,train,model_training
Dataset_01,dataset_01\original\Healthy_Leaf\healthy_(82).jpg,healthy_(82).jpg,Healthy_Leaf,Healthy_Leaf,train,model_training
Dataset_01,dataset_01\original\Healthy_Leaf\healthy_(89).jpg,healthy_(89).jpg,Healthy_Leaf,Healthy_Leaf,train,model_training
Dataset_01,dataset_01\original\Healthy_Leaf\healthy_(152).jpg,healthy_(152).jpg,Healthy_Leaf,Healthy_Leaf,train,model_training
Dataset_01,dataset_01\original\Healthy_Leaf\healthy_(73).jpg,healthy_(73).jpg,Healthy_Leaf,Healthy_Leaf,train,model_training
Dataset_01,dataset_01\original\Healthy_Leaf\healthy_(119).jpg,healthy_(119).jpg,Healthy_Leaf,Healthy_Leaf,train,model_training
Dataset_01,dataset_01\original\Healthy_Leaf\healthy_(201).jpg,healthy_(201).jpg,Healthy_Leaf,Healthy_Leaf,train,model_training
Dataset_01,dataset_01\original\Healthy_Leaf\healthy_(62).jpg,healthy_(62).jpg,Healthy_Leaf,Healthy_Leaf,train,model_training
Dataset_01,dataset_01\original\Healthy_Leaf\healthy_(110).jpg,healthy_(110).jpg,Healthy_Leaf,Healthy_Leaf,train,model_training
Dataset_01,dataset_01\original\Healthy_Leaf\healthy_(32).jpg,healthy_(32).jpg,Healthy_Leaf,Healthy_Leaf,train,model_training
Dataset_01,dataset_01\original\Healthy_Leaf\healthy_(66).jpg,healthy_(66).jpg,Healthy_Leaf,Healthy_Leaf,train,model_training
Dataset_01,dataset_01\original\Healthy_Leaf\healthy_(42).jpg,healthy_(42).jpg,Healthy_Leaf,Healthy_Leaf,train,model_training
Dataset_01,dataset_01\original\Healthy_Leaf\healthy_(56).jpg,healthy_(56).jpg,Healthy_Leaf,Healthy_Leaf,train,model_training
Dataset_01,dataset_01\original\Healthy_Leaf\healthy_(197).jpg,healthy_(197).jpg,Healthy_Leaf,Healthy_Leaf,train,model_training
Dataset_01,dataset_01\original\Healthy_Leaf\healthy_(95).jpg,healthy_(95).jpg,Healthy_Leaf,Healthy_Leaf,train,model_training
Dataset_01,dataset_01\original\Healthy_Leaf\healthy_(156).jpg,healthy_(156).jpg,Healthy_Leaf,Healthy_Leaf,train,model_training
Dataset_01,dataset_01\original\Healthy_Leaf\healthy_(38).jpg,healthy_(38).jpg,Healthy_Leaf,Healthy_Leaf,train,model_training
Dataset_01,dataset_01\original\Healthy_Leaf\healthy_(81).jpg,healthy_(81).jpg,Healthy_Leaf,Healthy_Leaf,train,model_training
Dataset_01,dataset_01\original\Healthy_Leaf\healthy_(181).jpg,healthy_(181).jpg,Healthy_Leaf,Healthy_Leaf,train,model_training
Dataset_01,dataset_01\original\Healthy_Leaf\healthy_(120).jpg,healthy_(120).jpg,Healthy_Leaf,Healthy_Leaf,train,model_training
Dataset_01,dataset_01\original\Healthy_Leaf\healthy_(53).jpg,healthy_(53).jpg,Healthy_Leaf,Healthy_Leaf,train,model_training
Dataset_01,dataset_01\original\Healthy_Leaf\healthy_(48).jpg,healthy_(48).jpg,Healthy_Leaf,Healthy_Leaf,train,model_training
Dataset_01,dataset_01\original\Healthy_Leaf\healthy_(3).jpg,healthy_(3).jpg,Healthy_Leaf,Healthy_Leaf,train,model_training
Dataset_01,dataset_01\original\Healthy_Leaf\healthy_(91).jpg,healthy_(91).jpg,Healthy_Leaf,Healthy_Leaf,train,model_training
Dataset_01,dataset_01\original\Healthy_Leaf\healthy_(7).jpg,healthy_(7).jpg,Healthy_Leaf,Healthy_Leaf,train,model_training
Dataset_01,dataset_01\original\Healthy_Leaf\healthy_(60).jpg,healthy_(60).jpg,Healthy_Leaf,Healthy_Leaf,train,model_training
Dataset_01,dataset_01\original\Healthy_Leaf\healthy_(92).jpg,healthy_(92).jpg,Healthy_Leaf,Healthy_Leaf,train,model_training
Dataset_01,dataset_01\original\Healthy_Leaf\healthy_(153).jpg,healthy_(153).jpg,Healthy_Leaf,Healthy_Leaf,train,model_training
Dataset_01,dataset_01\original\Healthy_Leaf\healthy_(78).jpg,healthy_(78).jpg,Healthy_Leaf,Healthy_Leaf,train,model_training
Dataset_01,dataset_01\original\Healthy_Leaf\healthy_(103).jpg,healthy_(103).jpg,Healthy_Leaf,Healthy_Leaf,train,model_training
Dataset_01,dataset_01\original\Healthy_Leaf\healthy_(101).jpg,healthy_(101).jpg,Healthy_Leaf,Healthy_Leaf,train,model_training
Dataset_01,dataset_01\original\Healthy_Leaf\healthy_(115).jpg,healthy_(115).jpg,Healthy_Leaf,Healthy_Leaf,train,model_training
Dataset_01,dataset_01\original\Healthy_Leaf\healthy_(121).jpg,healthy_(121).jpg,Healthy_Leaf,Healthy_Leaf,train,model_training
Dataset_01,dataset_01\original\Healthy_Leaf\healthy_(33).jpg,healthy_(33).jpg,Healthy_Leaf,Healthy_Leaf,train,model_training
Dataset_01,dataset_01\original\Healthy_Leaf\healthy_(124).jpg,healthy_(124).jpg,Healthy_Leaf,Healthy_Leaf,train,model_training
Dataset_01,dataset_01\original\Healthy_Leaf\healthy_(134).jpg,healthy_(134).jpg,Healthy_Leaf,Healthy_Leaf,train,model_training
Dataset_01,dataset_01\original\Healthy_Leaf\healthy_(177).jpg,healthy_(177).jpg,Healthy_Leaf,Healthy_Leaf,train,model_training
Dataset_01,dataset_01\original\Healthy_Leaf\healthy_(126).jpg,healthy_(126).jpg,Healthy_Leaf,Healthy_Leaf,train,model_training
Dataset_01,dataset_01\original\Healthy_Leaf\healthy_(186).jpg,healthy_(186).jpg,Healthy_Leaf,Healthy_Leaf,train,model_training
Dataset_01,dataset_01\original\Healthy_Leaf\healthy_(43).jpg,healthy_(43).jpg,Healthy_Leaf,Healthy_Leaf,train,model_training
Dataset_01,dataset_01\original\Healthy_Leaf\healthy_(57).jpg,healthy_(57).jpg,Healthy_Leaf,Healthy_Leaf,train,model_training
Dataset_01,dataset_01\original\Healthy_Leaf\healthy_(137).jpg,healthy_(137).jpg,Healthy_Leaf,Healthy_Leaf,train,model_training
Dataset_01,dataset_01\original\Healthy_Leaf\healthy_(68).jpg,healthy_(68).jpg,Healthy_Leaf,Healthy_Leaf,train,model_training
Dataset_01,dataset_01\original\Healthy_Leaf\healthy_(172).jpg,healthy_(172).jpg,Healthy_Leaf,Healthy_Leaf,train,model_training
Dataset_01,dataset_01\original\Healthy_Leaf\healthy_(49).jpg,healthy_(49).jpg,Healthy_Leaf,Healthy_Leaf,train,model_training
Dataset_01,dataset_01\original\Healthy_Leaf\healthy_(58).jpg,healthy_(58).jpg,Healthy_Leaf,Healthy_Leaf,train,model_training
Dataset_01,dataset_01\original\Healthy_Leaf\healthy_(131).jpg,healthy_(131).jpg,Healthy_Leaf,Healthy_Leaf,train,model_training
Dataset_01,dataset_01\original\Healthy_Leaf\healthy_(118).jpg,healthy_(118).jpg,Healthy_Leaf,Healthy_Leaf,train,model_training
Dataset_01,dataset_01\original\Healthy_Leaf\healthy_(138).jpg,healthy_(138).jpg,Healthy_Leaf,Healthy_Leaf,train,model_training
Dataset_01,dataset_01\original\Healthy_Leaf\healthy_(208).jpg,healthy_(208).jpg,Healthy_Leaf,Healthy_Leaf,train,model_training
Dataset_01,dataset_01\original\Healthy_Leaf\healthy_(148).jpg,healthy_(148).jpg,Healthy_Leaf,Healthy_Leaf,train,model_training
Dataset_01,dataset_01\original\Healthy_Leaf\healthy_(26).jpg,healthy_(26).jpg,Healthy_Leaf,Healthy_Leaf,train,model_training
Dataset_01,dataset_01\original\Healthy_Leaf\healthy_(200).jpg,healthy_(200).jpg,Healthy_Leaf,Healthy_Leaf,train,model_training
Dataset_01,dataset_01\original\Healthy_Leaf\healthy_(206).jpg,healthy_(206).jpg,Healthy_Leaf,Healthy_Leaf,train,model_training
Dataset_01,dataset_01\original\Healthy_Leaf\healthy_(173).jpg,healthy_(173).jpg,Healthy_Leaf,Healthy_Leaf,train,model_training
Dataset_01,dataset_01\original\Healthy_Leaf\healthy_(50).jpg,healthy_(50).jpg,Healthy_Leaf,Healthy_Leaf,train,model_training
Dataset_01,dataset_01\original\Healthy_Leaf\healthy_(147).jpg,healthy_(147).jpg,Healthy_Leaf,Healthy_Leaf,train,model_training
Dataset_01,dataset_01\original\Healthy_Leaf\healthy_(165).jpg,healthy_(165).jpg,Healthy_Leaf,Healthy_Leaf,train,model_training
Dataset_01,dataset_01\original\Healthy_Leaf\healthy_(6).jpg,healthy_(6).jpg,Healthy_Leaf,Healthy_Leaf,train,model_training
Dataset_01,dataset_01\original\Healthy_Leaf\healthy_(80).jpg,healthy_(80).jpg,Healthy_Leaf,Healthy_Leaf,train,model_training
Dataset_01,dataset_01\original\Healthy_Leaf\healthy_(41).jpg,healthy_(41).jpg,Healthy_Leaf,Healthy_Leaf,train,model_training
Dataset_01,dataset_01\original\Healthy_Leaf\healthy_(169).jpg,healthy_(169).jpg,Healthy_Leaf,Healthy_Leaf,train,model_training
Dataset_01,dataset_01\original\Healthy_Leaf\healthy_(139).jpg,healthy_(139).jpg,Healthy_Leaf,Healthy_Leaf,train,model_training
Dataset_01,dataset_01\original\Healthy_Leaf\healthy_(99).jpg,healthy_(99).jpg,Healthy_Leaf,Healthy_Leaf,train,model_training
Dataset_01,dataset_01\original\Healthy_Leaf\healthy_(196).jpg,healthy_(196).jpg,Healthy_Leaf,Healthy_Leaf,train,model_training
Dataset_01,dataset_01\original\Healthy_Leaf\healthy_(87).jpg,healthy_(87).jpg,Healthy_Leaf,Healthy_Leaf,train,model_training
Dataset_01,dataset_01\original\Healthy_Leaf\healthy_(128).jpg,healthy_(128).jpg,Healthy_Leaf,Healthy_Leaf,train,model_training
Dataset_01,dataset_01\original\Healthy_Leaf\healthy_(34).jpg,healthy_(34).jpg,Healthy_Leaf,Healthy_Leaf,train,model_training
Dataset_01,dataset_01\original\Healthy_Leaf\healthy_(167).jpg,healthy_(167).jpg,Healthy_Leaf,Healthy_Leaf,train,model_training
Dataset_01,dataset_01\original\Healthy_Leaf\healthy_(192).jpg,healthy_(192).jpg,Healthy_Leaf,Healthy_Leaf,val,hyperparameter_tuning_checkpointing
Dataset_01,dataset_01\original\Healthy_Leaf\healthy_(174).jpg,healthy_(174).jpg,Healthy_Leaf,Healthy_Leaf,val,hyperparameter_tuning_checkpointing
Dataset_01,dataset_01\original\Healthy_Leaf\healthy_(193).jpg,healthy_(193).jpg,Healthy_Leaf,Healthy_Leaf,val,hyperparameter_tuning_checkpointing
Dataset_01,dataset_01\original\Healthy_Leaf\healthy_(170).jpg,healthy_(170).jpg,Healthy_Leaf,Healthy_Leaf,val,hyperparameter_tuning_checkpointing
Dataset_01,dataset_01\original\Healthy_Leaf\healthy_(23).jpg,healthy_(23).jpg,Healthy_Leaf,Healthy_Leaf,val,hyperparameter_tuning_checkpointing
Dataset_01,dataset_01\original\Healthy_Leaf\healthy_(168).jpg,healthy_(168).jpg,Healthy_Leaf,Healthy_Leaf,val,hyperparameter_tuning_checkpointing
Dataset_01,dataset_01\original\Healthy_Leaf\healthy_(127).jpg,healthy_(127).jpg,Healthy_Leaf,Healthy_Leaf,val,hyperparameter_tuning_checkpointing
Dataset_01,dataset_01\original\Healthy_Leaf\healthy_(65).jpg,healthy_(65).jpg,Healthy_Leaf,Healthy_Leaf,val,hyperparameter_tuning_checkpointing
Dataset_01,dataset_01\original\Healthy_Leaf\healthy_(76).jpg,healthy_(76).jpg,Healthy_Leaf,Healthy_Leaf,val,hyperparameter_tuning_checkpointing
Dataset_01,dataset_01\original\Healthy_Leaf\healthy_(83).jpg,healthy_(83).jpg,Healthy_Leaf,Healthy_Leaf,val,hyperparameter_tuning_checkpointing
Dataset_01,dataset_01\original\Healthy_Leaf\healthy_(199).jpg,healthy_(199).jpg,Healthy_Leaf,Healthy_Leaf,val,hyperparameter_tuning_checkpointing
Dataset_01,dataset_01\original\Healthy_Leaf\healthy_(183).jpg,healthy_(183).jpg,Healthy_Leaf,Healthy_Leaf,val,hyperparameter_tuning_checkpointing
Dataset_01,dataset_01\original\Healthy_Leaf\healthy_(144).jpg,healthy_(144).jpg,Healthy_Leaf,Healthy_Leaf,val,hyperparameter_tuning_checkpointing
Dataset_01,dataset_01\original\Healthy_Leaf\healthy_(77).jpg,healthy_(77).jpg,Healthy_Leaf,Healthy_Leaf,val,hyperparameter_tuning_checkpointing
Dataset_01,dataset_01\original\Healthy_Leaf\healthy_(27).jpg,healthy_(27).jpg,Healthy_Leaf,Healthy_Leaf,val,hyperparameter_tuning_checkpointing
Dataset_01,dataset_01\original\Healthy_Leaf\healthy_(1).jpg,healthy_(1).jpg,Healthy_Leaf,Healthy_Leaf,val,hyperparameter_tuning_checkpointing
Dataset_01,dataset_01\original\Healthy_Leaf\healthy_(64).jpg,healthy_(64).jpg,Healthy_Leaf,Healthy_Leaf,val,hyperparameter_tuning_checkpointing
Dataset_01,dataset_01\original\Healthy_Leaf\healthy_(109).jpg,healthy_(109).jpg,Healthy_Leaf,Healthy_Leaf,val,hyperparameter_tuning_checkpointing
Dataset_01,dataset_01\original\Healthy_Leaf\healthy_(158).jpg,healthy_(158).jpg,Healthy_Leaf,Healthy_Leaf,val,hyperparameter_tuning_checkpointing
Dataset_01,dataset_01\original\Healthy_Leaf\healthy_(142).jpg,healthy_(142).jpg,Healthy_Leaf,Healthy_Leaf,val,hyperparameter_tuning_checkpointing
Dataset_01,dataset_01\original\Healthy_Leaf\healthy_(4).jpg,healthy_(4).jpg,Healthy_Leaf,Healthy_Leaf,val,hyperparameter_tuning_checkpointing
Dataset_01,dataset_01\original\Healthy_Leaf\healthy_(188).jpg,healthy_(188).jpg,Healthy_Leaf,Healthy_Leaf,val,hyperparameter_tuning_checkpointing
Dataset_01,dataset_01\original\Healthy_Leaf\healthy_(74).jpg,healthy_(74).jpg,Healthy_Leaf,Healthy_Leaf,val,hyperparameter_tuning_checkpointing
Dataset_01,dataset_01\original\Healthy_Leaf\healthy_(8).jpg,healthy_(8).jpg,Healthy_Leaf,Healthy_Leaf,val,hyperparameter_tuning_checkpointing
Dataset_01,dataset_01\original\Healthy_Leaf\healthy_(47).jpg,healthy_(47).jpg,Healthy_Leaf,Healthy_Leaf,val,hyperparameter_tuning_checkpointing
Dataset_01,dataset_01\original\Healthy_Leaf\healthy_(67).jpg,healthy_(67).jpg,Healthy_Leaf,Healthy_Leaf,val,hyperparameter_tuning_checkpointing
Dataset_01,dataset_01\original\Healthy_Leaf\healthy_(171).jpg,healthy_(171).jpg,Healthy_Leaf,Healthy_Leaf,val,hyperparameter_tuning_checkpointing
Dataset_01,dataset_01\original\Healthy_Leaf\healthy_(179).jpg,healthy_(179).jpg,Healthy_Leaf,Healthy_Leaf,val,hyperparameter_tuning_checkpointing
Dataset_01,dataset_01\original\Healthy_Leaf\healthy_(2).jpg,healthy_(2).jpg,Healthy_Leaf,Healthy_Leaf,val,hyperparameter_tuning_checkpointing
Dataset_01,dataset_01\original\Healthy_Leaf\healthy_(44).jpg,healthy_(44).jpg,Healthy_Leaf,Healthy_Leaf,val,hyperparameter_tuning_checkpointing
Dataset_01,dataset_01\original\Healthy_Leaf\healthy_(123).jpg,healthy_(123).jpg,Healthy_Leaf,Healthy_Leaf,val,hyperparameter_tuning_checkpointing
Dataset_01,dataset_01\original\Healthy_Leaf\healthy_(98).jpg,healthy_(98).jpg,Healthy_Leaf,Healthy_Leaf,val,hyperparameter_tuning_checkpointing
Dataset_01,dataset_01\original\Healthy_Leaf\healthy_(16).jpg,healthy_(16).jpg,Healthy_Leaf,Healthy_Leaf,internal_test,in_distribution_evaluation
Dataset_01,dataset_01\original\Healthy_Leaf\healthy_(40).jpg,healthy_(40).jpg,Healthy_Leaf,Healthy_Leaf,internal_test,in_distribution_evaluation
Dataset_01,dataset_01\original\Healthy_Leaf\healthy_(14).jpg,healthy_(14).jpg,Healthy_Leaf,Healthy_Leaf,internal_test,in_distribution_evaluation
Dataset_01,dataset_01\original\Healthy_Leaf\healthy_(159).jpg,healthy_(159).jpg,Healthy_Leaf,Healthy_Leaf,internal_test,in_distribution_evaluation
Dataset_01,dataset_01\original\Healthy_Leaf\healthy_(125).jpg,healthy_(125).jpg,Healthy_Leaf,Healthy_Leaf,internal_test,in_distribution_evaluation
Dataset_01,dataset_01\original\Healthy_Leaf\healthy_(105).jpg,healthy_(105).jpg,Healthy_Leaf,Healthy_Leaf,internal_test,in_distribution_evaluation
Dataset_01,dataset_01\original\Healthy_Leaf\healthy_(85).jpg,healthy_(85).jpg,Healthy_Leaf,Healthy_Leaf,internal_test,in_distribution_evaluation
Dataset_01,dataset_01\original\Healthy_Leaf\healthy_(30).jpg,healthy_(30).jpg,Healthy_Leaf,Healthy_Leaf,internal_test,in_distribution_evaluation
Dataset_01,dataset_01\original\Healthy_Leaf\healthy_(63).jpg,healthy_(63).jpg,Healthy_Leaf,Healthy_Leaf,internal_test,in_distribution_evaluation
Dataset_01,dataset_01\original\Healthy_Leaf\healthy_(86).jpg,healthy_(86).jpg,Healthy_Leaf,Healthy_Leaf,internal_test,in_distribution_evaluation
Dataset_01,dataset_01\original\Healthy_Leaf\healthy_(24).jpg,healthy_(24).jpg,Healthy_Leaf,Healthy_Leaf,internal_test,in_distribution_evaluation
Dataset_01,dataset_01\original\Healthy_Leaf\healthy_(55).jpg,healthy_(55).jpg,Healthy_Leaf,Healthy_Leaf,internal_test,in_distribution_evaluation
Dataset_01,dataset_01\original\Healthy_Leaf\healthy_(93).jpg,healthy_(93).jpg,Healthy_Leaf,Healthy_Leaf,internal_test,in_distribution_evaluation
Dataset_01,dataset_01\original\Healthy_Leaf\healthy_(84).jpg,healthy_(84).jpg,Healthy_Leaf,Healthy_Leaf,internal_test,in_distribution_evaluation
Dataset_01,dataset_01\original\Healthy_Leaf\healthy_(114).jpg,healthy_(114).jpg,Healthy_Leaf,Healthy_Leaf,internal_test,in_distribution_evaluation
Dataset_01,dataset_01\original\Healthy_Leaf\healthy_(163).jpg,healthy_(163).jpg,Healthy_Leaf,Healthy_Leaf,internal_test,in_distribution_evaluation
Dataset_01,dataset_01\original\Healthy_Leaf\healthy_(175).jpg,healthy_(175).jpg,Healthy_Leaf,Healthy_Leaf,internal_test,in_distribution_evaluation
Dataset_01,dataset_01\original\Healthy_Leaf\healthy_(191).jpg,healthy_(191).jpg,Healthy_Leaf,Healthy_Leaf,internal_test,in_distribution_evaluation
Dataset_01,dataset_01\original\Healthy_Leaf\healthy_(143).jpg,healthy_(143).jpg,Healthy_Leaf,Healthy_Leaf,internal_test,in_distribution_evaluation
Dataset_01,dataset_01\original\Healthy_Leaf\healthy_(59).jpg,healthy_(59).jpg,Healthy_Leaf,Healthy_Leaf,internal_test,in_distribution_evaluation
Dataset_01,dataset_01\original\Healthy_Leaf\healthy_(104).jpg,healthy_(104).jpg,Healthy_Leaf,Healthy_Leaf,internal_test,in_distribution_evaluation
Dataset_01,dataset_01\original\Healthy_Leaf\healthy_(150).jpg,healthy_(150).jpg,Healthy_Leaf,Healthy_Leaf,internal_test,in_distribution_evaluation
Dataset_01,dataset_01\original\Healthy_Leaf\healthy_(151).jpg,healthy_(151).jpg,Healthy_Leaf,Healthy_Leaf,internal_test,in_distribution_evaluation
Dataset_01,dataset_01\original\Healthy_Leaf\healthy_(90).jpg,healthy_(90).jpg,Healthy_Leaf,Healthy_Leaf,internal_test,in_distribution_evaluation
Dataset_01,dataset_01\original\Healthy_Leaf\healthy_(17).jpg,healthy_(17).jpg,Healthy_Leaf,Healthy_Leaf,internal_test,in_distribution_evaluation
Dataset_01,dataset_01\original\Healthy_Leaf\healthy_(18).jpg,healthy_(18).jpg,Healthy_Leaf,Healthy_Leaf,internal_test,in_distribution_evaluation
Dataset_01,dataset_01\original\Healthy_Leaf\healthy_(204).jpg,healthy_(204).jpg,Healthy_Leaf,Healthy_Leaf,internal_test,in_distribution_evaluation
Dataset_01,dataset_01\original\Healthy_Leaf\healthy_(145).jpg,healthy_(145).jpg,Healthy_Leaf,Healthy_Leaf,internal_test,in_distribution_evaluation
Dataset_01,dataset_01\original\Healthy_Leaf\healthy_(15).jpg,healthy_(15).jpg,Healthy_Leaf,Healthy_Leaf,internal_test,in_distribution_evaluation
Dataset_01,dataset_01\original\Healthy_Leaf\healthy_(207).jpg,healthy_(207).jpg,Healthy_Leaf,Healthy_Leaf,internal_test,in_distribution_evaluation
Dataset_01,dataset_01\original\Healthy_Leaf\healthy_(107).jpg,healthy_(107).jpg,Healthy_Leaf,Healthy_Leaf,internal_test,in_distribution_evaluation
Dataset_01,dataset_01\original\Healthy_Leaf\healthy_(187).jpg,healthy_(187).jpg,Healthy_Leaf,Healthy_Leaf,internal_test,in_distribution_evaluation
Dataset_01,dataset_01\original\Leaf_Spot\leaf_spot_(182).jpg,leaf_spot_(182).jpg,Leaf_Spot,Leaf_Spot,train,model_training
Dataset_01,dataset_01\original\Leaf_Spot\leaf_spot_(185).jpg,leaf_spot_(185).jpg,Leaf_Spot,Leaf_Spot,train,model_training
Dataset_01,dataset_01\original\Leaf_Spot\leaf_spot_(79).jpg,leaf_spot_(79).jpg,Leaf_Spot,Leaf_Spot,train,model_training
Dataset_01,dataset_01\original\Leaf_Spot\leaf_spot_(143).jpg,leaf_spot_(143).jpg,Leaf_Spot,Leaf_Spot,train,model_training
Dataset_01,dataset_01\original\Leaf_Spot\leaf_spot_(63).jpg,leaf_spot_(63).jpg,Leaf_Spot,Leaf_Spot,train,model_training
Dataset_01,dataset_01\original\Leaf_Spot\leaf_spot_(81).jpg,leaf_spot_(81).jpg,Leaf_Spot,Leaf_Spot,train,model_training
Dataset_01,dataset_01\original\Leaf_Spot\leaf_spot_(1).jpg,leaf_spot_(1).jpg,Leaf_Spot,Leaf_Spot,train,model_training
Dataset_01,dataset_01\original\Leaf_Spot\leaf_spot_(70).jpg,leaf_spot_(70).jpg,Leaf_Spot,Leaf_Spot,train,model_training
Dataset_01,dataset_01\original\Leaf_Spot\leaf_spot_(100).jpg,leaf_spot_(100).jpg,Leaf_Spot,Leaf_Spot,train,model_training
Dataset_01,dataset_01\original\Leaf_Spot\leaf_spot_(131).jpg,leaf_spot_(131).jpg,Leaf_Spot,Leaf_Spot,train,model_training
Dataset_01,dataset_01\original\Leaf_Spot\leaf_spot_(86).jpg,leaf_spot_(86).jpg,Leaf_Spot,Leaf_Spot,train,model_training
Dataset_01,dataset_01\original\Leaf_Spot\leaf_spot_(90).jpg,leaf_spot_(90).jpg,Leaf_Spot,Leaf_Spot,train,model_training
Dataset_01,dataset_01\original\Leaf_Spot\leaf_spot_(16).jpg,leaf_spot_(16).jpg,Leaf_Spot,Leaf_Spot,train,model_training
Dataset_01,dataset_01\original\Leaf_Spot\leaf_spot_(27).jpg,leaf_spot_(27).jpg,Leaf_Spot,Leaf_Spot,train,model_training
Dataset_01,dataset_01\original\Leaf_Spot\leaf_spot_(60).jpg,leaf_spot_(60).jpg,Leaf_Spot,Leaf_Spot,train,model_training
Dataset_01,dataset_01\original\Leaf_Spot\leaf_spot_(107).jpg,leaf_spot_(107).jpg,Leaf_Spot,Leaf_Spot,train,model_training
Dataset_01,dataset_01\original\Leaf_Spot\leaf_spot_(113).jpg,leaf_spot_(113).jpg,Leaf_Spot,Leaf_Spot,train,model_training
Dataset_01,dataset_01\original\Leaf_Spot\leaf_spot_(178).jpg,leaf_spot_(178).jpg,Leaf_Spot,Leaf_Spot,train,model_training
Dataset_01,dataset_01\original\Leaf_Spot\leaf_spot_(25).jpg,leaf_spot_(25).jpg,Leaf_Spot,Leaf_Spot,train,model_training
Dataset_01,dataset_01\original\Leaf_Spot\leaf_spot_(75).jpg,leaf_spot_(75).jpg,Leaf_Spot,Leaf_Spot,train,model_training
Dataset_01,dataset_01\original\Leaf_Spot\leaf_spot_(43).jpg,leaf_spot_(43).jpg,Leaf_Spot,Leaf_Spot,train,model_training
Dataset_01,dataset_01\original\Leaf_Spot\leaf_spot_(65).jpg,leaf_spot_(65).jpg,Leaf_Spot,Leaf_Spot,train,model_training
Dataset_01,dataset_01\original\Leaf_Spot\leaf_spot_(95).jpg,leaf_spot_(95).jpg,Leaf_Spot,Leaf_Spot,train,model_training
Dataset_01,dataset_01\original\Leaf_Spot\leaf_spot_(37).jpg,leaf_spot_(37).jpg,Leaf_Spot,Leaf_Spot,train,model_training
Dataset_01,dataset_01\original\Leaf_Spot\leaf_spot_(38).jpg,leaf_spot_(38).jpg,Leaf_Spot,Leaf_Spot,train,model_training
Dataset_01,dataset_01\original\Leaf_Spot\leaf_spot_(188).jpg,leaf_spot_(188).jpg,Leaf_Spot,Leaf_Spot,train,model_training
Dataset_01,dataset_01\original\Leaf_Spot\leaf_spot_(72).jpg,leaf_spot_(72).jpg,Leaf_Spot,Leaf_Spot,train,model_training
Dataset_01,dataset_01\original\Leaf_Spot\leaf_spot_(36).jpg,leaf_spot_(36).jpg,Leaf_Spot,Leaf_Spot,train,model_training
Dataset_01,dataset_01\original\Leaf_Spot\leaf_spot_(171).jpg,leaf_spot_(171).jpg,Leaf_Spot,Leaf_Spot,train,model_training
Dataset_01,dataset_01\original\Leaf_Spot\leaf_spot_(67).jpg,leaf_spot_(67).jpg,Leaf_Spot,Leaf_Spot,train,model_training
Dataset_01,dataset_01\original\Leaf_Spot\leaf_spot_(35).jpg,leaf_spot_(35).jpg,Leaf_Spot,Leaf_Spot,train,model_training
Dataset_01,dataset_01\original\Leaf_Spot\leaf_spot_(15).jpg,leaf_spot_(15).jpg,Leaf_Spot,Leaf_Spot,train,model_training
Dataset_01,dataset_01\original\Leaf_Spot\leaf_spot_(99).jpg,leaf_spot_(99).jpg,Leaf_Spot,Leaf_Spot,train,model_training
Dataset_01,dataset_01\original\Leaf_Spot\leaf_spot_(53).jpg,leaf_spot_(53).jpg,Leaf_Spot,Leaf_Spot,train,model_training
Dataset_01,dataset_01\original\Leaf_Spot\leaf_spot_(133).jpg,leaf_spot_(133).jpg,Leaf_Spot,Leaf_Spot,train,model_training
Dataset_01,dataset_01\original\Leaf_Spot\leaf_spot_(91).jpg,leaf_spot_(91).jpg,Leaf_Spot,Leaf_Spot,train,model_training
Dataset_01,dataset_01\original\Leaf_Spot\leaf_spot_(135).jpg,leaf_spot_(135).jpg,Leaf_Spot,Leaf_Spot,train,model_training
Dataset_01,dataset_01\original\Leaf_Spot\leaf_spot_(59).jpg,leaf_spot_(59).jpg,Leaf_Spot,Leaf_Spot,train,model_training
Dataset_01,dataset_01\original\Leaf_Spot\leaf_spot_(193).jpg,leaf_spot_(193).jpg,Leaf_Spot,Leaf_Spot,train,model_training
Dataset_01,dataset_01\original\Leaf_Spot\leaf_spot_(165).jpg,leaf_spot_(165).jpg,Leaf_Spot,Leaf_Spot,train,model_training
Dataset_01,dataset_01\original\Leaf_Spot\leaf_spot_(49).jpg,leaf_spot_(49).jpg,Leaf_Spot,Leaf_Spot,train,model_training
Dataset_01,dataset_01\original\Leaf_Spot\leaf_spot_(30).jpg,leaf_spot_(30).jpg,Leaf_Spot,Leaf_Spot,train,model_training
Dataset_01,dataset_01\original\Leaf_Spot\leaf_spot_(42).jpg,leaf_spot_(42).jpg,Leaf_Spot,Leaf_Spot,train,model_training
Dataset_01,dataset_01\original\Leaf_Spot\leaf_spot_(132).jpg,leaf_spot_(132).jpg,Leaf_Spot,Leaf_Spot,train,model_training
Dataset_01,dataset_01\original\Leaf_Spot\leaf_spot_(54).jpg,leaf_spot_(54).jpg,Leaf_Spot,Leaf_Spot,train,model_training
Dataset_01,dataset_01\original\Leaf_Spot\leaf_spot_(9).jpg,leaf_spot_(9).jpg,Leaf_Spot,Leaf_Spot,train,model_training
Dataset_01,dataset_01\original\Leaf_Spot\leaf_spot_(153).jpg,leaf_spot_(153).jpg,Leaf_Spot,Leaf_Spot,train,model_training
Dataset_01,dataset_01\original\Leaf_Spot\leaf_spot_(176).jpg,leaf_spot_(176).jpg,Leaf_Spot,Leaf_Spot,train,model_training
Dataset_01,dataset_01\original\Leaf_Spot\leaf_spot_(121).jpg,leaf_spot_(121).jpg,Leaf_Spot,Leaf_Spot,train,model_training
Dataset_01,dataset_01\original\Leaf_Spot\leaf_spot_(111).jpg,leaf_spot_(111).jpg,Leaf_Spot,Leaf_Spot,train,model_training
Dataset_01,dataset_01\original\Leaf_Spot\leaf_spot_(115).jpg,leaf_spot_(115).jpg,Leaf_Spot,Leaf_Spot,train,model_training
Dataset_01,dataset_01\original\Leaf_Spot\leaf_spot_(64).jpg,leaf_spot_(64).jpg,Leaf_Spot,Leaf_Spot,train,model_training
Dataset_01,dataset_01\original\Leaf_Spot\leaf_spot_(161).jpg,leaf_spot_(161).jpg,Leaf_Spot,Leaf_Spot,train,model_training
Dataset_01,dataset_01\original\Leaf_Spot\leaf_spot_(46).jpg,leaf_spot_(46).jpg,Leaf_Spot,Leaf_Spot,train,model_training
Dataset_01,dataset_01\original\Leaf_Spot\leaf_spot_(124).jpg,leaf_spot_(124).jpg,Leaf_Spot,Leaf_Spot,train,model_training
Dataset_01,dataset_01\original\Leaf_Spot\leaf_spot_(8).jpg,leaf_spot_(8).jpg,Leaf_Spot,Leaf_Spot,train,model_training
Dataset_01,dataset_01\original\Leaf_Spot\leaf_spot_(166).jpg,leaf_spot_(166).jpg,Leaf_Spot,Leaf_Spot,train,model_training
Dataset_01,dataset_01\original\Leaf_Spot\leaf_spot_(47).jpg,leaf_spot_(47).jpg,Leaf_Spot,Leaf_Spot,train,model_training
Dataset_01,dataset_01\original\Leaf_Spot\leaf_spot_(56).jpg,leaf_spot_(56).jpg,Leaf_Spot,Leaf_Spot,train,model_training
Dataset_01,dataset_01\original\Leaf_Spot\leaf_spot_(139).jpg,leaf_spot_(139).jpg,Leaf_Spot,Leaf_Spot,train,model_training
Dataset_01,dataset_01\original\Leaf_Spot\leaf_spot_(112).jpg,leaf_spot_(112).jpg,Leaf_Spot,Leaf_Spot,train,model_training
Dataset_01,dataset_01\original\Leaf_Spot\leaf_spot_(74).jpg,leaf_spot_(74).jpg,Leaf_Spot,Leaf_Spot,train,model_training
Dataset_01,dataset_01\original\Leaf_Spot\leaf_spot_(162).jpg,leaf_spot_(162).jpg,Leaf_Spot,Leaf_Spot,train,model_training
Dataset_01,dataset_01\original\Leaf_Spot\leaf_spot_(168).jpg,leaf_spot_(168).jpg,Leaf_Spot,Leaf_Spot,train,model_training
Dataset_01,dataset_01\original\Leaf_Spot\leaf_spot_(146).jpg,leaf_spot_(146).jpg,Leaf_Spot,Leaf_Spot,train,model_training
Dataset_01,dataset_01\original\Leaf_Spot\leaf_spot_(41).jpg,leaf_spot_(41).jpg,Leaf_Spot,Leaf_Spot,train,model_training
Dataset_01,dataset_01\original\Leaf_Spot\leaf_spot_(40).jpg,leaf_spot_(40).jpg,Leaf_Spot,Leaf_Spot,train,model_training
Dataset_01,dataset_01\original\Leaf_Spot\leaf_spot_(120).jpg,leaf_spot_(120).jpg,Leaf_Spot,Leaf_Spot,train,model_training
Dataset_01,dataset_01\original\Leaf_Spot\leaf_spot_(191).jpg,leaf_spot_(191).jpg,Leaf_Spot,Leaf_Spot,train,model_training
Dataset_01,dataset_01\original\Leaf_Spot\leaf_spot_(88).jpg,leaf_spot_(88).jpg,Leaf_Spot,Leaf_Spot,train,model_training
Dataset_01,dataset_01\original\Leaf_Spot\leaf_spot_(93).jpg,leaf_spot_(93).jpg,Leaf_Spot,Leaf_Spot,train,model_training
Dataset_01,dataset_01\original\Leaf_Spot\leaf_spot_(4).jpg,leaf_spot_(4).jpg,Leaf_Spot,Leaf_Spot,train,model_training
Dataset_01,dataset_01\original\Leaf_Spot\leaf_spot_(24).jpg,leaf_spot_(24).jpg,Leaf_Spot,Leaf_Spot,train,model_training
Dataset_01,dataset_01\original\Leaf_Spot\leaf_spot_(129).jpg,leaf_spot_(129).jpg,Leaf_Spot,Leaf_Spot,train,model_training
Dataset_01,dataset_01\original\Leaf_Spot\leaf_spot_(14).jpg,leaf_spot_(14).jpg,Leaf_Spot,Leaf_Spot,train,model_training
Dataset_01,dataset_01\original\Leaf_Spot\leaf_spot_(50).jpg,leaf_spot_(50).jpg,Leaf_Spot,Leaf_Spot,train,model_training
Dataset_01,dataset_01\original\Leaf_Spot\leaf_spot_(28).jpg,leaf_spot_(28).jpg,Leaf_Spot,Leaf_Spot,train,model_training
Dataset_01,dataset_01\original\Leaf_Spot\leaf_spot_(12).jpg,leaf_spot_(12).jpg,Leaf_Spot,Leaf_Spot,train,model_training
Dataset_01,dataset_01\original\Leaf_Spot\leaf_spot_(181).jpg,leaf_spot_(181).jpg,Leaf_Spot,Leaf_Spot,train,model_training
Dataset_01,dataset_01\original\Leaf_Spot\leaf_spot_(66).jpg,leaf_spot_(66).jpg,Leaf_Spot,Leaf_Spot,train,model_training
Dataset_01,dataset_01\original\Leaf_Spot\leaf_spot_(101).jpg,leaf_spot_(101).jpg,Leaf_Spot,Leaf_Spot,train,model_training
Dataset_01,dataset_01\original\Leaf_Spot\leaf_spot_(57).jpg,leaf_spot_(57).jpg,Leaf_Spot,Leaf_Spot,train,model_training
Dataset_01,dataset_01\original\Leaf_Spot\leaf_spot_(189).jpg,leaf_spot_(189).jpg,Leaf_Spot,Leaf_Spot,train,model_training
Dataset_01,dataset_01\original\Leaf_Spot\leaf_spot_(164).jpg,leaf_spot_(164).jpg,Leaf_Spot,Leaf_Spot,train,model_training
Dataset_01,dataset_01\original\Leaf_Spot\leaf_spot_(98).jpg,leaf_spot_(98).jpg,Leaf_Spot,Leaf_Spot,train,model_training
Dataset_01,dataset_01\original\Leaf_Spot\leaf_spot_(77).jpg,leaf_spot_(77).jpg,Leaf_Spot,Leaf_Spot,train,model_training
Dataset_01,dataset_01\original\Leaf_Spot\leaf_spot_(7).jpg,leaf_spot_(7).jpg,Leaf_Spot,Leaf_Spot,train,model_training
Dataset_01,dataset_01\original\Leaf_Spot\leaf_spot_(130).jpg,leaf_spot_(130).jpg,Leaf_Spot,Leaf_Spot,train,model_training
Dataset_01,dataset_01\original\Leaf_Spot\leaf_spot_(109).jpg,leaf_spot_(109).jpg,Leaf_Spot,Leaf_Spot,train,model_training
Dataset_01,dataset_01\original\Leaf_Spot\leaf_spot_(127).jpg,leaf_spot_(127).jpg,Leaf_Spot,Leaf_Spot,train,model_training
Dataset_01,dataset_01\original\Leaf_Spot\leaf_spot_(52).jpg,leaf_spot_(52).jpg,Leaf_Spot,Leaf_Spot,train,model_training
Dataset_01,dataset_01\original\Leaf_Spot\leaf_spot_(96).jpg,leaf_spot_(96).jpg,Leaf_Spot,Leaf_Spot,train,model_training
Dataset_01,dataset_01\original\Leaf_Spot\leaf_spot_(167).jpg,leaf_spot_(167).jpg,Leaf_Spot,Leaf_Spot,train,model_training
Dataset_01,dataset_01\original\Leaf_Spot\leaf_spot_(192).jpg,leaf_spot_(192).jpg,Leaf_Spot,Leaf_Spot,train,model_training
Dataset_01,dataset_01\original\Leaf_Spot\leaf_spot_(29).jpg,leaf_spot_(29).jpg,Leaf_Spot,Leaf_Spot,train,model_training
Dataset_01,dataset_01\original\Leaf_Spot\leaf_spot_(152).jpg,leaf_spot_(152).jpg,Leaf_Spot,Leaf_Spot,train,model_training
Dataset_01,dataset_01\original\Leaf_Spot\leaf_spot_(62).jpg,leaf_spot_(62).jpg,Leaf_Spot,Leaf_Spot,train,model_training
Dataset_01,dataset_01\original\Leaf_Spot\leaf_spot_(39).jpg,leaf_spot_(39).jpg,Leaf_Spot,Leaf_Spot,train,model_training
Dataset_01,dataset_01\original\Leaf_Spot\leaf_spot_(17).jpg,leaf_spot_(17).jpg,Leaf_Spot,Leaf_Spot,train,model_training
Dataset_01,dataset_01\original\Leaf_Spot\leaf_spot_(89).jpg,leaf_spot_(89).jpg,Leaf_Spot,Leaf_Spot,train,model_training
Dataset_01,dataset_01\original\Leaf_Spot\leaf_spot_(80).jpg,leaf_spot_(80).jpg,Leaf_Spot,Leaf_Spot,train,model_training
Dataset_01,dataset_01\original\Leaf_Spot\leaf_spot_(85).jpg,leaf_spot_(85).jpg,Leaf_Spot,Leaf_Spot,train,model_training
Dataset_01,dataset_01\original\Leaf_Spot\leaf_spot_(183).jpg,leaf_spot_(183).jpg,Leaf_Spot,Leaf_Spot,train,model_training
Dataset_01,dataset_01\original\Leaf_Spot\leaf_spot_(119).jpg,leaf_spot_(119).jpg,Leaf_Spot,Leaf_Spot,train,model_training
Dataset_01,dataset_01\original\Leaf_Spot\leaf_spot_(26).jpg,leaf_spot_(26).jpg,Leaf_Spot,Leaf_Spot,train,model_training
Dataset_01,dataset_01\original\Leaf_Spot\leaf_spot_(45).jpg,leaf_spot_(45).jpg,Leaf_Spot,Leaf_Spot,train,model_training
Dataset_01,dataset_01\original\Leaf_Spot\leaf_spot_(180).jpg,leaf_spot_(180).jpg,Leaf_Spot,Leaf_Spot,train,model_training
Dataset_01,dataset_01\original\Leaf_Spot\leaf_spot_(151).jpg,leaf_spot_(151).jpg,Leaf_Spot,Leaf_Spot,train,model_training
Dataset_01,dataset_01\original\Leaf_Spot\leaf_spot_(20).jpg,leaf_spot_(20).jpg,Leaf_Spot,Leaf_Spot,train,model_training
Dataset_01,dataset_01\original\Leaf_Spot\leaf_spot_(172).jpg,leaf_spot_(172).jpg,Leaf_Spot,Leaf_Spot,train,model_training
Dataset_01,dataset_01\original\Leaf_Spot\leaf_spot_(87).jpg,leaf_spot_(87).jpg,Leaf_Spot,Leaf_Spot,train,model_training
Dataset_01,dataset_01\original\Leaf_Spot\leaf_spot_(58).jpg,leaf_spot_(58).jpg,Leaf_Spot,Leaf_Spot,train,model_training
Dataset_01,dataset_01\original\Leaf_Spot\leaf_spot_(71).jpg,leaf_spot_(71).jpg,Leaf_Spot,Leaf_Spot,train,model_training
Dataset_01,dataset_01\original\Leaf_Spot\leaf_spot_(44).jpg,leaf_spot_(44).jpg,Leaf_Spot,Leaf_Spot,train,model_training
Dataset_01,dataset_01\original\Leaf_Spot\leaf_spot_(2).jpg,leaf_spot_(2).jpg,Leaf_Spot,Leaf_Spot,train,model_training
Dataset_01,dataset_01\original\Leaf_Spot\leaf_spot_(147).jpg,leaf_spot_(147).jpg,Leaf_Spot,Leaf_Spot,train,model_training
Dataset_01,dataset_01\original\Leaf_Spot\leaf_spot_(22).jpg,leaf_spot_(22).jpg,Leaf_Spot,Leaf_Spot,train,model_training
Dataset_01,dataset_01\original\Leaf_Spot\leaf_spot_(10).jpg,leaf_spot_(10).jpg,Leaf_Spot,Leaf_Spot,train,model_training
Dataset_01,dataset_01\original\Leaf_Spot\leaf_spot_(138).jpg,leaf_spot_(138).jpg,Leaf_Spot,Leaf_Spot,train,model_training
Dataset_01,dataset_01\original\Leaf_Spot\leaf_spot_(173).jpg,leaf_spot_(173).jpg,Leaf_Spot,Leaf_Spot,train,model_training
Dataset_01,dataset_01\original\Leaf_Spot\leaf_spot_(76).jpg,leaf_spot_(76).jpg,Leaf_Spot,Leaf_Spot,train,model_training
Dataset_01,dataset_01\original\Leaf_Spot\leaf_spot_(106).jpg,leaf_spot_(106).jpg,Leaf_Spot,Leaf_Spot,train,model_training
Dataset_01,dataset_01\original\Leaf_Spot\leaf_spot_(175).jpg,leaf_spot_(175).jpg,Leaf_Spot,Leaf_Spot,train,model_training
Dataset_01,dataset_01\original\Leaf_Spot\leaf_spot_(82).jpg,leaf_spot_(82).jpg,Leaf_Spot,Leaf_Spot,train,model_training
Dataset_01,dataset_01\original\Leaf_Spot\leaf_spot_(160).jpg,leaf_spot_(160).jpg,Leaf_Spot,Leaf_Spot,train,model_training
Dataset_01,dataset_01\original\Leaf_Spot\leaf_spot_(179).jpg,leaf_spot_(179).jpg,Leaf_Spot,Leaf_Spot,train,model_training
Dataset_01,dataset_01\original\Leaf_Spot\leaf_spot_(68).jpg,leaf_spot_(68).jpg,Leaf_Spot,Leaf_Spot,train,model_training
Dataset_01,dataset_01\original\Leaf_Spot\leaf_spot_(126).jpg,leaf_spot_(126).jpg,Leaf_Spot,Leaf_Spot,train,model_training
Dataset_01,dataset_01\original\Leaf_Spot\leaf_spot_(169).jpg,leaf_spot_(169).jpg,Leaf_Spot,Leaf_Spot,train,model_training
Dataset_01,dataset_01\original\Leaf_Spot\leaf_spot_(122).jpg,leaf_spot_(122).jpg,Leaf_Spot,Leaf_Spot,train,model_training
Dataset_01,dataset_01\original\Leaf_Spot\leaf_spot_(155).jpg,leaf_spot_(155).jpg,Leaf_Spot,Leaf_Spot,train,model_training
Dataset_01,dataset_01\original\Leaf_Spot\leaf_spot_(116).jpg,leaf_spot_(116).jpg,Leaf_Spot,Leaf_Spot,train,model_training
Dataset_01,dataset_01\original\Leaf_Spot\leaf_spot_(190).jpg,leaf_spot_(190).jpg,Leaf_Spot,Leaf_Spot,val,hyperparameter_tuning_checkpointing
Dataset_01,dataset_01\original\Leaf_Spot\leaf_spot_(186).jpg,leaf_spot_(186).jpg,Leaf_Spot,Leaf_Spot,val,hyperparameter_tuning_checkpointing
Dataset_01,dataset_01\original\Leaf_Spot\leaf_spot_(51).jpg,leaf_spot_(51).jpg,Leaf_Spot,Leaf_Spot,val,hyperparameter_tuning_checkpointing
Dataset_01,dataset_01\original\Leaf_Spot\leaf_spot_(92).jpg,leaf_spot_(92).jpg,Leaf_Spot,Leaf_Spot,val,hyperparameter_tuning_checkpointing
Dataset_01,dataset_01\original\Leaf_Spot\leaf_spot_(123).jpg,leaf_spot_(123).jpg,Leaf_Spot,Leaf_Spot,val,hyperparameter_tuning_checkpointing
Dataset_01,dataset_01\original\Leaf_Spot\leaf_spot_(170).jpg,leaf_spot_(170).jpg,Leaf_Spot,Leaf_Spot,val,hyperparameter_tuning_checkpointing
Dataset_01,dataset_01\original\Leaf_Spot\leaf_spot_(136).jpg,leaf_spot_(136).jpg,Leaf_Spot,Leaf_Spot,val,hyperparameter_tuning_checkpointing
Dataset_01,dataset_01\original\Leaf_Spot\leaf_spot_(6).jpg,leaf_spot_(6).jpg,Leaf_Spot,Leaf_Spot,val,hyperparameter_tuning_checkpointing
Dataset_01,dataset_01\original\Leaf_Spot\leaf_spot_(137).jpg,leaf_spot_(137).jpg,Leaf_Spot,Leaf_Spot,val,hyperparameter_tuning_checkpointing
Dataset_01,dataset_01\original\Leaf_Spot\leaf_spot_(184).jpg,leaf_spot_(184).jpg,Leaf_Spot,Leaf_Spot,val,hyperparameter_tuning_checkpointing
Dataset_01,dataset_01\original\Leaf_Spot\leaf_spot_(158).jpg,leaf_spot_(158).jpg,Leaf_Spot,Leaf_Spot,val,hyperparameter_tuning_checkpointing
Dataset_01,dataset_01\original\Leaf_Spot\leaf_spot_(32).jpg,leaf_spot_(32).jpg,Leaf_Spot,Leaf_Spot,val,hyperparameter_tuning_checkpointing
Dataset_01,dataset_01\original\Leaf_Spot\leaf_spot_(149).jpg,leaf_spot_(149).jpg,Leaf_Spot,Leaf_Spot,val,hyperparameter_tuning_checkpointing
Dataset_01,dataset_01\original\Leaf_Spot\leaf_spot_(94).jpg,leaf_spot_(94).jpg,Leaf_Spot,Leaf_Spot,val,hyperparameter_tuning_checkpointing
Dataset_01,dataset_01\original\Leaf_Spot\leaf_spot_(125).jpg,leaf_spot_(125).jpg,Leaf_Spot,Leaf_Spot,val,hyperparameter_tuning_checkpointing
Dataset_01,dataset_01\original\Leaf_Spot\leaf_spot_(34).jpg,leaf_spot_(34).jpg,Leaf_Spot,Leaf_Spot,val,hyperparameter_tuning_checkpointing
Dataset_01,dataset_01\original\Leaf_Spot\leaf_spot_(128).jpg,leaf_spot_(128).jpg,Leaf_Spot,Leaf_Spot,val,hyperparameter_tuning_checkpointing
Dataset_01,dataset_01\original\Leaf_Spot\leaf_spot_(154).jpg,leaf_spot_(154).jpg,Leaf_Spot,Leaf_Spot,val,hyperparameter_tuning_checkpointing
Dataset_01,dataset_01\original\Leaf_Spot\leaf_spot_(134).jpg,leaf_spot_(134).jpg,Leaf_Spot,Leaf_Spot,val,hyperparameter_tuning_checkpointing
Dataset_01,dataset_01\original\Leaf_Spot\leaf_spot_(103).jpg,leaf_spot_(103).jpg,Leaf_Spot,Leaf_Spot,val,hyperparameter_tuning_checkpointing
Dataset_01,dataset_01\original\Leaf_Spot\leaf_spot_(145).jpg,leaf_spot_(145).jpg,Leaf_Spot,Leaf_Spot,val,hyperparameter_tuning_checkpointing
Dataset_01,dataset_01\original\Leaf_Spot\leaf_spot_(156).jpg,leaf_spot_(156).jpg,Leaf_Spot,Leaf_Spot,val,hyperparameter_tuning_checkpointing
Dataset_01,dataset_01\original\Leaf_Spot\leaf_spot_(105).jpg,leaf_spot_(105).jpg,Leaf_Spot,Leaf_Spot,val,hyperparameter_tuning_checkpointing
Dataset_01,dataset_01\original\Leaf_Spot\leaf_spot_(108).jpg,leaf_spot_(108).jpg,Leaf_Spot,Leaf_Spot,val,hyperparameter_tuning_checkpointing
Dataset_01,dataset_01\original\Leaf_Spot\leaf_spot_(114).jpg,leaf_spot_(114).jpg,Leaf_Spot,Leaf_Spot,val,hyperparameter_tuning_checkpointing
Dataset_01,dataset_01\original\Leaf_Spot\leaf_spot_(150).jpg,leaf_spot_(150).jpg,Leaf_Spot,Leaf_Spot,val,hyperparameter_tuning_checkpointing
Dataset_01,dataset_01\original\Leaf_Spot\leaf_spot_(18).jpg,leaf_spot_(18).jpg,Leaf_Spot,Leaf_Spot,val,hyperparameter_tuning_checkpointing
Dataset_01,dataset_01\original\Leaf_Spot\leaf_spot_(110).jpg,leaf_spot_(110).jpg,Leaf_Spot,Leaf_Spot,val,hyperparameter_tuning_checkpointing
Dataset_01,dataset_01\original\Leaf_Spot\leaf_spot_(5).jpg,leaf_spot_(5).jpg,Leaf_Spot,Leaf_Spot,val,hyperparameter_tuning_checkpointing
Dataset_01,dataset_01\original\Leaf_Spot\leaf_spot_(102).jpg,leaf_spot_(102).jpg,Leaf_Spot,Leaf_Spot,internal_test,in_distribution_evaluation
Dataset_01,dataset_01\original\Leaf_Spot\leaf_spot_(33).jpg,leaf_spot_(33).jpg,Leaf_Spot,Leaf_Spot,internal_test,in_distribution_evaluation
Dataset_01,dataset_01\original\Leaf_Spot\leaf_spot_(117).jpg,leaf_spot_(117).jpg,Leaf_Spot,Leaf_Spot,internal_test,in_distribution_evaluation
Dataset_01,dataset_01\original\Leaf_Spot\leaf_spot_(157).jpg,leaf_spot_(157).jpg,Leaf_Spot,Leaf_Spot,internal_test,in_distribution_evaluation
Dataset_01,dataset_01\original\Leaf_Spot\leaf_spot_(21).jpg,leaf_spot_(21).jpg,Leaf_Spot,Leaf_Spot,internal_test,in_distribution_evaluation
Dataset_01,dataset_01\original\Leaf_Spot\leaf_spot_(163).jpg,leaf_spot_(163).jpg,Leaf_Spot,Leaf_Spot,internal_test,in_distribution_evaluation
Dataset_01,dataset_01\original\Leaf_Spot\leaf_spot_(84).jpg,leaf_spot_(84).jpg,Leaf_Spot,Leaf_Spot,internal_test,in_distribution_evaluation
Dataset_01,dataset_01\original\Leaf_Spot\leaf_spot_(177).jpg,leaf_spot_(177).jpg,Leaf_Spot,Leaf_Spot,internal_test,in_distribution_evaluation
Dataset_01,dataset_01\original\Leaf_Spot\leaf_spot_(83).jpg,leaf_spot_(83).jpg,Leaf_Spot,Leaf_Spot,internal_test,in_distribution_evaluation
Dataset_01,dataset_01\original\Leaf_Spot\leaf_spot_(3).jpg,leaf_spot_(3).jpg,Leaf_Spot,Leaf_Spot,internal_test,in_distribution_evaluation
Dataset_01,dataset_01\original\Leaf_Spot\leaf_spot_(148).jpg,leaf_spot_(148).jpg,Leaf_Spot,Leaf_Spot,internal_test,in_distribution_evaluation
Dataset_01,dataset_01\original\Leaf_Spot\leaf_spot_(174).jpg,leaf_spot_(174).jpg,Leaf_Spot,Leaf_Spot,internal_test,in_distribution_evaluation
Dataset_01,dataset_01\original\Leaf_Spot\leaf_spot_(187).jpg,leaf_spot_(187).jpg,Leaf_Spot,Leaf_Spot,internal_test,in_distribution_evaluation
Dataset_01,dataset_01\original\Leaf_Spot\leaf_spot_(159).jpg,leaf_spot_(159).jpg,Leaf_Spot,Leaf_Spot,internal_test,in_distribution_evaluation
Dataset_01,dataset_01\original\Leaf_Spot\leaf_spot_(11).jpg,leaf_spot_(11).jpg,Leaf_Spot,Leaf_Spot,internal_test,in_distribution_evaluation
Dataset_01,dataset_01\original\Leaf_Spot\leaf_spot_(140).jpg,leaf_spot_(140).jpg,Leaf_Spot,Leaf_Spot,internal_test,in_distribution_evaluation
Dataset_01,dataset_01\original\Leaf_Spot\leaf_spot_(31).jpg,leaf_spot_(31).jpg,Leaf_Spot,Leaf_Spot,internal_test,in_distribution_evaluation
Dataset_01,dataset_01\original\Leaf_Spot\leaf_spot_(13).jpg,leaf_spot_(13).jpg,Leaf_Spot,Leaf_Spot,internal_test,in_distribution_evaluation
Dataset_01,dataset_01\original\Leaf_Spot\leaf_spot_(23).jpg,leaf_spot_(23).jpg,Leaf_Spot,Leaf_Spot,internal_test,in_distribution_evaluation
Dataset_01,dataset_01\original\Leaf_Spot\leaf_spot_(73).jpg,leaf_spot_(73).jpg,Leaf_Spot,Leaf_Spot,internal_test,in_distribution_evaluation
Dataset_01,dataset_01\original\Leaf_Spot\leaf_spot_(118).jpg,leaf_spot_(118).jpg,Leaf_Spot,Leaf_Spot,internal_test,in_distribution_evaluation
Dataset_01,dataset_01\original\Leaf_Spot\leaf_spot_(97).jpg,leaf_spot_(97).jpg,Leaf_Spot,Leaf_Spot,internal_test,in_distribution_evaluation
Dataset_01,dataset_01\original\Leaf_Spot\leaf_spot_(78).jpg,leaf_spot_(78).jpg,Leaf_Spot,Leaf_Spot,internal_test,in_distribution_evaluation
Dataset_01,dataset_01\original\Leaf_Spot\leaf_spot_(55).jpg,leaf_spot_(55).jpg,Leaf_Spot,Leaf_Spot,internal_test,in_distribution_evaluation
Dataset_01,dataset_01\original\Leaf_Spot\leaf_spot_(61).jpg,leaf_spot_(61).jpg,Leaf_Spot,Leaf_Spot,internal_test,in_distribution_evaluation
Dataset_01,dataset_01\original\Leaf_Spot\leaf_spot_(19).jpg,leaf_spot_(19).jpg,Leaf_Spot,Leaf_Spot,internal_test,in_distribution_evaluation
Dataset_01,dataset_01\original\Leaf_Spot\leaf_spot_(104).jpg,leaf_spot_(104).jpg,Leaf_Spot,Leaf_Spot,internal_test,in_distribution_evaluation
Dataset_01,dataset_01\original\Leaf_Spot\leaf_spot_(48).jpg,leaf_spot_(48).jpg,Leaf_Spot,Leaf_Spot,internal_test,in_distribution_evaluation
Dataset_01,dataset_01\original\Leaf_Spot\leaf_spot_(69).jpg,leaf_spot_(69).jpg,Leaf_Spot,Leaf_Spot,internal_test,in_distribution_evaluation
Dataset_02,dataset_02\original\Turmeric Plant Disease\Dry Leaf\Dry Leaf00001.JPG,Dry Leaf00001.JPG,Dry Leaf,Dry_Leaf,external_ood,out_of_distribution_robustness
Dataset_02,dataset_02\original\Turmeric Plant Disease\Dry Leaf\Dry Leaf00002.JPG,Dry Leaf00002.JPG,Dry Leaf,Dry_Leaf,external_ood,out_of_distribution_robustness
Dataset_02,dataset_02\original\Turmeric Plant Disease\Dry Leaf\Dry Leaf00003.JPG,Dry Leaf00003.JPG,Dry Leaf,Dry_Leaf,external_ood,out_of_distribution_robustness
Dataset_02,dataset_02\original\Turmeric Plant Disease\Dry Leaf\Dry Leaf00004.JPG,Dry Leaf00004.JPG,Dry Leaf,Dry_Leaf,external_ood,out_of_distribution_robustness
Dataset_02,dataset_02\original\Turmeric Plant Disease\Dry Leaf\Dry Leaf00005.JPG,Dry Leaf00005.JPG,Dry Leaf,Dry_Leaf,external_ood,out_of_distribution_robustness
Dataset_02,dataset_02\original\Turmeric Plant Disease\Dry Leaf\Dry Leaf00006.JPG,Dry Leaf00006.JPG,Dry Leaf,Dry_Leaf,external_ood,out_of_distribution_robustness
Dataset_02,dataset_02\original\Turmeric Plant Disease\Dry Leaf\Dry Leaf00007.JPG,Dry Leaf00007.JPG,Dry Leaf,Dry_Leaf,external_ood,out_of_distribution_robustness
Dataset_02,dataset_02\original\Turmeric Plant Disease\Dry Leaf\Dry Leaf00008.JPG,Dry Leaf00008.JPG,Dry Leaf,Dry_Leaf,external_ood,out_of_distribution_robustness
Dataset_02,dataset_02\original\Turmeric Plant Disease\Dry Leaf\Dry Leaf00009.JPG,Dry Leaf00009.JPG,Dry Leaf,Dry_Leaf,external_ood,out_of_distribution_robustness
Dataset_02,dataset_02\original\Turmeric Plant Disease\Dry Leaf\Dry Leaf00010.JPG,Dry Leaf00010.JPG,Dry Leaf,Dry_Leaf,external_ood,out_of_distribution_robustness
Dataset_02,dataset_02\original\Turmeric Plant Disease\Dry Leaf\Dry Leaf00011.JPG,Dry Leaf00011.JPG,Dry Leaf,Dry_Leaf,external_ood,out_of_distribution_robustness
Dataset_02,dataset_02\original\Turmeric Plant Disease\Dry Leaf\Dry Leaf00012.JPG,Dry Leaf00012.JPG,Dry Leaf,Dry_Leaf,external_ood,out_of_distribution_robustness
Dataset_02,dataset_02\original\Turmeric Plant Disease\Dry Leaf\Dry Leaf00013.JPG,Dry Leaf00013.JPG,Dry Leaf,Dry_Leaf,external_ood,out_of_distribution_robustness
Dataset_02,dataset_02\original\Turmeric Plant Disease\Dry Leaf\Dry Leaf00014.JPG,Dry Leaf00014.JPG,Dry Leaf,Dry_Leaf,external_ood,out_of_distribution_robustness
Dataset_02,dataset_02\original\Turmeric Plant Disease\Dry Leaf\Dry Leaf00015.JPG,Dry Leaf00015.JPG,Dry Leaf,Dry_Leaf,external_ood,out_of_distribution_robustness
Dataset_02,dataset_02\original\Turmeric Plant Disease\Dry Leaf\Dry Leaf00016.JPG,Dry Leaf00016.JPG,Dry Leaf,Dry_Leaf,external_ood,out_of_distribution_robustness
Dataset_02,dataset_02\original\Turmeric Plant Disease\Dry Leaf\Dry Leaf00017.JPG,Dry Leaf00017.JPG,Dry Leaf,Dry_Leaf,external_ood,out_of_distribution_robustness
Dataset_02,dataset_02\original\Turmeric Plant Disease\Dry Leaf\Dry Leaf00018.JPG,Dry Leaf00018.JPG,Dry Leaf,Dry_Leaf,external_ood,out_of_distribution_robustness
Dataset_02,dataset_02\original\Turmeric Plant Disease\Dry Leaf\Dry Leaf00019.JPG,Dry Leaf00019.JPG,Dry Leaf,Dry_Leaf,external_ood,out_of_distribution_robustness
Dataset_02,dataset_02\original\Turmeric Plant Disease\Dry Leaf\Dry Leaf00020.JPG,Dry Leaf00020.JPG,Dry Leaf,Dry_Leaf,external_ood,out_of_distribution_robustness
Dataset_02,dataset_02\original\Turmeric Plant Disease\Dry Leaf\Dry Leaf00021.JPG,Dry Leaf00021.JPG,Dry Leaf,Dry_Leaf,external_ood,out_of_distribution_robustness
Dataset_02,dataset_02\original\Turmeric Plant Disease\Dry Leaf\Dry Leaf00022.JPG,Dry Leaf00022.JPG,Dry Leaf,Dry_Leaf,external_ood,out_of_distribution_robustness
Dataset_02,dataset_02\original\Turmeric Plant Disease\Dry Leaf\Dry Leaf00023.JPG,Dry Leaf00023.JPG,Dry Leaf,Dry_Leaf,external_ood,out_of_distribution_robustness
Dataset_02,dataset_02\original\Turmeric Plant Disease\Dry Leaf\Dry Leaf00024.JPG,Dry Leaf00024.JPG,Dry Leaf,Dry_Leaf,external_ood,out_of_distribution_robustness
Dataset_02,dataset_02\original\Turmeric Plant Disease\Dry Leaf\Dry Leaf00025.JPG,Dry Leaf00025.JPG,Dry Leaf,Dry_Leaf,external_ood,out_of_distribution_robustness
Dataset_02,dataset_02\original\Turmeric Plant Disease\Dry Leaf\Dry Leaf00026.JPG,Dry Leaf00026.JPG,Dry Leaf,Dry_Leaf,external_ood,out_of_distribution_robustness
Dataset_02,dataset_02\original\Turmeric Plant Disease\Dry Leaf\Dry Leaf00027.JPG,Dry Leaf00027.JPG,Dry Leaf,Dry_Leaf,external_ood,out_of_distribution_robustness
Dataset_02,dataset_02\original\Turmeric Plant Disease\Dry Leaf\Dry Leaf00028.JPG,Dry Leaf00028.JPG,Dry Leaf,Dry_Leaf,external_ood,out_of_distribution_robustness
Dataset_02,dataset_02\original\Turmeric Plant Disease\Dry Leaf\Dry Leaf00029.JPG,Dry Leaf00029.JPG,Dry Leaf,Dry_Leaf,external_ood,out_of_distribution_robustness
Dataset_02,dataset_02\original\Turmeric Plant Disease\Dry Leaf\Dry Leaf00030.JPG,Dry Leaf00030.JPG,Dry Leaf,Dry_Leaf,external_ood,out_of_distribution_robustness
Dataset_02,dataset_02\original\Turmeric Plant Disease\Dry Leaf\Dry Leaf00031.JPG,Dry Leaf00031.JPG,Dry Leaf,Dry_Leaf,external_ood,out_of_distribution_robustness
Dataset_02,dataset_02\original\Turmeric Plant Disease\Dry Leaf\Dry Leaf00032.JPG,Dry Leaf00032.JPG,Dry Leaf,Dry_Leaf,external_ood,out_of_distribution_robustness
Dataset_02,dataset_02\original\Turmeric Plant Disease\Dry Leaf\Dry Leaf00033.JPG,Dry Leaf00033.JPG,Dry Leaf,Dry_Leaf,external_ood,out_of_distribution_robustness
Dataset_02,dataset_02\original\Turmeric Plant Disease\Dry Leaf\Dry Leaf00034.JPG,Dry Leaf00034.JPG,Dry Leaf,Dry_Leaf,external_ood,out_of_distribution_robustness
Dataset_02,dataset_02\original\Turmeric Plant Disease\Dry Leaf\Dry Leaf00035.JPG,Dry Leaf00035.JPG,Dry Leaf,Dry_Leaf,external_ood,out_of_distribution_robustness
Dataset_02,dataset_02\original\Turmeric Plant Disease\Dry Leaf\Dry Leaf00036.JPG,Dry Leaf00036.JPG,Dry Leaf,Dry_Leaf,external_ood,out_of_distribution_robustness
Dataset_02,dataset_02\original\Turmeric Plant Disease\Dry Leaf\Dry Leaf00037.JPG,Dry Leaf00037.JPG,Dry Leaf,Dry_Leaf,external_ood,out_of_distribution_robustness
Dataset_02,dataset_02\original\Turmeric Plant Disease\Dry Leaf\Dry Leaf00038.JPG,Dry Leaf00038.JPG,Dry Leaf,Dry_Leaf,external_ood,out_of_distribution_robustness
Dataset_02,dataset_02\original\Turmeric Plant Disease\Dry Leaf\Dry Leaf00039.JPG,Dry Leaf00039.JPG,Dry Leaf,Dry_Leaf,external_ood,out_of_distribution_robustness
Dataset_02,dataset_02\original\Turmeric Plant Disease\Dry Leaf\Dry Leaf00040.JPG,Dry Leaf00040.JPG,Dry Leaf,Dry_Leaf,external_ood,out_of_distribution_robustness
Dataset_02,dataset_02\original\Turmeric Plant Disease\Dry Leaf\Dry Leaf00041.JPG,Dry Leaf00041.JPG,Dry Leaf,Dry_Leaf,external_ood,out_of_distribution_robustness
Dataset_02,dataset_02\original\Turmeric Plant Disease\Dry Leaf\Dry Leaf00042.JPG,Dry Leaf00042.JPG,Dry Leaf,Dry_Leaf,external_ood,out_of_distribution_robustness
Dataset_02,dataset_02\original\Turmeric Plant Disease\Dry Leaf\Dry Leaf00043.JPG,Dry Leaf00043.JPG,Dry Leaf,Dry_Leaf,external_ood,out_of_distribution_robustness
Dataset_02,dataset_02\original\Turmeric Plant Disease\Dry Leaf\Dry Leaf00044.JPG,Dry Leaf00044.JPG,Dry Leaf,Dry_Leaf,external_ood,out_of_distribution_robustness
Dataset_02,dataset_02\original\Turmeric Plant Disease\Dry Leaf\Dry Leaf00045.JPG,Dry Leaf00045.JPG,Dry Leaf,Dry_Leaf,external_ood,out_of_distribution_robustness
Dataset_02,dataset_02\original\Turmeric Plant Disease\Dry Leaf\Dry Leaf00046.JPG,Dry Leaf00046.JPG,Dry Leaf,Dry_Leaf,external_ood,out_of_distribution_robustness
Dataset_02,dataset_02\original\Turmeric Plant Disease\Dry Leaf\Dry Leaf00047.JPG,Dry Leaf00047.JPG,Dry Leaf,Dry_Leaf,external_ood,out_of_distribution_robustness
Dataset_02,dataset_02\original\Turmeric Plant Disease\Dry Leaf\Dry Leaf00048.JPG,Dry Leaf00048.JPG,Dry Leaf,Dry_Leaf,external_ood,out_of_distribution_robustness
Dataset_02,dataset_02\original\Turmeric Plant Disease\Dry Leaf\Dry Leaf00049.JPG,Dry Leaf00049.JPG,Dry Leaf,Dry_Leaf,external_ood,out_of_distribution_robustness
Dataset_02,dataset_02\original\Turmeric Plant Disease\Dry Leaf\Dry Leaf00050.JPG,Dry Leaf00050.JPG,Dry Leaf,Dry_Leaf,external_ood,out_of_distribution_robustness
Dataset_02,dataset_02\original\Turmeric Plant Disease\Dry Leaf\Dry Leaf00051.JPG,Dry Leaf00051.JPG,Dry Leaf,Dry_Leaf,external_ood,out_of_distribution_robustness
Dataset_02,dataset_02\original\Turmeric Plant Disease\Dry Leaf\Dry Leaf00052.JPG,Dry Leaf00052.JPG,Dry Leaf,Dry_Leaf,external_ood,out_of_distribution_robustness
Dataset_02,dataset_02\original\Turmeric Plant Disease\Dry Leaf\Dry Leaf00053.JPG,Dry Leaf00053.JPG,Dry Leaf,Dry_Leaf,external_ood,out_of_distribution_robustness
Dataset_02,dataset_02\original\Turmeric Plant Disease\Dry Leaf\Dry Leaf00054.JPG,Dry Leaf00054.JPG,Dry Leaf,Dry_Leaf,external_ood,out_of_distribution_robustness
Dataset_02,dataset_02\original\Turmeric Plant Disease\Dry Leaf\Dry Leaf00055.JPG,Dry Leaf00055.JPG,Dry Leaf,Dry_Leaf,external_ood,out_of_distribution_robustness
Dataset_02,dataset_02\original\Turmeric Plant Disease\Dry Leaf\Dry Leaf00056.JPG,Dry Leaf00056.JPG,Dry Leaf,Dry_Leaf,external_ood,out_of_distribution_robustness
Dataset_02,dataset_02\original\Turmeric Plant Disease\Dry Leaf\Dry Leaf00057.JPG,Dry Leaf00057.JPG,Dry Leaf,Dry_Leaf,external_ood,out_of_distribution_robustness
Dataset_02,dataset_02\original\Turmeric Plant Disease\Dry Leaf\Dry Leaf00058.JPG,Dry Leaf00058.JPG,Dry Leaf,Dry_Leaf,external_ood,out_of_distribution_robustness
Dataset_02,dataset_02\original\Turmeric Plant Disease\Dry Leaf\Dry Leaf00059.JPG,Dry Leaf00059.JPG,Dry Leaf,Dry_Leaf,external_ood,out_of_distribution_robustness
Dataset_02,dataset_02\original\Turmeric Plant Disease\Dry Leaf\Dry Leaf00060.JPG,Dry Leaf00060.JPG,Dry Leaf,Dry_Leaf,external_ood,out_of_distribution_robustness
Dataset_02,dataset_02\original\Turmeric Plant Disease\Dry Leaf\Dry Leaf00061.JPG,Dry Leaf00061.JPG,Dry Leaf,Dry_Leaf,external_ood,out_of_distribution_robustness
Dataset_02,dataset_02\original\Turmeric Plant Disease\Dry Leaf\Dry Leaf00062.JPG,Dry Leaf00062.JPG,Dry Leaf,Dry_Leaf,external_ood,out_of_distribution_robustness
Dataset_02,dataset_02\original\Turmeric Plant Disease\Dry Leaf\Dry Leaf00063.JPG,Dry Leaf00063.JPG,Dry Leaf,Dry_Leaf,external_ood,out_of_distribution_robustness
Dataset_02,dataset_02\original\Turmeric Plant Disease\Dry Leaf\Dry Leaf00064.JPG,Dry Leaf00064.JPG,Dry Leaf,Dry_Leaf,external_ood,out_of_distribution_robustness
Dataset_02,dataset_02\original\Turmeric Plant Disease\Dry Leaf\Dry Leaf00065.JPG,Dry Leaf00065.JPG,Dry Leaf,Dry_Leaf,external_ood,out_of_distribution_robustness
Dataset_02,dataset_02\original\Turmeric Plant Disease\Dry Leaf\Dry Leaf00066.JPG,Dry Leaf00066.JPG,Dry Leaf,Dry_Leaf,external_ood,out_of_distribution_robustness
Dataset_02,dataset_02\original\Turmeric Plant Disease\Dry Leaf\Dry Leaf00067.JPG,Dry Leaf00067.JPG,Dry Leaf,Dry_Leaf,external_ood,out_of_distribution_robustness
Dataset_02,dataset_02\original\Turmeric Plant Disease\Dry Leaf\Dry Leaf00068.JPG,Dry Leaf00068.JPG,Dry Leaf,Dry_Leaf,external_ood,out_of_distribution_robustness
Dataset_02,dataset_02\original\Turmeric Plant Disease\Dry Leaf\Dry Leaf00069.JPG,Dry Leaf00069.JPG,Dry Leaf,Dry_Leaf,external_ood,out_of_distribution_robustness
Dataset_02,dataset_02\original\Turmeric Plant Disease\Dry Leaf\Dry Leaf00070.JPG,Dry Leaf00070.JPG,Dry Leaf,Dry_Leaf,external_ood,out_of_distribution_robustness
Dataset_02,dataset_02\original\Turmeric Plant Disease\Dry Leaf\Dry Leaf00071.JPG,Dry Leaf00071.JPG,Dry Leaf,Dry_Leaf,external_ood,out_of_distribution_robustness
Dataset_02,dataset_02\original\Turmeric Plant Disease\Dry Leaf\Dry Leaf00072.JPG,Dry Leaf00072.JPG,Dry Leaf,Dry_Leaf,external_ood,out_of_distribution_robustness
Dataset_02,dataset_02\original\Turmeric Plant Disease\Dry Leaf\Dry Leaf00073.JPG,Dry Leaf00073.JPG,Dry Leaf,Dry_Leaf,external_ood,out_of_distribution_robustness
Dataset_02,dataset_02\original\Turmeric Plant Disease\Dry Leaf\Dry Leaf00074.JPG,Dry Leaf00074.JPG,Dry Leaf,Dry_Leaf,external_ood,out_of_distribution_robustness
Dataset_02,dataset_02\original\Turmeric Plant Disease\Dry Leaf\Dry Leaf00075.JPG,Dry Leaf00075.JPG,Dry Leaf,Dry_Leaf,external_ood,out_of_distribution_robustness
Dataset_02,dataset_02\original\Turmeric Plant Disease\Dry Leaf\Dry Leaf00076.JPG,Dry Leaf00076.JPG,Dry Leaf,Dry_Leaf,external_ood,out_of_distribution_robustness
Dataset_02,dataset_02\original\Turmeric Plant Disease\Dry Leaf\Dry Leaf00077.JPG,Dry Leaf00077.JPG,Dry Leaf,Dry_Leaf,external_ood,out_of_distribution_robustness
Dataset_02,dataset_02\original\Turmeric Plant Disease\Dry Leaf\Dry Leaf00078.JPG,Dry Leaf00078.JPG,Dry Leaf,Dry_Leaf,external_ood,out_of_distribution_robustness
Dataset_02,dataset_02\original\Turmeric Plant Disease\Dry Leaf\Dry Leaf00079.JPG,Dry Leaf00079.JPG,Dry Leaf,Dry_Leaf,external_ood,out_of_distribution_robustness
Dataset_02,dataset_02\original\Turmeric Plant Disease\Dry Leaf\Dry Leaf00080.JPG,Dry Leaf00080.JPG,Dry Leaf,Dry_Leaf,external_ood,out_of_distribution_robustness
Dataset_02,dataset_02\original\Turmeric Plant Disease\Dry Leaf\Dry Leaf00081.JPG,Dry Leaf00081.JPG,Dry Leaf,Dry_Leaf,external_ood,out_of_distribution_robustness
Dataset_02,dataset_02\original\Turmeric Plant Disease\Dry Leaf\Dry Leaf00082.JPG,Dry Leaf00082.JPG,Dry Leaf,Dry_Leaf,external_ood,out_of_distribution_robustness
Dataset_02,dataset_02\original\Turmeric Plant Disease\Dry Leaf\Dry Leaf00083.JPG,Dry Leaf00083.JPG,Dry Leaf,Dry_Leaf,external_ood,out_of_distribution_robustness
Dataset_02,dataset_02\original\Turmeric Plant Disease\Dry Leaf\Dry Leaf00084.JPG,Dry Leaf00084.JPG,Dry Leaf,Dry_Leaf,external_ood,out_of_distribution_robustness
Dataset_02,dataset_02\original\Turmeric Plant Disease\Dry Leaf\Dry Leaf00085.JPG,Dry Leaf00085.JPG,Dry Leaf,Dry_Leaf,external_ood,out_of_distribution_robustness
Dataset_02,dataset_02\original\Turmeric Plant Disease\Dry Leaf\Dry Leaf00086.JPG,Dry Leaf00086.JPG,Dry Leaf,Dry_Leaf,external_ood,out_of_distribution_robustness
Dataset_02,dataset_02\original\Turmeric Plant Disease\Dry Leaf\Dry Leaf00087.JPG,Dry Leaf00087.JPG,Dry Leaf,Dry_Leaf,external_ood,out_of_distribution_robustness
Dataset_02,dataset_02\original\Turmeric Plant Disease\Dry Leaf\Dry Leaf00088.JPG,Dry Leaf00088.JPG,Dry Leaf,Dry_Leaf,external_ood,out_of_distribution_robustness
Dataset_02,dataset_02\original\Turmeric Plant Disease\Dry Leaf\Dry Leaf00089.JPG,Dry Leaf00089.JPG,Dry Leaf,Dry_Leaf,external_ood,out_of_distribution_robustness
Dataset_02,dataset_02\original\Turmeric Plant Disease\Dry Leaf\Dry Leaf00090.JPG,Dry Leaf00090.JPG,Dry Leaf,Dry_Leaf,external_ood,out_of_distribution_robustness
Dataset_02,dataset_02\original\Turmeric Plant Disease\Dry Leaf\Dry Leaf00091.JPG,Dry Leaf00091.JPG,Dry Leaf,Dry_Leaf,external_ood,out_of_distribution_robustness
Dataset_02,dataset_02\original\Turmeric Plant Disease\Dry Leaf\Dry Leaf00092.JPG,Dry Leaf00092.JPG,Dry Leaf,Dry_Leaf,external_ood,out_of_distribution_robustness
Dataset_02,dataset_02\original\Turmeric Plant Disease\Dry Leaf\Dry Leaf00093.JPG,Dry Leaf00093.JPG,Dry Leaf,Dry_Leaf,external_ood,out_of_distribution_robustness
Dataset_02,dataset_02\original\Turmeric Plant Disease\Dry Leaf\Dry Leaf00094.JPG,Dry Leaf00094.JPG,Dry Leaf,Dry_Leaf,external_ood,out_of_distribution_robustness
Dataset_02,dataset_02\original\Turmeric Plant Disease\Dry Leaf\Dry Leaf00095.JPG,Dry Leaf00095.JPG,Dry Leaf,Dry_Leaf,external_ood,out_of_distribution_robustness
Dataset_02,dataset_02\original\Turmeric Plant Disease\Dry Leaf\Dry Leaf00096.JPG,Dry Leaf00096.JPG,Dry Leaf,Dry_Leaf,external_ood,out_of_distribution_robustness
Dataset_02,dataset_02\original\Turmeric Plant Disease\Dry Leaf\Dry Leaf00097.JPG,Dry Leaf00097.JPG,Dry Leaf,Dry_Leaf,external_ood,out_of_distribution_robustness
Dataset_02,dataset_02\original\Turmeric Plant Disease\Dry Leaf\Dry Leaf00098.JPG,Dry Leaf00098.JPG,Dry Leaf,Dry_Leaf,external_ood,out_of_distribution_robustness
Dataset_02,dataset_02\original\Turmeric Plant Disease\Dry Leaf\Dry Leaf00099.JPG,Dry Leaf00099.JPG,Dry Leaf,Dry_Leaf,external_ood,out_of_distribution_robustness
Dataset_02,dataset_02\original\Turmeric Plant Disease\Dry Leaf\Dry Leaf00100.JPG,Dry Leaf00100.JPG,Dry Leaf,Dry_Leaf,external_ood,out_of_distribution_robustness
Dataset_02,dataset_02\original\Turmeric Plant Disease\Dry Leaf\Dry Leaf00101.JPG,Dry Leaf00101.JPG,Dry Leaf,Dry_Leaf,external_ood,out_of_distribution_robustness
Dataset_02,dataset_02\original\Turmeric Plant Disease\Dry Leaf\Dry Leaf00102.JPG,Dry Leaf00102.JPG,Dry Leaf,Dry_Leaf,external_ood,out_of_distribution_robustness
Dataset_02,dataset_02\original\Turmeric Plant Disease\Dry Leaf\Dry Leaf00103.JPG,Dry Leaf00103.JPG,Dry Leaf,Dry_Leaf,external_ood,out_of_distribution_robustness
Dataset_02,dataset_02\original\Turmeric Plant Disease\Dry Leaf\Dry Leaf00104.JPG,Dry Leaf00104.JPG,Dry Leaf,Dry_Leaf,external_ood,out_of_distribution_robustness
Dataset_02,dataset_02\original\Turmeric Plant Disease\Dry Leaf\Dry Leaf00105.JPG,Dry Leaf00105.JPG,Dry Leaf,Dry_Leaf,external_ood,out_of_distribution_robustness
Dataset_02,dataset_02\original\Turmeric Plant Disease\Dry Leaf\Dry Leaf00106.JPG,Dry Leaf00106.JPG,Dry Leaf,Dry_Leaf,external_ood,out_of_distribution_robustness
Dataset_02,dataset_02\original\Turmeric Plant Disease\Dry Leaf\Dry Leaf00107.JPG,Dry Leaf00107.JPG,Dry Leaf,Dry_Leaf,external_ood,out_of_distribution_robustness
Dataset_02,dataset_02\original\Turmeric Plant Disease\Dry Leaf\Dry Leaf00108.JPG,Dry Leaf00108.JPG,Dry Leaf,Dry_Leaf,external_ood,out_of_distribution_robustness
Dataset_02,dataset_02\original\Turmeric Plant Disease\Dry Leaf\Dry Leaf00109.JPG,Dry Leaf00109.JPG,Dry Leaf,Dry_Leaf,external_ood,out_of_distribution_robustness
Dataset_02,dataset_02\original\Turmeric Plant Disease\Dry Leaf\Dry Leaf00110.JPG,Dry Leaf00110.JPG,Dry Leaf,Dry_Leaf,external_ood,out_of_distribution_robustness
Dataset_02,dataset_02\original\Turmeric Plant Disease\Dry Leaf\Dry Leaf00111.JPG,Dry Leaf00111.JPG,Dry Leaf,Dry_Leaf,external_ood,out_of_distribution_robustness
Dataset_02,dataset_02\original\Turmeric Plant Disease\Dry Leaf\Dry Leaf00112.JPG,Dry Leaf00112.JPG,Dry Leaf,Dry_Leaf,external_ood,out_of_distribution_robustness
Dataset_02,dataset_02\original\Turmeric Plant Disease\Dry Leaf\Dry Leaf00113.JPG,Dry Leaf00113.JPG,Dry Leaf,Dry_Leaf,external_ood,out_of_distribution_robustness
Dataset_02,dataset_02\original\Turmeric Plant Disease\Dry Leaf\Dry Leaf00114.JPG,Dry Leaf00114.JPG,Dry Leaf,Dry_Leaf,external_ood,out_of_distribution_robustness
Dataset_02,dataset_02\original\Turmeric Plant Disease\Dry Leaf\Dry Leaf00115.JPG,Dry Leaf00115.JPG,Dry Leaf,Dry_Leaf,external_ood,out_of_distribution_robustness
Dataset_02,dataset_02\original\Turmeric Plant Disease\Dry Leaf\Dry Leaf00116.JPG,Dry Leaf00116.JPG,Dry Leaf,Dry_Leaf,external_ood,out_of_distribution_robustness
Dataset_02,dataset_02\original\Turmeric Plant Disease\Dry Leaf\Dry Leaf00117.JPG,Dry Leaf00117.JPG,Dry Leaf,Dry_Leaf,external_ood,out_of_distribution_robustness
Dataset_02,dataset_02\original\Turmeric Plant Disease\Dry Leaf\Dry Leaf00118.JPG,Dry Leaf00118.JPG,Dry Leaf,Dry_Leaf,external_ood,out_of_distribution_robustness
Dataset_02,dataset_02\original\Turmeric Plant Disease\Dry Leaf\Dry Leaf00119.JPG,Dry Leaf00119.JPG,Dry Leaf,Dry_Leaf,external_ood,out_of_distribution_robustness
Dataset_02,dataset_02\original\Turmeric Plant Disease\Dry Leaf\Dry Leaf00120.JPG,Dry Leaf00120.JPG,Dry Leaf,Dry_Leaf,external_ood,out_of_distribution_robustness
Dataset_02,dataset_02\original\Turmeric Plant Disease\Dry Leaf\Dry Leaf00121.JPG,Dry Leaf00121.JPG,Dry Leaf,Dry_Leaf,external_ood,out_of_distribution_robustness
Dataset_02,dataset_02\original\Turmeric Plant Disease\Dry Leaf\Dry Leaf00122.JPG,Dry Leaf00122.JPG,Dry Leaf,Dry_Leaf,external_ood,out_of_distribution_robustness
Dataset_02,dataset_02\original\Turmeric Plant Disease\Dry Leaf\Dry Leaf00123.JPG,Dry Leaf00123.JPG,Dry Leaf,Dry_Leaf,external_ood,out_of_distribution_robustness
Dataset_02,dataset_02\original\Turmeric Plant Disease\Dry Leaf\Dry Leaf00124.JPG,Dry Leaf00124.JPG,Dry Leaf,Dry_Leaf,external_ood,out_of_distribution_robustness
Dataset_02,dataset_02\original\Turmeric Plant Disease\Dry Leaf\Dry Leaf00125.JPG,Dry Leaf00125.JPG,Dry Leaf,Dry_Leaf,external_ood,out_of_distribution_robustness
Dataset_02,dataset_02\original\Turmeric Plant Disease\Dry Leaf\Dry Leaf00126.JPG,Dry Leaf00126.JPG,Dry Leaf,Dry_Leaf,external_ood,out_of_distribution_robustness
Dataset_02,dataset_02\original\Turmeric Plant Disease\Dry Leaf\Dry Leaf00127.JPG,Dry Leaf00127.JPG,Dry Leaf,Dry_Leaf,external_ood,out_of_distribution_robustness
Dataset_02,dataset_02\original\Turmeric Plant Disease\Dry Leaf\Dry Leaf00128.JPG,Dry Leaf00128.JPG,Dry Leaf,Dry_Leaf,external_ood,out_of_distribution_robustness
Dataset_02,dataset_02\original\Turmeric Plant Disease\Dry Leaf\Dry Leaf00129.JPG,Dry Leaf00129.JPG,Dry Leaf,Dry_Leaf,external_ood,out_of_distribution_robustness
Dataset_02,dataset_02\original\Turmeric Plant Disease\Dry Leaf\Dry Leaf00130.JPG,Dry Leaf00130.JPG,Dry Leaf,Dry_Leaf,external_ood,out_of_distribution_robustness
Dataset_02,dataset_02\original\Turmeric Plant Disease\Dry Leaf\Dry Leaf00131.JPG,Dry Leaf00131.JPG,Dry Leaf,Dry_Leaf,external_ood,out_of_distribution_robustness
Dataset_02,dataset_02\original\Turmeric Plant Disease\Dry Leaf\Dry Leaf00132.JPG,Dry Leaf00132.JPG,Dry Leaf,Dry_Leaf,external_ood,out_of_distribution_robustness
Dataset_02,dataset_02\original\Turmeric Plant Disease\Dry Leaf\Dry Leaf00133.JPG,Dry Leaf00133.JPG,Dry Leaf,Dry_Leaf,external_ood,out_of_distribution_robustness
Dataset_02,dataset_02\original\Turmeric Plant Disease\Dry Leaf\Dry Leaf00134.JPG,Dry Leaf00134.JPG,Dry Leaf,Dry_Leaf,external_ood,out_of_distribution_robustness
Dataset_02,dataset_02\original\Turmeric Plant Disease\Dry Leaf\Dry Leaf00135.JPG,Dry Leaf00135.JPG,Dry Leaf,Dry_Leaf,external_ood,out_of_distribution_robustness
Dataset_02,dataset_02\original\Turmeric Plant Disease\Dry Leaf\Dry Leaf00136.JPG,Dry Leaf00136.JPG,Dry Leaf,Dry_Leaf,external_ood,out_of_distribution_robustness
Dataset_02,dataset_02\original\Turmeric Plant Disease\Dry Leaf\Dry Leaf00137.JPG,Dry Leaf00137.JPG,Dry Leaf,Dry_Leaf,external_ood,out_of_distribution_robustness
Dataset_02,dataset_02\original\Turmeric Plant Disease\Dry Leaf\Dry Leaf00138.JPG,Dry Leaf00138.JPG,Dry Leaf,Dry_Leaf,external_ood,out_of_distribution_robustness
Dataset_02,dataset_02\original\Turmeric Plant Disease\Dry Leaf\Dry Leaf00139.JPG,Dry Leaf00139.JPG,Dry Leaf,Dry_Leaf,external_ood,out_of_distribution_robustness
Dataset_02,dataset_02\original\Turmeric Plant Disease\Dry Leaf\Dry Leaf00140.JPG,Dry Leaf00140.JPG,Dry Leaf,Dry_Leaf,external_ood,out_of_distribution_robustness
Dataset_02,dataset_02\original\Turmeric Plant Disease\Dry Leaf\Dry Leaf00141.JPG,Dry Leaf00141.JPG,Dry Leaf,Dry_Leaf,external_ood,out_of_distribution_robustness
Dataset_02,dataset_02\original\Turmeric Plant Disease\Dry Leaf\Dry Leaf00142.JPG,Dry Leaf00142.JPG,Dry Leaf,Dry_Leaf,external_ood,out_of_distribution_robustness
Dataset_02,dataset_02\original\Turmeric Plant Disease\Dry Leaf\Dry Leaf00143.JPG,Dry Leaf00143.JPG,Dry Leaf,Dry_Leaf,external_ood,out_of_distribution_robustness
Dataset_02,dataset_02\original\Turmeric Plant Disease\Dry Leaf\Dry Leaf00144.JPG,Dry Leaf00144.JPG,Dry Leaf,Dry_Leaf,external_ood,out_of_distribution_robustness
Dataset_02,dataset_02\original\Turmeric Plant Disease\Dry Leaf\Dry Leaf00145.JPG,Dry Leaf00145.JPG,Dry Leaf,Dry_Leaf,external_ood,out_of_distribution_robustness
Dataset_02,dataset_02\original\Turmeric Plant Disease\Dry Leaf\Dry Leaf00146.JPG,Dry Leaf00146.JPG,Dry Leaf,Dry_Leaf,external_ood,out_of_distribution_robustness
Dataset_02,dataset_02\original\Turmeric Plant Disease\Dry Leaf\Dry Leaf00147.JPG,Dry Leaf00147.JPG,Dry Leaf,Dry_Leaf,external_ood,out_of_distribution_robustness
Dataset_02,dataset_02\original\Turmeric Plant Disease\Dry Leaf\Dry Leaf00148.JPG,Dry Leaf00148.JPG,Dry Leaf,Dry_Leaf,external_ood,out_of_distribution_robustness
Dataset_02,dataset_02\original\Turmeric Plant Disease\Dry Leaf\Dry Leaf00149.JPG,Dry Leaf00149.JPG,Dry Leaf,Dry_Leaf,external_ood,out_of_distribution_robustness
Dataset_02,dataset_02\original\Turmeric Plant Disease\Dry Leaf\Dry Leaf00150.JPG,Dry Leaf00150.JPG,Dry Leaf,Dry_Leaf,external_ood,out_of_distribution_robustness
Dataset_02,dataset_02\original\Turmeric Plant Disease\Dry Leaf\Dry Leaf00151.JPG,Dry Leaf00151.JPG,Dry Leaf,Dry_Leaf,external_ood,out_of_distribution_robustness
Dataset_02,dataset_02\original\Turmeric Plant Disease\Dry Leaf\Dry Leaf00152.JPG,Dry Leaf00152.JPG,Dry Leaf,Dry_Leaf,external_ood,out_of_distribution_robustness
Dataset_02,dataset_02\original\Turmeric Plant Disease\Dry Leaf\Dry Leaf00153.JPG,Dry Leaf00153.JPG,Dry Leaf,Dry_Leaf,external_ood,out_of_distribution_robustness
Dataset_02,dataset_02\original\Turmeric Plant Disease\Dry Leaf\Dry Leaf00154.JPG,Dry Leaf00154.JPG,Dry Leaf,Dry_Leaf,external_ood,out_of_distribution_robustness
Dataset_02,dataset_02\original\Turmeric Plant Disease\Dry Leaf\Dry Leaf00155.JPG,Dry Leaf00155.JPG,Dry Leaf,Dry_Leaf,external_ood,out_of_distribution_robustness
Dataset_02,dataset_02\original\Turmeric Plant Disease\Dry Leaf\Dry Leaf00156.JPG,Dry Leaf00156.JPG,Dry Leaf,Dry_Leaf,external_ood,out_of_distribution_robustness
Dataset_02,dataset_02\original\Turmeric Plant Disease\Dry Leaf\Dry Leaf00157.JPG,Dry Leaf00157.JPG,Dry Leaf,Dry_Leaf,external_ood,out_of_distribution_robustness
Dataset_02,dataset_02\original\Turmeric Plant Disease\Dry Leaf\Dry Leaf00158.JPG,Dry Leaf00158.JPG,Dry Leaf,Dry_Leaf,external_ood,out_of_distribution_robustness
Dataset_02,dataset_02\original\Turmeric Plant Disease\Dry Leaf\Dry Leaf00159.JPG,Dry Leaf00159.JPG,Dry Leaf,Dry_Leaf,external_ood,out_of_distribution_robustness
Dataset_02,dataset_02\original\Turmeric Plant Disease\Dry Leaf\Dry Leaf00160.JPG,Dry Leaf00160.JPG,Dry Leaf,Dry_Leaf,external_ood,out_of_distribution_robustness
Dataset_02,dataset_02\original\Turmeric Plant Disease\Dry Leaf\Dry Leaf00161.JPG,Dry Leaf00161.JPG,Dry Leaf,Dry_Leaf,external_ood,out_of_distribution_robustness
Dataset_02,dataset_02\original\Turmeric Plant Disease\Dry Leaf\Dry Leaf00162.JPG,Dry Leaf00162.JPG,Dry Leaf,Dry_Leaf,external_ood,out_of_distribution_robustness
Dataset_02,dataset_02\original\Turmeric Plant Disease\Dry Leaf\Dry Leaf00163.JPG,Dry Leaf00163.JPG,Dry Leaf,Dry_Leaf,external_ood,out_of_distribution_robustness
Dataset_02,dataset_02\original\Turmeric Plant Disease\Dry Leaf\Dry Leaf00164.JPG,Dry Leaf00164.JPG,Dry Leaf,Dry_Leaf,external_ood,out_of_distribution_robustness
Dataset_02,dataset_02\original\Turmeric Plant Disease\Dry Leaf\Dry Leaf00165.JPG,Dry Leaf00165.JPG,Dry Leaf,Dry_Leaf,external_ood,out_of_distribution_robustness
Dataset_02,dataset_02\original\Turmeric Plant Disease\Dry Leaf\Dry Leaf00166.JPG,Dry Leaf00166.JPG,Dry Leaf,Dry_Leaf,external_ood,out_of_distribution_robustness
Dataset_02,dataset_02\original\Turmeric Plant Disease\Dry Leaf\Dry Leaf00167.JPG,Dry Leaf00167.JPG,Dry Leaf,Dry_Leaf,external_ood,out_of_distribution_robustness
Dataset_02,dataset_02\original\Turmeric Plant Disease\Dry Leaf\Dry Leaf00168.JPG,Dry Leaf00168.JPG,Dry Leaf,Dry_Leaf,external_ood,out_of_distribution_robustness
Dataset_02,dataset_02\original\Turmeric Plant Disease\Dry Leaf\Dry Leaf00169.JPG,Dry Leaf00169.JPG,Dry Leaf,Dry_Leaf,external_ood,out_of_distribution_robustness
Dataset_02,dataset_02\original\Turmeric Plant Disease\Dry Leaf\Dry Leaf00170.JPG,Dry Leaf00170.JPG,Dry Leaf,Dry_Leaf,external_ood,out_of_distribution_robustness
Dataset_02,dataset_02\original\Turmeric Plant Disease\Dry Leaf\Dry Leaf00171.JPG,Dry Leaf00171.JPG,Dry Leaf,Dry_Leaf,external_ood,out_of_distribution_robustness
Dataset_02,dataset_02\original\Turmeric Plant Disease\Dry Leaf\Dry Leaf00172.JPG,Dry Leaf00172.JPG,Dry Leaf,Dry_Leaf,external_ood,out_of_distribution_robustness
Dataset_02,dataset_02\original\Turmeric Plant Disease\Dry Leaf\Dry Leaf00173.JPG,Dry Leaf00173.JPG,Dry Leaf,Dry_Leaf,external_ood,out_of_distribution_robustness
Dataset_02,dataset_02\original\Turmeric Plant Disease\Dry Leaf\Dry Leaf00174.JPG,Dry Leaf00174.JPG,Dry Leaf,Dry_Leaf,external_ood,out_of_distribution_robustness
Dataset_02,dataset_02\original\Turmeric Plant Disease\Dry Leaf\Dry Leaf00175.JPG,Dry Leaf00175.JPG,Dry Leaf,Dry_Leaf,external_ood,out_of_distribution_robustness
Dataset_02,dataset_02\original\Turmeric Plant Disease\Dry Leaf\Dry Leaf00176.JPG,Dry Leaf00176.JPG,Dry Leaf,Dry_Leaf,external_ood,out_of_distribution_robustness
Dataset_02,dataset_02\original\Turmeric Plant Disease\Dry Leaf\Dry Leaf00177.JPG,Dry Leaf00177.JPG,Dry Leaf,Dry_Leaf,external_ood,out_of_distribution_robustness
Dataset_02,dataset_02\original\Turmeric Plant Disease\Dry Leaf\Dry Leaf00178.JPG,Dry Leaf00178.JPG,Dry Leaf,Dry_Leaf,external_ood,out_of_distribution_robustness
Dataset_02,dataset_02\original\Turmeric Plant Disease\Dry Leaf\Dry Leaf00179.JPG,Dry Leaf00179.JPG,Dry Leaf,Dry_Leaf,external_ood,out_of_distribution_robustness
Dataset_02,dataset_02\original\Turmeric Plant Disease\Dry Leaf\Dry Leaf00180.JPG,Dry Leaf00180.JPG,Dry Leaf,Dry_Leaf,external_ood,out_of_distribution_robustness
Dataset_02,dataset_02\original\Turmeric Plant Disease\Dry Leaf\Dry Leaf00181.JPG,Dry Leaf00181.JPG,Dry Leaf,Dry_Leaf,external_ood,out_of_distribution_robustness
Dataset_02,dataset_02\original\Turmeric Plant Disease\Dry Leaf\Dry Leaf00182.JPG,Dry Leaf00182.JPG,Dry Leaf,Dry_Leaf,external_ood,out_of_distribution_robustness
Dataset_02,dataset_02\original\Turmeric Plant Disease\Dry Leaf\Dry Leaf00183.JPG,Dry Leaf00183.JPG,Dry Leaf,Dry_Leaf,external_ood,out_of_distribution_robustness
Dataset_02,dataset_02\original\Turmeric Plant Disease\Dry Leaf\Dry Leaf00184.JPG,Dry Leaf00184.JPG,Dry Leaf,Dry_Leaf,external_ood,out_of_distribution_robustness
Dataset_02,dataset_02\original\Turmeric Plant Disease\Dry Leaf\Dry Leaf00185.JPG,Dry Leaf00185.JPG,Dry Leaf,Dry_Leaf,external_ood,out_of_distribution_robustness
Dataset_02,dataset_02\original\Turmeric Plant Disease\Dry Leaf\Dry Leaf00186.JPG,Dry Leaf00186.JPG,Dry Leaf,Dry_Leaf,external_ood,out_of_distribution_robustness
Dataset_02,dataset_02\original\Turmeric Plant Disease\Dry Leaf\Dry Leaf00187.JPG,Dry Leaf00187.JPG,Dry Leaf,Dry_Leaf,external_ood,out_of_distribution_robustness
Dataset_02,dataset_02\original\Turmeric Plant Disease\Dry Leaf\Dry Leaf00188.JPG,Dry Leaf00188.JPG,Dry Leaf,Dry_Leaf,external_ood,out_of_distribution_robustness
Dataset_02,dataset_02\original\Turmeric Plant Disease\Dry Leaf\Dry Leaf00189.JPG,Dry Leaf00189.JPG,Dry Leaf,Dry_Leaf,external_ood,out_of_distribution_robustness
Dataset_02,dataset_02\original\Turmeric Plant Disease\Dry Leaf\Dry Leaf00190.JPG,Dry Leaf00190.JPG,Dry Leaf,Dry_Leaf,external_ood,out_of_distribution_robustness
Dataset_02,dataset_02\original\Turmeric Plant Disease\Dry Leaf\Dry Leaf00191.JPG,Dry Leaf00191.JPG,Dry Leaf,Dry_Leaf,external_ood,out_of_distribution_robustness
Dataset_02,dataset_02\original\Turmeric Plant Disease\Dry Leaf\Dry Leaf00192.JPG,Dry Leaf00192.JPG,Dry Leaf,Dry_Leaf,external_ood,out_of_distribution_robustness
Dataset_02,dataset_02\original\Turmeric Plant Disease\Dry Leaf\Dry Leaf00193.JPG,Dry Leaf00193.JPG,Dry Leaf,Dry_Leaf,external_ood,out_of_distribution_robustness
Dataset_02,dataset_02\original\Turmeric Plant Disease\Dry Leaf\Dry Leaf00194.JPG,Dry Leaf00194.JPG,Dry Leaf,Dry_Leaf,external_ood,out_of_distribution_robustness
Dataset_02,dataset_02\original\Turmeric Plant Disease\Dry Leaf\Dry Leaf00195.JPG,Dry Leaf00195.JPG,Dry Leaf,Dry_Leaf,external_ood,out_of_distribution_robustness
Dataset_02,dataset_02\original\Turmeric Plant Disease\Dry Leaf\Dry Leaf00196.JPG,Dry Leaf00196.JPG,Dry Leaf,Dry_Leaf,external_ood,out_of_distribution_robustness
Dataset_02,dataset_02\original\Turmeric Plant Disease\Dry Leaf\Dry Leaf00197.JPG,Dry Leaf00197.JPG,Dry Leaf,Dry_Leaf,external_ood,out_of_distribution_robustness
Dataset_02,dataset_02\original\Turmeric Plant Disease\Dry Leaf\Dry Leaf00198.JPG,Dry Leaf00198.JPG,Dry Leaf,Dry_Leaf,external_ood,out_of_distribution_robustness
Dataset_02,dataset_02\original\Turmeric Plant Disease\Dry Leaf\Dry Leaf00199.JPG,Dry Leaf00199.JPG,Dry Leaf,Dry_Leaf,external_ood,out_of_distribution_robustness
Dataset_02,dataset_02\original\Turmeric Plant Disease\Dry Leaf\Dry Leaf00200.JPG,Dry Leaf00200.JPG,Dry Leaf,Dry_Leaf,external_ood,out_of_distribution_robustness
Dataset_02,dataset_02\original\Turmeric Plant Disease\Dry Leaf\Dry Leaf00201.JPG,Dry Leaf00201.JPG,Dry Leaf,Dry_Leaf,external_ood,out_of_distribution_robustness
Dataset_02,dataset_02\original\Turmeric Plant Disease\Dry Leaf\Dry Leaf00202.JPG,Dry Leaf00202.JPG,Dry Leaf,Dry_Leaf,external_ood,out_of_distribution_robustness
Dataset_02,dataset_02\original\Turmeric Plant Disease\Dry Leaf\Dry Leaf00203.JPG,Dry Leaf00203.JPG,Dry Leaf,Dry_Leaf,external_ood,out_of_distribution_robustness
Dataset_02,dataset_02\original\Turmeric Plant Disease\Healthy Leaf\Healthy Leaf00001.JPG,Healthy Leaf00001.JPG,Healthy Leaf,Healthy_Leaf,external_test,external_validation_matched
Dataset_02,dataset_02\original\Turmeric Plant Disease\Healthy Leaf\Healthy Leaf00002.JPG,Healthy Leaf00002.JPG,Healthy Leaf,Healthy_Leaf,external_test,external_validation_matched
Dataset_02,dataset_02\original\Turmeric Plant Disease\Healthy Leaf\Healthy Leaf00003.JPG,Healthy Leaf00003.JPG,Healthy Leaf,Healthy_Leaf,external_test,external_validation_matched
Dataset_02,dataset_02\original\Turmeric Plant Disease\Healthy Leaf\Healthy Leaf00004.JPG,Healthy Leaf00004.JPG,Healthy Leaf,Healthy_Leaf,external_test,external_validation_matched
Dataset_02,dataset_02\original\Turmeric Plant Disease\Healthy Leaf\Healthy Leaf00005.JPG,Healthy Leaf00005.JPG,Healthy Leaf,Healthy_Leaf,external_test,external_validation_matched
Dataset_02,dataset_02\original\Turmeric Plant Disease\Healthy Leaf\Healthy Leaf00006.JPG,Healthy Leaf00006.JPG,Healthy Leaf,Healthy_Leaf,external_test,external_validation_matched
Dataset_02,dataset_02\original\Turmeric Plant Disease\Healthy Leaf\Healthy Leaf00007.JPG,Healthy Leaf00007.JPG,Healthy Leaf,Healthy_Leaf,external_test,external_validation_matched
Dataset_02,dataset_02\original\Turmeric Plant Disease\Healthy Leaf\Healthy Leaf00008.JPG,Healthy Leaf00008.JPG,Healthy Leaf,Healthy_Leaf,external_test,external_validation_matched
Dataset_02,dataset_02\original\Turmeric Plant Disease\Healthy Leaf\Healthy Leaf00009.JPG,Healthy Leaf00009.JPG,Healthy Leaf,Healthy_Leaf,external_test,external_validation_matched
Dataset_02,dataset_02\original\Turmeric Plant Disease\Healthy Leaf\Healthy Leaf00010.JPG,Healthy Leaf00010.JPG,Healthy Leaf,Healthy_Leaf,external_test,external_validation_matched
Dataset_02,dataset_02\original\Turmeric Plant Disease\Healthy Leaf\Healthy Leaf00011.JPG,Healthy Leaf00011.JPG,Healthy Leaf,Healthy_Leaf,external_test,external_validation_matched
Dataset_02,dataset_02\original\Turmeric Plant Disease\Healthy Leaf\Healthy Leaf00012.JPG,Healthy Leaf00012.JPG,Healthy Leaf,Healthy_Leaf,external_test,external_validation_matched
Dataset_02,dataset_02\original\Turmeric Plant Disease\Healthy Leaf\Healthy Leaf00013.JPG,Healthy Leaf00013.JPG,Healthy Leaf,Healthy_Leaf,external_test,external_validation_matched
Dataset_02,dataset_02\original\Turmeric Plant Disease\Healthy Leaf\Healthy Leaf00014.JPG,Healthy Leaf00014.JPG,Healthy Leaf,Healthy_Leaf,external_test,external_validation_matched
Dataset_02,dataset_02\original\Turmeric Plant Disease\Healthy Leaf\Healthy Leaf00015.JPG,Healthy Leaf00015.JPG,Healthy Leaf,Healthy_Leaf,external_test,external_validation_matched
Dataset_02,dataset_02\original\Turmeric Plant Disease\Healthy Leaf\Healthy Leaf00016.JPG,Healthy Leaf00016.JPG,Healthy Leaf,Healthy_Leaf,external_test,external_validation_matched
Dataset_02,dataset_02\original\Turmeric Plant Disease\Healthy Leaf\Healthy Leaf00017.JPG,Healthy Leaf00017.JPG,Healthy Leaf,Healthy_Leaf,external_test,external_validation_matched
Dataset_02,dataset_02\original\Turmeric Plant Disease\Healthy Leaf\Healthy Leaf00018.JPG,Healthy Leaf00018.JPG,Healthy Leaf,Healthy_Leaf,external_test,external_validation_matched
Dataset_02,dataset_02\original\Turmeric Plant Disease\Healthy Leaf\Healthy Leaf00019.JPG,Healthy Leaf00019.JPG,Healthy Leaf,Healthy_Leaf,external_test,external_validation_matched
Dataset_02,dataset_02\original\Turmeric Plant Disease\Healthy Leaf\Healthy Leaf00020.JPG,Healthy Leaf00020.JPG,Healthy Leaf,Healthy_Leaf,external_test,external_validation_matched
Dataset_02,dataset_02\original\Turmeric Plant Disease\Healthy Leaf\Healthy Leaf00021.JPG,Healthy Leaf00021.JPG,Healthy Leaf,Healthy_Leaf,external_test,external_validation_matched
Dataset_02,dataset_02\original\Turmeric Plant Disease\Healthy Leaf\Healthy Leaf00022.JPG,Healthy Leaf00022.JPG,Healthy Leaf,Healthy_Leaf,external_test,external_validation_matched
Dataset_02,dataset_02\original\Turmeric Plant Disease\Healthy Leaf\Healthy Leaf00023.JPG,Healthy Leaf00023.JPG,Healthy Leaf,Healthy_Leaf,external_test,external_validation_matched
Dataset_02,dataset_02\original\Turmeric Plant Disease\Healthy Leaf\Healthy Leaf00024.JPG,Healthy Leaf00024.JPG,Healthy Leaf,Healthy_Leaf,external_test,external_validation_matched
Dataset_02,dataset_02\original\Turmeric Plant Disease\Healthy Leaf\Healthy Leaf00025.JPG,Healthy Leaf00025.JPG,Healthy Leaf,Healthy_Leaf,external_test,external_validation_matched
Dataset_02,dataset_02\original\Turmeric Plant Disease\Healthy Leaf\Healthy Leaf00026.JPG,Healthy Leaf00026.JPG,Healthy Leaf,Healthy_Leaf,external_test,external_validation_matched
Dataset_02,dataset_02\original\Turmeric Plant Disease\Healthy Leaf\Healthy Leaf00027.JPG,Healthy Leaf00027.JPG,Healthy Leaf,Healthy_Leaf,external_test,external_validation_matched
Dataset_02,dataset_02\original\Turmeric Plant Disease\Healthy Leaf\Healthy Leaf00028.JPG,Healthy Leaf00028.JPG,Healthy Leaf,Healthy_Leaf,external_test,external_validation_matched
Dataset_02,dataset_02\original\Turmeric Plant Disease\Healthy Leaf\Healthy Leaf00029.JPG,Healthy Leaf00029.JPG,Healthy Leaf,Healthy_Leaf,external_test,external_validation_matched
Dataset_02,dataset_02\original\Turmeric Plant Disease\Healthy Leaf\Healthy Leaf00030.JPG,Healthy Leaf00030.JPG,Healthy Leaf,Healthy_Leaf,external_test,external_validation_matched
Dataset_02,dataset_02\original\Turmeric Plant Disease\Healthy Leaf\Healthy Leaf00031.JPG,Healthy Leaf00031.JPG,Healthy Leaf,Healthy_Leaf,external_test,external_validation_matched
Dataset_02,dataset_02\original\Turmeric Plant Disease\Healthy Leaf\Healthy Leaf00032.JPG,Healthy Leaf00032.JPG,Healthy Leaf,Healthy_Leaf,external_test,external_validation_matched
Dataset_02,dataset_02\original\Turmeric Plant Disease\Healthy Leaf\Healthy Leaf00033.JPG,Healthy Leaf00033.JPG,Healthy Leaf,Healthy_Leaf,external_test,external_validation_matched
Dataset_02,dataset_02\original\Turmeric Plant Disease\Healthy Leaf\Healthy Leaf00034.JPG,Healthy Leaf00034.JPG,Healthy Leaf,Healthy_Leaf,external_test,external_validation_matched
Dataset_02,dataset_02\original\Turmeric Plant Disease\Healthy Leaf\Healthy Leaf00035.JPG,Healthy Leaf00035.JPG,Healthy Leaf,Healthy_Leaf,external_test,external_validation_matched
Dataset_02,dataset_02\original\Turmeric Plant Disease\Healthy Leaf\Healthy Leaf00036.JPG,Healthy Leaf00036.JPG,Healthy Leaf,Healthy_Leaf,external_test,external_validation_matched
Dataset_02,dataset_02\original\Turmeric Plant Disease\Healthy Leaf\Healthy Leaf00037.JPG,Healthy Leaf00037.JPG,Healthy Leaf,Healthy_Leaf,external_test,external_validation_matched
Dataset_02,dataset_02\original\Turmeric Plant Disease\Healthy Leaf\Healthy Leaf00038.JPG,Healthy Leaf00038.JPG,Healthy Leaf,Healthy_Leaf,external_test,external_validation_matched
Dataset_02,dataset_02\original\Turmeric Plant Disease\Healthy Leaf\Healthy Leaf00039.JPG,Healthy Leaf00039.JPG,Healthy Leaf,Healthy_Leaf,external_test,external_validation_matched
Dataset_02,dataset_02\original\Turmeric Plant Disease\Healthy Leaf\Healthy Leaf00040.JPG,Healthy Leaf00040.JPG,Healthy Leaf,Healthy_Leaf,external_test,external_validation_matched
Dataset_02,dataset_02\original\Turmeric Plant Disease\Healthy Leaf\Healthy Leaf00041.JPG,Healthy Leaf00041.JPG,Healthy Leaf,Healthy_Leaf,external_test,external_validation_matched
Dataset_02,dataset_02\original\Turmeric Plant Disease\Healthy Leaf\Healthy Leaf00042.JPG,Healthy Leaf00042.JPG,Healthy Leaf,Healthy_Leaf,external_test,external_validation_matched
Dataset_02,dataset_02\original\Turmeric Plant Disease\Healthy Leaf\Healthy Leaf00043.JPG,Healthy Leaf00043.JPG,Healthy Leaf,Healthy_Leaf,external_test,external_validation_matched
Dataset_02,dataset_02\original\Turmeric Plant Disease\Healthy Leaf\Healthy Leaf00044.JPG,Healthy Leaf00044.JPG,Healthy Leaf,Healthy_Leaf,external_test,external_validation_matched
Dataset_02,dataset_02\original\Turmeric Plant Disease\Healthy Leaf\Healthy Leaf00045.JPG,Healthy Leaf00045.JPG,Healthy Leaf,Healthy_Leaf,external_test,external_validation_matched
Dataset_02,dataset_02\original\Turmeric Plant Disease\Healthy Leaf\Healthy Leaf00046.JPG,Healthy Leaf00046.JPG,Healthy Leaf,Healthy_Leaf,external_test,external_validation_matched
Dataset_02,dataset_02\original\Turmeric Plant Disease\Healthy Leaf\Healthy Leaf00047.JPG,Healthy Leaf00047.JPG,Healthy Leaf,Healthy_Leaf,external_test,external_validation_matched
Dataset_02,dataset_02\original\Turmeric Plant Disease\Healthy Leaf\Healthy Leaf00048.JPG,Healthy Leaf00048.JPG,Healthy Leaf,Healthy_Leaf,external_test,external_validation_matched
Dataset_02,dataset_02\original\Turmeric Plant Disease\Healthy Leaf\Healthy Leaf00049.JPG,Healthy Leaf00049.JPG,Healthy Leaf,Healthy_Leaf,external_test,external_validation_matched
Dataset_02,dataset_02\original\Turmeric Plant Disease\Healthy Leaf\Healthy Leaf00050.JPG,Healthy Leaf00050.JPG,Healthy Leaf,Healthy_Leaf,external_test,external_validation_matched
Dataset_02,dataset_02\original\Turmeric Plant Disease\Healthy Leaf\Healthy Leaf00051.JPG,Healthy Leaf00051.JPG,Healthy Leaf,Healthy_Leaf,external_test,external_validation_matched
Dataset_02,dataset_02\original\Turmeric Plant Disease\Healthy Leaf\Healthy Leaf00052.JPG,Healthy Leaf00052.JPG,Healthy Leaf,Healthy_Leaf,external_test,external_validation_matched
Dataset_02,dataset_02\original\Turmeric Plant Disease\Healthy Leaf\Healthy Leaf00053.JPG,Healthy Leaf00053.JPG,Healthy Leaf,Healthy_Leaf,external_test,external_validation_matched
Dataset_02,dataset_02\original\Turmeric Plant Disease\Healthy Leaf\Healthy Leaf00054.JPG,Healthy Leaf00054.JPG,Healthy Leaf,Healthy_Leaf,external_test,external_validation_matched
Dataset_02,dataset_02\original\Turmeric Plant Disease\Healthy Leaf\Healthy Leaf00055.JPG,Healthy Leaf00055.JPG,Healthy Leaf,Healthy_Leaf,external_test,external_validation_matched
Dataset_02,dataset_02\original\Turmeric Plant Disease\Healthy Leaf\Healthy Leaf00056.JPG,Healthy Leaf00056.JPG,Healthy Leaf,Healthy_Leaf,external_test,external_validation_matched
Dataset_02,dataset_02\original\Turmeric Plant Disease\Healthy Leaf\Healthy Leaf00057.JPG,Healthy Leaf00057.JPG,Healthy Leaf,Healthy_Leaf,external_test,external_validation_matched
Dataset_02,dataset_02\original\Turmeric Plant Disease\Healthy Leaf\Healthy Leaf00058.JPG,Healthy Leaf00058.JPG,Healthy Leaf,Healthy_Leaf,external_test,external_validation_matched
Dataset_02,dataset_02\original\Turmeric Plant Disease\Healthy Leaf\Healthy Leaf00059.JPG,Healthy Leaf00059.JPG,Healthy Leaf,Healthy_Leaf,external_test,external_validation_matched
Dataset_02,dataset_02\original\Turmeric Plant Disease\Healthy Leaf\Healthy Leaf00060.JPG,Healthy Leaf00060.JPG,Healthy Leaf,Healthy_Leaf,external_test,external_validation_matched
Dataset_02,dataset_02\original\Turmeric Plant Disease\Healthy Leaf\Healthy Leaf00061.JPG,Healthy Leaf00061.JPG,Healthy Leaf,Healthy_Leaf,external_test,external_validation_matched
Dataset_02,dataset_02\original\Turmeric Plant Disease\Healthy Leaf\Healthy Leaf00062.JPG,Healthy Leaf00062.JPG,Healthy Leaf,Healthy_Leaf,external_test,external_validation_matched
Dataset_02,dataset_02\original\Turmeric Plant Disease\Healthy Leaf\Healthy Leaf00063.JPG,Healthy Leaf00063.JPG,Healthy Leaf,Healthy_Leaf,external_test,external_validation_matched
Dataset_02,dataset_02\original\Turmeric Plant Disease\Healthy Leaf\Healthy Leaf00064.JPG,Healthy Leaf00064.JPG,Healthy Leaf,Healthy_Leaf,external_test,external_validation_matched
Dataset_02,dataset_02\original\Turmeric Plant Disease\Healthy Leaf\Healthy Leaf00065.JPG,Healthy Leaf00065.JPG,Healthy Leaf,Healthy_Leaf,external_test,external_validation_matched
Dataset_02,dataset_02\original\Turmeric Plant Disease\Healthy Leaf\Healthy Leaf00066.JPG,Healthy Leaf00066.JPG,Healthy Leaf,Healthy_Leaf,external_test,external_validation_matched
Dataset_02,dataset_02\original\Turmeric Plant Disease\Healthy Leaf\Healthy Leaf00067.JPG,Healthy Leaf00067.JPG,Healthy Leaf,Healthy_Leaf,external_test,external_validation_matched
Dataset_02,dataset_02\original\Turmeric Plant Disease\Healthy Leaf\Healthy Leaf00068.JPG,Healthy Leaf00068.JPG,Healthy Leaf,Healthy_Leaf,external_test,external_validation_matched
Dataset_02,dataset_02\original\Turmeric Plant Disease\Healthy Leaf\Healthy Leaf00069.JPG,Healthy Leaf00069.JPG,Healthy Leaf,Healthy_Leaf,external_test,external_validation_matched
Dataset_02,dataset_02\original\Turmeric Plant Disease\Healthy Leaf\Healthy Leaf00070.JPG,Healthy Leaf00070.JPG,Healthy Leaf,Healthy_Leaf,external_test,external_validation_matched
Dataset_02,dataset_02\original\Turmeric Plant Disease\Healthy Leaf\Healthy Leaf00071.JPG,Healthy Leaf00071.JPG,Healthy Leaf,Healthy_Leaf,external_test,external_validation_matched
Dataset_02,dataset_02\original\Turmeric Plant Disease\Healthy Leaf\Healthy Leaf00072.JPG,Healthy Leaf00072.JPG,Healthy Leaf,Healthy_Leaf,external_test,external_validation_matched
Dataset_02,dataset_02\original\Turmeric Plant Disease\Healthy Leaf\Healthy Leaf00073.JPG,Healthy Leaf00073.JPG,Healthy Leaf,Healthy_Leaf,external_test,external_validation_matched
Dataset_02,dataset_02\original\Turmeric Plant Disease\Healthy Leaf\Healthy Leaf00074.JPG,Healthy Leaf00074.JPG,Healthy Leaf,Healthy_Leaf,external_test,external_validation_matched
Dataset_02,dataset_02\original\Turmeric Plant Disease\Healthy Leaf\Healthy Leaf00075.JPG,Healthy Leaf00075.JPG,Healthy Leaf,Healthy_Leaf,external_test,external_validation_matched
Dataset_02,dataset_02\original\Turmeric Plant Disease\Healthy Leaf\Healthy Leaf00076.JPG,Healthy Leaf00076.JPG,Healthy Leaf,Healthy_Leaf,external_test,external_validation_matched
Dataset_02,dataset_02\original\Turmeric Plant Disease\Healthy Leaf\Healthy Leaf00077.JPG,Healthy Leaf00077.JPG,Healthy Leaf,Healthy_Leaf,external_test,external_validation_matched
Dataset_02,dataset_02\original\Turmeric Plant Disease\Healthy Leaf\Healthy Leaf00078.JPG,Healthy Leaf00078.JPG,Healthy Leaf,Healthy_Leaf,external_test,external_validation_matched
Dataset_02,dataset_02\original\Turmeric Plant Disease\Healthy Leaf\Healthy Leaf00079.JPG,Healthy Leaf00079.JPG,Healthy Leaf,Healthy_Leaf,external_test,external_validation_matched
Dataset_02,dataset_02\original\Turmeric Plant Disease\Healthy Leaf\Healthy Leaf00080.JPG,Healthy Leaf00080.JPG,Healthy Leaf,Healthy_Leaf,external_test,external_validation_matched
Dataset_02,dataset_02\original\Turmeric Plant Disease\Healthy Leaf\Healthy Leaf00081.JPG,Healthy Leaf00081.JPG,Healthy Leaf,Healthy_Leaf,external_test,external_validation_matched
Dataset_02,dataset_02\original\Turmeric Plant Disease\Healthy Leaf\Healthy Leaf00082.JPG,Healthy Leaf00082.JPG,Healthy Leaf,Healthy_Leaf,external_test,external_validation_matched
Dataset_02,dataset_02\original\Turmeric Plant Disease\Healthy Leaf\Healthy Leaf00083.JPG,Healthy Leaf00083.JPG,Healthy Leaf,Healthy_Leaf,external_test,external_validation_matched
Dataset_02,dataset_02\original\Turmeric Plant Disease\Healthy Leaf\Healthy Leaf00084.JPG,Healthy Leaf00084.JPG,Healthy Leaf,Healthy_Leaf,external_test,external_validation_matched
Dataset_02,dataset_02\original\Turmeric Plant Disease\Healthy Leaf\Healthy Leaf00085.JPG,Healthy Leaf00085.JPG,Healthy Leaf,Healthy_Leaf,external_test,external_validation_matched
Dataset_02,dataset_02\original\Turmeric Plant Disease\Healthy Leaf\Healthy Leaf00086.JPG,Healthy Leaf00086.JPG,Healthy Leaf,Healthy_Leaf,external_test,external_validation_matched
Dataset_02,dataset_02\original\Turmeric Plant Disease\Healthy Leaf\Healthy Leaf00087.JPG,Healthy Leaf00087.JPG,Healthy Leaf,Healthy_Leaf,external_test,external_validation_matched
Dataset_02,dataset_02\original\Turmeric Plant Disease\Healthy Leaf\Healthy Leaf00088.JPG,Healthy Leaf00088.JPG,Healthy Leaf,Healthy_Leaf,external_test,external_validation_matched
Dataset_02,dataset_02\original\Turmeric Plant Disease\Healthy Leaf\Healthy Leaf00089.JPG,Healthy Leaf00089.JPG,Healthy Leaf,Healthy_Leaf,external_test,external_validation_matched
Dataset_02,dataset_02\original\Turmeric Plant Disease\Healthy Leaf\Healthy Leaf00090.JPG,Healthy Leaf00090.JPG,Healthy Leaf,Healthy_Leaf,external_test,external_validation_matched
Dataset_02,dataset_02\original\Turmeric Plant Disease\Healthy Leaf\Healthy Leaf00091.JPG,Healthy Leaf00091.JPG,Healthy Leaf,Healthy_Leaf,external_test,external_validation_matched
Dataset_02,dataset_02\original\Turmeric Plant Disease\Healthy Leaf\Healthy Leaf00092.JPG,Healthy Leaf00092.JPG,Healthy Leaf,Healthy_Leaf,external_test,external_validation_matched
Dataset_02,dataset_02\original\Turmeric Plant Disease\Healthy Leaf\Healthy Leaf00093.JPG,Healthy Leaf00093.JPG,Healthy Leaf,Healthy_Leaf,external_test,external_validation_matched
Dataset_02,dataset_02\original\Turmeric Plant Disease\Healthy Leaf\Healthy Leaf00094.JPG,Healthy Leaf00094.JPG,Healthy Leaf,Healthy_Leaf,external_test,external_validation_matched
Dataset_02,dataset_02\original\Turmeric Plant Disease\Healthy Leaf\Healthy Leaf00095.JPG,Healthy Leaf00095.JPG,Healthy Leaf,Healthy_Leaf,external_test,external_validation_matched
Dataset_02,dataset_02\original\Turmeric Plant Disease\Healthy Leaf\Healthy Leaf00096.JPG,Healthy Leaf00096.JPG,Healthy Leaf,Healthy_Leaf,external_test,external_validation_matched
Dataset_02,dataset_02\original\Turmeric Plant Disease\Healthy Leaf\Healthy Leaf00097.JPG,Healthy Leaf00097.JPG,Healthy Leaf,Healthy_Leaf,external_test,external_validation_matched
Dataset_02,dataset_02\original\Turmeric Plant Disease\Healthy Leaf\Healthy Leaf00098.JPG,Healthy Leaf00098.JPG,Healthy Leaf,Healthy_Leaf,external_test,external_validation_matched
Dataset_02,dataset_02\original\Turmeric Plant Disease\Healthy Leaf\Healthy Leaf00099.JPG,Healthy Leaf00099.JPG,Healthy Leaf,Healthy_Leaf,external_test,external_validation_matched
Dataset_02,dataset_02\original\Turmeric Plant Disease\Healthy Leaf\Healthy Leaf00100.JPG,Healthy Leaf00100.JPG,Healthy Leaf,Healthy_Leaf,external_test,external_validation_matched
Dataset_02,dataset_02\original\Turmeric Plant Disease\Healthy Leaf\Healthy Leaf00101.JPG,Healthy Leaf00101.JPG,Healthy Leaf,Healthy_Leaf,external_test,external_validation_matched
Dataset_02,dataset_02\original\Turmeric Plant Disease\Healthy Leaf\Healthy Leaf00102.JPG,Healthy Leaf00102.JPG,Healthy Leaf,Healthy_Leaf,external_test,external_validation_matched
Dataset_02,dataset_02\original\Turmeric Plant Disease\Healthy Leaf\Healthy Leaf00103.JPG,Healthy Leaf00103.JPG,Healthy Leaf,Healthy_Leaf,external_test,external_validation_matched
Dataset_02,dataset_02\original\Turmeric Plant Disease\Healthy Leaf\Healthy Leaf00104.JPG,Healthy Leaf00104.JPG,Healthy Leaf,Healthy_Leaf,external_test,external_validation_matched
Dataset_02,dataset_02\original\Turmeric Plant Disease\Healthy Leaf\Healthy Leaf00105.JPG,Healthy Leaf00105.JPG,Healthy Leaf,Healthy_Leaf,external_test,external_validation_matched
Dataset_02,dataset_02\original\Turmeric Plant Disease\Healthy Leaf\Healthy Leaf00106.JPG,Healthy Leaf00106.JPG,Healthy Leaf,Healthy_Leaf,external_test,external_validation_matched
Dataset_02,dataset_02\original\Turmeric Plant Disease\Healthy Leaf\Healthy Leaf00107.JPG,Healthy Leaf00107.JPG,Healthy Leaf,Healthy_Leaf,external_test,external_validation_matched
Dataset_02,dataset_02\original\Turmeric Plant Disease\Healthy Leaf\Healthy Leaf00108.JPG,Healthy Leaf00108.JPG,Healthy Leaf,Healthy_Leaf,external_test,external_validation_matched
Dataset_02,dataset_02\original\Turmeric Plant Disease\Healthy Leaf\Healthy Leaf00109.JPG,Healthy Leaf00109.JPG,Healthy Leaf,Healthy_Leaf,external_test,external_validation_matched
Dataset_02,dataset_02\original\Turmeric Plant Disease\Healthy Leaf\Healthy Leaf00110.JPG,Healthy Leaf00110.JPG,Healthy Leaf,Healthy_Leaf,external_test,external_validation_matched
Dataset_02,dataset_02\original\Turmeric Plant Disease\Healthy Leaf\Healthy Leaf00111.JPG,Healthy Leaf00111.JPG,Healthy Leaf,Healthy_Leaf,external_test,external_validation_matched
Dataset_02,dataset_02\original\Turmeric Plant Disease\Healthy Leaf\Healthy Leaf00112.JPG,Healthy Leaf00112.JPG,Healthy Leaf,Healthy_Leaf,external_test,external_validation_matched
Dataset_02,dataset_02\original\Turmeric Plant Disease\Healthy Leaf\Healthy Leaf00113.JPG,Healthy Leaf00113.JPG,Healthy Leaf,Healthy_Leaf,external_test,external_validation_matched
Dataset_02,dataset_02\original\Turmeric Plant Disease\Healthy Leaf\Healthy Leaf00114.JPG,Healthy Leaf00114.JPG,Healthy Leaf,Healthy_Leaf,external_test,external_validation_matched
Dataset_02,dataset_02\original\Turmeric Plant Disease\Healthy Leaf\Healthy Leaf00115.JPG,Healthy Leaf00115.JPG,Healthy Leaf,Healthy_Leaf,external_test,external_validation_matched
Dataset_02,dataset_02\original\Turmeric Plant Disease\Healthy Leaf\Healthy Leaf00116.JPG,Healthy Leaf00116.JPG,Healthy Leaf,Healthy_Leaf,external_test,external_validation_matched
Dataset_02,dataset_02\original\Turmeric Plant Disease\Healthy Leaf\Healthy Leaf00117.JPG,Healthy Leaf00117.JPG,Healthy Leaf,Healthy_Leaf,external_test,external_validation_matched
Dataset_02,dataset_02\original\Turmeric Plant Disease\Healthy Leaf\Healthy Leaf00118.JPG,Healthy Leaf00118.JPG,Healthy Leaf,Healthy_Leaf,external_test,external_validation_matched
Dataset_02,dataset_02\original\Turmeric Plant Disease\Healthy Leaf\Healthy Leaf00119.JPG,Healthy Leaf00119.JPG,Healthy Leaf,Healthy_Leaf,external_test,external_validation_matched
Dataset_02,dataset_02\original\Turmeric Plant Disease\Healthy Leaf\Healthy Leaf00120.JPG,Healthy Leaf00120.JPG,Healthy Leaf,Healthy_Leaf,external_test,external_validation_matched
Dataset_02,dataset_02\original\Turmeric Plant Disease\Healthy Leaf\Healthy Leaf00121.JPG,Healthy Leaf00121.JPG,Healthy Leaf,Healthy_Leaf,external_test,external_validation_matched
Dataset_02,dataset_02\original\Turmeric Plant Disease\Healthy Leaf\Healthy Leaf00122.JPG,Healthy Leaf00122.JPG,Healthy Leaf,Healthy_Leaf,external_test,external_validation_matched
Dataset_02,dataset_02\original\Turmeric Plant Disease\Healthy Leaf\Healthy Leaf00123.JPG,Healthy Leaf00123.JPG,Healthy Leaf,Healthy_Leaf,external_test,external_validation_matched
Dataset_02,dataset_02\original\Turmeric Plant Disease\Healthy Leaf\Healthy Leaf00124.JPG,Healthy Leaf00124.JPG,Healthy Leaf,Healthy_Leaf,external_test,external_validation_matched
Dataset_02,dataset_02\original\Turmeric Plant Disease\Healthy Leaf\Healthy Leaf00125.JPG,Healthy Leaf00125.JPG,Healthy Leaf,Healthy_Leaf,external_test,external_validation_matched
Dataset_02,dataset_02\original\Turmeric Plant Disease\Healthy Leaf\Healthy Leaf00126.JPG,Healthy Leaf00126.JPG,Healthy Leaf,Healthy_Leaf,external_test,external_validation_matched
Dataset_02,dataset_02\original\Turmeric Plant Disease\Healthy Leaf\Healthy Leaf00127.JPG,Healthy Leaf00127.JPG,Healthy Leaf,Healthy_Leaf,external_test,external_validation_matched
Dataset_02,dataset_02\original\Turmeric Plant Disease\Healthy Leaf\Healthy Leaf00128.JPG,Healthy Leaf00128.JPG,Healthy Leaf,Healthy_Leaf,external_test,external_validation_matched
Dataset_02,dataset_02\original\Turmeric Plant Disease\Healthy Leaf\Healthy Leaf00129.JPG,Healthy Leaf00129.JPG,Healthy Leaf,Healthy_Leaf,external_test,external_validation_matched
Dataset_02,dataset_02\original\Turmeric Plant Disease\Healthy Leaf\Healthy Leaf00130.JPG,Healthy Leaf00130.JPG,Healthy Leaf,Healthy_Leaf,external_test,external_validation_matched
Dataset_02,dataset_02\original\Turmeric Plant Disease\Healthy Leaf\Healthy Leaf00131.JPG,Healthy Leaf00131.JPG,Healthy Leaf,Healthy_Leaf,external_test,external_validation_matched
Dataset_02,dataset_02\original\Turmeric Plant Disease\Healthy Leaf\Healthy Leaf00132.JPG,Healthy Leaf00132.JPG,Healthy Leaf,Healthy_Leaf,external_test,external_validation_matched
Dataset_02,dataset_02\original\Turmeric Plant Disease\Healthy Leaf\Healthy Leaf00133.JPG,Healthy Leaf00133.JPG,Healthy Leaf,Healthy_Leaf,external_test,external_validation_matched
Dataset_02,dataset_02\original\Turmeric Plant Disease\Healthy Leaf\Healthy Leaf00134.JPG,Healthy Leaf00134.JPG,Healthy Leaf,Healthy_Leaf,external_test,external_validation_matched
Dataset_02,dataset_02\original\Turmeric Plant Disease\Healthy Leaf\Healthy Leaf00135.JPG,Healthy Leaf00135.JPG,Healthy Leaf,Healthy_Leaf,external_test,external_validation_matched
Dataset_02,dataset_02\original\Turmeric Plant Disease\Healthy Leaf\Healthy Leaf00136.JPG,Healthy Leaf00136.JPG,Healthy Leaf,Healthy_Leaf,external_test,external_validation_matched
Dataset_02,dataset_02\original\Turmeric Plant Disease\Healthy Leaf\Healthy Leaf00137.JPG,Healthy Leaf00137.JPG,Healthy Leaf,Healthy_Leaf,external_test,external_validation_matched
Dataset_02,dataset_02\original\Turmeric Plant Disease\Healthy Leaf\Healthy Leaf00138.JPG,Healthy Leaf00138.JPG,Healthy Leaf,Healthy_Leaf,external_test,external_validation_matched
Dataset_02,dataset_02\original\Turmeric Plant Disease\Healthy Leaf\Healthy Leaf00139.JPG,Healthy Leaf00139.JPG,Healthy Leaf,Healthy_Leaf,external_test,external_validation_matched
Dataset_02,dataset_02\original\Turmeric Plant Disease\Healthy Leaf\Healthy Leaf00140.JPG,Healthy Leaf00140.JPG,Healthy Leaf,Healthy_Leaf,external_test,external_validation_matched
Dataset_02,dataset_02\original\Turmeric Plant Disease\Healthy Leaf\Healthy Leaf00141.JPG,Healthy Leaf00141.JPG,Healthy Leaf,Healthy_Leaf,external_test,external_validation_matched
Dataset_02,dataset_02\original\Turmeric Plant Disease\Healthy Leaf\Healthy Leaf00142.JPG,Healthy Leaf00142.JPG,Healthy Leaf,Healthy_Leaf,external_test,external_validation_matched
Dataset_02,dataset_02\original\Turmeric Plant Disease\Healthy Leaf\Healthy Leaf00143.JPG,Healthy Leaf00143.JPG,Healthy Leaf,Healthy_Leaf,external_test,external_validation_matched
Dataset_02,dataset_02\original\Turmeric Plant Disease\Healthy Leaf\Healthy Leaf00144.JPG,Healthy Leaf00144.JPG,Healthy Leaf,Healthy_Leaf,external_test,external_validation_matched
Dataset_02,dataset_02\original\Turmeric Plant Disease\Healthy Leaf\Healthy Leaf00145.JPG,Healthy Leaf00145.JPG,Healthy Leaf,Healthy_Leaf,external_test,external_validation_matched
Dataset_02,dataset_02\original\Turmeric Plant Disease\Healthy Leaf\Healthy Leaf00146.JPG,Healthy Leaf00146.JPG,Healthy Leaf,Healthy_Leaf,external_test,external_validation_matched
Dataset_02,dataset_02\original\Turmeric Plant Disease\Healthy Leaf\Healthy Leaf00147.JPG,Healthy Leaf00147.JPG,Healthy Leaf,Healthy_Leaf,external_test,external_validation_matched
Dataset_02,dataset_02\original\Turmeric Plant Disease\Healthy Leaf\Healthy Leaf00148.JPG,Healthy Leaf00148.JPG,Healthy Leaf,Healthy_Leaf,external_test,external_validation_matched
Dataset_02,dataset_02\original\Turmeric Plant Disease\Healthy Leaf\Healthy Leaf00149.JPG,Healthy Leaf00149.JPG,Healthy Leaf,Healthy_Leaf,external_test,external_validation_matched
Dataset_02,dataset_02\original\Turmeric Plant Disease\Healthy Leaf\Healthy Leaf00150.JPG,Healthy Leaf00150.JPG,Healthy Leaf,Healthy_Leaf,external_test,external_validation_matched
Dataset_02,dataset_02\original\Turmeric Plant Disease\Healthy Leaf\Healthy Leaf00151.JPG,Healthy Leaf00151.JPG,Healthy Leaf,Healthy_Leaf,external_test,external_validation_matched
Dataset_02,dataset_02\original\Turmeric Plant Disease\Healthy Leaf\Healthy Leaf00152.JPG,Healthy Leaf00152.JPG,Healthy Leaf,Healthy_Leaf,external_test,external_validation_matched
Dataset_02,dataset_02\original\Turmeric Plant Disease\Healthy Leaf\Healthy Leaf00153.JPG,Healthy Leaf00153.JPG,Healthy Leaf,Healthy_Leaf,external_test,external_validation_matched
Dataset_02,dataset_02\original\Turmeric Plant Disease\Healthy Leaf\Healthy Leaf00154.JPG,Healthy Leaf00154.JPG,Healthy Leaf,Healthy_Leaf,external_test,external_validation_matched
Dataset_02,dataset_02\original\Turmeric Plant Disease\Healthy Leaf\Healthy Leaf00155.JPG,Healthy Leaf00155.JPG,Healthy Leaf,Healthy_Leaf,external_test,external_validation_matched
Dataset_02,dataset_02\original\Turmeric Plant Disease\Healthy Leaf\Healthy Leaf00156.JPG,Healthy Leaf00156.JPG,Healthy Leaf,Healthy_Leaf,external_test,external_validation_matched
Dataset_02,dataset_02\original\Turmeric Plant Disease\Healthy Leaf\Healthy Leaf00157.JPG,Healthy Leaf00157.JPG,Healthy Leaf,Healthy_Leaf,external_test,external_validation_matched
Dataset_02,dataset_02\original\Turmeric Plant Disease\Healthy Leaf\Healthy Leaf00158.JPG,Healthy Leaf00158.JPG,Healthy Leaf,Healthy_Leaf,external_test,external_validation_matched
Dataset_02,dataset_02\original\Turmeric Plant Disease\Healthy Leaf\Healthy Leaf00159.JPG,Healthy Leaf00159.JPG,Healthy Leaf,Healthy_Leaf,external_test,external_validation_matched
Dataset_02,dataset_02\original\Turmeric Plant Disease\Healthy Leaf\Healthy Leaf00160.JPG,Healthy Leaf00160.JPG,Healthy Leaf,Healthy_Leaf,external_test,external_validation_matched
Dataset_02,dataset_02\original\Turmeric Plant Disease\Healthy Leaf\Healthy Leaf00161.JPG,Healthy Leaf00161.JPG,Healthy Leaf,Healthy_Leaf,external_test,external_validation_matched
Dataset_02,dataset_02\original\Turmeric Plant Disease\Healthy Leaf\Healthy Leaf00162.JPG,Healthy Leaf00162.JPG,Healthy Leaf,Healthy_Leaf,external_test,external_validation_matched
Dataset_02,dataset_02\original\Turmeric Plant Disease\Healthy Leaf\Healthy Leaf00163.JPG,Healthy Leaf00163.JPG,Healthy Leaf,Healthy_Leaf,external_test,external_validation_matched
Dataset_02,dataset_02\original\Turmeric Plant Disease\Healthy Leaf\Healthy Leaf00164.JPG,Healthy Leaf00164.JPG,Healthy Leaf,Healthy_Leaf,external_test,external_validation_matched
Dataset_02,dataset_02\original\Turmeric Plant Disease\Healthy Leaf\Healthy Leaf00165.JPG,Healthy Leaf00165.JPG,Healthy Leaf,Healthy_Leaf,external_test,external_validation_matched
Dataset_02,dataset_02\original\Turmeric Plant Disease\Healthy Leaf\Healthy Leaf00166.JPG,Healthy Leaf00166.JPG,Healthy Leaf,Healthy_Leaf,external_test,external_validation_matched
Dataset_02,dataset_02\original\Turmeric Plant Disease\Healthy Leaf\Healthy Leaf00167.JPG,Healthy Leaf00167.JPG,Healthy Leaf,Healthy_Leaf,external_test,external_validation_matched
Dataset_02,dataset_02\original\Turmeric Plant Disease\Healthy Leaf\Healthy Leaf00168.JPG,Healthy Leaf00168.JPG,Healthy Leaf,Healthy_Leaf,external_test,external_validation_matched
Dataset_02,dataset_02\original\Turmeric Plant Disease\Healthy Leaf\Healthy Leaf00169.JPG,Healthy Leaf00169.JPG,Healthy Leaf,Healthy_Leaf,external_test,external_validation_matched
Dataset_02,dataset_02\original\Turmeric Plant Disease\Healthy Leaf\Healthy Leaf00170.JPG,Healthy Leaf00170.JPG,Healthy Leaf,Healthy_Leaf,external_test,external_validation_matched
Dataset_02,dataset_02\original\Turmeric Plant Disease\Healthy Leaf\Healthy Leaf00171.JPG,Healthy Leaf00171.JPG,Healthy Leaf,Healthy_Leaf,external_test,external_validation_matched
Dataset_02,dataset_02\original\Turmeric Plant Disease\Healthy Leaf\Healthy Leaf00172.JPG,Healthy Leaf00172.JPG,Healthy Leaf,Healthy_Leaf,external_test,external_validation_matched
Dataset_02,dataset_02\original\Turmeric Plant Disease\Healthy Leaf\Healthy Leaf00173.JPG,Healthy Leaf00173.JPG,Healthy Leaf,Healthy_Leaf,external_test,external_validation_matched
Dataset_02,dataset_02\original\Turmeric Plant Disease\Healthy Leaf\Healthy Leaf00174.JPG,Healthy Leaf00174.JPG,Healthy Leaf,Healthy_Leaf,external_test,external_validation_matched
Dataset_02,dataset_02\original\Turmeric Plant Disease\Healthy Leaf\Healthy Leaf00175.JPG,Healthy Leaf00175.JPG,Healthy Leaf,Healthy_Leaf,external_test,external_validation_matched
Dataset_02,dataset_02\original\Turmeric Plant Disease\Healthy Leaf\Healthy Leaf00176.JPG,Healthy Leaf00176.JPG,Healthy Leaf,Healthy_Leaf,external_test,external_validation_matched
Dataset_02,dataset_02\original\Turmeric Plant Disease\Healthy Leaf\Healthy Leaf00177.JPG,Healthy Leaf00177.JPG,Healthy Leaf,Healthy_Leaf,external_test,external_validation_matched
Dataset_02,dataset_02\original\Turmeric Plant Disease\Healthy Leaf\Healthy Leaf00178.JPG,Healthy Leaf00178.JPG,Healthy Leaf,Healthy_Leaf,external_test,external_validation_matched
Dataset_02,dataset_02\original\Turmeric Plant Disease\Healthy Leaf\Healthy Leaf00179.JPG,Healthy Leaf00179.JPG,Healthy Leaf,Healthy_Leaf,external_test,external_validation_matched
Dataset_02,dataset_02\original\Turmeric Plant Disease\Healthy Leaf\Healthy Leaf00180.JPG,Healthy Leaf00180.JPG,Healthy Leaf,Healthy_Leaf,external_test,external_validation_matched
Dataset_02,dataset_02\original\Turmeric Plant Disease\Healthy Leaf\Healthy Leaf00181.JPG,Healthy Leaf00181.JPG,Healthy Leaf,Healthy_Leaf,external_test,external_validation_matched
Dataset_02,dataset_02\original\Turmeric Plant Disease\Healthy Leaf\Healthy Leaf00182.JPG,Healthy Leaf00182.JPG,Healthy Leaf,Healthy_Leaf,external_test,external_validation_matched
Dataset_02,dataset_02\original\Turmeric Plant Disease\Healthy Leaf\Healthy Leaf00183.JPG,Healthy Leaf00183.JPG,Healthy Leaf,Healthy_Leaf,external_test,external_validation_matched
Dataset_02,dataset_02\original\Turmeric Plant Disease\Healthy Leaf\Healthy Leaf00184.JPG,Healthy Leaf00184.JPG,Healthy Leaf,Healthy_Leaf,external_test,external_validation_matched
Dataset_02,dataset_02\original\Turmeric Plant Disease\Healthy Leaf\Healthy Leaf00185.JPG,Healthy Leaf00185.JPG,Healthy Leaf,Healthy_Leaf,external_test,external_validation_matched
Dataset_02,dataset_02\original\Turmeric Plant Disease\Healthy Leaf\Healthy Leaf00186.JPG,Healthy Leaf00186.JPG,Healthy Leaf,Healthy_Leaf,external_test,external_validation_matched
Dataset_02,dataset_02\original\Turmeric Plant Disease\Healthy Leaf\Healthy Leaf00187.JPG,Healthy Leaf00187.JPG,Healthy Leaf,Healthy_Leaf,external_test,external_validation_matched
Dataset_02,dataset_02\original\Turmeric Plant Disease\Healthy Leaf\Healthy Leaf00188.JPG,Healthy Leaf00188.JPG,Healthy Leaf,Healthy_Leaf,external_test,external_validation_matched
Dataset_02,dataset_02\original\Turmeric Plant Disease\Healthy Leaf\Healthy Leaf00189.JPG,Healthy Leaf00189.JPG,Healthy Leaf,Healthy_Leaf,external_test,external_validation_matched
Dataset_02,dataset_02\original\Turmeric Plant Disease\Healthy Leaf\Healthy Leaf00190.JPG,Healthy Leaf00190.JPG,Healthy Leaf,Healthy_Leaf,external_test,external_validation_matched
Dataset_02,dataset_02\original\Turmeric Plant Disease\Healthy Leaf\Healthy Leaf00191.JPG,Healthy Leaf00191.JPG,Healthy Leaf,Healthy_Leaf,external_test,external_validation_matched
Dataset_02,dataset_02\original\Turmeric Plant Disease\Healthy Leaf\Healthy Leaf00192.JPG,Healthy Leaf00192.JPG,Healthy Leaf,Healthy_Leaf,external_test,external_validation_matched
Dataset_02,dataset_02\original\Turmeric Plant Disease\Healthy Leaf\Healthy Leaf00193.JPG,Healthy Leaf00193.JPG,Healthy Leaf,Healthy_Leaf,external_test,external_validation_matched
Dataset_02,dataset_02\original\Turmeric Plant Disease\Healthy Leaf\Healthy Leaf00194.JPG,Healthy Leaf00194.JPG,Healthy Leaf,Healthy_Leaf,external_test,external_validation_matched
Dataset_02,dataset_02\original\Turmeric Plant Disease\Healthy Leaf\Healthy Leaf00195.JPG,Healthy Leaf00195.JPG,Healthy Leaf,Healthy_Leaf,external_test,external_validation_matched
Dataset_02,dataset_02\original\Turmeric Plant Disease\Healthy Leaf\Healthy Leaf00196.JPG,Healthy Leaf00196.JPG,Healthy Leaf,Healthy_Leaf,external_test,external_validation_matched
Dataset_02,dataset_02\original\Turmeric Plant Disease\Healthy Leaf\Healthy Leaf00197.JPG,Healthy Leaf00197.JPG,Healthy Leaf,Healthy_Leaf,external_test,external_validation_matched
Dataset_02,dataset_02\original\Turmeric Plant Disease\Leaf Blotch\Leaf Blotch00001.JPG,Leaf Blotch00001.JPG,Leaf Blotch,Blotch,external_test,external_validation_matched
Dataset_02,dataset_02\original\Turmeric Plant Disease\Leaf Blotch\Leaf Blotch00002.JPG,Leaf Blotch00002.JPG,Leaf Blotch,Blotch,external_test,external_validation_matched
Dataset_02,dataset_02\original\Turmeric Plant Disease\Leaf Blotch\Leaf Blotch00003.JPG,Leaf Blotch00003.JPG,Leaf Blotch,Blotch,external_test,external_validation_matched
Dataset_02,dataset_02\original\Turmeric Plant Disease\Leaf Blotch\Leaf Blotch00004.JPG,Leaf Blotch00004.JPG,Leaf Blotch,Blotch,external_test,external_validation_matched
Dataset_02,dataset_02\original\Turmeric Plant Disease\Leaf Blotch\Leaf Blotch00005.JPG,Leaf Blotch00005.JPG,Leaf Blotch,Blotch,external_test,external_validation_matched
Dataset_02,dataset_02\original\Turmeric Plant Disease\Leaf Blotch\Leaf Blotch00006.JPG,Leaf Blotch00006.JPG,Leaf Blotch,Blotch,external_test,external_validation_matched
Dataset_02,dataset_02\original\Turmeric Plant Disease\Leaf Blotch\Leaf Blotch00007.JPG,Leaf Blotch00007.JPG,Leaf Blotch,Blotch,external_test,external_validation_matched
Dataset_02,dataset_02\original\Turmeric Plant Disease\Leaf Blotch\Leaf Blotch00008.JPG,Leaf Blotch00008.JPG,Leaf Blotch,Blotch,external_test,external_validation_matched
Dataset_02,dataset_02\original\Turmeric Plant Disease\Leaf Blotch\Leaf Blotch00009.JPG,Leaf Blotch00009.JPG,Leaf Blotch,Blotch,external_test,external_validation_matched
Dataset_02,dataset_02\original\Turmeric Plant Disease\Leaf Blotch\Leaf Blotch00010.JPG,Leaf Blotch00010.JPG,Leaf Blotch,Blotch,external_test,external_validation_matched
Dataset_02,dataset_02\original\Turmeric Plant Disease\Leaf Blotch\Leaf Blotch00011.JPG,Leaf Blotch00011.JPG,Leaf Blotch,Blotch,external_test,external_validation_matched
Dataset_02,dataset_02\original\Turmeric Plant Disease\Leaf Blotch\Leaf Blotch00012.JPG,Leaf Blotch00012.JPG,Leaf Blotch,Blotch,external_test,external_validation_matched
Dataset_02,dataset_02\original\Turmeric Plant Disease\Leaf Blotch\Leaf Blotch00013.JPG,Leaf Blotch00013.JPG,Leaf Blotch,Blotch,external_test,external_validation_matched
Dataset_02,dataset_02\original\Turmeric Plant Disease\Leaf Blotch\Leaf Blotch00014.JPG,Leaf Blotch00014.JPG,Leaf Blotch,Blotch,external_test,external_validation_matched
Dataset_02,dataset_02\original\Turmeric Plant Disease\Leaf Blotch\Leaf Blotch00015.JPG,Leaf Blotch00015.JPG,Leaf Blotch,Blotch,external_test,external_validation_matched
Dataset_02,dataset_02\original\Turmeric Plant Disease\Leaf Blotch\Leaf Blotch00016.JPG,Leaf Blotch00016.JPG,Leaf Blotch,Blotch,external_test,external_validation_matched
Dataset_02,dataset_02\original\Turmeric Plant Disease\Leaf Blotch\Leaf Blotch00017.JPG,Leaf Blotch00017.JPG,Leaf Blotch,Blotch,external_test,external_validation_matched
Dataset_02,dataset_02\original\Turmeric Plant Disease\Leaf Blotch\Leaf Blotch00018.JPG,Leaf Blotch00018.JPG,Leaf Blotch,Blotch,external_test,external_validation_matched
Dataset_02,dataset_02\original\Turmeric Plant Disease\Leaf Blotch\Leaf Blotch00019.JPG,Leaf Blotch00019.JPG,Leaf Blotch,Blotch,external_test,external_validation_matched
Dataset_02,dataset_02\original\Turmeric Plant Disease\Leaf Blotch\Leaf Blotch00020.JPG,Leaf Blotch00020.JPG,Leaf Blotch,Blotch,external_test,external_validation_matched
Dataset_02,dataset_02\original\Turmeric Plant Disease\Leaf Blotch\Leaf Blotch00021.JPG,Leaf Blotch00021.JPG,Leaf Blotch,Blotch,external_test,external_validation_matched
Dataset_02,dataset_02\original\Turmeric Plant Disease\Leaf Blotch\Leaf Blotch00022.JPG,Leaf Blotch00022.JPG,Leaf Blotch,Blotch,external_test,external_validation_matched
Dataset_02,dataset_02\original\Turmeric Plant Disease\Leaf Blotch\Leaf Blotch00023.JPG,Leaf Blotch00023.JPG,Leaf Blotch,Blotch,external_test,external_validation_matched
Dataset_02,dataset_02\original\Turmeric Plant Disease\Leaf Blotch\Leaf Blotch00024.JPG,Leaf Blotch00024.JPG,Leaf Blotch,Blotch,external_test,external_validation_matched
Dataset_02,dataset_02\original\Turmeric Plant Disease\Leaf Blotch\Leaf Blotch00025.JPG,Leaf Blotch00025.JPG,Leaf Blotch,Blotch,external_test,external_validation_matched
Dataset_02,dataset_02\original\Turmeric Plant Disease\Leaf Blotch\Leaf Blotch00026.JPG,Leaf Blotch00026.JPG,Leaf Blotch,Blotch,external_test,external_validation_matched
Dataset_02,dataset_02\original\Turmeric Plant Disease\Leaf Blotch\Leaf Blotch00027.JPG,Leaf Blotch00027.JPG,Leaf Blotch,Blotch,external_test,external_validation_matched
Dataset_02,dataset_02\original\Turmeric Plant Disease\Leaf Blotch\Leaf Blotch00028.JPG,Leaf Blotch00028.JPG,Leaf Blotch,Blotch,external_test,external_validation_matched
Dataset_02,dataset_02\original\Turmeric Plant Disease\Leaf Blotch\Leaf Blotch00029.JPG,Leaf Blotch00029.JPG,Leaf Blotch,Blotch,external_test,external_validation_matched
Dataset_02,dataset_02\original\Turmeric Plant Disease\Leaf Blotch\Leaf Blotch00030.JPG,Leaf Blotch00030.JPG,Leaf Blotch,Blotch,external_test,external_validation_matched
Dataset_02,dataset_02\original\Turmeric Plant Disease\Leaf Blotch\Leaf Blotch00031.JPG,Leaf Blotch00031.JPG,Leaf Blotch,Blotch,external_test,external_validation_matched
Dataset_02,dataset_02\original\Turmeric Plant Disease\Leaf Blotch\Leaf Blotch00032.JPG,Leaf Blotch00032.JPG,Leaf Blotch,Blotch,external_test,external_validation_matched
Dataset_02,dataset_02\original\Turmeric Plant Disease\Leaf Blotch\Leaf Blotch00033.JPG,Leaf Blotch00033.JPG,Leaf Blotch,Blotch,external_test,external_validation_matched
Dataset_02,dataset_02\original\Turmeric Plant Disease\Leaf Blotch\Leaf Blotch00034.JPG,Leaf Blotch00034.JPG,Leaf Blotch,Blotch,external_test,external_validation_matched
Dataset_02,dataset_02\original\Turmeric Plant Disease\Leaf Blotch\Leaf Blotch00035.JPG,Leaf Blotch00035.JPG,Leaf Blotch,Blotch,external_test,external_validation_matched
Dataset_02,dataset_02\original\Turmeric Plant Disease\Leaf Blotch\Leaf Blotch00036.JPG,Leaf Blotch00036.JPG,Leaf Blotch,Blotch,external_test,external_validation_matched
Dataset_02,dataset_02\original\Turmeric Plant Disease\Leaf Blotch\Leaf Blotch00037.JPG,Leaf Blotch00037.JPG,Leaf Blotch,Blotch,external_test,external_validation_matched
Dataset_02,dataset_02\original\Turmeric Plant Disease\Leaf Blotch\Leaf Blotch00038.JPG,Leaf Blotch00038.JPG,Leaf Blotch,Blotch,external_test,external_validation_matched
Dataset_02,dataset_02\original\Turmeric Plant Disease\Leaf Blotch\Leaf Blotch00039.JPG,Leaf Blotch00039.JPG,Leaf Blotch,Blotch,external_test,external_validation_matched
Dataset_02,dataset_02\original\Turmeric Plant Disease\Leaf Blotch\Leaf Blotch00040.JPG,Leaf Blotch00040.JPG,Leaf Blotch,Blotch,external_test,external_validation_matched
Dataset_02,dataset_02\original\Turmeric Plant Disease\Leaf Blotch\Leaf Blotch00041.JPG,Leaf Blotch00041.JPG,Leaf Blotch,Blotch,external_test,external_validation_matched
Dataset_02,dataset_02\original\Turmeric Plant Disease\Leaf Blotch\Leaf Blotch00042.JPG,Leaf Blotch00042.JPG,Leaf Blotch,Blotch,external_test,external_validation_matched
Dataset_02,dataset_02\original\Turmeric Plant Disease\Leaf Blotch\Leaf Blotch00043.JPG,Leaf Blotch00043.JPG,Leaf Blotch,Blotch,external_test,external_validation_matched
Dataset_02,dataset_02\original\Turmeric Plant Disease\Leaf Blotch\Leaf Blotch00044.JPG,Leaf Blotch00044.JPG,Leaf Blotch,Blotch,external_test,external_validation_matched
Dataset_02,dataset_02\original\Turmeric Plant Disease\Leaf Blotch\Leaf Blotch00045.JPG,Leaf Blotch00045.JPG,Leaf Blotch,Blotch,external_test,external_validation_matched
Dataset_02,dataset_02\original\Turmeric Plant Disease\Leaf Blotch\Leaf Blotch00046.JPG,Leaf Blotch00046.JPG,Leaf Blotch,Blotch,external_test,external_validation_matched
Dataset_02,dataset_02\original\Turmeric Plant Disease\Leaf Blotch\Leaf Blotch00047.JPG,Leaf Blotch00047.JPG,Leaf Blotch,Blotch,external_test,external_validation_matched
Dataset_02,dataset_02\original\Turmeric Plant Disease\Leaf Blotch\Leaf Blotch00048.JPG,Leaf Blotch00048.JPG,Leaf Blotch,Blotch,external_test,external_validation_matched
Dataset_02,dataset_02\original\Turmeric Plant Disease\Leaf Blotch\Leaf Blotch00049.JPG,Leaf Blotch00049.JPG,Leaf Blotch,Blotch,external_test,external_validation_matched
Dataset_02,dataset_02\original\Turmeric Plant Disease\Leaf Blotch\Leaf Blotch00050.JPG,Leaf Blotch00050.JPG,Leaf Blotch,Blotch,external_test,external_validation_matched
Dataset_02,dataset_02\original\Turmeric Plant Disease\Leaf Blotch\Leaf Blotch00051.JPG,Leaf Blotch00051.JPG,Leaf Blotch,Blotch,external_test,external_validation_matched
Dataset_02,dataset_02\original\Turmeric Plant Disease\Leaf Blotch\Leaf Blotch00052.JPG,Leaf Blotch00052.JPG,Leaf Blotch,Blotch,external_test,external_validation_matched
Dataset_02,dataset_02\original\Turmeric Plant Disease\Leaf Blotch\Leaf Blotch00053.JPG,Leaf Blotch00053.JPG,Leaf Blotch,Blotch,external_test,external_validation_matched
Dataset_02,dataset_02\original\Turmeric Plant Disease\Leaf Blotch\Leaf Blotch00054.JPG,Leaf Blotch00054.JPG,Leaf Blotch,Blotch,external_test,external_validation_matched
Dataset_02,dataset_02\original\Turmeric Plant Disease\Leaf Blotch\Leaf Blotch00055.JPG,Leaf Blotch00055.JPG,Leaf Blotch,Blotch,external_test,external_validation_matched
Dataset_02,dataset_02\original\Turmeric Plant Disease\Leaf Blotch\Leaf Blotch00056.JPG,Leaf Blotch00056.JPG,Leaf Blotch,Blotch,external_test,external_validation_matched
Dataset_02,dataset_02\original\Turmeric Plant Disease\Leaf Blotch\Leaf Blotch00057.JPG,Leaf Blotch00057.JPG,Leaf Blotch,Blotch,external_test,external_validation_matched
Dataset_02,dataset_02\original\Turmeric Plant Disease\Leaf Blotch\Leaf Blotch00058.JPG,Leaf Blotch00058.JPG,Leaf Blotch,Blotch,external_test,external_validation_matched
Dataset_02,dataset_02\original\Turmeric Plant Disease\Leaf Blotch\Leaf Blotch00059.JPG,Leaf Blotch00059.JPG,Leaf Blotch,Blotch,external_test,external_validation_matched
Dataset_02,dataset_02\original\Turmeric Plant Disease\Leaf Blotch\Leaf Blotch00060.JPG,Leaf Blotch00060.JPG,Leaf Blotch,Blotch,external_test,external_validation_matched
Dataset_02,dataset_02\original\Turmeric Plant Disease\Leaf Blotch\Leaf Blotch00061.JPG,Leaf Blotch00061.JPG,Leaf Blotch,Blotch,external_test,external_validation_matched
Dataset_02,dataset_02\original\Turmeric Plant Disease\Leaf Blotch\Leaf Blotch00062.JPG,Leaf Blotch00062.JPG,Leaf Blotch,Blotch,external_test,external_validation_matched
Dataset_02,dataset_02\original\Turmeric Plant Disease\Leaf Blotch\Leaf Blotch00063.JPG,Leaf Blotch00063.JPG,Leaf Blotch,Blotch,external_test,external_validation_matched
Dataset_02,dataset_02\original\Turmeric Plant Disease\Leaf Blotch\Leaf Blotch00064.JPG,Leaf Blotch00064.JPG,Leaf Blotch,Blotch,external_test,external_validation_matched
Dataset_02,dataset_02\original\Turmeric Plant Disease\Leaf Blotch\Leaf Blotch00065.JPG,Leaf Blotch00065.JPG,Leaf Blotch,Blotch,external_test,external_validation_matched
Dataset_02,dataset_02\original\Turmeric Plant Disease\Leaf Blotch\Leaf Blotch00066.JPG,Leaf Blotch00066.JPG,Leaf Blotch,Blotch,external_test,external_validation_matched
Dataset_02,dataset_02\original\Turmeric Plant Disease\Leaf Blotch\Leaf Blotch00067.JPG,Leaf Blotch00067.JPG,Leaf Blotch,Blotch,external_test,external_validation_matched
Dataset_02,dataset_02\original\Turmeric Plant Disease\Leaf Blotch\Leaf Blotch00068.JPG,Leaf Blotch00068.JPG,Leaf Blotch,Blotch,external_test,external_validation_matched
Dataset_02,dataset_02\original\Turmeric Plant Disease\Leaf Blotch\Leaf Blotch00069.JPG,Leaf Blotch00069.JPG,Leaf Blotch,Blotch,external_test,external_validation_matched
Dataset_02,dataset_02\original\Turmeric Plant Disease\Leaf Blotch\Leaf Blotch00070.JPG,Leaf Blotch00070.JPG,Leaf Blotch,Blotch,external_test,external_validation_matched
Dataset_02,dataset_02\original\Turmeric Plant Disease\Leaf Blotch\Leaf Blotch00071.JPG,Leaf Blotch00071.JPG,Leaf Blotch,Blotch,external_test,external_validation_matched
Dataset_02,dataset_02\original\Turmeric Plant Disease\Leaf Blotch\Leaf Blotch00072.JPG,Leaf Blotch00072.JPG,Leaf Blotch,Blotch,external_test,external_validation_matched
Dataset_02,dataset_02\original\Turmeric Plant Disease\Leaf Blotch\Leaf Blotch00073.JPG,Leaf Blotch00073.JPG,Leaf Blotch,Blotch,external_test,external_validation_matched
Dataset_02,dataset_02\original\Turmeric Plant Disease\Leaf Blotch\Leaf Blotch00074.JPG,Leaf Blotch00074.JPG,Leaf Blotch,Blotch,external_test,external_validation_matched
Dataset_02,dataset_02\original\Turmeric Plant Disease\Leaf Blotch\Leaf Blotch00075.JPG,Leaf Blotch00075.JPG,Leaf Blotch,Blotch,external_test,external_validation_matched
Dataset_02,dataset_02\original\Turmeric Plant Disease\Leaf Blotch\Leaf Blotch00076.JPG,Leaf Blotch00076.JPG,Leaf Blotch,Blotch,external_test,external_validation_matched
Dataset_02,dataset_02\original\Turmeric Plant Disease\Leaf Blotch\Leaf Blotch00077.JPG,Leaf Blotch00077.JPG,Leaf Blotch,Blotch,external_test,external_validation_matched
Dataset_02,dataset_02\original\Turmeric Plant Disease\Leaf Blotch\Leaf Blotch00078.JPG,Leaf Blotch00078.JPG,Leaf Blotch,Blotch,external_test,external_validation_matched
Dataset_02,dataset_02\original\Turmeric Plant Disease\Leaf Blotch\Leaf Blotch00079.JPG,Leaf Blotch00079.JPG,Leaf Blotch,Blotch,external_test,external_validation_matched
Dataset_02,dataset_02\original\Turmeric Plant Disease\Leaf Blotch\Leaf Blotch00080.JPG,Leaf Blotch00080.JPG,Leaf Blotch,Blotch,external_test,external_validation_matched
Dataset_02,dataset_02\original\Turmeric Plant Disease\Leaf Blotch\Leaf Blotch00081.JPG,Leaf Blotch00081.JPG,Leaf Blotch,Blotch,external_test,external_validation_matched
Dataset_02,dataset_02\original\Turmeric Plant Disease\Leaf Blotch\Leaf Blotch00082.JPG,Leaf Blotch00082.JPG,Leaf Blotch,Blotch,external_test,external_validation_matched
Dataset_02,dataset_02\original\Turmeric Plant Disease\Leaf Blotch\Leaf Blotch00083.JPG,Leaf Blotch00083.JPG,Leaf Blotch,Blotch,external_test,external_validation_matched
Dataset_02,dataset_02\original\Turmeric Plant Disease\Leaf Blotch\Leaf Blotch00084.JPG,Leaf Blotch00084.JPG,Leaf Blotch,Blotch,external_test,external_validation_matched
Dataset_02,dataset_02\original\Turmeric Plant Disease\Leaf Blotch\Leaf Blotch00085.JPG,Leaf Blotch00085.JPG,Leaf Blotch,Blotch,external_test,external_validation_matched
Dataset_02,dataset_02\original\Turmeric Plant Disease\Leaf Blotch\Leaf Blotch00086.JPG,Leaf Blotch00086.JPG,Leaf Blotch,Blotch,external_test,external_validation_matched
Dataset_02,dataset_02\original\Turmeric Plant Disease\Leaf Blotch\Leaf Blotch00087.JPG,Leaf Blotch00087.JPG,Leaf Blotch,Blotch,external_test,external_validation_matched
Dataset_02,dataset_02\original\Turmeric Plant Disease\Leaf Blotch\Leaf Blotch00088.JPG,Leaf Blotch00088.JPG,Leaf Blotch,Blotch,external_test,external_validation_matched
Dataset_02,dataset_02\original\Turmeric Plant Disease\Leaf Blotch\Leaf Blotch00089.JPG,Leaf Blotch00089.JPG,Leaf Blotch,Blotch,external_test,external_validation_matched
Dataset_02,dataset_02\original\Turmeric Plant Disease\Leaf Blotch\Leaf Blotch00090.JPG,Leaf Blotch00090.JPG,Leaf Blotch,Blotch,external_test,external_validation_matched
Dataset_02,dataset_02\original\Turmeric Plant Disease\Leaf Blotch\Leaf Blotch00091.JPG,Leaf Blotch00091.JPG,Leaf Blotch,Blotch,external_test,external_validation_matched
Dataset_02,dataset_02\original\Turmeric Plant Disease\Leaf Blotch\Leaf Blotch00092.JPG,Leaf Blotch00092.JPG,Leaf Blotch,Blotch,external_test,external_validation_matched
Dataset_02,dataset_02\original\Turmeric Plant Disease\Leaf Blotch\Leaf Blotch00093.JPG,Leaf Blotch00093.JPG,Leaf Blotch,Blotch,external_test,external_validation_matched
Dataset_02,dataset_02\original\Turmeric Plant Disease\Leaf Blotch\Leaf Blotch00094.JPG,Leaf Blotch00094.JPG,Leaf Blotch,Blotch,external_test,external_validation_matched
Dataset_02,dataset_02\original\Turmeric Plant Disease\Leaf Blotch\Leaf Blotch00095.JPG,Leaf Blotch00095.JPG,Leaf Blotch,Blotch,external_test,external_validation_matched
Dataset_02,dataset_02\original\Turmeric Plant Disease\Leaf Blotch\Leaf Blotch00096.JPG,Leaf Blotch00096.JPG,Leaf Blotch,Blotch,external_test,external_validation_matched
Dataset_02,dataset_02\original\Turmeric Plant Disease\Leaf Blotch\Leaf Blotch00097.JPG,Leaf Blotch00097.JPG,Leaf Blotch,Blotch,external_test,external_validation_matched
Dataset_02,dataset_02\original\Turmeric Plant Disease\Leaf Blotch\Leaf Blotch00098.JPG,Leaf Blotch00098.JPG,Leaf Blotch,Blotch,external_test,external_validation_matched
Dataset_02,dataset_02\original\Turmeric Plant Disease\Leaf Blotch\Leaf Blotch00099.JPG,Leaf Blotch00099.JPG,Leaf Blotch,Blotch,external_test,external_validation_matched
Dataset_02,dataset_02\original\Turmeric Plant Disease\Leaf Blotch\Leaf Blotch00100.JPG,Leaf Blotch00100.JPG,Leaf Blotch,Blotch,external_test,external_validation_matched
Dataset_02,dataset_02\original\Turmeric Plant Disease\Leaf Blotch\Leaf Blotch00101.JPG,Leaf Blotch00101.JPG,Leaf Blotch,Blotch,external_test,external_validation_matched
Dataset_02,dataset_02\original\Turmeric Plant Disease\Leaf Blotch\Leaf Blotch00102.JPG,Leaf Blotch00102.JPG,Leaf Blotch,Blotch,external_test,external_validation_matched
Dataset_02,dataset_02\original\Turmeric Plant Disease\Leaf Blotch\Leaf Blotch00103.JPG,Leaf Blotch00103.JPG,Leaf Blotch,Blotch,external_test,external_validation_matched
Dataset_02,dataset_02\original\Turmeric Plant Disease\Leaf Blotch\Leaf Blotch00104.JPG,Leaf Blotch00104.JPG,Leaf Blotch,Blotch,external_test,external_validation_matched
Dataset_02,dataset_02\original\Turmeric Plant Disease\Leaf Blotch\Leaf Blotch00105.JPG,Leaf Blotch00105.JPG,Leaf Blotch,Blotch,external_test,external_validation_matched
Dataset_02,dataset_02\original\Turmeric Plant Disease\Leaf Blotch\Leaf Blotch00106.JPG,Leaf Blotch00106.JPG,Leaf Blotch,Blotch,external_test,external_validation_matched
Dataset_02,dataset_02\original\Turmeric Plant Disease\Leaf Blotch\Leaf Blotch00107.JPG,Leaf Blotch00107.JPG,Leaf Blotch,Blotch,external_test,external_validation_matched
Dataset_02,dataset_02\original\Turmeric Plant Disease\Leaf Blotch\Leaf Blotch00108.JPG,Leaf Blotch00108.JPG,Leaf Blotch,Blotch,external_test,external_validation_matched
Dataset_02,dataset_02\original\Turmeric Plant Disease\Leaf Blotch\Leaf Blotch00109.JPG,Leaf Blotch00109.JPG,Leaf Blotch,Blotch,external_test,external_validation_matched
Dataset_02,dataset_02\original\Turmeric Plant Disease\Leaf Blotch\Leaf Blotch00110.JPG,Leaf Blotch00110.JPG,Leaf Blotch,Blotch,external_test,external_validation_matched
Dataset_02,dataset_02\original\Turmeric Plant Disease\Leaf Blotch\Leaf Blotch00111.JPG,Leaf Blotch00111.JPG,Leaf Blotch,Blotch,external_test,external_validation_matched
Dataset_02,dataset_02\original\Turmeric Plant Disease\Leaf Blotch\Leaf Blotch00112.JPG,Leaf Blotch00112.JPG,Leaf Blotch,Blotch,external_test,external_validation_matched
Dataset_02,dataset_02\original\Turmeric Plant Disease\Leaf Blotch\Leaf Blotch00113.JPG,Leaf Blotch00113.JPG,Leaf Blotch,Blotch,external_test,external_validation_matched
Dataset_02,dataset_02\original\Turmeric Plant Disease\Leaf Blotch\Leaf Blotch00114.JPG,Leaf Blotch00114.JPG,Leaf Blotch,Blotch,external_test,external_validation_matched
Dataset_02,dataset_02\original\Turmeric Plant Disease\Leaf Blotch\Leaf Blotch00115.JPG,Leaf Blotch00115.JPG,Leaf Blotch,Blotch,external_test,external_validation_matched
Dataset_02,dataset_02\original\Turmeric Plant Disease\Leaf Blotch\Leaf Blotch00116.JPG,Leaf Blotch00116.JPG,Leaf Blotch,Blotch,external_test,external_validation_matched
Dataset_02,dataset_02\original\Turmeric Plant Disease\Leaf Blotch\Leaf Blotch00117.JPG,Leaf Blotch00117.JPG,Leaf Blotch,Blotch,external_test,external_validation_matched
Dataset_02,dataset_02\original\Turmeric Plant Disease\Leaf Blotch\Leaf Blotch00118.JPG,Leaf Blotch00118.JPG,Leaf Blotch,Blotch,external_test,external_validation_matched
Dataset_02,dataset_02\original\Turmeric Plant Disease\Leaf Blotch\Leaf Blotch00119.JPG,Leaf Blotch00119.JPG,Leaf Blotch,Blotch,external_test,external_validation_matched
Dataset_02,dataset_02\original\Turmeric Plant Disease\Leaf Blotch\Leaf Blotch00120.JPG,Leaf Blotch00120.JPG,Leaf Blotch,Blotch,external_test,external_validation_matched
Dataset_02,dataset_02\original\Turmeric Plant Disease\Leaf Blotch\Leaf Blotch00121.JPG,Leaf Blotch00121.JPG,Leaf Blotch,Blotch,external_test,external_validation_matched
Dataset_02,dataset_02\original\Turmeric Plant Disease\Leaf Blotch\Leaf Blotch00122.JPG,Leaf Blotch00122.JPG,Leaf Blotch,Blotch,external_test,external_validation_matched
Dataset_02,dataset_02\original\Turmeric Plant Disease\Leaf Blotch\Leaf Blotch00123.JPG,Leaf Blotch00123.JPG,Leaf Blotch,Blotch,external_test,external_validation_matched
Dataset_02,dataset_02\original\Turmeric Plant Disease\Leaf Blotch\Leaf Blotch00124.JPG,Leaf Blotch00124.JPG,Leaf Blotch,Blotch,external_test,external_validation_matched
Dataset_02,dataset_02\original\Turmeric Plant Disease\Leaf Blotch\Leaf Blotch00125.JPG,Leaf Blotch00125.JPG,Leaf Blotch,Blotch,external_test,external_validation_matched
Dataset_02,dataset_02\original\Turmeric Plant Disease\Leaf Blotch\Leaf Blotch00126.JPG,Leaf Blotch00126.JPG,Leaf Blotch,Blotch,external_test,external_validation_matched
Dataset_02,dataset_02\original\Turmeric Plant Disease\Leaf Blotch\Leaf Blotch00127.JPG,Leaf Blotch00127.JPG,Leaf Blotch,Blotch,external_test,external_validation_matched
Dataset_02,dataset_02\original\Turmeric Plant Disease\Leaf Blotch\Leaf Blotch00128.JPG,Leaf Blotch00128.JPG,Leaf Blotch,Blotch,external_test,external_validation_matched
Dataset_02,dataset_02\original\Turmeric Plant Disease\Leaf Blotch\Leaf Blotch00129.JPG,Leaf Blotch00129.JPG,Leaf Blotch,Blotch,external_test,external_validation_matched
Dataset_02,dataset_02\original\Turmeric Plant Disease\Leaf Blotch\Leaf Blotch00130.JPG,Leaf Blotch00130.JPG,Leaf Blotch,Blotch,external_test,external_validation_matched
Dataset_02,dataset_02\original\Turmeric Plant Disease\Leaf Blotch\Leaf Blotch00131.JPG,Leaf Blotch00131.JPG,Leaf Blotch,Blotch,external_test,external_validation_matched
Dataset_02,dataset_02\original\Turmeric Plant Disease\Leaf Blotch\Leaf Blotch00132.JPG,Leaf Blotch00132.JPG,Leaf Blotch,Blotch,external_test,external_validation_matched
Dataset_02,dataset_02\original\Turmeric Plant Disease\Leaf Blotch\Leaf Blotch00133.JPG,Leaf Blotch00133.JPG,Leaf Blotch,Blotch,external_test,external_validation_matched
Dataset_02,dataset_02\original\Turmeric Plant Disease\Leaf Blotch\Leaf Blotch00134.JPG,Leaf Blotch00134.JPG,Leaf Blotch,Blotch,external_test,external_validation_matched
Dataset_02,dataset_02\original\Turmeric Plant Disease\Leaf Blotch\Leaf Blotch00135.JPG,Leaf Blotch00135.JPG,Leaf Blotch,Blotch,external_test,external_validation_matched
Dataset_02,dataset_02\original\Turmeric Plant Disease\Leaf Blotch\Leaf Blotch00136.JPG,Leaf Blotch00136.JPG,Leaf Blotch,Blotch,external_test,external_validation_matched
Dataset_02,dataset_02\original\Turmeric Plant Disease\Leaf Blotch\Leaf Blotch00137.JPG,Leaf Blotch00137.JPG,Leaf Blotch,Blotch,external_test,external_validation_matched
Dataset_02,dataset_02\original\Turmeric Plant Disease\Leaf Blotch\Leaf Blotch00138.JPG,Leaf Blotch00138.JPG,Leaf Blotch,Blotch,external_test,external_validation_matched
Dataset_02,dataset_02\original\Turmeric Plant Disease\Leaf Blotch\Leaf Blotch00139.JPG,Leaf Blotch00139.JPG,Leaf Blotch,Blotch,external_test,external_validation_matched
Dataset_02,dataset_02\original\Turmeric Plant Disease\Leaf Blotch\Leaf Blotch00140.JPG,Leaf Blotch00140.JPG,Leaf Blotch,Blotch,external_test,external_validation_matched
Dataset_02,dataset_02\original\Turmeric Plant Disease\Leaf Blotch\Leaf Blotch00141.JPG,Leaf Blotch00141.JPG,Leaf Blotch,Blotch,external_test,external_validation_matched
Dataset_02,dataset_02\original\Turmeric Plant Disease\Leaf Blotch\Leaf Blotch00142.JPG,Leaf Blotch00142.JPG,Leaf Blotch,Blotch,external_test,external_validation_matched
Dataset_02,dataset_02\original\Turmeric Plant Disease\Leaf Blotch\Leaf Blotch00143.JPG,Leaf Blotch00143.JPG,Leaf Blotch,Blotch,external_test,external_validation_matched
Dataset_02,dataset_02\original\Turmeric Plant Disease\Leaf Blotch\Leaf Blotch00144.JPG,Leaf Blotch00144.JPG,Leaf Blotch,Blotch,external_test,external_validation_matched
Dataset_02,dataset_02\original\Turmeric Plant Disease\Leaf Blotch\Leaf Blotch00145.JPG,Leaf Blotch00145.JPG,Leaf Blotch,Blotch,external_test,external_validation_matched
Dataset_02,dataset_02\original\Turmeric Plant Disease\Leaf Blotch\Leaf Blotch00146.JPG,Leaf Blotch00146.JPG,Leaf Blotch,Blotch,external_test,external_validation_matched
Dataset_02,dataset_02\original\Turmeric Plant Disease\Leaf Blotch\Leaf Blotch00147.JPG,Leaf Blotch00147.JPG,Leaf Blotch,Blotch,external_test,external_validation_matched
Dataset_02,dataset_02\original\Turmeric Plant Disease\Leaf Blotch\Leaf Blotch00148.JPG,Leaf Blotch00148.JPG,Leaf Blotch,Blotch,external_test,external_validation_matched
Dataset_02,dataset_02\original\Turmeric Plant Disease\Leaf Blotch\Leaf Blotch00149.JPG,Leaf Blotch00149.JPG,Leaf Blotch,Blotch,external_test,external_validation_matched
Dataset_02,dataset_02\original\Turmeric Plant Disease\Leaf Blotch\Leaf Blotch00150.JPG,Leaf Blotch00150.JPG,Leaf Blotch,Blotch,external_test,external_validation_matched
Dataset_02,dataset_02\original\Turmeric Plant Disease\Leaf Blotch\Leaf Blotch00151.JPG,Leaf Blotch00151.JPG,Leaf Blotch,Blotch,external_test,external_validation_matched
Dataset_02,dataset_02\original\Turmeric Plant Disease\Leaf Blotch\Leaf Blotch00152.JPG,Leaf Blotch00152.JPG,Leaf Blotch,Blotch,external_test,external_validation_matched
Dataset_02,dataset_02\original\Turmeric Plant Disease\Leaf Blotch\Leaf Blotch00153.JPG,Leaf Blotch00153.JPG,Leaf Blotch,Blotch,external_test,external_validation_matched
Dataset_02,dataset_02\original\Turmeric Plant Disease\Leaf Blotch\Leaf Blotch00154.JPG,Leaf Blotch00154.JPG,Leaf Blotch,Blotch,external_test,external_validation_matched
Dataset_02,dataset_02\original\Turmeric Plant Disease\Leaf Blotch\Leaf Blotch00155.JPG,Leaf Blotch00155.JPG,Leaf Blotch,Blotch,external_test,external_validation_matched
Dataset_02,dataset_02\original\Turmeric Plant Disease\Leaf Blotch\Leaf Blotch00156.JPG,Leaf Blotch00156.JPG,Leaf Blotch,Blotch,external_test,external_validation_matched
Dataset_02,dataset_02\original\Turmeric Plant Disease\Leaf Blotch\Leaf Blotch00157.JPG,Leaf Blotch00157.JPG,Leaf Blotch,Blotch,external_test,external_validation_matched
Dataset_02,dataset_02\original\Turmeric Plant Disease\Leaf Blotch\Leaf Blotch00158.JPG,Leaf Blotch00158.JPG,Leaf Blotch,Blotch,external_test,external_validation_matched
Dataset_02,dataset_02\original\Turmeric Plant Disease\Leaf Blotch\Leaf Blotch00159.JPG,Leaf Blotch00159.JPG,Leaf Blotch,Blotch,external_test,external_validation_matched
Dataset_02,dataset_02\original\Turmeric Plant Disease\Leaf Blotch\Leaf Blotch00160.JPG,Leaf Blotch00160.JPG,Leaf Blotch,Blotch,external_test,external_validation_matched
Dataset_02,dataset_02\original\Turmeric Plant Disease\Leaf Blotch\Leaf Blotch00161.JPG,Leaf Blotch00161.JPG,Leaf Blotch,Blotch,external_test,external_validation_matched
Dataset_02,dataset_02\original\Turmeric Plant Disease\Leaf Blotch\Leaf Blotch00162.JPG,Leaf Blotch00162.JPG,Leaf Blotch,Blotch,external_test,external_validation_matched
Dataset_02,dataset_02\original\Turmeric Plant Disease\Leaf Blotch\Leaf Blotch00163.JPG,Leaf Blotch00163.JPG,Leaf Blotch,Blotch,external_test,external_validation_matched
Dataset_02,dataset_02\original\Turmeric Plant Disease\Leaf Blotch\Leaf Blotch00164.JPG,Leaf Blotch00164.JPG,Leaf Blotch,Blotch,external_test,external_validation_matched
Dataset_02,dataset_02\original\Turmeric Plant Disease\Leaf Blotch\Leaf Blotch00165.JPG,Leaf Blotch00165.JPG,Leaf Blotch,Blotch,external_test,external_validation_matched
Dataset_02,dataset_02\original\Turmeric Plant Disease\Leaf Blotch\Leaf Blotch00166.JPG,Leaf Blotch00166.JPG,Leaf Blotch,Blotch,external_test,external_validation_matched
Dataset_02,dataset_02\original\Turmeric Plant Disease\Leaf Blotch\Leaf Blotch00167.JPG,Leaf Blotch00167.JPG,Leaf Blotch,Blotch,external_test,external_validation_matched
Dataset_02,dataset_02\original\Turmeric Plant Disease\Leaf Blotch\Leaf Blotch00168.JPG,Leaf Blotch00168.JPG,Leaf Blotch,Blotch,external_test,external_validation_matched
Dataset_02,dataset_02\original\Turmeric Plant Disease\Leaf Blotch\Leaf Blotch00169.JPG,Leaf Blotch00169.JPG,Leaf Blotch,Blotch,external_test,external_validation_matched
Dataset_02,dataset_02\original\Turmeric Plant Disease\Leaf Blotch\Leaf Blotch00170.JPG,Leaf Blotch00170.JPG,Leaf Blotch,Blotch,external_test,external_validation_matched
Dataset_02,dataset_02\original\Turmeric Plant Disease\Leaf Blotch\Leaf Blotch00171.JPG,Leaf Blotch00171.JPG,Leaf Blotch,Blotch,external_test,external_validation_matched
Dataset_02,dataset_02\original\Turmeric Plant Disease\Leaf Blotch\Leaf Blotch00172.JPG,Leaf Blotch00172.JPG,Leaf Blotch,Blotch,external_test,external_validation_matched
Dataset_02,dataset_02\original\Turmeric Plant Disease\Leaf Blotch\Leaf Blotch00173.JPG,Leaf Blotch00173.JPG,Leaf Blotch,Blotch,external_test,external_validation_matched
Dataset_02,dataset_02\original\Turmeric Plant Disease\Leaf Blotch\Leaf Blotch00174.JPG,Leaf Blotch00174.JPG,Leaf Blotch,Blotch,external_test,external_validation_matched
Dataset_02,dataset_02\original\Turmeric Plant Disease\Leaf Blotch\Leaf Blotch00175.JPG,Leaf Blotch00175.JPG,Leaf Blotch,Blotch,external_test,external_validation_matched
Dataset_02,dataset_02\original\Turmeric Plant Disease\Leaf Blotch\Leaf Blotch00176.JPG,Leaf Blotch00176.JPG,Leaf Blotch,Blotch,external_test,external_validation_matched
Dataset_02,dataset_02\original\Turmeric Plant Disease\Leaf Blotch\Leaf Blotch00177.JPG,Leaf Blotch00177.JPG,Leaf Blotch,Blotch,external_test,external_validation_matched
Dataset_02,dataset_02\original\Turmeric Plant Disease\Leaf Blotch\Leaf Blotch00178.JPG,Leaf Blotch00178.JPG,Leaf Blotch,Blotch,external_test,external_validation_matched
Dataset_02,dataset_02\original\Turmeric Plant Disease\Leaf Blotch\Leaf Blotch00179.JPG,Leaf Blotch00179.JPG,Leaf Blotch,Blotch,external_test,external_validation_matched
Dataset_02,dataset_02\original\Turmeric Plant Disease\Leaf Blotch\Leaf Blotch00180.JPG,Leaf Blotch00180.JPG,Leaf Blotch,Blotch,external_test,external_validation_matched
Dataset_02,dataset_02\original\Turmeric Plant Disease\Leaf Blotch\Leaf Blotch00181.JPG,Leaf Blotch00181.JPG,Leaf Blotch,Blotch,external_test,external_validation_matched
Dataset_02,dataset_02\original\Turmeric Plant Disease\Leaf Blotch\Leaf Blotch00182.JPG,Leaf Blotch00182.JPG,Leaf Blotch,Blotch,external_test,external_validation_matched
Dataset_02,dataset_02\original\Turmeric Plant Disease\Leaf Blotch\Leaf Blotch00183.JPG,Leaf Blotch00183.JPG,Leaf Blotch,Blotch,external_test,external_validation_matched
Dataset_02,dataset_02\original\Turmeric Plant Disease\Leaf Blotch\Leaf Blotch00184.JPG,Leaf Blotch00184.JPG,Leaf Blotch,Blotch,external_test,external_validation_matched
Dataset_02,dataset_02\original\Turmeric Plant Disease\Leaf Blotch\Leaf Blotch00185.JPG,Leaf Blotch00185.JPG,Leaf Blotch,Blotch,external_test,external_validation_matched
Dataset_02,dataset_02\original\Turmeric Plant Disease\Leaf Blotch\Leaf Blotch00186.JPG,Leaf Blotch00186.JPG,Leaf Blotch,Blotch,external_test,external_validation_matched
Dataset_02,dataset_02\original\Turmeric Plant Disease\Leaf Blotch\Leaf Blotch00187.JPG,Leaf Blotch00187.JPG,Leaf Blotch,Blotch,external_test,external_validation_matched
Dataset_02,dataset_02\original\Turmeric Plant Disease\Leaf Blotch\Leaf Blotch00188.JPG,Leaf Blotch00188.JPG,Leaf Blotch,Blotch,external_test,external_validation_matched
Dataset_02,dataset_02\original\Turmeric Plant Disease\Leaf Blotch\Leaf Blotch00189.JPG,Leaf Blotch00189.JPG,Leaf Blotch,Blotch,external_test,external_validation_matched
Dataset_02,dataset_02\original\Turmeric Plant Disease\Leaf Blotch\Leaf Blotch00190.JPG,Leaf Blotch00190.JPG,Leaf Blotch,Blotch,external_test,external_validation_matched
Dataset_02,dataset_02\original\Turmeric Plant Disease\Leaf Blotch\Leaf Blotch00191.JPG,Leaf Blotch00191.JPG,Leaf Blotch,Blotch,external_test,external_validation_matched
Dataset_02,dataset_02\original\Turmeric Plant Disease\Leaf Blotch\Leaf Blotch00192.JPG,Leaf Blotch00192.JPG,Leaf Blotch,Blotch,external_test,external_validation_matched
Dataset_02,dataset_02\original\Turmeric Plant Disease\Leaf Blotch\Leaf Blotch00193.JPG,Leaf Blotch00193.JPG,Leaf Blotch,Blotch,external_test,external_validation_matched
Dataset_02,dataset_02\original\Turmeric Plant Disease\Leaf Blotch\Leaf Blotch00194.JPG,Leaf Blotch00194.JPG,Leaf Blotch,Blotch,external_test,external_validation_matched
Dataset_02,dataset_02\original\Turmeric Plant Disease\Leaf Blotch\Leaf Blotch00195.JPG,Leaf Blotch00195.JPG,Leaf Blotch,Blotch,external_test,external_validation_matched
Dataset_02,dataset_02\original\Turmeric Plant Disease\Leaf Blotch\Leaf Blotch00196.JPG,Leaf Blotch00196.JPG,Leaf Blotch,Blotch,external_test,external_validation_matched
Dataset_02,dataset_02\original\Turmeric Plant Disease\Leaf Blotch\Leaf Blotch00197.JPG,Leaf Blotch00197.JPG,Leaf Blotch,Blotch,external_test,external_validation_matched
Dataset_02,dataset_02\original\Turmeric Plant Disease\Leaf Blotch\Leaf Blotch00198.JPG,Leaf Blotch00198.JPG,Leaf Blotch,Blotch,external_test,external_validation_matched
Dataset_02,dataset_02\original\Turmeric Plant Disease\Leaf Blotch\Leaf Blotch00199.JPG,Leaf Blotch00199.JPG,Leaf Blotch,Blotch,external_test,external_validation_matched
Dataset_02,dataset_02\original\Turmeric Plant Disease\Rhizome Disease Root\Rhizome Disease Root00001.JPG,Rhizome Disease Root00001.JPG,Rhizome Disease Root,Rhizome_Disease_Root,external_excluded,excluded_non_leaf_domain
Dataset_02,dataset_02\original\Turmeric Plant Disease\Rhizome Disease Root\Rhizome Disease Root00002.JPG,Rhizome Disease Root00002.JPG,Rhizome Disease Root,Rhizome_Disease_Root,external_excluded,excluded_non_leaf_domain
Dataset_02,dataset_02\original\Turmeric Plant Disease\Rhizome Disease Root\Rhizome Disease Root00003.JPG,Rhizome Disease Root00003.JPG,Rhizome Disease Root,Rhizome_Disease_Root,external_excluded,excluded_non_leaf_domain
Dataset_02,dataset_02\original\Turmeric Plant Disease\Rhizome Disease Root\Rhizome Disease Root00004.JPG,Rhizome Disease Root00004.JPG,Rhizome Disease Root,Rhizome_Disease_Root,external_excluded,excluded_non_leaf_domain
Dataset_02,dataset_02\original\Turmeric Plant Disease\Rhizome Disease Root\Rhizome Disease Root00005.JPG,Rhizome Disease Root00005.JPG,Rhizome Disease Root,Rhizome_Disease_Root,external_excluded,excluded_non_leaf_domain
Dataset_02,dataset_02\original\Turmeric Plant Disease\Rhizome Disease Root\Rhizome Disease Root00006.JPG,Rhizome Disease Root00006.JPG,Rhizome Disease Root,Rhizome_Disease_Root,external_excluded,excluded_non_leaf_domain
Dataset_02,dataset_02\original\Turmeric Plant Disease\Rhizome Disease Root\Rhizome Disease Root00007.JPG,Rhizome Disease Root00007.JPG,Rhizome Disease Root,Rhizome_Disease_Root,external_excluded,excluded_non_leaf_domain
Dataset_02,dataset_02\original\Turmeric Plant Disease\Rhizome Disease Root\Rhizome Disease Root00008.JPG,Rhizome Disease Root00008.JPG,Rhizome Disease Root,Rhizome_Disease_Root,external_excluded,excluded_non_leaf_domain
Dataset_02,dataset_02\original\Turmeric Plant Disease\Rhizome Disease Root\Rhizome Disease Root00009.JPG,Rhizome Disease Root00009.JPG,Rhizome Disease Root,Rhizome_Disease_Root,external_excluded,excluded_non_leaf_domain
Dataset_02,dataset_02\original\Turmeric Plant Disease\Rhizome Disease Root\Rhizome Disease Root00010.JPG,Rhizome Disease Root00010.JPG,Rhizome Disease Root,Rhizome_Disease_Root,external_excluded,excluded_non_leaf_domain
Dataset_02,dataset_02\original\Turmeric Plant Disease\Rhizome Disease Root\Rhizome Disease Root00011.JPG,Rhizome Disease Root00011.JPG,Rhizome Disease Root,Rhizome_Disease_Root,external_excluded,excluded_non_leaf_domain
Dataset_02,dataset_02\original\Turmeric Plant Disease\Rhizome Disease Root\Rhizome Disease Root00012.JPG,Rhizome Disease Root00012.JPG,Rhizome Disease Root,Rhizome_Disease_Root,external_excluded,excluded_non_leaf_domain
Dataset_02,dataset_02\original\Turmeric Plant Disease\Rhizome Disease Root\Rhizome Disease Root00013.JPG,Rhizome Disease Root00013.JPG,Rhizome Disease Root,Rhizome_Disease_Root,external_excluded,excluded_non_leaf_domain
Dataset_02,dataset_02\original\Turmeric Plant Disease\Rhizome Disease Root\Rhizome Disease Root00014.JPG,Rhizome Disease Root00014.JPG,Rhizome Disease Root,Rhizome_Disease_Root,external_excluded,excluded_non_leaf_domain
Dataset_02,dataset_02\original\Turmeric Plant Disease\Rhizome Disease Root\Rhizome Disease Root00015.JPG,Rhizome Disease Root00015.JPG,Rhizome Disease Root,Rhizome_Disease_Root,external_excluded,excluded_non_leaf_domain
Dataset_02,dataset_02\original\Turmeric Plant Disease\Rhizome Disease Root\Rhizome Disease Root00016.JPG,Rhizome Disease Root00016.JPG,Rhizome Disease Root,Rhizome_Disease_Root,external_excluded,excluded_non_leaf_domain
Dataset_02,dataset_02\original\Turmeric Plant Disease\Rhizome Disease Root\Rhizome Disease Root00017.JPG,Rhizome Disease Root00017.JPG,Rhizome Disease Root,Rhizome_Disease_Root,external_excluded,excluded_non_leaf_domain
Dataset_02,dataset_02\original\Turmeric Plant Disease\Rhizome Disease Root\Rhizome Disease Root00018.JPG,Rhizome Disease Root00018.JPG,Rhizome Disease Root,Rhizome_Disease_Root,external_excluded,excluded_non_leaf_domain
Dataset_02,dataset_02\original\Turmeric Plant Disease\Rhizome Disease Root\Rhizome Disease Root00019.JPG,Rhizome Disease Root00019.JPG,Rhizome Disease Root,Rhizome_Disease_Root,external_excluded,excluded_non_leaf_domain
Dataset_02,dataset_02\original\Turmeric Plant Disease\Rhizome Disease Root\Rhizome Disease Root00020.JPG,Rhizome Disease Root00020.JPG,Rhizome Disease Root,Rhizome_Disease_Root,external_excluded,excluded_non_leaf_domain
Dataset_02,dataset_02\original\Turmeric Plant Disease\Rhizome Disease Root\Rhizome Disease Root00021.JPG,Rhizome Disease Root00021.JPG,Rhizome Disease Root,Rhizome_Disease_Root,external_excluded,excluded_non_leaf_domain
Dataset_02,dataset_02\original\Turmeric Plant Disease\Rhizome Disease Root\Rhizome Disease Root00022.JPG,Rhizome Disease Root00022.JPG,Rhizome Disease Root,Rhizome_Disease_Root,external_excluded,excluded_non_leaf_domain
Dataset_02,dataset_02\original\Turmeric Plant Disease\Rhizome Disease Root\Rhizome Disease Root00023.JPG,Rhizome Disease Root00023.JPG,Rhizome Disease Root,Rhizome_Disease_Root,external_excluded,excluded_non_leaf_domain
Dataset_02,dataset_02\original\Turmeric Plant Disease\Rhizome Disease Root\Rhizome Disease Root00024.JPG,Rhizome Disease Root00024.JPG,Rhizome Disease Root,Rhizome_Disease_Root,external_excluded,excluded_non_leaf_domain
Dataset_02,dataset_02\original\Turmeric Plant Disease\Rhizome Disease Root\Rhizome Disease Root00025.JPG,Rhizome Disease Root00025.JPG,Rhizome Disease Root,Rhizome_Disease_Root,external_excluded,excluded_non_leaf_domain
Dataset_02,dataset_02\original\Turmeric Plant Disease\Rhizome Disease Root\Rhizome Disease Root00026.JPG,Rhizome Disease Root00026.JPG,Rhizome Disease Root,Rhizome_Disease_Root,external_excluded,excluded_non_leaf_domain
Dataset_02,dataset_02\original\Turmeric Plant Disease\Rhizome Disease Root\Rhizome Disease Root00027.JPG,Rhizome Disease Root00027.JPG,Rhizome Disease Root,Rhizome_Disease_Root,external_excluded,excluded_non_leaf_domain
Dataset_02,dataset_02\original\Turmeric Plant Disease\Rhizome Disease Root\Rhizome Disease Root00028.JPG,Rhizome Disease Root00028.JPG,Rhizome Disease Root,Rhizome_Disease_Root,external_excluded,excluded_non_leaf_domain
Dataset_02,dataset_02\original\Turmeric Plant Disease\Rhizome Disease Root\Rhizome Disease Root00029.JPG,Rhizome Disease Root00029.JPG,Rhizome Disease Root,Rhizome_Disease_Root,external_excluded,excluded_non_leaf_domain
Dataset_02,dataset_02\original\Turmeric Plant Disease\Rhizome Disease Root\Rhizome Disease Root00030.JPG,Rhizome Disease Root00030.JPG,Rhizome Disease Root,Rhizome_Disease_Root,external_excluded,excluded_non_leaf_domain
Dataset_02,dataset_02\original\Turmeric Plant Disease\Rhizome Disease Root\Rhizome Disease Root00031.JPG,Rhizome Disease Root00031.JPG,Rhizome Disease Root,Rhizome_Disease_Root,external_excluded,excluded_non_leaf_domain
Dataset_02,dataset_02\original\Turmeric Plant Disease\Rhizome Disease Root\Rhizome Disease Root00032.JPG,Rhizome Disease Root00032.JPG,Rhizome Disease Root,Rhizome_Disease_Root,external_excluded,excluded_non_leaf_domain
Dataset_02,dataset_02\original\Turmeric Plant Disease\Rhizome Disease Root\Rhizome Disease Root00033.JPG,Rhizome Disease Root00033.JPG,Rhizome Disease Root,Rhizome_Disease_Root,external_excluded,excluded_non_leaf_domain
Dataset_02,dataset_02\original\Turmeric Plant Disease\Rhizome Disease Root\Rhizome Disease Root00034.JPG,Rhizome Disease Root00034.JPG,Rhizome Disease Root,Rhizome_Disease_Root,external_excluded,excluded_non_leaf_domain
Dataset_02,dataset_02\original\Turmeric Plant Disease\Rhizome Disease Root\Rhizome Disease Root00035.JPG,Rhizome Disease Root00035.JPG,Rhizome Disease Root,Rhizome_Disease_Root,external_excluded,excluded_non_leaf_domain
Dataset_02,dataset_02\original\Turmeric Plant Disease\Rhizome Disease Root\Rhizome Disease Root00036.JPG,Rhizome Disease Root00036.JPG,Rhizome Disease Root,Rhizome_Disease_Root,external_excluded,excluded_non_leaf_domain
Dataset_02,dataset_02\original\Turmeric Plant Disease\Rhizome Disease Root\Rhizome Disease Root00037.JPG,Rhizome Disease Root00037.JPG,Rhizome Disease Root,Rhizome_Disease_Root,external_excluded,excluded_non_leaf_domain
Dataset_02,dataset_02\original\Turmeric Plant Disease\Rhizome Disease Root\Rhizome Disease Root00038.JPG,Rhizome Disease Root00038.JPG,Rhizome Disease Root,Rhizome_Disease_Root,external_excluded,excluded_non_leaf_domain
Dataset_02,dataset_02\original\Turmeric Plant Disease\Rhizome Disease Root\Rhizome Disease Root00039.JPG,Rhizome Disease Root00039.JPG,Rhizome Disease Root,Rhizome_Disease_Root,external_excluded,excluded_non_leaf_domain
Dataset_02,dataset_02\original\Turmeric Plant Disease\Rhizome Disease Root\Rhizome Disease Root00040.JPG,Rhizome Disease Root00040.JPG,Rhizome Disease Root,Rhizome_Disease_Root,external_excluded,excluded_non_leaf_domain
Dataset_02,dataset_02\original\Turmeric Plant Disease\Rhizome Disease Root\Rhizome Disease Root00041.JPG,Rhizome Disease Root00041.JPG,Rhizome Disease Root,Rhizome_Disease_Root,external_excluded,excluded_non_leaf_domain
Dataset_02,dataset_02\original\Turmeric Plant Disease\Rhizome Disease Root\Rhizome Disease Root00042.JPG,Rhizome Disease Root00042.JPG,Rhizome Disease Root,Rhizome_Disease_Root,external_excluded,excluded_non_leaf_domain
Dataset_02,dataset_02\original\Turmeric Plant Disease\Rhizome Disease Root\Rhizome Disease Root00043.JPG,Rhizome Disease Root00043.JPG,Rhizome Disease Root,Rhizome_Disease_Root,external_excluded,excluded_non_leaf_domain
Dataset_02,dataset_02\original\Turmeric Plant Disease\Rhizome Disease Root\Rhizome Disease Root00044.JPG,Rhizome Disease Root00044.JPG,Rhizome Disease Root,Rhizome_Disease_Root,external_excluded,excluded_non_leaf_domain
Dataset_02,dataset_02\original\Turmeric Plant Disease\Rhizome Disease Root\Rhizome Disease Root00045.JPG,Rhizome Disease Root00045.JPG,Rhizome Disease Root,Rhizome_Disease_Root,external_excluded,excluded_non_leaf_domain
Dataset_02,dataset_02\original\Turmeric Plant Disease\Rhizome Disease Root\Rhizome Disease Root00046.JPG,Rhizome Disease Root00046.JPG,Rhizome Disease Root,Rhizome_Disease_Root,external_excluded,excluded_non_leaf_domain
Dataset_02,dataset_02\original\Turmeric Plant Disease\Rhizome Disease Root\Rhizome Disease Root00047.JPG,Rhizome Disease Root00047.JPG,Rhizome Disease Root,Rhizome_Disease_Root,external_excluded,excluded_non_leaf_domain
Dataset_02,dataset_02\original\Turmeric Plant Disease\Rhizome Disease Root\Rhizome Disease Root00048.JPG,Rhizome Disease Root00048.JPG,Rhizome Disease Root,Rhizome_Disease_Root,external_excluded,excluded_non_leaf_domain
Dataset_02,dataset_02\original\Turmeric Plant Disease\Rhizome Disease Root\Rhizome Disease Root00049.JPG,Rhizome Disease Root00049.JPG,Rhizome Disease Root,Rhizome_Disease_Root,external_excluded,excluded_non_leaf_domain
Dataset_02,dataset_02\original\Turmeric Plant Disease\Rhizome Disease Root\Rhizome Disease Root00050.JPG,Rhizome Disease Root00050.JPG,Rhizome Disease Root,Rhizome_Disease_Root,external_excluded,excluded_non_leaf_domain
Dataset_02,dataset_02\original\Turmeric Plant Disease\Rhizome Disease Root\Rhizome Disease Root00051.JPG,Rhizome Disease Root00051.JPG,Rhizome Disease Root,Rhizome_Disease_Root,external_excluded,excluded_non_leaf_domain
Dataset_02,dataset_02\original\Turmeric Plant Disease\Rhizome Disease Root\Rhizome Disease Root00052.JPG,Rhizome Disease Root00052.JPG,Rhizome Disease Root,Rhizome_Disease_Root,external_excluded,excluded_non_leaf_domain
Dataset_02,dataset_02\original\Turmeric Plant Disease\Rhizome Disease Root\Rhizome Disease Root00053.JPG,Rhizome Disease Root00053.JPG,Rhizome Disease Root,Rhizome_Disease_Root,external_excluded,excluded_non_leaf_domain
Dataset_02,dataset_02\original\Turmeric Plant Disease\Rhizome Disease Root\Rhizome Disease Root00054.JPG,Rhizome Disease Root00054.JPG,Rhizome Disease Root,Rhizome_Disease_Root,external_excluded,excluded_non_leaf_domain
Dataset_02,dataset_02\original\Turmeric Plant Disease\Rhizome Disease Root\Rhizome Disease Root00055.JPG,Rhizome Disease Root00055.JPG,Rhizome Disease Root,Rhizome_Disease_Root,external_excluded,excluded_non_leaf_domain
Dataset_02,dataset_02\original\Turmeric Plant Disease\Rhizome Disease Root\Rhizome Disease Root00056.JPG,Rhizome Disease Root00056.JPG,Rhizome Disease Root,Rhizome_Disease_Root,external_excluded,excluded_non_leaf_domain
Dataset_02,dataset_02\original\Turmeric Plant Disease\Rhizome Disease Root\Rhizome Disease Root00057.JPG,Rhizome Disease Root00057.JPG,Rhizome Disease Root,Rhizome_Disease_Root,external_excluded,excluded_non_leaf_domain
Dataset_02,dataset_02\original\Turmeric Plant Disease\Rhizome Disease Root\Rhizome Disease Root00058.JPG,Rhizome Disease Root00058.JPG,Rhizome Disease Root,Rhizome_Disease_Root,external_excluded,excluded_non_leaf_domain
Dataset_02,dataset_02\original\Turmeric Plant Disease\Rhizome Disease Root\Rhizome Disease Root00059.JPG,Rhizome Disease Root00059.JPG,Rhizome Disease Root,Rhizome_Disease_Root,external_excluded,excluded_non_leaf_domain
Dataset_02,dataset_02\original\Turmeric Plant Disease\Rhizome Disease Root\Rhizome Disease Root00060.JPG,Rhizome Disease Root00060.JPG,Rhizome Disease Root,Rhizome_Disease_Root,external_excluded,excluded_non_leaf_domain
Dataset_02,dataset_02\original\Turmeric Plant Disease\Rhizome Disease Root\Rhizome Disease Root00061.JPG,Rhizome Disease Root00061.JPG,Rhizome Disease Root,Rhizome_Disease_Root,external_excluded,excluded_non_leaf_domain
Dataset_02,dataset_02\original\Turmeric Plant Disease\Rhizome Disease Root\Rhizome Disease Root00062.JPG,Rhizome Disease Root00062.JPG,Rhizome Disease Root,Rhizome_Disease_Root,external_excluded,excluded_non_leaf_domain
Dataset_02,dataset_02\original\Turmeric Plant Disease\Rhizome Disease Root\Rhizome Disease Root00063.JPG,Rhizome Disease Root00063.JPG,Rhizome Disease Root,Rhizome_Disease_Root,external_excluded,excluded_non_leaf_domain
Dataset_02,dataset_02\original\Turmeric Plant Disease\Rhizome Disease Root\Rhizome Disease Root00064.JPG,Rhizome Disease Root00064.JPG,Rhizome Disease Root,Rhizome_Disease_Root,external_excluded,excluded_non_leaf_domain
Dataset_02,dataset_02\original\Turmeric Plant Disease\Rhizome Disease Root\Rhizome Disease Root00065.JPG,Rhizome Disease Root00065.JPG,Rhizome Disease Root,Rhizome_Disease_Root,external_excluded,excluded_non_leaf_domain
Dataset_02,dataset_02\original\Turmeric Plant Disease\Rhizome Disease Root\Rhizome Disease Root00066.JPG,Rhizome Disease Root00066.JPG,Rhizome Disease Root,Rhizome_Disease_Root,external_excluded,excluded_non_leaf_domain
Dataset_02,dataset_02\original\Turmeric Plant Disease\Rhizome Disease Root\Rhizome Disease Root00067.JPG,Rhizome Disease Root00067.JPG,Rhizome Disease Root,Rhizome_Disease_Root,external_excluded,excluded_non_leaf_domain
Dataset_02,dataset_02\original\Turmeric Plant Disease\Rhizome Disease Root\Rhizome Disease Root00068.JPG,Rhizome Disease Root00068.JPG,Rhizome Disease Root,Rhizome_Disease_Root,external_excluded,excluded_non_leaf_domain
Dataset_02,dataset_02\original\Turmeric Plant Disease\Rhizome Disease Root\Rhizome Disease Root00069.JPG,Rhizome Disease Root00069.JPG,Rhizome Disease Root,Rhizome_Disease_Root,external_excluded,excluded_non_leaf_domain
Dataset_02,dataset_02\original\Turmeric Plant Disease\Rhizome Disease Root\Rhizome Disease Root00070.JPG,Rhizome Disease Root00070.JPG,Rhizome Disease Root,Rhizome_Disease_Root,external_excluded,excluded_non_leaf_domain
Dataset_02,dataset_02\original\Turmeric Plant Disease\Rhizome Disease Root\Rhizome Disease Root00071.JPG,Rhizome Disease Root00071.JPG,Rhizome Disease Root,Rhizome_Disease_Root,external_excluded,excluded_non_leaf_domain
Dataset_02,dataset_02\original\Turmeric Plant Disease\Rhizome Disease Root\Rhizome Disease Root00072.JPG,Rhizome Disease Root00072.JPG,Rhizome Disease Root,Rhizome_Disease_Root,external_excluded,excluded_non_leaf_domain
Dataset_02,dataset_02\original\Turmeric Plant Disease\Rhizome Disease Root\Rhizome Disease Root00073.JPG,Rhizome Disease Root00073.JPG,Rhizome Disease Root,Rhizome_Disease_Root,external_excluded,excluded_non_leaf_domain
Dataset_02,dataset_02\original\Turmeric Plant Disease\Rhizome Disease Root\Rhizome Disease Root00074.JPG,Rhizome Disease Root00074.JPG,Rhizome Disease Root,Rhizome_Disease_Root,external_excluded,excluded_non_leaf_domain
Dataset_02,dataset_02\original\Turmeric Plant Disease\Rhizome Disease Root\Rhizome Disease Root00075.JPG,Rhizome Disease Root00075.JPG,Rhizome Disease Root,Rhizome_Disease_Root,external_excluded,excluded_non_leaf_domain
Dataset_02,dataset_02\original\Turmeric Plant Disease\Rhizome Disease Root\Rhizome Disease Root00076.JPG,Rhizome Disease Root00076.JPG,Rhizome Disease Root,Rhizome_Disease_Root,external_excluded,excluded_non_leaf_domain
Dataset_02,dataset_02\original\Turmeric Plant Disease\Rhizome Disease Root\Rhizome Disease Root00077.JPG,Rhizome Disease Root00077.JPG,Rhizome Disease Root,Rhizome_Disease_Root,external_excluded,excluded_non_leaf_domain
Dataset_02,dataset_02\original\Turmeric Plant Disease\Rhizome Disease Root\Rhizome Disease Root00078.JPG,Rhizome Disease Root00078.JPG,Rhizome Disease Root,Rhizome_Disease_Root,external_excluded,excluded_non_leaf_domain
Dataset_02,dataset_02\original\Turmeric Plant Disease\Rhizome Disease Root\Rhizome Disease Root00079.JPG,Rhizome Disease Root00079.JPG,Rhizome Disease Root,Rhizome_Disease_Root,external_excluded,excluded_non_leaf_domain
Dataset_02,dataset_02\original\Turmeric Plant Disease\Rhizome Disease Root\Rhizome Disease Root00080.JPG,Rhizome Disease Root00080.JPG,Rhizome Disease Root,Rhizome_Disease_Root,external_excluded,excluded_non_leaf_domain
Dataset_02,dataset_02\original\Turmeric Plant Disease\Rhizome Disease Root\Rhizome Disease Root00081.JPG,Rhizome Disease Root00081.JPG,Rhizome Disease Root,Rhizome_Disease_Root,external_excluded,excluded_non_leaf_domain
Dataset_02,dataset_02\original\Turmeric Plant Disease\Rhizome Disease Root\Rhizome Disease Root00082.JPG,Rhizome Disease Root00082.JPG,Rhizome Disease Root,Rhizome_Disease_Root,external_excluded,excluded_non_leaf_domain
Dataset_02,dataset_02\original\Turmeric Plant Disease\Rhizome Disease Root\Rhizome Disease Root00083.JPG,Rhizome Disease Root00083.JPG,Rhizome Disease Root,Rhizome_Disease_Root,external_excluded,excluded_non_leaf_domain
Dataset_02,dataset_02\original\Turmeric Plant Disease\Rhizome Disease Root\Rhizome Disease Root00084.JPG,Rhizome Disease Root00084.JPG,Rhizome Disease Root,Rhizome_Disease_Root,external_excluded,excluded_non_leaf_domain
Dataset_02,dataset_02\original\Turmeric Plant Disease\Rhizome Disease Root\Rhizome Disease Root00085.JPG,Rhizome Disease Root00085.JPG,Rhizome Disease Root,Rhizome_Disease_Root,external_excluded,excluded_non_leaf_domain
Dataset_02,dataset_02\original\Turmeric Plant Disease\Rhizome Disease Root\Rhizome Disease Root00086.JPG,Rhizome Disease Root00086.JPG,Rhizome Disease Root,Rhizome_Disease_Root,external_excluded,excluded_non_leaf_domain
Dataset_02,dataset_02\original\Turmeric Plant Disease\Rhizome Disease Root\Rhizome Disease Root00087.JPG,Rhizome Disease Root00087.JPG,Rhizome Disease Root,Rhizome_Disease_Root,external_excluded,excluded_non_leaf_domain
Dataset_02,dataset_02\original\Turmeric Plant Disease\Rhizome Disease Root\Rhizome Disease Root00088.JPG,Rhizome Disease Root00088.JPG,Rhizome Disease Root,Rhizome_Disease_Root,external_excluded,excluded_non_leaf_domain
Dataset_02,dataset_02\original\Turmeric Plant Disease\Rhizome Disease Root\Rhizome Disease Root00089.JPG,Rhizome Disease Root00089.JPG,Rhizome Disease Root,Rhizome_Disease_Root,external_excluded,excluded_non_leaf_domain
Dataset_02,dataset_02\original\Turmeric Plant Disease\Rhizome Disease Root\Rhizome Disease Root00090.JPG,Rhizome Disease Root00090.JPG,Rhizome Disease Root,Rhizome_Disease_Root,external_excluded,excluded_non_leaf_domain
Dataset_02,dataset_02\original\Turmeric Plant Disease\Rhizome Disease Root\Rhizome Disease Root00091.JPG,Rhizome Disease Root00091.JPG,Rhizome Disease Root,Rhizome_Disease_Root,external_excluded,excluded_non_leaf_domain
Dataset_02,dataset_02\original\Turmeric Plant Disease\Rhizome Disease Root\Rhizome Disease Root00092.JPG,Rhizome Disease Root00092.JPG,Rhizome Disease Root,Rhizome_Disease_Root,external_excluded,excluded_non_leaf_domain
Dataset_02,dataset_02\original\Turmeric Plant Disease\Rhizome Disease Root\Rhizome Disease Root00093.JPG,Rhizome Disease Root00093.JPG,Rhizome Disease Root,Rhizome_Disease_Root,external_excluded,excluded_non_leaf_domain
Dataset_02,dataset_02\original\Turmeric Plant Disease\Rhizome Disease Root\Rhizome Disease Root00094.JPG,Rhizome Disease Root00094.JPG,Rhizome Disease Root,Rhizome_Disease_Root,external_excluded,excluded_non_leaf_domain
Dataset_02,dataset_02\original\Turmeric Plant Disease\Rhizome Disease Root\Rhizome Disease Root00095.JPG,Rhizome Disease Root00095.JPG,Rhizome Disease Root,Rhizome_Disease_Root,external_excluded,excluded_non_leaf_domain
Dataset_02,dataset_02\original\Turmeric Plant Disease\Rhizome Disease Root\Rhizome Disease Root00096.JPG,Rhizome Disease Root00096.JPG,Rhizome Disease Root,Rhizome_Disease_Root,external_excluded,excluded_non_leaf_domain
Dataset_02,dataset_02\original\Turmeric Plant Disease\Rhizome Disease Root\Rhizome Disease Root00097.JPG,Rhizome Disease Root00097.JPG,Rhizome Disease Root,Rhizome_Disease_Root,external_excluded,excluded_non_leaf_domain
Dataset_02,dataset_02\original\Turmeric Plant Disease\Rhizome Disease Root\Rhizome Disease Root00098.JPG,Rhizome Disease Root00098.JPG,Rhizome Disease Root,Rhizome_Disease_Root,external_excluded,excluded_non_leaf_domain
Dataset_02,dataset_02\original\Turmeric Plant Disease\Rhizome Disease Root\Rhizome Disease Root00099.JPG,Rhizome Disease Root00099.JPG,Rhizome Disease Root,Rhizome_Disease_Root,external_excluded,excluded_non_leaf_domain
Dataset_02,dataset_02\original\Turmeric Plant Disease\Rhizome Disease Root\Rhizome Disease Root00100.JPG,Rhizome Disease Root00100.JPG,Rhizome Disease Root,Rhizome_Disease_Root,external_excluded,excluded_non_leaf_domain
Dataset_02,dataset_02\original\Turmeric Plant Disease\Rhizome Disease Root\Rhizome Disease Root00101.JPG,Rhizome Disease Root00101.JPG,Rhizome Disease Root,Rhizome_Disease_Root,external_excluded,excluded_non_leaf_domain
Dataset_02,dataset_02\original\Turmeric Plant Disease\Rhizome Disease Root\Rhizome Disease Root00102.JPG,Rhizome Disease Root00102.JPG,Rhizome Disease Root,Rhizome_Disease_Root,external_excluded,excluded_non_leaf_domain
Dataset_02,dataset_02\original\Turmeric Plant Disease\Rhizome Disease Root\Rhizome Disease Root00103.JPG,Rhizome Disease Root00103.JPG,Rhizome Disease Root,Rhizome_Disease_Root,external_excluded,excluded_non_leaf_domain
Dataset_02,dataset_02\original\Turmeric Plant Disease\Rhizome Disease Root\Rhizome Disease Root00104.JPG,Rhizome Disease Root00104.JPG,Rhizome Disease Root,Rhizome_Disease_Root,external_excluded,excluded_non_leaf_domain
Dataset_02,dataset_02\original\Turmeric Plant Disease\Rhizome Disease Root\Rhizome Disease Root00105.JPG,Rhizome Disease Root00105.JPG,Rhizome Disease Root,Rhizome_Disease_Root,external_excluded,excluded_non_leaf_domain
Dataset_02,dataset_02\original\Turmeric Plant Disease\Rhizome Disease Root\Rhizome Disease Root00106.JPG,Rhizome Disease Root00106.JPG,Rhizome Disease Root,Rhizome_Disease_Root,external_excluded,excluded_non_leaf_domain
Dataset_02,dataset_02\original\Turmeric Plant Disease\Rhizome Disease Root\Rhizome Disease Root00107.JPG,Rhizome Disease Root00107.JPG,Rhizome Disease Root,Rhizome_Disease_Root,external_excluded,excluded_non_leaf_domain
Dataset_02,dataset_02\original\Turmeric Plant Disease\Rhizome Disease Root\Rhizome Disease Root00108.JPG,Rhizome Disease Root00108.JPG,Rhizome Disease Root,Rhizome_Disease_Root,external_excluded,excluded_non_leaf_domain
Dataset_02,dataset_02\original\Turmeric Plant Disease\Rhizome Disease Root\Rhizome Disease Root00109.JPG,Rhizome Disease Root00109.JPG,Rhizome Disease Root,Rhizome_Disease_Root,external_excluded,excluded_non_leaf_domain
Dataset_02,dataset_02\original\Turmeric Plant Disease\Rhizome Disease Root\Rhizome Disease Root00110.JPG,Rhizome Disease Root00110.JPG,Rhizome Disease Root,Rhizome_Disease_Root,external_excluded,excluded_non_leaf_domain
Dataset_02,dataset_02\original\Turmeric Plant Disease\Rhizome Disease Root\Rhizome Disease Root00111.JPG,Rhizome Disease Root00111.JPG,Rhizome Disease Root,Rhizome_Disease_Root,external_excluded,excluded_non_leaf_domain
Dataset_02,dataset_02\original\Turmeric Plant Disease\Rhizome Disease Root\Rhizome Disease Root00112.JPG,Rhizome Disease Root00112.JPG,Rhizome Disease Root,Rhizome_Disease_Root,external_excluded,excluded_non_leaf_domain
Dataset_02,dataset_02\original\Turmeric Plant Disease\Rhizome Disease Root\Rhizome Disease Root00113.JPG,Rhizome Disease Root00113.JPG,Rhizome Disease Root,Rhizome_Disease_Root,external_excluded,excluded_non_leaf_domain
Dataset_02,dataset_02\original\Turmeric Plant Disease\Rhizome Disease Root\Rhizome Disease Root00114.JPG,Rhizome Disease Root00114.JPG,Rhizome Disease Root,Rhizome_Disease_Root,external_excluded,excluded_non_leaf_domain
Dataset_02,dataset_02\original\Turmeric Plant Disease\Rhizome Disease Root\Rhizome Disease Root00115.JPG,Rhizome Disease Root00115.JPG,Rhizome Disease Root,Rhizome_Disease_Root,external_excluded,excluded_non_leaf_domain
Dataset_02,dataset_02\original\Turmeric Plant Disease\Rhizome Disease Root\Rhizome Disease Root00116.JPG,Rhizome Disease Root00116.JPG,Rhizome Disease Root,Rhizome_Disease_Root,external_excluded,excluded_non_leaf_domain
Dataset_02,dataset_02\original\Turmeric Plant Disease\Rhizome Disease Root\Rhizome Disease Root00117.JPG,Rhizome Disease Root00117.JPG,Rhizome Disease Root,Rhizome_Disease_Root,external_excluded,excluded_non_leaf_domain
Dataset_02,dataset_02\original\Turmeric Plant Disease\Rhizome Disease Root\Rhizome Disease Root00118.JPG,Rhizome Disease Root00118.JPG,Rhizome Disease Root,Rhizome_Disease_Root,external_excluded,excluded_non_leaf_domain
Dataset_02,dataset_02\original\Turmeric Plant Disease\Rhizome Disease Root\Rhizome Disease Root00119.JPG,Rhizome Disease Root00119.JPG,Rhizome Disease Root,Rhizome_Disease_Root,external_excluded,excluded_non_leaf_domain
Dataset_02,dataset_02\original\Turmeric Plant Disease\Rhizome Disease Root\Rhizome Disease Root00120.JPG,Rhizome Disease Root00120.JPG,Rhizome Disease Root,Rhizome_Disease_Root,external_excluded,excluded_non_leaf_domain
Dataset_02,dataset_02\original\Turmeric Plant Disease\Rhizome Disease Root\Rhizome Disease Root00121.JPG,Rhizome Disease Root00121.JPG,Rhizome Disease Root,Rhizome_Disease_Root,external_excluded,excluded_non_leaf_domain
Dataset_02,dataset_02\original\Turmeric Plant Disease\Rhizome Disease Root\Rhizome Disease Root00122.JPG,Rhizome Disease Root00122.JPG,Rhizome Disease Root,Rhizome_Disease_Root,external_excluded,excluded_non_leaf_domain
Dataset_02,dataset_02\original\Turmeric Plant Disease\Rhizome Disease Root\Rhizome Disease Root00123.JPG,Rhizome Disease Root00123.JPG,Rhizome Disease Root,Rhizome_Disease_Root,external_excluded,excluded_non_leaf_domain
Dataset_02,dataset_02\original\Turmeric Plant Disease\Rhizome Disease Root\Rhizome Disease Root00124.JPG,Rhizome Disease Root00124.JPG,Rhizome Disease Root,Rhizome_Disease_Root,external_excluded,excluded_non_leaf_domain
Dataset_02,dataset_02\original\Turmeric Plant Disease\Rhizome Disease Root\Rhizome Disease Root00125.JPG,Rhizome Disease Root00125.JPG,Rhizome Disease Root,Rhizome_Disease_Root,external_excluded,excluded_non_leaf_domain
Dataset_02,dataset_02\original\Turmeric Plant Disease\Rhizome Disease Root\Rhizome Disease Root00126.JPG,Rhizome Disease Root00126.JPG,Rhizome Disease Root,Rhizome_Disease_Root,external_excluded,excluded_non_leaf_domain
Dataset_02,dataset_02\original\Turmeric Plant Disease\Rhizome Disease Root\Rhizome Disease Root00127.JPG,Rhizome Disease Root00127.JPG,Rhizome Disease Root,Rhizome_Disease_Root,external_excluded,excluded_non_leaf_domain
Dataset_02,dataset_02\original\Turmeric Plant Disease\Rhizome Disease Root\Rhizome Disease Root00128.JPG,Rhizome Disease Root00128.JPG,Rhizome Disease Root,Rhizome_Disease_Root,external_excluded,excluded_non_leaf_domain
Dataset_02,dataset_02\original\Turmeric Plant Disease\Rhizome Disease Root\Rhizome Disease Root00129.JPG,Rhizome Disease Root00129.JPG,Rhizome Disease Root,Rhizome_Disease_Root,external_excluded,excluded_non_leaf_domain
Dataset_02,dataset_02\original\Turmeric Plant Disease\Rhizome Disease Root\Rhizome Disease Root00130.JPG,Rhizome Disease Root00130.JPG,Rhizome Disease Root,Rhizome_Disease_Root,external_excluded,excluded_non_leaf_domain
Dataset_02,dataset_02\original\Turmeric Plant Disease\Rhizome Disease Root\Rhizome Disease Root00131.JPG,Rhizome Disease Root00131.JPG,Rhizome Disease Root,Rhizome_Disease_Root,external_excluded,excluded_non_leaf_domain
Dataset_02,dataset_02\original\Turmeric Plant Disease\Rhizome Disease Root\Rhizome Disease Root00132.JPG,Rhizome Disease Root00132.JPG,Rhizome Disease Root,Rhizome_Disease_Root,external_excluded,excluded_non_leaf_domain
Dataset_02,dataset_02\original\Turmeric Plant Disease\Rhizome Disease Root\Rhizome Disease Root00133.JPG,Rhizome Disease Root00133.JPG,Rhizome Disease Root,Rhizome_Disease_Root,external_excluded,excluded_non_leaf_domain
Dataset_02,dataset_02\original\Turmeric Plant Disease\Rhizome Disease Root\Rhizome Disease Root00134.JPG,Rhizome Disease Root00134.JPG,Rhizome Disease Root,Rhizome_Disease_Root,external_excluded,excluded_non_leaf_domain
Dataset_02,dataset_02\original\Turmeric Plant Disease\Rhizome Disease Root\Rhizome Disease Root00135.JPG,Rhizome Disease Root00135.JPG,Rhizome Disease Root,Rhizome_Disease_Root,external_excluded,excluded_non_leaf_domain
Dataset_02,dataset_02\original\Turmeric Plant Disease\Rhizome Disease Root\Rhizome Disease Root00136.JPG,Rhizome Disease Root00136.JPG,Rhizome Disease Root,Rhizome_Disease_Root,external_excluded,excluded_non_leaf_domain
Dataset_02,dataset_02\original\Turmeric Plant Disease\Rhizome Disease Root\Rhizome Disease Root00137.JPG,Rhizome Disease Root00137.JPG,Rhizome Disease Root,Rhizome_Disease_Root,external_excluded,excluded_non_leaf_domain
Dataset_02,dataset_02\original\Turmeric Plant Disease\Rhizome Disease Root\Rhizome Disease Root00138.JPG,Rhizome Disease Root00138.JPG,Rhizome Disease Root,Rhizome_Disease_Root,external_excluded,excluded_non_leaf_domain
Dataset_02,dataset_02\original\Turmeric Plant Disease\Rhizome Disease Root\Rhizome Disease Root00139.JPG,Rhizome Disease Root00139.JPG,Rhizome Disease Root,Rhizome_Disease_Root,external_excluded,excluded_non_leaf_domain
Dataset_02,dataset_02\original\Turmeric Plant Disease\Rhizome Disease Root\Rhizome Disease Root00140.JPG,Rhizome Disease Root00140.JPG,Rhizome Disease Root,Rhizome_Disease_Root,external_excluded,excluded_non_leaf_domain
Dataset_02,dataset_02\original\Turmeric Plant Disease\Rhizome Disease Root\Rhizome Disease Root00141.JPG,Rhizome Disease Root00141.JPG,Rhizome Disease Root,Rhizome_Disease_Root,external_excluded,excluded_non_leaf_domain
Dataset_02,dataset_02\original\Turmeric Plant Disease\Rhizome Disease Root\Rhizome Disease Root00142.JPG,Rhizome Disease Root00142.JPG,Rhizome Disease Root,Rhizome_Disease_Root,external_excluded,excluded_non_leaf_domain
Dataset_02,dataset_02\original\Turmeric Plant Disease\Rhizome Disease Root\Rhizome Disease Root00143.JPG,Rhizome Disease Root00143.JPG,Rhizome Disease Root,Rhizome_Disease_Root,external_excluded,excluded_non_leaf_domain
Dataset_02,dataset_02\original\Turmeric Plant Disease\Rhizome Disease Root\Rhizome Disease Root00144.JPG,Rhizome Disease Root00144.JPG,Rhizome Disease Root,Rhizome_Disease_Root,external_excluded,excluded_non_leaf_domain
Dataset_02,dataset_02\original\Turmeric Plant Disease\Rhizome Disease Root\Rhizome Disease Root00145.JPG,Rhizome Disease Root00145.JPG,Rhizome Disease Root,Rhizome_Disease_Root,external_excluded,excluded_non_leaf_domain
Dataset_02,dataset_02\original\Turmeric Plant Disease\Rhizome Disease Root\Rhizome Disease Root00146.JPG,Rhizome Disease Root00146.JPG,Rhizome Disease Root,Rhizome_Disease_Root,external_excluded,excluded_non_leaf_domain
Dataset_02,dataset_02\original\Turmeric Plant Disease\Rhizome Disease Root\Rhizome Disease Root00147.JPG,Rhizome Disease Root00147.JPG,Rhizome Disease Root,Rhizome_Disease_Root,external_excluded,excluded_non_leaf_domain
Dataset_02,dataset_02\original\Turmeric Plant Disease\Rhizome Disease Root\Rhizome Disease Root00148.JPG,Rhizome Disease Root00148.JPG,Rhizome Disease Root,Rhizome_Disease_Root,external_excluded,excluded_non_leaf_domain
Dataset_02,dataset_02\original\Turmeric Plant Disease\Rhizome Disease Root\Rhizome Disease Root00149.JPG,Rhizome Disease Root00149.JPG,Rhizome Disease Root,Rhizome_Disease_Root,external_excluded,excluded_non_leaf_domain
Dataset_02,dataset_02\original\Turmeric Plant Disease\Rhizome Disease Root\Rhizome Disease Root00150.JPG,Rhizome Disease Root00150.JPG,Rhizome Disease Root,Rhizome_Disease_Root,external_excluded,excluded_non_leaf_domain
Dataset_02,dataset_02\original\Turmeric Plant Disease\Rhizome Disease Root\Rhizome Disease Root00151.JPG,Rhizome Disease Root00151.JPG,Rhizome Disease Root,Rhizome_Disease_Root,external_excluded,excluded_non_leaf_domain
Dataset_02,dataset_02\original\Turmeric Plant Disease\Rhizome Disease Root\Rhizome Disease Root00152.JPG,Rhizome Disease Root00152.JPG,Rhizome Disease Root,Rhizome_Disease_Root,external_excluded,excluded_non_leaf_domain
Dataset_02,dataset_02\original\Turmeric Plant Disease\Rhizome Disease Root\Rhizome Disease Root00153.JPG,Rhizome Disease Root00153.JPG,Rhizome Disease Root,Rhizome_Disease_Root,external_excluded,excluded_non_leaf_domain
Dataset_02,dataset_02\original\Turmeric Plant Disease\Rhizome Disease Root\Rhizome Disease Root00154.JPG,Rhizome Disease Root00154.JPG,Rhizome Disease Root,Rhizome_Disease_Root,external_excluded,excluded_non_leaf_domain
Dataset_02,dataset_02\original\Turmeric Plant Disease\Rhizome Disease Root\Rhizome Disease Root00155.JPG,Rhizome Disease Root00155.JPG,Rhizome Disease Root,Rhizome_Disease_Root,external_excluded,excluded_non_leaf_domain
Dataset_02,dataset_02\original\Turmeric Plant Disease\Rhizome Disease Root\Rhizome Disease Root00156.JPG,Rhizome Disease Root00156.JPG,Rhizome Disease Root,Rhizome_Disease_Root,external_excluded,excluded_non_leaf_domain
Dataset_02,dataset_02\original\Turmeric Plant Disease\Rhizome Disease Root\Rhizome Disease Root00157.JPG,Rhizome Disease Root00157.JPG,Rhizome Disease Root,Rhizome_Disease_Root,external_excluded,excluded_non_leaf_domain
Dataset_02,dataset_02\original\Turmeric Plant Disease\Rhizome Disease Root\Rhizome Disease Root00158.JPG,Rhizome Disease Root00158.JPG,Rhizome Disease Root,Rhizome_Disease_Root,external_excluded,excluded_non_leaf_domain
Dataset_02,dataset_02\original\Turmeric Plant Disease\Rhizome Disease Root\Rhizome Disease Root00159.JPG,Rhizome Disease Root00159.JPG,Rhizome Disease Root,Rhizome_Disease_Root,external_excluded,excluded_non_leaf_domain
Dataset_02,dataset_02\original\Turmeric Plant Disease\Rhizome Disease Root\Rhizome Disease Root00160.JPG,Rhizome Disease Root00160.JPG,Rhizome Disease Root,Rhizome_Disease_Root,external_excluded,excluded_non_leaf_domain
Dataset_02,dataset_02\original\Turmeric Plant Disease\Rhizome Disease Root\Rhizome Disease Root00161.JPG,Rhizome Disease Root00161.JPG,Rhizome Disease Root,Rhizome_Disease_Root,external_excluded,excluded_non_leaf_domain
Dataset_02,dataset_02\original\Turmeric Plant Disease\Rhizome Disease Root\Rhizome Disease Root00162.JPG,Rhizome Disease Root00162.JPG,Rhizome Disease Root,Rhizome_Disease_Root,external_excluded,excluded_non_leaf_domain
Dataset_02,dataset_02\original\Turmeric Plant Disease\Rhizome Disease Root\Rhizome Disease Root00163.JPG,Rhizome Disease Root00163.JPG,Rhizome Disease Root,Rhizome_Disease_Root,external_excluded,excluded_non_leaf_domain
Dataset_02,dataset_02\original\Turmeric Plant Disease\Rhizome Disease Root\Rhizome Disease Root00164.JPG,Rhizome Disease Root00164.JPG,Rhizome Disease Root,Rhizome_Disease_Root,external_excluded,excluded_non_leaf_domain
Dataset_02,dataset_02\original\Turmeric Plant Disease\Rhizome Disease Root\Rhizome Disease Root00165.JPG,Rhizome Disease Root00165.JPG,Rhizome Disease Root,Rhizome_Disease_Root,external_excluded,excluded_non_leaf_domain
Dataset_02,dataset_02\original\Turmeric Plant Disease\Rhizome Disease Root\Rhizome Disease Root00166.JPG,Rhizome Disease Root00166.JPG,Rhizome Disease Root,Rhizome_Disease_Root,external_excluded,excluded_non_leaf_domain
Dataset_02,dataset_02\original\Turmeric Plant Disease\Rhizome Disease Root\Rhizome Disease Root00167.JPG,Rhizome Disease Root00167.JPG,Rhizome Disease Root,Rhizome_Disease_Root,external_excluded,excluded_non_leaf_domain
Dataset_02,dataset_02\original\Turmeric Plant Disease\Rhizome Disease Root\Rhizome Disease Root00168.JPG,Rhizome Disease Root00168.JPG,Rhizome Disease Root,Rhizome_Disease_Root,external_excluded,excluded_non_leaf_domain
Dataset_02,dataset_02\original\Turmeric Plant Disease\Rhizome Disease Root\Rhizome Disease Root00169.JPG,Rhizome Disease Root00169.JPG,Rhizome Disease Root,Rhizome_Disease_Root,external_excluded,excluded_non_leaf_domain
Dataset_02,dataset_02\original\Turmeric Plant Disease\Rhizome Disease Root\Rhizome Disease Root00170.JPG,Rhizome Disease Root00170.JPG,Rhizome Disease Root,Rhizome_Disease_Root,external_excluded,excluded_non_leaf_domain
Dataset_02,dataset_02\original\Turmeric Plant Disease\Rhizome Disease Root\Rhizome Disease Root00171.JPG,Rhizome Disease Root00171.JPG,Rhizome Disease Root,Rhizome_Disease_Root,external_excluded,excluded_non_leaf_domain
Dataset_02,dataset_02\original\Turmeric Plant Disease\Rhizome Disease Root\Rhizome Disease Root00172.JPG,Rhizome Disease Root00172.JPG,Rhizome Disease Root,Rhizome_Disease_Root,external_excluded,excluded_non_leaf_domain
Dataset_02,dataset_02\original\Turmeric Plant Disease\Rhizome Disease Root\Rhizome Disease Root00173.JPG,Rhizome Disease Root00173.JPG,Rhizome Disease Root,Rhizome_Disease_Root,external_excluded,excluded_non_leaf_domain
Dataset_02,dataset_02\original\Turmeric Plant Disease\Rhizome Disease Root\Rhizome Disease Root00174.JPG,Rhizome Disease Root00174.JPG,Rhizome Disease Root,Rhizome_Disease_Root,external_excluded,excluded_non_leaf_domain
Dataset_02,dataset_02\original\Turmeric Plant Disease\Rhizome Disease Root\Rhizome Disease Root00175.JPG,Rhizome Disease Root00175.JPG,Rhizome Disease Root,Rhizome_Disease_Root,external_excluded,excluded_non_leaf_domain
Dataset_02,dataset_02\original\Turmeric Plant Disease\Rhizome Disease Root\Rhizome Disease Root00176.JPG,Rhizome Disease Root00176.JPG,Rhizome Disease Root,Rhizome_Disease_Root,external_excluded,excluded_non_leaf_domain
Dataset_02,dataset_02\original\Turmeric Plant Disease\Rhizome Disease Root\Rhizome Disease Root00177.JPG,Rhizome Disease Root00177.JPG,Rhizome Disease Root,Rhizome_Disease_Root,external_excluded,excluded_non_leaf_domain
Dataset_02,dataset_02\original\Turmeric Plant Disease\Rhizome Disease Root\Rhizome Disease Root00178.JPG,Rhizome Disease Root00178.JPG,Rhizome Disease Root,Rhizome_Disease_Root,external_excluded,excluded_non_leaf_domain
Dataset_02,dataset_02\original\Turmeric Plant Disease\Rhizome Disease Root\Rhizome Disease Root00179.JPG,Rhizome Disease Root00179.JPG,Rhizome Disease Root,Rhizome_Disease_Root,external_excluded,excluded_non_leaf_domain
Dataset_02,dataset_02\original\Turmeric Plant Disease\Rhizome Disease Root\Rhizome Disease Root00180.JPG,Rhizome Disease Root00180.JPG,Rhizome Disease Root,Rhizome_Disease_Root,external_excluded,excluded_non_leaf_domain
Dataset_02,dataset_02\original\Turmeric Plant Disease\Rhizome Disease Root\Rhizome Disease Root00181.JPG,Rhizome Disease Root00181.JPG,Rhizome Disease Root,Rhizome_Disease_Root,external_excluded,excluded_non_leaf_domain
Dataset_02,dataset_02\original\Turmeric Plant Disease\Rhizome Disease Root\Rhizome Disease Root00182.JPG,Rhizome Disease Root00182.JPG,Rhizome Disease Root,Rhizome_Disease_Root,external_excluded,excluded_non_leaf_domain
Dataset_02,dataset_02\original\Turmeric Plant Disease\Rhizome Healthy Root\Rhizome Healthy Root00001.JPG,Rhizome Healthy Root00001.JPG,Rhizome Healthy Root,Rhizome_Healthy_Root,external_excluded,excluded_non_leaf_domain
Dataset_02,dataset_02\original\Turmeric Plant Disease\Rhizome Healthy Root\Rhizome Healthy Root00002.JPG,Rhizome Healthy Root00002.JPG,Rhizome Healthy Root,Rhizome_Healthy_Root,external_excluded,excluded_non_leaf_domain
Dataset_02,dataset_02\original\Turmeric Plant Disease\Rhizome Healthy Root\Rhizome Healthy Root00004.JPG,Rhizome Healthy Root00004.JPG,Rhizome Healthy Root,Rhizome_Healthy_Root,external_excluded,excluded_non_leaf_domain
Dataset_02,dataset_02\original\Turmeric Plant Disease\Rhizome Healthy Root\Rhizome Healthy Root00005.JPG,Rhizome Healthy Root00005.JPG,Rhizome Healthy Root,Rhizome_Healthy_Root,external_excluded,excluded_non_leaf_domain
Dataset_02,dataset_02\original\Turmeric Plant Disease\Rhizome Healthy Root\Rhizome Healthy Root00007.JPG,Rhizome Healthy Root00007.JPG,Rhizome Healthy Root,Rhizome_Healthy_Root,external_excluded,excluded_non_leaf_domain
Dataset_02,dataset_02\original\Turmeric Plant Disease\Rhizome Healthy Root\Rhizome Healthy Root00008.JPG,Rhizome Healthy Root00008.JPG,Rhizome Healthy Root,Rhizome_Healthy_Root,external_excluded,excluded_non_leaf_domain
Dataset_02,dataset_02\original\Turmeric Plant Disease\Rhizome Healthy Root\Rhizome Healthy Root00009.JPG,Rhizome Healthy Root00009.JPG,Rhizome Healthy Root,Rhizome_Healthy_Root,external_excluded,excluded_non_leaf_domain
Dataset_02,dataset_02\original\Turmeric Plant Disease\Rhizome Healthy Root\Rhizome Healthy Root00010.JPG,Rhizome Healthy Root00010.JPG,Rhizome Healthy Root,Rhizome_Healthy_Root,external_excluded,excluded_non_leaf_domain
Dataset_02,dataset_02\original\Turmeric Plant Disease\Rhizome Healthy Root\Rhizome Healthy Root00011.JPG,Rhizome Healthy Root00011.JPG,Rhizome Healthy Root,Rhizome_Healthy_Root,external_excluded,excluded_non_leaf_domain
Dataset_02,dataset_02\original\Turmeric Plant Disease\Rhizome Healthy Root\Rhizome Healthy Root00012.JPG,Rhizome Healthy Root00012.JPG,Rhizome Healthy Root,Rhizome_Healthy_Root,external_excluded,excluded_non_leaf_domain
Dataset_02,dataset_02\original\Turmeric Plant Disease\Rhizome Healthy Root\Rhizome Healthy Root00013.JPG,Rhizome Healthy Root00013.JPG,Rhizome Healthy Root,Rhizome_Healthy_Root,external_excluded,excluded_non_leaf_domain
Dataset_02,dataset_02\original\Turmeric Plant Disease\Rhizome Healthy Root\Rhizome Healthy Root00014.JPG,Rhizome Healthy Root00014.JPG,Rhizome Healthy Root,Rhizome_Healthy_Root,external_excluded,excluded_non_leaf_domain
Dataset_02,dataset_02\original\Turmeric Plant Disease\Rhizome Healthy Root\Rhizome Healthy Root00015.JPG,Rhizome Healthy Root00015.JPG,Rhizome Healthy Root,Rhizome_Healthy_Root,external_excluded,excluded_non_leaf_domain
Dataset_02,dataset_02\original\Turmeric Plant Disease\Rhizome Healthy Root\Rhizome Healthy Root00016.JPG,Rhizome Healthy Root00016.JPG,Rhizome Healthy Root,Rhizome_Healthy_Root,external_excluded,excluded_non_leaf_domain
Dataset_02,dataset_02\original\Turmeric Plant Disease\Rhizome Healthy Root\Rhizome Healthy Root00017.JPG,Rhizome Healthy Root00017.JPG,Rhizome Healthy Root,Rhizome_Healthy_Root,external_excluded,excluded_non_leaf_domain
Dataset_02,dataset_02\original\Turmeric Plant Disease\Rhizome Healthy Root\Rhizome Healthy Root00018.JPG,Rhizome Healthy Root00018.JPG,Rhizome Healthy Root,Rhizome_Healthy_Root,external_excluded,excluded_non_leaf_domain
Dataset_02,dataset_02\original\Turmeric Plant Disease\Rhizome Healthy Root\Rhizome Healthy Root00019.JPG,Rhizome Healthy Root00019.JPG,Rhizome Healthy Root,Rhizome_Healthy_Root,external_excluded,excluded_non_leaf_domain
Dataset_02,dataset_02\original\Turmeric Plant Disease\Rhizome Healthy Root\Rhizome Healthy Root00020.JPG,Rhizome Healthy Root00020.JPG,Rhizome Healthy Root,Rhizome_Healthy_Root,external_excluded,excluded_non_leaf_domain
Dataset_02,dataset_02\original\Turmeric Plant Disease\Rhizome Healthy Root\Rhizome Healthy Root00021.JPG,Rhizome Healthy Root00021.JPG,Rhizome Healthy Root,Rhizome_Healthy_Root,external_excluded,excluded_non_leaf_domain
Dataset_02,dataset_02\original\Turmeric Plant Disease\Rhizome Healthy Root\Rhizome Healthy Root00022.JPG,Rhizome Healthy Root00022.JPG,Rhizome Healthy Root,Rhizome_Healthy_Root,external_excluded,excluded_non_leaf_domain
Dataset_02,dataset_02\original\Turmeric Plant Disease\Rhizome Healthy Root\Rhizome Healthy Root00023.JPG,Rhizome Healthy Root00023.JPG,Rhizome Healthy Root,Rhizome_Healthy_Root,external_excluded,excluded_non_leaf_domain
Dataset_02,dataset_02\original\Turmeric Plant Disease\Rhizome Healthy Root\Rhizome Healthy Root00024.JPG,Rhizome Healthy Root00024.JPG,Rhizome Healthy Root,Rhizome_Healthy_Root,external_excluded,excluded_non_leaf_domain
Dataset_02,dataset_02\original\Turmeric Plant Disease\Rhizome Healthy Root\Rhizome Healthy Root00027.JPG,Rhizome Healthy Root00027.JPG,Rhizome Healthy Root,Rhizome_Healthy_Root,external_excluded,excluded_non_leaf_domain
Dataset_02,dataset_02\original\Turmeric Plant Disease\Rhizome Healthy Root\Rhizome Healthy Root00029.JPG,Rhizome Healthy Root00029.JPG,Rhizome Healthy Root,Rhizome_Healthy_Root,external_excluded,excluded_non_leaf_domain
Dataset_02,dataset_02\original\Turmeric Plant Disease\Rhizome Healthy Root\Rhizome Healthy Root00030.JPG,Rhizome Healthy Root00030.JPG,Rhizome Healthy Root,Rhizome_Healthy_Root,external_excluded,excluded_non_leaf_domain
Dataset_02,dataset_02\original\Turmeric Plant Disease\Rhizome Healthy Root\Rhizome Healthy Root00031.JPG,Rhizome Healthy Root00031.JPG,Rhizome Healthy Root,Rhizome_Healthy_Root,external_excluded,excluded_non_leaf_domain
Dataset_02,dataset_02\original\Turmeric Plant Disease\Rhizome Healthy Root\Rhizome Healthy Root00032.JPG,Rhizome Healthy Root00032.JPG,Rhizome Healthy Root,Rhizome_Healthy_Root,external_excluded,excluded_non_leaf_domain
Dataset_02,dataset_02\original\Turmeric Plant Disease\Rhizome Healthy Root\Rhizome Healthy Root00035.JPG,Rhizome Healthy Root00035.JPG,Rhizome Healthy Root,Rhizome_Healthy_Root,external_excluded,excluded_non_leaf_domain
Dataset_02,dataset_02\original\Turmeric Plant Disease\Rhizome Healthy Root\Rhizome Healthy Root00038.JPG,Rhizome Healthy Root00038.JPG,Rhizome Healthy Root,Rhizome_Healthy_Root,external_excluded,excluded_non_leaf_domain
Dataset_02,dataset_02\original\Turmeric Plant Disease\Rhizome Healthy Root\Rhizome Healthy Root00039.JPG,Rhizome Healthy Root00039.JPG,Rhizome Healthy Root,Rhizome_Healthy_Root,external_excluded,excluded_non_leaf_domain
Dataset_02,dataset_02\original\Turmeric Plant Disease\Rhizome Healthy Root\Rhizome Healthy Root00040.JPG,Rhizome Healthy Root00040.JPG,Rhizome Healthy Root,Rhizome_Healthy_Root,external_excluded,excluded_non_leaf_domain
Dataset_02,dataset_02\original\Turmeric Plant Disease\Rhizome Healthy Root\Rhizome Healthy Root00041.JPG,Rhizome Healthy Root00041.JPG,Rhizome Healthy Root,Rhizome_Healthy_Root,external_excluded,excluded_non_leaf_domain
Dataset_02,dataset_02\original\Turmeric Plant Disease\Rhizome Healthy Root\Rhizome Healthy Root00042.JPG,Rhizome Healthy Root00042.JPG,Rhizome Healthy Root,Rhizome_Healthy_Root,external_excluded,excluded_non_leaf_domain
Dataset_02,dataset_02\original\Turmeric Plant Disease\Rhizome Healthy Root\Rhizome Healthy Root00043.JPG,Rhizome Healthy Root00043.JPG,Rhizome Healthy Root,Rhizome_Healthy_Root,external_excluded,excluded_non_leaf_domain
Dataset_02,dataset_02\original\Turmeric Plant Disease\Rhizome Healthy Root\Rhizome Healthy Root00045.JPG,Rhizome Healthy Root00045.JPG,Rhizome Healthy Root,Rhizome_Healthy_Root,external_excluded,excluded_non_leaf_domain
Dataset_02,dataset_02\original\Turmeric Plant Disease\Rhizome Healthy Root\Rhizome Healthy Root00046.JPG,Rhizome Healthy Root00046.JPG,Rhizome Healthy Root,Rhizome_Healthy_Root,external_excluded,excluded_non_leaf_domain
Dataset_02,dataset_02\original\Turmeric Plant Disease\Rhizome Healthy Root\Rhizome Healthy Root00047.JPG,Rhizome Healthy Root00047.JPG,Rhizome Healthy Root,Rhizome_Healthy_Root,external_excluded,excluded_non_leaf_domain
Dataset_02,dataset_02\original\Turmeric Plant Disease\Rhizome Healthy Root\Rhizome Healthy Root00048.JPG,Rhizome Healthy Root00048.JPG,Rhizome Healthy Root,Rhizome_Healthy_Root,external_excluded,excluded_non_leaf_domain
Dataset_02,dataset_02\original\Turmeric Plant Disease\Rhizome Healthy Root\Rhizome Healthy Root00049.JPG,Rhizome Healthy Root00049.JPG,Rhizome Healthy Root,Rhizome_Healthy_Root,external_excluded,excluded_non_leaf_domain
Dataset_02,dataset_02\original\Turmeric Plant Disease\Rhizome Healthy Root\Rhizome Healthy Root00050.JPG,Rhizome Healthy Root00050.JPG,Rhizome Healthy Root,Rhizome_Healthy_Root,external_excluded,excluded_non_leaf_domain
Dataset_02,dataset_02\original\Turmeric Plant Disease\Rhizome Healthy Root\Rhizome Healthy Root00051.JPG,Rhizome Healthy Root00051.JPG,Rhizome Healthy Root,Rhizome_Healthy_Root,external_excluded,excluded_non_leaf_domain
Dataset_02,dataset_02\original\Turmeric Plant Disease\Rhizome Healthy Root\Rhizome Healthy Root00052.JPG,Rhizome Healthy Root00052.JPG,Rhizome Healthy Root,Rhizome_Healthy_Root,external_excluded,excluded_non_leaf_domain
Dataset_02,dataset_02\original\Turmeric Plant Disease\Rhizome Healthy Root\Rhizome Healthy Root00053.JPG,Rhizome Healthy Root00053.JPG,Rhizome Healthy Root,Rhizome_Healthy_Root,external_excluded,excluded_non_leaf_domain
Dataset_02,dataset_02\original\Turmeric Plant Disease\Rhizome Healthy Root\Rhizome Healthy Root00054.JPG,Rhizome Healthy Root00054.JPG,Rhizome Healthy Root,Rhizome_Healthy_Root,external_excluded,excluded_non_leaf_domain
Dataset_02,dataset_02\original\Turmeric Plant Disease\Rhizome Healthy Root\Rhizome Healthy Root00055.JPG,Rhizome Healthy Root00055.JPG,Rhizome Healthy Root,Rhizome_Healthy_Root,external_excluded,excluded_non_leaf_domain
Dataset_02,dataset_02\original\Turmeric Plant Disease\Rhizome Healthy Root\Rhizome Healthy Root00056.JPG,Rhizome Healthy Root00056.JPG,Rhizome Healthy Root,Rhizome_Healthy_Root,external_excluded,excluded_non_leaf_domain
Dataset_02,dataset_02\original\Turmeric Plant Disease\Rhizome Healthy Root\Rhizome Healthy Root00057.JPG,Rhizome Healthy Root00057.JPG,Rhizome Healthy Root,Rhizome_Healthy_Root,external_excluded,excluded_non_leaf_domain
Dataset_02,dataset_02\original\Turmeric Plant Disease\Rhizome Healthy Root\Rhizome Healthy Root00058.JPG,Rhizome Healthy Root00058.JPG,Rhizome Healthy Root,Rhizome_Healthy_Root,external_excluded,excluded_non_leaf_domain
Dataset_02,dataset_02\original\Turmeric Plant Disease\Rhizome Healthy Root\Rhizome Healthy Root00059.JPG,Rhizome Healthy Root00059.JPG,Rhizome Healthy Root,Rhizome_Healthy_Root,external_excluded,excluded_non_leaf_domain
Dataset_02,dataset_02\original\Turmeric Plant Disease\Rhizome Healthy Root\Rhizome Healthy Root00060.JPG,Rhizome Healthy Root00060.JPG,Rhizome Healthy Root,Rhizome_Healthy_Root,external_excluded,excluded_non_leaf_domain
Dataset_02,dataset_02\original\Turmeric Plant Disease\Rhizome Healthy Root\Rhizome Healthy Root00061.JPG,Rhizome Healthy Root00061.JPG,Rhizome Healthy Root,Rhizome_Healthy_Root,external_excluded,excluded_non_leaf_domain
Dataset_02,dataset_02\original\Turmeric Plant Disease\Rhizome Healthy Root\Rhizome Healthy Root00062.JPG,Rhizome Healthy Root00062.JPG,Rhizome Healthy Root,Rhizome_Healthy_Root,external_excluded,excluded_non_leaf_domain
Dataset_02,dataset_02\original\Turmeric Plant Disease\Rhizome Healthy Root\Rhizome Healthy Root00063.JPG,Rhizome Healthy Root00063.JPG,Rhizome Healthy Root,Rhizome_Healthy_Root,external_excluded,excluded_non_leaf_domain
Dataset_02,dataset_02\original\Turmeric Plant Disease\Rhizome Healthy Root\Rhizome Healthy Root00064.JPG,Rhizome Healthy Root00064.JPG,Rhizome Healthy Root,Rhizome_Healthy_Root,external_excluded,excluded_non_leaf_domain
Dataset_02,dataset_02\original\Turmeric Plant Disease\Rhizome Healthy Root\Rhizome Healthy Root00066.JPG,Rhizome Healthy Root00066.JPG,Rhizome Healthy Root,Rhizome_Healthy_Root,external_excluded,excluded_non_leaf_domain
Dataset_02,dataset_02\original\Turmeric Plant Disease\Rhizome Healthy Root\Rhizome Healthy Root00067.JPG,Rhizome Healthy Root00067.JPG,Rhizome Healthy Root,Rhizome_Healthy_Root,external_excluded,excluded_non_leaf_domain
Dataset_02,dataset_02\original\Turmeric Plant Disease\Rhizome Healthy Root\Rhizome Healthy Root00068.JPG,Rhizome Healthy Root00068.JPG,Rhizome Healthy Root,Rhizome_Healthy_Root,external_excluded,excluded_non_leaf_domain
Dataset_02,dataset_02\original\Turmeric Plant Disease\Rhizome Healthy Root\Rhizome Healthy Root00069.JPG,Rhizome Healthy Root00069.JPG,Rhizome Healthy Root,Rhizome_Healthy_Root,external_excluded,excluded_non_leaf_domain
Dataset_02,dataset_02\original\Turmeric Plant Disease\Rhizome Healthy Root\Rhizome Healthy Root00070.JPG,Rhizome Healthy Root00070.JPG,Rhizome Healthy Root,Rhizome_Healthy_Root,external_excluded,excluded_non_leaf_domain
Dataset_02,dataset_02\original\Turmeric Plant Disease\Rhizome Healthy Root\Rhizome Healthy Root00071.JPG,Rhizome Healthy Root00071.JPG,Rhizome Healthy Root,Rhizome_Healthy_Root,external_excluded,excluded_non_leaf_domain
Dataset_02,dataset_02\original\Turmeric Plant Disease\Rhizome Healthy Root\Rhizome Healthy Root00072.JPG,Rhizome Healthy Root00072.JPG,Rhizome Healthy Root,Rhizome_Healthy_Root,external_excluded,excluded_non_leaf_domain
Dataset_02,dataset_02\original\Turmeric Plant Disease\Rhizome Healthy Root\Rhizome Healthy Root00073.JPG,Rhizome Healthy Root00073.JPG,Rhizome Healthy Root,Rhizome_Healthy_Root,external_excluded,excluded_non_leaf_domain
Dataset_02,dataset_02\original\Turmeric Plant Disease\Rhizome Healthy Root\Rhizome Healthy Root00074.JPG,Rhizome Healthy Root00074.JPG,Rhizome Healthy Root,Rhizome_Healthy_Root,external_excluded,excluded_non_leaf_domain
Dataset_02,dataset_02\original\Turmeric Plant Disease\Rhizome Healthy Root\Rhizome Healthy Root00075.JPG,Rhizome Healthy Root00075.JPG,Rhizome Healthy Root,Rhizome_Healthy_Root,external_excluded,excluded_non_leaf_domain
Dataset_02,dataset_02\original\Turmeric Plant Disease\Rhizome Healthy Root\Rhizome Healthy Root00076.JPG,Rhizome Healthy Root00076.JPG,Rhizome Healthy Root,Rhizome_Healthy_Root,external_excluded,excluded_non_leaf_domain
Dataset_02,dataset_02\original\Turmeric Plant Disease\Rhizome Healthy Root\Rhizome Healthy Root00077.JPG,Rhizome Healthy Root00077.JPG,Rhizome Healthy Root,Rhizome_Healthy_Root,external_excluded,excluded_non_leaf_domain
Dataset_02,dataset_02\original\Turmeric Plant Disease\Rhizome Healthy Root\Rhizome Healthy Root00078.JPG,Rhizome Healthy Root00078.JPG,Rhizome Healthy Root,Rhizome_Healthy_Root,external_excluded,excluded_non_leaf_domain
Dataset_02,dataset_02\original\Turmeric Plant Disease\Rhizome Healthy Root\Rhizome Healthy Root00079.JPG,Rhizome Healthy Root00079.JPG,Rhizome Healthy Root,Rhizome_Healthy_Root,external_excluded,excluded_non_leaf_domain
Dataset_02,dataset_02\original\Turmeric Plant Disease\Rhizome Healthy Root\Rhizome Healthy Root00080.JPG,Rhizome Healthy Root00080.JPG,Rhizome Healthy Root,Rhizome_Healthy_Root,external_excluded,excluded_non_leaf_domain
Dataset_02,dataset_02\original\Turmeric Plant Disease\Rhizome Healthy Root\Rhizome Healthy Root00081.JPG,Rhizome Healthy Root00081.JPG,Rhizome Healthy Root,Rhizome_Healthy_Root,external_excluded,excluded_non_leaf_domain
Dataset_02,dataset_02\original\Turmeric Plant Disease\Rhizome Healthy Root\Rhizome Healthy Root00082.JPG,Rhizome Healthy Root00082.JPG,Rhizome Healthy Root,Rhizome_Healthy_Root,external_excluded,excluded_non_leaf_domain
Dataset_02,dataset_02\original\Turmeric Plant Disease\Rhizome Healthy Root\Rhizome Healthy Root00083.JPG,Rhizome Healthy Root00083.JPG,Rhizome Healthy Root,Rhizome_Healthy_Root,external_excluded,excluded_non_leaf_domain
Dataset_02,dataset_02\original\Turmeric Plant Disease\Rhizome Healthy Root\Rhizome Healthy Root00084.JPG,Rhizome Healthy Root00084.JPG,Rhizome Healthy Root,Rhizome_Healthy_Root,external_excluded,excluded_non_leaf_domain
Dataset_02,dataset_02\original\Turmeric Plant Disease\Rhizome Healthy Root\Rhizome Healthy Root00085.JPG,Rhizome Healthy Root00085.JPG,Rhizome Healthy Root,Rhizome_Healthy_Root,external_excluded,excluded_non_leaf_domain
Dataset_02,dataset_02\original\Turmeric Plant Disease\Rhizome Healthy Root\Rhizome Healthy Root00086.JPG,Rhizome Healthy Root00086.JPG,Rhizome Healthy Root,Rhizome_Healthy_Root,external_excluded,excluded_non_leaf_domain
Dataset_02,dataset_02\original\Turmeric Plant Disease\Rhizome Healthy Root\Rhizome Healthy Root00087.JPG,Rhizome Healthy Root00087.JPG,Rhizome Healthy Root,Rhizome_Healthy_Root,external_excluded,excluded_non_leaf_domain
Dataset_02,dataset_02\original\Turmeric Plant Disease\Rhizome Healthy Root\Rhizome Healthy Root00088.JPG,Rhizome Healthy Root00088.JPG,Rhizome Healthy Root,Rhizome_Healthy_Root,external_excluded,excluded_non_leaf_domain
Dataset_02,dataset_02\original\Turmeric Plant Disease\Rhizome Healthy Root\Rhizome Healthy Root00089.JPG,Rhizome Healthy Root00089.JPG,Rhizome Healthy Root,Rhizome_Healthy_Root,external_excluded,excluded_non_leaf_domain
Dataset_02,dataset_02\original\Turmeric Plant Disease\Rhizome Healthy Root\Rhizome Healthy Root00090.JPG,Rhizome Healthy Root00090.JPG,Rhizome Healthy Root,Rhizome_Healthy_Root,external_excluded,excluded_non_leaf_domain
Dataset_02,dataset_02\original\Turmeric Plant Disease\Rhizome Healthy Root\Rhizome Healthy Root00091.JPG,Rhizome Healthy Root00091.JPG,Rhizome Healthy Root,Rhizome_Healthy_Root,external_excluded,excluded_non_leaf_domain
Dataset_02,dataset_02\original\Turmeric Plant Disease\Rhizome Healthy Root\Rhizome Healthy Root00092.JPG,Rhizome Healthy Root00092.JPG,Rhizome Healthy Root,Rhizome_Healthy_Root,external_excluded,excluded_non_leaf_domain
Dataset_02,dataset_02\original\Turmeric Plant Disease\Rhizome Healthy Root\Rhizome Healthy Root00096.JPG,Rhizome Healthy Root00096.JPG,Rhizome Healthy Root,Rhizome_Healthy_Root,external_excluded,excluded_non_leaf_domain
Dataset_02,dataset_02\original\Turmeric Plant Disease\Rhizome Healthy Root\Rhizome Healthy Root00097.JPG,Rhizome Healthy Root00097.JPG,Rhizome Healthy Root,Rhizome_Healthy_Root,external_excluded,excluded_non_leaf_domain
Dataset_02,dataset_02\original\Turmeric Plant Disease\Rhizome Healthy Root\Rhizome Healthy Root00098.JPG,Rhizome Healthy Root00098.JPG,Rhizome Healthy Root,Rhizome_Healthy_Root,external_excluded,excluded_non_leaf_domain
Dataset_02,dataset_02\original\Turmeric Plant Disease\Rhizome Healthy Root\Rhizome Healthy Root00099.JPG,Rhizome Healthy Root00099.JPG,Rhizome Healthy Root,Rhizome_Healthy_Root,external_excluded,excluded_non_leaf_domain
Dataset_02,dataset_02\original\Turmeric Plant Disease\Rhizome Healthy Root\Rhizome Healthy Root00100.JPG,Rhizome Healthy Root00100.JPG,Rhizome Healthy Root,Rhizome_Healthy_Root,external_excluded,excluded_non_leaf_domain
Dataset_02,dataset_02\original\Turmeric Plant Disease\Rhizome Healthy Root\Rhizome Healthy Root00101.JPG,Rhizome Healthy Root00101.JPG,Rhizome Healthy Root,Rhizome_Healthy_Root,external_excluded,excluded_non_leaf_domain
Dataset_02,dataset_02\original\Turmeric Plant Disease\Rhizome Healthy Root\Rhizome Healthy Root00102.JPG,Rhizome Healthy Root00102.JPG,Rhizome Healthy Root,Rhizome_Healthy_Root,external_excluded,excluded_non_leaf_domain
Dataset_02,dataset_02\original\Turmeric Plant Disease\Rhizome Healthy Root\Rhizome Healthy Root00103.JPG,Rhizome Healthy Root00103.JPG,Rhizome Healthy Root,Rhizome_Healthy_Root,external_excluded,excluded_non_leaf_domain
Dataset_02,dataset_02\original\Turmeric Plant Disease\Rhizome Healthy Root\Rhizome Healthy Root00104.JPG,Rhizome Healthy Root00104.JPG,Rhizome Healthy Root,Rhizome_Healthy_Root,external_excluded,excluded_non_leaf_domain
Dataset_02,dataset_02\original\Turmeric Plant Disease\Rhizome Healthy Root\Rhizome Healthy Root00105.JPG,Rhizome Healthy Root00105.JPG,Rhizome Healthy Root,Rhizome_Healthy_Root,external_excluded,excluded_non_leaf_domain
Dataset_02,dataset_02\original\Turmeric Plant Disease\Rhizome Healthy Root\Rhizome Healthy Root00106.JPG,Rhizome Healthy Root00106.JPG,Rhizome Healthy Root,Rhizome_Healthy_Root,external_excluded,excluded_non_leaf_domain
Dataset_02,dataset_02\original\Turmeric Plant Disease\Rhizome Healthy Root\Rhizome Healthy Root00107.JPG,Rhizome Healthy Root00107.JPG,Rhizome Healthy Root,Rhizome_Healthy_Root,external_excluded,excluded_non_leaf_domain
Dataset_02,dataset_02\original\Turmeric Plant Disease\Rhizome Healthy Root\Rhizome Healthy Root00108.JPG,Rhizome Healthy Root00108.JPG,Rhizome Healthy Root,Rhizome_Healthy_Root,external_excluded,excluded_non_leaf_domain
Dataset_02,dataset_02\original\Turmeric Plant Disease\Rhizome Healthy Root\Rhizome Healthy Root00109.JPG,Rhizome Healthy Root00109.JPG,Rhizome Healthy Root,Rhizome_Healthy_Root,external_excluded,excluded_non_leaf_domain
Dataset_02,dataset_02\original\Turmeric Plant Disease\Rhizome Healthy Root\Rhizome Healthy Root00110.JPG,Rhizome Healthy Root00110.JPG,Rhizome Healthy Root,Rhizome_Healthy_Root,external_excluded,excluded_non_leaf_domain
Dataset_02,dataset_02\original\Turmeric Plant Disease\Rhizome Healthy Root\Rhizome Healthy Root00111.JPG,Rhizome Healthy Root00111.JPG,Rhizome Healthy Root,Rhizome_Healthy_Root,external_excluded,excluded_non_leaf_domain
Dataset_02,dataset_02\original\Turmeric Plant Disease\Rhizome Healthy Root\Rhizome Healthy Root00112.JPG,Rhizome Healthy Root00112.JPG,Rhizome Healthy Root,Rhizome_Healthy_Root,external_excluded,excluded_non_leaf_domain
Dataset_02,dataset_02\original\Turmeric Plant Disease\Rhizome Healthy Root\Rhizome Healthy Root00114.JPG,Rhizome Healthy Root00114.JPG,Rhizome Healthy Root,Rhizome_Healthy_Root,external_excluded,excluded_non_leaf_domain
Dataset_02,dataset_02\original\Turmeric Plant Disease\Rhizome Healthy Root\Rhizome Healthy Root00115.JPG,Rhizome Healthy Root00115.JPG,Rhizome Healthy Root,Rhizome_Healthy_Root,external_excluded,excluded_non_leaf_domain
Dataset_02,dataset_02\original\Turmeric Plant Disease\Rhizome Healthy Root\Rhizome Healthy Root00117.JPG,Rhizome Healthy Root00117.JPG,Rhizome Healthy Root,Rhizome_Healthy_Root,external_excluded,excluded_non_leaf_domain
Dataset_02,dataset_02\original\Turmeric Plant Disease\Rhizome Healthy Root\Rhizome Healthy Root00118.JPG,Rhizome Healthy Root00118.JPG,Rhizome Healthy Root,Rhizome_Healthy_Root,external_excluded,excluded_non_leaf_domain
Dataset_02,dataset_02\original\Turmeric Plant Disease\Rhizome Healthy Root\Rhizome Healthy Root00119.JPG,Rhizome Healthy Root00119.JPG,Rhizome Healthy Root,Rhizome_Healthy_Root,external_excluded,excluded_non_leaf_domain
Dataset_02,dataset_02\original\Turmeric Plant Disease\Rhizome Healthy Root\Rhizome Healthy Root00120.JPG,Rhizome Healthy Root00120.JPG,Rhizome Healthy Root,Rhizome_Healthy_Root,external_excluded,excluded_non_leaf_domain
Dataset_02,dataset_02\original\Turmeric Plant Disease\Rhizome Healthy Root\Rhizome Healthy Root00121.JPG,Rhizome Healthy Root00121.JPG,Rhizome Healthy Root,Rhizome_Healthy_Root,external_excluded,excluded_non_leaf_domain
Dataset_02,dataset_02\original\Turmeric Plant Disease\Rhizome Healthy Root\Rhizome Healthy Root00122.JPG,Rhizome Healthy Root00122.JPG,Rhizome Healthy Root,Rhizome_Healthy_Root,external_excluded,excluded_non_leaf_domain
Dataset_02,dataset_02\original\Turmeric Plant Disease\Rhizome Healthy Root\Rhizome Healthy Root00123.JPG,Rhizome Healthy Root00123.JPG,Rhizome Healthy Root,Rhizome_Healthy_Root,external_excluded,excluded_non_leaf_domain
Dataset_02,dataset_02\original\Turmeric Plant Disease\Rhizome Healthy Root\Rhizome Healthy Root00124.JPG,Rhizome Healthy Root00124.JPG,Rhizome Healthy Root,Rhizome_Healthy_Root,external_excluded,excluded_non_leaf_domain
Dataset_02,dataset_02\original\Turmeric Plant Disease\Rhizome Healthy Root\Rhizome Healthy Root00125.JPG,Rhizome Healthy Root00125.JPG,Rhizome Healthy Root,Rhizome_Healthy_Root,external_excluded,excluded_non_leaf_domain
Dataset_02,dataset_02\original\Turmeric Plant Disease\Rhizome Healthy Root\Rhizome Healthy Root00126.JPG,Rhizome Healthy Root00126.JPG,Rhizome Healthy Root,Rhizome_Healthy_Root,external_excluded,excluded_non_leaf_domain
Dataset_02,dataset_02\original\Turmeric Plant Disease\Rhizome Healthy Root\Rhizome Healthy Root00127.JPG,Rhizome Healthy Root00127.JPG,Rhizome Healthy Root,Rhizome_Healthy_Root,external_excluded,excluded_non_leaf_domain
Dataset_02,dataset_02\original\Turmeric Plant Disease\Rhizome Healthy Root\Rhizome Healthy Root00131.JPG,Rhizome Healthy Root00131.JPG,Rhizome Healthy Root,Rhizome_Healthy_Root,external_excluded,excluded_non_leaf_domain
Dataset_02,dataset_02\original\Turmeric Plant Disease\Rhizome Healthy Root\Rhizome Healthy Root00132.JPG,Rhizome Healthy Root00132.JPG,Rhizome Healthy Root,Rhizome_Healthy_Root,external_excluded,excluded_non_leaf_domain
Dataset_02,dataset_02\original\Turmeric Plant Disease\Rhizome Healthy Root\Rhizome Healthy Root00134.JPG,Rhizome Healthy Root00134.JPG,Rhizome Healthy Root,Rhizome_Healthy_Root,external_excluded,excluded_non_leaf_domain
Dataset_02,dataset_02\original\Turmeric Plant Disease\Rhizome Healthy Root\Rhizome Healthy Root00135.JPG,Rhizome Healthy Root00135.JPG,Rhizome Healthy Root,Rhizome_Healthy_Root,external_excluded,excluded_non_leaf_domain
Dataset_02,dataset_02\original\Turmeric Plant Disease\Rhizome Healthy Root\Rhizome Healthy Root00136.JPG,Rhizome Healthy Root00136.JPG,Rhizome Healthy Root,Rhizome_Healthy_Root,external_excluded,excluded_non_leaf_domain
Dataset_02,dataset_02\original\Turmeric Plant Disease\Rhizome Healthy Root\Rhizome Healthy Root00137.JPG,Rhizome Healthy Root00137.JPG,Rhizome Healthy Root,Rhizome_Healthy_Root,external_excluded,excluded_non_leaf_domain
Dataset_02,dataset_02\original\Turmeric Plant Disease\Rhizome Healthy Root\Rhizome Healthy Root00138.JPG,Rhizome Healthy Root00138.JPG,Rhizome Healthy Root,Rhizome_Healthy_Root,external_excluded,excluded_non_leaf_domain
Dataset_02,dataset_02\original\Turmeric Plant Disease\Rhizome Healthy Root\Rhizome Healthy Root00139.JPG,Rhizome Healthy Root00139.JPG,Rhizome Healthy Root,Rhizome_Healthy_Root,external_excluded,excluded_non_leaf_domain
Dataset_02,dataset_02\original\Turmeric Plant Disease\Rhizome Healthy Root\Rhizome Healthy Root00140.JPG,Rhizome Healthy Root00140.JPG,Rhizome Healthy Root,Rhizome_Healthy_Root,external_excluded,excluded_non_leaf_domain
Dataset_02,dataset_02\original\Turmeric Plant Disease\Rhizome Healthy Root\Rhizome Healthy Root00141.JPG,Rhizome Healthy Root00141.JPG,Rhizome Healthy Root,Rhizome_Healthy_Root,external_excluded,excluded_non_leaf_domain
Dataset_02,dataset_02\original\Turmeric Plant Disease\Rhizome Healthy Root\Rhizome Healthy Root00142.JPG,Rhizome Healthy Root00142.JPG,Rhizome Healthy Root,Rhizome_Healthy_Root,external_excluded,excluded_non_leaf_domain
Dataset_02,dataset_02\original\Turmeric Plant Disease\Rhizome Healthy Root\Rhizome Healthy Root00143.JPG,Rhizome Healthy Root00143.JPG,Rhizome Healthy Root,Rhizome_Healthy_Root,external_excluded,excluded_non_leaf_domain
Dataset_02,dataset_02\original\Turmeric Plant Disease\Rhizome Healthy Root\Rhizome Healthy Root00144.JPG,Rhizome Healthy Root00144.JPG,Rhizome Healthy Root,Rhizome_Healthy_Root,external_excluded,excluded_non_leaf_domain
Dataset_02,dataset_02\original\Turmeric Plant Disease\Rhizome Healthy Root\Rhizome Healthy Root00145.JPG,Rhizome Healthy Root00145.JPG,Rhizome Healthy Root,Rhizome_Healthy_Root,external_excluded,excluded_non_leaf_domain
Dataset_02,dataset_02\original\Turmeric Plant Disease\Rhizome Healthy Root\Rhizome Healthy Root00146.JPG,Rhizome Healthy Root00146.JPG,Rhizome Healthy Root,Rhizome_Healthy_Root,external_excluded,excluded_non_leaf_domain
Dataset_02,dataset_02\original\Turmeric Plant Disease\Rhizome Healthy Root\Rhizome Healthy Root00147.JPG,Rhizome Healthy Root00147.JPG,Rhizome Healthy Root,Rhizome_Healthy_Root,external_excluded,excluded_non_leaf_domain
Dataset_02,dataset_02\original\Turmeric Plant Disease\Rhizome Healthy Root\Rhizome Healthy Root00148.JPG,Rhizome Healthy Root00148.JPG,Rhizome Healthy Root,Rhizome_Healthy_Root,external_excluded,excluded_non_leaf_domain
Dataset_02,dataset_02\original\Turmeric Plant Disease\Rhizome Healthy Root\Rhizome Healthy Root00149.JPG,Rhizome Healthy Root00149.JPG,Rhizome Healthy Root,Rhizome_Healthy_Root,external_excluded,excluded_non_leaf_domain
Dataset_02,dataset_02\original\Turmeric Plant Disease\Rhizome Healthy Root\Rhizome Healthy Root00150.JPG,Rhizome Healthy Root00150.JPG,Rhizome Healthy Root,Rhizome_Healthy_Root,external_excluded,excluded_non_leaf_domain
Dataset_02,dataset_02\original\Turmeric Plant Disease\Rhizome Healthy Root\Rhizome Healthy Root00151.JPG,Rhizome Healthy Root00151.JPG,Rhizome Healthy Root,Rhizome_Healthy_Root,external_excluded,excluded_non_leaf_domain
Dataset_02,dataset_02\original\Turmeric Plant Disease\Rhizome Healthy Root\Rhizome Healthy Root00152.JPG,Rhizome Healthy Root00152.JPG,Rhizome Healthy Root,Rhizome_Healthy_Root,external_excluded,excluded_non_leaf_domain
Dataset_02,dataset_02\original\Turmeric Plant Disease\Rhizome Healthy Root\Rhizome Healthy Root00153.JPG,Rhizome Healthy Root00153.JPG,Rhizome Healthy Root,Rhizome_Healthy_Root,external_excluded,excluded_non_leaf_domain
Dataset_02,dataset_02\original\Turmeric Plant Disease\Rhizome Healthy Root\Rhizome Healthy Root00154.JPG,Rhizome Healthy Root00154.JPG,Rhizome Healthy Root,Rhizome_Healthy_Root,external_excluded,excluded_non_leaf_domain
Dataset_02,dataset_02\original\Turmeric Plant Disease\Rhizome Healthy Root\Rhizome Healthy Root00155.JPG,Rhizome Healthy Root00155.JPG,Rhizome Healthy Root,Rhizome_Healthy_Root,external_excluded,excluded_non_leaf_domain
Dataset_02,dataset_02\original\Turmeric Plant Disease\Rhizome Healthy Root\Rhizome Healthy Root00156.JPG,Rhizome Healthy Root00156.JPG,Rhizome Healthy Root,Rhizome_Healthy_Root,external_excluded,excluded_non_leaf_domain
Dataset_02,dataset_02\original\Turmeric Plant Disease\Rhizome Healthy Root\Rhizome Healthy Root00157.JPG,Rhizome Healthy Root00157.JPG,Rhizome Healthy Root,Rhizome_Healthy_Root,external_excluded,excluded_non_leaf_domain
Dataset_02,dataset_02\original\Turmeric Plant Disease\Rhizome Healthy Root\Rhizome Healthy Root00158.JPG,Rhizome Healthy Root00158.JPG,Rhizome Healthy Root,Rhizome_Healthy_Root,external_excluded,excluded_non_leaf_domain
Dataset_02,dataset_02\original\Turmeric Plant Disease\Rhizome Healthy Root\Rhizome Healthy Root00159.JPG,Rhizome Healthy Root00159.JPG,Rhizome Healthy Root,Rhizome_Healthy_Root,external_excluded,excluded_non_leaf_domain
Dataset_02,dataset_02\original\Turmeric Plant Disease\Rhizome Healthy Root\Rhizome Healthy Root00160.JPG,Rhizome Healthy Root00160.JPG,Rhizome Healthy Root,Rhizome_Healthy_Root,external_excluded,excluded_non_leaf_domain
Dataset_02,dataset_02\original\Turmeric Plant Disease\Rhizome Healthy Root\Rhizome Healthy Root00161.JPG,Rhizome Healthy Root00161.JPG,Rhizome Healthy Root,Rhizome_Healthy_Root,external_excluded,excluded_non_leaf_domain
Dataset_02,dataset_02\original\Turmeric Plant Disease\Rhizome Healthy Root\Rhizome Healthy Root00162.JPG,Rhizome Healthy Root00162.JPG,Rhizome Healthy Root,Rhizome_Healthy_Root,external_excluded,excluded_non_leaf_domain
Dataset_02,dataset_02\original\Turmeric Plant Disease\Rhizome Healthy Root\Rhizome Healthy Root00163.JPG,Rhizome Healthy Root00163.JPG,Rhizome Healthy Root,Rhizome_Healthy_Root,external_excluded,excluded_non_leaf_domain
Dataset_02,dataset_02\original\Turmeric Plant Disease\Rhizome Healthy Root\Rhizome Healthy Root00164.JPG,Rhizome Healthy Root00164.JPG,Rhizome Healthy Root,Rhizome_Healthy_Root,external_excluded,excluded_non_leaf_domain
Dataset_02,dataset_02\original\Turmeric Plant Disease\Rhizome Healthy Root\Rhizome Healthy Root00165.JPG,Rhizome Healthy Root00165.JPG,Rhizome Healthy Root,Rhizome_Healthy_Root,external_excluded,excluded_non_leaf_domain
Dataset_02,dataset_02\original\Turmeric Plant Disease\Rhizome Healthy Root\Rhizome Healthy Root00166.JPG,Rhizome Healthy Root00166.JPG,Rhizome Healthy Root,Rhizome_Healthy_Root,external_excluded,excluded_non_leaf_domain
Dataset_02,dataset_02\original\Turmeric Plant Disease\Rhizome Healthy Root\Rhizome Healthy Root00167.JPG,Rhizome Healthy Root00167.JPG,Rhizome Healthy Root,Rhizome_Healthy_Root,external_excluded,excluded_non_leaf_domain
Dataset_02,dataset_02\original\Turmeric Plant Disease\Rhizome Healthy Root\Rhizome Healthy Root00168.JPG,Rhizome Healthy Root00168.JPG,Rhizome Healthy Root,Rhizome_Healthy_Root,external_excluded,excluded_non_leaf_domain
Dataset_02,dataset_02\original\Turmeric Plant Disease\Rhizome Healthy Root\Rhizome Healthy Root00169.JPG,Rhizome Healthy Root00169.JPG,Rhizome Healthy Root,Rhizome_Healthy_Root,external_excluded,excluded_non_leaf_domain
Dataset_02,dataset_02\original\Turmeric Plant Disease\Rhizome Healthy Root\Rhizome Healthy Root00170.JPG,Rhizome Healthy Root00170.JPG,Rhizome Healthy Root,Rhizome_Healthy_Root,external_excluded,excluded_non_leaf_domain
Dataset_02,dataset_02\original\Turmeric Plant Disease\Rhizome Healthy Root\Rhizome Healthy Root00171.JPG,Rhizome Healthy Root00171.JPG,Rhizome Healthy Root,Rhizome_Healthy_Root,external_excluded,excluded_non_leaf_domain
Dataset_02,dataset_02\original\Turmeric Plant Disease\Rhizome Healthy Root\Rhizome Healthy Root00172.JPG,Rhizome Healthy Root00172.JPG,Rhizome Healthy Root,Rhizome_Healthy_Root,external_excluded,excluded_non_leaf_domain
Dataset_02,dataset_02\original\Turmeric Plant Disease\Rhizome Healthy Root\Rhizome Healthy Root00173.JPG,Rhizome Healthy Root00173.JPG,Rhizome Healthy Root,Rhizome_Healthy_Root,external_excluded,excluded_non_leaf_domain
Dataset_02,dataset_02\original\Turmeric Plant Disease\Rhizome Healthy Root\Rhizome Healthy Root00174.JPG,Rhizome Healthy Root00174.JPG,Rhizome Healthy Root,Rhizome_Healthy_Root,external_excluded,excluded_non_leaf_domain
Dataset_02,dataset_02\original\Turmeric Plant Disease\Rhizome Healthy Root\Rhizome Healthy Root00175.JPG,Rhizome Healthy Root00175.JPG,Rhizome Healthy Root,Rhizome_Healthy_Root,external_excluded,excluded_non_leaf_domain
Dataset_02,dataset_02\original\Turmeric Plant Disease\Rhizome Healthy Root\Rhizome Healthy Root00176.JPG,Rhizome Healthy Root00176.JPG,Rhizome Healthy Root,Rhizome_Healthy_Root,external_excluded,excluded_non_leaf_domain
Dataset_02,dataset_02\original\Turmeric Plant Disease\Rhizome Healthy Root\Rhizome Healthy Root00177.JPG,Rhizome Healthy Root00177.JPG,Rhizome Healthy Root,Rhizome_Healthy_Root,external_excluded,excluded_non_leaf_domain
Dataset_02,dataset_02\original\Turmeric Plant Disease\Rhizome Healthy Root\Rhizome Healthy Root00178.JPG,Rhizome Healthy Root00178.JPG,Rhizome Healthy Root,Rhizome_Healthy_Root,external_excluded,excluded_non_leaf_domain
Dataset_02,dataset_02\original\Turmeric Plant Disease\Rhizome Healthy Root\Rhizome Healthy Root00179.JPG,Rhizome Healthy Root00179.JPG,Rhizome Healthy Root,Rhizome_Healthy_Root,external_excluded,excluded_non_leaf_domain
Dataset_02,dataset_02\original\Turmeric Plant Disease\Rhizome Healthy Root\Rhizome Healthy Root00180.JPG,Rhizome Healthy Root00180.JPG,Rhizome Healthy Root,Rhizome_Healthy_Root,external_excluded,excluded_non_leaf_domain
Dataset_02,dataset_02\original\Turmeric Plant Disease\Rhizome Healthy Root\Rhizome Healthy Root00181.JPG,Rhizome Healthy Root00181.JPG,Rhizome Healthy Root,Rhizome_Healthy_Root,external_excluded,excluded_non_leaf_domain
Dataset_02,dataset_02\original\Turmeric Plant Disease\Rhizome Healthy Root\Rhizome Healthy Root00182.JPG,Rhizome Healthy Root00182.JPG,Rhizome Healthy Root,Rhizome_Healthy_Root,external_excluded,excluded_non_leaf_domain
Dataset_02,dataset_02\original\Turmeric Plant Disease\Rhizome Healthy Root\Rhizome Healthy Root00183.JPG,Rhizome Healthy Root00183.JPG,Rhizome Healthy Root,Rhizome_Healthy_Root,external_excluded,excluded_non_leaf_domain
Dataset_02,dataset_02\original\Turmeric Plant Disease\Rhizome Healthy Root\Rhizome Healthy Root00184.JPG,Rhizome Healthy Root00184.JPG,Rhizome Healthy Root,Rhizome_Healthy_Root,external_excluded,excluded_non_leaf_domain
Dataset_02,dataset_02\original\Turmeric Plant Disease\Rhizome Healthy Root\Rhizome Healthy Root00185.JPG,Rhizome Healthy Root00185.JPG,Rhizome Healthy Root,Rhizome_Healthy_Root,external_excluded,excluded_non_leaf_domain
Dataset_02,dataset_02\original\Turmeric Plant Disease\Rhizome Healthy Root\Rhizome Healthy Root00186.JPG,Rhizome Healthy Root00186.JPG,Rhizome Healthy Root,Rhizome_Healthy_Root,external_excluded,excluded_non_leaf_domain
Dataset_02,dataset_02\original\Turmeric Plant Disease\Rhizome Healthy Root\Rhizome Healthy Root00187.JPG,Rhizome Healthy Root00187.JPG,Rhizome Healthy Root,Rhizome_Healthy_Root,external_excluded,excluded_non_leaf_domain
Dataset_02,dataset_02\original\Turmeric Plant Disease\Rhizome Healthy Root\Rhizome Healthy Root00188.JPG,Rhizome Healthy Root00188.JPG,Rhizome Healthy Root,Rhizome_Healthy_Root,external_excluded,excluded_non_leaf_domain
Dataset_02,dataset_02\original\Turmeric Plant Disease\Rhizome Healthy Root\Rhizome Healthy Root00189.JPG,Rhizome Healthy Root00189.JPG,Rhizome Healthy Root,Rhizome_Healthy_Root,external_excluded,excluded_non_leaf_domain
Dataset_02,dataset_02\original\Turmeric Plant Disease\Rhizome Healthy Root\Rhizome Healthy Root00190.JPG,Rhizome Healthy Root00190.JPG,Rhizome Healthy Root,Rhizome_Healthy_Root,external_excluded,excluded_non_leaf_domain
Dataset_02,dataset_02\original\Turmeric Plant Disease\Rhizome Healthy Root\Rhizome Healthy Root00191.JPG,Rhizome Healthy Root00191.JPG,Rhizome Healthy Root,Rhizome_Healthy_Root,external_excluded,excluded_non_leaf_domain
Dataset_02,dataset_02\original\Turmeric Plant Disease\Rhizome Healthy Root\Rhizome Healthy Root00192.JPG,Rhizome Healthy Root00192.JPG,Rhizome Healthy Root,Rhizome_Healthy_Root,external_excluded,excluded_non_leaf_domain
Dataset_02,dataset_02\original\Turmeric Plant Disease\Rhizome Healthy Root\Rhizome Healthy Root00193.JPG,Rhizome Healthy Root00193.JPG,Rhizome Healthy Root,Rhizome_Healthy_Root,external_excluded,excluded_non_leaf_domain
Dataset_02,dataset_02\original\Turmeric Plant Disease\Rhizome Healthy Root\Rhizome Healthy Root00194.JPG,Rhizome Healthy Root00194.JPG,Rhizome Healthy Root,Rhizome_Healthy_Root,external_excluded,excluded_non_leaf_domain
Dataset_02,dataset_02\original\Turmeric Plant Disease\Rhizome Healthy Root\Rhizome Healthy Root00195.JPG,Rhizome Healthy Root00195.JPG,Rhizome Healthy Root,Rhizome_Healthy_Root,external_excluded,excluded_non_leaf_domain
Dataset_02,dataset_02\original\Turmeric Plant Disease\Rhizome Healthy Root\Rhizome Healthy Root00196.JPG,Rhizome Healthy Root00196.JPG,Rhizome Healthy Root,Rhizome_Healthy_Root,external_excluded,excluded_non_leaf_domain
Dataset_02,dataset_02\original\Turmeric Plant Disease\Rhizome Healthy Root\Rhizome Healthy Root00197.JPG,Rhizome Healthy Root00197.JPG,Rhizome Healthy Root,Rhizome_Healthy_Root,external_excluded,excluded_non_leaf_domain
Dataset_02,dataset_02\original\Turmeric Plant Disease\Rhizome Healthy Root\Rhizome Healthy Root00198.JPG,Rhizome Healthy Root00198.JPG,Rhizome Healthy Root,Rhizome_Healthy_Root,external_excluded,excluded_non_leaf_domain
Dataset_02,dataset_02\original\Turmeric Plant Disease\Rhizome Healthy Root\Rhizome Healthy Root00199.JPG,Rhizome Healthy Root00199.JPG,Rhizome Healthy Root,Rhizome_Healthy_Root,external_excluded,excluded_non_leaf_domain
Dataset_02,dataset_02\original\Turmeric Plant Disease\Rhizome Healthy Root\Rhizome Healthy Root00200.JPG,Rhizome Healthy Root00200.JPG,Rhizome Healthy Root,Rhizome_Healthy_Root,external_excluded,excluded_non_leaf_domain
Dataset_02,dataset_02\original\Turmeric Plant Disease\Rhizome Healthy Root\Rhizome Healthy Root00201.JPG,Rhizome Healthy Root00201.JPG,Rhizome Healthy Root,Rhizome_Healthy_Root,external_excluded,excluded_non_leaf_domain
Dataset_02,dataset_02\original\Turmeric Plant Disease\Rhizome Healthy Root\Rhizome Healthy Root00202.JPG,Rhizome Healthy Root00202.JPG,Rhizome Healthy Root,Rhizome_Healthy_Root,external_excluded,excluded_non_leaf_domain
Dataset_02,dataset_02\original\Turmeric Plant Disease\Rhizome Healthy Root\Rhizome Healthy Root00203.JPG,Rhizome Healthy Root00203.JPG,Rhizome Healthy Root,Rhizome_Healthy_Root,external_excluded,excluded_non_leaf_domain
Dataset_02,dataset_02\original\Turmeric Plant Disease\Rhizome Healthy Root\Rhizome Healthy Root00204.JPG,Rhizome Healthy Root00204.JPG,Rhizome Healthy Root,Rhizome_Healthy_Root,external_excluded,excluded_non_leaf_domain
Dataset_02,dataset_02\original\Turmeric Plant Disease\Rhizome Healthy Root\Rhizome Healthy Root00205.JPG,Rhizome Healthy Root00205.JPG,Rhizome Healthy Root,Rhizome_Healthy_Root,external_excluded,excluded_non_leaf_domain
Dataset_02,dataset_02\original\Turmeric Plant Disease\Rhizome Healthy Root\Rhizome Healthy Root00206.JPG,Rhizome Healthy Root00206.JPG,Rhizome Healthy Root,Rhizome_Healthy_Root,external_excluded,excluded_non_leaf_domain
Dataset_02,dataset_02\original\Turmeric Plant Disease\Rhizome Healthy Root\Rhizome Healthy Root00207.JPG,Rhizome Healthy Root00207.JPG,Rhizome Healthy Root,Rhizome_Healthy_Root,external_excluded,excluded_non_leaf_domain
Dataset_02,dataset_02\original\Turmeric Plant Disease\Rhizome Healthy Root\Rhizome Healthy Root00208.JPG,Rhizome Healthy Root00208.JPG,Rhizome Healthy Root,Rhizome_Healthy_Root,external_excluded,excluded_non_leaf_domain
Dataset_02,dataset_02\original\Turmeric Plant Disease\Rhizome Healthy Root\Rhizome Healthy Root00209.JPG,Rhizome Healthy Root00209.JPG,Rhizome Healthy Root,Rhizome_Healthy_Root,external_excluded,excluded_non_leaf_domain
Dataset_02,dataset_02\original\Turmeric Plant Disease\Rhizome Healthy Root\Rhizome Healthy Root00210.JPG,Rhizome Healthy Root00210.JPG,Rhizome Healthy Root,Rhizome_Healthy_Root,external_excluded,excluded_non_leaf_domain
Dataset_02,dataset_02\original\Turmeric Plant Disease\Rhizome Healthy Root\Rhizome Healthy Root00211.JPG,Rhizome Healthy Root00211.JPG,Rhizome Healthy Root,Rhizome_Healthy_Root,external_excluded,excluded_non_leaf_domain
Dataset_02,dataset_02\original\Turmeric Plant Disease\Rhizome Healthy Root\Rhizome Healthy Root00212.JPG,Rhizome Healthy Root00212.JPG,Rhizome Healthy Root,Rhizome_Healthy_Root,external_excluded,excluded_non_leaf_domain
Dataset_02,dataset_02\original\Turmeric Plant Disease\Rhizome Healthy Root\Rhizome Healthy Root00213.JPG,Rhizome Healthy Root00213.JPG,Rhizome Healthy Root,Rhizome_Healthy_Root,external_excluded,excluded_non_leaf_domain
Dataset_02,dataset_02\original\Turmeric Plant Disease\Rhizome Healthy Root\Rhizome Healthy Root00214.JPG,Rhizome Healthy Root00214.JPG,Rhizome Healthy Root,Rhizome_Healthy_Root,external_excluded,excluded_non_leaf_domain
Dataset_02,dataset_02\original\Turmeric Plant Disease\Rhizome Healthy Root\Rhizome Healthy Root00215.JPG,Rhizome Healthy Root00215.JPG,Rhizome Healthy Root,Rhizome_Healthy_Root,external_excluded,excluded_non_leaf_domain
Dataset_02,dataset_02\original\Turmeric Plant Disease\Rhizome Healthy Root\Rhizome Healthy Root00216.JPG,Rhizome Healthy Root00216.JPG,Rhizome Healthy Root,Rhizome_Healthy_Root,external_excluded,excluded_non_leaf_domain
Dataset_02,dataset_02\original\Turmeric Plant Disease\Rhizome Healthy Root\Rhizome Healthy Root00217.JPG,Rhizome Healthy Root00217.JPG,Rhizome Healthy Root,Rhizome_Healthy_Root,external_excluded,excluded_non_leaf_domain
Dataset_02,dataset_02\original\Turmeric Plant Disease\Rhizome Healthy Root\Rhizome Healthy Root00218.JPG,Rhizome Healthy Root00218.JPG,Rhizome Healthy Root,Rhizome_Healthy_Root,external_excluded,excluded_non_leaf_domain
Dataset_02,dataset_02\original\Turmeric Plant Disease\Rhizome Healthy Root\Rhizome Healthy Root00219.JPG,Rhizome Healthy Root00219.JPG,Rhizome Healthy Root,Rhizome_Healthy_Root,external_excluded,excluded_non_leaf_domain
Dataset_02,dataset_02\original\Turmeric Plant Disease\Rhizome Healthy Root\Rhizome Healthy Root00220.JPG,Rhizome Healthy Root00220.JPG,Rhizome Healthy Root,Rhizome_Healthy_Root,external_excluded,excluded_non_leaf_domain
Dataset_02,dataset_02\original\Turmeric Plant Disease\Rhizome Healthy Root\Rhizome Healthy Root00221.JPG,Rhizome Healthy Root00221.JPG,Rhizome Healthy Root,Rhizome_Healthy_Root,external_excluded,excluded_non_leaf_domain
Dataset_02,dataset_02\original\Turmeric Plant Disease\Rhizome Healthy Root\Rhizome Healthy Root00222.JPG,Rhizome Healthy Root00222.JPG,Rhizome Healthy Root,Rhizome_Healthy_Root,external_excluded,excluded_non_leaf_domain
Dataset_02,dataset_02\original\Turmeric Plant Disease\Rhizome Healthy Root\Rhizome Healthy Root00223.JPG,Rhizome Healthy Root00223.JPG,Rhizome Healthy Root,Rhizome_Healthy_Root,external_excluded,excluded_non_leaf_domain
Dataset_02,dataset_02\original\Turmeric Plant Disease\Rhizome Healthy Root\Rhizome Healthy Root00224.JPG,Rhizome Healthy Root00224.JPG,Rhizome Healthy Root,Rhizome_Healthy_Root,external_excluded,excluded_non_leaf_domain
Dataset_02,dataset_02\original\Turmeric Plant Disease\Rhizome Healthy Root\Rhizome Healthy Root00225.JPG,Rhizome Healthy Root00225.JPG,Rhizome Healthy Root,Rhizome_Healthy_Root,external_excluded,excluded_non_leaf_domain
Dataset_02,dataset_02\original\Turmeric Plant Disease\Rhizome Healthy Root\Rhizome Healthy Root00226.JPG,Rhizome Healthy Root00226.JPG,Rhizome Healthy Root,Rhizome_Healthy_Root,external_excluded,excluded_non_leaf_domain
Dataset_02,dataset_02\original\Turmeric Plant Disease\Rhizome Healthy Root\Rhizome Healthy Root00227.JPG,Rhizome Healthy Root00227.JPG,Rhizome Healthy Root,Rhizome_Healthy_Root,external_excluded,excluded_non_leaf_domain
Dataset_02,dataset_02\original\Turmeric Plant Disease\Rhizome Healthy Root\Rhizome Healthy Root00230.JPG,Rhizome Healthy Root00230.JPG,Rhizome Healthy Root,Rhizome_Healthy_Root,external_excluded,excluded_non_leaf_domain
Dataset_02,dataset_02\original\Turmeric Plant Disease\Rhizome Healthy Root\Rhizome Healthy Root00231.JPG,Rhizome Healthy Root00231.JPG,Rhizome Healthy Root,Rhizome_Healthy_Root,external_excluded,excluded_non_leaf_domain
Dataset_02,dataset_02\original\Turmeric Plant Disease\Rhizome Healthy Root\Rhizome Healthy Root00232.JPG,Rhizome Healthy Root00232.JPG,Rhizome Healthy Root,Rhizome_Healthy_Root,external_excluded,excluded_non_leaf_domain
Dataset_02,dataset_02\original\Turmeric Plant Disease\Rhizome Healthy Root\Rhizome Healthy Root00233.JPG,Rhizome Healthy Root00233.JPG,Rhizome Healthy Root,Rhizome_Healthy_Root,external_excluded,excluded_non_leaf_domain
Dataset_02,dataset_02\original\Turmeric Plant Disease\Rhizome Healthy Root\Rhizome Healthy Root00234.JPG,Rhizome Healthy Root00234.JPG,Rhizome Healthy Root,Rhizome_Healthy_Root,external_excluded,excluded_non_leaf_domain
Dataset_02,dataset_02\original\Turmeric Plant Disease\Rhizome Healthy Root\Rhizome Healthy Root00235.JPG,Rhizome Healthy Root00235.JPG,Rhizome Healthy Root,Rhizome_Healthy_Root,external_excluded,excluded_non_leaf_domain
Dataset_02,dataset_02\original\Turmeric Plant Disease\Rhizome Healthy Root\Rhizome Healthy Root00237.JPG,Rhizome Healthy Root00237.JPG,Rhizome Healthy Root,Rhizome_Healthy_Root,external_excluded,excluded_non_leaf_domain
Dataset_02,dataset_02\original\Turmeric Plant Disease\Rhizome Healthy Root\Rhizome Healthy Root00238.JPG,Rhizome Healthy Root00238.JPG,Rhizome Healthy Root,Rhizome_Healthy_Root,external_excluded,excluded_non_leaf_domain
Dataset_02,dataset_02\original\Turmeric Plant Disease\Rhizome Healthy Root\Rhizome Healthy Root00239.JPG,Rhizome Healthy Root00239.JPG,Rhizome Healthy Root,Rhizome_Healthy_Root,external_excluded,excluded_non_leaf_domain
Dataset_02,dataset_02\original\Turmeric Plant Disease\Rhizome Healthy Root\Rhizome Healthy Root00240.JPG,Rhizome Healthy Root00240.JPG,Rhizome Healthy Root,Rhizome_Healthy_Root,external_excluded,excluded_non_leaf_domain
Dataset_02,dataset_02\original\Turmeric Plant Disease\Rhizome Healthy Root\Rhizome Healthy Root00241.JPG,Rhizome Healthy Root00241.JPG,Rhizome Healthy Root,Rhizome_Healthy_Root,external_excluded,excluded_non_leaf_domain
Dataset_02,dataset_02\original\Turmeric Plant Disease\Rhizome Healthy Root\Rhizome Healthy Root00242.JPG,Rhizome Healthy Root00242.JPG,Rhizome Healthy Root,Rhizome_Healthy_Root,external_excluded,excluded_non_leaf_domain
Dataset_02,dataset_02\original\Turmeric Plant Disease\Rhizome Healthy Root\Rhizome Healthy Root00243.JPG,Rhizome Healthy Root00243.JPG,Rhizome Healthy Root,Rhizome_Healthy_Root,external_excluded,excluded_non_leaf_domain
Dataset_02,dataset_02\original\Turmeric Plant Disease\Rhizome Healthy Root\Rhizome Healthy Root00244.JPG,Rhizome Healthy Root00244.JPG,Rhizome Healthy Root,Rhizome_Healthy_Root,external_excluded,excluded_non_leaf_domain
Dataset_02,dataset_02\original\Turmeric Plant Disease\Rhizome Healthy Root\Rhizome Healthy Root00245.JPG,Rhizome Healthy Root00245.JPG,Rhizome Healthy Root,Rhizome_Healthy_Root,external_excluded,excluded_non_leaf_domain
Dataset_02,dataset_02\original\Turmeric Plant Disease\Rhizome Healthy Root\Rhizome Healthy Root00246.JPG,Rhizome Healthy Root00246.JPG,Rhizome Healthy Root,Rhizome_Healthy_Root,external_excluded,excluded_non_leaf_domain
Dataset_02,dataset_02\original\Turmeric Plant Disease\Rhizome Healthy Root\Rhizome Healthy Root00247.JPG,Rhizome Healthy Root00247.JPG,Rhizome Healthy Root,Rhizome_Healthy_Root,external_excluded,excluded_non_leaf_domain
Dataset_02,dataset_02\original\Turmeric Plant Disease\Rhizome Healthy Root\Rhizome Healthy Root00248.JPG,Rhizome Healthy Root00248.JPG,Rhizome Healthy Root,Rhizome_Healthy_Root,external_excluded,excluded_non_leaf_domain
Dataset_02,dataset_02\original\Turmeric Plant Disease\Rhizome Healthy Root\Rhizome Healthy Root00249.JPG,Rhizome Healthy Root00249.JPG,Rhizome Healthy Root,Rhizome_Healthy_Root,external_excluded,excluded_non_leaf_domain
Dataset_02,dataset_02\original\Turmeric Plant Disease\Rhizome Healthy Root\Rhizome Healthy Root00250.JPG,Rhizome Healthy Root00250.JPG,Rhizome Healthy Root,Rhizome_Healthy_Root,external_excluded,excluded_non_leaf_domain
Dataset_02,dataset_02\original\Turmeric Plant Disease\Rhizome Healthy Root\Rhizome Healthy Root00251.JPG,Rhizome Healthy Root00251.JPG,Rhizome Healthy Root,Rhizome_Healthy_Root,external_excluded,excluded_non_leaf_domain
Dataset_02,dataset_02\original\Turmeric Plant Disease\Rhizome Healthy Root\Rhizome Healthy Root00252.JPG,Rhizome Healthy Root00252.JPG,Rhizome Healthy Root,Rhizome_Healthy_Root,external_excluded,excluded_non_leaf_domain
Dataset_02,dataset_02\original\Turmeric Plant Disease\Rhizome Healthy Root\Rhizome Healthy Root00253.JPG,Rhizome Healthy Root00253.JPG,Rhizome Healthy Root,Rhizome_Healthy_Root,external_excluded,excluded_non_leaf_domain
Dataset_02,dataset_02\original\Turmeric Plant Disease\Rhizome Healthy Root\Rhizome Healthy Root00254.JPG,Rhizome Healthy Root00254.JPG,Rhizome Healthy Root,Rhizome_Healthy_Root,external_excluded,excluded_non_leaf_domain
Dataset_02,dataset_02\original\Turmeric Plant Disease\Rhizome Healthy Root\Rhizome Healthy Root00255.JPG,Rhizome Healthy Root00255.JPG,Rhizome Healthy Root,Rhizome_Healthy_Root,external_excluded,excluded_non_leaf_domain
Dataset_02,dataset_02\original\Turmeric Plant Disease\Rhizome Healthy Root\Rhizome Healthy Root00256.JPG,Rhizome Healthy Root00256.JPG,Rhizome Healthy Root,Rhizome_Healthy_Root,external_excluded,excluded_non_leaf_domain
Dataset_02,dataset_02\original\Turmeric Plant Disease\Rhizome Healthy Root\Rhizome Healthy Root00257.JPG,Rhizome Healthy Root00257.JPG,Rhizome Healthy Root,Rhizome_Healthy_Root,external_excluded,excluded_non_leaf_domain
Dataset_02,dataset_02\original\Turmeric Plant Disease\Rhizome Healthy Root\Rhizome Healthy Root00258.JPG,Rhizome Healthy Root00258.JPG,Rhizome Healthy Root,Rhizome_Healthy_Root,external_excluded,excluded_non_leaf_domain
Dataset_02,dataset_02\original\Turmeric Plant Disease\Rhizome Healthy Root\Rhizome Healthy Root00259.JPG,Rhizome Healthy Root00259.JPG,Rhizome Healthy Root,Rhizome_Healthy_Root,external_excluded,excluded_non_leaf_domain
Dataset_02,dataset_02\original\Turmeric Plant Disease\Rhizome Healthy Root\Rhizome Healthy Root00260.JPG,Rhizome Healthy Root00260.JPG,Rhizome Healthy Root,Rhizome_Healthy_Root,external_excluded,excluded_non_leaf_domain
Dataset_02,dataset_02\original\Turmeric Plant Disease\Rhizome Healthy Root\Rhizome Healthy Root00261.JPG,Rhizome Healthy Root00261.JPG,Rhizome Healthy Root,Rhizome_Healthy_Root,external_excluded,excluded_non_leaf_domain
Dataset_02,dataset_02\original\Turmeric Plant Disease\Rhizome Healthy Root\Rhizome Healthy Root00262.JPG,Rhizome Healthy Root00262.JPG,Rhizome Healthy Root,Rhizome_Healthy_Root,external_excluded,excluded_non_leaf_domain
Dataset_02,dataset_02\original\Turmeric Plant Disease\Rhizome Healthy Root\Rhizome Healthy Root00263.JPG,Rhizome Healthy Root00263.JPG,Rhizome Healthy Root,Rhizome_Healthy_Root,external_excluded,excluded_non_leaf_domain
Dataset_02,dataset_02\original\Turmeric Plant Disease\Rhizome Healthy Root\Rhizome Healthy Root00264.JPG,Rhizome Healthy Root00264.JPG,Rhizome Healthy Root,Rhizome_Healthy_Root,external_excluded,excluded_non_leaf_domain
Dataset_02,dataset_02\original\Turmeric Plant Disease\Rhizome Healthy Root\Rhizome Healthy Root00265.JPG,Rhizome Healthy Root00265.JPG,Rhizome Healthy Root,Rhizome_Healthy_Root,external_excluded,excluded_non_leaf_domain
Dataset_02,dataset_02\original\Turmeric Plant Disease\Rhizome Healthy Root\Rhizome Healthy Root00266.JPG,Rhizome Healthy Root00266.JPG,Rhizome Healthy Root,Rhizome_Healthy_Root,external_excluded,excluded_non_leaf_domain
Dataset_02,dataset_02\original\Turmeric Plant Disease\Rhizome Healthy Root\Rhizome Healthy Root00267.JPG,Rhizome Healthy Root00267.JPG,Rhizome Healthy Root,Rhizome_Healthy_Root,external_excluded,excluded_non_leaf_domain
Dataset_02,dataset_02\original\Turmeric Plant Disease\Rhizome Healthy Root\Rhizome Healthy Root00268.JPG,Rhizome Healthy Root00268.JPG,Rhizome Healthy Root,Rhizome_Healthy_Root,external_excluded,excluded_non_leaf_domain
Dataset_02,dataset_02\original\Turmeric Plant Disease\Rhizome Healthy Root\Rhizome Healthy Root00269.JPG,Rhizome Healthy Root00269.JPG,Rhizome Healthy Root,Rhizome_Healthy_Root,external_excluded,excluded_non_leaf_domain
Dataset_02,dataset_02\original\Turmeric Plant Disease\Rhizome Healthy Root\Rhizome Healthy Root00270.JPG,Rhizome Healthy Root00270.JPG,Rhizome Healthy Root,Rhizome_Healthy_Root,external_excluded,excluded_non_leaf_domain
Dataset_02,dataset_02\original\Turmeric Plant Disease\Rhizome Healthy Root\Rhizome Healthy Root00271.JPG,Rhizome Healthy Root00271.JPG,Rhizome Healthy Root,Rhizome_Healthy_Root,external_excluded,excluded_non_leaf_domain
Dataset_02,dataset_02\original\Turmeric Plant Disease\Rhizome Healthy Root\Rhizome Healthy Root00272.JPG,Rhizome Healthy Root00272.JPG,Rhizome Healthy Root,Rhizome_Healthy_Root,external_excluded,excluded_non_leaf_domain
Dataset_02,dataset_02\original\Turmeric Plant Disease\Rhizome Healthy Root\Rhizome Healthy Root00273.JPG,Rhizome Healthy Root00273.JPG,Rhizome Healthy Root,Rhizome_Healthy_Root,external_excluded,excluded_non_leaf_domain
Dataset_02,dataset_02\original\Turmeric Plant Disease\Rhizome Healthy Root\Rhizome Healthy Root00274.JPG,Rhizome Healthy Root00274.JPG,Rhizome Healthy Root,Rhizome_Healthy_Root,external_excluded,excluded_non_leaf_domain
Dataset_02,dataset_02\original\Turmeric Plant Disease\Rhizome Healthy Root\Rhizome Healthy Root00275.JPG,Rhizome Healthy Root00275.JPG,Rhizome Healthy Root,Rhizome_Healthy_Root,external_excluded,excluded_non_leaf_domain
Dataset_02,dataset_02\original\Turmeric Plant Disease\Rhizome Healthy Root\Rhizome Healthy Root00276.JPG,Rhizome Healthy Root00276.JPG,Rhizome Healthy Root,Rhizome_Healthy_Root,external_excluded,excluded_non_leaf_domain
Dataset_02,dataset_02\original\Turmeric Plant Disease\Rhizome Healthy Root\Rhizome Healthy Root00277.JPG,Rhizome Healthy Root00277.JPG,Rhizome Healthy Root,Rhizome_Healthy_Root,external_excluded,excluded_non_leaf_domain
Dataset_02,dataset_02\original\Turmeric Plant Disease\Rhizome Healthy Root\Rhizome Healthy Root00278.JPG,Rhizome Healthy Root00278.JPG,Rhizome Healthy Root,Rhizome_Healthy_Root,external_excluded,excluded_non_leaf_domain
Dataset_02,dataset_02\original\Turmeric Plant Disease\Rhizome Healthy Root\Rhizome Healthy Root00279.JPG,Rhizome Healthy Root00279.JPG,Rhizome Healthy Root,Rhizome_Healthy_Root,external_excluded,excluded_non_leaf_domain
Dataset_02,dataset_02\original\Turmeric Plant Disease\Rhizome Healthy Root\Rhizome Healthy Root00280.JPG,Rhizome Healthy Root00280.JPG,Rhizome Healthy Root,Rhizome_Healthy_Root,external_excluded,excluded_non_leaf_domain
Dataset_02,dataset_02\original\Turmeric Plant Disease\Rhizome Healthy Root\Rhizome Healthy Root00281.JPG,Rhizome Healthy Root00281.JPG,Rhizome Healthy Root,Rhizome_Healthy_Root,external_excluded,excluded_non_leaf_domain
Dataset_02,dataset_02\original\Turmeric Plant Disease\Rhizome Healthy Root\Rhizome Healthy Root00282.JPG,Rhizome Healthy Root00282.JPG,Rhizome Healthy Root,Rhizome_Healthy_Root,external_excluded,excluded_non_leaf_domain
Dataset_02,dataset_02\original\Turmeric Plant Disease\Rhizome Healthy Root\Rhizome Healthy Root00283.JPG,Rhizome Healthy Root00283.JPG,Rhizome Healthy Root,Rhizome_Healthy_Root,external_excluded,excluded_non_leaf_domain
Dataset_02,dataset_02\original\Turmeric Plant Disease\Rhizome Healthy Root\Rhizome Healthy Root00284.JPG,Rhizome Healthy Root00284.JPG,Rhizome Healthy Root,Rhizome_Healthy_Root,external_excluded,excluded_non_leaf_domain
Dataset_02,dataset_02\original\Turmeric Plant Disease\Rhizome Healthy Root\Rhizome Healthy Root00285.JPG,Rhizome Healthy Root00285.JPG,Rhizome Healthy Root,Rhizome_Healthy_Root,external_excluded,excluded_non_leaf_domain
Dataset_02,dataset_02\original\Turmeric Plant Disease\Rhizome Healthy Root\Rhizome Healthy Root00286.JPG,Rhizome Healthy Root00286.JPG,Rhizome Healthy Root,Rhizome_Healthy_Root,external_excluded,excluded_non_leaf_domain
Dataset_02,dataset_02\original\Turmeric Plant Disease\Rhizome Healthy Root\Rhizome Healthy Root00287.JPG,Rhizome Healthy Root00287.JPG,Rhizome Healthy Root,Rhizome_Healthy_Root,external_excluded,excluded_non_leaf_domain
Dataset_02,dataset_02\original\Turmeric Plant Disease\Rhizome Healthy Root\Rhizome Healthy Root00288.JPG,Rhizome Healthy Root00288.JPG,Rhizome Healthy Root,Rhizome_Healthy_Root,external_excluded,excluded_non_leaf_domain
Dataset_02,dataset_02\original\Turmeric Plant Disease\Rhizome Healthy Root\Rhizome Healthy Root00289.JPG,Rhizome Healthy Root00289.JPG,Rhizome Healthy Root,Rhizome_Healthy_Root,external_excluded,excluded_non_leaf_domain
Dataset_02,dataset_02\original\Turmeric Plant Disease\Rhizome Healthy Root\Rhizome Healthy Root00292.JPG,Rhizome Healthy Root00292.JPG,Rhizome Healthy Root,Rhizome_Healthy_Root,external_excluded,excluded_non_leaf_domain
Dataset_02,dataset_02\original\Turmeric Plant Disease\Rhizome Healthy Root\Rhizome Healthy Root00298.JPG,Rhizome Healthy Root00298.JPG,Rhizome Healthy Root,Rhizome_Healthy_Root,external_excluded,excluded_non_leaf_domain
Dataset_02,dataset_02\original\Turmeric Plant Disease\Rhizome Healthy Root\Rhizome Healthy Root00299.JPG,Rhizome Healthy Root00299.JPG,Rhizome Healthy Root,Rhizome_Healthy_Root,external_excluded,excluded_non_leaf_domain
Dataset_02,dataset_02\original\Turmeric Plant Disease\Rhizome Healthy Root\Rhizome Healthy Root00300.JPG,Rhizome Healthy Root00300.JPG,Rhizome Healthy Root,Rhizome_Healthy_Root,external_excluded,excluded_non_leaf_domain
Dataset_02,dataset_02\original\Turmeric Plant Disease\Rhizome Healthy Root\Rhizome Healthy Root00302.JPG,Rhizome Healthy Root00302.JPG,Rhizome Healthy Root,Rhizome_Healthy_Root,external_excluded,excluded_non_leaf_domain
Dataset_02,dataset_02\original\Turmeric Plant Disease\Rhizome Healthy Root\Rhizome Healthy Root00303.JPG,Rhizome Healthy Root00303.JPG,Rhizome Healthy Root,Rhizome_Healthy_Root,external_excluded,excluded_non_leaf_domain
Dataset_02,dataset_02\original\Turmeric Plant Disease\Rhizome Healthy Root\Rhizome Healthy Root00304.JPG,Rhizome Healthy Root00304.JPG,Rhizome Healthy Root,Rhizome_Healthy_Root,external_excluded,excluded_non_leaf_domain
Dataset_02,dataset_02\original\Turmeric Plant Disease\Rhizome Healthy Root\Rhizome Healthy Root00305.JPG,Rhizome Healthy Root00305.JPG,Rhizome Healthy Root,Rhizome_Healthy_Root,external_excluded,excluded_non_leaf_domain
Dataset_02,dataset_02\original\Turmeric Plant Disease\Rhizome Healthy Root\Rhizome Healthy Root00306.JPG,Rhizome Healthy Root00306.JPG,Rhizome Healthy Root,Rhizome_Healthy_Root,external_excluded,excluded_non_leaf_domain
Dataset_02,dataset_02\original\Turmeric Plant Disease\Rhizome Healthy Root\Rhizome Healthy Root00307.JPG,Rhizome Healthy Root00307.JPG,Rhizome Healthy Root,Rhizome_Healthy_Root,external_excluded,excluded_non_leaf_domain
Dataset_02,dataset_02\original\Turmeric Plant Disease\Rhizome Healthy Root\Rhizome Healthy Root00308.JPG,Rhizome Healthy Root00308.JPG,Rhizome Healthy Root,Rhizome_Healthy_Root,external_excluded,excluded_non_leaf_domain
Dataset_02,dataset_02\original\Turmeric Plant Disease\Rhizome Healthy Root\Rhizome Healthy Root00309.JPG,Rhizome Healthy Root00309.JPG,Rhizome Healthy Root,Rhizome_Healthy_Root,external_excluded,excluded_non_leaf_domain
Dataset_02,dataset_02\original\Turmeric Plant Disease\Rhizome Healthy Root\Rhizome Healthy Root00310.JPG,Rhizome Healthy Root00310.JPG,Rhizome Healthy Root,Rhizome_Healthy_Root,external_excluded,excluded_non_leaf_domain
Dataset_02,dataset_02\original\Turmeric Plant Disease\Rhizome Healthy Root\Rhizome Healthy Root00311.JPG,Rhizome Healthy Root00311.JPG,Rhizome Healthy Root,Rhizome_Healthy_Root,external_excluded,excluded_non_leaf_domain
Dataset_02,dataset_02\original\Turmeric Plant Disease\Rhizome Healthy Root\Rhizome Healthy Root00312.JPG,Rhizome Healthy Root00312.JPG,Rhizome Healthy Root,Rhizome_Healthy_Root,external_excluded,excluded_non_leaf_domain
Dataset_02,dataset_02\original\Turmeric Plant Disease\Rhizome Healthy Root\Rhizome Healthy Root00313.JPG,Rhizome Healthy Root00313.JPG,Rhizome Healthy Root,Rhizome_Healthy_Root,external_excluded,excluded_non_leaf_domain
