image_A,image_B,dataset_A,dataset_B,duplicate_type,similarity_score,hamming_distance,class_A,class_B,sha256_A,sha256_B
aphids_disease_(1).jpg,Dry Leaf00082.JPG,Dataset_01_jtttfbx342,Dataset_02_g46dvrcvwn,NEAR_DUPLICATE_PHASH,Hamming=10,10,Aphids_Disease,Dry_Leaf,6aae7da3aa5069b56e9d27279ec15d40e7591f4f26fb288d43668f38d031cda6,0fef36b29f2c7149a46f1781d1a4edbd110d22d5b39a80b27eba7248551a7943
aphids_disease_(10).jpg,Dry Leaf00049.JPG,Dataset_01_jtttfbx342,Dataset_02_g46dvrcvwn,NEAR_DUPLICATE_PHASH,Hamming=7,7,Aphids_Disease,Dry_Leaf,338a7b2dcfcf1784acb5cb6a84a6e6ed30780de10a8c598d70b515a0ad7cf3e1,319d981af9df48246c86314c43f6489c9b8020dccdf45288eeeeef33f9cce8ad
aphids_disease_(101).jpg,Dry Leaf00049.JPG,Dataset_01_jtttfbx342,Dataset_02_g46dvrcvwn,NEAR_DUPLICATE_PHASH,Hamming=8,8,Aphids_Disease,Dry_Leaf,07b1e91326390d0323b30a1be764cb6567606425ffef2f3887d81bef83b5807d,319d981af9df48246c86314c43f6489c9b8020dccdf45288eeeeef33f9cce8ad
aphids_disease_(104).jpg,Dry Leaf00106.JPG,Dataset_01_jtttfbx342,Dataset_02_g46dvrcvwn,NEAR_DUPLICATE_PHASH,Hamming=10,10,Aphids_Disease,Dry_Leaf,1602764f78409aff5d59a73ae640dcfb30e1f3898b721ec7a96a518c15078b0b,bf51d86e769f79565126a609d7663982a5939e707036279be63053b07f71726b
aphids_disease_(105).jpg,Dry Leaf00106.JPG,Dataset_01_jtttfbx342,Dataset_02_g46dvrcvwn,NEAR_DUPLICATE_PHASH,Hamming=10,10,Aphids_Disease,Dry_Leaf,5b1fcdcb4902a48c4bd17e1f798a7d95c57e3327efcf3d7224eeed21d558eb7f,bf51d86e769f79565126a609d7663982a5939e707036279be63053b07f71726b
aphids_disease_(106).jpg,Dry Leaf00049.JPG,Dataset_01_jtttfbx342,Dataset_02_g46dvrcvwn,NEAR_DUPLICATE_PHASH,Hamming=8,8,Aphids_Disease,Dry_Leaf,86c084f38f2dbc2c0c9a8115a8b36b69ab157d09b927acbbd871f327b02bc86f,319d981af9df48246c86314c43f6489c9b8020dccdf45288eeeeef33f9cce8ad
aphids_disease_(108).jpg,Dry Leaf00146.JPG,Dataset_01_jtttfbx342,Dataset_02_g46dvrcvwn,NEAR_DUPLICATE_PHASH,Hamming=10,10,Aphids_Disease,Dry_Leaf,bcc43c7b1451d8a3fe7c6d515206b1ec7e0d38b74b7d82473056c9e6c7d21718,b854f374c9ddd4b3b8e59c133547a6b7367e59a23040ce57c8f1a592c753a0e1
aphids_disease_(108).jpg,Healthy Leaf00158.JPG,Dataset_01_jtttfbx342,Dataset_02_g46dvrcvwn,NEAR_DUPLICATE_PHASH,Hamming=10,10,Aphids_Disease,Healthy_Leaf,bcc43c7b1451d8a3fe7c6d515206b1ec7e0d38b74b7d82473056c9e6c7d21718,2e19995b74ead7dc4dd1d1fe9ef1b484a754387429155b6e19bf79c20267106f
aphids_disease_(108).jpg,Healthy Leaf00175.JPG,Dataset_01_jtttfbx342,Dataset_02_g46dvrcvwn,NEAR_DUPLICATE_PHASH,Hamming=9,9,Aphids_Disease,Healthy_Leaf,bcc43c7b1451d8a3fe7c6d515206b1ec7e0d38b74b7d82473056c9e6c7d21718,0ea3bc6bd87326c40792eb1ecb8587f4a8f54fbb9192104c089931bd9445a866
aphids_disease_(108).jpg,Leaf Blotch00073.JPG,Dataset_01_jtttfbx342,Dataset_02_g46dvrcvwn,NEAR_DUPLICATE_PHASH,Hamming=9,9,Aphids_Disease,Leaf_Blotch,bcc43c7b1451d8a3fe7c6d515206b1ec7e0d38b74b7d82473056c9e6c7d21718,476cc04119db6a916a27e3375ba30654d95ccf9abd1631fd1bccd7ac48c14d1b
aphids_disease_(108).jpg,Leaf Blotch00080.JPG,Dataset_01_jtttfbx342,Dataset_02_g46dvrcvwn,NEAR_DUPLICATE_PHASH,Hamming=10,10,Aphids_Disease,Leaf_Blotch,bcc43c7b1451d8a3fe7c6d515206b1ec7e0d38b74b7d82473056c9e6c7d21718,ea04f87e0e0ab634f03ca3070bba9fe5aec4d07c7681143140eb739f645a905a
aphids_disease_(11).jpg,Dry Leaf00138.JPG,Dataset_01_jtttfbx342,Dataset_02_g46dvrcvwn,NEAR_DUPLICATE_PHASH,Hamming=8,8,Aphids_Disease,Dry_Leaf,58cd7f3e2c59ecaa42ab9b48b275fd28621138106067128fd7f1fff957384092,48a137a521fcf8c5bf0f80670022143942508551f0f3047e9f590ff294fc2316
aphids_disease_(11).jpg,Dry Leaf00177.JPG,Dataset_01_jtttfbx342,Dataset_02_g46dvrcvwn,NEAR_DUPLICATE_PHASH,Hamming=9,9,Aphids_Disease,Dry_Leaf,58cd7f3e2c59ecaa42ab9b48b275fd28621138106067128fd7f1fff957384092,4ed045f4c2ba0d71793baa225ce8ad12ef80e540a0890f9be0ca911fcce3ba47
aphids_disease_(109).jpg,Dry Leaf00082.JPG,Dataset_01_jtttfbx342,Dataset_02_g46dvrcvwn,NEAR_DUPLICATE_PHASH,Hamming=9,9,Aphids_Disease,Dry_Leaf,dcaa0c99a174011109495d0a0e2d35beac06e3033fd55a914cf3006c8f559d53,0fef36b29f2c7149a46f1781d1a4edbd110d22d5b39a80b27eba7248551a7943
aphids_disease_(109).jpg,Dry Leaf00140.JPG,Dataset_01_jtttfbx342,Dataset_02_g46dvrcvwn,NEAR_DUPLICATE_PHASH,Hamming=10,10,Aphids_Disease,Dry_Leaf,dcaa0c99a174011109495d0a0e2d35beac06e3033fd55a914cf3006c8f559d53,9aec6dc5c705f5fc5882735d7ab6ca4e72464b6ebfc6ece3b78c3eb6a552b67e
aphids_disease_(109).jpg,Dry Leaf00143.JPG,Dataset_01_jtttfbx342,Dataset_02_g46dvrcvwn,NEAR_DUPLICATE_PHASH,Hamming=7,7,Aphids_Disease,Dry_Leaf,dcaa0c99a174011109495d0a0e2d35beac06e3033fd55a914cf3006c8f559d53,264aaf55af985e2d563adbfe4338e6d7666deb78327e547e536cc5a3f2933d56
aphids_disease_(109).jpg,Leaf Blotch00004.JPG,Dataset_01_jtttfbx342,Dataset_02_g46dvrcvwn,NEAR_DUPLICATE_PHASH,Hamming=7,7,Aphids_Disease,Leaf_Blotch,dcaa0c99a174011109495d0a0e2d35beac06e3033fd55a914cf3006c8f559d53,a96b36433507af73e39df1d2ad9989e773b79c0d27ae1ebfbf5ecc18de823a07
aphids_disease_(109).jpg,Leaf Blotch00005.JPG,Dataset_01_jtttfbx342,Dataset_02_g46dvrcvwn,NEAR_DUPLICATE_PHASH,Hamming=8,8,Aphids_Disease,Leaf_Blotch,dcaa0c99a174011109495d0a0e2d35beac06e3033fd55a914cf3006c8f559d53,b5226d7c1649a14108ea4d4cb07f7891e66ce892f3f25536e7c1e20665c8d718
aphids_disease_(109).jpg,Leaf Blotch00010.JPG,Dataset_01_jtttfbx342,Dataset_02_g46dvrcvwn,NEAR_DUPLICATE_PHASH,Hamming=9,9,Aphids_Disease,Leaf_Blotch,dcaa0c99a174011109495d0a0e2d35beac06e3033fd55a914cf3006c8f559d53,3197e2822de599021d133b9768cc32b77177d96d791f65244880d4b84c54b147
aphids_disease_(109).jpg,Rhizome Disease Root00004.JPG,Dataset_01_jtttfbx342,Dataset_02_g46dvrcvwn,NEAR_DUPLICATE_PHASH,Hamming=8,8,Aphids_Disease,Rhizome_Disease_Roots,dcaa0c99a174011109495d0a0e2d35beac06e3033fd55a914cf3006c8f559d53,6f6e64319c0d1bab197b171a1f9a7efdec00a918a246926057b9e33d25fb5eee
aphids_disease_(109).jpg,Rhizome Disease Root00114.JPG,Dataset_01_jtttfbx342,Dataset_02_g46dvrcvwn,NEAR_DUPLICATE_PHASH,Hamming=6,6,Aphids_Disease,Rhizome_Disease_Roots,dcaa0c99a174011109495d0a0e2d35beac06e3033fd55a914cf3006c8f559d53,3a652734257559efc017044a527d4be6683a935a05e18c03b9115f80560df8be
aphids_disease_(109).jpg,Rhizome Healthy Root00106.JPG,Dataset_01_jtttfbx342,Dataset_02_g46dvrcvwn,NEAR_DUPLICATE_PHASH,Hamming=9,9,Aphids_Disease,Rhizome_Healthy_Roots,dcaa0c99a174011109495d0a0e2d35beac06e3033fd55a914cf3006c8f559d53,792099df3f2fb91a62d25fc739635a820e6c5be3fb678f74f5b5b0d40f2c3209
aphids_disease_(109).jpg,Rhizome Healthy Root00231.JPG,Dataset_01_jtttfbx342,Dataset_02_g46dvrcvwn,NEAR_DUPLICATE_PHASH,Hamming=10,10,Aphids_Disease,Rhizome_Healthy_Roots,dcaa0c99a174011109495d0a0e2d35beac06e3033fd55a914cf3006c8f559d53,173ddd1534a3df82138aa24559c71b43a224602176f4c5d40d6408993c002413
aphids_disease_(109).jpg,Rhizome Healthy Root00232.JPG,Dataset_01_jtttfbx342,Dataset_02_g46dvrcvwn,NEAR_DUPLICATE_PHASH,Hamming=8,8,Aphids_Disease,Rhizome_Healthy_Roots,dcaa0c99a174011109495d0a0e2d35beac06e3033fd55a914cf3006c8f559d53,bc937e060206b7ac479f3eee51788f6e75bc98567118a529ef1b20784b1f366c
aphids_disease_(109).jpg,Rhizome Healthy Root00258.JPG,Dataset_01_jtttfbx342,Dataset_02_g46dvrcvwn,NEAR_DUPLICATE_PHASH,Hamming=10,10,Aphids_Disease,Rhizome_Healthy_Roots,dcaa0c99a174011109495d0a0e2d35beac06e3033fd55a914cf3006c8f559d53,741a6e06ca571fd5eea19c54fbb3ea01caa6353c419ec5110589eb77afea706b
aphids_disease_(109).jpg,Rhizome Healthy Root00302.JPG,Dataset_01_jtttfbx342,Dataset_02_g46dvrcvwn,NEAR_DUPLICATE_PHASH,Hamming=9,9,Aphids_Disease,Rhizome_Healthy_Roots,dcaa0c99a174011109495d0a0e2d35beac06e3033fd55a914cf3006c8f559d53,1b056c0bec593d0fb2c3b1ab4b9d24f80ed054d4ea4c181663cd9794f0288604
aphids_disease_(109).jpg,Rhizome Healthy Root00303.JPG,Dataset_01_jtttfbx342,Dataset_02_g46dvrcvwn,NEAR_DUPLICATE_PHASH,Hamming=10,10,Aphids_Disease,Rhizome_Healthy_Roots,dcaa0c99a174011109495d0a0e2d35beac06e3033fd55a914cf3006c8f559d53,67b3e63120ef420e06cb311a4b97a1c1cb953fa026bae3e4e864d26264f1d837
aphids_disease_(114).jpg,Dry Leaf00082.JPG,Dataset_01_jtttfbx342,Dataset_02_g46dvrcvwn,NEAR_DUPLICATE_PHASH,Hamming=9,9,Aphids_Disease,Dry_Leaf,7b8fb67ebd6ce485af8d5a86967c3d516e07852248472b3b66cac1ba486d5506,0fef36b29f2c7149a46f1781d1a4edbd110d22d5b39a80b27eba7248551a7943
aphids_disease_(114).jpg,Dry Leaf00143.JPG,Dataset_01_jtttfbx342,Dataset_02_g46dvrcvwn,NEAR_DUPLICATE_PHASH,Hamming=9,9,Aphids_Disease,Dry_Leaf,7b8fb67ebd6ce485af8d5a86967c3d516e07852248472b3b66cac1ba486d5506,264aaf55af985e2d563adbfe4338e6d7666deb78327e547e536cc5a3f2933d56
aphids_disease_(116).jpg,Dry Leaf00049.JPG,Dataset_01_jtttfbx342,Dataset_02_g46dvrcvwn,NEAR_DUPLICATE_PHASH,Hamming=9,9,Aphids_Disease,Dry_Leaf,e13a9febbc3708bfccd4e8c8fa1f7bfc25bf49e00a6c7d5340a908eea43edf81,319d981af9df48246c86314c43f6489c9b8020dccdf45288eeeeef33f9cce8ad
aphids_disease_(116).jpg,Leaf Blotch00006.JPG,Dataset_01_jtttfbx342,Dataset_02_g46dvrcvwn,NEAR_DUPLICATE_PHASH,Hamming=10,10,Aphids_Disease,Leaf_Blotch,e13a9febbc3708bfccd4e8c8fa1f7bfc25bf49e00a6c7d5340a908eea43edf81,b0975277450bc6f9f338542e47055ab8a8947999d4a87cd8e2097f23af27f392
aphids_disease_(117).jpg,Dry Leaf00106.JPG,Dataset_01_jtttfbx342,Dataset_02_g46dvrcvwn,NEAR_DUPLICATE_PHASH,Hamming=10,10,Aphids_Disease,Dry_Leaf,70cd23ca12a2d83d5f41fd8b04565dc23f2b559538a82c465524f9e9865e15f0,bf51d86e769f79565126a609d7663982a5939e707036279be63053b07f71726b
aphids_disease_(118).jpg,Leaf Blotch00001.JPG,Dataset_01_jtttfbx342,Dataset_02_g46dvrcvwn,NEAR_DUPLICATE_PHASH,Hamming=9,9,Aphids_Disease,Leaf_Blotch,995aa977589c5b877b908d514f992fcbfa7eec30e5b81dd0d25d5ff9434eda93,f461942049356cd766f3c3d99a694b69dc0861a87e650f004c6e580385152328
aphids_disease_(119).jpg,Dry Leaf00021.JPG,Dataset_01_jtttfbx342,Dataset_02_g46dvrcvwn,NEAR_DUPLICATE_PHASH,Hamming=10,10,Aphids_Disease,Dry_Leaf,2973ee28432ddda3d26fbf4cb7b77daca256e6b1c0e3b3e0aeb7d863b392d8ac,80b07af320ce31e8a146fc8c36d40920359a994dbb7ce32c5c787d0e269bb363
aphids_disease_(119).jpg,Dry Leaf00122.JPG,Dataset_01_jtttfbx342,Dataset_02_g46dvrcvwn,NEAR_DUPLICATE_PHASH,Hamming=10,10,Aphids_Disease,Dry_Leaf,2973ee28432ddda3d26fbf4cb7b77daca256e6b1c0e3b3e0aeb7d863b392d8ac,f4c98e627b86f34d545dfa70f914b5a3482f9dac29e37e4277a46b7a042753b4
aphids_disease_(119).jpg,Rhizome Healthy Root00102.JPG,Dataset_01_jtttfbx342,Dataset_02_g46dvrcvwn,NEAR_DUPLICATE_PHASH,Hamming=10,10,Aphids_Disease,Rhizome_Healthy_Roots,2973ee28432ddda3d26fbf4cb7b77daca256e6b1c0e3b3e0aeb7d863b392d8ac,42ed63fbc1a84d627ef27ec356342cf7d62182b1cfb585f9cbc082ed88702993
aphids_disease_(119).jpg,Rhizome Healthy Root00103.JPG,Dataset_01_jtttfbx342,Dataset_02_g46dvrcvwn,NEAR_DUPLICATE_PHASH,Hamming=10,10,Aphids_Disease,Rhizome_Healthy_Roots,2973ee28432ddda3d26fbf4cb7b77daca256e6b1c0e3b3e0aeb7d863b392d8ac,1a182a290d5ec92d08bc0bb7826ce7992966ad9ac025b6731f8d48f1b0071cec
aphids_disease_(119).jpg,Rhizome Healthy Root00104.JPG,Dataset_01_jtttfbx342,Dataset_02_g46dvrcvwn,NEAR_DUPLICATE_PHASH,Hamming=9,9,Aphids_Disease,Rhizome_Healthy_Roots,2973ee28432ddda3d26fbf4cb7b77daca256e6b1c0e3b3e0aeb7d863b392d8ac,c6e84c358fef466d5d651d6badc72f487938a8971667c64a8b9cd6ba4e2a15f6
aphids_disease_(12).jpg,Dry Leaf00072.JPG,Dataset_01_jtttfbx342,Dataset_02_g46dvrcvwn,NEAR_DUPLICATE_PHASH,Hamming=10,10,Aphids_Disease,Dry_Leaf,5b08a62af8347f2c0fb2275d6ef06316d013a994e9dcfe1257b8b0d83de36994,0ae34b2cfac8174028b91944bc4881819bca0ab9e1f5a7d5f41b0389f407edac
aphids_disease_(12).jpg,Dry Leaf00082.JPG,Dataset_01_jtttfbx342,Dataset_02_g46dvrcvwn,NEAR_DUPLICATE_PHASH,Hamming=8,8,Aphids_Disease,Dry_Leaf,5b08a62af8347f2c0fb2275d6ef06316d013a994e9dcfe1257b8b0d83de36994,0fef36b29f2c7149a46f1781d1a4edbd110d22d5b39a80b27eba7248551a7943
aphids_disease_(12).jpg,Dry Leaf00122.JPG,Dataset_01_jtttfbx342,Dataset_02_g46dvrcvwn,NEAR_DUPLICATE_PHASH,Hamming=10,10,Aphids_Disease,Dry_Leaf,5b08a62af8347f2c0fb2275d6ef06316d013a994e9dcfe1257b8b0d83de36994,f4c98e627b86f34d545dfa70f914b5a3482f9dac29e37e4277a46b7a042753b4
aphids_disease_(12).jpg,Dry Leaf00143.JPG,Dataset_01_jtttfbx342,Dataset_02_g46dvrcvwn,NEAR_DUPLICATE_PHASH,Hamming=10,10,Aphids_Disease,Dry_Leaf,5b08a62af8347f2c0fb2275d6ef06316d013a994e9dcfe1257b8b0d83de36994,264aaf55af985e2d563adbfe4338e6d7666deb78327e547e536cc5a3f2933d56
aphids_disease_(12).jpg,Dry Leaf00179.JPG,Dataset_01_jtttfbx342,Dataset_02_g46dvrcvwn,NEAR_DUPLICATE_PHASH,Hamming=10,10,Aphids_Disease,Dry_Leaf,5b08a62af8347f2c0fb2275d6ef06316d013a994e9dcfe1257b8b0d83de36994,200dca98c8c3f3b9d0a8e0c4afbe44b6adeaa8bdbf03385c2c9485f8b0999b0e
aphids_disease_(12).jpg,Rhizome Healthy Root00106.JPG,Dataset_01_jtttfbx342,Dataset_02_g46dvrcvwn,NEAR_DUPLICATE_PHASH,Hamming=10,10,Aphids_Disease,Rhizome_Healthy_Roots,5b08a62af8347f2c0fb2275d6ef06316d013a994e9dcfe1257b8b0d83de36994,792099df3f2fb91a62d25fc739635a820e6c5be3fb678f74f5b5b0d40f2c3209
aphids_disease_(124).jpg,Dry Leaf00082.JPG,Dataset_01_jtttfbx342,Dataset_02_g46dvrcvwn,NEAR_DUPLICATE_PHASH,Hamming=10,10,Aphids_Disease,Dry_Leaf,57dbbdaad64e8b1597bdd662b1eb52422d9335f18912592bf3d66d040c6c40ba,0fef36b29f2c7149a46f1781d1a4edbd110d22d5b39a80b27eba7248551a7943
aphids_disease_(124).jpg,Dry Leaf00143.JPG,Dataset_01_jtttfbx342,Dataset_02_g46dvrcvwn,NEAR_DUPLICATE_PHASH,Hamming=8,8,Aphids_Disease,Dry_Leaf,57dbbdaad64e8b1597bdd662b1eb52422d9335f18912592bf3d66d040c6c40ba,264aaf55af985e2d563adbfe4338e6d7666deb78327e547e536cc5a3f2933d56
aphids_disease_(124).jpg,Leaf Blotch00004.JPG,Dataset_01_jtttfbx342,Dataset_02_g46dvrcvwn,NEAR_DUPLICATE_PHASH,Hamming=10,10,Aphids_Disease,Leaf_Blotch,57dbbdaad64e8b1597bdd662b1eb52422d9335f18912592bf3d66d040c6c40ba,a96b36433507af73e39df1d2ad9989e773b79c0d27ae1ebfbf5ecc18de823a07
aphids_disease_(124).jpg,Rhizome Disease Root00114.JPG,Dataset_01_jtttfbx342,Dataset_02_g46dvrcvwn,NEAR_DUPLICATE_PHASH,Hamming=9,9,Aphids_Disease,Rhizome_Disease_Roots,57dbbdaad64e8b1597bdd662b1eb52422d9335f18912592bf3d66d040c6c40ba,3a652734257559efc017044a527d4be6683a935a05e18c03b9115f80560df8be
aphids_disease_(123).jpg,Leaf Blotch00001.JPG,Dataset_01_jtttfbx342,Dataset_02_g46dvrcvwn,NEAR_DUPLICATE_PHASH,Hamming=10,10,Aphids_Disease,Leaf_Blotch,7e3e48e5632053dd1e7ed8b6bfa2a78fc1effbde87b701452836a4bdfd914b34,f461942049356cd766f3c3d99a694b69dc0861a87e650f004c6e580385152328
aphids_disease_(129).jpg,Dry Leaf00021.JPG,Dataset_01_jtttfbx342,Dataset_02_g46dvrcvwn,NEAR_DUPLICATE_PHASH,Hamming=9,9,Aphids_Disease,Dry_Leaf,a56192b36102dd182966eaad6c64f249bee4171393dc017833264f875fe09f34,80b07af320ce31e8a146fc8c36d40920359a994dbb7ce32c5c787d0e269bb363
aphids_disease_(129).jpg,Dry Leaf00122.JPG,Dataset_01_jtttfbx342,Dataset_02_g46dvrcvwn,NEAR_DUPLICATE_PHASH,Hamming=9,9,Aphids_Disease,Dry_Leaf,a56192b36102dd182966eaad6c64f249bee4171393dc017833264f875fe09f34,f4c98e627b86f34d545dfa70f914b5a3482f9dac29e37e4277a46b7a042753b4
aphids_disease_(129).jpg,Leaf Blotch00004.JPG,Dataset_01_jtttfbx342,Dataset_02_g46dvrcvwn,NEAR_DUPLICATE_PHASH,Hamming=9,9,Aphids_Disease,Leaf_Blotch,a56192b36102dd182966eaad6c64f249bee4171393dc017833264f875fe09f34,a96b36433507af73e39df1d2ad9989e773b79c0d27ae1ebfbf5ecc18de823a07
aphids_disease_(129).jpg,Leaf Blotch00005.JPG,Dataset_01_jtttfbx342,Dataset_02_g46dvrcvwn,NEAR_DUPLICATE_PHASH,Hamming=8,8,Aphids_Disease,Leaf_Blotch,a56192b36102dd182966eaad6c64f249bee4171393dc017833264f875fe09f34,b5226d7c1649a14108ea4d4cb07f7891e66ce892f3f25536e7c1e20665c8d718
aphids_disease_(129).jpg,Leaf Blotch00008.JPG,Dataset_01_jtttfbx342,Dataset_02_g46dvrcvwn,NEAR_DUPLICATE_PHASH,Hamming=9,9,Aphids_Disease,Leaf_Blotch,a56192b36102dd182966eaad6c64f249bee4171393dc017833264f875fe09f34,c8bc1c36431f8bba388e437313476fdb6e489866cef23a0f4993352654de43ea
aphids_disease_(129).jpg,Rhizome Disease Root00004.JPG,Dataset_01_jtttfbx342,Dataset_02_g46dvrcvwn,NEAR_DUPLICATE_PHASH,Hamming=10,10,Aphids_Disease,Rhizome_Disease_Roots,a56192b36102dd182966eaad6c64f249bee4171393dc017833264f875fe09f34,6f6e64319c0d1bab197b171a1f9a7efdec00a918a246926057b9e33d25fb5eee
aphids_disease_(129).jpg,Rhizome Disease Root00031.JPG,Dataset_01_jtttfbx342,Dataset_02_g46dvrcvwn,NEAR_DUPLICATE_PHASH,Hamming=10,10,Aphids_Disease,Rhizome_Disease_Roots,a56192b36102dd182966eaad6c64f249bee4171393dc017833264f875fe09f34,dedf2d9306dfb93c43063f67c4400508fe0bb5a6138b865bc0149e9e0602865b
aphids_disease_(129).jpg,Rhizome Disease Root00114.JPG,Dataset_01_jtttfbx342,Dataset_02_g46dvrcvwn,NEAR_DUPLICATE_PHASH,Hamming=6,6,Aphids_Disease,Rhizome_Disease_Roots,a56192b36102dd182966eaad6c64f249bee4171393dc017833264f875fe09f34,3a652734257559efc017044a527d4be6683a935a05e18c03b9115f80560df8be
aphids_disease_(129).jpg,Rhizome Healthy Root00104.JPG,Dataset_01_jtttfbx342,Dataset_02_g46dvrcvwn,NEAR_DUPLICATE_PHASH,Hamming=10,10,Aphids_Disease,Rhizome_Healthy_Roots,a56192b36102dd182966eaad6c64f249bee4171393dc017833264f875fe09f34,c6e84c358fef466d5d651d6badc72f487938a8971667c64a8b9cd6ba4e2a15f6
aphids_disease_(129).jpg,Rhizome Healthy Root00105.JPG,Dataset_01_jtttfbx342,Dataset_02_g46dvrcvwn,NEAR_DUPLICATE_PHASH,Hamming=10,10,Aphids_Disease,Rhizome_Healthy_Roots,a56192b36102dd182966eaad6c64f249bee4171393dc017833264f875fe09f34,a2fcddb1e0a5ba244dbb5b164d340f19134e3e15c383d7fff18cf654f226249f
aphids_disease_(129).jpg,Rhizome Healthy Root00106.JPG,Dataset_01_jtttfbx342,Dataset_02_g46dvrcvwn,NEAR_DUPLICATE_PHASH,Hamming=7,7,Aphids_Disease,Rhizome_Healthy_Roots,a56192b36102dd182966eaad6c64f249bee4171393dc017833264f875fe09f34,792099df3f2fb91a62d25fc739635a820e6c5be3fb678f74f5b5b0d40f2c3209
aphids_disease_(129).jpg,Rhizome Healthy Root00170.JPG,Dataset_01_jtttfbx342,Dataset_02_g46dvrcvwn,NEAR_DUPLICATE_PHASH,Hamming=10,10,Aphids_Disease,Rhizome_Healthy_Roots,a56192b36102dd182966eaad6c64f249bee4171393dc017833264f875fe09f34,0bd4445ddc953c49186ebd7e4646ec0ac242195b69554e1f227ba131cf802d63
aphids_disease_(129).jpg,Rhizome Healthy Root00171.JPG,Dataset_01_jtttfbx342,Dataset_02_g46dvrcvwn,NEAR_DUPLICATE_PHASH,Hamming=10,10,Aphids_Disease,Rhizome_Healthy_Roots,a56192b36102dd182966eaad6c64f249bee4171393dc017833264f875fe09f34,fcad9f22937f50f0a2d974e0e70b60ac1f80460bbd9d1193f7a7cd7959e310d1
aphids_disease_(129).jpg,Rhizome Healthy Root00172.JPG,Dataset_01_jtttfbx342,Dataset_02_g46dvrcvwn,NEAR_DUPLICATE_PHASH,Hamming=10,10,Aphids_Disease,Rhizome_Healthy_Roots,a56192b36102dd182966eaad6c64f249bee4171393dc017833264f875fe09f34,edc68d95029d0702c151bb55825e48a559a18eea52be340a7c48f1729cca08f7
aphids_disease_(129).jpg,Rhizome Healthy Root00173.JPG,Dataset_01_jtttfbx342,Dataset_02_g46dvrcvwn,NEAR_DUPLICATE_PHASH,Hamming=10,10,Aphids_Disease,Rhizome_Healthy_Roots,a56192b36102dd182966eaad6c64f249bee4171393dc017833264f875fe09f34,47706a04449487505eb6bf9354a9d3c333c42c724b6c84d4da898ebb31e14afd
aphids_disease_(129).jpg,Rhizome Healthy Root00198.JPG,Dataset_01_jtttfbx342,Dataset_02_g46dvrcvwn,NEAR_DUPLICATE_PHASH,Hamming=10,10,Aphids_Disease,Rhizome_Healthy_Roots,a56192b36102dd182966eaad6c64f249bee4171393dc017833264f875fe09f34,dcd362ff05f693cd0d5729594d6880236cf0b71b68820e3fd5f3d65483ccde1a
aphids_disease_(129).jpg,Rhizome Healthy Root00232.JPG,Dataset_01_jtttfbx342,Dataset_02_g46dvrcvwn,NEAR_DUPLICATE_PHASH,Hamming=10,10,Aphids_Disease,Rhizome_Healthy_Roots,a56192b36102dd182966eaad6c64f249bee4171393dc017833264f875fe09f34,bc937e060206b7ac479f3eee51788f6e75bc98567118a529ef1b20784b1f366c
aphids_disease_(129).jpg,Rhizome Healthy Root00289.JPG,Dataset_01_jtttfbx342,Dataset_02_g46dvrcvwn,NEAR_DUPLICATE_PHASH,Hamming=10,10,Aphids_Disease,Rhizome_Healthy_Roots,a56192b36102dd182966eaad6c64f249bee4171393dc017833264f875fe09f34,03e7edbda1927228f0ff7011ff44e3d3a9b78937dac23f0a7e1a86cf22b4fb6c
aphids_disease_(129).jpg,Rhizome Healthy Root00302.JPG,Dataset_01_jtttfbx342,Dataset_02_g46dvrcvwn,NEAR_DUPLICATE_PHASH,Hamming=9,9,Aphids_Disease,Rhizome_Healthy_Roots,a56192b36102dd182966eaad6c64f249bee4171393dc017833264f875fe09f34,1b056c0bec593d0fb2c3b1ab4b9d24f80ed054d4ea4c181663cd9794f0288604
aphids_disease_(129).jpg,Rhizome Healthy Root00303.JPG,Dataset_01_jtttfbx342,Dataset_02_g46dvrcvwn,NEAR_DUPLICATE_PHASH,Hamming=10,10,Aphids_Disease,Rhizome_Healthy_Roots,a56192b36102dd182966eaad6c64f249bee4171393dc017833264f875fe09f34,67b3e63120ef420e06cb311a4b97a1c1cb953fa026bae3e4e864d26264f1d837
aphids_disease_(13).jpg,Dry Leaf00122.JPG,Dataset_01_jtttfbx342,Dataset_02_g46dvrcvwn,NEAR_DUPLICATE_PHASH,Hamming=10,10,Aphids_Disease,Dry_Leaf,2e490c1b7c71ec3ac6e4e53b337b9608bfe240b35330fdf3831c663e2dad5d17,f4c98e627b86f34d545dfa70f914b5a3482f9dac29e37e4277a46b7a042753b4
aphids_disease_(13).jpg,Rhizome Healthy Root00102.JPG,Dataset_01_jtttfbx342,Dataset_02_g46dvrcvwn,NEAR_DUPLICATE_PHASH,Hamming=10,10,Aphids_Disease,Rhizome_Healthy_Roots,2e490c1b7c71ec3ac6e4e53b337b9608bfe240b35330fdf3831c663e2dad5d17,42ed63fbc1a84d627ef27ec356342cf7d62182b1cfb585f9cbc082ed88702993
aphids_disease_(13).jpg,Rhizome Healthy Root00103.JPG,Dataset_01_jtttfbx342,Dataset_02_g46dvrcvwn,NEAR_DUPLICATE_PHASH,Hamming=10,10,Aphids_Disease,Rhizome_Healthy_Roots,2e490c1b7c71ec3ac6e4e53b337b9608bfe240b35330fdf3831c663e2dad5d17,1a182a290d5ec92d08bc0bb7826ce7992966ad9ac025b6731f8d48f1b0071cec
aphids_disease_(133).jpg,Dry Leaf00049.JPG,Dataset_01_jtttfbx342,Dataset_02_g46dvrcvwn,NEAR_DUPLICATE_PHASH,Hamming=8,8,Aphids_Disease,Dry_Leaf,0a83d4f9b5f891639756aad29ecebefbe0b5e4c936b7d7bec3684ca3dfe286f1,319d981af9df48246c86314c43f6489c9b8020dccdf45288eeeeef33f9cce8ad
aphids_disease_(132).jpg,Dry Leaf00106.JPG,Dataset_01_jtttfbx342,Dataset_02_g46dvrcvwn,NEAR_DUPLICATE_PHASH,Hamming=9,9,Aphids_Disease,Dry_Leaf,fe03d5a06635141b8e956a1496db5d7ba7c6f7818efdf1a629ac340be6e7edea,bf51d86e769f79565126a609d7663982a5939e707036279be63053b07f71726b
aphids_disease_(132).jpg,Healthy Leaf00032.JPG,Dataset_01_jtttfbx342,Dataset_02_g46dvrcvwn,NEAR_DUPLICATE_PHASH,Hamming=10,10,Aphids_Disease,Healthy_Leaf,fe03d5a06635141b8e956a1496db5d7ba7c6f7818efdf1a629ac340be6e7edea,85e16dcfec198f4e5cf0472005e99921bf752a1214bbbd68758cbf4cbe4858bd
aphids_disease_(132).jpg,Healthy Leaf00186.JPG,Dataset_01_jtttfbx342,Dataset_02_g46dvrcvwn,NEAR_DUPLICATE_PHASH,Hamming=10,10,Aphids_Disease,Healthy_Leaf,fe03d5a06635141b8e956a1496db5d7ba7c6f7818efdf1a629ac340be6e7edea,f99497e0754004956fa65209dc0aa94a753bdc8cccaf34066b1286dfb32c2e3a
aphids_disease_(135).jpg,Dry Leaf00049.JPG,Dataset_01_jtttfbx342,Dataset_02_g46dvrcvwn,NEAR_DUPLICATE_PHASH,Hamming=10,10,Aphids_Disease,Dry_Leaf,a37d4077250c835699de02a130ec41a3f8cadc15b0f29df3961fd887cca4b82b,319d981af9df48246c86314c43f6489c9b8020dccdf45288eeeeef33f9cce8ad
aphids_disease_(136).jpg,Dry Leaf00049.JPG,Dataset_01_jtttfbx342,Dataset_02_g46dvrcvwn,NEAR_DUPLICATE_PHASH,Hamming=7,7,Aphids_Disease,Dry_Leaf,5f320fa3c57aa02485e6ebd74861f3e1d142a9f7693983e8cec4c0d1c5a28c22,319d981af9df48246c86314c43f6489c9b8020dccdf45288eeeeef33f9cce8ad
aphids_disease_(136).jpg,Leaf Blotch00006.JPG,Dataset_01_jtttfbx342,Dataset_02_g46dvrcvwn,NEAR_DUPLICATE_PHASH,Hamming=8,8,Aphids_Disease,Leaf_Blotch,5f320fa3c57aa02485e6ebd74861f3e1d142a9f7693983e8cec4c0d1c5a28c22,b0975277450bc6f9f338542e47055ab8a8947999d4a87cd8e2097f23af27f392
aphids_disease_(138).jpg,Dry Leaf00122.JPG,Dataset_01_jtttfbx342,Dataset_02_g46dvrcvwn,NEAR_DUPLICATE_PHASH,Hamming=9,9,Aphids_Disease,Dry_Leaf,1c62ac8bf7ad72246ad2acc99c8d0734cf394f10b553fe488d756940b06a04bf,f4c98e627b86f34d545dfa70f914b5a3482f9dac29e37e4277a46b7a042753b4
aphids_disease_(138).jpg,Dry Leaf00189.JPG,Dataset_01_jtttfbx342,Dataset_02_g46dvrcvwn,NEAR_DUPLICATE_PHASH,Hamming=8,8,Aphids_Disease,Dry_Leaf,1c62ac8bf7ad72246ad2acc99c8d0734cf394f10b553fe488d756940b06a04bf,e9931494175e3e5645f934f7f99fdc81a783ad520fb0078cef333cb05cb65fce
aphids_disease_(138).jpg,Rhizome Disease Root00108.JPG,Dataset_01_jtttfbx342,Dataset_02_g46dvrcvwn,NEAR_DUPLICATE_PHASH,Hamming=10,10,Aphids_Disease,Rhizome_Disease_Roots,1c62ac8bf7ad72246ad2acc99c8d0734cf394f10b553fe488d756940b06a04bf,fa6b8eb8029c35c84b3dd6988ff45733a0cbc5ba5532d4c88d1db7643118aa4a
aphids_disease_(138).jpg,Rhizome Disease Root00114.JPG,Dataset_01_jtttfbx342,Dataset_02_g46dvrcvwn,NEAR_DUPLICATE_PHASH,Hamming=8,8,Aphids_Disease,Rhizome_Disease_Roots,1c62ac8bf7ad72246ad2acc99c8d0734cf394f10b553fe488d756940b06a04bf,3a652734257559efc017044a527d4be6683a935a05e18c03b9115f80560df8be
aphids_disease_(138).jpg,Rhizome Disease Root00176.JPG,Dataset_01_jtttfbx342,Dataset_02_g46dvrcvwn,NEAR_DUPLICATE_PHASH,Hamming=10,10,Aphids_Disease,Rhizome_Disease_Roots,1c62ac8bf7ad72246ad2acc99c8d0734cf394f10b553fe488d756940b06a04bf,4f668ea4799377a46be43218163c55f7774abdc0b33fc941041410a16945444d
aphids_disease_(138).jpg,Rhizome Healthy Root00102.JPG,Dataset_01_jtttfbx342,Dataset_02_g46dvrcvwn,NEAR_DUPLICATE_PHASH,Hamming=7,7,Aphids_Disease,Rhizome_Healthy_Roots,1c62ac8bf7ad72246ad2acc99c8d0734cf394f10b553fe488d756940b06a04bf,42ed63fbc1a84d627ef27ec356342cf7d62182b1cfb585f9cbc082ed88702993
aphids_disease_(138).jpg,Rhizome Healthy Root00103.JPG,Dataset_01_jtttfbx342,Dataset_02_g46dvrcvwn,NEAR_DUPLICATE_PHASH,Hamming=7,7,Aphids_Disease,Rhizome_Healthy_Roots,1c62ac8bf7ad72246ad2acc99c8d0734cf394f10b553fe488d756940b06a04bf,1a182a290d5ec92d08bc0bb7826ce7992966ad9ac025b6731f8d48f1b0071cec
aphids_disease_(138).jpg,Rhizome Healthy Root00104.JPG,Dataset_01_jtttfbx342,Dataset_02_g46dvrcvwn,NEAR_DUPLICATE_PHASH,Hamming=8,8,Aphids_Disease,Rhizome_Healthy_Roots,1c62ac8bf7ad72246ad2acc99c8d0734cf394f10b553fe488d756940b06a04bf,c6e84c358fef466d5d651d6badc72f487938a8971667c64a8b9cd6ba4e2a15f6
aphids_disease_(138).jpg,Rhizome Healthy Root00232.JPG,Dataset_01_jtttfbx342,Dataset_02_g46dvrcvwn,NEAR_DUPLICATE_PHASH,Hamming=10,10,Aphids_Disease,Rhizome_Healthy_Roots,1c62ac8bf7ad72246ad2acc99c8d0734cf394f10b553fe488d756940b06a04bf,bc937e060206b7ac479f3eee51788f6e75bc98567118a529ef1b20784b1f366c
aphids_disease_(14).jpg,Dry Leaf00082.JPG,Dataset_01_jtttfbx342,Dataset_02_g46dvrcvwn,NEAR_DUPLICATE_PHASH,Hamming=10,10,Aphids_Disease,Dry_Leaf,f8334d3f31070865c8b7206c65bb51d071b65aa4ae824cdaee2273e120f60852,0fef36b29f2c7149a46f1781d1a4edbd110d22d5b39a80b27eba7248551a7943
aphids_disease_(14).jpg,Dry Leaf00122.JPG,Dataset_01_jtttfbx342,Dataset_02_g46dvrcvwn,NEAR_DUPLICATE_PHASH,Hamming=10,10,Aphids_Disease,Dry_Leaf,f8334d3f31070865c8b7206c65bb51d071b65aa4ae824cdaee2273e120f60852,f4c98e627b86f34d545dfa70f914b5a3482f9dac29e37e4277a46b7a042753b4
aphids_disease_(14).jpg,Dry Leaf00138.JPG,Dataset_01_jtttfbx342,Dataset_02_g46dvrcvwn,NEAR_DUPLICATE_PHASH,Hamming=10,10,Aphids_Disease,Dry_Leaf,f8334d3f31070865c8b7206c65bb51d071b65aa4ae824cdaee2273e120f60852,48a137a521fcf8c5bf0f80670022143942508551f0f3047e9f590ff294fc2316
aphids_disease_(14).jpg,Dry Leaf00143.JPG,Dataset_01_jtttfbx342,Dataset_02_g46dvrcvwn,NEAR_DUPLICATE_PHASH,Hamming=10,10,Aphids_Disease,Dry_Leaf,f8334d3f31070865c8b7206c65bb51d071b65aa4ae824cdaee2273e120f60852,264aaf55af985e2d563adbfe4338e6d7666deb78327e547e536cc5a3f2933d56
aphids_disease_(139).jpg,Dry Leaf00122.JPG,Dataset_01_jtttfbx342,Dataset_02_g46dvrcvwn,NEAR_DUPLICATE_PHASH,Hamming=9,9,Aphids_Disease,Dry_Leaf,e986880396b127ba4cea01df15803f90283516ee66d986efa44132933feccc1e,f4c98e627b86f34d545dfa70f914b5a3482f9dac29e37e4277a46b7a042753b4
aphids_disease_(139).jpg,Rhizome Disease Root00114.JPG,Dataset_01_jtttfbx342,Dataset_02_g46dvrcvwn,NEAR_DUPLICATE_PHASH,Hamming=10,10,Aphids_Disease,Rhizome_Disease_Roots,e986880396b127ba4cea01df15803f90283516ee66d986efa44132933feccc1e,3a652734257559efc017044a527d4be6683a935a05e18c03b9115f80560df8be
aphids_disease_(139).jpg,Rhizome Healthy Root00102.JPG,Dataset_01_jtttfbx342,Dataset_02_g46dvrcvwn,NEAR_DUPLICATE_PHASH,Hamming=9,9,Aphids_Disease,Rhizome_Healthy_Roots,e986880396b127ba4cea01df15803f90283516ee66d986efa44132933feccc1e,42ed63fbc1a84d627ef27ec356342cf7d62182b1cfb585f9cbc082ed88702993
aphids_disease_(139).jpg,Rhizome Healthy Root00103.JPG,Dataset_01_jtttfbx342,Dataset_02_g46dvrcvwn,NEAR_DUPLICATE_PHASH,Hamming=9,9,Aphids_Disease,Rhizome_Healthy_Roots,e986880396b127ba4cea01df15803f90283516ee66d986efa44132933feccc1e,1a182a290d5ec92d08bc0bb7826ce7992966ad9ac025b6731f8d48f1b0071cec
aphids_disease_(139).jpg,Rhizome Healthy Root00104.JPG,Dataset_01_jtttfbx342,Dataset_02_g46dvrcvwn,NEAR_DUPLICATE_PHASH,Hamming=10,10,Aphids_Disease,Rhizome_Healthy_Roots,e986880396b127ba4cea01df15803f90283516ee66d986efa44132933feccc1e,c6e84c358fef466d5d651d6badc72f487938a8971667c64a8b9cd6ba4e2a15f6
aphids_disease_(139).jpg,Rhizome Healthy Root00231.JPG,Dataset_01_jtttfbx342,Dataset_02_g46dvrcvwn,NEAR_DUPLICATE_PHASH,Hamming=10,10,Aphids_Disease,Rhizome_Healthy_Roots,e986880396b127ba4cea01df15803f90283516ee66d986efa44132933feccc1e,173ddd1534a3df82138aa24559c71b43a224602176f4c5d40d6408993c002413
aphids_disease_(139).jpg,Rhizome Healthy Root00232.JPG,Dataset_01_jtttfbx342,Dataset_02_g46dvrcvwn,NEAR_DUPLICATE_PHASH,Hamming=8,8,Aphids_Disease,Rhizome_Healthy_Roots,e986880396b127ba4cea01df15803f90283516ee66d986efa44132933feccc1e,bc937e060206b7ac479f3eee51788f6e75bc98567118a529ef1b20784b1f366c
aphids_disease_(139).jpg,Rhizome Healthy Root00233.JPG,Dataset_01_jtttfbx342,Dataset_02_g46dvrcvwn,NEAR_DUPLICATE_PHASH,Hamming=9,9,Aphids_Disease,Rhizome_Healthy_Roots,e986880396b127ba4cea01df15803f90283516ee66d986efa44132933feccc1e,13232e929bfb4a08007baaee84be3da112a2bc99edada64ba088c98097387c95
aphids_disease_(142).jpg,Dry Leaf00106.JPG,Dataset_01_jtttfbx342,Dataset_02_g46dvrcvwn,NEAR_DUPLICATE_PHASH,Hamming=8,8,Aphids_Disease,Dry_Leaf,a5e3a04c0f19c40a96c33c3ef6a82714966bd9fc0162f80f26e8b0497427275b,bf51d86e769f79565126a609d7663982a5939e707036279be63053b07f71726b
aphids_disease_(143).jpg,Dry Leaf00049.JPG,Dataset_01_jtttfbx342,Dataset_02_g46dvrcvwn,NEAR_DUPLICATE_PHASH,Hamming=10,10,Aphids_Disease,Dry_Leaf,8cd58072a8c4ccb9021b8823dbf05030df18b9483ec74380016ddf8f0c8a7f2a,319d981af9df48246c86314c43f6489c9b8020dccdf45288eeeeef33f9cce8ad
aphids_disease_(143).jpg,Leaf Blotch00001.JPG,Dataset_01_jtttfbx342,Dataset_02_g46dvrcvwn,NEAR_DUPLICATE_PHASH,Hamming=9,9,Aphids_Disease,Leaf_Blotch,8cd58072a8c4ccb9021b8823dbf05030df18b9483ec74380016ddf8f0c8a7f2a,f461942049356cd766f3c3d99a694b69dc0861a87e650f004c6e580385152328
aphids_disease_(145).jpg,Dry Leaf00049.JPG,Dataset_01_jtttfbx342,Dataset_02_g46dvrcvwn,NEAR_DUPLICATE_PHASH,Hamming=10,10,Aphids_Disease,Dry_Leaf,4c5c160496775f199d1455a0cf2e699dcbbce888afc03b84f31e8c74ebfea635,319d981af9df48246c86314c43f6489c9b8020dccdf45288eeeeef33f9cce8ad
aphids_disease_(148).jpg,Dry Leaf00021.JPG,Dataset_01_jtttfbx342,Dataset_02_g46dvrcvwn,NEAR_DUPLICATE_PHASH,Hamming=10,10,Aphids_Disease,Dry_Leaf,e2e924ef1cb9a87aa1579c28616bd147408b8b437ab5ee7b5505372c4c5a23b5,80b07af320ce31e8a146fc8c36d40920359a994dbb7ce32c5c787d0e269bb363
aphids_disease_(148).jpg,Leaf Blotch00014.JPG,Dataset_01_jtttfbx342,Dataset_02_g46dvrcvwn,NEAR_DUPLICATE_PHASH,Hamming=9,9,Aphids_Disease,Leaf_Blotch,e2e924ef1cb9a87aa1579c28616bd147408b8b437ab5ee7b5505372c4c5a23b5,45324e4597d6c4cd2bb07e32994d6dfec97bc1ef2c7c55a391c4e93ace1984c3
aphids_disease_(148).jpg,Rhizome Disease Root00119.JPG,Dataset_01_jtttfbx342,Dataset_02_g46dvrcvwn,NEAR_DUPLICATE_PHASH,Hamming=9,9,Aphids_Disease,Rhizome_Disease_Roots,e2e924ef1cb9a87aa1579c28616bd147408b8b437ab5ee7b5505372c4c5a23b5,3860ca121dc7be8a9b92246d9524d17e1638a64bf917d306d2677a941a170454
aphids_disease_(148).jpg,Rhizome Disease Root00156.JPG,Dataset_01_jtttfbx342,Dataset_02_g46dvrcvwn,NEAR_DUPLICATE_PHASH,Hamming=10,10,Aphids_Disease,Rhizome_Disease_Roots,e2e924ef1cb9a87aa1579c28616bd147408b8b437ab5ee7b5505372c4c5a23b5,74dd34f67eda302dad349b8f862f8e61b4d47f462574402bc9b266d43335b307
aphids_disease_(148).jpg,Rhizome Healthy Root00265.JPG,Dataset_01_jtttfbx342,Dataset_02_g46dvrcvwn,NEAR_DUPLICATE_PHASH,Hamming=10,10,Aphids_Disease,Rhizome_Healthy_Roots,e2e924ef1cb9a87aa1579c28616bd147408b8b437ab5ee7b5505372c4c5a23b5,4c66ee0911137283f61856c4a67a4098d027c8fcfba0175633b01ce66f114c23
aphids_disease_(148).jpg,Rhizome Healthy Root00267.JPG,Dataset_01_jtttfbx342,Dataset_02_g46dvrcvwn,NEAR_DUPLICATE_PHASH,Hamming=10,10,Aphids_Disease,Rhizome_Healthy_Roots,e2e924ef1cb9a87aa1579c28616bd147408b8b437ab5ee7b5505372c4c5a23b5,a3e2b48643accc82072c55aa141bea2b21051b8539d1acb10e807cd7c9a99800
aphids_disease_(149).jpg,Dry Leaf00021.JPG,Dataset_01_jtttfbx342,Dataset_02_g46dvrcvwn,NEAR_DUPLICATE_PHASH,Hamming=10,10,Aphids_Disease,Dry_Leaf,33beb571c1a1747bc5315d31b6fc4f3ed7b210a41ac081f56cc809a3126f551e,80b07af320ce31e8a146fc8c36d40920359a994dbb7ce32c5c787d0e269bb363
aphids_disease_(149).jpg,Dry Leaf00082.JPG,Dataset_01_jtttfbx342,Dataset_02_g46dvrcvwn,NEAR_DUPLICATE_PHASH,Hamming=8,8,Aphids_Disease,Dry_Leaf,33beb571c1a1747bc5315d31b6fc4f3ed7b210a41ac081f56cc809a3126f551e,0fef36b29f2c7149a46f1781d1a4edbd110d22d5b39a80b27eba7248551a7943
aphids_disease_(149).jpg,Dry Leaf00103.JPG,Dataset_01_jtttfbx342,Dataset_02_g46dvrcvwn,NEAR_DUPLICATE_PHASH,Hamming=10,10,Aphids_Disease,Dry_Leaf,33beb571c1a1747bc5315d31b6fc4f3ed7b210a41ac081f56cc809a3126f551e,bbfb3df38cb3490b790738984ea414551d8babc594859e0349b9edea546188c8
aphids_disease_(149).jpg,Dry Leaf00143.JPG,Dataset_01_jtttfbx342,Dataset_02_g46dvrcvwn,NEAR_DUPLICATE_PHASH,Hamming=8,8,Aphids_Disease,Dry_Leaf,33beb571c1a1747bc5315d31b6fc4f3ed7b210a41ac081f56cc809a3126f551e,264aaf55af985e2d563adbfe4338e6d7666deb78327e547e536cc5a3f2933d56
aphids_disease_(149).jpg,Leaf Blotch00004.JPG,Dataset_01_jtttfbx342,Dataset_02_g46dvrcvwn,NEAR_DUPLICATE_PHASH,Hamming=6,6,Aphids_Disease,Leaf_Blotch,33beb571c1a1747bc5315d31b6fc4f3ed7b210a41ac081f56cc809a3126f551e,a96b36433507af73e39df1d2ad9989e773b79c0d27ae1ebfbf5ecc18de823a07
aphids_disease_(149).jpg,Leaf Blotch00005.JPG,Dataset_01_jtttfbx342,Dataset_02_g46dvrcvwn,NEAR_DUPLICATE_PHASH,Hamming=5,5,Aphids_Disease,Leaf_Blotch,33beb571c1a1747bc5315d31b6fc4f3ed7b210a41ac081f56cc809a3126f551e,b5226d7c1649a14108ea4d4cb07f7891e66ce892f3f25536e7c1e20665c8d718
aphids_disease_(149).jpg,Leaf Blotch00010.JPG,Dataset_01_jtttfbx342,Dataset_02_g46dvrcvwn,NEAR_DUPLICATE_PHASH,Hamming=8,8,Aphids_Disease,Leaf_Blotch,33beb571c1a1747bc5315d31b6fc4f3ed7b210a41ac081f56cc809a3126f551e,3197e2822de599021d133b9768cc32b77177d96d791f65244880d4b84c54b147
aphids_disease_(149).jpg,Rhizome Disease Root00004.JPG,Dataset_01_jtttfbx342,Dataset_02_g46dvrcvwn,NEAR_DUPLICATE_PHASH,Hamming=7,7,Aphids_Disease,Rhizome_Disease_Roots,33beb571c1a1747bc5315d31b6fc4f3ed7b210a41ac081f56cc809a3126f551e,6f6e64319c0d1bab197b171a1f9a7efdec00a918a246926057b9e33d25fb5eee
aphids_disease_(149).jpg,Rhizome Disease Root00114.JPG,Dataset_01_jtttfbx342,Dataset_02_g46dvrcvwn,NEAR_DUPLICATE_PHASH,Hamming=7,7,Aphids_Disease,Rhizome_Disease_Roots,33beb571c1a1747bc5315d31b6fc4f3ed7b210a41ac081f56cc809a3126f551e,3a652734257559efc017044a527d4be6683a935a05e18c03b9115f80560df8be
aphids_disease_(149).jpg,Rhizome Healthy Root00106.JPG,Dataset_01_jtttfbx342,Dataset_02_g46dvrcvwn,NEAR_DUPLICATE_PHASH,Hamming=8,8,Aphids_Disease,Rhizome_Healthy_Roots,33beb571c1a1747bc5315d31b6fc4f3ed7b210a41ac081f56cc809a3126f551e,792099df3f2fb91a62d25fc739635a820e6c5be3fb678f74f5b5b0d40f2c3209
aphids_disease_(149).jpg,Rhizome Healthy Root00231.JPG,Dataset_01_jtttfbx342,Dataset_02_g46dvrcvwn,NEAR_DUPLICATE_PHASH,Hamming=9,9,Aphids_Disease,Rhizome_Healthy_Roots,33beb571c1a1747bc5315d31b6fc4f3ed7b210a41ac081f56cc809a3126f551e,173ddd1534a3df82138aa24559c71b43a224602176f4c5d40d6408993c002413
aphids_disease_(149).jpg,Rhizome Healthy Root00232.JPG,Dataset_01_jtttfbx342,Dataset_02_g46dvrcvwn,NEAR_DUPLICATE_PHASH,Hamming=7,7,Aphids_Disease,Rhizome_Healthy_Roots,33beb571c1a1747bc5315d31b6fc4f3ed7b210a41ac081f56cc809a3126f551e,bc937e060206b7ac479f3eee51788f6e75bc98567118a529ef1b20784b1f366c
aphids_disease_(149).jpg,Rhizome Healthy Root00302.JPG,Dataset_01_jtttfbx342,Dataset_02_g46dvrcvwn,NEAR_DUPLICATE_PHASH,Hamming=8,8,Aphids_Disease,Rhizome_Healthy_Roots,33beb571c1a1747bc5315d31b6fc4f3ed7b210a41ac081f56cc809a3126f551e,1b056c0bec593d0fb2c3b1ab4b9d24f80ed054d4ea4c181663cd9794f0288604
aphids_disease_(149).jpg,Rhizome Healthy Root00303.JPG,Dataset_01_jtttfbx342,Dataset_02_g46dvrcvwn,NEAR_DUPLICATE_PHASH,Hamming=9,9,Aphids_Disease,Rhizome_Healthy_Roots,33beb571c1a1747bc5315d31b6fc4f3ed7b210a41ac081f56cc809a3126f551e,67b3e63120ef420e06cb311a4b97a1c1cb953fa026bae3e4e864d26264f1d837
aphids_disease_(152).jpg,Dry Leaf00082.JPG,Dataset_01_jtttfbx342,Dataset_02_g46dvrcvwn,NEAR_DUPLICATE_PHASH,Hamming=8,8,Aphids_Disease,Dry_Leaf,439ca606053401a1c645e916fb288702c69d7ffd513caf822aef8a1c8260fdce,0fef36b29f2c7149a46f1781d1a4edbd110d22d5b39a80b27eba7248551a7943
aphids_disease_(152).jpg,Dry Leaf00122.JPG,Dataset_01_jtttfbx342,Dataset_02_g46dvrcvwn,NEAR_DUPLICATE_PHASH,Hamming=10,10,Aphids_Disease,Dry_Leaf,439ca606053401a1c645e916fb288702c69d7ffd513caf822aef8a1c8260fdce,f4c98e627b86f34d545dfa70f914b5a3482f9dac29e37e4277a46b7a042753b4
aphids_disease_(152).jpg,Dry Leaf00143.JPG,Dataset_01_jtttfbx342,Dataset_02_g46dvrcvwn,NEAR_DUPLICATE_PHASH,Hamming=8,8,Aphids_Disease,Dry_Leaf,439ca606053401a1c645e916fb288702c69d7ffd513caf822aef8a1c8260fdce,264aaf55af985e2d563adbfe4338e6d7666deb78327e547e536cc5a3f2933d56
aphids_disease_(150).jpg,Leaf Blotch00006.JPG,Dataset_01_jtttfbx342,Dataset_02_g46dvrcvwn,NEAR_DUPLICATE_PHASH,Hamming=10,10,Aphids_Disease,Leaf_Blotch,4665adfc2878a3bd7c998803af2d56f78505b8bdaed8645b85d67fd606fab9dc,b0975277450bc6f9f338542e47055ab8a8947999d4a87cd8e2097f23af27f392
aphids_disease_(153).jpg,Dry Leaf00122.JPG,Dataset_01_jtttfbx342,Dataset_02_g46dvrcvwn,NEAR_DUPLICATE_PHASH,Hamming=7,7,Aphids_Disease,Dry_Leaf,edc751c0983e265e3aa31222ff08ac76d5622fd718ad1edeb7c3ad1d31f9329c,f4c98e627b86f34d545dfa70f914b5a3482f9dac29e37e4277a46b7a042753b4
aphids_disease_(153).jpg,Dry Leaf00189.JPG,Dataset_01_jtttfbx342,Dataset_02_g46dvrcvwn,NEAR_DUPLICATE_PHASH,Hamming=8,8,Aphids_Disease,Dry_Leaf,edc751c0983e265e3aa31222ff08ac76d5622fd718ad1edeb7c3ad1d31f9329c,e9931494175e3e5645f934f7f99fdc81a783ad520fb0078cef333cb05cb65fce
aphids_disease_(153).jpg,Rhizome Healthy Root00102.JPG,Dataset_01_jtttfbx342,Dataset_02_g46dvrcvwn,NEAR_DUPLICATE_PHASH,Hamming=7,7,Aphids_Disease,Rhizome_Healthy_Roots,edc751c0983e265e3aa31222ff08ac76d5622fd718ad1edeb7c3ad1d31f9329c,42ed63fbc1a84d627ef27ec356342cf7d62182b1cfb585f9cbc082ed88702993
aphids_disease_(153).jpg,Rhizome Healthy Root00103.JPG,Dataset_01_jtttfbx342,Dataset_02_g46dvrcvwn,NEAR_DUPLICATE_PHASH,Hamming=7,7,Aphids_Disease,Rhizome_Healthy_Roots,edc751c0983e265e3aa31222ff08ac76d5622fd718ad1edeb7c3ad1d31f9329c,1a182a290d5ec92d08bc0bb7826ce7992966ad9ac025b6731f8d48f1b0071cec
aphids_disease_(153).jpg,Rhizome Healthy Root00104.JPG,Dataset_01_jtttfbx342,Dataset_02_g46dvrcvwn,NEAR_DUPLICATE_PHASH,Hamming=8,8,Aphids_Disease,Rhizome_Healthy_Roots,edc751c0983e265e3aa31222ff08ac76d5622fd718ad1edeb7c3ad1d31f9329c,c6e84c358fef466d5d651d6badc72f487938a8971667c64a8b9cd6ba4e2a15f6
aphids_disease_(153).jpg,Rhizome Healthy Root00232.JPG,Dataset_01_jtttfbx342,Dataset_02_g46dvrcvwn,NEAR_DUPLICATE_PHASH,Hamming=10,10,Aphids_Disease,Rhizome_Healthy_Roots,edc751c0983e265e3aa31222ff08ac76d5622fd718ad1edeb7c3ad1d31f9329c,bc937e060206b7ac479f3eee51788f6e75bc98567118a529ef1b20784b1f366c
aphids_disease_(154).jpg,Dry Leaf00021.JPG,Dataset_01_jtttfbx342,Dataset_02_g46dvrcvwn,NEAR_DUPLICATE_PHASH,Hamming=8,8,Aphids_Disease,Dry_Leaf,0c8e3b21b37f4e4921f9076f5f7b4ffe8889fdb08f68b27497bbbea57b019602,80b07af320ce31e8a146fc8c36d40920359a994dbb7ce32c5c787d0e269bb363
aphids_disease_(154).jpg,Dry Leaf00122.JPG,Dataset_01_jtttfbx342,Dataset_02_g46dvrcvwn,NEAR_DUPLICATE_PHASH,Hamming=10,10,Aphids_Disease,Dry_Leaf,0c8e3b21b37f4e4921f9076f5f7b4ffe8889fdb08f68b27497bbbea57b019602,f4c98e627b86f34d545dfa70f914b5a3482f9dac29e37e4277a46b7a042753b4
aphids_disease_(154).jpg,Dry Leaf00143.JPG,Dataset_01_jtttfbx342,Dataset_02_g46dvrcvwn,NEAR_DUPLICATE_PHASH,Hamming=10,10,Aphids_Disease,Dry_Leaf,0c8e3b21b37f4e4921f9076f5f7b4ffe8889fdb08f68b27497bbbea57b019602,264aaf55af985e2d563adbfe4338e6d7666deb78327e547e536cc5a3f2933d56
aphids_disease_(154).jpg,Leaf Blotch00004.JPG,Dataset_01_jtttfbx342,Dataset_02_g46dvrcvwn,NEAR_DUPLICATE_PHASH,Hamming=8,8,Aphids_Disease,Leaf_Blotch,0c8e3b21b37f4e4921f9076f5f7b4ffe8889fdb08f68b27497bbbea57b019602,a96b36433507af73e39df1d2ad9989e773b79c0d27ae1ebfbf5ecc18de823a07
aphids_disease_(154).jpg,Leaf Blotch00005.JPG,Dataset_01_jtttfbx342,Dataset_02_g46dvrcvwn,NEAR_DUPLICATE_PHASH,Hamming=9,9,Aphids_Disease,Leaf_Blotch,0c8e3b21b37f4e4921f9076f5f7b4ffe8889fdb08f68b27497bbbea57b019602,b5226d7c1649a14108ea4d4cb07f7891e66ce892f3f25536e7c1e20665c8d718
aphids_disease_(154).jpg,Rhizome Disease Root00114.JPG,Dataset_01_jtttfbx342,Dataset_02_g46dvrcvwn,NEAR_DUPLICATE_PHASH,Hamming=7,7,Aphids_Disease,Rhizome_Disease_Roots,0c8e3b21b37f4e4921f9076f5f7b4ffe8889fdb08f68b27497bbbea57b019602,3a652734257559efc017044a527d4be6683a935a05e18c03b9115f80560df8be
aphids_disease_(154).jpg,Rhizome Healthy Root00102.JPG,Dataset_01_jtttfbx342,Dataset_02_g46dvrcvwn,NEAR_DUPLICATE_PHASH,Hamming=10,10,Aphids_Disease,Rhizome_Healthy_Roots,0c8e3b21b37f4e4921f9076f5f7b4ffe8889fdb08f68b27497bbbea57b019602,42ed63fbc1a84d627ef27ec356342cf7d62182b1cfb585f9cbc082ed88702993
aphids_disease_(154).jpg,Rhizome Healthy Root00103.JPG,Dataset_01_jtttfbx342,Dataset_02_g46dvrcvwn,NEAR_DUPLICATE_PHASH,Hamming=10,10,Aphids_Disease,Rhizome_Healthy_Roots,0c8e3b21b37f4e4921f9076f5f7b4ffe8889fdb08f68b27497bbbea57b019602,1a182a290d5ec92d08bc0bb7826ce7992966ad9ac025b6731f8d48f1b0071cec
aphids_disease_(154).jpg,Rhizome Healthy Root00104.JPG,Dataset_01_jtttfbx342,Dataset_02_g46dvrcvwn,NEAR_DUPLICATE_PHASH,Hamming=9,9,Aphids_Disease,Rhizome_Healthy_Roots,0c8e3b21b37f4e4921f9076f5f7b4ffe8889fdb08f68b27497bbbea57b019602,c6e84c358fef466d5d651d6badc72f487938a8971667c64a8b9cd6ba4e2a15f6
aphids_disease_(154).jpg,Rhizome Healthy Root00106.JPG,Dataset_01_jtttfbx342,Dataset_02_g46dvrcvwn,NEAR_DUPLICATE_PHASH,Hamming=8,8,Aphids_Disease,Rhizome_Healthy_Roots,0c8e3b21b37f4e4921f9076f5f7b4ffe8889fdb08f68b27497bbbea57b019602,792099df3f2fb91a62d25fc739635a820e6c5be3fb678f74f5b5b0d40f2c3209
aphids_disease_(154).jpg,Rhizome Healthy Root00197.JPG,Dataset_01_jtttfbx342,Dataset_02_g46dvrcvwn,NEAR_DUPLICATE_PHASH,Hamming=10,10,Aphids_Disease,Rhizome_Healthy_Roots,0c8e3b21b37f4e4921f9076f5f7b4ffe8889fdb08f68b27497bbbea57b019602,a80da83064e1b58fe8d6e41c454b32d0a111e01d0d2fbe1b50a6d5303b8cf8cb
aphids_disease_(154).jpg,Rhizome Healthy Root00231.JPG,Dataset_01_jtttfbx342,Dataset_02_g46dvrcvwn,NEAR_DUPLICATE_PHASH,Hamming=9,9,Aphids_Disease,Rhizome_Healthy_Roots,0c8e3b21b37f4e4921f9076f5f7b4ffe8889fdb08f68b27497bbbea57b019602,173ddd1534a3df82138aa24559c71b43a224602176f4c5d40d6408993c002413
aphids_disease_(154).jpg,Rhizome Healthy Root00232.JPG,Dataset_01_jtttfbx342,Dataset_02_g46dvrcvwn,NEAR_DUPLICATE_PHASH,Hamming=7,7,Aphids_Disease,Rhizome_Healthy_Roots,0c8e3b21b37f4e4921f9076f5f7b4ffe8889fdb08f68b27497bbbea57b019602,bc937e060206b7ac479f3eee51788f6e75bc98567118a529ef1b20784b1f366c
aphids_disease_(154).jpg,Rhizome Healthy Root00233.JPG,Dataset_01_jtttfbx342,Dataset_02_g46dvrcvwn,NEAR_DUPLICATE_PHASH,Hamming=8,8,Aphids_Disease,Rhizome_Healthy_Roots,0c8e3b21b37f4e4921f9076f5f7b4ffe8889fdb08f68b27497bbbea57b019602,13232e929bfb4a08007baaee84be3da112a2bc99edada64ba088c98097387c95
aphids_disease_(154).jpg,Rhizome Healthy Root00302.JPG,Dataset_01_jtttfbx342,Dataset_02_g46dvrcvwn,NEAR_DUPLICATE_PHASH,Hamming=10,10,Aphids_Disease,Rhizome_Healthy_Roots,0c8e3b21b37f4e4921f9076f5f7b4ffe8889fdb08f68b27497bbbea57b019602,1b056c0bec593d0fb2c3b1ab4b9d24f80ed054d4ea4c181663cd9794f0288604
aphids_disease_(157).jpg,Dry Leaf00082.JPG,Dataset_01_jtttfbx342,Dataset_02_g46dvrcvwn,NEAR_DUPLICATE_PHASH,Hamming=9,9,Aphids_Disease,Dry_Leaf,60bb067f6a6d1fc2daa3fb6cdb161a93a0e881b9fe5c541d76107370a7b00369,0fef36b29f2c7149a46f1781d1a4edbd110d22d5b39a80b27eba7248551a7943
aphids_disease_(157).jpg,Dry Leaf00143.JPG,Dataset_01_jtttfbx342,Dataset_02_g46dvrcvwn,NEAR_DUPLICATE_PHASH,Hamming=9,9,Aphids_Disease,Dry_Leaf,60bb067f6a6d1fc2daa3fb6cdb161a93a0e881b9fe5c541d76107370a7b00369,264aaf55af985e2d563adbfe4338e6d7666deb78327e547e536cc5a3f2933d56
aphids_disease_(159).jpg,Dry Leaf00082.JPG,Dataset_01_jtttfbx342,Dataset_02_g46dvrcvwn,NEAR_DUPLICATE_PHASH,Hamming=10,10,Aphids_Disease,Dry_Leaf,a2335c9d458c5f233a88d3272839d0c462e1765ef9390dd4b6378be2ed2a7dbe,0fef36b29f2c7149a46f1781d1a4edbd110d22d5b39a80b27eba7248551a7943
aphids_disease_(159).jpg,Dry Leaf00143.JPG,Dataset_01_jtttfbx342,Dataset_02_g46dvrcvwn,NEAR_DUPLICATE_PHASH,Hamming=10,10,Aphids_Disease,Dry_Leaf,a2335c9d458c5f233a88d3272839d0c462e1765ef9390dd4b6378be2ed2a7dbe,264aaf55af985e2d563adbfe4338e6d7666deb78327e547e536cc5a3f2933d56
aphids_disease_(159).jpg,Leaf Blotch00004.JPG,Dataset_01_jtttfbx342,Dataset_02_g46dvrcvwn,NEAR_DUPLICATE_PHASH,Hamming=10,10,Aphids_Disease,Leaf_Blotch,a2335c9d458c5f233a88d3272839d0c462e1765ef9390dd4b6378be2ed2a7dbe,a96b36433507af73e39df1d2ad9989e773b79c0d27ae1ebfbf5ecc18de823a07
aphids_disease_(159).jpg,Leaf Blotch00005.JPG,Dataset_01_jtttfbx342,Dataset_02_g46dvrcvwn,NEAR_DUPLICATE_PHASH,Hamming=9,9,Aphids_Disease,Leaf_Blotch,a2335c9d458c5f233a88d3272839d0c462e1765ef9390dd4b6378be2ed2a7dbe,b5226d7c1649a14108ea4d4cb07f7891e66ce892f3f25536e7c1e20665c8d718
aphids_disease_(159).jpg,Leaf Blotch00010.JPG,Dataset_01_jtttfbx342,Dataset_02_g46dvrcvwn,NEAR_DUPLICATE_PHASH,Hamming=10,10,Aphids_Disease,Leaf_Blotch,a2335c9d458c5f233a88d3272839d0c462e1765ef9390dd4b6378be2ed2a7dbe,3197e2822de599021d133b9768cc32b77177d96d791f65244880d4b84c54b147
aphids_disease_(159).jpg,Rhizome Disease Root00004.JPG,Dataset_01_jtttfbx342,Dataset_02_g46dvrcvwn,NEAR_DUPLICATE_PHASH,Hamming=9,9,Aphids_Disease,Rhizome_Disease_Roots,a2335c9d458c5f233a88d3272839d0c462e1765ef9390dd4b6378be2ed2a7dbe,6f6e64319c0d1bab197b171a1f9a7efdec00a918a246926057b9e33d25fb5eee
aphids_disease_(159).jpg,Rhizome Disease Root00114.JPG,Dataset_01_jtttfbx342,Dataset_02_g46dvrcvwn,NEAR_DUPLICATE_PHASH,Hamming=7,7,Aphids_Disease,Rhizome_Disease_Roots,a2335c9d458c5f233a88d3272839d0c462e1765ef9390dd4b6378be2ed2a7dbe,3a652734257559efc017044a527d4be6683a935a05e18c03b9115f80560df8be
aphids_disease_(159).jpg,Rhizome Healthy Root00029.JPG,Dataset_01_jtttfbx342,Dataset_02_g46dvrcvwn,NEAR_DUPLICATE_PHASH,Hamming=10,10,Aphids_Disease,Rhizome_Healthy_Roots,a2335c9d458c5f233a88d3272839d0c462e1765ef9390dd4b6378be2ed2a7dbe,3835df92135db2ba80f4dc67dd51d4ab10db2fd18fa835a53280dd4318d1c91a
aphids_disease_(159).jpg,Rhizome Healthy Root00030.JPG,Dataset_01_jtttfbx342,Dataset_02_g46dvrcvwn,NEAR_DUPLICATE_PHASH,Hamming=10,10,Aphids_Disease,Rhizome_Healthy_Roots,a2335c9d458c5f233a88d3272839d0c462e1765ef9390dd4b6378be2ed2a7dbe,5ce7923d7a7e7b4bd048f205c90e9a9a8d400d2fd8cf48fec15ac85b74cc3468
aphids_disease_(159).jpg,Rhizome Healthy Root00031.JPG,Dataset_01_jtttfbx342,Dataset_02_g46dvrcvwn,NEAR_DUPLICATE_PHASH,Hamming=10,10,Aphids_Disease,Rhizome_Healthy_Roots,a2335c9d458c5f233a88d3272839d0c462e1765ef9390dd4b6378be2ed2a7dbe,be1d95036007d6dc54776a298c8ed737b1c2ae0a0b8d9720d368b6fd64dfef46
aphids_disease_(159).jpg,Rhizome Healthy Root00298.JPG,Dataset_01_jtttfbx342,Dataset_02_g46dvrcvwn,NEAR_DUPLICATE_PHASH,Hamming=9,9,Aphids_Disease,Rhizome_Healthy_Roots,a2335c9d458c5f233a88d3272839d0c462e1765ef9390dd4b6378be2ed2a7dbe,2783c1890cd370aeaac62205f04cd2f8e6dbd23c5f0a56b5e3406893bed3c47f
aphids_disease_(159).jpg,Rhizome Healthy Root00302.JPG,Dataset_01_jtttfbx342,Dataset_02_g46dvrcvwn,NEAR_DUPLICATE_PHASH,Hamming=8,8,Aphids_Disease,Rhizome_Healthy_Roots,a2335c9d458c5f233a88d3272839d0c462e1765ef9390dd4b6378be2ed2a7dbe,1b056c0bec593d0fb2c3b1ab4b9d24f80ed054d4ea4c181663cd9794f0288604
aphids_disease_(159).jpg,Rhizome Healthy Root00303.JPG,Dataset_01_jtttfbx342,Dataset_02_g46dvrcvwn,NEAR_DUPLICATE_PHASH,Hamming=9,9,Aphids_Disease,Rhizome_Healthy_Roots,a2335c9d458c5f233a88d3272839d0c462e1765ef9390dd4b6378be2ed2a7dbe,67b3e63120ef420e06cb311a4b97a1c1cb953fa026bae3e4e864d26264f1d837
aphids_disease_(160).jpg,Dry Leaf00082.JPG,Dataset_01_jtttfbx342,Dataset_02_g46dvrcvwn,NEAR_DUPLICATE_PHASH,Hamming=9,9,Aphids_Disease,Dry_Leaf,539778f8c6894160788e27df704cc8bb39814ff566138aabe7b451375babe8de,0fef36b29f2c7149a46f1781d1a4edbd110d22d5b39a80b27eba7248551a7943
aphids_disease_(160).jpg,Dry Leaf00122.JPG,Dataset_01_jtttfbx342,Dataset_02_g46dvrcvwn,NEAR_DUPLICATE_PHASH,Hamming=9,9,Aphids_Disease,Dry_Leaf,539778f8c6894160788e27df704cc8bb39814ff566138aabe7b451375babe8de,f4c98e627b86f34d545dfa70f914b5a3482f9dac29e37e4277a46b7a042753b4
aphids_disease_(160).jpg,Dry Leaf00143.JPG,Dataset_01_jtttfbx342,Dataset_02_g46dvrcvwn,NEAR_DUPLICATE_PHASH,Hamming=9,9,Aphids_Disease,Dry_Leaf,539778f8c6894160788e27df704cc8bb39814ff566138aabe7b451375babe8de,264aaf55af985e2d563adbfe4338e6d7666deb78327e547e536cc5a3f2933d56
aphids_disease_(160).jpg,Dry Leaf00189.JPG,Dataset_01_jtttfbx342,Dataset_02_g46dvrcvwn,NEAR_DUPLICATE_PHASH,Hamming=10,10,Aphids_Disease,Dry_Leaf,539778f8c6894160788e27df704cc8bb39814ff566138aabe7b451375babe8de,e9931494175e3e5645f934f7f99fdc81a783ad520fb0078cef333cb05cb65fce
aphids_disease_(160).jpg,Rhizome Disease Root00114.JPG,Dataset_01_jtttfbx342,Dataset_02_g46dvrcvwn,NEAR_DUPLICATE_PHASH,Hamming=10,10,Aphids_Disease,Rhizome_Disease_Roots,539778f8c6894160788e27df704cc8bb39814ff566138aabe7b451375babe8de,3a652734257559efc017044a527d4be6683a935a05e18c03b9115f80560df8be
aphids_disease_(163).jpg,Rhizome Disease Root00122.JPG,Dataset_01_jtttfbx342,Dataset_02_g46dvrcvwn,NEAR_DUPLICATE_PHASH,Hamming=10,10,Aphids_Disease,Rhizome_Disease_Roots,7f2f2091e0f2ef701aba4eddc041c606547adf0bc651f86093dd62a9ca1f4a5c,ee9ac8de7a3d02ea275700cbbd3b3a68a3ec4f5cb8d9bdd44a484d2076307258
aphids_disease_(163).jpg,Rhizome Disease Root00142.JPG,Dataset_01_jtttfbx342,Dataset_02_g46dvrcvwn,NEAR_DUPLICATE_PHASH,Hamming=10,10,Aphids_Disease,Rhizome_Disease_Roots,7f2f2091e0f2ef701aba4eddc041c606547adf0bc651f86093dd62a9ca1f4a5c,023c744af8d4d739f8c54334ab3150d02fad1c29fb8ddd8db5fcb87a4ce7a6b7
aphids_disease_(164).jpg,Dry Leaf00021.JPG,Dataset_01_jtttfbx342,Dataset_02_g46dvrcvwn,NEAR_DUPLICATE_PHASH,Hamming=8,8,Aphids_Disease,Dry_Leaf,6801f2fe5bd1d09b299a870b751bee69b5138e4957667865bb8eb8d360077257,80b07af320ce31e8a146fc8c36d40920359a994dbb7ce32c5c787d0e269bb363
aphids_disease_(164).jpg,Dry Leaf00082.JPG,Dataset_01_jtttfbx342,Dataset_02_g46dvrcvwn,NEAR_DUPLICATE_PHASH,Hamming=10,10,Aphids_Disease,Dry_Leaf,6801f2fe5bd1d09b299a870b751bee69b5138e4957667865bb8eb8d360077257,0fef36b29f2c7149a46f1781d1a4edbd110d22d5b39a80b27eba7248551a7943
aphids_disease_(164).jpg,Dry Leaf00143.JPG,Dataset_01_jtttfbx342,Dataset_02_g46dvrcvwn,NEAR_DUPLICATE_PHASH,Hamming=8,8,Aphids_Disease,Dry_Leaf,6801f2fe5bd1d09b299a870b751bee69b5138e4957667865bb8eb8d360077257,264aaf55af985e2d563adbfe4338e6d7666deb78327e547e536cc5a3f2933d56
aphids_disease_(164).jpg,Leaf Blotch00004.JPG,Dataset_01_jtttfbx342,Dataset_02_g46dvrcvwn,NEAR_DUPLICATE_PHASH,Hamming=6,6,Aphids_Disease,Leaf_Blotch,6801f2fe5bd1d09b299a870b751bee69b5138e4957667865bb8eb8d360077257,a96b36433507af73e39df1d2ad9989e773b79c0d27ae1ebfbf5ecc18de823a07
aphids_disease_(164).jpg,Leaf Blotch00005.JPG,Dataset_01_jtttfbx342,Dataset_02_g46dvrcvwn,NEAR_DUPLICATE_PHASH,Hamming=7,7,Aphids_Disease,Leaf_Blotch,6801f2fe5bd1d09b299a870b751bee69b5138e4957667865bb8eb8d360077257,b5226d7c1649a14108ea4d4cb07f7891e66ce892f3f25536e7c1e20665c8d718
aphids_disease_(164).jpg,Leaf Blotch00010.JPG,Dataset_01_jtttfbx342,Dataset_02_g46dvrcvwn,NEAR_DUPLICATE_PHASH,Hamming=10,10,Aphids_Disease,Leaf_Blotch,6801f2fe5bd1d09b299a870b751bee69b5138e4957667865bb8eb8d360077257,3197e2822de599021d133b9768cc32b77177d96d791f65244880d4b84c54b147
aphids_disease_(164).jpg,Rhizome Disease Root00004.JPG,Dataset_01_jtttfbx342,Dataset_02_g46dvrcvwn,NEAR_DUPLICATE_PHASH,Hamming=9,9,Aphids_Disease,Rhizome_Disease_Roots,6801f2fe5bd1d09b299a870b751bee69b5138e4957667865bb8eb8d360077257,6f6e64319c0d1bab197b171a1f9a7efdec00a918a246926057b9e33d25fb5eee
aphids_disease_(164).jpg,Rhizome Disease Root00114.JPG,Dataset_01_jtttfbx342,Dataset_02_g46dvrcvwn,NEAR_DUPLICATE_PHASH,Hamming=7,7,Aphids_Disease,Rhizome_Disease_Roots,6801f2fe5bd1d09b299a870b751bee69b5138e4957667865bb8eb8d360077257,3a652734257559efc017044a527d4be6683a935a05e18c03b9115f80560df8be
aphids_disease_(164).jpg,Rhizome Healthy Root00102.JPG,Dataset_01_jtttfbx342,Dataset_02_g46dvrcvwn,NEAR_DUPLICATE_PHASH,Hamming=10,10,Aphids_Disease,Rhizome_Healthy_Roots,6801f2fe5bd1d09b299a870b751bee69b5138e4957667865bb8eb8d360077257,42ed63fbc1a84d627ef27ec356342cf7d62182b1cfb585f9cbc082ed88702993
aphids_disease_(164).jpg,Rhizome Healthy Root00103.JPG,Dataset_01_jtttfbx342,Dataset_02_g46dvrcvwn,NEAR_DUPLICATE_PHASH,Hamming=10,10,Aphids_Disease,Rhizome_Healthy_Roots,6801f2fe5bd1d09b299a870b751bee69b5138e4957667865bb8eb8d360077257,1a182a290d5ec92d08bc0bb7826ce7992966ad9ac025b6731f8d48f1b0071cec
aphids_disease_(164).jpg,Rhizome Healthy Root00104.JPG,Dataset_01_jtttfbx342,Dataset_02_g46dvrcvwn,NEAR_DUPLICATE_PHASH,Hamming=9,9,Aphids_Disease,Rhizome_Healthy_Roots,6801f2fe5bd1d09b299a870b751bee69b5138e4957667865bb8eb8d360077257,c6e84c358fef466d5d651d6badc72f487938a8971667c64a8b9cd6ba4e2a15f6
aphids_disease_(164).jpg,Rhizome Healthy Root00106.JPG,Dataset_01_jtttfbx342,Dataset_02_g46dvrcvwn,NEAR_DUPLICATE_PHASH,Hamming=8,8,Aphids_Disease,Rhizome_Healthy_Roots,6801f2fe5bd1d09b299a870b751bee69b5138e4957667865bb8eb8d360077257,792099df3f2fb91a62d25fc739635a820e6c5be3fb678f74f5b5b0d40f2c3209
aphids_disease_(164).jpg,Rhizome Healthy Root00231.JPG,Dataset_01_jtttfbx342,Dataset_02_g46dvrcvwn,NEAR_DUPLICATE_PHASH,Hamming=7,7,Aphids_Disease,Rhizome_Healthy_Roots,6801f2fe5bd1d09b299a870b751bee69b5138e4957667865bb8eb8d360077257,173ddd1534a3df82138aa24559c71b43a224602176f4c5d40d6408993c002413
aphids_disease_(164).jpg,Rhizome Healthy Root00232.JPG,Dataset_01_jtttfbx342,Dataset_02_g46dvrcvwn,NEAR_DUPLICATE_PHASH,Hamming=5,5,Aphids_Disease,Rhizome_Healthy_Roots,6801f2fe5bd1d09b299a870b751bee69b5138e4957667865bb8eb8d360077257,bc937e060206b7ac479f3eee51788f6e75bc98567118a529ef1b20784b1f366c
aphids_disease_(164).jpg,Rhizome Healthy Root00233.JPG,Dataset_01_jtttfbx342,Dataset_02_g46dvrcvwn,NEAR_DUPLICATE_PHASH,Hamming=10,10,Aphids_Disease,Rhizome_Healthy_Roots,6801f2fe5bd1d09b299a870b751bee69b5138e4957667865bb8eb8d360077257,13232e929bfb4a08007baaee84be3da112a2bc99edada64ba088c98097387c95
aphids_disease_(164).jpg,Rhizome Healthy Root00302.JPG,Dataset_01_jtttfbx342,Dataset_02_g46dvrcvwn,NEAR_DUPLICATE_PHASH,Hamming=10,10,Aphids_Disease,Rhizome_Healthy_Roots,6801f2fe5bd1d09b299a870b751bee69b5138e4957667865bb8eb8d360077257,1b056c0bec593d0fb2c3b1ab4b9d24f80ed054d4ea4c181663cd9794f0288604
aphids_disease_(170).jpg,Dry Leaf00106.JPG,Dataset_01_jtttfbx342,Dataset_02_g46dvrcvwn,NEAR_DUPLICATE_PHASH,Hamming=10,10,Aphids_Disease,Dry_Leaf,062d98802c413366c60b4aaf525d1aeddf4b099a7e00db325908fb3084ddad52,bf51d86e769f79565126a609d7663982a5939e707036279be63053b07f71726b
aphids_disease_(172).jpg,Dry Leaf00082.JPG,Dataset_01_jtttfbx342,Dataset_02_g46dvrcvwn,NEAR_DUPLICATE_PHASH,Hamming=9,9,Aphids_Disease,Dry_Leaf,1ddd9db7ddf9eb673901016116885b0ef710c1af5919682f1aa6331f49b93a85,0fef36b29f2c7149a46f1781d1a4edbd110d22d5b39a80b27eba7248551a7943
aphids_disease_(172).jpg,Dry Leaf00106.JPG,Dataset_01_jtttfbx342,Dataset_02_g46dvrcvwn,NEAR_DUPLICATE_PHASH,Hamming=10,10,Aphids_Disease,Dry_Leaf,1ddd9db7ddf9eb673901016116885b0ef710c1af5919682f1aa6331f49b93a85,bf51d86e769f79565126a609d7663982a5939e707036279be63053b07f71726b
aphids_disease_(174).jpg,Dry Leaf00143.JPG,Dataset_01_jtttfbx342,Dataset_02_g46dvrcvwn,NEAR_DUPLICATE_PHASH,Hamming=9,9,Aphids_Disease,Dry_Leaf,1731264d84a00c323bb80ad71763f9753339fb71fef11b5f424a186e4d40725a,264aaf55af985e2d563adbfe4338e6d7666deb78327e547e536cc5a3f2933d56
aphids_disease_(174).jpg,Rhizome Disease Root00114.JPG,Dataset_01_jtttfbx342,Dataset_02_g46dvrcvwn,NEAR_DUPLICATE_PHASH,Hamming=8,8,Aphids_Disease,Rhizome_Disease_Roots,1731264d84a00c323bb80ad71763f9753339fb71fef11b5f424a186e4d40725a,3a652734257559efc017044a527d4be6683a935a05e18c03b9115f80560df8be
aphids_disease_(174).jpg,Rhizome Healthy Root00005.JPG,Dataset_01_jtttfbx342,Dataset_02_g46dvrcvwn,NEAR_DUPLICATE_PHASH,Hamming=10,10,Aphids_Disease,Rhizome_Healthy_Roots,1731264d84a00c323bb80ad71763f9753339fb71fef11b5f424a186e4d40725a,02920aea4176a0ea323a01f02ab035392b319a65c8f7716836b65d21ee084010
aphids_disease_(174).jpg,Rhizome Healthy Root00104.JPG,Dataset_01_jtttfbx342,Dataset_02_g46dvrcvwn,NEAR_DUPLICATE_PHASH,Hamming=10,10,Aphids_Disease,Rhizome_Healthy_Roots,1731264d84a00c323bb80ad71763f9753339fb71fef11b5f424a186e4d40725a,c6e84c358fef466d5d651d6badc72f487938a8971667c64a8b9cd6ba4e2a15f6
aphids_disease_(174).jpg,Rhizome Healthy Root00232.JPG,Dataset_01_jtttfbx342,Dataset_02_g46dvrcvwn,NEAR_DUPLICATE_PHASH,Hamming=10,10,Aphids_Disease,Rhizome_Healthy_Roots,1731264d84a00c323bb80ad71763f9753339fb71fef11b5f424a186e4d40725a,bc937e060206b7ac479f3eee51788f6e75bc98567118a529ef1b20784b1f366c
aphids_disease_(177).jpg,Dry Leaf00082.JPG,Dataset_01_jtttfbx342,Dataset_02_g46dvrcvwn,NEAR_DUPLICATE_PHASH,Hamming=10,10,Aphids_Disease,Dry_Leaf,39aef4298b62b2a6d1ae7ba32bd1f284afab49c82a0bfde0eb831a9c719b0931,0fef36b29f2c7149a46f1781d1a4edbd110d22d5b39a80b27eba7248551a7943
aphids_disease_(179).jpg,Dry Leaf00082.JPG,Dataset_01_jtttfbx342,Dataset_02_g46dvrcvwn,NEAR_DUPLICATE_PHASH,Hamming=10,10,Aphids_Disease,Dry_Leaf,b2e594ef2f0d22e74bf535c56f6c779f653cf3bd4411d5a5606414c2b823d4cb,0fef36b29f2c7149a46f1781d1a4edbd110d22d5b39a80b27eba7248551a7943
aphids_disease_(179).jpg,Dry Leaf00143.JPG,Dataset_01_jtttfbx342,Dataset_02_g46dvrcvwn,NEAR_DUPLICATE_PHASH,Hamming=10,10,Aphids_Disease,Dry_Leaf,b2e594ef2f0d22e74bf535c56f6c779f653cf3bd4411d5a5606414c2b823d4cb,264aaf55af985e2d563adbfe4338e6d7666deb78327e547e536cc5a3f2933d56
aphids_disease_(179).jpg,Rhizome Disease Root00004.JPG,Dataset_01_jtttfbx342,Dataset_02_g46dvrcvwn,NEAR_DUPLICATE_PHASH,Hamming=9,9,Aphids_Disease,Rhizome_Disease_Roots,b2e594ef2f0d22e74bf535c56f6c779f653cf3bd4411d5a5606414c2b823d4cb,6f6e64319c0d1bab197b171a1f9a7efdec00a918a246926057b9e33d25fb5eee
aphids_disease_(18).jpg,Dry Leaf00049.JPG,Dataset_01_jtttfbx342,Dataset_02_g46dvrcvwn,NEAR_DUPLICATE_PHASH,Hamming=8,8,Aphids_Disease,Dry_Leaf,2f9084848e533c49923b6ab2174a4e08f97776d130afed1892602512e3735fcd,319d981af9df48246c86314c43f6489c9b8020dccdf45288eeeeef33f9cce8ad
aphids_disease_(180).jpg,Dry Leaf00106.JPG,Dataset_01_jtttfbx342,Dataset_02_g46dvrcvwn,NEAR_DUPLICATE_PHASH,Hamming=9,9,Aphids_Disease,Dry_Leaf,34703e7198936eb43d8f1ab9475e70fb10c14a258415e8ec8c5eecbeb75ba7af,bf51d86e769f79565126a609d7663982a5939e707036279be63053b07f71726b
aphids_disease_(180).jpg,Dry Leaf00143.JPG,Dataset_01_jtttfbx342,Dataset_02_g46dvrcvwn,NEAR_DUPLICATE_PHASH,Hamming=10,10,Aphids_Disease,Dry_Leaf,34703e7198936eb43d8f1ab9475e70fb10c14a258415e8ec8c5eecbeb75ba7af,264aaf55af985e2d563adbfe4338e6d7666deb78327e547e536cc5a3f2933d56
aphids_disease_(183).jpg,Rhizome Disease Root00008.JPG,Dataset_01_jtttfbx342,Dataset_02_g46dvrcvwn,NEAR_DUPLICATE_PHASH,Hamming=9,9,Aphids_Disease,Rhizome_Disease_Roots,6288b8c6ad2210890cf0f1642aaf0ed21bfaf3ae276c8d1373b4fee1cc9321fc,a6e77cfbf64275527984914e7fdd09c4ab1d62431b8b1b2624fef313809d1a73
aphids_disease_(184).jpg,Dry Leaf00143.JPG,Dataset_01_jtttfbx342,Dataset_02_g46dvrcvwn,NEAR_DUPLICATE_PHASH,Hamming=9,9,Aphids_Disease,Dry_Leaf,26dd0b48f8fea9b2e13d8837d4ae7e17f709cda7a835c93ab2ae5832a4132bf2,264aaf55af985e2d563adbfe4338e6d7666deb78327e547e536cc5a3f2933d56
aphids_disease_(184).jpg,Rhizome Disease Root00006.JPG,Dataset_01_jtttfbx342,Dataset_02_g46dvrcvwn,NEAR_DUPLICATE_PHASH,Hamming=10,10,Aphids_Disease,Rhizome_Disease_Roots,26dd0b48f8fea9b2e13d8837d4ae7e17f709cda7a835c93ab2ae5832a4132bf2,0129ff8b8b8fe7a63d60a3fe2ccc28b91d0f1a360b7870aa34a02097bdb446b3
aphids_disease_(184).jpg,Rhizome Disease Root00011.JPG,Dataset_01_jtttfbx342,Dataset_02_g46dvrcvwn,NEAR_DUPLICATE_PHASH,Hamming=10,10,Aphids_Disease,Rhizome_Disease_Roots,26dd0b48f8fea9b2e13d8837d4ae7e17f709cda7a835c93ab2ae5832a4132bf2,9e5b456e10edce65aab601b2f8131f40d6819965e444da5f3f857d82317bfae2
aphids_disease_(188).jpg,Healthy Leaf00077.JPG,Dataset_01_jtttfbx342,Dataset_02_g46dvrcvwn,NEAR_DUPLICATE_PHASH,Hamming=9,9,Aphids_Disease,Healthy_Leaf,a3bb2781061f6469f227524094f341d22cb93442577062ba7d1f0735be63310e,2db8de0f451d385de55863bc523973b351986e3a76d39264a828f7f8e06ebea9
aphids_disease_(188).jpg,Leaf Blotch00022.JPG,Dataset_01_jtttfbx342,Dataset_02_g46dvrcvwn,NEAR_DUPLICATE_PHASH,Hamming=10,10,Aphids_Disease,Leaf_Blotch,a3bb2781061f6469f227524094f341d22cb93442577062ba7d1f0735be63310e,001bd1dd361041b1a13a02dc619cc01c0aa9ba15917e0c48935d9a822f918b39
aphids_disease_(188).jpg,Rhizome Disease Root00143.JPG,Dataset_01_jtttfbx342,Dataset_02_g46dvrcvwn,NEAR_DUPLICATE_PHASH,Hamming=10,10,Aphids_Disease,Rhizome_Disease_Roots,a3bb2781061f6469f227524094f341d22cb93442577062ba7d1f0735be63310e,058c23e1ad971dd3bf8dc29c856209fdcbde9dd3ff2d52e9996d15f5fbd759c4
aphids_disease_(188).jpg,Rhizome Disease Root00159.JPG,Dataset_01_jtttfbx342,Dataset_02_g46dvrcvwn,NEAR_DUPLICATE_PHASH,Hamming=10,10,Aphids_Disease,Rhizome_Disease_Roots,a3bb2781061f6469f227524094f341d22cb93442577062ba7d1f0735be63310e,d33e15bf13fc4cca41fae1c2150be0908d04aed99552f5d4791a4eadda0f8cdc
aphids_disease_(192).jpg,Dry Leaf00082.JPG,Dataset_01_jtttfbx342,Dataset_02_g46dvrcvwn,NEAR_DUPLICATE_PHASH,Hamming=8,8,Aphids_Disease,Dry_Leaf,b33d82158a4dd5ac7cb1cac4bcda91e3d0fc4f1def2cfd2807989269b760a3a6,0fef36b29f2c7149a46f1781d1a4edbd110d22d5b39a80b27eba7248551a7943
aphids_disease_(192).jpg,Dry Leaf00122.JPG,Dataset_01_jtttfbx342,Dataset_02_g46dvrcvwn,NEAR_DUPLICATE_PHASH,Hamming=10,10,Aphids_Disease,Dry_Leaf,b33d82158a4dd5ac7cb1cac4bcda91e3d0fc4f1def2cfd2807989269b760a3a6,f4c98e627b86f34d545dfa70f914b5a3482f9dac29e37e4277a46b7a042753b4
aphids_disease_(192).jpg,Dry Leaf00138.JPG,Dataset_01_jtttfbx342,Dataset_02_g46dvrcvwn,NEAR_DUPLICATE_PHASH,Hamming=10,10,Aphids_Disease,Dry_Leaf,b33d82158a4dd5ac7cb1cac4bcda91e3d0fc4f1def2cfd2807989269b760a3a6,48a137a521fcf8c5bf0f80670022143942508551f0f3047e9f590ff294fc2316
aphids_disease_(192).jpg,Dry Leaf00143.JPG,Dataset_01_jtttfbx342,Dataset_02_g46dvrcvwn,NEAR_DUPLICATE_PHASH,Hamming=8,8,Aphids_Disease,Dry_Leaf,b33d82158a4dd5ac7cb1cac4bcda91e3d0fc4f1def2cfd2807989269b760a3a6,264aaf55af985e2d563adbfe4338e6d7666deb78327e547e536cc5a3f2933d56
aphids_disease_(193).jpg,Dry Leaf00021.JPG,Dataset_01_jtttfbx342,Dataset_02_g46dvrcvwn,NEAR_DUPLICATE_PHASH,Hamming=9,9,Aphids_Disease,Dry_Leaf,fbd061e8b79ce3c49a0b641242456f0adfcf3c55a7ef7c87ebc2fb32c05e56e2,80b07af320ce31e8a146fc8c36d40920359a994dbb7ce32c5c787d0e269bb363
aphids_disease_(193).jpg,Dry Leaf00189.JPG,Dataset_01_jtttfbx342,Dataset_02_g46dvrcvwn,NEAR_DUPLICATE_PHASH,Hamming=10,10,Aphids_Disease,Dry_Leaf,fbd061e8b79ce3c49a0b641242456f0adfcf3c55a7ef7c87ebc2fb32c05e56e2,e9931494175e3e5645f934f7f99fdc81a783ad520fb0078cef333cb05cb65fce
aphids_disease_(193).jpg,Rhizome Disease Root00114.JPG,Dataset_01_jtttfbx342,Dataset_02_g46dvrcvwn,NEAR_DUPLICATE_PHASH,Hamming=8,8,Aphids_Disease,Rhizome_Disease_Roots,fbd061e8b79ce3c49a0b641242456f0adfcf3c55a7ef7c87ebc2fb32c05e56e2,3a652734257559efc017044a527d4be6683a935a05e18c03b9115f80560df8be
aphids_disease_(193).jpg,Rhizome Disease Root00119.JPG,Dataset_01_jtttfbx342,Dataset_02_g46dvrcvwn,NEAR_DUPLICATE_PHASH,Hamming=10,10,Aphids_Disease,Rhizome_Disease_Roots,fbd061e8b79ce3c49a0b641242456f0adfcf3c55a7ef7c87ebc2fb32c05e56e2,3860ca121dc7be8a9b92246d9524d17e1638a64bf917d306d2677a941a170454
aphids_disease_(193).jpg,Rhizome Disease Root00176.JPG,Dataset_01_jtttfbx342,Dataset_02_g46dvrcvwn,NEAR_DUPLICATE_PHASH,Hamming=10,10,Aphids_Disease,Rhizome_Disease_Roots,fbd061e8b79ce3c49a0b641242456f0adfcf3c55a7ef7c87ebc2fb32c05e56e2,4f668ea4799377a46be43218163c55f7774abdc0b33fc941041410a16945444d
aphids_disease_(193).jpg,Rhizome Healthy Root00102.JPG,Dataset_01_jtttfbx342,Dataset_02_g46dvrcvwn,NEAR_DUPLICATE_PHASH,Hamming=9,9,Aphids_Disease,Rhizome_Healthy_Roots,fbd061e8b79ce3c49a0b641242456f0adfcf3c55a7ef7c87ebc2fb32c05e56e2,42ed63fbc1a84d627ef27ec356342cf7d62182b1cfb585f9cbc082ed88702993
aphids_disease_(193).jpg,Rhizome Healthy Root00103.JPG,Dataset_01_jtttfbx342,Dataset_02_g46dvrcvwn,NEAR_DUPLICATE_PHASH,Hamming=9,9,Aphids_Disease,Rhizome_Healthy_Roots,fbd061e8b79ce3c49a0b641242456f0adfcf3c55a7ef7c87ebc2fb32c05e56e2,1a182a290d5ec92d08bc0bb7826ce7992966ad9ac025b6731f8d48f1b0071cec
aphids_disease_(193).jpg,Rhizome Healthy Root00104.JPG,Dataset_01_jtttfbx342,Dataset_02_g46dvrcvwn,NEAR_DUPLICATE_PHASH,Hamming=8,8,Aphids_Disease,Rhizome_Healthy_Roots,fbd061e8b79ce3c49a0b641242456f0adfcf3c55a7ef7c87ebc2fb32c05e56e2,c6e84c358fef466d5d651d6badc72f487938a8971667c64a8b9cd6ba4e2a15f6
aphids_disease_(194).jpg,Dry Leaf00082.JPG,Dataset_01_jtttfbx342,Dataset_02_g46dvrcvwn,NEAR_DUPLICATE_PHASH,Hamming=10,10,Aphids_Disease,Dry_Leaf,d1862425b89d39e65037287dfb98ce95410206748eefcfd38d00d97805caad72,0fef36b29f2c7149a46f1781d1a4edbd110d22d5b39a80b27eba7248551a7943
aphids_disease_(194).jpg,Dry Leaf00143.JPG,Dataset_01_jtttfbx342,Dataset_02_g46dvrcvwn,NEAR_DUPLICATE_PHASH,Hamming=8,8,Aphids_Disease,Dry_Leaf,d1862425b89d39e65037287dfb98ce95410206748eefcfd38d00d97805caad72,264aaf55af985e2d563adbfe4338e6d7666deb78327e547e536cc5a3f2933d56
aphids_disease_(194).jpg,Leaf Blotch00004.JPG,Dataset_01_jtttfbx342,Dataset_02_g46dvrcvwn,NEAR_DUPLICATE_PHASH,Hamming=10,10,Aphids_Disease,Leaf_Blotch,d1862425b89d39e65037287dfb98ce95410206748eefcfd38d00d97805caad72,a96b36433507af73e39df1d2ad9989e773b79c0d27ae1ebfbf5ecc18de823a07
aphids_disease_(194).jpg,Rhizome Disease Root00004.JPG,Dataset_01_jtttfbx342,Dataset_02_g46dvrcvwn,NEAR_DUPLICATE_PHASH,Hamming=9,9,Aphids_Disease,Rhizome_Disease_Roots,d1862425b89d39e65037287dfb98ce95410206748eefcfd38d00d97805caad72,6f6e64319c0d1bab197b171a1f9a7efdec00a918a246926057b9e33d25fb5eee
aphids_disease_(194).jpg,Rhizome Disease Root00107.JPG,Dataset_01_jtttfbx342,Dataset_02_g46dvrcvwn,NEAR_DUPLICATE_PHASH,Hamming=10,10,Aphids_Disease,Rhizome_Disease_Roots,d1862425b89d39e65037287dfb98ce95410206748eefcfd38d00d97805caad72,20764c6b0d747374c65cb38dc7b917de2cb9f7b1a2646232c20a1cb9569d8bed
aphids_disease_(194).jpg,Rhizome Disease Root00114.JPG,Dataset_01_jtttfbx342,Dataset_02_g46dvrcvwn,NEAR_DUPLICATE_PHASH,Hamming=9,9,Aphids_Disease,Rhizome_Disease_Roots,d1862425b89d39e65037287dfb98ce95410206748eefcfd38d00d97805caad72,3a652734257559efc017044a527d4be6683a935a05e18c03b9115f80560df8be
aphids_disease_(194).jpg,Rhizome Healthy Root00005.JPG,Dataset_01_jtttfbx342,Dataset_02_g46dvrcvwn,NEAR_DUPLICATE_PHASH,Hamming=9,9,Aphids_Disease,Rhizome_Healthy_Roots,d1862425b89d39e65037287dfb98ce95410206748eefcfd38d00d97805caad72,02920aea4176a0ea323a01f02ab035392b319a65c8f7716836b65d21ee084010
aphids_disease_(196).jpg,Dry Leaf00082.JPG,Dataset_01_jtttfbx342,Dataset_02_g46dvrcvwn,NEAR_DUPLICATE_PHASH,Hamming=7,7,Aphids_Disease,Dry_Leaf,dfc664c922ff928cbb07afe0417a083fc74a96cbad6298b20d15c86fc4467dec,0fef36b29f2c7149a46f1781d1a4edbd110d22d5b39a80b27eba7248551a7943
aphids_disease_(196).jpg,Dry Leaf00122.JPG,Dataset_01_jtttfbx342,Dataset_02_g46dvrcvwn,NEAR_DUPLICATE_PHASH,Hamming=9,9,Aphids_Disease,Dry_Leaf,dfc664c922ff928cbb07afe0417a083fc74a96cbad6298b20d15c86fc4467dec,f4c98e627b86f34d545dfa70f914b5a3482f9dac29e37e4277a46b7a042753b4
aphids_disease_(196).jpg,Dry Leaf00143.JPG,Dataset_01_jtttfbx342,Dataset_02_g46dvrcvwn,NEAR_DUPLICATE_PHASH,Hamming=7,7,Aphids_Disease,Dry_Leaf,dfc664c922ff928cbb07afe0417a083fc74a96cbad6298b20d15c86fc4467dec,264aaf55af985e2d563adbfe4338e6d7666deb78327e547e536cc5a3f2933d56
aphids_disease_(196).jpg,Dry Leaf00189.JPG,Dataset_01_jtttfbx342,Dataset_02_g46dvrcvwn,NEAR_DUPLICATE_PHASH,Hamming=10,10,Aphids_Disease,Dry_Leaf,dfc664c922ff928cbb07afe0417a083fc74a96cbad6298b20d15c86fc4467dec,e9931494175e3e5645f934f7f99fdc81a783ad520fb0078cef333cb05cb65fce
aphids_disease_(196).jpg,Rhizome Disease Root00114.JPG,Dataset_01_jtttfbx342,Dataset_02_g46dvrcvwn,NEAR_DUPLICATE_PHASH,Hamming=8,8,Aphids_Disease,Rhizome_Disease_Roots,dfc664c922ff928cbb07afe0417a083fc74a96cbad6298b20d15c86fc4467dec,3a652734257559efc017044a527d4be6683a935a05e18c03b9115f80560df8be
aphids_disease_(196).jpg,Rhizome Disease Root00164.JPG,Dataset_01_jtttfbx342,Dataset_02_g46dvrcvwn,NEAR_DUPLICATE_PHASH,Hamming=10,10,Aphids_Disease,Rhizome_Disease_Roots,dfc664c922ff928cbb07afe0417a083fc74a96cbad6298b20d15c86fc4467dec,65962d2e118b7a64ad16fbb33a3a8fae6b89add5dba28d09e941f68cfb6cda0b
aphids_disease_(196).jpg,Rhizome Healthy Root00005.JPG,Dataset_01_jtttfbx342,Dataset_02_g46dvrcvwn,NEAR_DUPLICATE_PHASH,Hamming=10,10,Aphids_Disease,Rhizome_Healthy_Roots,dfc664c922ff928cbb07afe0417a083fc74a96cbad6298b20d15c86fc4467dec,02920aea4176a0ea323a01f02ab035392b319a65c8f7716836b65d21ee084010
aphids_disease_(196).jpg,Rhizome Healthy Root00024.JPG,Dataset_01_jtttfbx342,Dataset_02_g46dvrcvwn,NEAR_DUPLICATE_PHASH,Hamming=10,10,Aphids_Disease,Rhizome_Healthy_Roots,dfc664c922ff928cbb07afe0417a083fc74a96cbad6298b20d15c86fc4467dec,aee3163751aae1c2194e061cc5be15c4ec5e2688c78c5e434db62615e22b0429
aphids_disease_(196).jpg,Rhizome Healthy Root00027.JPG,Dataset_01_jtttfbx342,Dataset_02_g46dvrcvwn,NEAR_DUPLICATE_PHASH,Hamming=10,10,Aphids_Disease,Rhizome_Healthy_Roots,dfc664c922ff928cbb07afe0417a083fc74a96cbad6298b20d15c86fc4467dec,581455dd1795265737fcdb0c98151c8efd0e53c4bbdfed210adc16f86b63a000
aphids_disease_(196).jpg,Rhizome Healthy Root00029.JPG,Dataset_01_jtttfbx342,Dataset_02_g46dvrcvwn,NEAR_DUPLICATE_PHASH,Hamming=9,9,Aphids_Disease,Rhizome_Healthy_Roots,dfc664c922ff928cbb07afe0417a083fc74a96cbad6298b20d15c86fc4467dec,3835df92135db2ba80f4dc67dd51d4ab10db2fd18fa835a53280dd4318d1c91a
aphids_disease_(196).jpg,Rhizome Healthy Root00030.JPG,Dataset_01_jtttfbx342,Dataset_02_g46dvrcvwn,NEAR_DUPLICATE_PHASH,Hamming=9,9,Aphids_Disease,Rhizome_Healthy_Roots,dfc664c922ff928cbb07afe0417a083fc74a96cbad6298b20d15c86fc4467dec,5ce7923d7a7e7b4bd048f205c90e9a9a8d400d2fd8cf48fec15ac85b74cc3468
aphids_disease_(196).jpg,Rhizome Healthy Root00031.JPG,Dataset_01_jtttfbx342,Dataset_02_g46dvrcvwn,NEAR_DUPLICATE_PHASH,Hamming=9,9,Aphids_Disease,Rhizome_Healthy_Roots,dfc664c922ff928cbb07afe0417a083fc74a96cbad6298b20d15c86fc4467dec,be1d95036007d6dc54776a298c8ed737b1c2ae0a0b8d9720d368b6fd64dfef46
aphids_disease_(196).jpg,Rhizome Healthy Root00104.JPG,Dataset_01_jtttfbx342,Dataset_02_g46dvrcvwn,NEAR_DUPLICATE_PHASH,Hamming=10,10,Aphids_Disease,Rhizome_Healthy_Roots,dfc664c922ff928cbb07afe0417a083fc74a96cbad6298b20d15c86fc4467dec,c6e84c358fef466d5d651d6badc72f487938a8971667c64a8b9cd6ba4e2a15f6
aphids_disease_(197).jpg,Dry Leaf00106.JPG,Dataset_01_jtttfbx342,Dataset_02_g46dvrcvwn,NEAR_DUPLICATE_PHASH,Hamming=8,8,Aphids_Disease,Dry_Leaf,20c57bf22b47f603be55d5e4c04a470ec9f1bd00d68dec9665445d2c314d0061,bf51d86e769f79565126a609d7663982a5939e707036279be63053b07f71726b
aphids_disease_(199).jpg,Rhizome Disease Root00004.JPG,Dataset_01_jtttfbx342,Dataset_02_g46dvrcvwn,NEAR_DUPLICATE_PHASH,Hamming=9,9,Aphids_Disease,Rhizome_Disease_Roots,3b9ff4e74c0230a78fb1047c2970957c63b310e8948af873b13840a0eb41b981,6f6e64319c0d1bab197b171a1f9a7efdec00a918a246926057b9e33d25fb5eee
aphids_disease_(199).jpg,Rhizome Disease Root00114.JPG,Dataset_01_jtttfbx342,Dataset_02_g46dvrcvwn,NEAR_DUPLICATE_PHASH,Hamming=9,9,Aphids_Disease,Rhizome_Disease_Roots,3b9ff4e74c0230a78fb1047c2970957c63b310e8948af873b13840a0eb41b981,3a652734257559efc017044a527d4be6683a935a05e18c03b9115f80560df8be
aphids_disease_(199).jpg,Rhizome Healthy Root00197.JPG,Dataset_01_jtttfbx342,Dataset_02_g46dvrcvwn,NEAR_DUPLICATE_PHASH,Hamming=10,10,Aphids_Disease,Rhizome_Healthy_Roots,3b9ff4e74c0230a78fb1047c2970957c63b310e8948af873b13840a0eb41b981,a80da83064e1b58fe8d6e41c454b32d0a111e01d0d2fbe1b50a6d5303b8cf8cb
aphids_disease_(199).jpg,Rhizome Healthy Root00198.JPG,Dataset_01_jtttfbx342,Dataset_02_g46dvrcvwn,NEAR_DUPLICATE_PHASH,Hamming=9,9,Aphids_Disease,Rhizome_Healthy_Roots,3b9ff4e74c0230a78fb1047c2970957c63b310e8948af873b13840a0eb41b981,dcd362ff05f693cd0d5729594d6880236cf0b71b68820e3fd5f3d65483ccde1a
aphids_disease_(199).jpg,Rhizome Healthy Root00302.JPG,Dataset_01_jtttfbx342,Dataset_02_g46dvrcvwn,NEAR_DUPLICATE_PHASH,Hamming=10,10,Aphids_Disease,Rhizome_Healthy_Roots,3b9ff4e74c0230a78fb1047c2970957c63b310e8948af873b13840a0eb41b981,1b056c0bec593d0fb2c3b1ab4b9d24f80ed054d4ea4c181663cd9794f0288604
aphids_disease_(202).jpg,Dry Leaf00143.JPG,Dataset_01_jtttfbx342,Dataset_02_g46dvrcvwn,NEAR_DUPLICATE_PHASH,Hamming=9,9,Aphids_Disease,Dry_Leaf,b000fe3f905cd72eed6b7eb96c37d0a2dc5fe8cf5e96fed3ae23bfc164ca432a,264aaf55af985e2d563adbfe4338e6d7666deb78327e547e536cc5a3f2933d56
aphids_disease_(204).jpg,Dry Leaf00021.JPG,Dataset_01_jtttfbx342,Dataset_02_g46dvrcvwn,NEAR_DUPLICATE_PHASH,Hamming=9,9,Aphids_Disease,Dry_Leaf,17142b4f6fd5e806d2ef44caaa5a026f03c0750b33c210d13e4d02fc8c70caaa,80b07af320ce31e8a146fc8c36d40920359a994dbb7ce32c5c787d0e269bb363
aphids_disease_(204).jpg,Dry Leaf00189.JPG,Dataset_01_jtttfbx342,Dataset_02_g46dvrcvwn,NEAR_DUPLICATE_PHASH,Hamming=10,10,Aphids_Disease,Dry_Leaf,17142b4f6fd5e806d2ef44caaa5a026f03c0750b33c210d13e4d02fc8c70caaa,e9931494175e3e5645f934f7f99fdc81a783ad520fb0078cef333cb05cb65fce
aphids_disease_(204).jpg,Leaf Blotch00005.JPG,Dataset_01_jtttfbx342,Dataset_02_g46dvrcvwn,NEAR_DUPLICATE_PHASH,Hamming=10,10,Aphids_Disease,Leaf_Blotch,17142b4f6fd5e806d2ef44caaa5a026f03c0750b33c210d13e4d02fc8c70caaa,b5226d7c1649a14108ea4d4cb07f7891e66ce892f3f25536e7c1e20665c8d718
aphids_disease_(204).jpg,Rhizome Disease Root00004.JPG,Dataset_01_jtttfbx342,Dataset_02_g46dvrcvwn,NEAR_DUPLICATE_PHASH,Hamming=10,10,Aphids_Disease,Rhizome_Disease_Roots,17142b4f6fd5e806d2ef44caaa5a026f03c0750b33c210d13e4d02fc8c70caaa,6f6e64319c0d1bab197b171a1f9a7efdec00a918a246926057b9e33d25fb5eee
aphids_disease_(204).jpg,Rhizome Disease Root00031.JPG,Dataset_01_jtttfbx342,Dataset_02_g46dvrcvwn,NEAR_DUPLICATE_PHASH,Hamming=10,10,Aphids_Disease,Rhizome_Disease_Roots,17142b4f6fd5e806d2ef44caaa5a026f03c0750b33c210d13e4d02fc8c70caaa,dedf2d9306dfb93c43063f67c4400508fe0bb5a6138b865bc0149e9e0602865b
aphids_disease_(204).jpg,Rhizome Disease Root00108.JPG,Dataset_01_jtttfbx342,Dataset_02_g46dvrcvwn,NEAR_DUPLICATE_PHASH,Hamming=10,10,Aphids_Disease,Rhizome_Disease_Roots,17142b4f6fd5e806d2ef44caaa5a026f03c0750b33c210d13e4d02fc8c70caaa,fa6b8eb8029c35c84b3dd6988ff45733a0cbc5ba5532d4c88d1db7643118aa4a
aphids_disease_(204).jpg,Rhizome Disease Root00109.JPG,Dataset_01_jtttfbx342,Dataset_02_g46dvrcvwn,NEAR_DUPLICATE_PHASH,Hamming=10,10,Aphids_Disease,Rhizome_Disease_Roots,17142b4f6fd5e806d2ef44caaa5a026f03c0750b33c210d13e4d02fc8c70caaa,f0c627b63b768afb39ae808c03bc62bcc065f94fbbbfb48b32fec6d423d28a8d
aphids_disease_(204).jpg,Rhizome Disease Root00114.JPG,Dataset_01_jtttfbx342,Dataset_02_g46dvrcvwn,NEAR_DUPLICATE_PHASH,Hamming=6,6,Aphids_Disease,Rhizome_Disease_Roots,17142b4f6fd5e806d2ef44caaa5a026f03c0750b33c210d13e4d02fc8c70caaa,3a652734257559efc017044a527d4be6683a935a05e18c03b9115f80560df8be
aphids_disease_(204).jpg,Rhizome Disease Root00119.JPG,Dataset_01_jtttfbx342,Dataset_02_g46dvrcvwn,NEAR_DUPLICATE_PHASH,Hamming=10,10,Aphids_Disease,Rhizome_Disease_Roots,17142b4f6fd5e806d2ef44caaa5a026f03c0750b33c210d13e4d02fc8c70caaa,3860ca121dc7be8a9b92246d9524d17e1638a64bf917d306d2677a941a170454
aphids_disease_(204).jpg,Rhizome Disease Root00174.JPG,Dataset_01_jtttfbx342,Dataset_02_g46dvrcvwn,NEAR_DUPLICATE_PHASH,Hamming=10,10,Aphids_Disease,Rhizome_Disease_Roots,17142b4f6fd5e806d2ef44caaa5a026f03c0750b33c210d13e4d02fc8c70caaa,ecfb7eb332f9325f118c4febd130514cf65ed231d12141528bdc38f53c4e84e0
aphids_disease_(204).jpg,Rhizome Disease Root00176.JPG,Dataset_01_jtttfbx342,Dataset_02_g46dvrcvwn,NEAR_DUPLICATE_PHASH,Hamming=8,8,Aphids_Disease,Rhizome_Disease_Roots,17142b4f6fd5e806d2ef44caaa5a026f03c0750b33c210d13e4d02fc8c70caaa,4f668ea4799377a46be43218163c55f7774abdc0b33fc941041410a16945444d
aphids_disease_(204).jpg,Rhizome Healthy Root00024.JPG,Dataset_01_jtttfbx342,Dataset_02_g46dvrcvwn,NEAR_DUPLICATE_PHASH,Hamming=10,10,Aphids_Disease,Rhizome_Healthy_Roots,17142b4f6fd5e806d2ef44caaa5a026f03c0750b33c210d13e4d02fc8c70caaa,aee3163751aae1c2194e061cc5be15c4ec5e2688c78c5e434db62615e22b0429
aphids_disease_(204).jpg,Rhizome Healthy Root00027.JPG,Dataset_01_jtttfbx342,Dataset_02_g46dvrcvwn,NEAR_DUPLICATE_PHASH,Hamming=10,10,Aphids_Disease,Rhizome_Healthy_Roots,17142b4f6fd5e806d2ef44caaa5a026f03c0750b33c210d13e4d02fc8c70caaa,581455dd1795265737fcdb0c98151c8efd0e53c4bbdfed210adc16f86b63a000
aphids_disease_(204).jpg,Rhizome Healthy Root00029.JPG,Dataset_01_jtttfbx342,Dataset_02_g46dvrcvwn,NEAR_DUPLICATE_PHASH,Hamming=9,9,Aphids_Disease,Rhizome_Healthy_Roots,17142b4f6fd5e806d2ef44caaa5a026f03c0750b33c210d13e4d02fc8c70caaa,3835df92135db2ba80f4dc67dd51d4ab10db2fd18fa835a53280dd4318d1c91a
aphids_disease_(204).jpg,Rhizome Healthy Root00030.JPG,Dataset_01_jtttfbx342,Dataset_02_g46dvrcvwn,NEAR_DUPLICATE_PHASH,Hamming=9,9,Aphids_Disease,Rhizome_Healthy_Roots,17142b4f6fd5e806d2ef44caaa5a026f03c0750b33c210d13e4d02fc8c70caaa,5ce7923d7a7e7b4bd048f205c90e9a9a8d400d2fd8cf48fec15ac85b74cc3468
aphids_disease_(204).jpg,Rhizome Healthy Root00031.JPG,Dataset_01_jtttfbx342,Dataset_02_g46dvrcvwn,NEAR_DUPLICATE_PHASH,Hamming=9,9,Aphids_Disease,Rhizome_Healthy_Roots,17142b4f6fd5e806d2ef44caaa5a026f03c0750b33c210d13e4d02fc8c70caaa,be1d95036007d6dc54776a298c8ed737b1c2ae0a0b8d9720d368b6fd64dfef46
aphids_disease_(204).jpg,Rhizome Healthy Root00102.JPG,Dataset_01_jtttfbx342,Dataset_02_g46dvrcvwn,NEAR_DUPLICATE_PHASH,Hamming=9,9,Aphids_Disease,Rhizome_Healthy_Roots,17142b4f6fd5e806d2ef44caaa5a026f03c0750b33c210d13e4d02fc8c70caaa,42ed63fbc1a84d627ef27ec356342cf7d62182b1cfb585f9cbc082ed88702993
aphids_disease_(204).jpg,Rhizome Healthy Root00103.JPG,Dataset_01_jtttfbx342,Dataset_02_g46dvrcvwn,NEAR_DUPLICATE_PHASH,Hamming=9,9,Aphids_Disease,Rhizome_Healthy_Roots,17142b4f6fd5e806d2ef44caaa5a026f03c0750b33c210d13e4d02fc8c70caaa,1a182a290d5ec92d08bc0bb7826ce7992966ad9ac025b6731f8d48f1b0071cec
aphids_disease_(204).jpg,Rhizome Healthy Root00104.JPG,Dataset_01_jtttfbx342,Dataset_02_g46dvrcvwn,NEAR_DUPLICATE_PHASH,Hamming=8,8,Aphids_Disease,Rhizome_Healthy_Roots,17142b4f6fd5e806d2ef44caaa5a026f03c0750b33c210d13e4d02fc8c70caaa,c6e84c358fef466d5d651d6badc72f487938a8971667c64a8b9cd6ba4e2a15f6
aphids_disease_(204).jpg,Rhizome Healthy Root00107.JPG,Dataset_01_jtttfbx342,Dataset_02_g46dvrcvwn,NEAR_DUPLICATE_PHASH,Hamming=10,10,Aphids_Disease,Rhizome_Healthy_Roots,17142b4f6fd5e806d2ef44caaa5a026f03c0750b33c210d13e4d02fc8c70caaa,017cc054582ac4cf8d0e919aa024caa2617a290a63fbfbdb4d191d3865b199b3
aphids_disease_(204).jpg,Rhizome Healthy Root00197.JPG,Dataset_01_jtttfbx342,Dataset_02_g46dvrcvwn,NEAR_DUPLICATE_PHASH,Hamming=9,9,Aphids_Disease,Rhizome_Healthy_Roots,17142b4f6fd5e806d2ef44caaa5a026f03c0750b33c210d13e4d02fc8c70caaa,a80da83064e1b58fe8d6e41c454b32d0a111e01d0d2fbe1b50a6d5303b8cf8cb
aphids_disease_(204).jpg,Rhizome Healthy Root00198.JPG,Dataset_01_jtttfbx342,Dataset_02_g46dvrcvwn,NEAR_DUPLICATE_PHASH,Hamming=10,10,Aphids_Disease,Rhizome_Healthy_Roots,17142b4f6fd5e806d2ef44caaa5a026f03c0750b33c210d13e4d02fc8c70caaa,dcd362ff05f693cd0d5729594d6880236cf0b71b68820e3fd5f3d65483ccde1a
aphids_disease_(204).jpg,Rhizome Healthy Root00232.JPG,Dataset_01_jtttfbx342,Dataset_02_g46dvrcvwn,NEAR_DUPLICATE_PHASH,Hamming=10,10,Aphids_Disease,Rhizome_Healthy_Roots,17142b4f6fd5e806d2ef44caaa5a026f03c0750b33c210d13e4d02fc8c70caaa,bc937e060206b7ac479f3eee51788f6e75bc98567118a529ef1b20784b1f366c
aphids_disease_(204).jpg,Rhizome Healthy Root00258.JPG,Dataset_01_jtttfbx342,Dataset_02_g46dvrcvwn,NEAR_DUPLICATE_PHASH,Hamming=10,10,Aphids_Disease,Rhizome_Healthy_Roots,17142b4f6fd5e806d2ef44caaa5a026f03c0750b33c210d13e4d02fc8c70caaa,741a6e06ca571fd5eea19c54fbb3ea01caa6353c419ec5110589eb77afea706b
aphids_disease_(204).jpg,Rhizome Healthy Root00298.JPG,Dataset_01_jtttfbx342,Dataset_02_g46dvrcvwn,NEAR_DUPLICATE_PHASH,Hamming=10,10,Aphids_Disease,Rhizome_Healthy_Roots,17142b4f6fd5e806d2ef44caaa5a026f03c0750b33c210d13e4d02fc8c70caaa,2783c1890cd370aeaac62205f04cd2f8e6dbd23c5f0a56b5e3406893bed3c47f
aphids_disease_(204).jpg,Rhizome Healthy Root00302.JPG,Dataset_01_jtttfbx342,Dataset_02_g46dvrcvwn,NEAR_DUPLICATE_PHASH,Hamming=9,9,Aphids_Disease,Rhizome_Healthy_Roots,17142b4f6fd5e806d2ef44caaa5a026f03c0750b33c210d13e4d02fc8c70caaa,1b056c0bec593d0fb2c3b1ab4b9d24f80ed054d4ea4c181663cd9794f0288604
aphids_disease_(204).jpg,Rhizome Healthy Root00303.JPG,Dataset_01_jtttfbx342,Dataset_02_g46dvrcvwn,NEAR_DUPLICATE_PHASH,Hamming=10,10,Aphids_Disease,Rhizome_Healthy_Roots,17142b4f6fd5e806d2ef44caaa5a026f03c0750b33c210d13e4d02fc8c70caaa,67b3e63120ef420e06cb311a4b97a1c1cb953fa026bae3e4e864d26264f1d837
aphids_disease_(206).jpg,Dry Leaf00049.JPG,Dataset_01_jtttfbx342,Dataset_02_g46dvrcvwn,NEAR_DUPLICATE_PHASH,Hamming=10,10,Aphids_Disease,Dry_Leaf,380edc2266ba81c32dbb4068bd095223f599530f7265f6d96afcb12c1894e729,319d981af9df48246c86314c43f6489c9b8020dccdf45288eeeeef33f9cce8ad
aphids_disease_(208).jpg,Dry Leaf00062.JPG,Dataset_01_jtttfbx342,Dataset_02_g46dvrcvwn,NEAR_DUPLICATE_PHASH,Hamming=10,10,Aphids_Disease,Dry_Leaf,811c9faae55143f2a91b5a786ff5f312d970748df9e91d6afbc70e4dfbc9f8ef,052e974a96c438f0786614db5fdafa54c9618cca910fefa47fba31bde5b435bb
aphids_disease_(208).jpg,Dry Leaf00183.JPG,Dataset_01_jtttfbx342,Dataset_02_g46dvrcvwn,NEAR_DUPLICATE_PHASH,Hamming=10,10,Aphids_Disease,Dry_Leaf,811c9faae55143f2a91b5a786ff5f312d970748df9e91d6afbc70e4dfbc9f8ef,6c977e13b65a6bd5c7bedbf38061458669ae4c4c1095f287f17fa0c76c892336
aphids_disease_(209).jpg,Dry Leaf00021.JPG,Dataset_01_jtttfbx342,Dataset_02_g46dvrcvwn,NEAR_DUPLICATE_PHASH,Hamming=10,10,Aphids_Disease,Dry_Leaf,6a0bb2e3f4b061008a850d96dbfcb38c1d3a77ff71818be2876fd470a432c6f9,80b07af320ce31e8a146fc8c36d40920359a994dbb7ce32c5c787d0e269bb363
aphids_disease_(209).jpg,Leaf Blotch00004.JPG,Dataset_01_jtttfbx342,Dataset_02_g46dvrcvwn,NEAR_DUPLICATE_PHASH,Hamming=10,10,Aphids_Disease,Leaf_Blotch,6a0bb2e3f4b061008a850d96dbfcb38c1d3a77ff71818be2876fd470a432c6f9,a96b36433507af73e39df1d2ad9989e773b79c0d27ae1ebfbf5ecc18de823a07
aphids_disease_(209).jpg,Leaf Blotch00005.JPG,Dataset_01_jtttfbx342,Dataset_02_g46dvrcvwn,NEAR_DUPLICATE_PHASH,Hamming=9,9,Aphids_Disease,Leaf_Blotch,6a0bb2e3f4b061008a850d96dbfcb38c1d3a77ff71818be2876fd470a432c6f9,b5226d7c1649a14108ea4d4cb07f7891e66ce892f3f25536e7c1e20665c8d718
aphids_disease_(209).jpg,Rhizome Disease Root00114.JPG,Dataset_01_jtttfbx342,Dataset_02_g46dvrcvwn,NEAR_DUPLICATE_PHASH,Hamming=9,9,Aphids_Disease,Rhizome_Disease_Roots,6a0bb2e3f4b061008a850d96dbfcb38c1d3a77ff71818be2876fd470a432c6f9,3a652734257559efc017044a527d4be6683a935a05e18c03b9115f80560df8be
aphids_disease_(209).jpg,Rhizome Healthy Root00232.JPG,Dataset_01_jtttfbx342,Dataset_02_g46dvrcvwn,NEAR_DUPLICATE_PHASH,Hamming=9,9,Aphids_Disease,Rhizome_Healthy_Roots,6a0bb2e3f4b061008a850d96dbfcb38c1d3a77ff71818be2876fd470a432c6f9,bc937e060206b7ac479f3eee51788f6e75bc98567118a529ef1b20784b1f366c
aphids_disease_(209).jpg,Rhizome Healthy Root00302.JPG,Dataset_01_jtttfbx342,Dataset_02_g46dvrcvwn,NEAR_DUPLICATE_PHASH,Hamming=10,10,Aphids_Disease,Rhizome_Healthy_Roots,6a0bb2e3f4b061008a850d96dbfcb38c1d3a77ff71818be2876fd470a432c6f9,1b056c0bec593d0fb2c3b1ab4b9d24f80ed054d4ea4c181663cd9794f0288604
aphids_disease_(21).jpg,Dry Leaf00082.JPG,Dataset_01_jtttfbx342,Dataset_02_g46dvrcvwn,NEAR_DUPLICATE_PHASH,Hamming=8,8,Aphids_Disease,Dry_Leaf,cca972e0a1a4becb1def24b12eac897005054ebc07c3db3e1c6d10af3d69fd7e,0fef36b29f2c7149a46f1781d1a4edbd110d22d5b39a80b27eba7248551a7943
aphids_disease_(21).jpg,Dry Leaf00103.JPG,Dataset_01_jtttfbx342,Dataset_02_g46dvrcvwn,NEAR_DUPLICATE_PHASH,Hamming=10,10,Aphids_Disease,Dry_Leaf,cca972e0a1a4becb1def24b12eac897005054ebc07c3db3e1c6d10af3d69fd7e,bbfb3df38cb3490b790738984ea414551d8babc594859e0349b9edea546188c8
aphids_disease_(21).jpg,Dry Leaf00143.JPG,Dataset_01_jtttfbx342,Dataset_02_g46dvrcvwn,NEAR_DUPLICATE_PHASH,Hamming=10,10,Aphids_Disease,Dry_Leaf,cca972e0a1a4becb1def24b12eac897005054ebc07c3db3e1c6d10af3d69fd7e,264aaf55af985e2d563adbfe4338e6d7666deb78327e547e536cc5a3f2933d56
aphids_disease_(21).jpg,Rhizome Healthy Root00029.JPG,Dataset_01_jtttfbx342,Dataset_02_g46dvrcvwn,NEAR_DUPLICATE_PHASH,Hamming=10,10,Aphids_Disease,Rhizome_Healthy_Roots,cca972e0a1a4becb1def24b12eac897005054ebc07c3db3e1c6d10af3d69fd7e,3835df92135db2ba80f4dc67dd51d4ab10db2fd18fa835a53280dd4318d1c91a
aphids_disease_(21).jpg,Rhizome Healthy Root00030.JPG,Dataset_01_jtttfbx342,Dataset_02_g46dvrcvwn,NEAR_DUPLICATE_PHASH,Hamming=10,10,Aphids_Disease,Rhizome_Healthy_Roots,cca972e0a1a4becb1def24b12eac897005054ebc07c3db3e1c6d10af3d69fd7e,5ce7923d7a7e7b4bd048f205c90e9a9a8d400d2fd8cf48fec15ac85b74cc3468
aphids_disease_(21).jpg,Rhizome Healthy Root00031.JPG,Dataset_01_jtttfbx342,Dataset_02_g46dvrcvwn,NEAR_DUPLICATE_PHASH,Hamming=10,10,Aphids_Disease,Rhizome_Healthy_Roots,cca972e0a1a4becb1def24b12eac897005054ebc07c3db3e1c6d10af3d69fd7e,be1d95036007d6dc54776a298c8ed737b1c2ae0a0b8d9720d368b6fd64dfef46
aphids_disease_(212).jpg,Dry Leaf00082.JPG,Dataset_01_jtttfbx342,Dataset_02_g46dvrcvwn,NEAR_DUPLICATE_PHASH,Hamming=10,10,Aphids_Disease,Dry_Leaf,d869d3c136bab3e5b25c989f2f4ff962ca3bb70d560cd88379411d9e506ae121,0fef36b29f2c7149a46f1781d1a4edbd110d22d5b39a80b27eba7248551a7943
aphids_disease_(212).jpg,Dry Leaf00143.JPG,Dataset_01_jtttfbx342,Dataset_02_g46dvrcvwn,NEAR_DUPLICATE_PHASH,Hamming=10,10,Aphids_Disease,Dry_Leaf,d869d3c136bab3e5b25c989f2f4ff962ca3bb70d560cd88379411d9e506ae121,264aaf55af985e2d563adbfe4338e6d7666deb78327e547e536cc5a3f2933d56
aphids_disease_(214).jpg,Dry Leaf00021.JPG,Dataset_01_jtttfbx342,Dataset_02_g46dvrcvwn,NEAR_DUPLICATE_PHASH,Hamming=9,9,Aphids_Disease,Dry_Leaf,e0b9e8a7e53c0575955ba655ca75c238aaa9b24d95be775ae08183614d7634b4,80b07af320ce31e8a146fc8c36d40920359a994dbb7ce32c5c787d0e269bb363
aphids_disease_(214).jpg,Dry Leaf00079.JPG,Dataset_01_jtttfbx342,Dataset_02_g46dvrcvwn,NEAR_DUPLICATE_PHASH,Hamming=10,10,Aphids_Disease,Dry_Leaf,e0b9e8a7e53c0575955ba655ca75c238aaa9b24d95be775ae08183614d7634b4,1f6e087d7212035df77783d7de4752f7700ec05b7df4e4a76f3f7282d7157451
aphids_disease_(214).jpg,Leaf Blotch00005.JPG,Dataset_01_jtttfbx342,Dataset_02_g46dvrcvwn,NEAR_DUPLICATE_PHASH,Hamming=10,10,Aphids_Disease,Leaf_Blotch,e0b9e8a7e53c0575955ba655ca75c238aaa9b24d95be775ae08183614d7634b4,b5226d7c1649a14108ea4d4cb07f7891e66ce892f3f25536e7c1e20665c8d718
aphids_disease_(214).jpg,Rhizome Disease Root00004.JPG,Dataset_01_jtttfbx342,Dataset_02_g46dvrcvwn,NEAR_DUPLICATE_PHASH,Hamming=10,10,Aphids_Disease,Rhizome_Disease_Roots,e0b9e8a7e53c0575955ba655ca75c238aaa9b24d95be775ae08183614d7634b4,6f6e64319c0d1bab197b171a1f9a7efdec00a918a246926057b9e33d25fb5eee
aphids_disease_(214).jpg,Rhizome Disease Root00114.JPG,Dataset_01_jtttfbx342,Dataset_02_g46dvrcvwn,NEAR_DUPLICATE_PHASH,Hamming=6,6,Aphids_Disease,Rhizome_Disease_Roots,e0b9e8a7e53c0575955ba655ca75c238aaa9b24d95be775ae08183614d7634b4,3a652734257559efc017044a527d4be6683a935a05e18c03b9115f80560df8be
aphids_disease_(214).jpg,Rhizome Disease Root00119.JPG,Dataset_01_jtttfbx342,Dataset_02_g46dvrcvwn,NEAR_DUPLICATE_PHASH,Hamming=10,10,Aphids_Disease,Rhizome_Disease_Roots,e0b9e8a7e53c0575955ba655ca75c238aaa9b24d95be775ae08183614d7634b4,3860ca121dc7be8a9b92246d9524d17e1638a64bf917d306d2677a941a170454
aphids_disease_(214).jpg,Rhizome Disease Root00176.JPG,Dataset_01_jtttfbx342,Dataset_02_g46dvrcvwn,NEAR_DUPLICATE_PHASH,Hamming=10,10,Aphids_Disease,Rhizome_Disease_Roots,e0b9e8a7e53c0575955ba655ca75c238aaa9b24d95be775ae08183614d7634b4,4f668ea4799377a46be43218163c55f7774abdc0b33fc941041410a16945444d
aphids_disease_(214).jpg,Rhizome Healthy Root00104.JPG,Dataset_01_jtttfbx342,Dataset_02_g46dvrcvwn,NEAR_DUPLICATE_PHASH,Hamming=10,10,Aphids_Disease,Rhizome_Healthy_Roots,e0b9e8a7e53c0575955ba655ca75c238aaa9b24d95be775ae08183614d7634b4,c6e84c358fef466d5d651d6badc72f487938a8971667c64a8b9cd6ba4e2a15f6
aphids_disease_(214).jpg,Rhizome Healthy Root00107.JPG,Dataset_01_jtttfbx342,Dataset_02_g46dvrcvwn,NEAR_DUPLICATE_PHASH,Hamming=10,10,Aphids_Disease,Rhizome_Healthy_Roots,e0b9e8a7e53c0575955ba655ca75c238aaa9b24d95be775ae08183614d7634b4,017cc054582ac4cf8d0e919aa024caa2617a290a63fbfbdb4d191d3865b199b3
aphids_disease_(214).jpg,Rhizome Healthy Root00232.JPG,Dataset_01_jtttfbx342,Dataset_02_g46dvrcvwn,NEAR_DUPLICATE_PHASH,Hamming=10,10,Aphids_Disease,Rhizome_Healthy_Roots,e0b9e8a7e53c0575955ba655ca75c238aaa9b24d95be775ae08183614d7634b4,bc937e060206b7ac479f3eee51788f6e75bc98567118a529ef1b20784b1f366c
aphids_disease_(214).jpg,Rhizome Healthy Root00302.JPG,Dataset_01_jtttfbx342,Dataset_02_g46dvrcvwn,NEAR_DUPLICATE_PHASH,Hamming=9,9,Aphids_Disease,Rhizome_Healthy_Roots,e0b9e8a7e53c0575955ba655ca75c238aaa9b24d95be775ae08183614d7634b4,1b056c0bec593d0fb2c3b1ab4b9d24f80ed054d4ea4c181663cd9794f0288604
aphids_disease_(214).jpg,Rhizome Healthy Root00303.JPG,Dataset_01_jtttfbx342,Dataset_02_g46dvrcvwn,NEAR_DUPLICATE_PHASH,Hamming=10,10,Aphids_Disease,Rhizome_Healthy_Roots,e0b9e8a7e53c0575955ba655ca75c238aaa9b24d95be775ae08183614d7634b4,67b3e63120ef420e06cb311a4b97a1c1cb953fa026bae3e4e864d26264f1d837
aphids_disease_(216).jpg,Rhizome Disease Root00008.JPG,Dataset_01_jtttfbx342,Dataset_02_g46dvrcvwn,NEAR_DUPLICATE_PHASH,Hamming=9,9,Aphids_Disease,Rhizome_Disease_Roots,e02ab087c86a9ca28b88f2e65d59c9c73fdffab185f0de57c9a0fd1a53215f69,a6e77cfbf64275527984914e7fdd09c4ab1d62431b8b1b2624fef313809d1a73
aphids_disease_(217).jpg,Dry Leaf00106.JPG,Dataset_01_jtttfbx342,Dataset_02_g46dvrcvwn,NEAR_DUPLICATE_PHASH,Hamming=10,10,Aphids_Disease,Dry_Leaf,6b11a63cc4e3ae8e0a36f9c2a5cfd92b7d6c40028c96c4dc6e584b3cdd702095,bf51d86e769f79565126a609d7663982a5939e707036279be63053b07f71726b
aphids_disease_(22).jpg,Rhizome Disease Root00099.JPG,Dataset_01_jtttfbx342,Dataset_02_g46dvrcvwn,NEAR_DUPLICATE_PHASH,Hamming=10,10,Aphids_Disease,Rhizome_Disease_Roots,8c4ad5a1683496b3f3e6dafe68c879e0e0d5ce674ddc38b41918b6fe78054b1c,249a663a7a3671bd5b9c1e11c712d863ceaa4f34f568e3b72c5b8c693dbd368c
aphids_disease_(221).jpg,Rhizome Disease Root00008.JPG,Dataset_01_jtttfbx342,Dataset_02_g46dvrcvwn,NEAR_DUPLICATE_PHASH,Hamming=9,9,Aphids_Disease,Rhizome_Disease_Roots,0264e224707297d23f1beb482c1e9ea4473e674bdac92b96034fe4bdb67e35d6,a6e77cfbf64275527984914e7fdd09c4ab1d62431b8b1b2624fef313809d1a73
aphids_disease_(26).jpg,Dry Leaf00138.JPG,Dataset_01_jtttfbx342,Dataset_02_g46dvrcvwn,NEAR_DUPLICATE_PHASH,Hamming=7,7,Aphids_Disease,Dry_Leaf,6fb8277dc9714e13b325c846a988aee248ee20189099b500e5923b0c690185ab,48a137a521fcf8c5bf0f80670022143942508551f0f3047e9f590ff294fc2316
aphids_disease_(26).jpg,Dry Leaf00176.JPG,Dataset_01_jtttfbx342,Dataset_02_g46dvrcvwn,NEAR_DUPLICATE_PHASH,Hamming=10,10,Aphids_Disease,Dry_Leaf,6fb8277dc9714e13b325c846a988aee248ee20189099b500e5923b0c690185ab,e2798921e1d022ec827d83afeaa8b32bf3a19d63efd6b1748ab33eb8fb11054b
aphids_disease_(26).jpg,Dry Leaf00177.JPG,Dataset_01_jtttfbx342,Dataset_02_g46dvrcvwn,NEAR_DUPLICATE_PHASH,Hamming=8,8,Aphids_Disease,Dry_Leaf,6fb8277dc9714e13b325c846a988aee248ee20189099b500e5923b0c690185ab,4ed045f4c2ba0d71793baa225ce8ad12ef80e540a0890f9be0ca911fcce3ba47
aphids_disease_(27).jpg,Dry Leaf00082.JPG,Dataset_01_jtttfbx342,Dataset_02_g46dvrcvwn,NEAR_DUPLICATE_PHASH,Hamming=10,10,Aphids_Disease,Dry_Leaf,db64e364d5552153741af70c3e5c51944bf444c6437997d703d05e70bbb3c39c,0fef36b29f2c7149a46f1781d1a4edbd110d22d5b39a80b27eba7248551a7943
aphids_disease_(27).jpg,Dry Leaf00122.JPG,Dataset_01_jtttfbx342,Dataset_02_g46dvrcvwn,NEAR_DUPLICATE_PHASH,Hamming=6,6,Aphids_Disease,Dry_Leaf,db64e364d5552153741af70c3e5c51944bf444c6437997d703d05e70bbb3c39c,f4c98e627b86f34d545dfa70f914b5a3482f9dac29e37e4277a46b7a042753b4
aphids_disease_(27).jpg,Dry Leaf00138.JPG,Dataset_01_jtttfbx342,Dataset_02_g46dvrcvwn,NEAR_DUPLICATE_PHASH,Hamming=8,8,Aphids_Disease,Dry_Leaf,db64e364d5552153741af70c3e5c51944bf444c6437997d703d05e70bbb3c39c,48a137a521fcf8c5bf0f80670022143942508551f0f3047e9f590ff294fc2316
aphids_disease_(27).jpg,Rhizome Healthy Root00102.JPG,Dataset_01_jtttfbx342,Dataset_02_g46dvrcvwn,NEAR_DUPLICATE_PHASH,Hamming=10,10,Aphids_Disease,Rhizome_Healthy_Roots,db64e364d5552153741af70c3e5c51944bf444c6437997d703d05e70bbb3c39c,42ed63fbc1a84d627ef27ec356342cf7d62182b1cfb585f9cbc082ed88702993
aphids_disease_(27).jpg,Rhizome Healthy Root00103.JPG,Dataset_01_jtttfbx342,Dataset_02_g46dvrcvwn,NEAR_DUPLICATE_PHASH,Hamming=10,10,Aphids_Disease,Rhizome_Healthy_Roots,db64e364d5552153741af70c3e5c51944bf444c6437997d703d05e70bbb3c39c,1a182a290d5ec92d08bc0bb7826ce7992966ad9ac025b6731f8d48f1b0071cec
aphids_disease_(28).jpg,Dry Leaf00021.JPG,Dataset_01_jtttfbx342,Dataset_02_g46dvrcvwn,NEAR_DUPLICATE_PHASH,Hamming=9,9,Aphids_Disease,Dry_Leaf,09c711a6c9e061ce6d3fc6f0d081a0b56563e45d3bcadf8909f93d9f504fdae6,80b07af320ce31e8a146fc8c36d40920359a994dbb7ce32c5c787d0e269bb363
aphids_disease_(28).jpg,Dry Leaf00099.JPG,Dataset_01_jtttfbx342,Dataset_02_g46dvrcvwn,NEAR_DUPLICATE_PHASH,Hamming=10,10,Aphids_Disease,Dry_Leaf,09c711a6c9e061ce6d3fc6f0d081a0b56563e45d3bcadf8909f93d9f504fdae6,90f2bf2684a759f96385d1e421eed88e187915a5a7a6cd2ed7e1daec095fca4b
aphids_disease_(28).jpg,Dry Leaf00132.JPG,Dataset_01_jtttfbx342,Dataset_02_g46dvrcvwn,NEAR_DUPLICATE_PHASH,Hamming=10,10,Aphids_Disease,Dry_Leaf,09c711a6c9e061ce6d3fc6f0d081a0b56563e45d3bcadf8909f93d9f504fdae6,6ad1984ab2f5869d796580739ddc3fde3e5a24608a21d4b99e04304fa8f4d850
aphids_disease_(28).jpg,Rhizome Disease Root00114.JPG,Dataset_01_jtttfbx342,Dataset_02_g46dvrcvwn,NEAR_DUPLICATE_PHASH,Hamming=10,10,Aphids_Disease,Rhizome_Disease_Roots,09c711a6c9e061ce6d3fc6f0d081a0b56563e45d3bcadf8909f93d9f504fdae6,3a652734257559efc017044a527d4be6683a935a05e18c03b9115f80560df8be
aphids_disease_(28).jpg,Rhizome Healthy Root00104.JPG,Dataset_01_jtttfbx342,Dataset_02_g46dvrcvwn,NEAR_DUPLICATE_PHASH,Hamming=10,10,Aphids_Disease,Rhizome_Healthy_Roots,09c711a6c9e061ce6d3fc6f0d081a0b56563e45d3bcadf8909f93d9f504fdae6,c6e84c358fef466d5d651d6badc72f487938a8971667c64a8b9cd6ba4e2a15f6
aphids_disease_(29).jpg,Dry Leaf00138.JPG,Dataset_01_jtttfbx342,Dataset_02_g46dvrcvwn,NEAR_DUPLICATE_PHASH,Hamming=6,6,Aphids_Disease,Dry_Leaf,1f32d943447b5357d1bb3d613c9e1876dc456d3f971d63aa0a6485404a73c394,48a137a521fcf8c5bf0f80670022143942508551f0f3047e9f590ff294fc2316
aphids_disease_(29).jpg,Dry Leaf00143.JPG,Dataset_01_jtttfbx342,Dataset_02_g46dvrcvwn,NEAR_DUPLICATE_PHASH,Hamming=10,10,Aphids_Disease,Dry_Leaf,1f32d943447b5357d1bb3d613c9e1876dc456d3f971d63aa0a6485404a73c394,264aaf55af985e2d563adbfe4338e6d7666deb78327e547e536cc5a3f2933d56
aphids_disease_(29).jpg,Dry Leaf00176.JPG,Dataset_01_jtttfbx342,Dataset_02_g46dvrcvwn,NEAR_DUPLICATE_PHASH,Hamming=9,9,Aphids_Disease,Dry_Leaf,1f32d943447b5357d1bb3d613c9e1876dc456d3f971d63aa0a6485404a73c394,e2798921e1d022ec827d83afeaa8b32bf3a19d63efd6b1748ab33eb8fb11054b
aphids_disease_(29).jpg,Dry Leaf00177.JPG,Dataset_01_jtttfbx342,Dataset_02_g46dvrcvwn,NEAR_DUPLICATE_PHASH,Hamming=9,9,Aphids_Disease,Dry_Leaf,1f32d943447b5357d1bb3d613c9e1876dc456d3f971d63aa0a6485404a73c394,4ed045f4c2ba0d71793baa225ce8ad12ef80e540a0890f9be0ca911fcce3ba47
aphids_disease_(30).jpg,Dry Leaf00026.JPG,Dataset_01_jtttfbx342,Dataset_02_g46dvrcvwn,NEAR_DUPLICATE_PHASH,Hamming=8,8,Aphids_Disease,Dry_Leaf,3976a6e7b8493db14d2e5294756eb12877cd4157df7aba5178c9fc7710a0b8c2,67204ade266c7b09ba68ebadf730ab929a5ca0efc4a204253e1b1e860779f077
aphids_disease_(30).jpg,Dry Leaf00027.JPG,Dataset_01_jtttfbx342,Dataset_02_g46dvrcvwn,NEAR_DUPLICATE_PHASH,Hamming=6,6,Aphids_Disease,Dry_Leaf,3976a6e7b8493db14d2e5294756eb12877cd4157df7aba5178c9fc7710a0b8c2,b421f183077cbe7ef9ac13ffffc418af34d0432052cd2576a19286379acb4c5b
aphids_disease_(30).jpg,Dry Leaf00028.JPG,Dataset_01_jtttfbx342,Dataset_02_g46dvrcvwn,NEAR_DUPLICATE_PHASH,Hamming=9,9,Aphids_Disease,Dry_Leaf,3976a6e7b8493db14d2e5294756eb12877cd4157df7aba5178c9fc7710a0b8c2,41676632da3910ba41f2a032a1adc49475dd702bd821d6c90fad16c4bb6c6d7f
aphids_disease_(30).jpg,Dry Leaf00029.JPG,Dataset_01_jtttfbx342,Dataset_02_g46dvrcvwn,NEAR_DUPLICATE_PHASH,Hamming=8,8,Aphids_Disease,Dry_Leaf,3976a6e7b8493db14d2e5294756eb12877cd4157df7aba5178c9fc7710a0b8c2,9d31dfae0e60555e4a0a8efec5048c5844c7c0d18478f50d3459b80812e48636
aphids_disease_(30).jpg,Dry Leaf00038.JPG,Dataset_01_jtttfbx342,Dataset_02_g46dvrcvwn,NEAR_DUPLICATE_PHASH,Hamming=9,9,Aphids_Disease,Dry_Leaf,3976a6e7b8493db14d2e5294756eb12877cd4157df7aba5178c9fc7710a0b8c2,8de0c82821b424e0dcb5f7f7f94f9cf28de9be2cd6d5351a3d237b60ede72f75
aphids_disease_(30).jpg,Dry Leaf00109.JPG,Dataset_01_jtttfbx342,Dataset_02_g46dvrcvwn,NEAR_DUPLICATE_PHASH,Hamming=6,6,Aphids_Disease,Dry_Leaf,3976a6e7b8493db14d2e5294756eb12877cd4157df7aba5178c9fc7710a0b8c2,9e73f0cf6e403b3ea970ea010ffe183252903151b32e6904267d23ea11a944f9
aphids_disease_(30).jpg,Dry Leaf00110.JPG,Dataset_01_jtttfbx342,Dataset_02_g46dvrcvwn,NEAR_DUPLICATE_PHASH,Hamming=7,7,Aphids_Disease,Dry_Leaf,3976a6e7b8493db14d2e5294756eb12877cd4157df7aba5178c9fc7710a0b8c2,078a2e72c0474b36a38b7d305ec37907597cf47dd2bfc4fc586462cc02e38c8b
aphids_disease_(30).jpg,Dry Leaf00114.JPG,Dataset_01_jtttfbx342,Dataset_02_g46dvrcvwn,NEAR_DUPLICATE_PHASH,Hamming=10,10,Aphids_Disease,Dry_Leaf,3976a6e7b8493db14d2e5294756eb12877cd4157df7aba5178c9fc7710a0b8c2,d75e28a962e4594b4fe607248d39e76b75c8cd6519aec9874e41c54bae4a9e95
aphids_disease_(30).jpg,Dry Leaf00145.JPG,Dataset_01_jtttfbx342,Dataset_02_g46dvrcvwn,NEAR_DUPLICATE_PHASH,Hamming=10,10,Aphids_Disease,Dry_Leaf,3976a6e7b8493db14d2e5294756eb12877cd4157df7aba5178c9fc7710a0b8c2,17b07c19e0a269fd5d0d9ab343b632df760ee8698ece73129a27cbc68f72a1ab
aphids_disease_(30).jpg,Dry Leaf00184.JPG,Dataset_01_jtttfbx342,Dataset_02_g46dvrcvwn,NEAR_DUPLICATE_PHASH,Hamming=6,6,Aphids_Disease,Dry_Leaf,3976a6e7b8493db14d2e5294756eb12877cd4157df7aba5178c9fc7710a0b8c2,9755ede690d36dc503dd96adfca078b7385a883499cef00aa7ab4b1959665480
aphids_disease_(30).jpg,Dry Leaf00185.JPG,Dataset_01_jtttfbx342,Dataset_02_g46dvrcvwn,NEAR_DUPLICATE_PHASH,Hamming=4,4,Aphids_Disease,Dry_Leaf,3976a6e7b8493db14d2e5294756eb12877cd4157df7aba5178c9fc7710a0b8c2,736f87cf842ab33a350630df04526d5c70de41ffa82a63dd62deb5fa7dbab094
aphids_disease_(30).jpg,Healthy Leaf00041.JPG,Dataset_01_jtttfbx342,Dataset_02_g46dvrcvwn,NEAR_DUPLICATE_PHASH,Hamming=8,8,Aphids_Disease,Healthy_Leaf,3976a6e7b8493db14d2e5294756eb12877cd4157df7aba5178c9fc7710a0b8c2,89ee2bd7a7020212245b6cd5e6ebdb41ca0c174c9b38eb4fba7851fa9f743dfc
aphids_disease_(30).jpg,Healthy Leaf00043.JPG,Dataset_01_jtttfbx342,Dataset_02_g46dvrcvwn,NEAR_DUPLICATE_PHASH,Hamming=5,5,Aphids_Disease,Healthy_Leaf,3976a6e7b8493db14d2e5294756eb12877cd4157df7aba5178c9fc7710a0b8c2,01b924648879702faef6dafa75d03cc9f67d63971593690b97008e1d9d961901
aphids_disease_(30).jpg,Healthy Leaf00044.JPG,Dataset_01_jtttfbx342,Dataset_02_g46dvrcvwn,NEAR_DUPLICATE_PHASH,Hamming=7,7,Aphids_Disease,Healthy_Leaf,3976a6e7b8493db14d2e5294756eb12877cd4157df7aba5178c9fc7710a0b8c2,85f359b6d7ed3fe975c1b2572dded0dd7488db031a8711141188079fa9fd9314
aphids_disease_(30).jpg,Healthy Leaf00053.JPG,Dataset_01_jtttfbx342,Dataset_02_g46dvrcvwn,NEAR_DUPLICATE_PHASH,Hamming=7,7,Aphids_Disease,Healthy_Leaf,3976a6e7b8493db14d2e5294756eb12877cd4157df7aba5178c9fc7710a0b8c2,c1ad898fd743063d6e55a89b03e01bec6808277172183c613774f7eb5c0b0b0d
aphids_disease_(30).jpg,Healthy Leaf00056.JPG,Dataset_01_jtttfbx342,Dataset_02_g46dvrcvwn,NEAR_DUPLICATE_PHASH,Hamming=9,9,Aphids_Disease,Healthy_Leaf,3976a6e7b8493db14d2e5294756eb12877cd4157df7aba5178c9fc7710a0b8c2,3591b52609c109e0d3ae42b3c0446d0c4becafb3f37fbbb0c4860c52120e4662
aphids_disease_(30).jpg,Healthy Leaf00136.JPG,Dataset_01_jtttfbx342,Dataset_02_g46dvrcvwn,NEAR_DUPLICATE_PHASH,Hamming=9,9,Aphids_Disease,Healthy_Leaf,3976a6e7b8493db14d2e5294756eb12877cd4157df7aba5178c9fc7710a0b8c2,3d7520ea27034299eefb46496879972227dc5dd6071c5f426dd12a076b90de1e
aphids_disease_(30).jpg,Healthy Leaf00166.JPG,Dataset_01_jtttfbx342,Dataset_02_g46dvrcvwn,NEAR_DUPLICATE_PHASH,Hamming=10,10,Aphids_Disease,Healthy_Leaf,3976a6e7b8493db14d2e5294756eb12877cd4157df7aba5178c9fc7710a0b8c2,6d1e1fe998a45bb497cdeec8a93be200981b96018ef174c430a115bff15c127f
aphids_disease_(30).jpg,Healthy Leaf00196.JPG,Dataset_01_jtttfbx342,Dataset_02_g46dvrcvwn,NEAR_DUPLICATE_PHASH,Hamming=8,8,Aphids_Disease,Healthy_Leaf,3976a6e7b8493db14d2e5294756eb12877cd4157df7aba5178c9fc7710a0b8c2,0ef444b259671689171babae3539be5d584ccab222901163edfa08bb219bb73c
aphids_disease_(30).jpg,Healthy Leaf00197.JPG,Dataset_01_jtttfbx342,Dataset_02_g46dvrcvwn,NEAR_DUPLICATE_PHASH,Hamming=10,10,Aphids_Disease,Healthy_Leaf,3976a6e7b8493db14d2e5294756eb12877cd4157df7aba5178c9fc7710a0b8c2,379768bea5f2716a91a35be15acd838fad7bb2beec40972f567165d589d6ccad
aphids_disease_(30).jpg,Rhizome Disease Root00095.JPG,Dataset_01_jtttfbx342,Dataset_02_g46dvrcvwn,NEAR_DUPLICATE_PHASH,Hamming=8,8,Aphids_Disease,Rhizome_Disease_Roots,3976a6e7b8493db14d2e5294756eb12877cd4157df7aba5178c9fc7710a0b8c2,de1db5d0caeb50f4ef94b9319f77f34194c0906a1c0ec230ac3d56d600688898
aphids_disease_(30).jpg,Rhizome Disease Root00115.JPG,Dataset_01_jtttfbx342,Dataset_02_g46dvrcvwn,NEAR_DUPLICATE_PHASH,Hamming=9,9,Aphids_Disease,Rhizome_Disease_Roots,3976a6e7b8493db14d2e5294756eb12877cd4157df7aba5178c9fc7710a0b8c2,c613683877dd77f4c76d8f96aa3723d9426cbb285be1c34dfd6a9b8514dd476b
aphids_disease_(30).jpg,Rhizome Disease Root00140.JPG,Dataset_01_jtttfbx342,Dataset_02_g46dvrcvwn,NEAR_DUPLICATE_PHASH,Hamming=8,8,Aphids_Disease,Rhizome_Disease_Roots,3976a6e7b8493db14d2e5294756eb12877cd4157df7aba5178c9fc7710a0b8c2,8f026f0f7b44d1c06949783ab34b77971b8861a861e6b98756043a34f94de0dd
aphids_disease_(3).jpg,Dry Leaf00082.JPG,Dataset_01_jtttfbx342,Dataset_02_g46dvrcvwn,NEAR_DUPLICATE_PHASH,Hamming=9,9,Aphids_Disease,Dry_Leaf,88d6881cf5d91d156a7021f23352e15cd06d0690abbd253ed64a4fad6b396fa4,0fef36b29f2c7149a46f1781d1a4edbd110d22d5b39a80b27eba7248551a7943
aphids_disease_(3).jpg,Dry Leaf00122.JPG,Dataset_01_jtttfbx342,Dataset_02_g46dvrcvwn,NEAR_DUPLICATE_PHASH,Hamming=9,9,Aphids_Disease,Dry_Leaf,88d6881cf5d91d156a7021f23352e15cd06d0690abbd253ed64a4fad6b396fa4,f4c98e627b86f34d545dfa70f914b5a3482f9dac29e37e4277a46b7a042753b4
aphids_disease_(31).jpg,Dry Leaf00122.JPG,Dataset_01_jtttfbx342,Dataset_02_g46dvrcvwn,NEAR_DUPLICATE_PHASH,Hamming=10,10,Aphids_Disease,Dry_Leaf,f658585b64663d546000197f94ce5bdde4cbc5b045bdd6946f2f9226e7c6af23,f4c98e627b86f34d545dfa70f914b5a3482f9dac29e37e4277a46b7a042753b4
aphids_disease_(31).jpg,Rhizome Healthy Root00102.JPG,Dataset_01_jtttfbx342,Dataset_02_g46dvrcvwn,NEAR_DUPLICATE_PHASH,Hamming=10,10,Aphids_Disease,Rhizome_Healthy_Roots,f658585b64663d546000197f94ce5bdde4cbc5b045bdd6946f2f9226e7c6af23,42ed63fbc1a84d627ef27ec356342cf7d62182b1cfb585f9cbc082ed88702993
aphids_disease_(31).jpg,Rhizome Healthy Root00103.JPG,Dataset_01_jtttfbx342,Dataset_02_g46dvrcvwn,NEAR_DUPLICATE_PHASH,Hamming=10,10,Aphids_Disease,Rhizome_Healthy_Roots,f658585b64663d546000197f94ce5bdde4cbc5b045bdd6946f2f9226e7c6af23,1a182a290d5ec92d08bc0bb7826ce7992966ad9ac025b6731f8d48f1b0071cec
aphids_disease_(32).jpg,Dry Leaf00122.JPG,Dataset_01_jtttfbx342,Dataset_02_g46dvrcvwn,NEAR_DUPLICATE_PHASH,Hamming=7,7,Aphids_Disease,Dry_Leaf,aa27f134de61352de73035c6c134f3a3b5b4f216301b8f98a5b57804668f7919,f4c98e627b86f34d545dfa70f914b5a3482f9dac29e37e4277a46b7a042753b4
aphids_disease_(32).jpg,Dry Leaf00138.JPG,Dataset_01_jtttfbx342,Dataset_02_g46dvrcvwn,NEAR_DUPLICATE_PHASH,Hamming=9,9,Aphids_Disease,Dry_Leaf,aa27f134de61352de73035c6c134f3a3b5b4f216301b8f98a5b57804668f7919,48a137a521fcf8c5bf0f80670022143942508551f0f3047e9f590ff294fc2316
aphids_disease_(32).jpg,Dry Leaf00156.JPG,Dataset_01_jtttfbx342,Dataset_02_g46dvrcvwn,NEAR_DUPLICATE_PHASH,Hamming=9,9,Aphids_Disease,Dry_Leaf,aa27f134de61352de73035c6c134f3a3b5b4f216301b8f98a5b57804668f7919,19eceeb2f9aa5c569f103bc66d39a91cea395d98e335614db99f7762eeac6235
aphids_disease_(33).jpg,Dry Leaf00021.JPG,Dataset_01_jtttfbx342,Dataset_02_g46dvrcvwn,NEAR_DUPLICATE_PHASH,Hamming=7,7,Aphids_Disease,Dry_Leaf,b35fdf46b9e9d623b0521b89e03ed205898c60d6ecea582c75dbe596c2f59ff0,80b07af320ce31e8a146fc8c36d40920359a994dbb7ce32c5c787d0e269bb363
aphids_disease_(33).jpg,Dry Leaf00099.JPG,Dataset_01_jtttfbx342,Dataset_02_g46dvrcvwn,NEAR_DUPLICATE_PHASH,Hamming=8,8,Aphids_Disease,Dry_Leaf,b35fdf46b9e9d623b0521b89e03ed205898c60d6ecea582c75dbe596c2f59ff0,90f2bf2684a759f96385d1e421eed88e187915a5a7a6cd2ed7e1daec095fca4b
aphids_disease_(33).jpg,Dry Leaf00122.JPG,Dataset_01_jtttfbx342,Dataset_02_g46dvrcvwn,NEAR_DUPLICATE_PHASH,Hamming=7,7,Aphids_Disease,Dry_Leaf,b35fdf46b9e9d623b0521b89e03ed205898c60d6ecea582c75dbe596c2f59ff0,f4c98e627b86f34d545dfa70f914b5a3482f9dac29e37e4277a46b7a042753b4
aphids_disease_(33).jpg,Dry Leaf00132.JPG,Dataset_01_jtttfbx342,Dataset_02_g46dvrcvwn,NEAR_DUPLICATE_PHASH,Hamming=10,10,Aphids_Disease,Dry_Leaf,b35fdf46b9e9d623b0521b89e03ed205898c60d6ecea582c75dbe596c2f59ff0,6ad1984ab2f5869d796580739ddc3fde3e5a24608a21d4b99e04304fa8f4d850
aphids_disease_(33).jpg,Leaf Blotch00002.JPG,Dataset_01_jtttfbx342,Dataset_02_g46dvrcvwn,NEAR_DUPLICATE_PHASH,Hamming=9,9,Aphids_Disease,Leaf_Blotch,b35fdf46b9e9d623b0521b89e03ed205898c60d6ecea582c75dbe596c2f59ff0,71ce948db8d342cc0af26ecb685c3b2ee6253249e67d0dcbc0d3fc4765b3f89a
aphids_disease_(33).jpg,Leaf Blotch00004.JPG,Dataset_01_jtttfbx342,Dataset_02_g46dvrcvwn,NEAR_DUPLICATE_PHASH,Hamming=9,9,Aphids_Disease,Leaf_Blotch,b35fdf46b9e9d623b0521b89e03ed205898c60d6ecea582c75dbe596c2f59ff0,a96b36433507af73e39df1d2ad9989e773b79c0d27ae1ebfbf5ecc18de823a07
aphids_disease_(33).jpg,Leaf Blotch00005.JPG,Dataset_01_jtttfbx342,Dataset_02_g46dvrcvwn,NEAR_DUPLICATE_PHASH,Hamming=8,8,Aphids_Disease,Leaf_Blotch,b35fdf46b9e9d623b0521b89e03ed205898c60d6ecea582c75dbe596c2f59ff0,b5226d7c1649a14108ea4d4cb07f7891e66ce892f3f25536e7c1e20665c8d718
aphids_disease_(33).jpg,Leaf Blotch00008.JPG,Dataset_01_jtttfbx342,Dataset_02_g46dvrcvwn,NEAR_DUPLICATE_PHASH,Hamming=9,9,Aphids_Disease,Leaf_Blotch,b35fdf46b9e9d623b0521b89e03ed205898c60d6ecea582c75dbe596c2f59ff0,c8bc1c36431f8bba388e437313476fdb6e489866cef23a0f4993352654de43ea
aphids_disease_(33).jpg,Rhizome Disease Root00114.JPG,Dataset_01_jtttfbx342,Dataset_02_g46dvrcvwn,NEAR_DUPLICATE_PHASH,Hamming=8,8,Aphids_Disease,Rhizome_Disease_Roots,b35fdf46b9e9d623b0521b89e03ed205898c60d6ecea582c75dbe596c2f59ff0,3a652734257559efc017044a527d4be6683a935a05e18c03b9115f80560df8be
aphids_disease_(33).jpg,Rhizome Healthy Root00105.JPG,Dataset_01_jtttfbx342,Dataset_02_g46dvrcvwn,NEAR_DUPLICATE_PHASH,Hamming=10,10,Aphids_Disease,Rhizome_Healthy_Roots,b35fdf46b9e9d623b0521b89e03ed205898c60d6ecea582c75dbe596c2f59ff0,a2fcddb1e0a5ba244dbb5b164d340f19134e3e15c383d7fff18cf654f226249f
aphids_disease_(33).jpg,Rhizome Healthy Root00106.JPG,Dataset_01_jtttfbx342,Dataset_02_g46dvrcvwn,NEAR_DUPLICATE_PHASH,Hamming=9,9,Aphids_Disease,Rhizome_Healthy_Roots,b35fdf46b9e9d623b0521b89e03ed205898c60d6ecea582c75dbe596c2f59ff0,792099df3f2fb91a62d25fc739635a820e6c5be3fb678f74f5b5b0d40f2c3209
aphids_disease_(33).jpg,Rhizome Healthy Root00266.JPG,Dataset_01_jtttfbx342,Dataset_02_g46dvrcvwn,NEAR_DUPLICATE_PHASH,Hamming=10,10,Aphids_Disease,Rhizome_Healthy_Roots,b35fdf46b9e9d623b0521b89e03ed205898c60d6ecea582c75dbe596c2f59ff0,95531f8fd971c6935aaf215d47d89aafda5e6c0b599c6cfc56029937bc94558f
aphids_disease_(34).jpg,Dry Leaf00021.JPG,Dataset_01_jtttfbx342,Dataset_02_g46dvrcvwn,NEAR_DUPLICATE_PHASH,Hamming=8,8,Aphids_Disease,Dry_Leaf,b2b0330f81bf76508d02ac3533216eff57b79b8be908983f4da5f477b6c52922,80b07af320ce31e8a146fc8c36d40920359a994dbb7ce32c5c787d0e269bb363
aphids_disease_(34).jpg,Dry Leaf00099.JPG,Dataset_01_jtttfbx342,Dataset_02_g46dvrcvwn,NEAR_DUPLICATE_PHASH,Hamming=7,7,Aphids_Disease,Dry_Leaf,b2b0330f81bf76508d02ac3533216eff57b79b8be908983f4da5f477b6c52922,90f2bf2684a759f96385d1e421eed88e187915a5a7a6cd2ed7e1daec095fca4b
aphids_disease_(34).jpg,Dry Leaf00100.JPG,Dataset_01_jtttfbx342,Dataset_02_g46dvrcvwn,NEAR_DUPLICATE_PHASH,Hamming=10,10,Aphids_Disease,Dry_Leaf,b2b0330f81bf76508d02ac3533216eff57b79b8be908983f4da5f477b6c52922,b59ac801dc168808d912a67b0bef41184f32dbaf6a28275e3499663538cb2fb2
aphids_disease_(34).jpg,Dry Leaf00132.JPG,Dataset_01_jtttfbx342,Dataset_02_g46dvrcvwn,NEAR_DUPLICATE_PHASH,Hamming=7,7,Aphids_Disease,Dry_Leaf,b2b0330f81bf76508d02ac3533216eff57b79b8be908983f4da5f477b6c52922,6ad1984ab2f5869d796580739ddc3fde3e5a24608a21d4b99e04304fa8f4d850
aphids_disease_(35).jpg,Dry Leaf00122.JPG,Dataset_01_jtttfbx342,Dataset_02_g46dvrcvwn,NEAR_DUPLICATE_PHASH,Hamming=9,9,Aphids_Disease,Dry_Leaf,4ba16e41abeed14368e71585d690f13809ff9d3b042cf002835173b485704ef4,f4c98e627b86f34d545dfa70f914b5a3482f9dac29e37e4277a46b7a042753b4
aphids_disease_(35).jpg,Dry Leaf00138.JPG,Dataset_01_jtttfbx342,Dataset_02_g46dvrcvwn,NEAR_DUPLICATE_PHASH,Hamming=7,7,Aphids_Disease,Dry_Leaf,4ba16e41abeed14368e71585d690f13809ff9d3b042cf002835173b485704ef4,48a137a521fcf8c5bf0f80670022143942508551f0f3047e9f590ff294fc2316
aphids_disease_(35).jpg,Dry Leaf00177.JPG,Dataset_01_jtttfbx342,Dataset_02_g46dvrcvwn,NEAR_DUPLICATE_PHASH,Hamming=10,10,Aphids_Disease,Dry_Leaf,4ba16e41abeed14368e71585d690f13809ff9d3b042cf002835173b485704ef4,4ed045f4c2ba0d71793baa225ce8ad12ef80e540a0890f9be0ca911fcce3ba47
aphids_disease_(36).jpg,Dry Leaf00021.JPG,Dataset_01_jtttfbx342,Dataset_02_g46dvrcvwn,NEAR_DUPLICATE_PHASH,Hamming=8,8,Aphids_Disease,Dry_Leaf,36dc4d5c77ab6602808bec4791a6a2910d6ad4e84bc58f234feac984755802c0,80b07af320ce31e8a146fc8c36d40920359a994dbb7ce32c5c787d0e269bb363
aphids_disease_(36).jpg,Dry Leaf00023.JPG,Dataset_01_jtttfbx342,Dataset_02_g46dvrcvwn,NEAR_DUPLICATE_PHASH,Hamming=10,10,Aphids_Disease,Dry_Leaf,36dc4d5c77ab6602808bec4791a6a2910d6ad4e84bc58f234feac984755802c0,c5c842e23075cf1d7f635e7b91eeb0d4581960cf85b77eb65e0e23551d42e8e4
aphids_disease_(36).jpg,Dry Leaf00099.JPG,Dataset_01_jtttfbx342,Dataset_02_g46dvrcvwn,NEAR_DUPLICATE_PHASH,Hamming=9,9,Aphids_Disease,Dry_Leaf,36dc4d5c77ab6602808bec4791a6a2910d6ad4e84bc58f234feac984755802c0,90f2bf2684a759f96385d1e421eed88e187915a5a7a6cd2ed7e1daec095fca4b
aphids_disease_(36).jpg,Dry Leaf00100.JPG,Dataset_01_jtttfbx342,Dataset_02_g46dvrcvwn,NEAR_DUPLICATE_PHASH,Hamming=8,8,Aphids_Disease,Dry_Leaf,36dc4d5c77ab6602808bec4791a6a2910d6ad4e84bc58f234feac984755802c0,b59ac801dc168808d912a67b0bef41184f32dbaf6a28275e3499663538cb2fb2
aphids_disease_(36).jpg,Dry Leaf00132.JPG,Dataset_01_jtttfbx342,Dataset_02_g46dvrcvwn,NEAR_DUPLICATE_PHASH,Hamming=7,7,Aphids_Disease,Dry_Leaf,36dc4d5c77ab6602808bec4791a6a2910d6ad4e84bc58f234feac984755802c0,6ad1984ab2f5869d796580739ddc3fde3e5a24608a21d4b99e04304fa8f4d850
aphids_disease_(36).jpg,Rhizome Disease Root00114.JPG,Dataset_01_jtttfbx342,Dataset_02_g46dvrcvwn,NEAR_DUPLICATE_PHASH,Hamming=9,9,Aphids_Disease,Rhizome_Disease_Roots,36dc4d5c77ab6602808bec4791a6a2910d6ad4e84bc58f234feac984755802c0,3a652734257559efc017044a527d4be6683a935a05e18c03b9115f80560df8be
aphids_disease_(36).jpg,Rhizome Disease Root00156.JPG,Dataset_01_jtttfbx342,Dataset_02_g46dvrcvwn,NEAR_DUPLICATE_PHASH,Hamming=10,10,Aphids_Disease,Rhizome_Disease_Roots,36dc4d5c77ab6602808bec4791a6a2910d6ad4e84bc58f234feac984755802c0,74dd34f67eda302dad349b8f862f8e61b4d47f462574402bc9b266d43335b307
aphids_disease_(37).jpg,Dry Leaf00082.JPG,Dataset_01_jtttfbx342,Dataset_02_g46dvrcvwn,NEAR_DUPLICATE_PHASH,Hamming=9,9,Aphids_Disease,Dry_Leaf,1a3b231253a7d73f31a5e25f834fe065f0408f16a321beff4e1b609badef4847,0fef36b29f2c7149a46f1781d1a4edbd110d22d5b39a80b27eba7248551a7943
aphids_disease_(37).jpg,Dry Leaf00122.JPG,Dataset_01_jtttfbx342,Dataset_02_g46dvrcvwn,NEAR_DUPLICATE_PHASH,Hamming=9,9,Aphids_Disease,Dry_Leaf,1a3b231253a7d73f31a5e25f834fe065f0408f16a321beff4e1b609badef4847,f4c98e627b86f34d545dfa70f914b5a3482f9dac29e37e4277a46b7a042753b4
aphids_disease_(37).jpg,Dry Leaf00143.JPG,Dataset_01_jtttfbx342,Dataset_02_g46dvrcvwn,NEAR_DUPLICATE_PHASH,Hamming=9,9,Aphids_Disease,Dry_Leaf,1a3b231253a7d73f31a5e25f834fe065f0408f16a321beff4e1b609badef4847,264aaf55af985e2d563adbfe4338e6d7666deb78327e547e536cc5a3f2933d56
aphids_disease_(39).jpg,Dry Leaf00021.JPG,Dataset_01_jtttfbx342,Dataset_02_g46dvrcvwn,NEAR_DUPLICATE_PHASH,Hamming=10,10,Aphids_Disease,Dry_Leaf,ee03b4c62d7d45f59cf94bb2ee7552416f987498e39e72bdda6c494df21253c1,80b07af320ce31e8a146fc8c36d40920359a994dbb7ce32c5c787d0e269bb363
aphids_disease_(39).jpg,Dry Leaf00023.JPG,Dataset_01_jtttfbx342,Dataset_02_g46dvrcvwn,NEAR_DUPLICATE_PHASH,Hamming=10,10,Aphids_Disease,Dry_Leaf,ee03b4c62d7d45f59cf94bb2ee7552416f987498e39e72bdda6c494df21253c1,c5c842e23075cf1d7f635e7b91eeb0d4581960cf85b77eb65e0e23551d42e8e4
aphids_disease_(39).jpg,Dry Leaf00100.JPG,Dataset_01_jtttfbx342,Dataset_02_g46dvrcvwn,NEAR_DUPLICATE_PHASH,Hamming=8,8,Aphids_Disease,Dry_Leaf,ee03b4c62d7d45f59cf94bb2ee7552416f987498e39e72bdda6c494df21253c1,b59ac801dc168808d912a67b0bef41184f32dbaf6a28275e3499663538cb2fb2
aphids_disease_(39).jpg,Dry Leaf00132.JPG,Dataset_01_jtttfbx342,Dataset_02_g46dvrcvwn,NEAR_DUPLICATE_PHASH,Hamming=9,9,Aphids_Disease,Dry_Leaf,ee03b4c62d7d45f59cf94bb2ee7552416f987498e39e72bdda6c494df21253c1,6ad1984ab2f5869d796580739ddc3fde3e5a24608a21d4b99e04304fa8f4d850
aphids_disease_(39).jpg,Rhizome Disease Root00156.JPG,Dataset_01_jtttfbx342,Dataset_02_g46dvrcvwn,NEAR_DUPLICATE_PHASH,Hamming=10,10,Aphids_Disease,Rhizome_Disease_Roots,ee03b4c62d7d45f59cf94bb2ee7552416f987498e39e72bdda6c494df21253c1,74dd34f67eda302dad349b8f862f8e61b4d47f462574402bc9b266d43335b307
aphids_disease_(41).jpg,Dry Leaf00122.JPG,Dataset_01_jtttfbx342,Dataset_02_g46dvrcvwn,NEAR_DUPLICATE_PHASH,Hamming=9,9,Aphids_Disease,Dry_Leaf,a8a82ddceca29506b988bf3fcc6c5d82e74db62ba50cccf746b0c7ec3ad813ca,f4c98e627b86f34d545dfa70f914b5a3482f9dac29e37e4277a46b7a042753b4
aphids_disease_(41).jpg,Rhizome Healthy Root00104.JPG,Dataset_01_jtttfbx342,Dataset_02_g46dvrcvwn,NEAR_DUPLICATE_PHASH,Hamming=10,10,Aphids_Disease,Rhizome_Healthy_Roots,a8a82ddceca29506b988bf3fcc6c5d82e74db62ba50cccf746b0c7ec3ad813ca,c6e84c358fef466d5d651d6badc72f487938a8971667c64a8b9cd6ba4e2a15f6
aphids_disease_(40).jpg,Dry Leaf00138.JPG,Dataset_01_jtttfbx342,Dataset_02_g46dvrcvwn,NEAR_DUPLICATE_PHASH,Hamming=7,7,Aphids_Disease,Dry_Leaf,07a9ae6d8e090fecd37cc3478a081695ff2ddba24c0bb69c3307ec93379197b4,48a137a521fcf8c5bf0f80670022143942508551f0f3047e9f590ff294fc2316
aphids_disease_(43).jpg,Leaf Blotch00004.JPG,Dataset_01_jtttfbx342,Dataset_02_g46dvrcvwn,NEAR_DUPLICATE_PHASH,Hamming=10,10,Aphids_Disease,Leaf_Blotch,cb7dff332cd208c5e3cbac7b7b3b3beb1435fc0f1440ecb9d3931c071b2d1e9e,a96b36433507af73e39df1d2ad9989e773b79c0d27ae1ebfbf5ecc18de823a07
aphids_disease_(43).jpg,Leaf Blotch00005.JPG,Dataset_01_jtttfbx342,Dataset_02_g46dvrcvwn,NEAR_DUPLICATE_PHASH,Hamming=9,9,Aphids_Disease,Leaf_Blotch,cb7dff332cd208c5e3cbac7b7b3b3beb1435fc0f1440ecb9d3931c071b2d1e9e,b5226d7c1649a14108ea4d4cb07f7891e66ce892f3f25536e7c1e20665c8d718
aphids_disease_(43).jpg,Rhizome Healthy Root00232.JPG,Dataset_01_jtttfbx342,Dataset_02_g46dvrcvwn,NEAR_DUPLICATE_PHASH,Hamming=9,9,Aphids_Disease,Rhizome_Healthy_Roots,cb7dff332cd208c5e3cbac7b7b3b3beb1435fc0f1440ecb9d3931c071b2d1e9e,bc937e060206b7ac479f3eee51788f6e75bc98567118a529ef1b20784b1f366c
aphids_disease_(46).jpg,Dry Leaf00082.JPG,Dataset_01_jtttfbx342,Dataset_02_g46dvrcvwn,NEAR_DUPLICATE_PHASH,Hamming=9,9,Aphids_Disease,Dry_Leaf,001d6d11a095f09f17e1acb23156524973d28bbe2b6501381abfcdb5d112edef,0fef36b29f2c7149a46f1781d1a4edbd110d22d5b39a80b27eba7248551a7943
aphids_disease_(46).jpg,Dry Leaf00122.JPG,Dataset_01_jtttfbx342,Dataset_02_g46dvrcvwn,NEAR_DUPLICATE_PHASH,Hamming=9,9,Aphids_Disease,Dry_Leaf,001d6d11a095f09f17e1acb23156524973d28bbe2b6501381abfcdb5d112edef,f4c98e627b86f34d545dfa70f914b5a3482f9dac29e37e4277a46b7a042753b4
aphids_disease_(46).jpg,Dry Leaf00143.JPG,Dataset_01_jtttfbx342,Dataset_02_g46dvrcvwn,NEAR_DUPLICATE_PHASH,Hamming=9,9,Aphids_Disease,Dry_Leaf,001d6d11a095f09f17e1acb23156524973d28bbe2b6501381abfcdb5d112edef,264aaf55af985e2d563adbfe4338e6d7666deb78327e547e536cc5a3f2933d56
aphids_disease_(47).jpg,Dry Leaf00082.JPG,Dataset_01_jtttfbx342,Dataset_02_g46dvrcvwn,NEAR_DUPLICATE_PHASH,Hamming=7,7,Aphids_Disease,Dry_Leaf,4483eee64b91b508e89716397109e9bbb5ca7fb15d12fbfa2380332ea7d68d0d,0fef36b29f2c7149a46f1781d1a4edbd110d22d5b39a80b27eba7248551a7943
aphids_disease_(47).jpg,Dry Leaf00122.JPG,Dataset_01_jtttfbx342,Dataset_02_g46dvrcvwn,NEAR_DUPLICATE_PHASH,Hamming=9,9,Aphids_Disease,Dry_Leaf,4483eee64b91b508e89716397109e9bbb5ca7fb15d12fbfa2380332ea7d68d0d,f4c98e627b86f34d545dfa70f914b5a3482f9dac29e37e4277a46b7a042753b4
aphids_disease_(47).jpg,Dry Leaf00143.JPG,Dataset_01_jtttfbx342,Dataset_02_g46dvrcvwn,NEAR_DUPLICATE_PHASH,Hamming=9,9,Aphids_Disease,Dry_Leaf,4483eee64b91b508e89716397109e9bbb5ca7fb15d12fbfa2380332ea7d68d0d,264aaf55af985e2d563adbfe4338e6d7666deb78327e547e536cc5a3f2933d56
aphids_disease_(47).jpg,Dry Leaf00181.JPG,Dataset_01_jtttfbx342,Dataset_02_g46dvrcvwn,NEAR_DUPLICATE_PHASH,Hamming=10,10,Aphids_Disease,Dry_Leaf,4483eee64b91b508e89716397109e9bbb5ca7fb15d12fbfa2380332ea7d68d0d,4972914e507bd3517d7e4e8b435932324dc931e1e7a4a09d9df5368eeb5ef181
aphids_disease_(47).jpg,Leaf Blotch00005.JPG,Dataset_01_jtttfbx342,Dataset_02_g46dvrcvwn,NEAR_DUPLICATE_PHASH,Hamming=8,8,Aphids_Disease,Leaf_Blotch,4483eee64b91b508e89716397109e9bbb5ca7fb15d12fbfa2380332ea7d68d0d,b5226d7c1649a14108ea4d4cb07f7891e66ce892f3f25536e7c1e20665c8d718
aphids_disease_(47).jpg,Rhizome Healthy Root00105.JPG,Dataset_01_jtttfbx342,Dataset_02_g46dvrcvwn,NEAR_DUPLICATE_PHASH,Hamming=10,10,Aphids_Disease,Rhizome_Healthy_Roots,4483eee64b91b508e89716397109e9bbb5ca7fb15d12fbfa2380332ea7d68d0d,a2fcddb1e0a5ba244dbb5b164d340f19134e3e15c383d7fff18cf654f226249f
aphids_disease_(47).jpg,Rhizome Healthy Root00106.JPG,Dataset_01_jtttfbx342,Dataset_02_g46dvrcvwn,NEAR_DUPLICATE_PHASH,Hamming=9,9,Aphids_Disease,Rhizome_Healthy_Roots,4483eee64b91b508e89716397109e9bbb5ca7fb15d12fbfa2380332ea7d68d0d,792099df3f2fb91a62d25fc739635a820e6c5be3fb678f74f5b5b0d40f2c3209
aphids_disease_(48).jpg,Dry Leaf00079.JPG,Dataset_01_jtttfbx342,Dataset_02_g46dvrcvwn,NEAR_DUPLICATE_PHASH,Hamming=10,10,Aphids_Disease,Dry_Leaf,b3eb0a26ead781d731b5eb2e73377e0c0e64678c0d38348bf71b488be115a81c,1f6e087d7212035df77783d7de4752f7700ec05b7df4e4a76f3f7282d7157451
aphids_disease_(48).jpg,Dry Leaf00100.JPG,Dataset_01_jtttfbx342,Dataset_02_g46dvrcvwn,NEAR_DUPLICATE_PHASH,Hamming=9,9,Aphids_Disease,Dry_Leaf,b3eb0a26ead781d731b5eb2e73377e0c0e64678c0d38348bf71b488be115a81c,b59ac801dc168808d912a67b0bef41184f32dbaf6a28275e3499663538cb2fb2
aphids_disease_(48).jpg,Dry Leaf00132.JPG,Dataset_01_jtttfbx342,Dataset_02_g46dvrcvwn,NEAR_DUPLICATE_PHASH,Hamming=10,10,Aphids_Disease,Dry_Leaf,b3eb0a26ead781d731b5eb2e73377e0c0e64678c0d38348bf71b488be115a81c,6ad1984ab2f5869d796580739ddc3fde3e5a24608a21d4b99e04304fa8f4d850
aphids_disease_(48).jpg,Rhizome Disease Root00114.JPG,Dataset_01_jtttfbx342,Dataset_02_g46dvrcvwn,NEAR_DUPLICATE_PHASH,Hamming=8,8,Aphids_Disease,Rhizome_Disease_Roots,b3eb0a26ead781d731b5eb2e73377e0c0e64678c0d38348bf71b488be115a81c,3a652734257559efc017044a527d4be6683a935a05e18c03b9115f80560df8be
aphids_disease_(48).jpg,Rhizome Disease Root00119.JPG,Dataset_01_jtttfbx342,Dataset_02_g46dvrcvwn,NEAR_DUPLICATE_PHASH,Hamming=10,10,Aphids_Disease,Rhizome_Disease_Roots,b3eb0a26ead781d731b5eb2e73377e0c0e64678c0d38348bf71b488be115a81c,3860ca121dc7be8a9b92246d9524d17e1638a64bf917d306d2677a941a170454
aphids_disease_(48).jpg,Rhizome Healthy Root00104.JPG,Dataset_01_jtttfbx342,Dataset_02_g46dvrcvwn,NEAR_DUPLICATE_PHASH,Hamming=10,10,Aphids_Disease,Rhizome_Healthy_Roots,b3eb0a26ead781d731b5eb2e73377e0c0e64678c0d38348bf71b488be115a81c,c6e84c358fef466d5d651d6badc72f487938a8971667c64a8b9cd6ba4e2a15f6
aphids_disease_(49).jpg,Dry Leaf00138.JPG,Dataset_01_jtttfbx342,Dataset_02_g46dvrcvwn,NEAR_DUPLICATE_PHASH,Hamming=7,7,Aphids_Disease,Dry_Leaf,bcacd45893c71aed6a9c04a5803109b2de25ced366a228621344e39ef3be7bd8,48a137a521fcf8c5bf0f80670022143942508551f0f3047e9f590ff294fc2316
aphids_disease_(49).jpg,Dry Leaf00176.JPG,Dataset_01_jtttfbx342,Dataset_02_g46dvrcvwn,NEAR_DUPLICATE_PHASH,Hamming=10,10,Aphids_Disease,Dry_Leaf,bcacd45893c71aed6a9c04a5803109b2de25ced366a228621344e39ef3be7bd8,e2798921e1d022ec827d83afeaa8b32bf3a19d63efd6b1748ab33eb8fb11054b
aphids_disease_(49).jpg,Dry Leaf00177.JPG,Dataset_01_jtttfbx342,Dataset_02_g46dvrcvwn,NEAR_DUPLICATE_PHASH,Hamming=10,10,Aphids_Disease,Dry_Leaf,bcacd45893c71aed6a9c04a5803109b2de25ced366a228621344e39ef3be7bd8,4ed045f4c2ba0d71793baa225ce8ad12ef80e540a0890f9be0ca911fcce3ba47
aphids_disease_(51).jpg,Dry Leaf00138.JPG,Dataset_01_jtttfbx342,Dataset_02_g46dvrcvwn,NEAR_DUPLICATE_PHASH,Hamming=7,7,Aphids_Disease,Dry_Leaf,4956e7ed37e185188daf19250313bcaeeb5d1635accc0c0ebba15e6d5d28ad44,48a137a521fcf8c5bf0f80670022143942508551f0f3047e9f590ff294fc2316
aphids_disease_(51).jpg,Dry Leaf00143.JPG,Dataset_01_jtttfbx342,Dataset_02_g46dvrcvwn,NEAR_DUPLICATE_PHASH,Hamming=7,7,Aphids_Disease,Dry_Leaf,4956e7ed37e185188daf19250313bcaeeb5d1635accc0c0ebba15e6d5d28ad44,264aaf55af985e2d563adbfe4338e6d7666deb78327e547e536cc5a3f2933d56
aphids_disease_(52).jpg,Dry Leaf00099.JPG,Dataset_01_jtttfbx342,Dataset_02_g46dvrcvwn,NEAR_DUPLICATE_PHASH,Hamming=10,10,Aphids_Disease,Dry_Leaf,686d0e2b3336c725cd66f63c751fd31e8d1dc3acfb1f6e2f6c68f4c4ed01803d,90f2bf2684a759f96385d1e421eed88e187915a5a7a6cd2ed7e1daec095fca4b
aphids_disease_(52).jpg,Dry Leaf00122.JPG,Dataset_01_jtttfbx342,Dataset_02_g46dvrcvwn,NEAR_DUPLICATE_PHASH,Hamming=9,9,Aphids_Disease,Dry_Leaf,686d0e2b3336c725cd66f63c751fd31e8d1dc3acfb1f6e2f6c68f4c4ed01803d,f4c98e627b86f34d545dfa70f914b5a3482f9dac29e37e4277a46b7a042753b4
aphids_disease_(52).jpg,Leaf Blotch00005.JPG,Dataset_01_jtttfbx342,Dataset_02_g46dvrcvwn,NEAR_DUPLICATE_PHASH,Hamming=8,8,Aphids_Disease,Leaf_Blotch,686d0e2b3336c725cd66f63c751fd31e8d1dc3acfb1f6e2f6c68f4c4ed01803d,b5226d7c1649a14108ea4d4cb07f7891e66ce892f3f25536e7c1e20665c8d718
aphids_disease_(52).jpg,Leaf Blotch00007.JPG,Dataset_01_jtttfbx342,Dataset_02_g46dvrcvwn,NEAR_DUPLICATE_PHASH,Hamming=10,10,Aphids_Disease,Leaf_Blotch,686d0e2b3336c725cd66f63c751fd31e8d1dc3acfb1f6e2f6c68f4c4ed01803d,4250a8509a408c0c3583e12added93347b1f06a3295945af950d7fb5448e73af
aphids_disease_(52).jpg,Leaf Blotch00008.JPG,Dataset_01_jtttfbx342,Dataset_02_g46dvrcvwn,NEAR_DUPLICATE_PHASH,Hamming=7,7,Aphids_Disease,Leaf_Blotch,686d0e2b3336c725cd66f63c751fd31e8d1dc3acfb1f6e2f6c68f4c4ed01803d,c8bc1c36431f8bba388e437313476fdb6e489866cef23a0f4993352654de43ea
aphids_disease_(52).jpg,Rhizome Disease Root00031.JPG,Dataset_01_jtttfbx342,Dataset_02_g46dvrcvwn,NEAR_DUPLICATE_PHASH,Hamming=8,8,Aphids_Disease,Rhizome_Disease_Roots,686d0e2b3336c725cd66f63c751fd31e8d1dc3acfb1f6e2f6c68f4c4ed01803d,dedf2d9306dfb93c43063f67c4400508fe0bb5a6138b865bc0149e9e0602865b
aphids_disease_(52).jpg,Rhizome Disease Root00114.JPG,Dataset_01_jtttfbx342,Dataset_02_g46dvrcvwn,NEAR_DUPLICATE_PHASH,Hamming=8,8,Aphids_Disease,Rhizome_Disease_Roots,686d0e2b3336c725cd66f63c751fd31e8d1dc3acfb1f6e2f6c68f4c4ed01803d,3a652734257559efc017044a527d4be6683a935a05e18c03b9115f80560df8be
aphids_disease_(52).jpg,Rhizome Healthy Root00105.JPG,Dataset_01_jtttfbx342,Dataset_02_g46dvrcvwn,NEAR_DUPLICATE_PHASH,Hamming=10,10,Aphids_Disease,Rhizome_Healthy_Roots,686d0e2b3336c725cd66f63c751fd31e8d1dc3acfb1f6e2f6c68f4c4ed01803d,a2fcddb1e0a5ba244dbb5b164d340f19134e3e15c383d7fff18cf654f226249f
aphids_disease_(52).jpg,Rhizome Healthy Root00106.JPG,Dataset_01_jtttfbx342,Dataset_02_g46dvrcvwn,NEAR_DUPLICATE_PHASH,Hamming=9,9,Aphids_Disease,Rhizome_Healthy_Roots,686d0e2b3336c725cd66f63c751fd31e8d1dc3acfb1f6e2f6c68f4c4ed01803d,792099df3f2fb91a62d25fc739635a820e6c5be3fb678f74f5b5b0d40f2c3209
aphids_disease_(52).jpg,Rhizome Healthy Root00286.JPG,Dataset_01_jtttfbx342,Dataset_02_g46dvrcvwn,NEAR_DUPLICATE_PHASH,Hamming=10,10,Aphids_Disease,Rhizome_Healthy_Roots,686d0e2b3336c725cd66f63c751fd31e8d1dc3acfb1f6e2f6c68f4c4ed01803d,2a97b39eba2cd7fd67b6ebfeb8d559268366bd541fb27393efd1159d80f5b656
aphids_disease_(52).jpg,Rhizome Healthy Root00287.JPG,Dataset_01_jtttfbx342,Dataset_02_g46dvrcvwn,NEAR_DUPLICATE_PHASH,Hamming=10,10,Aphids_Disease,Rhizome_Healthy_Roots,686d0e2b3336c725cd66f63c751fd31e8d1dc3acfb1f6e2f6c68f4c4ed01803d,9092ce7d30b63255c3ef56124692bb99edadfc18997068852808e3f92272d06a
aphids_disease_(52).jpg,Rhizome Healthy Root00288.JPG,Dataset_01_jtttfbx342,Dataset_02_g46dvrcvwn,NEAR_DUPLICATE_PHASH,Hamming=10,10,Aphids_Disease,Rhizome_Healthy_Roots,686d0e2b3336c725cd66f63c751fd31e8d1dc3acfb1f6e2f6c68f4c4ed01803d,ec99b8839934fcab11b5f21615d333c9a18470d43c8c3faa318ba78046688f4c
aphids_disease_(53).jpg,Dry Leaf00021.JPG,Dataset_01_jtttfbx342,Dataset_02_g46dvrcvwn,NEAR_DUPLICATE_PHASH,Hamming=9,9,Aphids_Disease,Dry_Leaf,bd3d2db0550172384a233925d96c528fe7602dfa9bf8e3ee38ead94bbaf44bbc,80b07af320ce31e8a146fc8c36d40920359a994dbb7ce32c5c787d0e269bb363
aphids_disease_(53).jpg,Dry Leaf00099.JPG,Dataset_01_jtttfbx342,Dataset_02_g46dvrcvwn,NEAR_DUPLICATE_PHASH,Hamming=10,10,Aphids_Disease,Dry_Leaf,bd3d2db0550172384a233925d96c528fe7602dfa9bf8e3ee38ead94bbaf44bbc,90f2bf2684a759f96385d1e421eed88e187915a5a7a6cd2ed7e1daec095fca4b
aphids_disease_(53).jpg,Dry Leaf00122.JPG,Dataset_01_jtttfbx342,Dataset_02_g46dvrcvwn,NEAR_DUPLICATE_PHASH,Hamming=9,9,Aphids_Disease,Dry_Leaf,bd3d2db0550172384a233925d96c528fe7602dfa9bf8e3ee38ead94bbaf44bbc,f4c98e627b86f34d545dfa70f914b5a3482f9dac29e37e4277a46b7a042753b4
aphids_disease_(53).jpg,Dry Leaf00132.JPG,Dataset_01_jtttfbx342,Dataset_02_g46dvrcvwn,NEAR_DUPLICATE_PHASH,Hamming=10,10,Aphids_Disease,Dry_Leaf,bd3d2db0550172384a233925d96c528fe7602dfa9bf8e3ee38ead94bbaf44bbc,6ad1984ab2f5869d796580739ddc3fde3e5a24608a21d4b99e04304fa8f4d850
aphids_disease_(53).jpg,Dry Leaf00189.JPG,Dataset_01_jtttfbx342,Dataset_02_g46dvrcvwn,NEAR_DUPLICATE_PHASH,Hamming=10,10,Aphids_Disease,Dry_Leaf,bd3d2db0550172384a233925d96c528fe7602dfa9bf8e3ee38ead94bbaf44bbc,e9931494175e3e5645f934f7f99fdc81a783ad520fb0078cef333cb05cb65fce
aphids_disease_(53).jpg,Leaf Blotch00014.JPG,Dataset_01_jtttfbx342,Dataset_02_g46dvrcvwn,NEAR_DUPLICATE_PHASH,Hamming=8,8,Aphids_Disease,Leaf_Blotch,bd3d2db0550172384a233925d96c528fe7602dfa9bf8e3ee38ead94bbaf44bbc,45324e4597d6c4cd2bb07e32994d6dfec97bc1ef2c7c55a391c4e93ace1984c3
aphids_disease_(53).jpg,Rhizome Disease Root00119.JPG,Dataset_01_jtttfbx342,Dataset_02_g46dvrcvwn,NEAR_DUPLICATE_PHASH,Hamming=10,10,Aphids_Disease,Rhizome_Disease_Roots,bd3d2db0550172384a233925d96c528fe7602dfa9bf8e3ee38ead94bbaf44bbc,3860ca121dc7be8a9b92246d9524d17e1638a64bf917d306d2677a941a170454
aphids_disease_(53).jpg,Rhizome Healthy Root00102.JPG,Dataset_01_jtttfbx342,Dataset_02_g46dvrcvwn,NEAR_DUPLICATE_PHASH,Hamming=9,9,Aphids_Disease,Rhizome_Healthy_Roots,bd3d2db0550172384a233925d96c528fe7602dfa9bf8e3ee38ead94bbaf44bbc,42ed63fbc1a84d627ef27ec356342cf7d62182b1cfb585f9cbc082ed88702993
aphids_disease_(53).jpg,Rhizome Healthy Root00103.JPG,Dataset_01_jtttfbx342,Dataset_02_g46dvrcvwn,NEAR_DUPLICATE_PHASH,Hamming=9,9,Aphids_Disease,Rhizome_Healthy_Roots,bd3d2db0550172384a233925d96c528fe7602dfa9bf8e3ee38ead94bbaf44bbc,1a182a290d5ec92d08bc0bb7826ce7992966ad9ac025b6731f8d48f1b0071cec
aphids_disease_(53).jpg,Rhizome Healthy Root00104.JPG,Dataset_01_jtttfbx342,Dataset_02_g46dvrcvwn,NEAR_DUPLICATE_PHASH,Hamming=10,10,Aphids_Disease,Rhizome_Healthy_Roots,bd3d2db0550172384a233925d96c528fe7602dfa9bf8e3ee38ead94bbaf44bbc,c6e84c358fef466d5d651d6badc72f487938a8971667c64a8b9cd6ba4e2a15f6
aphids_disease_(50).jpg,Dry Leaf00021.JPG,Dataset_01_jtttfbx342,Dataset_02_g46dvrcvwn,NEAR_DUPLICATE_PHASH,Hamming=10,10,Aphids_Disease,Dry_Leaf,27a521e71ff45155e447c5ab6c700003639b3607274529f289a13255e4c307f0,80b07af320ce31e8a146fc8c36d40920359a994dbb7ce32c5c787d0e269bb363
aphids_disease_(50).jpg,Dry Leaf00100.JPG,Dataset_01_jtttfbx342,Dataset_02_g46dvrcvwn,NEAR_DUPLICATE_PHASH,Hamming=10,10,Aphids_Disease,Dry_Leaf,27a521e71ff45155e447c5ab6c700003639b3607274529f289a13255e4c307f0,b59ac801dc168808d912a67b0bef41184f32dbaf6a28275e3499663538cb2fb2
aphids_disease_(50).jpg,Rhizome Disease Root00114.JPG,Dataset_01_jtttfbx342,Dataset_02_g46dvrcvwn,NEAR_DUPLICATE_PHASH,Hamming=9,9,Aphids_Disease,Rhizome_Disease_Roots,27a521e71ff45155e447c5ab6c700003639b3607274529f289a13255e4c307f0,3a652734257559efc017044a527d4be6683a935a05e18c03b9115f80560df8be
aphids_disease_(50).jpg,Rhizome Disease Root00119.JPG,Dataset_01_jtttfbx342,Dataset_02_g46dvrcvwn,NEAR_DUPLICATE_PHASH,Hamming=9,9,Aphids_Disease,Rhizome_Disease_Roots,27a521e71ff45155e447c5ab6c700003639b3607274529f289a13255e4c307f0,3860ca121dc7be8a9b92246d9524d17e1638a64bf917d306d2677a941a170454
aphids_disease_(50).jpg,Rhizome Healthy Root00102.JPG,Dataset_01_jtttfbx342,Dataset_02_g46dvrcvwn,NEAR_DUPLICATE_PHASH,Hamming=10,10,Aphids_Disease,Rhizome_Healthy_Roots,27a521e71ff45155e447c5ab6c700003639b3607274529f289a13255e4c307f0,42ed63fbc1a84d627ef27ec356342cf7d62182b1cfb585f9cbc082ed88702993
aphids_disease_(50).jpg,Rhizome Healthy Root00103.JPG,Dataset_01_jtttfbx342,Dataset_02_g46dvrcvwn,NEAR_DUPLICATE_PHASH,Hamming=10,10,Aphids_Disease,Rhizome_Healthy_Roots,27a521e71ff45155e447c5ab6c700003639b3607274529f289a13255e4c307f0,1a182a290d5ec92d08bc0bb7826ce7992966ad9ac025b6731f8d48f1b0071cec
aphids_disease_(50).jpg,Rhizome Healthy Root00104.JPG,Dataset_01_jtttfbx342,Dataset_02_g46dvrcvwn,NEAR_DUPLICATE_PHASH,Hamming=9,9,Aphids_Disease,Rhizome_Healthy_Roots,27a521e71ff45155e447c5ab6c700003639b3607274529f289a13255e4c307f0,c6e84c358fef466d5d651d6badc72f487938a8971667c64a8b9cd6ba4e2a15f6
aphids_disease_(54).jpg,Dry Leaf00138.JPG,Dataset_01_jtttfbx342,Dataset_02_g46dvrcvwn,NEAR_DUPLICATE_PHASH,Hamming=9,9,Aphids_Disease,Dry_Leaf,7e1571e53fe2088b022c1495c155811eafa007806be5f6108b62a8f59a1a3e15,48a137a521fcf8c5bf0f80670022143942508551f0f3047e9f590ff294fc2316
aphids_disease_(54).jpg,Dry Leaf00176.JPG,Dataset_01_jtttfbx342,Dataset_02_g46dvrcvwn,NEAR_DUPLICATE_PHASH,Hamming=10,10,Aphids_Disease,Dry_Leaf,7e1571e53fe2088b022c1495c155811eafa007806be5f6108b62a8f59a1a3e15,e2798921e1d022ec827d83afeaa8b32bf3a19d63efd6b1748ab33eb8fb11054b
aphids_disease_(54).jpg,Dry Leaf00177.JPG,Dataset_01_jtttfbx342,Dataset_02_g46dvrcvwn,NEAR_DUPLICATE_PHASH,Hamming=10,10,Aphids_Disease,Dry_Leaf,7e1571e53fe2088b022c1495c155811eafa007806be5f6108b62a8f59a1a3e15,4ed045f4c2ba0d71793baa225ce8ad12ef80e540a0890f9be0ca911fcce3ba47
aphids_disease_(55).jpg,Dry Leaf00021.JPG,Dataset_01_jtttfbx342,Dataset_02_g46dvrcvwn,NEAR_DUPLICATE_PHASH,Hamming=9,9,Aphids_Disease,Dry_Leaf,5cfb25b067681d42f974e842ed7aff68938e55753e62a0396debd078afc376e4,80b07af320ce31e8a146fc8c36d40920359a994dbb7ce32c5c787d0e269bb363
aphids_disease_(55).jpg,Dry Leaf00079.JPG,Dataset_01_jtttfbx342,Dataset_02_g46dvrcvwn,NEAR_DUPLICATE_PHASH,Hamming=10,10,Aphids_Disease,Dry_Leaf,5cfb25b067681d42f974e842ed7aff68938e55753e62a0396debd078afc376e4,1f6e087d7212035df77783d7de4752f7700ec05b7df4e4a76f3f7282d7157451
aphids_disease_(55).jpg,Dry Leaf00099.JPG,Dataset_01_jtttfbx342,Dataset_02_g46dvrcvwn,NEAR_DUPLICATE_PHASH,Hamming=10,10,Aphids_Disease,Dry_Leaf,5cfb25b067681d42f974e842ed7aff68938e55753e62a0396debd078afc376e4,90f2bf2684a759f96385d1e421eed88e187915a5a7a6cd2ed7e1daec095fca4b
aphids_disease_(55).jpg,Dry Leaf00100.JPG,Dataset_01_jtttfbx342,Dataset_02_g46dvrcvwn,NEAR_DUPLICATE_PHASH,Hamming=9,9,Aphids_Disease,Dry_Leaf,5cfb25b067681d42f974e842ed7aff68938e55753e62a0396debd078afc376e4,b59ac801dc168808d912a67b0bef41184f32dbaf6a28275e3499663538cb2fb2
aphids_disease_(55).jpg,Dry Leaf00132.JPG,Dataset_01_jtttfbx342,Dataset_02_g46dvrcvwn,NEAR_DUPLICATE_PHASH,Hamming=8,8,Aphids_Disease,Dry_Leaf,5cfb25b067681d42f974e842ed7aff68938e55753e62a0396debd078afc376e4,6ad1984ab2f5869d796580739ddc3fde3e5a24608a21d4b99e04304fa8f4d850
aphids_disease_(55).jpg,Leaf Blotch00005.JPG,Dataset_01_jtttfbx342,Dataset_02_g46dvrcvwn,NEAR_DUPLICATE_PHASH,Hamming=10,10,Aphids_Disease,Leaf_Blotch,5cfb25b067681d42f974e842ed7aff68938e55753e62a0396debd078afc376e4,b5226d7c1649a14108ea4d4cb07f7891e66ce892f3f25536e7c1e20665c8d718
aphids_disease_(55).jpg,Rhizome Disease Root00114.JPG,Dataset_01_jtttfbx342,Dataset_02_g46dvrcvwn,NEAR_DUPLICATE_PHASH,Hamming=8,8,Aphids_Disease,Rhizome_Disease_Roots,5cfb25b067681d42f974e842ed7aff68938e55753e62a0396debd078afc376e4,3a652734257559efc017044a527d4be6683a935a05e18c03b9115f80560df8be
aphids_disease_(55).jpg,Rhizome Healthy Root00104.JPG,Dataset_01_jtttfbx342,Dataset_02_g46dvrcvwn,NEAR_DUPLICATE_PHASH,Hamming=10,10,Aphids_Disease,Rhizome_Healthy_Roots,5cfb25b067681d42f974e842ed7aff68938e55753e62a0396debd078afc376e4,c6e84c358fef466d5d651d6badc72f487938a8971667c64a8b9cd6ba4e2a15f6
aphids_disease_(56).jpg,Dry Leaf00082.JPG,Dataset_01_jtttfbx342,Dataset_02_g46dvrcvwn,NEAR_DUPLICATE_PHASH,Hamming=7,7,Aphids_Disease,Dry_Leaf,2e03dbee1d15cd3d591d2a7e08f15cd821f4c7639d21ae5290902fca9d9c20e6,0fef36b29f2c7149a46f1781d1a4edbd110d22d5b39a80b27eba7248551a7943
aphids_disease_(56).jpg,Dry Leaf00122.JPG,Dataset_01_jtttfbx342,Dataset_02_g46dvrcvwn,NEAR_DUPLICATE_PHASH,Hamming=9,9,Aphids_Disease,Dry_Leaf,2e03dbee1d15cd3d591d2a7e08f15cd821f4c7639d21ae5290902fca9d9c20e6,f4c98e627b86f34d545dfa70f914b5a3482f9dac29e37e4277a46b7a042753b4
aphids_disease_(56).jpg,Dry Leaf00143.JPG,Dataset_01_jtttfbx342,Dataset_02_g46dvrcvwn,NEAR_DUPLICATE_PHASH,Hamming=7,7,Aphids_Disease,Dry_Leaf,2e03dbee1d15cd3d591d2a7e08f15cd821f4c7639d21ae5290902fca9d9c20e6,264aaf55af985e2d563adbfe4338e6d7666deb78327e547e536cc5a3f2933d56
aphids_disease_(56).jpg,Rhizome Disease Root00114.JPG,Dataset_01_jtttfbx342,Dataset_02_g46dvrcvwn,NEAR_DUPLICATE_PHASH,Hamming=10,10,Aphids_Disease,Rhizome_Disease_Roots,2e03dbee1d15cd3d591d2a7e08f15cd821f4c7639d21ae5290902fca9d9c20e6,3a652734257559efc017044a527d4be6683a935a05e18c03b9115f80560df8be
aphids_disease_(56).jpg,Rhizome Disease Root00177.JPG,Dataset_01_jtttfbx342,Dataset_02_g46dvrcvwn,NEAR_DUPLICATE_PHASH,Hamming=10,10,Aphids_Disease,Rhizome_Disease_Roots,2e03dbee1d15cd3d591d2a7e08f15cd821f4c7639d21ae5290902fca9d9c20e6,276b2fbf8fb4aa22e2e4620de638eae23b77e0cdd258724c9381c92bbe0b0c0d
aphids_disease_(57).jpg,Dry Leaf00082.JPG,Dataset_01_jtttfbx342,Dataset_02_g46dvrcvwn,NEAR_DUPLICATE_PHASH,Hamming=8,8,Aphids_Disease,Dry_Leaf,81863d56740a3f3397dcacceacf88942e170000a61b038a794af6d21d056835c,0fef36b29f2c7149a46f1781d1a4edbd110d22d5b39a80b27eba7248551a7943
aphids_disease_(57).jpg,Dry Leaf00103.JPG,Dataset_01_jtttfbx342,Dataset_02_g46dvrcvwn,NEAR_DUPLICATE_PHASH,Hamming=10,10,Aphids_Disease,Dry_Leaf,81863d56740a3f3397dcacceacf88942e170000a61b038a794af6d21d056835c,bbfb3df38cb3490b790738984ea414551d8babc594859e0349b9edea546188c8
aphids_disease_(57).jpg,Dry Leaf00143.JPG,Dataset_01_jtttfbx342,Dataset_02_g46dvrcvwn,NEAR_DUPLICATE_PHASH,Hamming=6,6,Aphids_Disease,Dry_Leaf,81863d56740a3f3397dcacceacf88942e170000a61b038a794af6d21d056835c,264aaf55af985e2d563adbfe4338e6d7666deb78327e547e536cc5a3f2933d56
aphids_disease_(57).jpg,Leaf Blotch00004.JPG,Dataset_01_jtttfbx342,Dataset_02_g46dvrcvwn,NEAR_DUPLICATE_PHASH,Hamming=8,8,Aphids_Disease,Leaf_Blotch,81863d56740a3f3397dcacceacf88942e170000a61b038a794af6d21d056835c,a96b36433507af73e39df1d2ad9989e773b79c0d27ae1ebfbf5ecc18de823a07
aphids_disease_(57).jpg,Leaf Blotch00005.JPG,Dataset_01_jtttfbx342,Dataset_02_g46dvrcvwn,NEAR_DUPLICATE_PHASH,Hamming=9,9,Aphids_Disease,Leaf_Blotch,81863d56740a3f3397dcacceacf88942e170000a61b038a794af6d21d056835c,b5226d7c1649a14108ea4d4cb07f7891e66ce892f3f25536e7c1e20665c8d718
aphids_disease_(57).jpg,Leaf Blotch00010.JPG,Dataset_01_jtttfbx342,Dataset_02_g46dvrcvwn,NEAR_DUPLICATE_PHASH,Hamming=10,10,Aphids_Disease,Leaf_Blotch,81863d56740a3f3397dcacceacf88942e170000a61b038a794af6d21d056835c,3197e2822de599021d133b9768cc32b77177d96d791f65244880d4b84c54b147
aphids_disease_(57).jpg,Rhizome Disease Root00004.JPG,Dataset_01_jtttfbx342,Dataset_02_g46dvrcvwn,NEAR_DUPLICATE_PHASH,Hamming=9,9,Aphids_Disease,Rhizome_Disease_Roots,81863d56740a3f3397dcacceacf88942e170000a61b038a794af6d21d056835c,6f6e64319c0d1bab197b171a1f9a7efdec00a918a246926057b9e33d25fb5eee
aphids_disease_(57).jpg,Rhizome Disease Root00107.JPG,Dataset_01_jtttfbx342,Dataset_02_g46dvrcvwn,NEAR_DUPLICATE_PHASH,Hamming=10,10,Aphids_Disease,Rhizome_Disease_Roots,81863d56740a3f3397dcacceacf88942e170000a61b038a794af6d21d056835c,20764c6b0d747374c65cb38dc7b917de2cb9f7b1a2646232c20a1cb9569d8bed
aphids_disease_(57).jpg,Rhizome Disease Root00114.JPG,Dataset_01_jtttfbx342,Dataset_02_g46dvrcvwn,NEAR_DUPLICATE_PHASH,Hamming=7,7,Aphids_Disease,Rhizome_Disease_Roots,81863d56740a3f3397dcacceacf88942e170000a61b038a794af6d21d056835c,3a652734257559efc017044a527d4be6683a935a05e18c03b9115f80560df8be
aphids_disease_(57).jpg,Rhizome Healthy Root00005.JPG,Dataset_01_jtttfbx342,Dataset_02_g46dvrcvwn,NEAR_DUPLICATE_PHASH,Hamming=9,9,Aphids_Disease,Rhizome_Healthy_Roots,81863d56740a3f3397dcacceacf88942e170000a61b038a794af6d21d056835c,02920aea4176a0ea323a01f02ab035392b319a65c8f7716836b65d21ee084010
aphids_disease_(57).jpg,Rhizome Healthy Root00029.JPG,Dataset_01_jtttfbx342,Dataset_02_g46dvrcvwn,NEAR_DUPLICATE_PHASH,Hamming=10,10,Aphids_Disease,Rhizome_Healthy_Roots,81863d56740a3f3397dcacceacf88942e170000a61b038a794af6d21d056835c,3835df92135db2ba80f4dc67dd51d4ab10db2fd18fa835a53280dd4318d1c91a
aphids_disease_(57).jpg,Rhizome Healthy Root00030.JPG,Dataset_01_jtttfbx342,Dataset_02_g46dvrcvwn,NEAR_DUPLICATE_PHASH,Hamming=10,10,Aphids_Disease,Rhizome_Healthy_Roots,81863d56740a3f3397dcacceacf88942e170000a61b038a794af6d21d056835c,5ce7923d7a7e7b4bd048f205c90e9a9a8d400d2fd8cf48fec15ac85b74cc3468
aphids_disease_(57).jpg,Rhizome Healthy Root00031.JPG,Dataset_01_jtttfbx342,Dataset_02_g46dvrcvwn,NEAR_DUPLICATE_PHASH,Hamming=10,10,Aphids_Disease,Rhizome_Healthy_Roots,81863d56740a3f3397dcacceacf88942e170000a61b038a794af6d21d056835c,be1d95036007d6dc54776a298c8ed737b1c2ae0a0b8d9720d368b6fd64dfef46
aphids_disease_(57).jpg,Rhizome Healthy Root00106.JPG,Dataset_01_jtttfbx342,Dataset_02_g46dvrcvwn,NEAR_DUPLICATE_PHASH,Hamming=10,10,Aphids_Disease,Rhizome_Healthy_Roots,81863d56740a3f3397dcacceacf88942e170000a61b038a794af6d21d056835c,792099df3f2fb91a62d25fc739635a820e6c5be3fb678f74f5b5b0d40f2c3209
aphids_disease_(57).jpg,Rhizome Healthy Root00232.JPG,Dataset_01_jtttfbx342,Dataset_02_g46dvrcvwn,NEAR_DUPLICATE_PHASH,Hamming=9,9,Aphids_Disease,Rhizome_Healthy_Roots,81863d56740a3f3397dcacceacf88942e170000a61b038a794af6d21d056835c,bc937e060206b7ac479f3eee51788f6e75bc98567118a529ef1b20784b1f366c
aphids_disease_(57).jpg,Rhizome Healthy Root00302.JPG,Dataset_01_jtttfbx342,Dataset_02_g46dvrcvwn,NEAR_DUPLICATE_PHASH,Hamming=10,10,Aphids_Disease,Rhizome_Healthy_Roots,81863d56740a3f3397dcacceacf88942e170000a61b038a794af6d21d056835c,1b056c0bec593d0fb2c3b1ab4b9d24f80ed054d4ea4c181663cd9794f0288604
aphids_disease_(58).jpg,Dry Leaf00100.JPG,Dataset_01_jtttfbx342,Dataset_02_g46dvrcvwn,NEAR_DUPLICATE_PHASH,Hamming=9,9,Aphids_Disease,Dry_Leaf,b367a1a2c5b37b982ec74075ca4af46ae49926946cd212be5ebe0dd9a5ee5f90,b59ac801dc168808d912a67b0bef41184f32dbaf6a28275e3499663538cb2fb2
aphids_disease_(58).jpg,Dry Leaf00132.JPG,Dataset_01_jtttfbx342,Dataset_02_g46dvrcvwn,NEAR_DUPLICATE_PHASH,Hamming=10,10,Aphids_Disease,Dry_Leaf,b367a1a2c5b37b982ec74075ca4af46ae49926946cd212be5ebe0dd9a5ee5f90,6ad1984ab2f5869d796580739ddc3fde3e5a24608a21d4b99e04304fa8f4d850
aphids_disease_(58).jpg,Dry Leaf00189.JPG,Dataset_01_jtttfbx342,Dataset_02_g46dvrcvwn,NEAR_DUPLICATE_PHASH,Hamming=10,10,Aphids_Disease,Dry_Leaf,b367a1a2c5b37b982ec74075ca4af46ae49926946cd212be5ebe0dd9a5ee5f90,e9931494175e3e5645f934f7f99fdc81a783ad520fb0078cef333cb05cb65fce
aphids_disease_(58).jpg,Rhizome Disease Root00114.JPG,Dataset_01_jtttfbx342,Dataset_02_g46dvrcvwn,NEAR_DUPLICATE_PHASH,Hamming=10,10,Aphids_Disease,Rhizome_Disease_Roots,b367a1a2c5b37b982ec74075ca4af46ae49926946cd212be5ebe0dd9a5ee5f90,3a652734257559efc017044a527d4be6683a935a05e18c03b9115f80560df8be
aphids_disease_(58).jpg,Rhizome Healthy Root00024.JPG,Dataset_01_jtttfbx342,Dataset_02_g46dvrcvwn,NEAR_DUPLICATE_PHASH,Hamming=10,10,Aphids_Disease,Rhizome_Healthy_Roots,b367a1a2c5b37b982ec74075ca4af46ae49926946cd212be5ebe0dd9a5ee5f90,aee3163751aae1c2194e061cc5be15c4ec5e2688c78c5e434db62615e22b0429
aphids_disease_(58).jpg,Rhizome Healthy Root00027.JPG,Dataset_01_jtttfbx342,Dataset_02_g46dvrcvwn,NEAR_DUPLICATE_PHASH,Hamming=10,10,Aphids_Disease,Rhizome_Healthy_Roots,b367a1a2c5b37b982ec74075ca4af46ae49926946cd212be5ebe0dd9a5ee5f90,581455dd1795265737fcdb0c98151c8efd0e53c4bbdfed210adc16f86b63a000
aphids_disease_(58).jpg,Rhizome Healthy Root00029.JPG,Dataset_01_jtttfbx342,Dataset_02_g46dvrcvwn,NEAR_DUPLICATE_PHASH,Hamming=9,9,Aphids_Disease,Rhizome_Healthy_Roots,b367a1a2c5b37b982ec74075ca4af46ae49926946cd212be5ebe0dd9a5ee5f90,3835df92135db2ba80f4dc67dd51d4ab10db2fd18fa835a53280dd4318d1c91a
aphids_disease_(58).jpg,Rhizome Healthy Root00030.JPG,Dataset_01_jtttfbx342,Dataset_02_g46dvrcvwn,NEAR_DUPLICATE_PHASH,Hamming=9,9,Aphids_Disease,Rhizome_Healthy_Roots,b367a1a2c5b37b982ec74075ca4af46ae49926946cd212be5ebe0dd9a5ee5f90,5ce7923d7a7e7b4bd048f205c90e9a9a8d400d2fd8cf48fec15ac85b74cc3468
aphids_disease_(58).jpg,Rhizome Healthy Root00031.JPG,Dataset_01_jtttfbx342,Dataset_02_g46dvrcvwn,NEAR_DUPLICATE_PHASH,Hamming=9,9,Aphids_Disease,Rhizome_Healthy_Roots,b367a1a2c5b37b982ec74075ca4af46ae49926946cd212be5ebe0dd9a5ee5f90,be1d95036007d6dc54776a298c8ed737b1c2ae0a0b8d9720d368b6fd64dfef46
aphids_disease_(58).jpg,Rhizome Healthy Root00279.JPG,Dataset_01_jtttfbx342,Dataset_02_g46dvrcvwn,NEAR_DUPLICATE_PHASH,Hamming=10,10,Aphids_Disease,Rhizome_Healthy_Roots,b367a1a2c5b37b982ec74075ca4af46ae49926946cd212be5ebe0dd9a5ee5f90,97a26b9d2ee6ac615c57f888738dd4ede40f799fb65686dcf6ba1958b86eff48
aphids_disease_(58).jpg,Rhizome Healthy Root00280.JPG,Dataset_01_jtttfbx342,Dataset_02_g46dvrcvwn,NEAR_DUPLICATE_PHASH,Hamming=10,10,Aphids_Disease,Rhizome_Healthy_Roots,b367a1a2c5b37b982ec74075ca4af46ae49926946cd212be5ebe0dd9a5ee5f90,d9a71f80077fa2eabdb4058ffc6feab0203557641e7d1dd0c423982ee4f385c7
aphids_disease_(58).jpg,Rhizome Healthy Root00281.JPG,Dataset_01_jtttfbx342,Dataset_02_g46dvrcvwn,NEAR_DUPLICATE_PHASH,Hamming=10,10,Aphids_Disease,Rhizome_Healthy_Roots,b367a1a2c5b37b982ec74075ca4af46ae49926946cd212be5ebe0dd9a5ee5f90,ca63a8e20a20ef7821ec2db1ea71e4c4c929571bf22458f59d8d37c772e6c58b
aphids_disease_(58).jpg,Rhizome Healthy Root00304.JPG,Dataset_01_jtttfbx342,Dataset_02_g46dvrcvwn,NEAR_DUPLICATE_PHASH,Hamming=10,10,Aphids_Disease,Rhizome_Healthy_Roots,b367a1a2c5b37b982ec74075ca4af46ae49926946cd212be5ebe0dd9a5ee5f90,ab003fdf91d56ef672021bfff6e5ba5826da3116107f32ce59b5bf824d3f429b
aphids_disease_(59).jpg,Dry Leaf00138.JPG,Dataset_01_jtttfbx342,Dataset_02_g46dvrcvwn,NEAR_DUPLICATE_PHASH,Hamming=10,10,Aphids_Disease,Dry_Leaf,7e1e196c0809671f1674d5715861be606da04f97cd172e16feb31da97dbf7500,48a137a521fcf8c5bf0f80670022143942508551f0f3047e9f590ff294fc2316
aphids_disease_(59).jpg,Dry Leaf00143.JPG,Dataset_01_jtttfbx342,Dataset_02_g46dvrcvwn,NEAR_DUPLICATE_PHASH,Hamming=10,10,Aphids_Disease,Dry_Leaf,7e1e196c0809671f1674d5715861be606da04f97cd172e16feb31da97dbf7500,264aaf55af985e2d563adbfe4338e6d7666deb78327e547e536cc5a3f2933d56
aphids_disease_(61).jpg,Dry Leaf00143.JPG,Dataset_01_jtttfbx342,Dataset_02_g46dvrcvwn,NEAR_DUPLICATE_PHASH,Hamming=9,9,Aphids_Disease,Dry_Leaf,c921ac93d53fe95536c82474cc30cc913e519a612c444c647cb10332d6266ff5,264aaf55af985e2d563adbfe4338e6d7666deb78327e547e536cc5a3f2933d56
aphids_disease_(63).jpg,Rhizome Disease Root00135.JPG,Dataset_01_jtttfbx342,Dataset_02_g46dvrcvwn,NEAR_DUPLICATE_PHASH,Hamming=10,10,Aphids_Disease,Rhizome_Disease_Roots,a9827782b86e522becf86cc1d6bfe45362c1afa1975e0acc896de0c7ac4e2cb6,8e91e44e52bc868ee19f622f2ce3184f57305d6db34af7bc650a337cb30b0fde
aphids_disease_(62).jpg,Dry Leaf00100.JPG,Dataset_01_jtttfbx342,Dataset_02_g46dvrcvwn,NEAR_DUPLICATE_PHASH,Hamming=10,10,Aphids_Disease,Dry_Leaf,333989a7410db378c2b798cdc1dc3b5d82694d2aa1a499499794c004ee05a180,b59ac801dc168808d912a67b0bef41184f32dbaf6a28275e3499663538cb2fb2
aphids_disease_(62).jpg,Rhizome Disease Root00114.JPG,Dataset_01_jtttfbx342,Dataset_02_g46dvrcvwn,NEAR_DUPLICATE_PHASH,Hamming=9,9,Aphids_Disease,Rhizome_Disease_Roots,333989a7410db378c2b798cdc1dc3b5d82694d2aa1a499499794c004ee05a180,3a652734257559efc017044a527d4be6683a935a05e18c03b9115f80560df8be
aphids_disease_(62).jpg,Rhizome Healthy Root00302.JPG,Dataset_01_jtttfbx342,Dataset_02_g46dvrcvwn,NEAR_DUPLICATE_PHASH,Hamming=10,10,Aphids_Disease,Rhizome_Healthy_Roots,333989a7410db378c2b798cdc1dc3b5d82694d2aa1a499499794c004ee05a180,1b056c0bec593d0fb2c3b1ab4b9d24f80ed054d4ea4c181663cd9794f0288604
aphids_disease_(6).jpg,Dry Leaf00067.JPG,Dataset_01_jtttfbx342,Dataset_02_g46dvrcvwn,NEAR_DUPLICATE_PHASH,Hamming=9,9,Aphids_Disease,Dry_Leaf,7bfee0020d750235ccfec3253ca180faad15f7ea3c3895a0983a8837363da289,eba9a2689362d0aac2ad26c333ca8248159062925e78a32e3e7d974e4083e79f
aphids_disease_(6).jpg,Dry Leaf00106.JPG,Dataset_01_jtttfbx342,Dataset_02_g46dvrcvwn,NEAR_DUPLICATE_PHASH,Hamming=8,8,Aphids_Disease,Dry_Leaf,7bfee0020d750235ccfec3253ca180faad15f7ea3c3895a0983a8837363da289,bf51d86e769f79565126a609d7663982a5939e707036279be63053b07f71726b
aphids_disease_(66).jpg,Dry Leaf00138.JPG,Dataset_01_jtttfbx342,Dataset_02_g46dvrcvwn,NEAR_DUPLICATE_PHASH,Hamming=10,10,Aphids_Disease,Dry_Leaf,40cb596997dd52a84591ea70ba44994d8b2e7cca4db9918e29463027920ec8b2,48a137a521fcf8c5bf0f80670022143942508551f0f3047e9f590ff294fc2316
aphids_disease_(67).jpg,Dry Leaf00021.JPG,Dataset_01_jtttfbx342,Dataset_02_g46dvrcvwn,NEAR_DUPLICATE_PHASH,Hamming=10,10,Aphids_Disease,Dry_Leaf,dbc4a54834f75d3f45dc01b8958d8ed3f97ae6555d30974cf189254f95fd9461,80b07af320ce31e8a146fc8c36d40920359a994dbb7ce32c5c787d0e269bb363
aphids_disease_(67).jpg,Dry Leaf00122.JPG,Dataset_01_jtttfbx342,Dataset_02_g46dvrcvwn,NEAR_DUPLICATE_PHASH,Hamming=4,4,Aphids_Disease,Dry_Leaf,dbc4a54834f75d3f45dc01b8958d8ed3f97ae6555d30974cf189254f95fd9461,f4c98e627b86f34d545dfa70f914b5a3482f9dac29e37e4277a46b7a042753b4
aphids_disease_(67).jpg,Dry Leaf00138.JPG,Dataset_01_jtttfbx342,Dataset_02_g46dvrcvwn,NEAR_DUPLICATE_PHASH,Hamming=10,10,Aphids_Disease,Dry_Leaf,dbc4a54834f75d3f45dc01b8958d8ed3f97ae6555d30974cf189254f95fd9461,48a137a521fcf8c5bf0f80670022143942508551f0f3047e9f590ff294fc2316
aphids_disease_(67).jpg,Dry Leaf00189.JPG,Dataset_01_jtttfbx342,Dataset_02_g46dvrcvwn,NEAR_DUPLICATE_PHASH,Hamming=9,9,Aphids_Disease,Dry_Leaf,dbc4a54834f75d3f45dc01b8958d8ed3f97ae6555d30974cf189254f95fd9461,e9931494175e3e5645f934f7f99fdc81a783ad520fb0078cef333cb05cb65fce
aphids_disease_(67).jpg,Leaf Blotch00011.JPG,Dataset_01_jtttfbx342,Dataset_02_g46dvrcvwn,NEAR_DUPLICATE_PHASH,Hamming=10,10,Aphids_Disease,Leaf_Blotch,dbc4a54834f75d3f45dc01b8958d8ed3f97ae6555d30974cf189254f95fd9461,eb7a12979ed145ac65973d93bb68efb106fa425b3fffce4aaac857552e900cb6
aphids_disease_(67).jpg,Rhizome Disease Root00114.JPG,Dataset_01_jtttfbx342,Dataset_02_g46dvrcvwn,NEAR_DUPLICATE_PHASH,Hamming=9,9,Aphids_Disease,Rhizome_Disease_Roots,dbc4a54834f75d3f45dc01b8958d8ed3f97ae6555d30974cf189254f95fd9461,3a652734257559efc017044a527d4be6683a935a05e18c03b9115f80560df8be
aphids_disease_(67).jpg,Rhizome Healthy Root00102.JPG,Dataset_01_jtttfbx342,Dataset_02_g46dvrcvwn,NEAR_DUPLICATE_PHASH,Hamming=8,8,Aphids_Disease,Rhizome_Healthy_Roots,dbc4a54834f75d3f45dc01b8958d8ed3f97ae6555d30974cf189254f95fd9461,42ed63fbc1a84d627ef27ec356342cf7d62182b1cfb585f9cbc082ed88702993
aphids_disease_(67).jpg,Rhizome Healthy Root00103.JPG,Dataset_01_jtttfbx342,Dataset_02_g46dvrcvwn,NEAR_DUPLICATE_PHASH,Hamming=8,8,Aphids_Disease,Rhizome_Healthy_Roots,dbc4a54834f75d3f45dc01b8958d8ed3f97ae6555d30974cf189254f95fd9461,1a182a290d5ec92d08bc0bb7826ce7992966ad9ac025b6731f8d48f1b0071cec
aphids_disease_(67).jpg,Rhizome Healthy Root00104.JPG,Dataset_01_jtttfbx342,Dataset_02_g46dvrcvwn,NEAR_DUPLICATE_PHASH,Hamming=7,7,Aphids_Disease,Rhizome_Healthy_Roots,dbc4a54834f75d3f45dc01b8958d8ed3f97ae6555d30974cf189254f95fd9461,c6e84c358fef466d5d651d6badc72f487938a8971667c64a8b9cd6ba4e2a15f6
aphids_disease_(67).jpg,Rhizome Healthy Root00105.JPG,Dataset_01_jtttfbx342,Dataset_02_g46dvrcvwn,NEAR_DUPLICATE_PHASH,Hamming=9,9,Aphids_Disease,Rhizome_Healthy_Roots,dbc4a54834f75d3f45dc01b8958d8ed3f97ae6555d30974cf189254f95fd9461,a2fcddb1e0a5ba244dbb5b164d340f19134e3e15c383d7fff18cf654f226249f
aphids_disease_(67).jpg,Rhizome Healthy Root00106.JPG,Dataset_01_jtttfbx342,Dataset_02_g46dvrcvwn,NEAR_DUPLICATE_PHASH,Hamming=8,8,Aphids_Disease,Rhizome_Healthy_Roots,dbc4a54834f75d3f45dc01b8958d8ed3f97ae6555d30974cf189254f95fd9461,792099df3f2fb91a62d25fc739635a820e6c5be3fb678f74f5b5b0d40f2c3209
aphids_disease_(68).jpg,Dry Leaf00122.JPG,Dataset_01_jtttfbx342,Dataset_02_g46dvrcvwn,NEAR_DUPLICATE_PHASH,Hamming=10,10,Aphids_Disease,Dry_Leaf,09d37851487ceb48248d23860e864f4cdbdc9948c526807ab7b7a3b78c259635,f4c98e627b86f34d545dfa70f914b5a3482f9dac29e37e4277a46b7a042753b4
aphids_disease_(69).jpg,Dry Leaf00138.JPG,Dataset_01_jtttfbx342,Dataset_02_g46dvrcvwn,NEAR_DUPLICATE_PHASH,Hamming=7,7,Aphids_Disease,Dry_Leaf,5f4be2c53d6d6da1a670a1a9bcf354804d151fd11eb54b47c4b52ca5a5b5ba4e,48a137a521fcf8c5bf0f80670022143942508551f0f3047e9f590ff294fc2316
aphids_disease_(69).jpg,Dry Leaf00176.JPG,Dataset_01_jtttfbx342,Dataset_02_g46dvrcvwn,NEAR_DUPLICATE_PHASH,Hamming=10,10,Aphids_Disease,Dry_Leaf,5f4be2c53d6d6da1a670a1a9bcf354804d151fd11eb54b47c4b52ca5a5b5ba4e,e2798921e1d022ec827d83afeaa8b32bf3a19d63efd6b1748ab33eb8fb11054b
aphids_disease_(69).jpg,Dry Leaf00177.JPG,Dataset_01_jtttfbx342,Dataset_02_g46dvrcvwn,NEAR_DUPLICATE_PHASH,Hamming=10,10,Aphids_Disease,Dry_Leaf,5f4be2c53d6d6da1a670a1a9bcf354804d151fd11eb54b47c4b52ca5a5b5ba4e,4ed045f4c2ba0d71793baa225ce8ad12ef80e540a0890f9be0ca911fcce3ba47
aphids_disease_(7).jpg,Dry Leaf00100.JPG,Dataset_01_jtttfbx342,Dataset_02_g46dvrcvwn,NEAR_DUPLICATE_PHASH,Hamming=10,10,Aphids_Disease,Dry_Leaf,de112d96935c56167fe5fa44864f0d303e51c549ea6f9f3e7ba7301c1c5986bd,b59ac801dc168808d912a67b0bef41184f32dbaf6a28275e3499663538cb2fb2
aphids_disease_(7).jpg,Rhizome Disease Root00112.JPG,Dataset_01_jtttfbx342,Dataset_02_g46dvrcvwn,NEAR_DUPLICATE_PHASH,Hamming=10,10,Aphids_Disease,Rhizome_Disease_Roots,de112d96935c56167fe5fa44864f0d303e51c549ea6f9f3e7ba7301c1c5986bd,91ae7035e064a6406120fc0ecaa788edd1c48a2b5f20f0c2337b08707f3fbe0f
aphids_disease_(7).jpg,Rhizome Disease Root00114.JPG,Dataset_01_jtttfbx342,Dataset_02_g46dvrcvwn,NEAR_DUPLICATE_PHASH,Hamming=9,9,Aphids_Disease,Rhizome_Disease_Roots,de112d96935c56167fe5fa44864f0d303e51c549ea6f9f3e7ba7301c1c5986bd,3a652734257559efc017044a527d4be6683a935a05e18c03b9115f80560df8be
aphids_disease_(70).jpg,Rhizome Healthy Root00102.JPG,Dataset_01_jtttfbx342,Dataset_02_g46dvrcvwn,NEAR_DUPLICATE_PHASH,Hamming=10,10,Aphids_Disease,Rhizome_Healthy_Roots,e5c7703e02be2664fcf87f4fd156bb712ce83e7b998d5bf997df1df6d93d00cb,42ed63fbc1a84d627ef27ec356342cf7d62182b1cfb585f9cbc082ed88702993
aphids_disease_(70).jpg,Rhizome Healthy Root00103.JPG,Dataset_01_jtttfbx342,Dataset_02_g46dvrcvwn,NEAR_DUPLICATE_PHASH,Hamming=10,10,Aphids_Disease,Rhizome_Healthy_Roots,e5c7703e02be2664fcf87f4fd156bb712ce83e7b998d5bf997df1df6d93d00cb,1a182a290d5ec92d08bc0bb7826ce7992966ad9ac025b6731f8d48f1b0071cec
aphids_disease_(70).jpg,Rhizome Healthy Root00104.JPG,Dataset_01_jtttfbx342,Dataset_02_g46dvrcvwn,NEAR_DUPLICATE_PHASH,Hamming=9,9,Aphids_Disease,Rhizome_Healthy_Roots,e5c7703e02be2664fcf87f4fd156bb712ce83e7b998d5bf997df1df6d93d00cb,c6e84c358fef466d5d651d6badc72f487938a8971667c64a8b9cd6ba4e2a15f6
aphids_disease_(71).jpg,Dry Leaf00082.JPG,Dataset_01_jtttfbx342,Dataset_02_g46dvrcvwn,NEAR_DUPLICATE_PHASH,Hamming=9,9,Aphids_Disease,Dry_Leaf,67133d8ef36689dfc990f7460b2998c8de35a31b4a4e240ef384f88b94454259,0fef36b29f2c7149a46f1781d1a4edbd110d22d5b39a80b27eba7248551a7943
aphids_disease_(71).jpg,Dry Leaf00122.JPG,Dataset_01_jtttfbx342,Dataset_02_g46dvrcvwn,NEAR_DUPLICATE_PHASH,Hamming=9,9,Aphids_Disease,Dry_Leaf,67133d8ef36689dfc990f7460b2998c8de35a31b4a4e240ef384f88b94454259,f4c98e627b86f34d545dfa70f914b5a3482f9dac29e37e4277a46b7a042753b4
aphids_disease_(71).jpg,Dry Leaf00143.JPG,Dataset_01_jtttfbx342,Dataset_02_g46dvrcvwn,NEAR_DUPLICATE_PHASH,Hamming=9,9,Aphids_Disease,Dry_Leaf,67133d8ef36689dfc990f7460b2998c8de35a31b4a4e240ef384f88b94454259,264aaf55af985e2d563adbfe4338e6d7666deb78327e547e536cc5a3f2933d56
aphids_disease_(72).jpg,Dry Leaf00138.JPG,Dataset_01_jtttfbx342,Dataset_02_g46dvrcvwn,NEAR_DUPLICATE_PHASH,Hamming=9,9,Aphids_Disease,Dry_Leaf,1e21bc4d1f1802627849189168227a86a5f1bbcc85433d047962218e0368da43,48a137a521fcf8c5bf0f80670022143942508551f0f3047e9f590ff294fc2316
aphids_disease_(72).jpg,Dry Leaf00177.JPG,Dataset_01_jtttfbx342,Dataset_02_g46dvrcvwn,NEAR_DUPLICATE_PHASH,Hamming=10,10,Aphids_Disease,Dry_Leaf,1e21bc4d1f1802627849189168227a86a5f1bbcc85433d047962218e0368da43,4ed045f4c2ba0d71793baa225ce8ad12ef80e540a0890f9be0ca911fcce3ba47
aphids_disease_(74).jpg,Leaf Blotch00008.JPG,Dataset_01_jtttfbx342,Dataset_02_g46dvrcvwn,NEAR_DUPLICATE_PHASH,Hamming=10,10,Aphids_Disease,Leaf_Blotch,c47f07be637b58f6f84ed156845b3d87060c85f082b20d0aef589c622702abdc,c8bc1c36431f8bba388e437313476fdb6e489866cef23a0f4993352654de43ea
aphids_disease_(74).jpg,Rhizome Disease Root00114.JPG,Dataset_01_jtttfbx342,Dataset_02_g46dvrcvwn,NEAR_DUPLICATE_PHASH,Hamming=9,9,Aphids_Disease,Rhizome_Disease_Roots,c47f07be637b58f6f84ed156845b3d87060c85f082b20d0aef589c622702abdc,3a652734257559efc017044a527d4be6683a935a05e18c03b9115f80560df8be
aphids_disease_(74).jpg,Rhizome Healthy Root00197.JPG,Dataset_01_jtttfbx342,Dataset_02_g46dvrcvwn,NEAR_DUPLICATE_PHASH,Hamming=10,10,Aphids_Disease,Rhizome_Healthy_Roots,c47f07be637b58f6f84ed156845b3d87060c85f082b20d0aef589c622702abdc,a80da83064e1b58fe8d6e41c454b32d0a111e01d0d2fbe1b50a6d5303b8cf8cb
aphids_disease_(74).jpg,Rhizome Healthy Root00302.JPG,Dataset_01_jtttfbx342,Dataset_02_g46dvrcvwn,NEAR_DUPLICATE_PHASH,Hamming=10,10,Aphids_Disease,Rhizome_Healthy_Roots,c47f07be637b58f6f84ed156845b3d87060c85f082b20d0aef589c622702abdc,1b056c0bec593d0fb2c3b1ab4b9d24f80ed054d4ea4c181663cd9794f0288604
aphids_disease_(77).jpg,Dry Leaf00122.JPG,Dataset_01_jtttfbx342,Dataset_02_g46dvrcvwn,NEAR_DUPLICATE_PHASH,Hamming=9,9,Aphids_Disease,Dry_Leaf,799f2682ff19bf0efe4ebc2e0469ed5a8d445b29b45a81659b735aab1fb6cc1a,f4c98e627b86f34d545dfa70f914b5a3482f9dac29e37e4277a46b7a042753b4
aphids_disease_(77).jpg,Dry Leaf00138.JPG,Dataset_01_jtttfbx342,Dataset_02_g46dvrcvwn,NEAR_DUPLICATE_PHASH,Hamming=7,7,Aphids_Disease,Dry_Leaf,799f2682ff19bf0efe4ebc2e0469ed5a8d445b29b45a81659b735aab1fb6cc1a,48a137a521fcf8c5bf0f80670022143942508551f0f3047e9f590ff294fc2316
aphids_disease_(77).jpg,Dry Leaf00189.JPG,Dataset_01_jtttfbx342,Dataset_02_g46dvrcvwn,NEAR_DUPLICATE_PHASH,Hamming=8,8,Aphids_Disease,Dry_Leaf,799f2682ff19bf0efe4ebc2e0469ed5a8d445b29b45a81659b735aab1fb6cc1a,e9931494175e3e5645f934f7f99fdc81a783ad520fb0078cef333cb05cb65fce
aphids_disease_(78).jpg,Dry Leaf00021.JPG,Dataset_01_jtttfbx342,Dataset_02_g46dvrcvwn,NEAR_DUPLICATE_PHASH,Hamming=9,9,Aphids_Disease,Dry_Leaf,b9b2938c685f26612e380e4c4b7d22db5a97559e94fc582cfdabf3d28e334dae,80b07af320ce31e8a146fc8c36d40920359a994dbb7ce32c5c787d0e269bb363
aphids_disease_(78).jpg,Dry Leaf00082.JPG,Dataset_01_jtttfbx342,Dataset_02_g46dvrcvwn,NEAR_DUPLICATE_PHASH,Hamming=9,9,Aphids_Disease,Dry_Leaf,b9b2938c685f26612e380e4c4b7d22db5a97559e94fc582cfdabf3d28e334dae,0fef36b29f2c7149a46f1781d1a4edbd110d22d5b39a80b27eba7248551a7943
aphids_disease_(78).jpg,Dry Leaf00143.JPG,Dataset_01_jtttfbx342,Dataset_02_g46dvrcvwn,NEAR_DUPLICATE_PHASH,Hamming=9,9,Aphids_Disease,Dry_Leaf,b9b2938c685f26612e380e4c4b7d22db5a97559e94fc582cfdabf3d28e334dae,264aaf55af985e2d563adbfe4338e6d7666deb78327e547e536cc5a3f2933d56
aphids_disease_(78).jpg,Leaf Blotch00004.JPG,Dataset_01_jtttfbx342,Dataset_02_g46dvrcvwn,NEAR_DUPLICATE_PHASH,Hamming=5,5,Aphids_Disease,Leaf_Blotch,b9b2938c685f26612e380e4c4b7d22db5a97559e94fc582cfdabf3d28e334dae,a96b36433507af73e39df1d2ad9989e773b79c0d27ae1ebfbf5ecc18de823a07
aphids_disease_(78).jpg,Leaf Blotch00005.JPG,Dataset_01_jtttfbx342,Dataset_02_g46dvrcvwn,NEAR_DUPLICATE_PHASH,Hamming=6,6,Aphids_Disease,Leaf_Blotch,b9b2938c685f26612e380e4c4b7d22db5a97559e94fc582cfdabf3d28e334dae,b5226d7c1649a14108ea4d4cb07f7891e66ce892f3f25536e7c1e20665c8d718
aphids_disease_(78).jpg,Leaf Blotch00010.JPG,Dataset_01_jtttfbx342,Dataset_02_g46dvrcvwn,NEAR_DUPLICATE_PHASH,Hamming=9,9,Aphids_Disease,Leaf_Blotch,b9b2938c685f26612e380e4c4b7d22db5a97559e94fc582cfdabf3d28e334dae,3197e2822de599021d133b9768cc32b77177d96d791f65244880d4b84c54b147
aphids_disease_(78).jpg,Rhizome Disease Root00004.JPG,Dataset_01_jtttfbx342,Dataset_02_g46dvrcvwn,NEAR_DUPLICATE_PHASH,Hamming=10,10,Aphids_Disease,Rhizome_Disease_Roots,b9b2938c685f26612e380e4c4b7d22db5a97559e94fc582cfdabf3d28e334dae,6f6e64319c0d1bab197b171a1f9a7efdec00a918a246926057b9e33d25fb5eee
aphids_disease_(78).jpg,Rhizome Disease Root00114.JPG,Dataset_01_jtttfbx342,Dataset_02_g46dvrcvwn,NEAR_DUPLICATE_PHASH,Hamming=8,8,Aphids_Disease,Rhizome_Disease_Roots,b9b2938c685f26612e380e4c4b7d22db5a97559e94fc582cfdabf3d28e334dae,3a652734257559efc017044a527d4be6683a935a05e18c03b9115f80560df8be
aphids_disease_(78).jpg,Rhizome Healthy Root00105.JPG,Dataset_01_jtttfbx342,Dataset_02_g46dvrcvwn,NEAR_DUPLICATE_PHASH,Hamming=10,10,Aphids_Disease,Rhizome_Healthy_Roots,b9b2938c685f26612e380e4c4b7d22db5a97559e94fc582cfdabf3d28e334dae,a2fcddb1e0a5ba244dbb5b164d340f19134e3e15c383d7fff18cf654f226249f
aphids_disease_(78).jpg,Rhizome Healthy Root00106.JPG,Dataset_01_jtttfbx342,Dataset_02_g46dvrcvwn,NEAR_DUPLICATE_PHASH,Hamming=7,7,Aphids_Disease,Rhizome_Healthy_Roots,b9b2938c685f26612e380e4c4b7d22db5a97559e94fc582cfdabf3d28e334dae,792099df3f2fb91a62d25fc739635a820e6c5be3fb678f74f5b5b0d40f2c3209
aphids_disease_(78).jpg,Rhizome Healthy Root00231.JPG,Dataset_01_jtttfbx342,Dataset_02_g46dvrcvwn,NEAR_DUPLICATE_PHASH,Hamming=10,10,Aphids_Disease,Rhizome_Healthy_Roots,b9b2938c685f26612e380e4c4b7d22db5a97559e94fc582cfdabf3d28e334dae,173ddd1534a3df82138aa24559c71b43a224602176f4c5d40d6408993c002413
aphids_disease_(78).jpg,Rhizome Healthy Root00232.JPG,Dataset_01_jtttfbx342,Dataset_02_g46dvrcvwn,NEAR_DUPLICATE_PHASH,Hamming=8,8,Aphids_Disease,Rhizome_Healthy_Roots,b9b2938c685f26612e380e4c4b7d22db5a97559e94fc582cfdabf3d28e334dae,bc937e060206b7ac479f3eee51788f6e75bc98567118a529ef1b20784b1f366c
aphids_disease_(79).jpg,Dry Leaf00122.JPG,Dataset_01_jtttfbx342,Dataset_02_g46dvrcvwn,NEAR_DUPLICATE_PHASH,Hamming=10,10,Aphids_Disease,Dry_Leaf,92c06bccc21333ed9fcf1f32e93d8a9e61bea45d93272c69d546791bb7ca2012,f4c98e627b86f34d545dfa70f914b5a3482f9dac29e37e4277a46b7a042753b4
aphids_disease_(79).jpg,Rhizome Healthy Root00102.JPG,Dataset_01_jtttfbx342,Dataset_02_g46dvrcvwn,NEAR_DUPLICATE_PHASH,Hamming=10,10,Aphids_Disease,Rhizome_Healthy_Roots,92c06bccc21333ed9fcf1f32e93d8a9e61bea45d93272c69d546791bb7ca2012,42ed63fbc1a84d627ef27ec356342cf7d62182b1cfb585f9cbc082ed88702993
aphids_disease_(79).jpg,Rhizome Healthy Root00103.JPG,Dataset_01_jtttfbx342,Dataset_02_g46dvrcvwn,NEAR_DUPLICATE_PHASH,Hamming=10,10,Aphids_Disease,Rhizome_Healthy_Roots,92c06bccc21333ed9fcf1f32e93d8a9e61bea45d93272c69d546791bb7ca2012,1a182a290d5ec92d08bc0bb7826ce7992966ad9ac025b6731f8d48f1b0071cec
aphids_disease_(82).jpg,Dry Leaf00021.JPG,Dataset_01_jtttfbx342,Dataset_02_g46dvrcvwn,NEAR_DUPLICATE_PHASH,Hamming=10,10,Aphids_Disease,Dry_Leaf,4af89997d3b61e54a2950dabfc6a9002cabc90d060180a596eeea422e0238ffc,80b07af320ce31e8a146fc8c36d40920359a994dbb7ce32c5c787d0e269bb363
aphids_disease_(82).jpg,Rhizome Disease Root00114.JPG,Dataset_01_jtttfbx342,Dataset_02_g46dvrcvwn,NEAR_DUPLICATE_PHASH,Hamming=7,7,Aphids_Disease,Rhizome_Disease_Roots,4af89997d3b61e54a2950dabfc6a9002cabc90d060180a596eeea422e0238ffc,3a652734257559efc017044a527d4be6683a935a05e18c03b9115f80560df8be
aphids_disease_(82).jpg,Rhizome Disease Root00119.JPG,Dataset_01_jtttfbx342,Dataset_02_g46dvrcvwn,NEAR_DUPLICATE_PHASH,Hamming=9,9,Aphids_Disease,Rhizome_Disease_Roots,4af89997d3b61e54a2950dabfc6a9002cabc90d060180a596eeea422e0238ffc,3860ca121dc7be8a9b92246d9524d17e1638a64bf917d306d2677a941a170454
aphids_disease_(82).jpg,Rhizome Disease Root00176.JPG,Dataset_01_jtttfbx342,Dataset_02_g46dvrcvwn,NEAR_DUPLICATE_PHASH,Hamming=9,9,Aphids_Disease,Rhizome_Disease_Roots,4af89997d3b61e54a2950dabfc6a9002cabc90d060180a596eeea422e0238ffc,4f668ea4799377a46be43218163c55f7774abdc0b33fc941041410a16945444d
aphids_disease_(82).jpg,Rhizome Healthy Root00029.JPG,Dataset_01_jtttfbx342,Dataset_02_g46dvrcvwn,NEAR_DUPLICATE_PHASH,Hamming=10,10,Aphids_Disease,Rhizome_Healthy_Roots,4af89997d3b61e54a2950dabfc6a9002cabc90d060180a596eeea422e0238ffc,3835df92135db2ba80f4dc67dd51d4ab10db2fd18fa835a53280dd4318d1c91a
aphids_disease_(82).jpg,Rhizome Healthy Root00030.JPG,Dataset_01_jtttfbx342,Dataset_02_g46dvrcvwn,NEAR_DUPLICATE_PHASH,Hamming=10,10,Aphids_Disease,Rhizome_Healthy_Roots,4af89997d3b61e54a2950dabfc6a9002cabc90d060180a596eeea422e0238ffc,5ce7923d7a7e7b4bd048f205c90e9a9a8d400d2fd8cf48fec15ac85b74cc3468
aphids_disease_(82).jpg,Rhizome Healthy Root00031.JPG,Dataset_01_jtttfbx342,Dataset_02_g46dvrcvwn,NEAR_DUPLICATE_PHASH,Hamming=10,10,Aphids_Disease,Rhizome_Healthy_Roots,4af89997d3b61e54a2950dabfc6a9002cabc90d060180a596eeea422e0238ffc,be1d95036007d6dc54776a298c8ed737b1c2ae0a0b8d9720d368b6fd64dfef46
aphids_disease_(82).jpg,Rhizome Healthy Root00102.JPG,Dataset_01_jtttfbx342,Dataset_02_g46dvrcvwn,NEAR_DUPLICATE_PHASH,Hamming=10,10,Aphids_Disease,Rhizome_Healthy_Roots,4af89997d3b61e54a2950dabfc6a9002cabc90d060180a596eeea422e0238ffc,42ed63fbc1a84d627ef27ec356342cf7d62182b1cfb585f9cbc082ed88702993
aphids_disease_(82).jpg,Rhizome Healthy Root00103.JPG,Dataset_01_jtttfbx342,Dataset_02_g46dvrcvwn,NEAR_DUPLICATE_PHASH,Hamming=10,10,Aphids_Disease,Rhizome_Healthy_Roots,4af89997d3b61e54a2950dabfc6a9002cabc90d060180a596eeea422e0238ffc,1a182a290d5ec92d08bc0bb7826ce7992966ad9ac025b6731f8d48f1b0071cec
aphids_disease_(82).jpg,Rhizome Healthy Root00104.JPG,Dataset_01_jtttfbx342,Dataset_02_g46dvrcvwn,NEAR_DUPLICATE_PHASH,Hamming=9,9,Aphids_Disease,Rhizome_Healthy_Roots,4af89997d3b61e54a2950dabfc6a9002cabc90d060180a596eeea422e0238ffc,c6e84c358fef466d5d651d6badc72f487938a8971667c64a8b9cd6ba4e2a15f6
aphids_disease_(82).jpg,Rhizome Healthy Root00197.JPG,Dataset_01_jtttfbx342,Dataset_02_g46dvrcvwn,NEAR_DUPLICATE_PHASH,Hamming=10,10,Aphids_Disease,Rhizome_Healthy_Roots,4af89997d3b61e54a2950dabfc6a9002cabc90d060180a596eeea422e0238ffc,a80da83064e1b58fe8d6e41c454b32d0a111e01d0d2fbe1b50a6d5303b8cf8cb
aphids_disease_(82).jpg,Rhizome Healthy Root00302.JPG,Dataset_01_jtttfbx342,Dataset_02_g46dvrcvwn,NEAR_DUPLICATE_PHASH,Hamming=10,10,Aphids_Disease,Rhizome_Healthy_Roots,4af89997d3b61e54a2950dabfc6a9002cabc90d060180a596eeea422e0238ffc,1b056c0bec593d0fb2c3b1ab4b9d24f80ed054d4ea4c181663cd9794f0288604
aphids_disease_(81).jpg,Dry Leaf00122.JPG,Dataset_01_jtttfbx342,Dataset_02_g46dvrcvwn,NEAR_DUPLICATE_PHASH,Hamming=7,7,Aphids_Disease,Dry_Leaf,8dbb8e66da7c33587d3c1bff0faec6573088277fb68de701571c47b18e348d18,f4c98e627b86f34d545dfa70f914b5a3482f9dac29e37e4277a46b7a042753b4
aphids_disease_(81).jpg,Dry Leaf00138.JPG,Dataset_01_jtttfbx342,Dataset_02_g46dvrcvwn,NEAR_DUPLICATE_PHASH,Hamming=9,9,Aphids_Disease,Dry_Leaf,8dbb8e66da7c33587d3c1bff0faec6573088277fb68de701571c47b18e348d18,48a137a521fcf8c5bf0f80670022143942508551f0f3047e9f590ff294fc2316
aphids_disease_(84).jpg,Rhizome Disease Root00112.JPG,Dataset_01_jtttfbx342,Dataset_02_g46dvrcvwn,NEAR_DUPLICATE_PHASH,Hamming=10,10,Aphids_Disease,Rhizome_Disease_Roots,d76af23c27b6c1bac309470ac6826cf852caf49b1b81bab74d4b11cf924bfb4d,91ae7035e064a6406120fc0ecaa788edd1c48a2b5f20f0c2337b08707f3fbe0f
aphids_disease_(83).jpg,Dry Leaf00082.JPG,Dataset_01_jtttfbx342,Dataset_02_g46dvrcvwn,NEAR_DUPLICATE_PHASH,Hamming=9,9,Aphids_Disease,Dry_Leaf,ac9416ee5edbc63353f0b6b8eb42c1b2ed8510557f13165dfb86a8d3dc592768,0fef36b29f2c7149a46f1781d1a4edbd110d22d5b39a80b27eba7248551a7943
aphids_disease_(83).jpg,Dry Leaf00122.JPG,Dataset_01_jtttfbx342,Dataset_02_g46dvrcvwn,NEAR_DUPLICATE_PHASH,Hamming=9,9,Aphids_Disease,Dry_Leaf,ac9416ee5edbc63353f0b6b8eb42c1b2ed8510557f13165dfb86a8d3dc592768,f4c98e627b86f34d545dfa70f914b5a3482f9dac29e37e4277a46b7a042753b4
aphids_disease_(83).jpg,Dry Leaf00143.JPG,Dataset_01_jtttfbx342,Dataset_02_g46dvrcvwn,NEAR_DUPLICATE_PHASH,Hamming=9,9,Aphids_Disease,Dry_Leaf,ac9416ee5edbc63353f0b6b8eb42c1b2ed8510557f13165dfb86a8d3dc592768,264aaf55af985e2d563adbfe4338e6d7666deb78327e547e536cc5a3f2933d56
aphids_disease_(83).jpg,Leaf Blotch00004.JPG,Dataset_01_jtttfbx342,Dataset_02_g46dvrcvwn,NEAR_DUPLICATE_PHASH,Hamming=7,7,Aphids_Disease,Leaf_Blotch,ac9416ee5edbc63353f0b6b8eb42c1b2ed8510557f13165dfb86a8d3dc592768,a96b36433507af73e39df1d2ad9989e773b79c0d27ae1ebfbf5ecc18de823a07
aphids_disease_(83).jpg,Leaf Blotch00005.JPG,Dataset_01_jtttfbx342,Dataset_02_g46dvrcvwn,NEAR_DUPLICATE_PHASH,Hamming=6,6,Aphids_Disease,Leaf_Blotch,ac9416ee5edbc63353f0b6b8eb42c1b2ed8510557f13165dfb86a8d3dc592768,b5226d7c1649a14108ea4d4cb07f7891e66ce892f3f25536e7c1e20665c8d718
aphids_disease_(83).jpg,Leaf Blotch00007.JPG,Dataset_01_jtttfbx342,Dataset_02_g46dvrcvwn,NEAR_DUPLICATE_PHASH,Hamming=10,10,Aphids_Disease,Leaf_Blotch,ac9416ee5edbc63353f0b6b8eb42c1b2ed8510557f13165dfb86a8d3dc592768,4250a8509a408c0c3583e12added93347b1f06a3295945af950d7fb5448e73af
aphids_disease_(83).jpg,Leaf Blotch00010.JPG,Dataset_01_jtttfbx342,Dataset_02_g46dvrcvwn,NEAR_DUPLICATE_PHASH,Hamming=9,9,Aphids_Disease,Leaf_Blotch,ac9416ee5edbc63353f0b6b8eb42c1b2ed8510557f13165dfb86a8d3dc592768,3197e2822de599021d133b9768cc32b77177d96d791f65244880d4b84c54b147
aphids_disease_(83).jpg,Rhizome Disease Root00004.JPG,Dataset_01_jtttfbx342,Dataset_02_g46dvrcvwn,NEAR_DUPLICATE_PHASH,Hamming=8,8,Aphids_Disease,Rhizome_Disease_Roots,ac9416ee5edbc63353f0b6b8eb42c1b2ed8510557f13165dfb86a8d3dc592768,6f6e64319c0d1bab197b171a1f9a7efdec00a918a246926057b9e33d25fb5eee
aphids_disease_(83).jpg,Rhizome Disease Root00031.JPG,Dataset_01_jtttfbx342,Dataset_02_g46dvrcvwn,NEAR_DUPLICATE_PHASH,Hamming=10,10,Aphids_Disease,Rhizome_Disease_Roots,ac9416ee5edbc63353f0b6b8eb42c1b2ed8510557f13165dfb86a8d3dc592768,dedf2d9306dfb93c43063f67c4400508fe0bb5a6138b865bc0149e9e0602865b
aphids_disease_(83).jpg,Rhizome Disease Root00109.JPG,Dataset_01_jtttfbx342,Dataset_02_g46dvrcvwn,NEAR_DUPLICATE_PHASH,Hamming=10,10,Aphids_Disease,Rhizome_Disease_Roots,ac9416ee5edbc63353f0b6b8eb42c1b2ed8510557f13165dfb86a8d3dc592768,f0c627b63b768afb39ae808c03bc62bcc065f94fbbbfb48b32fec6d423d28a8d
aphids_disease_(83).jpg,Rhizome Disease Root00114.JPG,Dataset_01_jtttfbx342,Dataset_02_g46dvrcvwn,NEAR_DUPLICATE_PHASH,Hamming=6,6,Aphids_Disease,Rhizome_Disease_Roots,ac9416ee5edbc63353f0b6b8eb42c1b2ed8510557f13165dfb86a8d3dc592768,3a652734257559efc017044a527d4be6683a935a05e18c03b9115f80560df8be
aphids_disease_(83).jpg,Rhizome Healthy Root00104.JPG,Dataset_01_jtttfbx342,Dataset_02_g46dvrcvwn,NEAR_DUPLICATE_PHASH,Hamming=10,10,Aphids_Disease,Rhizome_Healthy_Roots,ac9416ee5edbc63353f0b6b8eb42c1b2ed8510557f13165dfb86a8d3dc592768,c6e84c358fef466d5d651d6badc72f487938a8971667c64a8b9cd6ba4e2a15f6
aphids_disease_(83).jpg,Rhizome Healthy Root00105.JPG,Dataset_01_jtttfbx342,Dataset_02_g46dvrcvwn,NEAR_DUPLICATE_PHASH,Hamming=8,8,Aphids_Disease,Rhizome_Healthy_Roots,ac9416ee5edbc63353f0b6b8eb42c1b2ed8510557f13165dfb86a8d3dc592768,a2fcddb1e0a5ba244dbb5b164d340f19134e3e15c383d7fff18cf654f226249f
aphids_disease_(83).jpg,Rhizome Healthy Root00106.JPG,Dataset_01_jtttfbx342,Dataset_02_g46dvrcvwn,NEAR_DUPLICATE_PHASH,Hamming=7,7,Aphids_Disease,Rhizome_Healthy_Roots,ac9416ee5edbc63353f0b6b8eb42c1b2ed8510557f13165dfb86a8d3dc592768,792099df3f2fb91a62d25fc739635a820e6c5be3fb678f74f5b5b0d40f2c3209
aphids_disease_(83).jpg,Rhizome Healthy Root00232.JPG,Dataset_01_jtttfbx342,Dataset_02_g46dvrcvwn,NEAR_DUPLICATE_PHASH,Hamming=10,10,Aphids_Disease,Rhizome_Healthy_Roots,ac9416ee5edbc63353f0b6b8eb42c1b2ed8510557f13165dfb86a8d3dc592768,bc937e060206b7ac479f3eee51788f6e75bc98567118a529ef1b20784b1f366c
aphids_disease_(83).jpg,Rhizome Healthy Root00258.JPG,Dataset_01_jtttfbx342,Dataset_02_g46dvrcvwn,NEAR_DUPLICATE_PHASH,Hamming=10,10,Aphids_Disease,Rhizome_Healthy_Roots,ac9416ee5edbc63353f0b6b8eb42c1b2ed8510557f13165dfb86a8d3dc592768,741a6e06ca571fd5eea19c54fbb3ea01caa6353c419ec5110589eb77afea706b
aphids_disease_(83).jpg,Rhizome Healthy Root00298.JPG,Dataset_01_jtttfbx342,Dataset_02_g46dvrcvwn,NEAR_DUPLICATE_PHASH,Hamming=10,10,Aphids_Disease,Rhizome_Healthy_Roots,ac9416ee5edbc63353f0b6b8eb42c1b2ed8510557f13165dfb86a8d3dc592768,2783c1890cd370aeaac62205f04cd2f8e6dbd23c5f0a56b5e3406893bed3c47f
aphids_disease_(83).jpg,Rhizome Healthy Root00302.JPG,Dataset_01_jtttfbx342,Dataset_02_g46dvrcvwn,NEAR_DUPLICATE_PHASH,Hamming=9,9,Aphids_Disease,Rhizome_Healthy_Roots,ac9416ee5edbc63353f0b6b8eb42c1b2ed8510557f13165dfb86a8d3dc592768,1b056c0bec593d0fb2c3b1ab4b9d24f80ed054d4ea4c181663cd9794f0288604
aphids_disease_(83).jpg,Rhizome Healthy Root00303.JPG,Dataset_01_jtttfbx342,Dataset_02_g46dvrcvwn,NEAR_DUPLICATE_PHASH,Hamming=10,10,Aphids_Disease,Rhizome_Healthy_Roots,ac9416ee5edbc63353f0b6b8eb42c1b2ed8510557f13165dfb86a8d3dc592768,67b3e63120ef420e06cb311a4b97a1c1cb953fa026bae3e4e864d26264f1d837
aphids_disease_(86).jpg,Dry Leaf00079.JPG,Dataset_01_jtttfbx342,Dataset_02_g46dvrcvwn,NEAR_DUPLICATE_PHASH,Hamming=9,9,Aphids_Disease,Dry_Leaf,0f0dcbafb0b927ab616a8f60c2fb4817bd9863bb119e620d23a45a247dd642ee,1f6e087d7212035df77783d7de4752f7700ec05b7df4e4a76f3f7282d7157451
aphids_disease_(86).jpg,Dry Leaf00100.JPG,Dataset_01_jtttfbx342,Dataset_02_g46dvrcvwn,NEAR_DUPLICATE_PHASH,Hamming=10,10,Aphids_Disease,Dry_Leaf,0f0dcbafb0b927ab616a8f60c2fb4817bd9863bb119e620d23a45a247dd642ee,b59ac801dc168808d912a67b0bef41184f32dbaf6a28275e3499663538cb2fb2
aphids_disease_(86).jpg,Leaf Blotch00008.JPG,Dataset_01_jtttfbx342,Dataset_02_g46dvrcvwn,NEAR_DUPLICATE_PHASH,Hamming=10,10,Aphids_Disease,Leaf_Blotch,0f0dcbafb0b927ab616a8f60c2fb4817bd9863bb119e620d23a45a247dd642ee,c8bc1c36431f8bba388e437313476fdb6e489866cef23a0f4993352654de43ea
aphids_disease_(86).jpg,Rhizome Disease Root00112.JPG,Dataset_01_jtttfbx342,Dataset_02_g46dvrcvwn,NEAR_DUPLICATE_PHASH,Hamming=10,10,Aphids_Disease,Rhizome_Disease_Roots,0f0dcbafb0b927ab616a8f60c2fb4817bd9863bb119e620d23a45a247dd642ee,91ae7035e064a6406120fc0ecaa788edd1c48a2b5f20f0c2337b08707f3fbe0f
aphids_disease_(86).jpg,Rhizome Disease Root00114.JPG,Dataset_01_jtttfbx342,Dataset_02_g46dvrcvwn,NEAR_DUPLICATE_PHASH,Hamming=7,7,Aphids_Disease,Rhizome_Disease_Roots,0f0dcbafb0b927ab616a8f60c2fb4817bd9863bb119e620d23a45a247dd642ee,3a652734257559efc017044a527d4be6683a935a05e18c03b9115f80560df8be
aphids_disease_(86).jpg,Rhizome Healthy Root00029.JPG,Dataset_01_jtttfbx342,Dataset_02_g46dvrcvwn,NEAR_DUPLICATE_PHASH,Hamming=10,10,Aphids_Disease,Rhizome_Healthy_Roots,0f0dcbafb0b927ab616a8f60c2fb4817bd9863bb119e620d23a45a247dd642ee,3835df92135db2ba80f4dc67dd51d4ab10db2fd18fa835a53280dd4318d1c91a
aphids_disease_(86).jpg,Rhizome Healthy Root00030.JPG,Dataset_01_jtttfbx342,Dataset_02_g46dvrcvwn,NEAR_DUPLICATE_PHASH,Hamming=10,10,Aphids_Disease,Rhizome_Healthy_Roots,0f0dcbafb0b927ab616a8f60c2fb4817bd9863bb119e620d23a45a247dd642ee,5ce7923d7a7e7b4bd048f205c90e9a9a8d400d2fd8cf48fec15ac85b74cc3468
aphids_disease_(86).jpg,Rhizome Healthy Root00031.JPG,Dataset_01_jtttfbx342,Dataset_02_g46dvrcvwn,NEAR_DUPLICATE_PHASH,Hamming=10,10,Aphids_Disease,Rhizome_Healthy_Roots,0f0dcbafb0b927ab616a8f60c2fb4817bd9863bb119e620d23a45a247dd642ee,be1d95036007d6dc54776a298c8ed737b1c2ae0a0b8d9720d368b6fd64dfef46
aphids_disease_(86).jpg,Rhizome Healthy Root00302.JPG,Dataset_01_jtttfbx342,Dataset_02_g46dvrcvwn,NEAR_DUPLICATE_PHASH,Hamming=10,10,Aphids_Disease,Rhizome_Healthy_Roots,0f0dcbafb0b927ab616a8f60c2fb4817bd9863bb119e620d23a45a247dd642ee,1b056c0bec593d0fb2c3b1ab4b9d24f80ed054d4ea4c181663cd9794f0288604
aphids_disease_(85).jpg,Dry Leaf00082.JPG,Dataset_01_jtttfbx342,Dataset_02_g46dvrcvwn,NEAR_DUPLICATE_PHASH,Hamming=9,9,Aphids_Disease,Dry_Leaf,badfd0d4769d4b4b8fb01a5d27512eaef25a9ab7c0a2b475c48a5312b53647de,0fef36b29f2c7149a46f1781d1a4edbd110d22d5b39a80b27eba7248551a7943
aphids_disease_(85).jpg,Dry Leaf00122.JPG,Dataset_01_jtttfbx342,Dataset_02_g46dvrcvwn,NEAR_DUPLICATE_PHASH,Hamming=7,7,Aphids_Disease,Dry_Leaf,badfd0d4769d4b4b8fb01a5d27512eaef25a9ab7c0a2b475c48a5312b53647de,f4c98e627b86f34d545dfa70f914b5a3482f9dac29e37e4277a46b7a042753b4
aphids_disease_(85).jpg,Dry Leaf00189.JPG,Dataset_01_jtttfbx342,Dataset_02_g46dvrcvwn,NEAR_DUPLICATE_PHASH,Hamming=10,10,Aphids_Disease,Dry_Leaf,badfd0d4769d4b4b8fb01a5d27512eaef25a9ab7c0a2b475c48a5312b53647de,e9931494175e3e5645f934f7f99fdc81a783ad520fb0078cef333cb05cb65fce
aphids_disease_(85).jpg,Rhizome Disease Root00031.JPG,Dataset_01_jtttfbx342,Dataset_02_g46dvrcvwn,NEAR_DUPLICATE_PHASH,Hamming=10,10,Aphids_Disease,Rhizome_Disease_Roots,badfd0d4769d4b4b8fb01a5d27512eaef25a9ab7c0a2b475c48a5312b53647de,dedf2d9306dfb93c43063f67c4400508fe0bb5a6138b865bc0149e9e0602865b
aphids_disease_(85).jpg,Rhizome Disease Root00108.JPG,Dataset_01_jtttfbx342,Dataset_02_g46dvrcvwn,NEAR_DUPLICATE_PHASH,Hamming=10,10,Aphids_Disease,Rhizome_Disease_Roots,badfd0d4769d4b4b8fb01a5d27512eaef25a9ab7c0a2b475c48a5312b53647de,fa6b8eb8029c35c84b3dd6988ff45733a0cbc5ba5532d4c88d1db7643118aa4a
aphids_disease_(85).jpg,Rhizome Disease Root00114.JPG,Dataset_01_jtttfbx342,Dataset_02_g46dvrcvwn,NEAR_DUPLICATE_PHASH,Hamming=8,8,Aphids_Disease,Rhizome_Disease_Roots,badfd0d4769d4b4b8fb01a5d27512eaef25a9ab7c0a2b475c48a5312b53647de,3a652734257559efc017044a527d4be6683a935a05e18c03b9115f80560df8be
aphids_disease_(85).jpg,Rhizome Disease Root00122.JPG,Dataset_01_jtttfbx342,Dataset_02_g46dvrcvwn,NEAR_DUPLICATE_PHASH,Hamming=10,10,Aphids_Disease,Rhizome_Disease_Roots,badfd0d4769d4b4b8fb01a5d27512eaef25a9ab7c0a2b475c48a5312b53647de,ee9ac8de7a3d02ea275700cbbd3b3a68a3ec4f5cb8d9bdd44a484d2076307258
aphids_disease_(85).jpg,Rhizome Healthy Root00024.JPG,Dataset_01_jtttfbx342,Dataset_02_g46dvrcvwn,NEAR_DUPLICATE_PHASH,Hamming=10,10,Aphids_Disease,Rhizome_Healthy_Roots,badfd0d4769d4b4b8fb01a5d27512eaef25a9ab7c0a2b475c48a5312b53647de,aee3163751aae1c2194e061cc5be15c4ec5e2688c78c5e434db62615e22b0429
aphids_disease_(85).jpg,Rhizome Healthy Root00027.JPG,Dataset_01_jtttfbx342,Dataset_02_g46dvrcvwn,NEAR_DUPLICATE_PHASH,Hamming=10,10,Aphids_Disease,Rhizome_Healthy_Roots,badfd0d4769d4b4b8fb01a5d27512eaef25a9ab7c0a2b475c48a5312b53647de,581455dd1795265737fcdb0c98151c8efd0e53c4bbdfed210adc16f86b63a000
aphids_disease_(85).jpg,Rhizome Healthy Root00029.JPG,Dataset_01_jtttfbx342,Dataset_02_g46dvrcvwn,NEAR_DUPLICATE_PHASH,Hamming=9,9,Aphids_Disease,Rhizome_Healthy_Roots,badfd0d4769d4b4b8fb01a5d27512eaef25a9ab7c0a2b475c48a5312b53647de,3835df92135db2ba80f4dc67dd51d4ab10db2fd18fa835a53280dd4318d1c91a
aphids_disease_(85).jpg,Rhizome Healthy Root00030.JPG,Dataset_01_jtttfbx342,Dataset_02_g46dvrcvwn,NEAR_DUPLICATE_PHASH,Hamming=9,9,Aphids_Disease,Rhizome_Healthy_Roots,badfd0d4769d4b4b8fb01a5d27512eaef25a9ab7c0a2b475c48a5312b53647de,5ce7923d7a7e7b4bd048f205c90e9a9a8d400d2fd8cf48fec15ac85b74cc3468
aphids_disease_(85).jpg,Rhizome Healthy Root00031.JPG,Dataset_01_jtttfbx342,Dataset_02_g46dvrcvwn,NEAR_DUPLICATE_PHASH,Hamming=9,9,Aphids_Disease,Rhizome_Healthy_Roots,badfd0d4769d4b4b8fb01a5d27512eaef25a9ab7c0a2b475c48a5312b53647de,be1d95036007d6dc54776a298c8ed737b1c2ae0a0b8d9720d368b6fd64dfef46
aphids_disease_(85).jpg,Rhizome Healthy Root00104.JPG,Dataset_01_jtttfbx342,Dataset_02_g46dvrcvwn,NEAR_DUPLICATE_PHASH,Hamming=10,10,Aphids_Disease,Rhizome_Healthy_Roots,badfd0d4769d4b4b8fb01a5d27512eaef25a9ab7c0a2b475c48a5312b53647de,c6e84c358fef466d5d651d6badc72f487938a8971667c64a8b9cd6ba4e2a15f6
aphids_disease_(85).jpg,Rhizome Healthy Root00105.JPG,Dataset_01_jtttfbx342,Dataset_02_g46dvrcvwn,NEAR_DUPLICATE_PHASH,Hamming=10,10,Aphids_Disease,Rhizome_Healthy_Roots,badfd0d4769d4b4b8fb01a5d27512eaef25a9ab7c0a2b475c48a5312b53647de,a2fcddb1e0a5ba244dbb5b164d340f19134e3e15c383d7fff18cf654f226249f
aphids_disease_(85).jpg,Rhizome Healthy Root00106.JPG,Dataset_01_jtttfbx342,Dataset_02_g46dvrcvwn,NEAR_DUPLICATE_PHASH,Hamming=9,9,Aphids_Disease,Rhizome_Healthy_Roots,badfd0d4769d4b4b8fb01a5d27512eaef25a9ab7c0a2b475c48a5312b53647de,792099df3f2fb91a62d25fc739635a820e6c5be3fb678f74f5b5b0d40f2c3209
aphids_disease_(85).jpg,Rhizome Healthy Root00198.JPG,Dataset_01_jtttfbx342,Dataset_02_g46dvrcvwn,NEAR_DUPLICATE_PHASH,Hamming=10,10,Aphids_Disease,Rhizome_Healthy_Roots,badfd0d4769d4b4b8fb01a5d27512eaef25a9ab7c0a2b475c48a5312b53647de,dcd362ff05f693cd0d5729594d6880236cf0b71b68820e3fd5f3d65483ccde1a
aphids_disease_(85).jpg,Rhizome Healthy Root00286.JPG,Dataset_01_jtttfbx342,Dataset_02_g46dvrcvwn,NEAR_DUPLICATE_PHASH,Hamming=10,10,Aphids_Disease,Rhizome_Healthy_Roots,badfd0d4769d4b4b8fb01a5d27512eaef25a9ab7c0a2b475c48a5312b53647de,2a97b39eba2cd7fd67b6ebfeb8d559268366bd541fb27393efd1159d80f5b656
aphids_disease_(85).jpg,Rhizome Healthy Root00287.JPG,Dataset_01_jtttfbx342,Dataset_02_g46dvrcvwn,NEAR_DUPLICATE_PHASH,Hamming=10,10,Aphids_Disease,Rhizome_Healthy_Roots,badfd0d4769d4b4b8fb01a5d27512eaef25a9ab7c0a2b475c48a5312b53647de,9092ce7d30b63255c3ef56124692bb99edadfc18997068852808e3f92272d06a
aphids_disease_(85).jpg,Rhizome Healthy Root00288.JPG,Dataset_01_jtttfbx342,Dataset_02_g46dvrcvwn,NEAR_DUPLICATE_PHASH,Hamming=10,10,Aphids_Disease,Rhizome_Healthy_Roots,badfd0d4769d4b4b8fb01a5d27512eaef25a9ab7c0a2b475c48a5312b53647de,ec99b8839934fcab11b5f21615d333c9a18470d43c8c3faa318ba78046688f4c
aphids_disease_(88).jpg,Dry Leaf00049.JPG,Dataset_01_jtttfbx342,Dataset_02_g46dvrcvwn,NEAR_DUPLICATE_PHASH,Hamming=8,8,Aphids_Disease,Dry_Leaf,7bbdd7fdd065836aa80bb44fcb8c84c34c5950c7f0abafd9fec6532785a06779,319d981af9df48246c86314c43f6489c9b8020dccdf45288eeeeef33f9cce8ad
aphids_disease_(87).jpg,Dry Leaf00106.JPG,Dataset_01_jtttfbx342,Dataset_02_g46dvrcvwn,NEAR_DUPLICATE_PHASH,Hamming=9,9,Aphids_Disease,Dry_Leaf,93a9cafb5790146fafd767d19d3152780af895c4702cd0a2d442337bedd7d191,bf51d86e769f79565126a609d7663982a5939e707036279be63053b07f71726b
aphids_disease_(89).jpg,Dry Leaf00082.JPG,Dataset_01_jtttfbx342,Dataset_02_g46dvrcvwn,NEAR_DUPLICATE_PHASH,Hamming=8,8,Aphids_Disease,Dry_Leaf,8939b400ec92ee14ad7d5a74662a4fe334846002fbf2003ae3602077c4fe9651,0fef36b29f2c7149a46f1781d1a4edbd110d22d5b39a80b27eba7248551a7943
aphids_disease_(89).jpg,Dry Leaf00143.JPG,Dataset_01_jtttfbx342,Dataset_02_g46dvrcvwn,NEAR_DUPLICATE_PHASH,Hamming=8,8,Aphids_Disease,Dry_Leaf,8939b400ec92ee14ad7d5a74662a4fe334846002fbf2003ae3602077c4fe9651,264aaf55af985e2d563adbfe4338e6d7666deb78327e547e536cc5a3f2933d56
aphids_disease_(89).jpg,Leaf Blotch00004.JPG,Dataset_01_jtttfbx342,Dataset_02_g46dvrcvwn,NEAR_DUPLICATE_PHASH,Hamming=10,10,Aphids_Disease,Leaf_Blotch,8939b400ec92ee14ad7d5a74662a4fe334846002fbf2003ae3602077c4fe9651,a96b36433507af73e39df1d2ad9989e773b79c0d27ae1ebfbf5ecc18de823a07
aphids_disease_(89).jpg,Rhizome Disease Root00114.JPG,Dataset_01_jtttfbx342,Dataset_02_g46dvrcvwn,NEAR_DUPLICATE_PHASH,Hamming=9,9,Aphids_Disease,Rhizome_Disease_Roots,8939b400ec92ee14ad7d5a74662a4fe334846002fbf2003ae3602077c4fe9651,3a652734257559efc017044a527d4be6683a935a05e18c03b9115f80560df8be
aphids_disease_(89).jpg,Rhizome Healthy Root00106.JPG,Dataset_01_jtttfbx342,Dataset_02_g46dvrcvwn,NEAR_DUPLICATE_PHASH,Hamming=10,10,Aphids_Disease,Rhizome_Healthy_Roots,8939b400ec92ee14ad7d5a74662a4fe334846002fbf2003ae3602077c4fe9651,792099df3f2fb91a62d25fc739635a820e6c5be3fb678f74f5b5b0d40f2c3209
aphids_disease_(9).jpg,Dry Leaf00049.JPG,Dataset_01_jtttfbx342,Dataset_02_g46dvrcvwn,NEAR_DUPLICATE_PHASH,Hamming=10,10,Aphids_Disease,Dry_Leaf,e54499daf9a7e8638de0e6683a5933e6d058e1deb5c737a87367fd955ff6b227,319d981af9df48246c86314c43f6489c9b8020dccdf45288eeeeef33f9cce8ad
aphids_disease_(91).jpg,Dry Leaf00049.JPG,Dataset_01_jtttfbx342,Dataset_02_g46dvrcvwn,NEAR_DUPLICATE_PHASH,Hamming=9,9,Aphids_Disease,Dry_Leaf,db730ed1e5d35442dbcc3efa1a39aff683f665961a264452dc83f9966deefca1,319d981af9df48246c86314c43f6489c9b8020dccdf45288eeeeef33f9cce8ad
aphids_disease_(92).jpg,Dry Leaf00082.JPG,Dataset_01_jtttfbx342,Dataset_02_g46dvrcvwn,NEAR_DUPLICATE_PHASH,Hamming=9,9,Aphids_Disease,Dry_Leaf,730ebd25a46b84a7b7201830b91dcfeab56ba27cc40559a728aa3f9215ff6755,0fef36b29f2c7149a46f1781d1a4edbd110d22d5b39a80b27eba7248551a7943
aphids_disease_(92).jpg,Dry Leaf00106.JPG,Dataset_01_jtttfbx342,Dataset_02_g46dvrcvwn,NEAR_DUPLICATE_PHASH,Hamming=10,10,Aphids_Disease,Dry_Leaf,730ebd25a46b84a7b7201830b91dcfeab56ba27cc40559a728aa3f9215ff6755,bf51d86e769f79565126a609d7663982a5939e707036279be63053b07f71726b
aphids_disease_(94).jpg,Dry Leaf00091.JPG,Dataset_01_jtttfbx342,Dataset_02_g46dvrcvwn,NEAR_DUPLICATE_PHASH,Hamming=10,10,Aphids_Disease,Dry_Leaf,cef8a0f7b74a9dfb5a5c60301ec3750e6483da702dfd0b32d27491d66a83c141,a2152f2967b974d5700b5ba31c0ccfd831e9d23ec967e85defcc37d73c88f3bb
aphids_disease_(94).jpg,Dry Leaf00183.JPG,Dataset_01_jtttfbx342,Dataset_02_g46dvrcvwn,NEAR_DUPLICATE_PHASH,Hamming=10,10,Aphids_Disease,Dry_Leaf,cef8a0f7b74a9dfb5a5c60301ec3750e6483da702dfd0b32d27491d66a83c141,6c977e13b65a6bd5c7bedbf38061458669ae4c4c1095f287f17fa0c76c892336
aphids_disease_(95).jpg,Dry Leaf00049.JPG,Dataset_01_jtttfbx342,Dataset_02_g46dvrcvwn,NEAR_DUPLICATE_PHASH,Hamming=8,8,Aphids_Disease,Dry_Leaf,08a568f3243fdc30301df9a264acb7b8c6611815c9bf828caa15f6024a4cd4c9,319d981af9df48246c86314c43f6489c9b8020dccdf45288eeeeef33f9cce8ad
aphids_disease_(98).jpg,Dry Leaf00049.JPG,Dataset_01_jtttfbx342,Dataset_02_g46dvrcvwn,NEAR_DUPLICATE_PHASH,Hamming=8,8,Aphids_Disease,Dry_Leaf,5751a27d4a9bb4d401511a6167e8c25199dceb3a1b47fef6df3656865d2cca01,319d981af9df48246c86314c43f6489c9b8020dccdf45288eeeeef33f9cce8ad
blotch_(1).jpg,Dry Leaf00122.JPG,Dataset_01_jtttfbx342,Dataset_02_g46dvrcvwn,NEAR_DUPLICATE_PHASH,Hamming=8,8,Blotch,Dry_Leaf,d0a26638fdc1355ac4e5767a5d4a42c965e2b4c5364a6c078342c3ee0cbb5f8a,f4c98e627b86f34d545dfa70f914b5a3482f9dac29e37e4277a46b7a042753b4
blotch_(1).jpg,Leaf Blotch00004.JPG,Dataset_01_jtttfbx342,Dataset_02_g46dvrcvwn,NEAR_DUPLICATE_PHASH,Hamming=10,10,Blotch,Leaf_Blotch,d0a26638fdc1355ac4e5767a5d4a42c965e2b4c5364a6c078342c3ee0cbb5f8a,a96b36433507af73e39df1d2ad9989e773b79c0d27ae1ebfbf5ecc18de823a07
blotch_(1).jpg,Leaf Blotch00006.JPG,Dataset_01_jtttfbx342,Dataset_02_g46dvrcvwn,NEAR_DUPLICATE_PHASH,Hamming=10,10,Blotch,Leaf_Blotch,d0a26638fdc1355ac4e5767a5d4a42c965e2b4c5364a6c078342c3ee0cbb5f8a,b0975277450bc6f9f338542e47055ab8a8947999d4a87cd8e2097f23af27f392
blotch_(1).jpg,Rhizome Disease Root00114.JPG,Dataset_01_jtttfbx342,Dataset_02_g46dvrcvwn,NEAR_DUPLICATE_PHASH,Hamming=9,9,Blotch,Rhizome_Disease_Roots,d0a26638fdc1355ac4e5767a5d4a42c965e2b4c5364a6c078342c3ee0cbb5f8a,3a652734257559efc017044a527d4be6683a935a05e18c03b9115f80560df8be
blotch_(1).jpg,Rhizome Healthy Root00106.JPG,Dataset_01_jtttfbx342,Dataset_02_g46dvrcvwn,NEAR_DUPLICATE_PHASH,Hamming=10,10,Blotch,Rhizome_Healthy_Roots,d0a26638fdc1355ac4e5767a5d4a42c965e2b4c5364a6c078342c3ee0cbb5f8a,792099df3f2fb91a62d25fc739635a820e6c5be3fb678f74f5b5b0d40f2c3209
blotch_(10).jpg,Dry Leaf00069.JPG,Dataset_01_jtttfbx342,Dataset_02_g46dvrcvwn,NEAR_DUPLICATE_PHASH,Hamming=10,10,Blotch,Dry_Leaf,7a68b5abb7e0eda38dcc971bfec0396a6a680c995071a5aebc3e3dcc5134c0f5,2ce30e64702d095a5ab84ba8a7303045d24a1b4be4d4f6374ca0c7dfaf0f62da
blotch_(101).jpg,Dry Leaf00079.JPG,Dataset_01_jtttfbx342,Dataset_02_g46dvrcvwn,NEAR_DUPLICATE_PHASH,Hamming=10,10,Blotch,Dry_Leaf,5a9df51980ae3c562a1a15d81e702ad85d2a39ae1d6d60ac179143f6b47081fa,1f6e087d7212035df77783d7de4752f7700ec05b7df4e4a76f3f7282d7157451
blotch_(101).jpg,Dry Leaf00094.JPG,Dataset_01_jtttfbx342,Dataset_02_g46dvrcvwn,NEAR_DUPLICATE_PHASH,Hamming=10,10,Blotch,Dry_Leaf,5a9df51980ae3c562a1a15d81e702ad85d2a39ae1d6d60ac179143f6b47081fa,5484bb963cfd146f8c8585481f23ffd98743e7196e9aebe30aa7dd7fe26edfc2
blotch_(101).jpg,Dry Leaf00142.JPG,Dataset_01_jtttfbx342,Dataset_02_g46dvrcvwn,NEAR_DUPLICATE_PHASH,Hamming=10,10,Blotch,Dry_Leaf,5a9df51980ae3c562a1a15d81e702ad85d2a39ae1d6d60ac179143f6b47081fa,a5247e0249fe3cf43ec67180e6f88035775c70c0edeec71efc8b355f14b21157
blotch_(101).jpg,Dry Leaf00157.JPG,Dataset_01_jtttfbx342,Dataset_02_g46dvrcvwn,NEAR_DUPLICATE_PHASH,Hamming=9,9,Blotch,Dry_Leaf,5a9df51980ae3c562a1a15d81e702ad85d2a39ae1d6d60ac179143f6b47081fa,1f0a416a7994aae28380969cf68a4fbe6ff7bac6385b71345df7c660cbb6ce95
blotch_(101).jpg,Healthy Leaf00033.JPG,Dataset_01_jtttfbx342,Dataset_02_g46dvrcvwn,NEAR_DUPLICATE_PHASH,Hamming=4,4,Blotch,Healthy_Leaf,5a9df51980ae3c562a1a15d81e702ad85d2a39ae1d6d60ac179143f6b47081fa,9f762673612343714cc86e4c24df2086ad058b07b312b05d83c244c0fe240c95
blotch_(101).jpg,Leaf Blotch00005.JPG,Dataset_01_jtttfbx342,Dataset_02_g46dvrcvwn,NEAR_DUPLICATE_PHASH,Hamming=8,8,Blotch,Leaf_Blotch,5a9df51980ae3c562a1a15d81e702ad85d2a39ae1d6d60ac179143f6b47081fa,b5226d7c1649a14108ea4d4cb07f7891e66ce892f3f25536e7c1e20665c8d718
blotch_(101).jpg,Leaf Blotch00007.JPG,Dataset_01_jtttfbx342,Dataset_02_g46dvrcvwn,NEAR_DUPLICATE_PHASH,Hamming=10,10,Blotch,Leaf_Blotch,5a9df51980ae3c562a1a15d81e702ad85d2a39ae1d6d60ac179143f6b47081fa,4250a8509a408c0c3583e12added93347b1f06a3295945af950d7fb5448e73af
blotch_(101).jpg,Leaf Blotch00008.JPG,Dataset_01_jtttfbx342,Dataset_02_g46dvrcvwn,NEAR_DUPLICATE_PHASH,Hamming=9,9,Blotch,Leaf_Blotch,5a9df51980ae3c562a1a15d81e702ad85d2a39ae1d6d60ac179143f6b47081fa,c8bc1c36431f8bba388e437313476fdb6e489866cef23a0f4993352654de43ea
blotch_(101).jpg,Leaf Blotch00010.JPG,Dataset_01_jtttfbx342,Dataset_02_g46dvrcvwn,NEAR_DUPLICATE_PHASH,Hamming=9,9,Blotch,Leaf_Blotch,5a9df51980ae3c562a1a15d81e702ad85d2a39ae1d6d60ac179143f6b47081fa,3197e2822de599021d133b9768cc32b77177d96d791f65244880d4b84c54b147
blotch_(102).jpg,Dry Leaf00083.JPG,Dataset_01_jtttfbx342,Dataset_02_g46dvrcvwn,NEAR_DUPLICATE_PHASH,Hamming=10,10,Blotch,Dry_Leaf,61dc369c0fcede5ba2c94cd7a2912375b7245928ecfe944b3fe75fda5a4d0c59,b5c3ec570d1c2fa9cb523085015eb29afbe7450501fdc83f282d2e8e4404b3db
blotch_(102).jpg,Rhizome Disease Root00028.JPG,Dataset_01_jtttfbx342,Dataset_02_g46dvrcvwn,NEAR_DUPLICATE_PHASH,Hamming=8,8,Blotch,Rhizome_Disease_Roots,61dc369c0fcede5ba2c94cd7a2912375b7245928ecfe944b3fe75fda5a4d0c59,09971cb9908c8b32091b30bea37f7116445acb82da1bcb375b12461587956150
blotch_(104).jpg,Rhizome Disease Root00114.JPG,Dataset_01_jtttfbx342,Dataset_02_g46dvrcvwn,NEAR_DUPLICATE_PHASH,Hamming=9,9,Blotch,Rhizome_Disease_Roots,b70e64553d4cfd52b4433b3a131b764ea249326ca92bc470a6387c6b360ef634,3a652734257559efc017044a527d4be6683a935a05e18c03b9115f80560df8be
blotch_(104).jpg,Rhizome Healthy Root00102.JPG,Dataset_01_jtttfbx342,Dataset_02_g46dvrcvwn,NEAR_DUPLICATE_PHASH,Hamming=10,10,Blotch,Rhizome_Healthy_Roots,b70e64553d4cfd52b4433b3a131b764ea249326ca92bc470a6387c6b360ef634,42ed63fbc1a84d627ef27ec356342cf7d62182b1cfb585f9cbc082ed88702993
blotch_(104).jpg,Rhizome Healthy Root00103.JPG,Dataset_01_jtttfbx342,Dataset_02_g46dvrcvwn,NEAR_DUPLICATE_PHASH,Hamming=10,10,Blotch,Rhizome_Healthy_Roots,b70e64553d4cfd52b4433b3a131b764ea249326ca92bc470a6387c6b360ef634,1a182a290d5ec92d08bc0bb7826ce7992966ad9ac025b6731f8d48f1b0071cec
blotch_(104).jpg,Rhizome Healthy Root00104.JPG,Dataset_01_jtttfbx342,Dataset_02_g46dvrcvwn,NEAR_DUPLICATE_PHASH,Hamming=9,9,Blotch,Rhizome_Healthy_Roots,b70e64553d4cfd52b4433b3a131b764ea249326ca92bc470a6387c6b360ef634,c6e84c358fef466d5d651d6badc72f487938a8971667c64a8b9cd6ba4e2a15f6
blotch_(105).jpg,Dry Leaf00082.JPG,Dataset_01_jtttfbx342,Dataset_02_g46dvrcvwn,NEAR_DUPLICATE_PHASH,Hamming=10,10,Blotch,Dry_Leaf,d8cd2e97eed259100d927726cbaec6581a1eef220416eb4bf5839e3ddc4c676e,0fef36b29f2c7149a46f1781d1a4edbd110d22d5b39a80b27eba7248551a7943
blotch_(105).jpg,Dry Leaf00143.JPG,Dataset_01_jtttfbx342,Dataset_02_g46dvrcvwn,NEAR_DUPLICATE_PHASH,Hamming=10,10,Blotch,Dry_Leaf,d8cd2e97eed259100d927726cbaec6581a1eef220416eb4bf5839e3ddc4c676e,264aaf55af985e2d563adbfe4338e6d7666deb78327e547e536cc5a3f2933d56
blotch_(106).jpg,Dry Leaf00082.JPG,Dataset_01_jtttfbx342,Dataset_02_g46dvrcvwn,NEAR_DUPLICATE_PHASH,Hamming=8,8,Blotch,Dry_Leaf,cc89a902e21acab337e34da2c07fb6a86facc0ea3712bb40b00691c3fa2666f3,0fef36b29f2c7149a46f1781d1a4edbd110d22d5b39a80b27eba7248551a7943
blotch_(106).jpg,Dry Leaf00122.JPG,Dataset_01_jtttfbx342,Dataset_02_g46dvrcvwn,NEAR_DUPLICATE_PHASH,Hamming=10,10,Blotch,Dry_Leaf,cc89a902e21acab337e34da2c07fb6a86facc0ea3712bb40b00691c3fa2666f3,f4c98e627b86f34d545dfa70f914b5a3482f9dac29e37e4277a46b7a042753b4
blotch_(106).jpg,Dry Leaf00143.JPG,Dataset_01_jtttfbx342,Dataset_02_g46dvrcvwn,NEAR_DUPLICATE_PHASH,Hamming=8,8,Blotch,Dry_Leaf,cc89a902e21acab337e34da2c07fb6a86facc0ea3712bb40b00691c3fa2666f3,264aaf55af985e2d563adbfe4338e6d7666deb78327e547e536cc5a3f2933d56
blotch_(106).jpg,Leaf Blotch00004.JPG,Dataset_01_jtttfbx342,Dataset_02_g46dvrcvwn,NEAR_DUPLICATE_PHASH,Hamming=8,8,Blotch,Leaf_Blotch,cc89a902e21acab337e34da2c07fb6a86facc0ea3712bb40b00691c3fa2666f3,a96b36433507af73e39df1d2ad9989e773b79c0d27ae1ebfbf5ecc18de823a07
blotch_(106).jpg,Leaf Blotch00005.JPG,Dataset_01_jtttfbx342,Dataset_02_g46dvrcvwn,NEAR_DUPLICATE_PHASH,Hamming=9,9,Blotch,Leaf_Blotch,cc89a902e21acab337e34da2c07fb6a86facc0ea3712bb40b00691c3fa2666f3,b5226d7c1649a14108ea4d4cb07f7891e66ce892f3f25536e7c1e20665c8d718
blotch_(106).jpg,Leaf Blotch00010.JPG,Dataset_01_jtttfbx342,Dataset_02_g46dvrcvwn,NEAR_DUPLICATE_PHASH,Hamming=10,10,Blotch,Leaf_Blotch,cc89a902e21acab337e34da2c07fb6a86facc0ea3712bb40b00691c3fa2666f3,3197e2822de599021d133b9768cc32b77177d96d791f65244880d4b84c54b147
blotch_(106).jpg,Rhizome Disease Root00004.JPG,Dataset_01_jtttfbx342,Dataset_02_g46dvrcvwn,NEAR_DUPLICATE_PHASH,Hamming=9,9,Blotch,Rhizome_Disease_Roots,cc89a902e21acab337e34da2c07fb6a86facc0ea3712bb40b00691c3fa2666f3,6f6e64319c0d1bab197b171a1f9a7efdec00a918a246926057b9e33d25fb5eee
blotch_(106).jpg,Rhizome Disease Root00107.JPG,Dataset_01_jtttfbx342,Dataset_02_g46dvrcvwn,NEAR_DUPLICATE_PHASH,Hamming=10,10,Blotch,Rhizome_Disease_Roots,cc89a902e21acab337e34da2c07fb6a86facc0ea3712bb40b00691c3fa2666f3,20764c6b0d747374c65cb38dc7b917de2cb9f7b1a2646232c20a1cb9569d8bed
blotch_(106).jpg,Rhizome Disease Root00114.JPG,Dataset_01_jtttfbx342,Dataset_02_g46dvrcvwn,NEAR_DUPLICATE_PHASH,Hamming=7,7,Blotch,Rhizome_Disease_Roots,cc89a902e21acab337e34da2c07fb6a86facc0ea3712bb40b00691c3fa2666f3,3a652734257559efc017044a527d4be6683a935a05e18c03b9115f80560df8be
blotch_(106).jpg,Rhizome Disease Root00177.JPG,Dataset_01_jtttfbx342,Dataset_02_g46dvrcvwn,NEAR_DUPLICATE_PHASH,Hamming=9,9,Blotch,Rhizome_Disease_Roots,cc89a902e21acab337e34da2c07fb6a86facc0ea3712bb40b00691c3fa2666f3,276b2fbf8fb4aa22e2e4620de638eae23b77e0cdd258724c9381c92bbe0b0c0d
blotch_(106).jpg,Rhizome Healthy Root00105.JPG,Dataset_01_jtttfbx342,Dataset_02_g46dvrcvwn,NEAR_DUPLICATE_PHASH,Hamming=9,9,Blotch,Rhizome_Healthy_Roots,cc89a902e21acab337e34da2c07fb6a86facc0ea3712bb40b00691c3fa2666f3,a2fcddb1e0a5ba244dbb5b164d340f19134e3e15c383d7fff18cf654f226249f
blotch_(106).jpg,Rhizome Healthy Root00106.JPG,Dataset_01_jtttfbx342,Dataset_02_g46dvrcvwn,NEAR_DUPLICATE_PHASH,Hamming=8,8,Blotch,Rhizome_Healthy_Roots,cc89a902e21acab337e34da2c07fb6a86facc0ea3712bb40b00691c3fa2666f3,792099df3f2fb91a62d25fc739635a820e6c5be3fb678f74f5b5b0d40f2c3209
blotch_(106).jpg,Rhizome Healthy Root00302.JPG,Dataset_01_jtttfbx342,Dataset_02_g46dvrcvwn,NEAR_DUPLICATE_PHASH,Hamming=10,10,Blotch,Rhizome_Healthy_Roots,cc89a902e21acab337e34da2c07fb6a86facc0ea3712bb40b00691c3fa2666f3,1b056c0bec593d0fb2c3b1ab4b9d24f80ed054d4ea4c181663cd9794f0288604
blotch_(107).jpg,Dry Leaf00049.JPG,Dataset_01_jtttfbx342,Dataset_02_g46dvrcvwn,NEAR_DUPLICATE_PHASH,Hamming=9,9,Blotch,Dry_Leaf,66cb2e514a12f2542447d7f04582af204a8456c415c3f0862f1c41c3f5464b1c,319d981af9df48246c86314c43f6489c9b8020dccdf45288eeeeef33f9cce8ad
blotch_(107).jpg,Leaf Blotch00001.JPG,Dataset_01_jtttfbx342,Dataset_02_g46dvrcvwn,NEAR_DUPLICATE_PHASH,Hamming=10,10,Blotch,Leaf_Blotch,66cb2e514a12f2542447d7f04582af204a8456c415c3f0862f1c41c3f5464b1c,f461942049356cd766f3c3d99a694b69dc0861a87e650f004c6e580385152328
blotch_(107).jpg,Leaf Blotch00006.JPG,Dataset_01_jtttfbx342,Dataset_02_g46dvrcvwn,NEAR_DUPLICATE_PHASH,Hamming=10,10,Blotch,Leaf_Blotch,66cb2e514a12f2542447d7f04582af204a8456c415c3f0862f1c41c3f5464b1c,b0975277450bc6f9f338542e47055ab8a8947999d4a87cd8e2097f23af27f392
blotch_(108).jpg,Rhizome Disease Root00008.JPG,Dataset_01_jtttfbx342,Dataset_02_g46dvrcvwn,NEAR_DUPLICATE_PHASH,Hamming=8,8,Blotch,Rhizome_Disease_Roots,3fb4b5064dbab2f7d6376ea006a047cbd1757baa2e27eff0a5258b089a188038,a6e77cfbf64275527984914e7fdd09c4ab1d62431b8b1b2624fef313809d1a73
blotch_(108).jpg,Rhizome Disease Root00135.JPG,Dataset_01_jtttfbx342,Dataset_02_g46dvrcvwn,NEAR_DUPLICATE_PHASH,Hamming=9,9,Blotch,Rhizome_Disease_Roots,3fb4b5064dbab2f7d6376ea006a047cbd1757baa2e27eff0a5258b089a188038,8e91e44e52bc868ee19f622f2ce3184f57305d6db34af7bc650a337cb30b0fde
blotch_(11).jpg,Dry Leaf00082.JPG,Dataset_01_jtttfbx342,Dataset_02_g46dvrcvwn,NEAR_DUPLICATE_PHASH,Hamming=6,6,Blotch,Dry_Leaf,2aeaaafe8ab8bacbbe61a27abab10b8f231d5bcf8f81a9ba50c94c8aac7835b1,0fef36b29f2c7149a46f1781d1a4edbd110d22d5b39a80b27eba7248551a7943
blotch_(11).jpg,Dry Leaf00103.JPG,Dataset_01_jtttfbx342,Dataset_02_g46dvrcvwn,NEAR_DUPLICATE_PHASH,Hamming=10,10,Blotch,Dry_Leaf,2aeaaafe8ab8bacbbe61a27abab10b8f231d5bcf8f81a9ba50c94c8aac7835b1,bbfb3df38cb3490b790738984ea414551d8babc594859e0349b9edea546188c8
blotch_(11).jpg,Dry Leaf00143.JPG,Dataset_01_jtttfbx342,Dataset_02_g46dvrcvwn,NEAR_DUPLICATE_PHASH,Hamming=8,8,Blotch,Dry_Leaf,2aeaaafe8ab8bacbbe61a27abab10b8f231d5bcf8f81a9ba50c94c8aac7835b1,264aaf55af985e2d563adbfe4338e6d7666deb78327e547e536cc5a3f2933d56
blotch_(11).jpg,Leaf Blotch00004.JPG,Dataset_01_jtttfbx342,Dataset_02_g46dvrcvwn,NEAR_DUPLICATE_PHASH,Hamming=10,10,Blotch,Leaf_Blotch,2aeaaafe8ab8bacbbe61a27abab10b8f231d5bcf8f81a9ba50c94c8aac7835b1,a96b36433507af73e39df1d2ad9989e773b79c0d27ae1ebfbf5ecc18de823a07
blotch_(11).jpg,Rhizome Disease Root00004.JPG,Dataset_01_jtttfbx342,Dataset_02_g46dvrcvwn,NEAR_DUPLICATE_PHASH,Hamming=7,7,Blotch,Rhizome_Disease_Roots,2aeaaafe8ab8bacbbe61a27abab10b8f231d5bcf8f81a9ba50c94c8aac7835b1,6f6e64319c0d1bab197b171a1f9a7efdec00a918a246926057b9e33d25fb5eee
blotch_(11).jpg,Rhizome Disease Root00107.JPG,Dataset_01_jtttfbx342,Dataset_02_g46dvrcvwn,NEAR_DUPLICATE_PHASH,Hamming=10,10,Blotch,Rhizome_Disease_Roots,2aeaaafe8ab8bacbbe61a27abab10b8f231d5bcf8f81a9ba50c94c8aac7835b1,20764c6b0d747374c65cb38dc7b917de2cb9f7b1a2646232c20a1cb9569d8bed
blotch_(109).jpg,Rhizome Healthy Root00104.JPG,Dataset_01_jtttfbx342,Dataset_02_g46dvrcvwn,NEAR_DUPLICATE_PHASH,Hamming=10,10,Blotch,Rhizome_Healthy_Roots,ba0259fbee93a2eeff0bc50fcb61acdcc20484bcff8f9985d9903779f93aadc3,c6e84c358fef466d5d651d6badc72f487938a8971667c64a8b9cd6ba4e2a15f6
blotch_(110).jpg,Dry Leaf00082.JPG,Dataset_01_jtttfbx342,Dataset_02_g46dvrcvwn,NEAR_DUPLICATE_PHASH,Hamming=9,9,Blotch,Dry_Leaf,8ef16b5c4a776db8e5849dba68da19d0e68ee9872b3012ea4f00ef6b5c3535ff,0fef36b29f2c7149a46f1781d1a4edbd110d22d5b39a80b27eba7248551a7943
blotch_(110).jpg,Dry Leaf00122.JPG,Dataset_01_jtttfbx342,Dataset_02_g46dvrcvwn,NEAR_DUPLICATE_PHASH,Hamming=9,9,Blotch,Dry_Leaf,8ef16b5c4a776db8e5849dba68da19d0e68ee9872b3012ea4f00ef6b5c3535ff,f4c98e627b86f34d545dfa70f914b5a3482f9dac29e37e4277a46b7a042753b4
blotch_(110).jpg,Dry Leaf00138.JPG,Dataset_01_jtttfbx342,Dataset_02_g46dvrcvwn,NEAR_DUPLICATE_PHASH,Hamming=9,9,Blotch,Dry_Leaf,8ef16b5c4a776db8e5849dba68da19d0e68ee9872b3012ea4f00ef6b5c3535ff,48a137a521fcf8c5bf0f80670022143942508551f0f3047e9f590ff294fc2316
blotch_(110).jpg,Dry Leaf00143.JPG,Dataset_01_jtttfbx342,Dataset_02_g46dvrcvwn,NEAR_DUPLICATE_PHASH,Hamming=9,9,Blotch,Dry_Leaf,8ef16b5c4a776db8e5849dba68da19d0e68ee9872b3012ea4f00ef6b5c3535ff,264aaf55af985e2d563adbfe4338e6d7666deb78327e547e536cc5a3f2933d56
blotch_(111).jpg,Dry Leaf00021.JPG,Dataset_01_jtttfbx342,Dataset_02_g46dvrcvwn,NEAR_DUPLICATE_PHASH,Hamming=10,10,Blotch,Dry_Leaf,d44ef069db9f7bdcaac4eed6bf777b0a01e9b938206731b3e52acf941d9d6a34,80b07af320ce31e8a146fc8c36d40920359a994dbb7ce32c5c787d0e269bb363
blotch_(111).jpg,Dry Leaf00122.JPG,Dataset_01_jtttfbx342,Dataset_02_g46dvrcvwn,NEAR_DUPLICATE_PHASH,Hamming=8,8,Blotch,Dry_Leaf,d44ef069db9f7bdcaac4eed6bf777b0a01e9b938206731b3e52acf941d9d6a34,f4c98e627b86f34d545dfa70f914b5a3482f9dac29e37e4277a46b7a042753b4
blotch_(111).jpg,Rhizome Healthy Root00102.JPG,Dataset_01_jtttfbx342,Dataset_02_g46dvrcvwn,NEAR_DUPLICATE_PHASH,Hamming=8,8,Blotch,Rhizome_Healthy_Roots,d44ef069db9f7bdcaac4eed6bf777b0a01e9b938206731b3e52acf941d9d6a34,42ed63fbc1a84d627ef27ec356342cf7d62182b1cfb585f9cbc082ed88702993
blotch_(111).jpg,Rhizome Healthy Root00103.JPG,Dataset_01_jtttfbx342,Dataset_02_g46dvrcvwn,NEAR_DUPLICATE_PHASH,Hamming=8,8,Blotch,Rhizome_Healthy_Roots,d44ef069db9f7bdcaac4eed6bf777b0a01e9b938206731b3e52acf941d9d6a34,1a182a290d5ec92d08bc0bb7826ce7992966ad9ac025b6731f8d48f1b0071cec
blotch_(111).jpg,Rhizome Healthy Root00104.JPG,Dataset_01_jtttfbx342,Dataset_02_g46dvrcvwn,NEAR_DUPLICATE_PHASH,Hamming=7,7,Blotch,Rhizome_Healthy_Roots,d44ef069db9f7bdcaac4eed6bf777b0a01e9b938206731b3e52acf941d9d6a34,c6e84c358fef466d5d651d6badc72f487938a8971667c64a8b9cd6ba4e2a15f6
blotch_(111).jpg,Rhizome Healthy Root00106.JPG,Dataset_01_jtttfbx342,Dataset_02_g46dvrcvwn,NEAR_DUPLICATE_PHASH,Hamming=10,10,Blotch,Rhizome_Healthy_Roots,d44ef069db9f7bdcaac4eed6bf777b0a01e9b938206731b3e52acf941d9d6a34,792099df3f2fb91a62d25fc739635a820e6c5be3fb678f74f5b5b0d40f2c3209
blotch_(112).jpg,Dry Leaf00049.JPG,Dataset_01_jtttfbx342,Dataset_02_g46dvrcvwn,NEAR_DUPLICATE_PHASH,Hamming=9,9,Blotch,Dry_Leaf,f7006659e6e9c52685a778121249bafac8197d198f2b804bc8a57f796a73933b,319d981af9df48246c86314c43f6489c9b8020dccdf45288eeeeef33f9cce8ad
blotch_(114).jpg,Dry Leaf00021.JPG,Dataset_01_jtttfbx342,Dataset_02_g46dvrcvwn,NEAR_DUPLICATE_PHASH,Hamming=9,9,Blotch,Dry_Leaf,d43a53d9f3ebf93fa12c643631f1efcf57784c9038e1d3c17f05e015135f07a0,80b07af320ce31e8a146fc8c36d40920359a994dbb7ce32c5c787d0e269bb363
blotch_(114).jpg,Dry Leaf00082.JPG,Dataset_01_jtttfbx342,Dataset_02_g46dvrcvwn,NEAR_DUPLICATE_PHASH,Hamming=9,9,Blotch,Dry_Leaf,d43a53d9f3ebf93fa12c643631f1efcf57784c9038e1d3c17f05e015135f07a0,0fef36b29f2c7149a46f1781d1a4edbd110d22d5b39a80b27eba7248551a7943
blotch_(114).jpg,Leaf Blotch00004.JPG,Dataset_01_jtttfbx342,Dataset_02_g46dvrcvwn,NEAR_DUPLICATE_PHASH,Hamming=7,7,Blotch,Leaf_Blotch,d43a53d9f3ebf93fa12c643631f1efcf57784c9038e1d3c17f05e015135f07a0,a96b36433507af73e39df1d2ad9989e773b79c0d27ae1ebfbf5ecc18de823a07
blotch_(114).jpg,Leaf Blotch00005.JPG,Dataset_01_jtttfbx342,Dataset_02_g46dvrcvwn,NEAR_DUPLICATE_PHASH,Hamming=8,8,Blotch,Leaf_Blotch,d43a53d9f3ebf93fa12c643631f1efcf57784c9038e1d3c17f05e015135f07a0,b5226d7c1649a14108ea4d4cb07f7891e66ce892f3f25536e7c1e20665c8d718
blotch_(114).jpg,Rhizome Disease Root00114.JPG,Dataset_01_jtttfbx342,Dataset_02_g46dvrcvwn,NEAR_DUPLICATE_PHASH,Hamming=10,10,Blotch,Rhizome_Disease_Roots,d43a53d9f3ebf93fa12c643631f1efcf57784c9038e1d3c17f05e015135f07a0,3a652734257559efc017044a527d4be6683a935a05e18c03b9115f80560df8be
blotch_(114).jpg,Rhizome Healthy Root00104.JPG,Dataset_01_jtttfbx342,Dataset_02_g46dvrcvwn,NEAR_DUPLICATE_PHASH,Hamming=10,10,Blotch,Rhizome_Healthy_Roots,d43a53d9f3ebf93fa12c643631f1efcf57784c9038e1d3c17f05e015135f07a0,c6e84c358fef466d5d651d6badc72f487938a8971667c64a8b9cd6ba4e2a15f6
blotch_(114).jpg,Rhizome Healthy Root00232.JPG,Dataset_01_jtttfbx342,Dataset_02_g46dvrcvwn,NEAR_DUPLICATE_PHASH,Hamming=10,10,Blotch,Rhizome_Healthy_Roots,d43a53d9f3ebf93fa12c643631f1efcf57784c9038e1d3c17f05e015135f07a0,bc937e060206b7ac479f3eee51788f6e75bc98567118a529ef1b20784b1f366c
blotch_(115).jpg,Dry Leaf00082.JPG,Dataset_01_jtttfbx342,Dataset_02_g46dvrcvwn,NEAR_DUPLICATE_PHASH,Hamming=10,10,Blotch,Dry_Leaf,6743a0f602b91dbe32f504c80b73c15995fb0b4d99973e5f606dbb207d5eb84e,0fef36b29f2c7149a46f1781d1a4edbd110d22d5b39a80b27eba7248551a7943
blotch_(115).jpg,Dry Leaf00122.JPG,Dataset_01_jtttfbx342,Dataset_02_g46dvrcvwn,NEAR_DUPLICATE_PHASH,Hamming=8,8,Blotch,Dry_Leaf,6743a0f602b91dbe32f504c80b73c15995fb0b4d99973e5f606dbb207d5eb84e,f4c98e627b86f34d545dfa70f914b5a3482f9dac29e37e4277a46b7a042753b4
blotch_(115).jpg,Dry Leaf00143.JPG,Dataset_01_jtttfbx342,Dataset_02_g46dvrcvwn,NEAR_DUPLICATE_PHASH,Hamming=10,10,Blotch,Dry_Leaf,6743a0f602b91dbe32f504c80b73c15995fb0b4d99973e5f606dbb207d5eb84e,264aaf55af985e2d563adbfe4338e6d7666deb78327e547e536cc5a3f2933d56
blotch_(115).jpg,Rhizome Disease Root00114.JPG,Dataset_01_jtttfbx342,Dataset_02_g46dvrcvwn,NEAR_DUPLICATE_PHASH,Hamming=9,9,Blotch,Rhizome_Disease_Roots,6743a0f602b91dbe32f504c80b73c15995fb0b4d99973e5f606dbb207d5eb84e,3a652734257559efc017044a527d4be6683a935a05e18c03b9115f80560df8be
blotch_(115).jpg,Rhizome Healthy Root00106.JPG,Dataset_01_jtttfbx342,Dataset_02_g46dvrcvwn,NEAR_DUPLICATE_PHASH,Hamming=10,10,Blotch,Rhizome_Healthy_Roots,6743a0f602b91dbe32f504c80b73c15995fb0b4d99973e5f606dbb207d5eb84e,792099df3f2fb91a62d25fc739635a820e6c5be3fb678f74f5b5b0d40f2c3209
blotch_(115).jpg,Rhizome Healthy Root00292.JPG,Dataset_01_jtttfbx342,Dataset_02_g46dvrcvwn,NEAR_DUPLICATE_PHASH,Hamming=10,10,Blotch,Rhizome_Healthy_Roots,6743a0f602b91dbe32f504c80b73c15995fb0b4d99973e5f606dbb207d5eb84e,0fcf7b1826e15adbff0cc25cb6b499e297fc3cfcf6d0ea3c400f0ba34ca9f4c5
blotch_(115).jpg,Rhizome Healthy Root00302.JPG,Dataset_01_jtttfbx342,Dataset_02_g46dvrcvwn,NEAR_DUPLICATE_PHASH,Hamming=10,10,Blotch,Rhizome_Healthy_Roots,6743a0f602b91dbe32f504c80b73c15995fb0b4d99973e5f606dbb207d5eb84e,1b056c0bec593d0fb2c3b1ab4b9d24f80ed054d4ea4c181663cd9794f0288604
blotch_(116).jpg,Dry Leaf00082.JPG,Dataset_01_jtttfbx342,Dataset_02_g46dvrcvwn,NEAR_DUPLICATE_PHASH,Hamming=8,8,Blotch,Dry_Leaf,d4eb8c6d530c117c991c1353be5da210689505a3c3b681f7c02d5c92b5b57026,0fef36b29f2c7149a46f1781d1a4edbd110d22d5b39a80b27eba7248551a7943
blotch_(116).jpg,Dry Leaf00103.JPG,Dataset_01_jtttfbx342,Dataset_02_g46dvrcvwn,NEAR_DUPLICATE_PHASH,Hamming=10,10,Blotch,Dry_Leaf,d4eb8c6d530c117c991c1353be5da210689505a3c3b681f7c02d5c92b5b57026,bbfb3df38cb3490b790738984ea414551d8babc594859e0349b9edea546188c8
blotch_(116).jpg,Dry Leaf00122.JPG,Dataset_01_jtttfbx342,Dataset_02_g46dvrcvwn,NEAR_DUPLICATE_PHASH,Hamming=10,10,Blotch,Dry_Leaf,d4eb8c6d530c117c991c1353be5da210689505a3c3b681f7c02d5c92b5b57026,f4c98e627b86f34d545dfa70f914b5a3482f9dac29e37e4277a46b7a042753b4
blotch_(116).jpg,Dry Leaf00143.JPG,Dataset_01_jtttfbx342,Dataset_02_g46dvrcvwn,NEAR_DUPLICATE_PHASH,Hamming=6,6,Blotch,Dry_Leaf,d4eb8c6d530c117c991c1353be5da210689505a3c3b681f7c02d5c92b5b57026,264aaf55af985e2d563adbfe4338e6d7666deb78327e547e536cc5a3f2933d56
blotch_(116).jpg,Leaf Blotch00004.JPG,Dataset_01_jtttfbx342,Dataset_02_g46dvrcvwn,NEAR_DUPLICATE_PHASH,Hamming=8,8,Blotch,Leaf_Blotch,d4eb8c6d530c117c991c1353be5da210689505a3c3b681f7c02d5c92b5b57026,a96b36433507af73e39df1d2ad9989e773b79c0d27ae1ebfbf5ecc18de823a07
blotch_(116).jpg,Leaf Blotch00005.JPG,Dataset_01_jtttfbx342,Dataset_02_g46dvrcvwn,NEAR_DUPLICATE_PHASH,Hamming=9,9,Blotch,Leaf_Blotch,d4eb8c6d530c117c991c1353be5da210689505a3c3b681f7c02d5c92b5b57026,b5226d7c1649a14108ea4d4cb07f7891e66ce892f3f25536e7c1e20665c8d718
blotch_(116).jpg,Leaf Blotch00010.JPG,Dataset_01_jtttfbx342,Dataset_02_g46dvrcvwn,NEAR_DUPLICATE_PHASH,Hamming=10,10,Blotch,Leaf_Blotch,d4eb8c6d530c117c991c1353be5da210689505a3c3b681f7c02d5c92b5b57026,3197e2822de599021d133b9768cc32b77177d96d791f65244880d4b84c54b147
blotch_(116).jpg,Rhizome Disease Root00004.JPG,Dataset_01_jtttfbx342,Dataset_02_g46dvrcvwn,NEAR_DUPLICATE_PHASH,Hamming=9,9,Blotch,Rhizome_Disease_Roots,d4eb8c6d530c117c991c1353be5da210689505a3c3b681f7c02d5c92b5b57026,6f6e64319c0d1bab197b171a1f9a7efdec00a918a246926057b9e33d25fb5eee
blotch_(116).jpg,Rhizome Disease Root00031.JPG,Dataset_01_jtttfbx342,Dataset_02_g46dvrcvwn,NEAR_DUPLICATE_PHASH,Hamming=9,9,Blotch,Rhizome_Disease_Roots,d4eb8c6d530c117c991c1353be5da210689505a3c3b681f7c02d5c92b5b57026,dedf2d9306dfb93c43063f67c4400508fe0bb5a6138b865bc0149e9e0602865b
blotch_(116).jpg,Rhizome Disease Root00107.JPG,Dataset_01_jtttfbx342,Dataset_02_g46dvrcvwn,NEAR_DUPLICATE_PHASH,Hamming=10,10,Blotch,Rhizome_Disease_Roots,d4eb8c6d530c117c991c1353be5da210689505a3c3b681f7c02d5c92b5b57026,20764c6b0d747374c65cb38dc7b917de2cb9f7b1a2646232c20a1cb9569d8bed
blotch_(116).jpg,Rhizome Disease Root00114.JPG,Dataset_01_jtttfbx342,Dataset_02_g46dvrcvwn,NEAR_DUPLICATE_PHASH,Hamming=5,5,Blotch,Rhizome_Disease_Roots,d4eb8c6d530c117c991c1353be5da210689505a3c3b681f7c02d5c92b5b57026,3a652734257559efc017044a527d4be6683a935a05e18c03b9115f80560df8be
blotch_(116).jpg,Rhizome Healthy Root00004.JPG,Dataset_01_jtttfbx342,Dataset_02_g46dvrcvwn,NEAR_DUPLICATE_PHASH,Hamming=9,9,Blotch,Rhizome_Healthy_Roots,d4eb8c6d530c117c991c1353be5da210689505a3c3b681f7c02d5c92b5b57026,0a81762deb6bead8e1213dfbff560937557f7994efe3d47e0eff8a4da99c9839
blotch_(116).jpg,Rhizome Healthy Root00005.JPG,Dataset_01_jtttfbx342,Dataset_02_g46dvrcvwn,NEAR_DUPLICATE_PHASH,Hamming=9,9,Blotch,Rhizome_Healthy_Roots,d4eb8c6d530c117c991c1353be5da210689505a3c3b681f7c02d5c92b5b57026,02920aea4176a0ea323a01f02ab035392b319a65c8f7716836b65d21ee084010
blotch_(116).jpg,Rhizome Healthy Root00029.JPG,Dataset_01_jtttfbx342,Dataset_02_g46dvrcvwn,NEAR_DUPLICATE_PHASH,Hamming=10,10,Blotch,Rhizome_Healthy_Roots,d4eb8c6d530c117c991c1353be5da210689505a3c3b681f7c02d5c92b5b57026,3835df92135db2ba80f4dc67dd51d4ab10db2fd18fa835a53280dd4318d1c91a
blotch_(116).jpg,Rhizome Healthy Root00030.JPG,Dataset_01_jtttfbx342,Dataset_02_g46dvrcvwn,NEAR_DUPLICATE_PHASH,Hamming=10,10,Blotch,Rhizome_Healthy_Roots,d4eb8c6d530c117c991c1353be5da210689505a3c3b681f7c02d5c92b5b57026,5ce7923d7a7e7b4bd048f205c90e9a9a8d400d2fd8cf48fec15ac85b74cc3468
blotch_(116).jpg,Rhizome Healthy Root00031.JPG,Dataset_01_jtttfbx342,Dataset_02_g46dvrcvwn,NEAR_DUPLICATE_PHASH,Hamming=10,10,Blotch,Rhizome_Healthy_Roots,d4eb8c6d530c117c991c1353be5da210689505a3c3b681f7c02d5c92b5b57026,be1d95036007d6dc54776a298c8ed737b1c2ae0a0b8d9720d368b6fd64dfef46
blotch_(116).jpg,Rhizome Healthy Root00106.JPG,Dataset_01_jtttfbx342,Dataset_02_g46dvrcvwn,NEAR_DUPLICATE_PHASH,Hamming=10,10,Blotch,Rhizome_Healthy_Roots,d4eb8c6d530c117c991c1353be5da210689505a3c3b681f7c02d5c92b5b57026,792099df3f2fb91a62d25fc739635a820e6c5be3fb678f74f5b5b0d40f2c3209
blotch_(116).jpg,Rhizome Healthy Root00220.JPG,Dataset_01_jtttfbx342,Dataset_02_g46dvrcvwn,NEAR_DUPLICATE_PHASH,Hamming=9,9,Blotch,Rhizome_Healthy_Roots,d4eb8c6d530c117c991c1353be5da210689505a3c3b681f7c02d5c92b5b57026,f1bac6eee43ea442e2adaaf4ecc4f0924e7e0f93c6344dfd32a207415e7fa143
blotch_(116).jpg,Rhizome Healthy Root00222.JPG,Dataset_01_jtttfbx342,Dataset_02_g46dvrcvwn,NEAR_DUPLICATE_PHASH,Hamming=10,10,Blotch,Rhizome_Healthy_Roots,d4eb8c6d530c117c991c1353be5da210689505a3c3b681f7c02d5c92b5b57026,b443d6ce3ead6b4dd5ce5a65889ea94c1dcaa5abbe92726d10d85229b0627a06
blotch_(116).jpg,Rhizome Healthy Root00257.JPG,Dataset_01_jtttfbx342,Dataset_02_g46dvrcvwn,NEAR_DUPLICATE_PHASH,Hamming=10,10,Blotch,Rhizome_Healthy_Roots,d4eb8c6d530c117c991c1353be5da210689505a3c3b681f7c02d5c92b5b57026,27078ff663c26a35d652cb818332a4af8a42761a7662fd6a5a390f2221ed1f91
blotch_(116).jpg,Rhizome Healthy Root00258.JPG,Dataset_01_jtttfbx342,Dataset_02_g46dvrcvwn,NEAR_DUPLICATE_PHASH,Hamming=9,9,Blotch,Rhizome_Healthy_Roots,d4eb8c6d530c117c991c1353be5da210689505a3c3b681f7c02d5c92b5b57026,741a6e06ca571fd5eea19c54fbb3ea01caa6353c419ec5110589eb77afea706b
blotch_(116).jpg,Rhizome Healthy Root00292.JPG,Dataset_01_jtttfbx342,Dataset_02_g46dvrcvwn,NEAR_DUPLICATE_PHASH,Hamming=10,10,Blotch,Rhizome_Healthy_Roots,d4eb8c6d530c117c991c1353be5da210689505a3c3b681f7c02d5c92b5b57026,0fcf7b1826e15adbff0cc25cb6b499e297fc3cfcf6d0ea3c400f0ba34ca9f4c5
blotch_(116).jpg,Rhizome Healthy Root00298.JPG,Dataset_01_jtttfbx342,Dataset_02_g46dvrcvwn,NEAR_DUPLICATE_PHASH,Hamming=9,9,Blotch,Rhizome_Healthy_Roots,d4eb8c6d530c117c991c1353be5da210689505a3c3b681f7c02d5c92b5b57026,2783c1890cd370aeaac62205f04cd2f8e6dbd23c5f0a56b5e3406893bed3c47f
blotch_(116).jpg,Rhizome Healthy Root00302.JPG,Dataset_01_jtttfbx342,Dataset_02_g46dvrcvwn,NEAR_DUPLICATE_PHASH,Hamming=8,8,Blotch,Rhizome_Healthy_Roots,d4eb8c6d530c117c991c1353be5da210689505a3c3b681f7c02d5c92b5b57026,1b056c0bec593d0fb2c3b1ab4b9d24f80ed054d4ea4c181663cd9794f0288604
blotch_(116).jpg,Rhizome Healthy Root00303.JPG,Dataset_01_jtttfbx342,Dataset_02_g46dvrcvwn,NEAR_DUPLICATE_PHASH,Hamming=9,9,Blotch,Rhizome_Healthy_Roots,d4eb8c6d530c117c991c1353be5da210689505a3c3b681f7c02d5c92b5b57026,67b3e63120ef420e06cb311a4b97a1c1cb953fa026bae3e4e864d26264f1d837
blotch_(117).jpg,Dry Leaf00106.JPG,Dataset_01_jtttfbx342,Dataset_02_g46dvrcvwn,NEAR_DUPLICATE_PHASH,Hamming=10,10,Blotch,Dry_Leaf,20780fc2b8f1c06e4afee3e64db83ebe09a0b96599d325fff0e96447a68bb5b6,bf51d86e769f79565126a609d7663982a5939e707036279be63053b07f71726b
blotch_(117).jpg,Leaf Blotch00001.JPG,Dataset_01_jtttfbx342,Dataset_02_g46dvrcvwn,NEAR_DUPLICATE_PHASH,Hamming=9,9,Blotch,Leaf_Blotch,20780fc2b8f1c06e4afee3e64db83ebe09a0b96599d325fff0e96447a68bb5b6,f461942049356cd766f3c3d99a694b69dc0861a87e650f004c6e580385152328
blotch_(117).jpg,Leaf Blotch00004.JPG,Dataset_01_jtttfbx342,Dataset_02_g46dvrcvwn,NEAR_DUPLICATE_PHASH,Hamming=9,9,Blotch,Leaf_Blotch,20780fc2b8f1c06e4afee3e64db83ebe09a0b96599d325fff0e96447a68bb5b6,a96b36433507af73e39df1d2ad9989e773b79c0d27ae1ebfbf5ecc18de823a07
blotch_(117).jpg,Leaf Blotch00006.JPG,Dataset_01_jtttfbx342,Dataset_02_g46dvrcvwn,NEAR_DUPLICATE_PHASH,Hamming=9,9,Blotch,Leaf_Blotch,20780fc2b8f1c06e4afee3e64db83ebe09a0b96599d325fff0e96447a68bb5b6,b0975277450bc6f9f338542e47055ab8a8947999d4a87cd8e2097f23af27f392
blotch_(119).jpg,Dry Leaf00082.JPG,Dataset_01_jtttfbx342,Dataset_02_g46dvrcvwn,NEAR_DUPLICATE_PHASH,Hamming=10,10,Blotch,Dry_Leaf,3a0747b16ee7005359bc0947197fdbe3c881189693de0906cf5a0944e1557230,0fef36b29f2c7149a46f1781d1a4edbd110d22d5b39a80b27eba7248551a7943
blotch_(119).jpg,Dry Leaf00106.JPG,Dataset_01_jtttfbx342,Dataset_02_g46dvrcvwn,NEAR_DUPLICATE_PHASH,Hamming=9,9,Blotch,Dry_Leaf,3a0747b16ee7005359bc0947197fdbe3c881189693de0906cf5a0944e1557230,bf51d86e769f79565126a609d7663982a5939e707036279be63053b07f71726b
blotch_(119).jpg,Dry Leaf00143.JPG,Dataset_01_jtttfbx342,Dataset_02_g46dvrcvwn,NEAR_DUPLICATE_PHASH,Hamming=8,8,Blotch,Dry_Leaf,3a0747b16ee7005359bc0947197fdbe3c881189693de0906cf5a0944e1557230,264aaf55af985e2d563adbfe4338e6d7666deb78327e547e536cc5a3f2933d56
blotch_(119).jpg,Dry Leaf00170.JPG,Dataset_01_jtttfbx342,Dataset_02_g46dvrcvwn,NEAR_DUPLICATE_PHASH,Hamming=10,10,Blotch,Dry_Leaf,3a0747b16ee7005359bc0947197fdbe3c881189693de0906cf5a0944e1557230,6e4bc65e0a3086f41cdea2b99b2e1618d36cced1aa4e4e522c1bb35007dca33b
blotch_(119).jpg,Leaf Blotch00004.JPG,Dataset_01_jtttfbx342,Dataset_02_g46dvrcvwn,NEAR_DUPLICATE_PHASH,Hamming=10,10,Blotch,Leaf_Blotch,3a0747b16ee7005359bc0947197fdbe3c881189693de0906cf5a0944e1557230,a96b36433507af73e39df1d2ad9989e773b79c0d27ae1ebfbf5ecc18de823a07
blotch_(12).jpg,Dry Leaf00049.JPG,Dataset_01_jtttfbx342,Dataset_02_g46dvrcvwn,NEAR_DUPLICATE_PHASH,Hamming=5,5,Blotch,Dry_Leaf,82171ff135454b54520e0a6b53f2373cd93b23210b74f17e6038dee4f03a08ac,319d981af9df48246c86314c43f6489c9b8020dccdf45288eeeeef33f9cce8ad
blotch_(120).jpg,Dry Leaf00106.JPG,Dataset_01_jtttfbx342,Dataset_02_g46dvrcvwn,NEAR_DUPLICATE_PHASH,Hamming=8,8,Blotch,Dry_Leaf,bfbf0a3dc89fbf7c06752a5edf3f1fd1d39d32faf1243a0d0d6c2c0a4835b862,bf51d86e769f79565126a609d7663982a5939e707036279be63053b07f71726b
blotch_(122).jpg,Dry Leaf00049.JPG,Dataset_01_jtttfbx342,Dataset_02_g46dvrcvwn,NEAR_DUPLICATE_PHASH,Hamming=5,5,Blotch,Dry_Leaf,11939e74ac1abc385de0141159215b317861a4a95b6a16375657e1d5be668837,319d981af9df48246c86314c43f6489c9b8020dccdf45288eeeeef33f9cce8ad
blotch_(122).jpg,Leaf Blotch00006.JPG,Dataset_01_jtttfbx342,Dataset_02_g46dvrcvwn,NEAR_DUPLICATE_PHASH,Hamming=10,10,Blotch,Leaf_Blotch,11939e74ac1abc385de0141159215b317861a4a95b6a16375657e1d5be668837,b0975277450bc6f9f338542e47055ab8a8947999d4a87cd8e2097f23af27f392
blotch_(122).jpg,Rhizome Disease Root00011.JPG,Dataset_01_jtttfbx342,Dataset_02_g46dvrcvwn,NEAR_DUPLICATE_PHASH,Hamming=9,9,Blotch,Rhizome_Disease_Roots,11939e74ac1abc385de0141159215b317861a4a95b6a16375657e1d5be668837,9e5b456e10edce65aab601b2f8131f40d6819965e444da5f3f857d82317bfae2
blotch_(124).jpg,Dry Leaf00049.JPG,Dataset_01_jtttfbx342,Dataset_02_g46dvrcvwn,NEAR_DUPLICATE_PHASH,Hamming=10,10,Blotch,Dry_Leaf,b6bf6ad693d3035a863eee833777bfeae72f36fb12eb221c8d4372eff08e38d2,319d981af9df48246c86314c43f6489c9b8020dccdf45288eeeeef33f9cce8ad
blotch_(124).jpg,Healthy Leaf00038.JPG,Dataset_01_jtttfbx342,Dataset_02_g46dvrcvwn,NEAR_DUPLICATE_PHASH,Hamming=10,10,Blotch,Healthy_Leaf,b6bf6ad693d3035a863eee833777bfeae72f36fb12eb221c8d4372eff08e38d2,5a8d8d4fe5db15fc17abba9c49e209e88a4641a270a544ef0ff16c8c4bfbbe31
blotch_(124).jpg,Rhizome Disease Root00011.JPG,Dataset_01_jtttfbx342,Dataset_02_g46dvrcvwn,NEAR_DUPLICATE_PHASH,Hamming=10,10,Blotch,Rhizome_Disease_Roots,b6bf6ad693d3035a863eee833777bfeae72f36fb12eb221c8d4372eff08e38d2,9e5b456e10edce65aab601b2f8131f40d6819965e444da5f3f857d82317bfae2
blotch_(121).jpg,Dry Leaf00082.JPG,Dataset_01_jtttfbx342,Dataset_02_g46dvrcvwn,NEAR_DUPLICATE_PHASH,Hamming=7,7,Blotch,Dry_Leaf,32d9963714876dc957f00cac0f57d8a29186bd9ab984a584ad5af4548fddd818,0fef36b29f2c7149a46f1781d1a4edbd110d22d5b39a80b27eba7248551a7943
blotch_(121).jpg,Dry Leaf00143.JPG,Dataset_01_jtttfbx342,Dataset_02_g46dvrcvwn,NEAR_DUPLICATE_PHASH,Hamming=9,9,Blotch,Dry_Leaf,32d9963714876dc957f00cac0f57d8a29186bd9ab984a584ad5af4548fddd818,264aaf55af985e2d563adbfe4338e6d7666deb78327e547e536cc5a3f2933d56
blotch_(121).jpg,Rhizome Disease Root00004.JPG,Dataset_01_jtttfbx342,Dataset_02_g46dvrcvwn,NEAR_DUPLICATE_PHASH,Hamming=10,10,Blotch,Rhizome_Disease_Roots,32d9963714876dc957f00cac0f57d8a29186bd9ab984a584ad5af4548fddd818,6f6e64319c0d1bab197b171a1f9a7efdec00a918a246926057b9e33d25fb5eee
blotch_(121).jpg,Rhizome Disease Root00108.JPG,Dataset_01_jtttfbx342,Dataset_02_g46dvrcvwn,NEAR_DUPLICATE_PHASH,Hamming=10,10,Blotch,Rhizome_Disease_Roots,32d9963714876dc957f00cac0f57d8a29186bd9ab984a584ad5af4548fddd818,fa6b8eb8029c35c84b3dd6988ff45733a0cbc5ba5532d4c88d1db7643118aa4a
blotch_(121).jpg,Rhizome Healthy Root00005.JPG,Dataset_01_jtttfbx342,Dataset_02_g46dvrcvwn,NEAR_DUPLICATE_PHASH,Hamming=10,10,Blotch,Rhizome_Healthy_Roots,32d9963714876dc957f00cac0f57d8a29186bd9ab984a584ad5af4548fddd818,02920aea4176a0ea323a01f02ab035392b319a65c8f7716836b65d21ee084010
blotch_(125).jpg,Dry Leaf00077.JPG,Dataset_01_jtttfbx342,Dataset_02_g46dvrcvwn,NEAR_DUPLICATE_PHASH,Hamming=10,10,Blotch,Dry_Leaf,2c8eb406dd286df6ea240ff6e44ea20fb2d13441c711a98c652e52bf9e542045,c7a04e3fb84ede079e4e6a784fadfc4d70466daef9fee9e62eaf7e0032e5b8b9
blotch_(126).jpg,Healthy Leaf00041.JPG,Dataset_01_jtttfbx342,Dataset_02_g46dvrcvwn,NEAR_DUPLICATE_PHASH,Hamming=10,10,Blotch,Healthy_Leaf,d787a50ec3e16167d9a10f596ae97b6478593b735ca4dd6766c87a8fdf6e685d,89ee2bd7a7020212245b6cd5e6ebdb41ca0c174c9b38eb4fba7851fa9f743dfc
blotch_(126).jpg,Rhizome Disease Root00108.JPG,Dataset_01_jtttfbx342,Dataset_02_g46dvrcvwn,NEAR_DUPLICATE_PHASH,Hamming=9,9,Blotch,Rhizome_Disease_Roots,d787a50ec3e16167d9a10f596ae97b6478593b735ca4dd6766c87a8fdf6e685d,fa6b8eb8029c35c84b3dd6988ff45733a0cbc5ba5532d4c88d1db7643118aa4a
blotch_(126).jpg,Rhizome Disease Root00174.JPG,Dataset_01_jtttfbx342,Dataset_02_g46dvrcvwn,NEAR_DUPLICATE_PHASH,Hamming=9,9,Blotch,Rhizome_Disease_Roots,d787a50ec3e16167d9a10f596ae97b6478593b735ca4dd6766c87a8fdf6e685d,ecfb7eb332f9325f118c4febd130514cf65ed231d12141528bdc38f53c4e84e0
blotch_(126).jpg,Rhizome Disease Root00180.JPG,Dataset_01_jtttfbx342,Dataset_02_g46dvrcvwn,NEAR_DUPLICATE_PHASH,Hamming=10,10,Blotch,Rhizome_Disease_Roots,d787a50ec3e16167d9a10f596ae97b6478593b735ca4dd6766c87a8fdf6e685d,24396f5ae47cf2c6aabacc2b8f481d2b66240f018f70f63b3b030d6e6d61d58c
blotch_(126).jpg,Rhizome Healthy Root00302.JPG,Dataset_01_jtttfbx342,Dataset_02_g46dvrcvwn,NEAR_DUPLICATE_PHASH,Hamming=10,10,Blotch,Rhizome_Healthy_Roots,d787a50ec3e16167d9a10f596ae97b6478593b735ca4dd6766c87a8fdf6e685d,1b056c0bec593d0fb2c3b1ab4b9d24f80ed054d4ea4c181663cd9794f0288604
blotch_(127).jpg,Dry Leaf00049.JPG,Dataset_01_jtttfbx342,Dataset_02_g46dvrcvwn,NEAR_DUPLICATE_PHASH,Hamming=6,6,Blotch,Dry_Leaf,11b65651d4e85e933acfd959ded552242433c3bcb5757e0168c590a8fcd7c7cd,319d981af9df48246c86314c43f6489c9b8020dccdf45288eeeeef33f9cce8ad
blotch_(127).jpg,Healthy Leaf00073.JPG,Dataset_01_jtttfbx342,Dataset_02_g46dvrcvwn,NEAR_DUPLICATE_PHASH,Hamming=10,10,Blotch,Healthy_Leaf,11b65651d4e85e933acfd959ded552242433c3bcb5757e0168c590a8fcd7c7cd,14099ddcc85f0e8888a5a126d064d51875b1dacabb180459313850a260a8ff37
blotch_(127).jpg,Leaf Blotch00006.JPG,Dataset_01_jtttfbx342,Dataset_02_g46dvrcvwn,NEAR_DUPLICATE_PHASH,Hamming=9,9,Blotch,Leaf_Blotch,11b65651d4e85e933acfd959ded552242433c3bcb5757e0168c590a8fcd7c7cd,b0975277450bc6f9f338542e47055ab8a8947999d4a87cd8e2097f23af27f392
blotch_(127).jpg,Rhizome Disease Root00011.JPG,Dataset_01_jtttfbx342,Dataset_02_g46dvrcvwn,NEAR_DUPLICATE_PHASH,Hamming=10,10,Blotch,Rhizome_Disease_Roots,11b65651d4e85e933acfd959ded552242433c3bcb5757e0168c590a8fcd7c7cd,9e5b456e10edce65aab601b2f8131f40d6819965e444da5f3f857d82317bfae2
blotch_(127).jpg,Rhizome Disease Root00020.JPG,Dataset_01_jtttfbx342,Dataset_02_g46dvrcvwn,NEAR_DUPLICATE_PHASH,Hamming=10,10,Blotch,Rhizome_Disease_Roots,11b65651d4e85e933acfd959ded552242433c3bcb5757e0168c590a8fcd7c7cd,c07823be8a3a62bb5183427f4f5e76d24913cbadcc40e6a4cf0a8729f3a3ab22
blotch_(129).jpg,Dry Leaf00049.JPG,Dataset_01_jtttfbx342,Dataset_02_g46dvrcvwn,NEAR_DUPLICATE_PHASH,Hamming=10,10,Blotch,Dry_Leaf,722ab8ef03f1339d2271693ca22ba4d28c11769cc4b440d05176fc4e2e8bdf56,319d981af9df48246c86314c43f6489c9b8020dccdf45288eeeeef33f9cce8ad
blotch_(129).jpg,Rhizome Disease Root00011.JPG,Dataset_01_jtttfbx342,Dataset_02_g46dvrcvwn,NEAR_DUPLICATE_PHASH,Hamming=10,10,Blotch,Rhizome_Disease_Roots,722ab8ef03f1339d2271693ca22ba4d28c11769cc4b440d05176fc4e2e8bdf56,9e5b456e10edce65aab601b2f8131f40d6819965e444da5f3f857d82317bfae2
blotch_(131).jpg,Rhizome Disease Root00004.JPG,Dataset_01_jtttfbx342,Dataset_02_g46dvrcvwn,NEAR_DUPLICATE_PHASH,Hamming=9,9,Blotch,Rhizome_Disease_Roots,f1110a91d11e33c53733ce8fcd88a5ecb8b39e4bda55169b632d4cafdf557815,6f6e64319c0d1bab197b171a1f9a7efdec00a918a246926057b9e33d25fb5eee
blotch_(131).jpg,Rhizome Disease Root00107.JPG,Dataset_01_jtttfbx342,Dataset_02_g46dvrcvwn,NEAR_DUPLICATE_PHASH,Hamming=10,10,Blotch,Rhizome_Disease_Roots,f1110a91d11e33c53733ce8fcd88a5ecb8b39e4bda55169b632d4cafdf557815,20764c6b0d747374c65cb38dc7b917de2cb9f7b1a2646232c20a1cb9569d8bed
blotch_(131).jpg,Rhizome Disease Root00112.JPG,Dataset_01_jtttfbx342,Dataset_02_g46dvrcvwn,NEAR_DUPLICATE_PHASH,Hamming=10,10,Blotch,Rhizome_Disease_Roots,f1110a91d11e33c53733ce8fcd88a5ecb8b39e4bda55169b632d4cafdf557815,91ae7035e064a6406120fc0ecaa788edd1c48a2b5f20f0c2337b08707f3fbe0f
blotch_(132).jpg,Dry Leaf00049.JPG,Dataset_01_jtttfbx342,Dataset_02_g46dvrcvwn,NEAR_DUPLICATE_PHASH,Hamming=8,8,Blotch,Dry_Leaf,db06ee16c52da89418c4a43b4c0ab41af35d0098350e6d263b700a320b82645b,319d981af9df48246c86314c43f6489c9b8020dccdf45288eeeeef33f9cce8ad
blotch_(134).jpg,Dry Leaf00049.JPG,Dataset_01_jtttfbx342,Dataset_02_g46dvrcvwn,NEAR_DUPLICATE_PHASH,Hamming=10,10,Blotch,Dry_Leaf,c7eb82a7a172018eec6e58c07ae7214bd51874bdaa1c70bef1f1b317fedde099,319d981af9df48246c86314c43f6489c9b8020dccdf45288eeeeef33f9cce8ad
blotch_(134).jpg,Dry Leaf00072.JPG,Dataset_01_jtttfbx342,Dataset_02_g46dvrcvwn,NEAR_DUPLICATE_PHASH,Hamming=9,9,Blotch,Dry_Leaf,c7eb82a7a172018eec6e58c07ae7214bd51874bdaa1c70bef1f1b317fedde099,0ae34b2cfac8174028b91944bc4881819bca0ab9e1f5a7d5f41b0389f407edac
blotch_(134).jpg,Dry Leaf00091.JPG,Dataset_01_jtttfbx342,Dataset_02_g46dvrcvwn,NEAR_DUPLICATE_PHASH,Hamming=9,9,Blotch,Dry_Leaf,c7eb82a7a172018eec6e58c07ae7214bd51874bdaa1c70bef1f1b317fedde099,a2152f2967b974d5700b5ba31c0ccfd831e9d23ec967e85defcc37d73c88f3bb
blotch_(136).jpg,Dry Leaf00082.JPG,Dataset_01_jtttfbx342,Dataset_02_g46dvrcvwn,NEAR_DUPLICATE_PHASH,Hamming=6,6,Blotch,Dry_Leaf,524d0a58ab9a8f787bf20643daac01e1026b012a1f0081fd7cc6d41032a6bc7a,0fef36b29f2c7149a46f1781d1a4edbd110d22d5b39a80b27eba7248551a7943
blotch_(136).jpg,Dry Leaf00103.JPG,Dataset_01_jtttfbx342,Dataset_02_g46dvrcvwn,NEAR_DUPLICATE_PHASH,Hamming=10,10,Blotch,Dry_Leaf,524d0a58ab9a8f787bf20643daac01e1026b012a1f0081fd7cc6d41032a6bc7a,bbfb3df38cb3490b790738984ea414551d8babc594859e0349b9edea546188c8
blotch_(136).jpg,Dry Leaf00143.JPG,Dataset_01_jtttfbx342,Dataset_02_g46dvrcvwn,NEAR_DUPLICATE_PHASH,Hamming=8,8,Blotch,Dry_Leaf,524d0a58ab9a8f787bf20643daac01e1026b012a1f0081fd7cc6d41032a6bc7a,264aaf55af985e2d563adbfe4338e6d7666deb78327e547e536cc5a3f2933d56
blotch_(136).jpg,Leaf Blotch00004.JPG,Dataset_01_jtttfbx342,Dataset_02_g46dvrcvwn,NEAR_DUPLICATE_PHASH,Hamming=10,10,Blotch,Leaf_Blotch,524d0a58ab9a8f787bf20643daac01e1026b012a1f0081fd7cc6d41032a6bc7a,a96b36433507af73e39df1d2ad9989e773b79c0d27ae1ebfbf5ecc18de823a07
blotch_(136).jpg,Rhizome Disease Root00004.JPG,Dataset_01_jtttfbx342,Dataset_02_g46dvrcvwn,NEAR_DUPLICATE_PHASH,Hamming=9,9,Blotch,Rhizome_Disease_Roots,524d0a58ab9a8f787bf20643daac01e1026b012a1f0081fd7cc6d41032a6bc7a,6f6e64319c0d1bab197b171a1f9a7efdec00a918a246926057b9e33d25fb5eee
blotch_(136).jpg,Rhizome Healthy Root00029.JPG,Dataset_01_jtttfbx342,Dataset_02_g46dvrcvwn,NEAR_DUPLICATE_PHASH,Hamming=10,10,Blotch,Rhizome_Healthy_Roots,524d0a58ab9a8f787bf20643daac01e1026b012a1f0081fd7cc6d41032a6bc7a,3835df92135db2ba80f4dc67dd51d4ab10db2fd18fa835a53280dd4318d1c91a
blotch_(136).jpg,Rhizome Healthy Root00030.JPG,Dataset_01_jtttfbx342,Dataset_02_g46dvrcvwn,NEAR_DUPLICATE_PHASH,Hamming=10,10,Blotch,Rhizome_Healthy_Roots,524d0a58ab9a8f787bf20643daac01e1026b012a1f0081fd7cc6d41032a6bc7a,5ce7923d7a7e7b4bd048f205c90e9a9a8d400d2fd8cf48fec15ac85b74cc3468
blotch_(136).jpg,Rhizome Healthy Root00031.JPG,Dataset_01_jtttfbx342,Dataset_02_g46dvrcvwn,NEAR_DUPLICATE_PHASH,Hamming=10,10,Blotch,Rhizome_Healthy_Roots,524d0a58ab9a8f787bf20643daac01e1026b012a1f0081fd7cc6d41032a6bc7a,be1d95036007d6dc54776a298c8ed737b1c2ae0a0b8d9720d368b6fd64dfef46
blotch_(137).jpg,Dry Leaf00049.JPG,Dataset_01_jtttfbx342,Dataset_02_g46dvrcvwn,NEAR_DUPLICATE_PHASH,Hamming=7,7,Blotch,Dry_Leaf,b8b30d92cc32c50ccc5426daafd3e41c4d069f5cbcee41e26613ca22f6ee5f3a,319d981af9df48246c86314c43f6489c9b8020dccdf45288eeeeef33f9cce8ad
blotch_(137).jpg,Rhizome Disease Root00011.JPG,Dataset_01_jtttfbx342,Dataset_02_g46dvrcvwn,NEAR_DUPLICATE_PHASH,Hamming=9,9,Blotch,Rhizome_Disease_Roots,b8b30d92cc32c50ccc5426daafd3e41c4d069f5cbcee41e26613ca22f6ee5f3a,9e5b456e10edce65aab601b2f8131f40d6819965e444da5f3f857d82317bfae2
blotch_(139).jpg,Dry Leaf00082.JPG,Dataset_01_jtttfbx342,Dataset_02_g46dvrcvwn,NEAR_DUPLICATE_PHASH,Hamming=8,8,Blotch,Dry_Leaf,fac362c3b88019419b4e971502ede8c22596967d1ea5216f8dbace5af4780747,0fef36b29f2c7149a46f1781d1a4edbd110d22d5b39a80b27eba7248551a7943
blotch_(139).jpg,Dry Leaf00122.JPG,Dataset_01_jtttfbx342,Dataset_02_g46dvrcvwn,NEAR_DUPLICATE_PHASH,Hamming=10,10,Blotch,Dry_Leaf,fac362c3b88019419b4e971502ede8c22596967d1ea5216f8dbace5af4780747,f4c98e627b86f34d545dfa70f914b5a3482f9dac29e37e4277a46b7a042753b4
blotch_(139).jpg,Dry Leaf00143.JPG,Dataset_01_jtttfbx342,Dataset_02_g46dvrcvwn,NEAR_DUPLICATE_PHASH,Hamming=8,8,Blotch,Dry_Leaf,fac362c3b88019419b4e971502ede8c22596967d1ea5216f8dbace5af4780747,264aaf55af985e2d563adbfe4338e6d7666deb78327e547e536cc5a3f2933d56
blotch_(139).jpg,Leaf Blotch00004.JPG,Dataset_01_jtttfbx342,Dataset_02_g46dvrcvwn,NEAR_DUPLICATE_PHASH,Hamming=10,10,Blotch,Leaf_Blotch,fac362c3b88019419b4e971502ede8c22596967d1ea5216f8dbace5af4780747,a96b36433507af73e39df1d2ad9989e773b79c0d27ae1ebfbf5ecc18de823a07
blotch_(139).jpg,Rhizome Disease Root00114.JPG,Dataset_01_jtttfbx342,Dataset_02_g46dvrcvwn,NEAR_DUPLICATE_PHASH,Hamming=7,7,Blotch,Rhizome_Disease_Roots,fac362c3b88019419b4e971502ede8c22596967d1ea5216f8dbace5af4780747,3a652734257559efc017044a527d4be6683a935a05e18c03b9115f80560df8be
blotch_(139).jpg,Rhizome Healthy Root00005.JPG,Dataset_01_jtttfbx342,Dataset_02_g46dvrcvwn,NEAR_DUPLICATE_PHASH,Hamming=9,9,Blotch,Rhizome_Healthy_Roots,fac362c3b88019419b4e971502ede8c22596967d1ea5216f8dbace5af4780747,02920aea4176a0ea323a01f02ab035392b319a65c8f7716836b65d21ee084010
blotch_(139).jpg,Rhizome Healthy Root00029.JPG,Dataset_01_jtttfbx342,Dataset_02_g46dvrcvwn,NEAR_DUPLICATE_PHASH,Hamming=10,10,Blotch,Rhizome_Healthy_Roots,fac362c3b88019419b4e971502ede8c22596967d1ea5216f8dbace5af4780747,3835df92135db2ba80f4dc67dd51d4ab10db2fd18fa835a53280dd4318d1c91a
blotch_(139).jpg,Rhizome Healthy Root00030.JPG,Dataset_01_jtttfbx342,Dataset_02_g46dvrcvwn,NEAR_DUPLICATE_PHASH,Hamming=10,10,Blotch,Rhizome_Healthy_Roots,fac362c3b88019419b4e971502ede8c22596967d1ea5216f8dbace5af4780747,5ce7923d7a7e7b4bd048f205c90e9a9a8d400d2fd8cf48fec15ac85b74cc3468
blotch_(139).jpg,Rhizome Healthy Root00031.JPG,Dataset_01_jtttfbx342,Dataset_02_g46dvrcvwn,NEAR_DUPLICATE_PHASH,Hamming=10,10,Blotch,Rhizome_Healthy_Roots,fac362c3b88019419b4e971502ede8c22596967d1ea5216f8dbace5af4780747,be1d95036007d6dc54776a298c8ed737b1c2ae0a0b8d9720d368b6fd64dfef46
blotch_(139).jpg,Rhizome Healthy Root00102.JPG,Dataset_01_jtttfbx342,Dataset_02_g46dvrcvwn,NEAR_DUPLICATE_PHASH,Hamming=10,10,Blotch,Rhizome_Healthy_Roots,fac362c3b88019419b4e971502ede8c22596967d1ea5216f8dbace5af4780747,42ed63fbc1a84d627ef27ec356342cf7d62182b1cfb585f9cbc082ed88702993
blotch_(139).jpg,Rhizome Healthy Root00103.JPG,Dataset_01_jtttfbx342,Dataset_02_g46dvrcvwn,NEAR_DUPLICATE_PHASH,Hamming=10,10,Blotch,Rhizome_Healthy_Roots,fac362c3b88019419b4e971502ede8c22596967d1ea5216f8dbace5af4780747,1a182a290d5ec92d08bc0bb7826ce7992966ad9ac025b6731f8d48f1b0071cec
blotch_(139).jpg,Rhizome Healthy Root00104.JPG,Dataset_01_jtttfbx342,Dataset_02_g46dvrcvwn,NEAR_DUPLICATE_PHASH,Hamming=9,9,Blotch,Rhizome_Healthy_Roots,fac362c3b88019419b4e971502ede8c22596967d1ea5216f8dbace5af4780747,c6e84c358fef466d5d651d6badc72f487938a8971667c64a8b9cd6ba4e2a15f6
blotch_(139).jpg,Rhizome Healthy Root00106.JPG,Dataset_01_jtttfbx342,Dataset_02_g46dvrcvwn,NEAR_DUPLICATE_PHASH,Hamming=10,10,Blotch,Rhizome_Healthy_Roots,fac362c3b88019419b4e971502ede8c22596967d1ea5216f8dbace5af4780747,792099df3f2fb91a62d25fc739635a820e6c5be3fb678f74f5b5b0d40f2c3209
blotch_(139).jpg,Rhizome Healthy Root00302.JPG,Dataset_01_jtttfbx342,Dataset_02_g46dvrcvwn,NEAR_DUPLICATE_PHASH,Hamming=10,10,Blotch,Rhizome_Healthy_Roots,fac362c3b88019419b4e971502ede8c22596967d1ea5216f8dbace5af4780747,1b056c0bec593d0fb2c3b1ab4b9d24f80ed054d4ea4c181663cd9794f0288604
blotch_(140).jpg,Dry Leaf00156.JPG,Dataset_01_jtttfbx342,Dataset_02_g46dvrcvwn,NEAR_DUPLICATE_PHASH,Hamming=10,10,Blotch,Dry_Leaf,6d6d1be43418b4ec56f2d58199ed98cb0052258dea396acc18569820198fa22f,19eceeb2f9aa5c569f103bc66d39a91cea395d98e335614db99f7762eeac6235
blotch_(140).jpg,Dry Leaf00177.JPG,Dataset_01_jtttfbx342,Dataset_02_g46dvrcvwn,NEAR_DUPLICATE_PHASH,Hamming=9,9,Blotch,Dry_Leaf,6d6d1be43418b4ec56f2d58199ed98cb0052258dea396acc18569820198fa22f,4ed045f4c2ba0d71793baa225ce8ad12ef80e540a0890f9be0ca911fcce3ba47
blotch_(14).jpg,Dry Leaf00049.JPG,Dataset_01_jtttfbx342,Dataset_02_g46dvrcvwn,NEAR_DUPLICATE_PHASH,Hamming=9,9,Blotch,Dry_Leaf,8c9bedebf5c57363e6cd308e662245d0d2b181807cb438056b1a3268aa4e1c55,319d981af9df48246c86314c43f6489c9b8020dccdf45288eeeeef33f9cce8ad
blotch_(14).jpg,Leaf Blotch00001.JPG,Dataset_01_jtttfbx342,Dataset_02_g46dvrcvwn,NEAR_DUPLICATE_PHASH,Hamming=10,10,Blotch,Leaf_Blotch,8c9bedebf5c57363e6cd308e662245d0d2b181807cb438056b1a3268aa4e1c55,f461942049356cd766f3c3d99a694b69dc0861a87e650f004c6e580385152328
blotch_(141).jpg,Dry Leaf00082.JPG,Dataset_01_jtttfbx342,Dataset_02_g46dvrcvwn,NEAR_DUPLICATE_PHASH,Hamming=9,9,Blotch,Dry_Leaf,a7e3f48e71f8c471773b3ad51ab70f2fcff222bf041e0b87df8c5015b957d77a,0fef36b29f2c7149a46f1781d1a4edbd110d22d5b39a80b27eba7248551a7943
blotch_(141).jpg,Dry Leaf00143.JPG,Dataset_01_jtttfbx342,Dataset_02_g46dvrcvwn,NEAR_DUPLICATE_PHASH,Hamming=7,7,Blotch,Dry_Leaf,a7e3f48e71f8c471773b3ad51ab70f2fcff222bf041e0b87df8c5015b957d77a,264aaf55af985e2d563adbfe4338e6d7666deb78327e547e536cc5a3f2933d56
blotch_(141).jpg,Leaf Blotch00004.JPG,Dataset_01_jtttfbx342,Dataset_02_g46dvrcvwn,NEAR_DUPLICATE_PHASH,Hamming=9,9,Blotch,Leaf_Blotch,a7e3f48e71f8c471773b3ad51ab70f2fcff222bf041e0b87df8c5015b957d77a,a96b36433507af73e39df1d2ad9989e773b79c0d27ae1ebfbf5ecc18de823a07
blotch_(141).jpg,Leaf Blotch00005.JPG,Dataset_01_jtttfbx342,Dataset_02_g46dvrcvwn,NEAR_DUPLICATE_PHASH,Hamming=10,10,Blotch,Leaf_Blotch,a7e3f48e71f8c471773b3ad51ab70f2fcff222bf041e0b87df8c5015b957d77a,b5226d7c1649a14108ea4d4cb07f7891e66ce892f3f25536e7c1e20665c8d718
blotch_(141).jpg,Rhizome Disease Root00004.JPG,Dataset_01_jtttfbx342,Dataset_02_g46dvrcvwn,NEAR_DUPLICATE_PHASH,Hamming=10,10,Blotch,Rhizome_Disease_Roots,a7e3f48e71f8c471773b3ad51ab70f2fcff222bf041e0b87df8c5015b957d77a,6f6e64319c0d1bab197b171a1f9a7efdec00a918a246926057b9e33d25fb5eee
blotch_(141).jpg,Rhizome Disease Root00006.JPG,Dataset_01_jtttfbx342,Dataset_02_g46dvrcvwn,NEAR_DUPLICATE_PHASH,Hamming=10,10,Blotch,Rhizome_Disease_Roots,a7e3f48e71f8c471773b3ad51ab70f2fcff222bf041e0b87df8c5015b957d77a,0129ff8b8b8fe7a63d60a3fe2ccc28b91d0f1a360b7870aa34a02097bdb446b3
blotch_(141).jpg,Rhizome Disease Root00107.JPG,Dataset_01_jtttfbx342,Dataset_02_g46dvrcvwn,NEAR_DUPLICATE_PHASH,Hamming=9,9,Blotch,Rhizome_Disease_Roots,a7e3f48e71f8c471773b3ad51ab70f2fcff222bf041e0b87df8c5015b957d77a,20764c6b0d747374c65cb38dc7b917de2cb9f7b1a2646232c20a1cb9569d8bed
blotch_(141).jpg,Rhizome Disease Root00114.JPG,Dataset_01_jtttfbx342,Dataset_02_g46dvrcvwn,NEAR_DUPLICATE_PHASH,Hamming=8,8,Blotch,Rhizome_Disease_Roots,a7e3f48e71f8c471773b3ad51ab70f2fcff222bf041e0b87df8c5015b957d77a,3a652734257559efc017044a527d4be6683a935a05e18c03b9115f80560df8be
blotch_(141).jpg,Rhizome Healthy Root00004.JPG,Dataset_01_jtttfbx342,Dataset_02_g46dvrcvwn,NEAR_DUPLICATE_PHASH,Hamming=10,10,Blotch,Rhizome_Healthy_Roots,a7e3f48e71f8c471773b3ad51ab70f2fcff222bf041e0b87df8c5015b957d77a,0a81762deb6bead8e1213dfbff560937557f7994efe3d47e0eff8a4da99c9839
blotch_(141).jpg,Rhizome Healthy Root00005.JPG,Dataset_01_jtttfbx342,Dataset_02_g46dvrcvwn,NEAR_DUPLICATE_PHASH,Hamming=8,8,Blotch,Rhizome_Healthy_Roots,a7e3f48e71f8c471773b3ad51ab70f2fcff222bf041e0b87df8c5015b957d77a,02920aea4176a0ea323a01f02ab035392b319a65c8f7716836b65d21ee084010
blotch_(141).jpg,Rhizome Healthy Root00104.JPG,Dataset_01_jtttfbx342,Dataset_02_g46dvrcvwn,NEAR_DUPLICATE_PHASH,Hamming=10,10,Blotch,Rhizome_Healthy_Roots,a7e3f48e71f8c471773b3ad51ab70f2fcff222bf041e0b87df8c5015b957d77a,c6e84c358fef466d5d651d6badc72f487938a8971667c64a8b9cd6ba4e2a15f6
blotch_(141).jpg,Rhizome Healthy Root00105.JPG,Dataset_01_jtttfbx342,Dataset_02_g46dvrcvwn,NEAR_DUPLICATE_PHASH,Hamming=10,10,Blotch,Rhizome_Healthy_Roots,a7e3f48e71f8c471773b3ad51ab70f2fcff222bf041e0b87df8c5015b957d77a,a2fcddb1e0a5ba244dbb5b164d340f19134e3e15c383d7fff18cf654f226249f
blotch_(141).jpg,Rhizome Healthy Root00106.JPG,Dataset_01_jtttfbx342,Dataset_02_g46dvrcvwn,NEAR_DUPLICATE_PHASH,Hamming=9,9,Blotch,Rhizome_Healthy_Roots,a7e3f48e71f8c471773b3ad51ab70f2fcff222bf041e0b87df8c5015b957d77a,792099df3f2fb91a62d25fc739635a820e6c5be3fb678f74f5b5b0d40f2c3209
blotch_(141).jpg,Rhizome Healthy Root00198.JPG,Dataset_01_jtttfbx342,Dataset_02_g46dvrcvwn,NEAR_DUPLICATE_PHASH,Hamming=10,10,Blotch,Rhizome_Healthy_Roots,a7e3f48e71f8c471773b3ad51ab70f2fcff222bf041e0b87df8c5015b957d77a,dcd362ff05f693cd0d5729594d6880236cf0b71b68820e3fd5f3d65483ccde1a
blotch_(141).jpg,Rhizome Healthy Root00220.JPG,Dataset_01_jtttfbx342,Dataset_02_g46dvrcvwn,NEAR_DUPLICATE_PHASH,Hamming=10,10,Blotch,Rhizome_Healthy_Roots,a7e3f48e71f8c471773b3ad51ab70f2fcff222bf041e0b87df8c5015b957d77a,f1bac6eee43ea442e2adaaf4ecc4f0924e7e0f93c6344dfd32a207415e7fa143
blotch_(141).jpg,Rhizome Healthy Root00231.JPG,Dataset_01_jtttfbx342,Dataset_02_g46dvrcvwn,NEAR_DUPLICATE_PHASH,Hamming=10,10,Blotch,Rhizome_Healthy_Roots,a7e3f48e71f8c471773b3ad51ab70f2fcff222bf041e0b87df8c5015b957d77a,173ddd1534a3df82138aa24559c71b43a224602176f4c5d40d6408993c002413
blotch_(141).jpg,Rhizome Healthy Root00232.JPG,Dataset_01_jtttfbx342,Dataset_02_g46dvrcvwn,NEAR_DUPLICATE_PHASH,Hamming=8,8,Blotch,Rhizome_Healthy_Roots,a7e3f48e71f8c471773b3ad51ab70f2fcff222bf041e0b87df8c5015b957d77a,bc937e060206b7ac479f3eee51788f6e75bc98567118a529ef1b20784b1f366c
blotch_(141).jpg,Rhizome Healthy Root00258.JPG,Dataset_01_jtttfbx342,Dataset_02_g46dvrcvwn,NEAR_DUPLICATE_PHASH,Hamming=10,10,Blotch,Rhizome_Healthy_Roots,a7e3f48e71f8c471773b3ad51ab70f2fcff222bf041e0b87df8c5015b957d77a,741a6e06ca571fd5eea19c54fbb3ea01caa6353c419ec5110589eb77afea706b
blotch_(141).jpg,Rhizome Healthy Root00298.JPG,Dataset_01_jtttfbx342,Dataset_02_g46dvrcvwn,NEAR_DUPLICATE_PHASH,Hamming=10,10,Blotch,Rhizome_Healthy_Roots,a7e3f48e71f8c471773b3ad51ab70f2fcff222bf041e0b87df8c5015b957d77a,2783c1890cd370aeaac62205f04cd2f8e6dbd23c5f0a56b5e3406893bed3c47f
blotch_(141).jpg,Rhizome Healthy Root00302.JPG,Dataset_01_jtttfbx342,Dataset_02_g46dvrcvwn,NEAR_DUPLICATE_PHASH,Hamming=9,9,Blotch,Rhizome_Healthy_Roots,a7e3f48e71f8c471773b3ad51ab70f2fcff222bf041e0b87df8c5015b957d77a,1b056c0bec593d0fb2c3b1ab4b9d24f80ed054d4ea4c181663cd9794f0288604
blotch_(141).jpg,Rhizome Healthy Root00303.JPG,Dataset_01_jtttfbx342,Dataset_02_g46dvrcvwn,NEAR_DUPLICATE_PHASH,Hamming=10,10,Blotch,Rhizome_Healthy_Roots,a7e3f48e71f8c471773b3ad51ab70f2fcff222bf041e0b87df8c5015b957d77a,67b3e63120ef420e06cb311a4b97a1c1cb953fa026bae3e4e864d26264f1d837
blotch_(142).jpg,Dry Leaf00082.JPG,Dataset_01_jtttfbx342,Dataset_02_g46dvrcvwn,NEAR_DUPLICATE_PHASH,Hamming=10,10,Blotch,Dry_Leaf,0c230be2d317b70ca5dd64db9722b6598817b413936fa6baaf527a995e3f66bd,0fef36b29f2c7149a46f1781d1a4edbd110d22d5b39a80b27eba7248551a7943
blotch_(142).jpg,Dry Leaf00122.JPG,Dataset_01_jtttfbx342,Dataset_02_g46dvrcvwn,NEAR_DUPLICATE_PHASH,Hamming=8,8,Blotch,Dry_Leaf,0c230be2d317b70ca5dd64db9722b6598817b413936fa6baaf527a995e3f66bd,f4c98e627b86f34d545dfa70f914b5a3482f9dac29e37e4277a46b7a042753b4
blotch_(142).jpg,Dry Leaf00143.JPG,Dataset_01_jtttfbx342,Dataset_02_g46dvrcvwn,NEAR_DUPLICATE_PHASH,Hamming=10,10,Blotch,Dry_Leaf,0c230be2d317b70ca5dd64db9722b6598817b413936fa6baaf527a995e3f66bd,264aaf55af985e2d563adbfe4338e6d7666deb78327e547e536cc5a3f2933d56
blotch_(142).jpg,Leaf Blotch00004.JPG,Dataset_01_jtttfbx342,Dataset_02_g46dvrcvwn,NEAR_DUPLICATE_PHASH,Hamming=10,10,Blotch,Leaf_Blotch,0c230be2d317b70ca5dd64db9722b6598817b413936fa6baaf527a995e3f66bd,a96b36433507af73e39df1d2ad9989e773b79c0d27ae1ebfbf5ecc18de823a07
blotch_(142).jpg,Rhizome Disease Root00114.JPG,Dataset_01_jtttfbx342,Dataset_02_g46dvrcvwn,NEAR_DUPLICATE_PHASH,Hamming=9,9,Blotch,Rhizome_Disease_Roots,0c230be2d317b70ca5dd64db9722b6598817b413936fa6baaf527a995e3f66bd,3a652734257559efc017044a527d4be6683a935a05e18c03b9115f80560df8be
blotch_(142).jpg,Rhizome Healthy Root00102.JPG,Dataset_01_jtttfbx342,Dataset_02_g46dvrcvwn,NEAR_DUPLICATE_PHASH,Hamming=8,8,Blotch,Rhizome_Healthy_Roots,0c230be2d317b70ca5dd64db9722b6598817b413936fa6baaf527a995e3f66bd,42ed63fbc1a84d627ef27ec356342cf7d62182b1cfb585f9cbc082ed88702993
blotch_(142).jpg,Rhizome Healthy Root00103.JPG,Dataset_01_jtttfbx342,Dataset_02_g46dvrcvwn,NEAR_DUPLICATE_PHASH,Hamming=8,8,Blotch,Rhizome_Healthy_Roots,0c230be2d317b70ca5dd64db9722b6598817b413936fa6baaf527a995e3f66bd,1a182a290d5ec92d08bc0bb7826ce7992966ad9ac025b6731f8d48f1b0071cec
blotch_(142).jpg,Rhizome Healthy Root00104.JPG,Dataset_01_jtttfbx342,Dataset_02_g46dvrcvwn,NEAR_DUPLICATE_PHASH,Hamming=7,7,Blotch,Rhizome_Healthy_Roots,0c230be2d317b70ca5dd64db9722b6598817b413936fa6baaf527a995e3f66bd,c6e84c358fef466d5d651d6badc72f487938a8971667c64a8b9cd6ba4e2a15f6
blotch_(142).jpg,Rhizome Healthy Root00105.JPG,Dataset_01_jtttfbx342,Dataset_02_g46dvrcvwn,NEAR_DUPLICATE_PHASH,Hamming=9,9,Blotch,Rhizome_Healthy_Roots,0c230be2d317b70ca5dd64db9722b6598817b413936fa6baaf527a995e3f66bd,a2fcddb1e0a5ba244dbb5b164d340f19134e3e15c383d7fff18cf654f226249f
blotch_(142).jpg,Rhizome Healthy Root00106.JPG,Dataset_01_jtttfbx342,Dataset_02_g46dvrcvwn,NEAR_DUPLICATE_PHASH,Hamming=8,8,Blotch,Rhizome_Healthy_Roots,0c230be2d317b70ca5dd64db9722b6598817b413936fa6baaf527a995e3f66bd,792099df3f2fb91a62d25fc739635a820e6c5be3fb678f74f5b5b0d40f2c3209
blotch_(142).jpg,Rhizome Healthy Root00302.JPG,Dataset_01_jtttfbx342,Dataset_02_g46dvrcvwn,NEAR_DUPLICATE_PHASH,Hamming=10,10,Blotch,Rhizome_Healthy_Roots,0c230be2d317b70ca5dd64db9722b6598817b413936fa6baaf527a995e3f66bd,1b056c0bec593d0fb2c3b1ab4b9d24f80ed054d4ea4c181663cd9794f0288604
blotch_(143).jpg,Rhizome Disease Root00106.JPG,Dataset_01_jtttfbx342,Dataset_02_g46dvrcvwn,NEAR_DUPLICATE_PHASH,Hamming=10,10,Blotch,Rhizome_Disease_Roots,d6b2e396ffac0dd0995ad279b22147f98c005cc5fcc3306a6b62af8498ba78e1,609c39bc0b9a56b920bde2aa77eca2b1a4d2b155b15a4ed010ead5dc7e8bcb35
blotch_(143).jpg,Rhizome Disease Root00109.JPG,Dataset_01_jtttfbx342,Dataset_02_g46dvrcvwn,NEAR_DUPLICATE_PHASH,Hamming=9,9,Blotch,Rhizome_Disease_Roots,d6b2e396ffac0dd0995ad279b22147f98c005cc5fcc3306a6b62af8498ba78e1,f0c627b63b768afb39ae808c03bc62bcc065f94fbbbfb48b32fec6d423d28a8d
blotch_(143).jpg,Rhizome Disease Root00114.JPG,Dataset_01_jtttfbx342,Dataset_02_g46dvrcvwn,NEAR_DUPLICATE_PHASH,Hamming=9,9,Blotch,Rhizome_Disease_Roots,d6b2e396ffac0dd0995ad279b22147f98c005cc5fcc3306a6b62af8498ba78e1,3a652734257559efc017044a527d4be6683a935a05e18c03b9115f80560df8be
blotch_(145).jpg,Dry Leaf00146.JPG,Dataset_01_jtttfbx342,Dataset_02_g46dvrcvwn,NEAR_DUPLICATE_PHASH,Hamming=9,9,Blotch,Dry_Leaf,615391520ca1a1d20571e7a30ddc7bad4e6a47c262586aa093d8fa30a3417b1f,b854f374c9ddd4b3b8e59c133547a6b7367e59a23040ce57c8f1a592c753a0e1
blotch_(148).jpg,Rhizome Disease Root00019.JPG,Dataset_01_jtttfbx342,Dataset_02_g46dvrcvwn,NEAR_DUPLICATE_PHASH,Hamming=10,10,Blotch,Rhizome_Disease_Roots,0f6f2fdcdc2b7a453d7c2054aa2864f4866cc60dc25cdf1f42ecabe31a5ea71a,bcfee6466edc47590b939f4f68f40511aa456b34833a98ea3d847290f2e12109
blotch_(148).jpg,Rhizome Disease Root00022.JPG,Dataset_01_jtttfbx342,Dataset_02_g46dvrcvwn,NEAR_DUPLICATE_PHASH,Hamming=9,9,Blotch,Rhizome_Disease_Roots,0f6f2fdcdc2b7a453d7c2054aa2864f4866cc60dc25cdf1f42ecabe31a5ea71a,c6974930c6036ff80fc76a95201ad61ec51dd5abad58f9e0c7457cfe531302bc
blotch_(15).jpg,Dry Leaf00082.JPG,Dataset_01_jtttfbx342,Dataset_02_g46dvrcvwn,NEAR_DUPLICATE_PHASH,Hamming=10,10,Blotch,Dry_Leaf,af2f021920122630a313dcafd8db337ade9fd09d5a8f2da21247c181445455ce,0fef36b29f2c7149a46f1781d1a4edbd110d22d5b39a80b27eba7248551a7943
blotch_(150).jpg,Dry Leaf00049.JPG,Dataset_01_jtttfbx342,Dataset_02_g46dvrcvwn,NEAR_DUPLICATE_PHASH,Hamming=8,8,Blotch,Dry_Leaf,7b87aa59194134dd3a0d25b0a8561d794f287e69a00c1c0754fd08f533d36815,319d981af9df48246c86314c43f6489c9b8020dccdf45288eeeeef33f9cce8ad
blotch_(152).jpg,Dry Leaf00049.JPG,Dataset_01_jtttfbx342,Dataset_02_g46dvrcvwn,NEAR_DUPLICATE_PHASH,Hamming=5,5,Blotch,Dry_Leaf,48b4892cc3ae0bf7718eec53968dd61b198d6d19b47ff5be498fe21e50f0f88f,319d981af9df48246c86314c43f6489c9b8020dccdf45288eeeeef33f9cce8ad
blotch_(152).jpg,Rhizome Disease Root00011.JPG,Dataset_01_jtttfbx342,Dataset_02_g46dvrcvwn,NEAR_DUPLICATE_PHASH,Hamming=9,9,Blotch,Rhizome_Disease_Roots,48b4892cc3ae0bf7718eec53968dd61b198d6d19b47ff5be498fe21e50f0f88f,9e5b456e10edce65aab601b2f8131f40d6819965e444da5f3f857d82317bfae2
blotch_(135).jpg,Dry Leaf00069.JPG,Dataset_01_jtttfbx342,Dataset_02_g46dvrcvwn,NEAR_DUPLICATE_PHASH,Hamming=10,10,Blotch,Dry_Leaf,3ebe5026b068d6d92891427150246aa223539e37c80f811dc86ecea41ee752a2,2ce30e64702d095a5ab84ba8a7303045d24a1b4be4d4f6374ca0c7dfaf0f62da
blotch_(155).jpg,Dry Leaf00146.JPG,Dataset_01_jtttfbx342,Dataset_02_g46dvrcvwn,NEAR_DUPLICATE_PHASH,Hamming=10,10,Blotch,Dry_Leaf,8883b150f94d3cef5e273b77c961d3fb7e9a168e898fe79aaf985b58bd10fc9b,b854f374c9ddd4b3b8e59c133547a6b7367e59a23040ce57c8f1a592c753a0e1
aphids_disease_(167).jpg,Dry Leaf00049.JPG,Dataset_01_jtttfbx342,Dataset_02_g46dvrcvwn,NEAR_DUPLICATE_PHASH,Hamming=10,10,Aphids_Disease,Dry_Leaf,d7f590d9fd8ada143158fbe3ec637c094591b7cb56650e42064cd93406a676f8,319d981af9df48246c86314c43f6489c9b8020dccdf45288eeeeef33f9cce8ad
aphids_disease_(219).jpg,Dry Leaf00082.JPG,Dataset_01_jtttfbx342,Dataset_02_g46dvrcvwn,NEAR_DUPLICATE_PHASH,Hamming=9,9,Aphids_Disease,Dry_Leaf,1bb0d87d7da31693351120018b0c8dcc0e58666e14fbdee5c3a6e62e7c64a7f8,0fef36b29f2c7149a46f1781d1a4edbd110d22d5b39a80b27eba7248551a7943
aphids_disease_(219).jpg,Dry Leaf00143.JPG,Dataset_01_jtttfbx342,Dataset_02_g46dvrcvwn,NEAR_DUPLICATE_PHASH,Hamming=7,7,Aphids_Disease,Dry_Leaf,1bb0d87d7da31693351120018b0c8dcc0e58666e14fbdee5c3a6e62e7c64a7f8,264aaf55af985e2d563adbfe4338e6d7666deb78327e547e536cc5a3f2933d56
aphids_disease_(219).jpg,Leaf Blotch00004.JPG,Dataset_01_jtttfbx342,Dataset_02_g46dvrcvwn,NEAR_DUPLICATE_PHASH,Hamming=9,9,Aphids_Disease,Leaf_Blotch,1bb0d87d7da31693351120018b0c8dcc0e58666e14fbdee5c3a6e62e7c64a7f8,a96b36433507af73e39df1d2ad9989e773b79c0d27ae1ebfbf5ecc18de823a07
aphids_disease_(219).jpg,Leaf Blotch00005.JPG,Dataset_01_jtttfbx342,Dataset_02_g46dvrcvwn,NEAR_DUPLICATE_PHASH,Hamming=10,10,Aphids_Disease,Leaf_Blotch,1bb0d87d7da31693351120018b0c8dcc0e58666e14fbdee5c3a6e62e7c64a7f8,b5226d7c1649a14108ea4d4cb07f7891e66ce892f3f25536e7c1e20665c8d718
aphids_disease_(219).jpg,Rhizome Disease Root00004.JPG,Dataset_01_jtttfbx342,Dataset_02_g46dvrcvwn,NEAR_DUPLICATE_PHASH,Hamming=10,10,Aphids_Disease,Rhizome_Disease_Roots,1bb0d87d7da31693351120018b0c8dcc0e58666e14fbdee5c3a6e62e7c64a7f8,6f6e64319c0d1bab197b171a1f9a7efdec00a918a246926057b9e33d25fb5eee
aphids_disease_(219).jpg,Rhizome Disease Root00031.JPG,Dataset_01_jtttfbx342,Dataset_02_g46dvrcvwn,NEAR_DUPLICATE_PHASH,Hamming=10,10,Aphids_Disease,Rhizome_Disease_Roots,1bb0d87d7da31693351120018b0c8dcc0e58666e14fbdee5c3a6e62e7c64a7f8,dedf2d9306dfb93c43063f67c4400508fe0bb5a6138b865bc0149e9e0602865b
aphids_disease_(219).jpg,Rhizome Disease Root00114.JPG,Dataset_01_jtttfbx342,Dataset_02_g46dvrcvwn,NEAR_DUPLICATE_PHASH,Hamming=6,6,Aphids_Disease,Rhizome_Disease_Roots,1bb0d87d7da31693351120018b0c8dcc0e58666e14fbdee5c3a6e62e7c64a7f8,3a652734257559efc017044a527d4be6683a935a05e18c03b9115f80560df8be
aphids_disease_(219).jpg,Rhizome Healthy Root00004.JPG,Dataset_01_jtttfbx342,Dataset_02_g46dvrcvwn,NEAR_DUPLICATE_PHASH,Hamming=10,10,Aphids_Disease,Rhizome_Healthy_Roots,1bb0d87d7da31693351120018b0c8dcc0e58666e14fbdee5c3a6e62e7c64a7f8,0a81762deb6bead8e1213dfbff560937557f7994efe3d47e0eff8a4da99c9839
aphids_disease_(219).jpg,Rhizome Healthy Root00005.JPG,Dataset_01_jtttfbx342,Dataset_02_g46dvrcvwn,NEAR_DUPLICATE_PHASH,Hamming=8,8,Aphids_Disease,Rhizome_Healthy_Roots,1bb0d87d7da31693351120018b0c8dcc0e58666e14fbdee5c3a6e62e7c64a7f8,02920aea4176a0ea323a01f02ab035392b319a65c8f7716836b65d21ee084010
aphids_disease_(219).jpg,Rhizome Healthy Root00024.JPG,Dataset_01_jtttfbx342,Dataset_02_g46dvrcvwn,NEAR_DUPLICATE_PHASH,Hamming=10,10,Aphids_Disease,Rhizome_Healthy_Roots,1bb0d87d7da31693351120018b0c8dcc0e58666e14fbdee5c3a6e62e7c64a7f8,aee3163751aae1c2194e061cc5be15c4ec5e2688c78c5e434db62615e22b0429
aphids_disease_(219).jpg,Rhizome Healthy Root00027.JPG,Dataset_01_jtttfbx342,Dataset_02_g46dvrcvwn,NEAR_DUPLICATE_PHASH,Hamming=10,10,Aphids_Disease,Rhizome_Healthy_Roots,1bb0d87d7da31693351120018b0c8dcc0e58666e14fbdee5c3a6e62e7c64a7f8,581455dd1795265737fcdb0c98151c8efd0e53c4bbdfed210adc16f86b63a000
aphids_disease_(219).jpg,Rhizome Healthy Root00029.JPG,Dataset_01_jtttfbx342,Dataset_02_g46dvrcvwn,NEAR_DUPLICATE_PHASH,Hamming=9,9,Aphids_Disease,Rhizome_Healthy_Roots,1bb0d87d7da31693351120018b0c8dcc0e58666e14fbdee5c3a6e62e7c64a7f8,3835df92135db2ba80f4dc67dd51d4ab10db2fd18fa835a53280dd4318d1c91a
aphids_disease_(219).jpg,Rhizome Healthy Root00030.JPG,Dataset_01_jtttfbx342,Dataset_02_g46dvrcvwn,NEAR_DUPLICATE_PHASH,Hamming=9,9,Aphids_Disease,Rhizome_Healthy_Roots,1bb0d87d7da31693351120018b0c8dcc0e58666e14fbdee5c3a6e62e7c64a7f8,5ce7923d7a7e7b4bd048f205c90e9a9a8d400d2fd8cf48fec15ac85b74cc3468
aphids_disease_(219).jpg,Rhizome Healthy Root00031.JPG,Dataset_01_jtttfbx342,Dataset_02_g46dvrcvwn,NEAR_DUPLICATE_PHASH,Hamming=9,9,Aphids_Disease,Rhizome_Healthy_Roots,1bb0d87d7da31693351120018b0c8dcc0e58666e14fbdee5c3a6e62e7c64a7f8,be1d95036007d6dc54776a298c8ed737b1c2ae0a0b8d9720d368b6fd64dfef46
aphids_disease_(219).jpg,Rhizome Healthy Root00104.JPG,Dataset_01_jtttfbx342,Dataset_02_g46dvrcvwn,NEAR_DUPLICATE_PHASH,Hamming=10,10,Aphids_Disease,Rhizome_Healthy_Roots,1bb0d87d7da31693351120018b0c8dcc0e58666e14fbdee5c3a6e62e7c64a7f8,c6e84c358fef466d5d651d6badc72f487938a8971667c64a8b9cd6ba4e2a15f6
aphids_disease_(219).jpg,Rhizome Healthy Root00198.JPG,Dataset_01_jtttfbx342,Dataset_02_g46dvrcvwn,NEAR_DUPLICATE_PHASH,Hamming=10,10,Aphids_Disease,Rhizome_Healthy_Roots,1bb0d87d7da31693351120018b0c8dcc0e58666e14fbdee5c3a6e62e7c64a7f8,dcd362ff05f693cd0d5729594d6880236cf0b71b68820e3fd5f3d65483ccde1a
aphids_disease_(219).jpg,Rhizome Healthy Root00220.JPG,Dataset_01_jtttfbx342,Dataset_02_g46dvrcvwn,NEAR_DUPLICATE_PHASH,Hamming=10,10,Aphids_Disease,Rhizome_Healthy_Roots,1bb0d87d7da31693351120018b0c8dcc0e58666e14fbdee5c3a6e62e7c64a7f8,f1bac6eee43ea442e2adaaf4ecc4f0924e7e0f93c6344dfd32a207415e7fa143
aphids_disease_(219).jpg,Rhizome Healthy Root00232.JPG,Dataset_01_jtttfbx342,Dataset_02_g46dvrcvwn,NEAR_DUPLICATE_PHASH,Hamming=10,10,Aphids_Disease,Rhizome_Healthy_Roots,1bb0d87d7da31693351120018b0c8dcc0e58666e14fbdee5c3a6e62e7c64a7f8,bc937e060206b7ac479f3eee51788f6e75bc98567118a529ef1b20784b1f366c
aphids_disease_(219).jpg,Rhizome Healthy Root00258.JPG,Dataset_01_jtttfbx342,Dataset_02_g46dvrcvwn,NEAR_DUPLICATE_PHASH,Hamming=10,10,Aphids_Disease,Rhizome_Healthy_Roots,1bb0d87d7da31693351120018b0c8dcc0e58666e14fbdee5c3a6e62e7c64a7f8,741a6e06ca571fd5eea19c54fbb3ea01caa6353c419ec5110589eb77afea706b
aphids_disease_(219).jpg,Rhizome Healthy Root00298.JPG,Dataset_01_jtttfbx342,Dataset_02_g46dvrcvwn,NEAR_DUPLICATE_PHASH,Hamming=10,10,Aphids_Disease,Rhizome_Healthy_Roots,1bb0d87d7da31693351120018b0c8dcc0e58666e14fbdee5c3a6e62e7c64a7f8,2783c1890cd370aeaac62205f04cd2f8e6dbd23c5f0a56b5e3406893bed3c47f
aphids_disease_(219).jpg,Rhizome Healthy Root00302.JPG,Dataset_01_jtttfbx342,Dataset_02_g46dvrcvwn,NEAR_DUPLICATE_PHASH,Hamming=9,9,Aphids_Disease,Rhizome_Healthy_Roots,1bb0d87d7da31693351120018b0c8dcc0e58666e14fbdee5c3a6e62e7c64a7f8,1b056c0bec593d0fb2c3b1ab4b9d24f80ed054d4ea4c181663cd9794f0288604
aphids_disease_(219).jpg,Rhizome Healthy Root00303.JPG,Dataset_01_jtttfbx342,Dataset_02_g46dvrcvwn,NEAR_DUPLICATE_PHASH,Hamming=10,10,Aphids_Disease,Rhizome_Healthy_Roots,1bb0d87d7da31693351120018b0c8dcc0e58666e14fbdee5c3a6e62e7c64a7f8,67b3e63120ef420e06cb311a4b97a1c1cb953fa026bae3e4e864d26264f1d837
blotch_(158).jpg,Rhizome Disease Root00008.JPG,Dataset_01_jtttfbx342,Dataset_02_g46dvrcvwn,NEAR_DUPLICATE_PHASH,Hamming=10,10,Blotch,Rhizome_Disease_Roots,611f93c1acb4c54ba750c2b73ae774e881665d3b1c1e736646665d1c1abf0fdf,a6e77cfbf64275527984914e7fdd09c4ab1d62431b8b1b2624fef313809d1a73
blotch_(157).jpg,Dry Leaf00049.JPG,Dataset_01_jtttfbx342,Dataset_02_g46dvrcvwn,NEAR_DUPLICATE_PHASH,Hamming=6,6,Blotch,Dry_Leaf,994b1c437a2cef7e46ddaf5b12caf958a2f58bb309df8b545152df5c6015dabc,319d981af9df48246c86314c43f6489c9b8020dccdf45288eeeeef33f9cce8ad
blotch_(157).jpg,Leaf Blotch00006.JPG,Dataset_01_jtttfbx342,Dataset_02_g46dvrcvwn,NEAR_DUPLICATE_PHASH,Hamming=9,9,Blotch,Leaf_Blotch,994b1c437a2cef7e46ddaf5b12caf958a2f58bb309df8b545152df5c6015dabc,b0975277450bc6f9f338542e47055ab8a8947999d4a87cd8e2097f23af27f392
blotch_(157).jpg,Leaf Blotch00083.JPG,Dataset_01_jtttfbx342,Dataset_02_g46dvrcvwn,NEAR_DUPLICATE_PHASH,Hamming=10,10,Blotch,Leaf_Blotch,994b1c437a2cef7e46ddaf5b12caf958a2f58bb309df8b545152df5c6015dabc,948d6e2d7d31ebcfa4bfb8ced4fa769fb06b0612161664c615fa4be8bfed303b
blotch_(157).jpg,Rhizome Disease Root00011.JPG,Dataset_01_jtttfbx342,Dataset_02_g46dvrcvwn,NEAR_DUPLICATE_PHASH,Hamming=8,8,Blotch,Rhizome_Disease_Roots,994b1c437a2cef7e46ddaf5b12caf958a2f58bb309df8b545152df5c6015dabc,9e5b456e10edce65aab601b2f8131f40d6819965e444da5f3f857d82317bfae2
blotch_(157).jpg,Rhizome Disease Root00020.JPG,Dataset_01_jtttfbx342,Dataset_02_g46dvrcvwn,NEAR_DUPLICATE_PHASH,Hamming=10,10,Blotch,Rhizome_Disease_Roots,994b1c437a2cef7e46ddaf5b12caf958a2f58bb309df8b545152df5c6015dabc,c07823be8a3a62bb5183427f4f5e76d24913cbadcc40e6a4cf0a8729f3a3ab22
blotch_(159).jpg,Dry Leaf00049.JPG,Dataset_01_jtttfbx342,Dataset_02_g46dvrcvwn,NEAR_DUPLICATE_PHASH,Hamming=10,10,Blotch,Dry_Leaf,19234d22229e48564a13c30cfa58e254244b60c8e6e56fb2479404c92c0e5f9e,319d981af9df48246c86314c43f6489c9b8020dccdf45288eeeeef33f9cce8ad
blotch_(16).jpg,Rhizome Disease Root00108.JPG,Dataset_01_jtttfbx342,Dataset_02_g46dvrcvwn,NEAR_DUPLICATE_PHASH,Hamming=9,9,Blotch,Rhizome_Disease_Roots,88480dd440e25bbed57537cd3ab3ee4979145d1e0ad844c7db99a7a49434fca9,fa6b8eb8029c35c84b3dd6988ff45733a0cbc5ba5532d4c88d1db7643118aa4a
blotch_(16).jpg,Rhizome Disease Root00109.JPG,Dataset_01_jtttfbx342,Dataset_02_g46dvrcvwn,NEAR_DUPLICATE_PHASH,Hamming=9,9,Blotch,Rhizome_Disease_Roots,88480dd440e25bbed57537cd3ab3ee4979145d1e0ad844c7db99a7a49434fca9,f0c627b63b768afb39ae808c03bc62bcc065f94fbbbfb48b32fec6d423d28a8d
blotch_(16).jpg,Rhizome Disease Root00114.JPG,Dataset_01_jtttfbx342,Dataset_02_g46dvrcvwn,NEAR_DUPLICATE_PHASH,Hamming=7,7,Blotch,Rhizome_Disease_Roots,88480dd440e25bbed57537cd3ab3ee4979145d1e0ad844c7db99a7a49434fca9,3a652734257559efc017044a527d4be6683a935a05e18c03b9115f80560df8be
blotch_(16).jpg,Rhizome Disease Root00135.JPG,Dataset_01_jtttfbx342,Dataset_02_g46dvrcvwn,NEAR_DUPLICATE_PHASH,Hamming=9,9,Blotch,Rhizome_Disease_Roots,88480dd440e25bbed57537cd3ab3ee4979145d1e0ad844c7db99a7a49434fca9,8e91e44e52bc868ee19f622f2ce3184f57305d6db34af7bc650a337cb30b0fde
blotch_(16).jpg,Rhizome Healthy Root00107.JPG,Dataset_01_jtttfbx342,Dataset_02_g46dvrcvwn,NEAR_DUPLICATE_PHASH,Hamming=9,9,Blotch,Rhizome_Healthy_Roots,88480dd440e25bbed57537cd3ab3ee4979145d1e0ad844c7db99a7a49434fca9,017cc054582ac4cf8d0e919aa024caa2617a290a63fbfbdb4d191d3865b199b3
blotch_(16).jpg,Rhizome Healthy Root00108.JPG,Dataset_01_jtttfbx342,Dataset_02_g46dvrcvwn,NEAR_DUPLICATE_PHASH,Hamming=10,10,Blotch,Rhizome_Healthy_Roots,88480dd440e25bbed57537cd3ab3ee4979145d1e0ad844c7db99a7a49434fca9,18e4940395fcfda25175bff6b6cd19d48dd2ddfe0f0e68e9351caffce53c2aa0
blotch_(16).jpg,Rhizome Healthy Root00170.JPG,Dataset_01_jtttfbx342,Dataset_02_g46dvrcvwn,NEAR_DUPLICATE_PHASH,Hamming=7,7,Blotch,Rhizome_Healthy_Roots,88480dd440e25bbed57537cd3ab3ee4979145d1e0ad844c7db99a7a49434fca9,0bd4445ddc953c49186ebd7e4646ec0ac242195b69554e1f227ba131cf802d63
blotch_(16).jpg,Rhizome Healthy Root00171.JPG,Dataset_01_jtttfbx342,Dataset_02_g46dvrcvwn,NEAR_DUPLICATE_PHASH,Hamming=7,7,Blotch,Rhizome_Healthy_Roots,88480dd440e25bbed57537cd3ab3ee4979145d1e0ad844c7db99a7a49434fca9,fcad9f22937f50f0a2d974e0e70b60ac1f80460bbd9d1193f7a7cd7959e310d1
blotch_(16).jpg,Rhizome Healthy Root00172.JPG,Dataset_01_jtttfbx342,Dataset_02_g46dvrcvwn,NEAR_DUPLICATE_PHASH,Hamming=9,9,Blotch,Rhizome_Healthy_Roots,88480dd440e25bbed57537cd3ab3ee4979145d1e0ad844c7db99a7a49434fca9,edc68d95029d0702c151bb55825e48a559a18eea52be340a7c48f1729cca08f7
blotch_(16).jpg,Rhizome Healthy Root00173.JPG,Dataset_01_jtttfbx342,Dataset_02_g46dvrcvwn,NEAR_DUPLICATE_PHASH,Hamming=9,9,Blotch,Rhizome_Healthy_Roots,88480dd440e25bbed57537cd3ab3ee4979145d1e0ad844c7db99a7a49434fca9,47706a04449487505eb6bf9354a9d3c333c42c724b6c84d4da898ebb31e14afd
blotch_(16).jpg,Rhizome Healthy Root00265.JPG,Dataset_01_jtttfbx342,Dataset_02_g46dvrcvwn,NEAR_DUPLICATE_PHASH,Hamming=10,10,Blotch,Rhizome_Healthy_Roots,88480dd440e25bbed57537cd3ab3ee4979145d1e0ad844c7db99a7a49434fca9,4c66ee0911137283f61856c4a67a4098d027c8fcfba0175633b01ce66f114c23
blotch_(16).jpg,Rhizome Healthy Root00267.JPG,Dataset_01_jtttfbx342,Dataset_02_g46dvrcvwn,NEAR_DUPLICATE_PHASH,Hamming=10,10,Blotch,Rhizome_Healthy_Roots,88480dd440e25bbed57537cd3ab3ee4979145d1e0ad844c7db99a7a49434fca9,a3e2b48643accc82072c55aa141bea2b21051b8539d1acb10e807cd7c9a99800
blotch_(16).jpg,Rhizome Healthy Root00272.JPG,Dataset_01_jtttfbx342,Dataset_02_g46dvrcvwn,NEAR_DUPLICATE_PHASH,Hamming=9,9,Blotch,Rhizome_Healthy_Roots,88480dd440e25bbed57537cd3ab3ee4979145d1e0ad844c7db99a7a49434fca9,f4c8555ebc26d913de485159e042e9eb6515ce7ca24985f976500d64371d9fd2
blotch_(161).jpg,Rhizome Disease Root00108.JPG,Dataset_01_jtttfbx342,Dataset_02_g46dvrcvwn,NEAR_DUPLICATE_PHASH,Hamming=7,7,Blotch,Rhizome_Disease_Roots,323c90a2a702dfd37a229da2dae81d8a7bf60fa73f46bd22a672ef3e2a7ab254,fa6b8eb8029c35c84b3dd6988ff45733a0cbc5ba5532d4c88d1db7643118aa4a
blotch_(161).jpg,Rhizome Disease Root00109.JPG,Dataset_01_jtttfbx342,Dataset_02_g46dvrcvwn,NEAR_DUPLICATE_PHASH,Hamming=9,9,Blotch,Rhizome_Disease_Roots,323c90a2a702dfd37a229da2dae81d8a7bf60fa73f46bd22a672ef3e2a7ab254,f0c627b63b768afb39ae808c03bc62bcc065f94fbbbfb48b32fec6d423d28a8d
blotch_(161).jpg,Rhizome Disease Root00114.JPG,Dataset_01_jtttfbx342,Dataset_02_g46dvrcvwn,NEAR_DUPLICATE_PHASH,Hamming=9,9,Blotch,Rhizome_Disease_Roots,323c90a2a702dfd37a229da2dae81d8a7bf60fa73f46bd22a672ef3e2a7ab254,3a652734257559efc017044a527d4be6683a935a05e18c03b9115f80560df8be
blotch_(161).jpg,Rhizome Healthy Root00029.JPG,Dataset_01_jtttfbx342,Dataset_02_g46dvrcvwn,NEAR_DUPLICATE_PHASH,Hamming=10,10,Blotch,Rhizome_Healthy_Roots,323c90a2a702dfd37a229da2dae81d8a7bf60fa73f46bd22a672ef3e2a7ab254,3835df92135db2ba80f4dc67dd51d4ab10db2fd18fa835a53280dd4318d1c91a
blotch_(161).jpg,Rhizome Healthy Root00030.JPG,Dataset_01_jtttfbx342,Dataset_02_g46dvrcvwn,NEAR_DUPLICATE_PHASH,Hamming=10,10,Blotch,Rhizome_Healthy_Roots,323c90a2a702dfd37a229da2dae81d8a7bf60fa73f46bd22a672ef3e2a7ab254,5ce7923d7a7e7b4bd048f205c90e9a9a8d400d2fd8cf48fec15ac85b74cc3468
blotch_(161).jpg,Rhizome Healthy Root00031.JPG,Dataset_01_jtttfbx342,Dataset_02_g46dvrcvwn,NEAR_DUPLICATE_PHASH,Hamming=10,10,Blotch,Rhizome_Healthy_Roots,323c90a2a702dfd37a229da2dae81d8a7bf60fa73f46bd22a672ef3e2a7ab254,be1d95036007d6dc54776a298c8ed737b1c2ae0a0b8d9720d368b6fd64dfef46
blotch_(161).jpg,Rhizome Healthy Root00302.JPG,Dataset_01_jtttfbx342,Dataset_02_g46dvrcvwn,NEAR_DUPLICATE_PHASH,Hamming=10,10,Blotch,Rhizome_Healthy_Roots,323c90a2a702dfd37a229da2dae81d8a7bf60fa73f46bd22a672ef3e2a7ab254,1b056c0bec593d0fb2c3b1ab4b9d24f80ed054d4ea4c181663cd9794f0288604
blotch_(166).jpg,Dry Leaf00021.JPG,Dataset_01_jtttfbx342,Dataset_02_g46dvrcvwn,NEAR_DUPLICATE_PHASH,Hamming=6,6,Blotch,Dry_Leaf,b1f89c8e6372c47eebe426efa1c3bb01e318cfa826970ca11308244d9a448710,80b07af320ce31e8a146fc8c36d40920359a994dbb7ce32c5c787d0e269bb363
blotch_(166).jpg,Dry Leaf00122.JPG,Dataset_01_jtttfbx342,Dataset_02_g46dvrcvwn,NEAR_DUPLICATE_PHASH,Hamming=8,8,Blotch,Dry_Leaf,b1f89c8e6372c47eebe426efa1c3bb01e318cfa826970ca11308244d9a448710,f4c98e627b86f34d545dfa70f914b5a3482f9dac29e37e4277a46b7a042753b4
blotch_(166).jpg,Dry Leaf00189.JPG,Dataset_01_jtttfbx342,Dataset_02_g46dvrcvwn,NEAR_DUPLICATE_PHASH,Hamming=7,7,Blotch,Dry_Leaf,b1f89c8e6372c47eebe426efa1c3bb01e318cfa826970ca11308244d9a448710,e9931494175e3e5645f934f7f99fdc81a783ad520fb0078cef333cb05cb65fce
blotch_(166).jpg,Leaf Blotch00011.JPG,Dataset_01_jtttfbx342,Dataset_02_g46dvrcvwn,NEAR_DUPLICATE_PHASH,Hamming=8,8,Blotch,Leaf_Blotch,b1f89c8e6372c47eebe426efa1c3bb01e318cfa826970ca11308244d9a448710,eb7a12979ed145ac65973d93bb68efb106fa425b3fffce4aaac857552e900cb6
blotch_(166).jpg,Leaf Blotch00012.JPG,Dataset_01_jtttfbx342,Dataset_02_g46dvrcvwn,NEAR_DUPLICATE_PHASH,Hamming=8,8,Blotch,Leaf_Blotch,b1f89c8e6372c47eebe426efa1c3bb01e318cfa826970ca11308244d9a448710,5999901f4e5e50fa3305dd0eae3dccf7370b387d18f8b6ba3ce290e659e2fe29
blotch_(166).jpg,Rhizome Disease Root00114.JPG,Dataset_01_jtttfbx342,Dataset_02_g46dvrcvwn,NEAR_DUPLICATE_PHASH,Hamming=7,7,Blotch,Rhizome_Disease_Roots,b1f89c8e6372c47eebe426efa1c3bb01e318cfa826970ca11308244d9a448710,3a652734257559efc017044a527d4be6683a935a05e18c03b9115f80560df8be
blotch_(166).jpg,Rhizome Disease Root00119.JPG,Dataset_01_jtttfbx342,Dataset_02_g46dvrcvwn,NEAR_DUPLICATE_PHASH,Hamming=9,9,Blotch,Rhizome_Disease_Roots,b1f89c8e6372c47eebe426efa1c3bb01e318cfa826970ca11308244d9a448710,3860ca121dc7be8a9b92246d9524d17e1638a64bf917d306d2677a941a170454
blotch_(166).jpg,Rhizome Disease Root00176.JPG,Dataset_01_jtttfbx342,Dataset_02_g46dvrcvwn,NEAR_DUPLICATE_PHASH,Hamming=9,9,Blotch,Rhizome_Disease_Roots,b1f89c8e6372c47eebe426efa1c3bb01e318cfa826970ca11308244d9a448710,4f668ea4799377a46be43218163c55f7774abdc0b33fc941041410a16945444d
blotch_(166).jpg,Rhizome Healthy Root00029.JPG,Dataset_01_jtttfbx342,Dataset_02_g46dvrcvwn,NEAR_DUPLICATE_PHASH,Hamming=10,10,Blotch,Rhizome_Healthy_Roots,b1f89c8e6372c47eebe426efa1c3bb01e318cfa826970ca11308244d9a448710,3835df92135db2ba80f4dc67dd51d4ab10db2fd18fa835a53280dd4318d1c91a
blotch_(166).jpg,Rhizome Healthy Root00030.JPG,Dataset_01_jtttfbx342,Dataset_02_g46dvrcvwn,NEAR_DUPLICATE_PHASH,Hamming=10,10,Blotch,Rhizome_Healthy_Roots,b1f89c8e6372c47eebe426efa1c3bb01e318cfa826970ca11308244d9a448710,5ce7923d7a7e7b4bd048f205c90e9a9a8d400d2fd8cf48fec15ac85b74cc3468
blotch_(166).jpg,Rhizome Healthy Root00031.JPG,Dataset_01_jtttfbx342,Dataset_02_g46dvrcvwn,NEAR_DUPLICATE_PHASH,Hamming=10,10,Blotch,Rhizome_Healthy_Roots,b1f89c8e6372c47eebe426efa1c3bb01e318cfa826970ca11308244d9a448710,be1d95036007d6dc54776a298c8ed737b1c2ae0a0b8d9720d368b6fd64dfef46
blotch_(166).jpg,Rhizome Healthy Root00067.JPG,Dataset_01_jtttfbx342,Dataset_02_g46dvrcvwn,NEAR_DUPLICATE_PHASH,Hamming=10,10,Blotch,Rhizome_Healthy_Roots,b1f89c8e6372c47eebe426efa1c3bb01e318cfa826970ca11308244d9a448710,336cb10b0b1597a6b840b7508077435f6bf4083d05fb950b5cf2b8b6014196a6
blotch_(166).jpg,Rhizome Healthy Root00068.JPG,Dataset_01_jtttfbx342,Dataset_02_g46dvrcvwn,NEAR_DUPLICATE_PHASH,Hamming=10,10,Blotch,Rhizome_Healthy_Roots,b1f89c8e6372c47eebe426efa1c3bb01e318cfa826970ca11308244d9a448710,a981238ed34c42ec744ec0571b688fb7eab064e0274fdb53cef34f24414d2d70
blotch_(166).jpg,Rhizome Healthy Root00102.JPG,Dataset_01_jtttfbx342,Dataset_02_g46dvrcvwn,NEAR_DUPLICATE_PHASH,Hamming=8,8,Blotch,Rhizome_Healthy_Roots,b1f89c8e6372c47eebe426efa1c3bb01e318cfa826970ca11308244d9a448710,42ed63fbc1a84d627ef27ec356342cf7d62182b1cfb585f9cbc082ed88702993
blotch_(166).jpg,Rhizome Healthy Root00103.JPG,Dataset_01_jtttfbx342,Dataset_02_g46dvrcvwn,NEAR_DUPLICATE_PHASH,Hamming=8,8,Blotch,Rhizome_Healthy_Roots,b1f89c8e6372c47eebe426efa1c3bb01e318cfa826970ca11308244d9a448710,1a182a290d5ec92d08bc0bb7826ce7992966ad9ac025b6731f8d48f1b0071cec
blotch_(166).jpg,Rhizome Healthy Root00104.JPG,Dataset_01_jtttfbx342,Dataset_02_g46dvrcvwn,NEAR_DUPLICATE_PHASH,Hamming=7,7,Blotch,Rhizome_Healthy_Roots,b1f89c8e6372c47eebe426efa1c3bb01e318cfa826970ca11308244d9a448710,c6e84c358fef466d5d651d6badc72f487938a8971667c64a8b9cd6ba4e2a15f6
blotch_(166).jpg,Rhizome Healthy Root00188.JPG,Dataset_01_jtttfbx342,Dataset_02_g46dvrcvwn,NEAR_DUPLICATE_PHASH,Hamming=10,10,Blotch,Rhizome_Healthy_Roots,b1f89c8e6372c47eebe426efa1c3bb01e318cfa826970ca11308244d9a448710,98e35ad679ff2d949a0c16eec811de52b07a0fc4f98eeaec4b9a4314e3ca25e1
blotch_(166).jpg,Rhizome Healthy Root00189.JPG,Dataset_01_jtttfbx342,Dataset_02_g46dvrcvwn,NEAR_DUPLICATE_PHASH,Hamming=10,10,Blotch,Rhizome_Healthy_Roots,b1f89c8e6372c47eebe426efa1c3bb01e318cfa826970ca11308244d9a448710,78897876985a6a5a72a7b592863d81f32c294cbddcc65cdccde9d9ecf11ef6b3
blotch_(166).jpg,Rhizome Healthy Root00197.JPG,Dataset_01_jtttfbx342,Dataset_02_g46dvrcvwn,NEAR_DUPLICATE_PHASH,Hamming=10,10,Blotch,Rhizome_Healthy_Roots,b1f89c8e6372c47eebe426efa1c3bb01e318cfa826970ca11308244d9a448710,a80da83064e1b58fe8d6e41c454b32d0a111e01d0d2fbe1b50a6d5303b8cf8cb
blotch_(167).jpg,Dry Leaf00122.JPG,Dataset_01_jtttfbx342,Dataset_02_g46dvrcvwn,NEAR_DUPLICATE_PHASH,Hamming=9,9,Blotch,Dry_Leaf,76b4963a138231a3a2fd1524642b5eeece8c64c8f3ec0b913dd256491f3ba98e,f4c98e627b86f34d545dfa70f914b5a3482f9dac29e37e4277a46b7a042753b4
blotch_(167).jpg,Dry Leaf00189.JPG,Dataset_01_jtttfbx342,Dataset_02_g46dvrcvwn,NEAR_DUPLICATE_PHASH,Hamming=10,10,Blotch,Dry_Leaf,76b4963a138231a3a2fd1524642b5eeece8c64c8f3ec0b913dd256491f3ba98e,e9931494175e3e5645f934f7f99fdc81a783ad520fb0078cef333cb05cb65fce
blotch_(167).jpg,Rhizome Healthy Root00102.JPG,Dataset_01_jtttfbx342,Dataset_02_g46dvrcvwn,NEAR_DUPLICATE_PHASH,Hamming=7,7,Blotch,Rhizome_Healthy_Roots,76b4963a138231a3a2fd1524642b5eeece8c64c8f3ec0b913dd256491f3ba98e,42ed63fbc1a84d627ef27ec356342cf7d62182b1cfb585f9cbc082ed88702993
blotch_(167).jpg,Rhizome Healthy Root00103.JPG,Dataset_01_jtttfbx342,Dataset_02_g46dvrcvwn,NEAR_DUPLICATE_PHASH,Hamming=7,7,Blotch,Rhizome_Healthy_Roots,76b4963a138231a3a2fd1524642b5eeece8c64c8f3ec0b913dd256491f3ba98e,1a182a290d5ec92d08bc0bb7826ce7992966ad9ac025b6731f8d48f1b0071cec
blotch_(167).jpg,Rhizome Healthy Root00104.JPG,Dataset_01_jtttfbx342,Dataset_02_g46dvrcvwn,NEAR_DUPLICATE_PHASH,Hamming=8,8,Blotch,Rhizome_Healthy_Roots,76b4963a138231a3a2fd1524642b5eeece8c64c8f3ec0b913dd256491f3ba98e,c6e84c358fef466d5d651d6badc72f487938a8971667c64a8b9cd6ba4e2a15f6
blotch_(163).jpg,Dry Leaf00146.JPG,Dataset_01_jtttfbx342,Dataset_02_g46dvrcvwn,NEAR_DUPLICATE_PHASH,Hamming=9,9,Blotch,Dry_Leaf,508acc01415d551df7c18c1b52fab330548237770ec5c31d153210a998771f8a,b854f374c9ddd4b3b8e59c133547a6b7367e59a23040ce57c8f1a592c753a0e1
blotch_(163).jpg,Rhizome Disease Root00008.JPG,Dataset_01_jtttfbx342,Dataset_02_g46dvrcvwn,NEAR_DUPLICATE_PHASH,Hamming=8,8,Blotch,Rhizome_Disease_Roots,508acc01415d551df7c18c1b52fab330548237770ec5c31d153210a998771f8a,a6e77cfbf64275527984914e7fdd09c4ab1d62431b8b1b2624fef313809d1a73
blotch_(163).jpg,Rhizome Disease Root00108.JPG,Dataset_01_jtttfbx342,Dataset_02_g46dvrcvwn,NEAR_DUPLICATE_PHASH,Hamming=9,9,Blotch,Rhizome_Disease_Roots,508acc01415d551df7c18c1b52fab330548237770ec5c31d153210a998771f8a,fa6b8eb8029c35c84b3dd6988ff45733a0cbc5ba5532d4c88d1db7643118aa4a
blotch_(163).jpg,Rhizome Disease Root00109.JPG,Dataset_01_jtttfbx342,Dataset_02_g46dvrcvwn,NEAR_DUPLICATE_PHASH,Hamming=9,9,Blotch,Rhizome_Disease_Roots,508acc01415d551df7c18c1b52fab330548237770ec5c31d153210a998771f8a,f0c627b63b768afb39ae808c03bc62bcc065f94fbbbfb48b32fec6d423d28a8d
blotch_(169).jpg,Dry Leaf00082.JPG,Dataset_01_jtttfbx342,Dataset_02_g46dvrcvwn,NEAR_DUPLICATE_PHASH,Hamming=8,8,Blotch,Dry_Leaf,ebc05b6770403bfef64a5f8fa7647192b571c29fbc3665909310312103cd4455,0fef36b29f2c7149a46f1781d1a4edbd110d22d5b39a80b27eba7248551a7943
blotch_(169).jpg,Dry Leaf00122.JPG,Dataset_01_jtttfbx342,Dataset_02_g46dvrcvwn,NEAR_DUPLICATE_PHASH,Hamming=10,10,Blotch,Dry_Leaf,ebc05b6770403bfef64a5f8fa7647192b571c29fbc3665909310312103cd4455,f4c98e627b86f34d545dfa70f914b5a3482f9dac29e37e4277a46b7a042753b4
blotch_(169).jpg,Dry Leaf00143.JPG,Dataset_01_jtttfbx342,Dataset_02_g46dvrcvwn,NEAR_DUPLICATE_PHASH,Hamming=10,10,Blotch,Dry_Leaf,ebc05b6770403bfef64a5f8fa7647192b571c29fbc3665909310312103cd4455,264aaf55af985e2d563adbfe4338e6d7666deb78327e547e536cc5a3f2933d56
blotch_(169).jpg,Leaf Blotch00004.JPG,Dataset_01_jtttfbx342,Dataset_02_g46dvrcvwn,NEAR_DUPLICATE_PHASH,Hamming=10,10,Blotch,Leaf_Blotch,ebc05b6770403bfef64a5f8fa7647192b571c29fbc3665909310312103cd4455,a96b36433507af73e39df1d2ad9989e773b79c0d27ae1ebfbf5ecc18de823a07
blotch_(169).jpg,Leaf Blotch00005.JPG,Dataset_01_jtttfbx342,Dataset_02_g46dvrcvwn,NEAR_DUPLICATE_PHASH,Hamming=9,9,Blotch,Leaf_Blotch,ebc05b6770403bfef64a5f8fa7647192b571c29fbc3665909310312103cd4455,b5226d7c1649a14108ea4d4cb07f7891e66ce892f3f25536e7c1e20665c8d718
blotch_(169).jpg,Leaf Blotch00010.JPG,Dataset_01_jtttfbx342,Dataset_02_g46dvrcvwn,NEAR_DUPLICATE_PHASH,Hamming=10,10,Blotch,Leaf_Blotch,ebc05b6770403bfef64a5f8fa7647192b571c29fbc3665909310312103cd4455,3197e2822de599021d133b9768cc32b77177d96d791f65244880d4b84c54b147
blotch_(169).jpg,Rhizome Disease Root00004.JPG,Dataset_01_jtttfbx342,Dataset_02_g46dvrcvwn,NEAR_DUPLICATE_PHASH,Hamming=9,9,Blotch,Rhizome_Disease_Roots,ebc05b6770403bfef64a5f8fa7647192b571c29fbc3665909310312103cd4455,6f6e64319c0d1bab197b171a1f9a7efdec00a918a246926057b9e33d25fb5eee
blotch_(169).jpg,Rhizome Disease Root00108.JPG,Dataset_01_jtttfbx342,Dataset_02_g46dvrcvwn,NEAR_DUPLICATE_PHASH,Hamming=9,9,Blotch,Rhizome_Disease_Roots,ebc05b6770403bfef64a5f8fa7647192b571c29fbc3665909310312103cd4455,fa6b8eb8029c35c84b3dd6988ff45733a0cbc5ba5532d4c88d1db7643118aa4a
blotch_(169).jpg,Rhizome Disease Root00114.JPG,Dataset_01_jtttfbx342,Dataset_02_g46dvrcvwn,NEAR_DUPLICATE_PHASH,Hamming=7,7,Blotch,Rhizome_Disease_Roots,ebc05b6770403bfef64a5f8fa7647192b571c29fbc3665909310312103cd4455,3a652734257559efc017044a527d4be6683a935a05e18c03b9115f80560df8be
blotch_(169).jpg,Rhizome Healthy Root00029.JPG,Dataset_01_jtttfbx342,Dataset_02_g46dvrcvwn,NEAR_DUPLICATE_PHASH,Hamming=10,10,Blotch,Rhizome_Healthy_Roots,ebc05b6770403bfef64a5f8fa7647192b571c29fbc3665909310312103cd4455,3835df92135db2ba80f4dc67dd51d4ab10db2fd18fa835a53280dd4318d1c91a
blotch_(169).jpg,Rhizome Healthy Root00030.JPG,Dataset_01_jtttfbx342,Dataset_02_g46dvrcvwn,NEAR_DUPLICATE_PHASH,Hamming=10,10,Blotch,Rhizome_Healthy_Roots,ebc05b6770403bfef64a5f8fa7647192b571c29fbc3665909310312103cd4455,5ce7923d7a7e7b4bd048f205c90e9a9a8d400d2fd8cf48fec15ac85b74cc3468
blotch_(169).jpg,Rhizome Healthy Root00031.JPG,Dataset_01_jtttfbx342,Dataset_02_g46dvrcvwn,NEAR_DUPLICATE_PHASH,Hamming=10,10,Blotch,Rhizome_Healthy_Roots,ebc05b6770403bfef64a5f8fa7647192b571c29fbc3665909310312103cd4455,be1d95036007d6dc54776a298c8ed737b1c2ae0a0b8d9720d368b6fd64dfef46
blotch_(169).jpg,Rhizome Healthy Root00102.JPG,Dataset_01_jtttfbx342,Dataset_02_g46dvrcvwn,NEAR_DUPLICATE_PHASH,Hamming=10,10,Blotch,Rhizome_Healthy_Roots,ebc05b6770403bfef64a5f8fa7647192b571c29fbc3665909310312103cd4455,42ed63fbc1a84d627ef27ec356342cf7d62182b1cfb585f9cbc082ed88702993
blotch_(169).jpg,Rhizome Healthy Root00103.JPG,Dataset_01_jtttfbx342,Dataset_02_g46dvrcvwn,NEAR_DUPLICATE_PHASH,Hamming=10,10,Blotch,Rhizome_Healthy_Roots,ebc05b6770403bfef64a5f8fa7647192b571c29fbc3665909310312103cd4455,1a182a290d5ec92d08bc0bb7826ce7992966ad9ac025b6731f8d48f1b0071cec
blotch_(169).jpg,Rhizome Healthy Root00104.JPG,Dataset_01_jtttfbx342,Dataset_02_g46dvrcvwn,NEAR_DUPLICATE_PHASH,Hamming=9,9,Blotch,Rhizome_Healthy_Roots,ebc05b6770403bfef64a5f8fa7647192b571c29fbc3665909310312103cd4455,c6e84c358fef466d5d651d6badc72f487938a8971667c64a8b9cd6ba4e2a15f6
blotch_(169).jpg,Rhizome Healthy Root00106.JPG,Dataset_01_jtttfbx342,Dataset_02_g46dvrcvwn,NEAR_DUPLICATE_PHASH,Hamming=10,10,Blotch,Rhizome_Healthy_Roots,ebc05b6770403bfef64a5f8fa7647192b571c29fbc3665909310312103cd4455,792099df3f2fb91a62d25fc739635a820e6c5be3fb678f74f5b5b0d40f2c3209
blotch_(169).jpg,Rhizome Healthy Root00298.JPG,Dataset_01_jtttfbx342,Dataset_02_g46dvrcvwn,NEAR_DUPLICATE_PHASH,Hamming=9,9,Blotch,Rhizome_Healthy_Roots,ebc05b6770403bfef64a5f8fa7647192b571c29fbc3665909310312103cd4455,2783c1890cd370aeaac62205f04cd2f8e6dbd23c5f0a56b5e3406893bed3c47f
blotch_(169).jpg,Rhizome Healthy Root00302.JPG,Dataset_01_jtttfbx342,Dataset_02_g46dvrcvwn,NEAR_DUPLICATE_PHASH,Hamming=8,8,Blotch,Rhizome_Healthy_Roots,ebc05b6770403bfef64a5f8fa7647192b571c29fbc3665909310312103cd4455,1b056c0bec593d0fb2c3b1ab4b9d24f80ed054d4ea4c181663cd9794f0288604
blotch_(169).jpg,Rhizome Healthy Root00303.JPG,Dataset_01_jtttfbx342,Dataset_02_g46dvrcvwn,NEAR_DUPLICATE_PHASH,Hamming=9,9,Blotch,Rhizome_Healthy_Roots,ebc05b6770403bfef64a5f8fa7647192b571c29fbc3665909310312103cd4455,67b3e63120ef420e06cb311a4b97a1c1cb953fa026bae3e4e864d26264f1d837
blotch_(171).jpg,Dry Leaf00082.JPG,Dataset_01_jtttfbx342,Dataset_02_g46dvrcvwn,NEAR_DUPLICATE_PHASH,Hamming=9,9,Blotch,Dry_Leaf,21f5ffb58b83ed396f2ad31c4e756f3fdd06170fa3a6d6b3da1f9dabfd1a187d,0fef36b29f2c7149a46f1781d1a4edbd110d22d5b39a80b27eba7248551a7943
blotch_(171).jpg,Dry Leaf00122.JPG,Dataset_01_jtttfbx342,Dataset_02_g46dvrcvwn,NEAR_DUPLICATE_PHASH,Hamming=9,9,Blotch,Dry_Leaf,21f5ffb58b83ed396f2ad31c4e756f3fdd06170fa3a6d6b3da1f9dabfd1a187d,f4c98e627b86f34d545dfa70f914b5a3482f9dac29e37e4277a46b7a042753b4
blotch_(171).jpg,Dry Leaf00143.JPG,Dataset_01_jtttfbx342,Dataset_02_g46dvrcvwn,NEAR_DUPLICATE_PHASH,Hamming=9,9,Blotch,Dry_Leaf,21f5ffb58b83ed396f2ad31c4e756f3fdd06170fa3a6d6b3da1f9dabfd1a187d,264aaf55af985e2d563adbfe4338e6d7666deb78327e547e536cc5a3f2933d56
blotch_(171).jpg,Dry Leaf00189.JPG,Dataset_01_jtttfbx342,Dataset_02_g46dvrcvwn,NEAR_DUPLICATE_PHASH,Hamming=10,10,Blotch,Dry_Leaf,21f5ffb58b83ed396f2ad31c4e756f3fdd06170fa3a6d6b3da1f9dabfd1a187d,e9931494175e3e5645f934f7f99fdc81a783ad520fb0078cef333cb05cb65fce
blotch_(171).jpg,Leaf Blotch00004.JPG,Dataset_01_jtttfbx342,Dataset_02_g46dvrcvwn,NEAR_DUPLICATE_PHASH,Hamming=9,9,Blotch,Leaf_Blotch,21f5ffb58b83ed396f2ad31c4e756f3fdd06170fa3a6d6b3da1f9dabfd1a187d,a96b36433507af73e39df1d2ad9989e773b79c0d27ae1ebfbf5ecc18de823a07
blotch_(171).jpg,Leaf Blotch00005.JPG,Dataset_01_jtttfbx342,Dataset_02_g46dvrcvwn,NEAR_DUPLICATE_PHASH,Hamming=10,10,Blotch,Leaf_Blotch,21f5ffb58b83ed396f2ad31c4e756f3fdd06170fa3a6d6b3da1f9dabfd1a187d,b5226d7c1649a14108ea4d4cb07f7891e66ce892f3f25536e7c1e20665c8d718
blotch_(171).jpg,Rhizome Disease Root00004.JPG,Dataset_01_jtttfbx342,Dataset_02_g46dvrcvwn,NEAR_DUPLICATE_PHASH,Hamming=10,10,Blotch,Rhizome_Disease_Roots,21f5ffb58b83ed396f2ad31c4e756f3fdd06170fa3a6d6b3da1f9dabfd1a187d,6f6e64319c0d1bab197b171a1f9a7efdec00a918a246926057b9e33d25fb5eee
blotch_(171).jpg,Rhizome Disease Root00031.JPG,Dataset_01_jtttfbx342,Dataset_02_g46dvrcvwn,NEAR_DUPLICATE_PHASH,Hamming=10,10,Blotch,Rhizome_Disease_Roots,21f5ffb58b83ed396f2ad31c4e756f3fdd06170fa3a6d6b3da1f9dabfd1a187d,dedf2d9306dfb93c43063f67c4400508fe0bb5a6138b865bc0149e9e0602865b
blotch_(171).jpg,Rhizome Disease Root00108.JPG,Dataset_01_jtttfbx342,Dataset_02_g46dvrcvwn,NEAR_DUPLICATE_PHASH,Hamming=10,10,Blotch,Rhizome_Disease_Roots,21f5ffb58b83ed396f2ad31c4e756f3fdd06170fa3a6d6b3da1f9dabfd1a187d,fa6b8eb8029c35c84b3dd6988ff45733a0cbc5ba5532d4c88d1db7643118aa4a
blotch_(171).jpg,Rhizome Disease Root00114.JPG,Dataset_01_jtttfbx342,Dataset_02_g46dvrcvwn,NEAR_DUPLICATE_PHASH,Hamming=6,6,Blotch,Rhizome_Disease_Roots,21f5ffb58b83ed396f2ad31c4e756f3fdd06170fa3a6d6b3da1f9dabfd1a187d,3a652734257559efc017044a527d4be6683a935a05e18c03b9115f80560df8be
blotch_(171).jpg,Rhizome Healthy Root00005.JPG,Dataset_01_jtttfbx342,Dataset_02_g46dvrcvwn,NEAR_DUPLICATE_PHASH,Hamming=10,10,Blotch,Rhizome_Healthy_Roots,21f5ffb58b83ed396f2ad31c4e756f3fdd06170fa3a6d6b3da1f9dabfd1a187d,02920aea4176a0ea323a01f02ab035392b319a65c8f7716836b65d21ee084010
blotch_(171).jpg,Rhizome Healthy Root00102.JPG,Dataset_01_jtttfbx342,Dataset_02_g46dvrcvwn,NEAR_DUPLICATE_PHASH,Hamming=9,9,Blotch,Rhizome_Healthy_Roots,21f5ffb58b83ed396f2ad31c4e756f3fdd06170fa3a6d6b3da1f9dabfd1a187d,42ed63fbc1a84d627ef27ec356342cf7d62182b1cfb585f9cbc082ed88702993
blotch_(171).jpg,Rhizome Healthy Root00103.JPG,Dataset_01_jtttfbx342,Dataset_02_g46dvrcvwn,NEAR_DUPLICATE_PHASH,Hamming=9,9,Blotch,Rhizome_Healthy_Roots,21f5ffb58b83ed396f2ad31c4e756f3fdd06170fa3a6d6b3da1f9dabfd1a187d,1a182a290d5ec92d08bc0bb7826ce7992966ad9ac025b6731f8d48f1b0071cec
blotch_(171).jpg,Rhizome Healthy Root00104.JPG,Dataset_01_jtttfbx342,Dataset_02_g46dvrcvwn,NEAR_DUPLICATE_PHASH,Hamming=8,8,Blotch,Rhizome_Healthy_Roots,21f5ffb58b83ed396f2ad31c4e756f3fdd06170fa3a6d6b3da1f9dabfd1a187d,c6e84c358fef466d5d651d6badc72f487938a8971667c64a8b9cd6ba4e2a15f6
blotch_(171).jpg,Rhizome Healthy Root00105.JPG,Dataset_01_jtttfbx342,Dataset_02_g46dvrcvwn,NEAR_DUPLICATE_PHASH,Hamming=10,10,Blotch,Rhizome_Healthy_Roots,21f5ffb58b83ed396f2ad31c4e756f3fdd06170fa3a6d6b3da1f9dabfd1a187d,a2fcddb1e0a5ba244dbb5b164d340f19134e3e15c383d7fff18cf654f226249f
blotch_(171).jpg,Rhizome Healthy Root00106.JPG,Dataset_01_jtttfbx342,Dataset_02_g46dvrcvwn,NEAR_DUPLICATE_PHASH,Hamming=9,9,Blotch,Rhizome_Healthy_Roots,21f5ffb58b83ed396f2ad31c4e756f3fdd06170fa3a6d6b3da1f9dabfd1a187d,792099df3f2fb91a62d25fc739635a820e6c5be3fb678f74f5b5b0d40f2c3209
blotch_(171).jpg,Rhizome Healthy Root00198.JPG,Dataset_01_jtttfbx342,Dataset_02_g46dvrcvwn,NEAR_DUPLICATE_PHASH,Hamming=10,10,Blotch,Rhizome_Healthy_Roots,21f5ffb58b83ed396f2ad31c4e756f3fdd06170fa3a6d6b3da1f9dabfd1a187d,dcd362ff05f693cd0d5729594d6880236cf0b71b68820e3fd5f3d65483ccde1a
blotch_(171).jpg,Rhizome Healthy Root00232.JPG,Dataset_01_jtttfbx342,Dataset_02_g46dvrcvwn,NEAR_DUPLICATE_PHASH,Hamming=10,10,Blotch,Rhizome_Healthy_Roots,21f5ffb58b83ed396f2ad31c4e756f3fdd06170fa3a6d6b3da1f9dabfd1a187d,bc937e060206b7ac479f3eee51788f6e75bc98567118a529ef1b20784b1f366c
blotch_(171).jpg,Rhizome Healthy Root00258.JPG,Dataset_01_jtttfbx342,Dataset_02_g46dvrcvwn,NEAR_DUPLICATE_PHASH,Hamming=10,10,Blotch,Rhizome_Healthy_Roots,21f5ffb58b83ed396f2ad31c4e756f3fdd06170fa3a6d6b3da1f9dabfd1a187d,741a6e06ca571fd5eea19c54fbb3ea01caa6353c419ec5110589eb77afea706b
blotch_(171).jpg,Rhizome Healthy Root00298.JPG,Dataset_01_jtttfbx342,Dataset_02_g46dvrcvwn,NEAR_DUPLICATE_PHASH,Hamming=10,10,Blotch,Rhizome_Healthy_Roots,21f5ffb58b83ed396f2ad31c4e756f3fdd06170fa3a6d6b3da1f9dabfd1a187d,2783c1890cd370aeaac62205f04cd2f8e6dbd23c5f0a56b5e3406893bed3c47f
blotch_(171).jpg,Rhizome Healthy Root00302.JPG,Dataset_01_jtttfbx342,Dataset_02_g46dvrcvwn,NEAR_DUPLICATE_PHASH,Hamming=9,9,Blotch,Rhizome_Healthy_Roots,21f5ffb58b83ed396f2ad31c4e756f3fdd06170fa3a6d6b3da1f9dabfd1a187d,1b056c0bec593d0fb2c3b1ab4b9d24f80ed054d4ea4c181663cd9794f0288604
blotch_(171).jpg,Rhizome Healthy Root00303.JPG,Dataset_01_jtttfbx342,Dataset_02_g46dvrcvwn,NEAR_DUPLICATE_PHASH,Hamming=10,10,Blotch,Rhizome_Healthy_Roots,21f5ffb58b83ed396f2ad31c4e756f3fdd06170fa3a6d6b3da1f9dabfd1a187d,67b3e63120ef420e06cb311a4b97a1c1cb953fa026bae3e4e864d26264f1d837
blotch_(173).jpg,Dry Leaf00041.JPG,Dataset_01_jtttfbx342,Dataset_02_g46dvrcvwn,NEAR_DUPLICATE_PHASH,Hamming=10,10,Blotch,Dry_Leaf,25d844b08ed5e4761e4c4028d3da383730cea82129fd7b60ee46e726bd481636,c7271ce442c0a9d589614d7da286a68bbfb39243fea32e7ba225370dd952edc7
blotch_(174).jpg,Dry Leaf00021.JPG,Dataset_01_jtttfbx342,Dataset_02_g46dvrcvwn,NEAR_DUPLICATE_PHASH,Hamming=9,9,Blotch,Dry_Leaf,22a37cc8a38be2bd0a3e68610e2a3664f3155fbcf5967201909dbcaac871d686,80b07af320ce31e8a146fc8c36d40920359a994dbb7ce32c5c787d0e269bb363
blotch_(174).jpg,Dry Leaf00122.JPG,Dataset_01_jtttfbx342,Dataset_02_g46dvrcvwn,NEAR_DUPLICATE_PHASH,Hamming=9,9,Blotch,Dry_Leaf,22a37cc8a38be2bd0a3e68610e2a3664f3155fbcf5967201909dbcaac871d686,f4c98e627b86f34d545dfa70f914b5a3482f9dac29e37e4277a46b7a042753b4
blotch_(174).jpg,Dry Leaf00189.JPG,Dataset_01_jtttfbx342,Dataset_02_g46dvrcvwn,NEAR_DUPLICATE_PHASH,Hamming=8,8,Blotch,Dry_Leaf,22a37cc8a38be2bd0a3e68610e2a3664f3155fbcf5967201909dbcaac871d686,e9931494175e3e5645f934f7f99fdc81a783ad520fb0078cef333cb05cb65fce
blotch_(174).jpg,Rhizome Disease Root00031.JPG,Dataset_01_jtttfbx342,Dataset_02_g46dvrcvwn,NEAR_DUPLICATE_PHASH,Hamming=10,10,Blotch,Rhizome_Disease_Roots,22a37cc8a38be2bd0a3e68610e2a3664f3155fbcf5967201909dbcaac871d686,dedf2d9306dfb93c43063f67c4400508fe0bb5a6138b865bc0149e9e0602865b
blotch_(174).jpg,Rhizome Disease Root00114.JPG,Dataset_01_jtttfbx342,Dataset_02_g46dvrcvwn,NEAR_DUPLICATE_PHASH,Hamming=6,6,Blotch,Rhizome_Disease_Roots,22a37cc8a38be2bd0a3e68610e2a3664f3155fbcf5967201909dbcaac871d686,3a652734257559efc017044a527d4be6683a935a05e18c03b9115f80560df8be
blotch_(174).jpg,Rhizome Disease Root00176.JPG,Dataset_01_jtttfbx342,Dataset_02_g46dvrcvwn,NEAR_DUPLICATE_PHASH,Hamming=10,10,Blotch,Rhizome_Disease_Roots,22a37cc8a38be2bd0a3e68610e2a3664f3155fbcf5967201909dbcaac871d686,4f668ea4799377a46be43218163c55f7774abdc0b33fc941041410a16945444d
blotch_(174).jpg,Rhizome Healthy Root00102.JPG,Dataset_01_jtttfbx342,Dataset_02_g46dvrcvwn,NEAR_DUPLICATE_PHASH,Hamming=7,7,Blotch,Rhizome_Healthy_Roots,22a37cc8a38be2bd0a3e68610e2a3664f3155fbcf5967201909dbcaac871d686,42ed63fbc1a84d627ef27ec356342cf7d62182b1cfb585f9cbc082ed88702993
blotch_(174).jpg,Rhizome Healthy Root00103.JPG,Dataset_01_jtttfbx342,Dataset_02_g46dvrcvwn,NEAR_DUPLICATE_PHASH,Hamming=7,7,Blotch,Rhizome_Healthy_Roots,22a37cc8a38be2bd0a3e68610e2a3664f3155fbcf5967201909dbcaac871d686,1a182a290d5ec92d08bc0bb7826ce7992966ad9ac025b6731f8d48f1b0071cec
blotch_(174).jpg,Rhizome Healthy Root00104.JPG,Dataset_01_jtttfbx342,Dataset_02_g46dvrcvwn,NEAR_DUPLICATE_PHASH,Hamming=8,8,Blotch,Rhizome_Healthy_Roots,22a37cc8a38be2bd0a3e68610e2a3664f3155fbcf5967201909dbcaac871d686,c6e84c358fef466d5d651d6badc72f487938a8971667c64a8b9cd6ba4e2a15f6
blotch_(174).jpg,Rhizome Healthy Root00197.JPG,Dataset_01_jtttfbx342,Dataset_02_g46dvrcvwn,NEAR_DUPLICATE_PHASH,Hamming=9,9,Blotch,Rhizome_Healthy_Roots,22a37cc8a38be2bd0a3e68610e2a3664f3155fbcf5967201909dbcaac871d686,a80da83064e1b58fe8d6e41c454b32d0a111e01d0d2fbe1b50a6d5303b8cf8cb
blotch_(174).jpg,Rhizome Healthy Root00198.JPG,Dataset_01_jtttfbx342,Dataset_02_g46dvrcvwn,NEAR_DUPLICATE_PHASH,Hamming=10,10,Blotch,Rhizome_Healthy_Roots,22a37cc8a38be2bd0a3e68610e2a3664f3155fbcf5967201909dbcaac871d686,dcd362ff05f693cd0d5729594d6880236cf0b71b68820e3fd5f3d65483ccde1a
blotch_(174).jpg,Rhizome Healthy Root00231.JPG,Dataset_01_jtttfbx342,Dataset_02_g46dvrcvwn,NEAR_DUPLICATE_PHASH,Hamming=10,10,Blotch,Rhizome_Healthy_Roots,22a37cc8a38be2bd0a3e68610e2a3664f3155fbcf5967201909dbcaac871d686,173ddd1534a3df82138aa24559c71b43a224602176f4c5d40d6408993c002413
blotch_(174).jpg,Rhizome Healthy Root00232.JPG,Dataset_01_jtttfbx342,Dataset_02_g46dvrcvwn,NEAR_DUPLICATE_PHASH,Hamming=8,8,Blotch,Rhizome_Healthy_Roots,22a37cc8a38be2bd0a3e68610e2a3664f3155fbcf5967201909dbcaac871d686,bc937e060206b7ac479f3eee51788f6e75bc98567118a529ef1b20784b1f366c
blotch_(174).jpg,Rhizome Healthy Root00258.JPG,Dataset_01_jtttfbx342,Dataset_02_g46dvrcvwn,NEAR_DUPLICATE_PHASH,Hamming=10,10,Blotch,Rhizome_Healthy_Roots,22a37cc8a38be2bd0a3e68610e2a3664f3155fbcf5967201909dbcaac871d686,741a6e06ca571fd5eea19c54fbb3ea01caa6353c419ec5110589eb77afea706b
blotch_(175).jpg,Dry Leaf00021.JPG,Dataset_01_jtttfbx342,Dataset_02_g46dvrcvwn,NEAR_DUPLICATE_PHASH,Hamming=9,9,Blotch,Dry_Leaf,ebaefd7a4255be811cd908216790604d872cd62b015b594aa8b890acb207ad18,80b07af320ce31e8a146fc8c36d40920359a994dbb7ce32c5c787d0e269bb363
blotch_(175).jpg,Dry Leaf00122.JPG,Dataset_01_jtttfbx342,Dataset_02_g46dvrcvwn,NEAR_DUPLICATE_PHASH,Hamming=9,9,Blotch,Dry_Leaf,ebaefd7a4255be811cd908216790604d872cd62b015b594aa8b890acb207ad18,f4c98e627b86f34d545dfa70f914b5a3482f9dac29e37e4277a46b7a042753b4
blotch_(175).jpg,Dry Leaf00189.JPG,Dataset_01_jtttfbx342,Dataset_02_g46dvrcvwn,NEAR_DUPLICATE_PHASH,Hamming=8,8,Blotch,Dry_Leaf,ebaefd7a4255be811cd908216790604d872cd62b015b594aa8b890acb207ad18,e9931494175e3e5645f934f7f99fdc81a783ad520fb0078cef333cb05cb65fce
blotch_(175).jpg,Rhizome Disease Root00114.JPG,Dataset_01_jtttfbx342,Dataset_02_g46dvrcvwn,NEAR_DUPLICATE_PHASH,Hamming=8,8,Blotch,Rhizome_Disease_Roots,ebaefd7a4255be811cd908216790604d872cd62b015b594aa8b890acb207ad18,3a652734257559efc017044a527d4be6683a935a05e18c03b9115f80560df8be
blotch_(175).jpg,Rhizome Disease Root00119.JPG,Dataset_01_jtttfbx342,Dataset_02_g46dvrcvwn,NEAR_DUPLICATE_PHASH,Hamming=10,10,Blotch,Rhizome_Disease_Roots,ebaefd7a4255be811cd908216790604d872cd62b015b594aa8b890acb207ad18,3860ca121dc7be8a9b92246d9524d17e1638a64bf917d306d2677a941a170454
blotch_(175).jpg,Rhizome Disease Root00176.JPG,Dataset_01_jtttfbx342,Dataset_02_g46dvrcvwn,NEAR_DUPLICATE_PHASH,Hamming=10,10,Blotch,Rhizome_Disease_Roots,ebaefd7a4255be811cd908216790604d872cd62b015b594aa8b890acb207ad18,4f668ea4799377a46be43218163c55f7774abdc0b33fc941041410a16945444d
blotch_(175).jpg,Rhizome Healthy Root00102.JPG,Dataset_01_jtttfbx342,Dataset_02_g46dvrcvwn,NEAR_DUPLICATE_PHASH,Hamming=7,7,Blotch,Rhizome_Healthy_Roots,ebaefd7a4255be811cd908216790604d872cd62b015b594aa8b890acb207ad18,42ed63fbc1a84d627ef27ec356342cf7d62182b1cfb585f9cbc082ed88702993
blotch_(175).jpg,Rhizome Healthy Root00103.JPG,Dataset_01_jtttfbx342,Dataset_02_g46dvrcvwn,NEAR_DUPLICATE_PHASH,Hamming=7,7,Blotch,Rhizome_Healthy_Roots,ebaefd7a4255be811cd908216790604d872cd62b015b594aa8b890acb207ad18,1a182a290d5ec92d08bc0bb7826ce7992966ad9ac025b6731f8d48f1b0071cec
blotch_(175).jpg,Rhizome Healthy Root00104.JPG,Dataset_01_jtttfbx342,Dataset_02_g46dvrcvwn,NEAR_DUPLICATE_PHASH,Hamming=8,8,Blotch,Rhizome_Healthy_Roots,ebaefd7a4255be811cd908216790604d872cd62b015b594aa8b890acb207ad18,c6e84c358fef466d5d651d6badc72f487938a8971667c64a8b9cd6ba4e2a15f6
blotch_(175).jpg,Rhizome Healthy Root00232.JPG,Dataset_01_jtttfbx342,Dataset_02_g46dvrcvwn,NEAR_DUPLICATE_PHASH,Hamming=10,10,Blotch,Rhizome_Healthy_Roots,ebaefd7a4255be811cd908216790604d872cd62b015b594aa8b890acb207ad18,bc937e060206b7ac479f3eee51788f6e75bc98567118a529ef1b20784b1f366c
blotch_(176).jpg,Dry Leaf00021.JPG,Dataset_01_jtttfbx342,Dataset_02_g46dvrcvwn,NEAR_DUPLICATE_PHASH,Hamming=9,9,Blotch,Dry_Leaf,f58390c37f779b312f8cb7edc3569e9a0feb30f462ec379101fce590b851229a,80b07af320ce31e8a146fc8c36d40920359a994dbb7ce32c5c787d0e269bb363
blotch_(176).jpg,Dry Leaf00122.JPG,Dataset_01_jtttfbx342,Dataset_02_g46dvrcvwn,NEAR_DUPLICATE_PHASH,Hamming=9,9,Blotch,Dry_Leaf,f58390c37f779b312f8cb7edc3569e9a0feb30f462ec379101fce590b851229a,f4c98e627b86f34d545dfa70f914b5a3482f9dac29e37e4277a46b7a042753b4
blotch_(176).jpg,Dry Leaf00189.JPG,Dataset_01_jtttfbx342,Dataset_02_g46dvrcvwn,NEAR_DUPLICATE_PHASH,Hamming=8,8,Blotch,Dry_Leaf,f58390c37f779b312f8cb7edc3569e9a0feb30f462ec379101fce590b851229a,e9931494175e3e5645f934f7f99fdc81a783ad520fb0078cef333cb05cb65fce
blotch_(176).jpg,Leaf Blotch00011.JPG,Dataset_01_jtttfbx342,Dataset_02_g46dvrcvwn,NEAR_DUPLICATE_PHASH,Hamming=9,9,Blotch,Leaf_Blotch,f58390c37f779b312f8cb7edc3569e9a0feb30f462ec379101fce590b851229a,eb7a12979ed145ac65973d93bb68efb106fa425b3fffce4aaac857552e900cb6
blotch_(176).jpg,Leaf Blotch00012.JPG,Dataset_01_jtttfbx342,Dataset_02_g46dvrcvwn,NEAR_DUPLICATE_PHASH,Hamming=9,9,Blotch,Leaf_Blotch,f58390c37f779b312f8cb7edc3569e9a0feb30f462ec379101fce590b851229a,5999901f4e5e50fa3305dd0eae3dccf7370b387d18f8b6ba3ce290e659e2fe29
blotch_(176).jpg,Rhizome Disease Root00114.JPG,Dataset_01_jtttfbx342,Dataset_02_g46dvrcvwn,NEAR_DUPLICATE_PHASH,Hamming=10,10,Blotch,Rhizome_Disease_Roots,f58390c37f779b312f8cb7edc3569e9a0feb30f462ec379101fce590b851229a,3a652734257559efc017044a527d4be6683a935a05e18c03b9115f80560df8be
blotch_(176).jpg,Rhizome Disease Root00119.JPG,Dataset_01_jtttfbx342,Dataset_02_g46dvrcvwn,NEAR_DUPLICATE_PHASH,Hamming=10,10,Blotch,Rhizome_Disease_Roots,f58390c37f779b312f8cb7edc3569e9a0feb30f462ec379101fce590b851229a,3860ca121dc7be8a9b92246d9524d17e1638a64bf917d306d2677a941a170454
blotch_(176).jpg,Rhizome Disease Root00176.JPG,Dataset_01_jtttfbx342,Dataset_02_g46dvrcvwn,NEAR_DUPLICATE_PHASH,Hamming=10,10,Blotch,Rhizome_Disease_Roots,f58390c37f779b312f8cb7edc3569e9a0feb30f462ec379101fce590b851229a,4f668ea4799377a46be43218163c55f7774abdc0b33fc941041410a16945444d
blotch_(176).jpg,Rhizome Healthy Root00102.JPG,Dataset_01_jtttfbx342,Dataset_02_g46dvrcvwn,NEAR_DUPLICATE_PHASH,Hamming=9,9,Blotch,Rhizome_Healthy_Roots,f58390c37f779b312f8cb7edc3569e9a0feb30f462ec379101fce590b851229a,42ed63fbc1a84d627ef27ec356342cf7d62182b1cfb585f9cbc082ed88702993
blotch_(176).jpg,Rhizome Healthy Root00103.JPG,Dataset_01_jtttfbx342,Dataset_02_g46dvrcvwn,NEAR_DUPLICATE_PHASH,Hamming=9,9,Blotch,Rhizome_Healthy_Roots,f58390c37f779b312f8cb7edc3569e9a0feb30f462ec379101fce590b851229a,1a182a290d5ec92d08bc0bb7826ce7992966ad9ac025b6731f8d48f1b0071cec
blotch_(176).jpg,Rhizome Healthy Root00104.JPG,Dataset_01_jtttfbx342,Dataset_02_g46dvrcvwn,NEAR_DUPLICATE_PHASH,Hamming=8,8,Blotch,Rhizome_Healthy_Roots,f58390c37f779b312f8cb7edc3569e9a0feb30f462ec379101fce590b851229a,c6e84c358fef466d5d651d6badc72f487938a8971667c64a8b9cd6ba4e2a15f6
blotch_(178).jpg,Healthy Leaf00098.JPG,Dataset_01_jtttfbx342,Dataset_02_g46dvrcvwn,NEAR_DUPLICATE_PHASH,Hamming=10,10,Blotch,Healthy_Leaf,f9547782661a63acbce547bc7c85aaa970a013c585b2f81310888e60867c1a38,b5969fdeecef6ce7e907f85c6a464bcc0c3f6ce43601667b7eb759395cc1454e
blotch_(178).jpg,Rhizome Disease Root00176.JPG,Dataset_01_jtttfbx342,Dataset_02_g46dvrcvwn,NEAR_DUPLICATE_PHASH,Hamming=9,9,Blotch,Rhizome_Disease_Roots,f9547782661a63acbce547bc7c85aaa970a013c585b2f81310888e60867c1a38,4f668ea4799377a46be43218163c55f7774abdc0b33fc941041410a16945444d
blotch_(177).jpg,Dry Leaf00021.JPG,Dataset_01_jtttfbx342,Dataset_02_g46dvrcvwn,NEAR_DUPLICATE_PHASH,Hamming=9,9,Blotch,Dry_Leaf,4d9b50d3b2f333941dfbc9f4fd04d391d3d5591c4700e1cbe37559e9da9367dd,80b07af320ce31e8a146fc8c36d40920359a994dbb7ce32c5c787d0e269bb363
blotch_(177).jpg,Dry Leaf00122.JPG,Dataset_01_jtttfbx342,Dataset_02_g46dvrcvwn,NEAR_DUPLICATE_PHASH,Hamming=9,9,Blotch,Dry_Leaf,4d9b50d3b2f333941dfbc9f4fd04d391d3d5591c4700e1cbe37559e9da9367dd,f4c98e627b86f34d545dfa70f914b5a3482f9dac29e37e4277a46b7a042753b4
blotch_(177).jpg,Dry Leaf00189.JPG,Dataset_01_jtttfbx342,Dataset_02_g46dvrcvwn,NEAR_DUPLICATE_PHASH,Hamming=10,10,Blotch,Dry_Leaf,4d9b50d3b2f333941dfbc9f4fd04d391d3d5591c4700e1cbe37559e9da9367dd,e9931494175e3e5645f934f7f99fdc81a783ad520fb0078cef333cb05cb65fce
blotch_(177).jpg,Leaf Blotch00005.JPG,Dataset_01_jtttfbx342,Dataset_02_g46dvrcvwn,NEAR_DUPLICATE_PHASH,Hamming=10,10,Blotch,Leaf_Blotch,4d9b50d3b2f333941dfbc9f4fd04d391d3d5591c4700e1cbe37559e9da9367dd,b5226d7c1649a14108ea4d4cb07f7891e66ce892f3f25536e7c1e20665c8d718
blotch_(177).jpg,Rhizome Disease Root00108.JPG,Dataset_01_jtttfbx342,Dataset_02_g46dvrcvwn,NEAR_DUPLICATE_PHASH,Hamming=10,10,Blotch,Rhizome_Disease_Roots,4d9b50d3b2f333941dfbc9f4fd04d391d3d5591c4700e1cbe37559e9da9367dd,fa6b8eb8029c35c84b3dd6988ff45733a0cbc5ba5532d4c88d1db7643118aa4a
blotch_(177).jpg,Rhizome Disease Root00114.JPG,Dataset_01_jtttfbx342,Dataset_02_g46dvrcvwn,NEAR_DUPLICATE_PHASH,Hamming=8,8,Blotch,Rhizome_Disease_Roots,4d9b50d3b2f333941dfbc9f4fd04d391d3d5591c4700e1cbe37559e9da9367dd,3a652734257559efc017044a527d4be6683a935a05e18c03b9115f80560df8be
blotch_(177).jpg,Rhizome Disease Root00176.JPG,Dataset_01_jtttfbx342,Dataset_02_g46dvrcvwn,NEAR_DUPLICATE_PHASH,Hamming=10,10,Blotch,Rhizome_Disease_Roots,4d9b50d3b2f333941dfbc9f4fd04d391d3d5591c4700e1cbe37559e9da9367dd,4f668ea4799377a46be43218163c55f7774abdc0b33fc941041410a16945444d
blotch_(177).jpg,Rhizome Healthy Root00102.JPG,Dataset_01_jtttfbx342,Dataset_02_g46dvrcvwn,NEAR_DUPLICATE_PHASH,Hamming=7,7,Blotch,Rhizome_Healthy_Roots,4d9b50d3b2f333941dfbc9f4fd04d391d3d5591c4700e1cbe37559e9da9367dd,42ed63fbc1a84d627ef27ec356342cf7d62182b1cfb585f9cbc082ed88702993
blotch_(177).jpg,Rhizome Healthy Root00103.JPG,Dataset_01_jtttfbx342,Dataset_02_g46dvrcvwn,NEAR_DUPLICATE_PHASH,Hamming=7,7,Blotch,Rhizome_Healthy_Roots,4d9b50d3b2f333941dfbc9f4fd04d391d3d5591c4700e1cbe37559e9da9367dd,1a182a290d5ec92d08bc0bb7826ce7992966ad9ac025b6731f8d48f1b0071cec
blotch_(177).jpg,Rhizome Healthy Root00104.JPG,Dataset_01_jtttfbx342,Dataset_02_g46dvrcvwn,NEAR_DUPLICATE_PHASH,Hamming=6,6,Blotch,Rhizome_Healthy_Roots,4d9b50d3b2f333941dfbc9f4fd04d391d3d5591c4700e1cbe37559e9da9367dd,c6e84c358fef466d5d651d6badc72f487938a8971667c64a8b9cd6ba4e2a15f6
blotch_(177).jpg,Rhizome Healthy Root00105.JPG,Dataset_01_jtttfbx342,Dataset_02_g46dvrcvwn,NEAR_DUPLICATE_PHASH,Hamming=10,10,Blotch,Rhizome_Healthy_Roots,4d9b50d3b2f333941dfbc9f4fd04d391d3d5591c4700e1cbe37559e9da9367dd,a2fcddb1e0a5ba244dbb5b164d340f19134e3e15c383d7fff18cf654f226249f
blotch_(177).jpg,Rhizome Healthy Root00106.JPG,Dataset_01_jtttfbx342,Dataset_02_g46dvrcvwn,NEAR_DUPLICATE_PHASH,Hamming=9,9,Blotch,Rhizome_Healthy_Roots,4d9b50d3b2f333941dfbc9f4fd04d391d3d5591c4700e1cbe37559e9da9367dd,792099df3f2fb91a62d25fc739635a820e6c5be3fb678f74f5b5b0d40f2c3209
blotch_(177).jpg,Rhizome Healthy Root00232.JPG,Dataset_01_jtttfbx342,Dataset_02_g46dvrcvwn,NEAR_DUPLICATE_PHASH,Hamming=10,10,Blotch,Rhizome_Healthy_Roots,4d9b50d3b2f333941dfbc9f4fd04d391d3d5591c4700e1cbe37559e9da9367dd,bc937e060206b7ac479f3eee51788f6e75bc98567118a529ef1b20784b1f366c
blotch_(18).jpg,Dry Leaf00062.JPG,Dataset_01_jtttfbx342,Dataset_02_g46dvrcvwn,NEAR_DUPLICATE_PHASH,Hamming=9,9,Blotch,Dry_Leaf,ec451feb61074267c5691914adf419236730daef7ceb5134d9587daa9233ec2f,052e974a96c438f0786614db5fdafa54c9618cca910fefa47fba31bde5b435bb
blotch_(18).jpg,Dry Leaf00099.JPG,Dataset_01_jtttfbx342,Dataset_02_g46dvrcvwn,NEAR_DUPLICATE_PHASH,Hamming=8,8,Blotch,Dry_Leaf,ec451feb61074267c5691914adf419236730daef7ceb5134d9587daa9233ec2f,90f2bf2684a759f96385d1e421eed88e187915a5a7a6cd2ed7e1daec095fca4b
blotch_(18).jpg,Dry Leaf00132.JPG,Dataset_01_jtttfbx342,Dataset_02_g46dvrcvwn,NEAR_DUPLICATE_PHASH,Hamming=6,6,Blotch,Dry_Leaf,ec451feb61074267c5691914adf419236730daef7ceb5134d9587daa9233ec2f,6ad1984ab2f5869d796580739ddc3fde3e5a24608a21d4b99e04304fa8f4d850
blotch_(182).jpg,Dry Leaf00072.JPG,Dataset_01_jtttfbx342,Dataset_02_g46dvrcvwn,NEAR_DUPLICATE_PHASH,Hamming=10,10,Blotch,Dry_Leaf,84b56779ceb4954a73f4145de8faf48921e82d603fe2727b05086916edd90d15,0ae34b2cfac8174028b91944bc4881819bca0ab9e1f5a7d5f41b0389f407edac
blotch_(182).jpg,Dry Leaf00091.JPG,Dataset_01_jtttfbx342,Dataset_02_g46dvrcvwn,NEAR_DUPLICATE_PHASH,Hamming=10,10,Blotch,Dry_Leaf,84b56779ceb4954a73f4145de8faf48921e82d603fe2727b05086916edd90d15,a2152f2967b974d5700b5ba31c0ccfd831e9d23ec967e85defcc37d73c88f3bb
blotch_(184).jpg,Dry Leaf00049.JPG,Dataset_01_jtttfbx342,Dataset_02_g46dvrcvwn,NEAR_DUPLICATE_PHASH,Hamming=10,10,Blotch,Dry_Leaf,8e89ab08446b6c7d0169b78fdea31f77dd2aa07d23fe878e6d9ae63d6d1d2eff,319d981af9df48246c86314c43f6489c9b8020dccdf45288eeeeef33f9cce8ad
blotch_(184).jpg,Dry Leaf00120.JPG,Dataset_01_jtttfbx342,Dataset_02_g46dvrcvwn,NEAR_DUPLICATE_PHASH,Hamming=10,10,Blotch,Dry_Leaf,8e89ab08446b6c7d0169b78fdea31f77dd2aa07d23fe878e6d9ae63d6d1d2eff,5dd8964ef4339b05e768a6aa9f86f2c34f8c6242c0d580485d649a4206a7e0d6
blotch_(184).jpg,Healthy Leaf00158.JPG,Dataset_01_jtttfbx342,Dataset_02_g46dvrcvwn,NEAR_DUPLICATE_PHASH,Hamming=10,10,Blotch,Healthy_Leaf,8e89ab08446b6c7d0169b78fdea31f77dd2aa07d23fe878e6d9ae63d6d1d2eff,2e19995b74ead7dc4dd1d1fe9ef1b484a754387429155b6e19bf79c20267106f
blotch_(184).jpg,Leaf Blotch00080.JPG,Dataset_01_jtttfbx342,Dataset_02_g46dvrcvwn,NEAR_DUPLICATE_PHASH,Hamming=10,10,Blotch,Leaf_Blotch,8e89ab08446b6c7d0169b78fdea31f77dd2aa07d23fe878e6d9ae63d6d1d2eff,ea04f87e0e0ab634f03ca3070bba9fe5aec4d07c7681143140eb739f645a905a
blotch_(184).jpg,Rhizome Disease Root00002.JPG,Dataset_01_jtttfbx342,Dataset_02_g46dvrcvwn,NEAR_DUPLICATE_PHASH,Hamming=10,10,Blotch,Rhizome_Disease_Roots,8e89ab08446b6c7d0169b78fdea31f77dd2aa07d23fe878e6d9ae63d6d1d2eff,0fc300e0ea7ddc62f4946fc9fbf45cd36189ec88678900028d6364c3dc97c7e2
blotch_(185).jpg,Dry Leaf00049.JPG,Dataset_01_jtttfbx342,Dataset_02_g46dvrcvwn,NEAR_DUPLICATE_PHASH,Hamming=10,10,Blotch,Dry_Leaf,ba5817fbd863a5abda213ab29b8f90579158ac9cee064f9c6d60478ebaaa1c1b,319d981af9df48246c86314c43f6489c9b8020dccdf45288eeeeef33f9cce8ad
blotch_(187).jpg,Rhizome Disease Root00002.JPG,Dataset_01_jtttfbx342,Dataset_02_g46dvrcvwn,NEAR_DUPLICATE_PHASH,Hamming=10,10,Blotch,Rhizome_Disease_Roots,d35bcaa937ba009c48413a65499e025d75976d9040be1c9c557c4672a6262a5c,0fc300e0ea7ddc62f4946fc9fbf45cd36189ec88678900028d6364c3dc97c7e2
blotch_(188).jpg,Rhizome Disease Root00134.JPG,Dataset_01_jtttfbx342,Dataset_02_g46dvrcvwn,NEAR_DUPLICATE_PHASH,Hamming=10,10,Blotch,Rhizome_Disease_Roots,d8e26ae8b89fc9a5d77d511812d0ac7b1badc676b7e9f90d6f3475187c73d284,c44af06885f15d8c205e04d2d20c137185c55d0f7ef3535d7ffa5178c5a9a9ff
blotch_(189).jpg,Dry Leaf00049.JPG,Dataset_01_jtttfbx342,Dataset_02_g46dvrcvwn,NEAR_DUPLICATE_PHASH,Hamming=8,8,Blotch,Dry_Leaf,bac8b79b3dce42d26dcbaa13d04b1858ce1dc1525f071c5dc14d97664b8ee22c,319d981af9df48246c86314c43f6489c9b8020dccdf45288eeeeef33f9cce8ad
blotch_(19).jpg,Dry Leaf00049.JPG,Dataset_01_jtttfbx342,Dataset_02_g46dvrcvwn,NEAR_DUPLICATE_PHASH,Hamming=4,4,Blotch,Dry_Leaf,7dce9a7132ea4466fc38d706b3ab747b086c3a12ba9c0ba9b61dc4541086baf1,319d981af9df48246c86314c43f6489c9b8020dccdf45288eeeeef33f9cce8ad
blotch_(19).jpg,Rhizome Disease Root00011.JPG,Dataset_01_jtttfbx342,Dataset_02_g46dvrcvwn,NEAR_DUPLICATE_PHASH,Hamming=10,10,Blotch,Rhizome_Disease_Roots,7dce9a7132ea4466fc38d706b3ab747b086c3a12ba9c0ba9b61dc4541086baf1,9e5b456e10edce65aab601b2f8131f40d6819965e444da5f3f857d82317bfae2
blotch_(190).jpg,Dry Leaf00049.JPG,Dataset_01_jtttfbx342,Dataset_02_g46dvrcvwn,NEAR_DUPLICATE_PHASH,Hamming=10,10,Blotch,Dry_Leaf,248dd6863bb54ae1538b6f081428434ff7086c371ba272fee9a245668ad9c01e,319d981af9df48246c86314c43f6489c9b8020dccdf45288eeeeef33f9cce8ad
blotch_(191).jpg,Rhizome Disease Root00108.JPG,Dataset_01_jtttfbx342,Dataset_02_g46dvrcvwn,NEAR_DUPLICATE_PHASH,Hamming=9,9,Blotch,Rhizome_Disease_Roots,1ab711fdb7912ff2fe307a17ae7d46ef739433216afefb73e8e2329205886457,fa6b8eb8029c35c84b3dd6988ff45733a0cbc5ba5532d4c88d1db7643118aa4a
blotch_(192).jpg,Dry Leaf00049.JPG,Dataset_01_jtttfbx342,Dataset_02_g46dvrcvwn,NEAR_DUPLICATE_PHASH,Hamming=9,9,Blotch,Dry_Leaf,57a8436058aab0f6fc4e74c2f0e50374c3dc538170511e7a964d8923f1edb363,319d981af9df48246c86314c43f6489c9b8020dccdf45288eeeeef33f9cce8ad
blotch_(194).jpg,Dry Leaf00049.JPG,Dataset_01_jtttfbx342,Dataset_02_g46dvrcvwn,NEAR_DUPLICATE_PHASH,Hamming=8,8,Blotch,Dry_Leaf,f86720373cc3a12390a49e55f07dc9058bc8118a5e12ac509796a7c6f330c0a5,319d981af9df48246c86314c43f6489c9b8020dccdf45288eeeeef33f9cce8ad
blotch_(196).jpg,Rhizome Disease Root00176.JPG,Dataset_01_jtttfbx342,Dataset_02_g46dvrcvwn,NEAR_DUPLICATE_PHASH,Hamming=10,10,Blotch,Rhizome_Disease_Roots,adf93677617687a1dedcb60f4ee1cf53e586f1f6018114acfdbca631d03540d3,4f668ea4799377a46be43218163c55f7774abdc0b33fc941041410a16945444d
blotch_(199).jpg,Rhizome Disease Root00114.JPG,Dataset_01_jtttfbx342,Dataset_02_g46dvrcvwn,NEAR_DUPLICATE_PHASH,Hamming=10,10,Blotch,Rhizome_Disease_Roots,fc68eebd5daee531a339d28be5370d382d636c00f945f965d5b07f132a726022,3a652734257559efc017044a527d4be6683a935a05e18c03b9115f80560df8be
blotch_(2).jpg,Dry Leaf00122.JPG,Dataset_01_jtttfbx342,Dataset_02_g46dvrcvwn,NEAR_DUPLICATE_PHASH,Hamming=9,9,Blotch,Dry_Leaf,9b90e483d457e8637e4de33c70c63293b1cb2cfd21167bdfd3930beb55a98be9,f4c98e627b86f34d545dfa70f914b5a3482f9dac29e37e4277a46b7a042753b4
blotch_(201).jpg,Dry Leaf00082.JPG,Dataset_01_jtttfbx342,Dataset_02_g46dvrcvwn,NEAR_DUPLICATE_PHASH,Hamming=10,10,Blotch,Dry_Leaf,7eb5e47d9eedcf8e401015e70223600fb663bf9071143366ee043e684bf5a21e,0fef36b29f2c7149a46f1781d1a4edbd110d22d5b39a80b27eba7248551a7943
blotch_(201).jpg,Dry Leaf00122.JPG,Dataset_01_jtttfbx342,Dataset_02_g46dvrcvwn,NEAR_DUPLICATE_PHASH,Hamming=10,10,Blotch,Dry_Leaf,7eb5e47d9eedcf8e401015e70223600fb663bf9071143366ee043e684bf5a21e,f4c98e627b86f34d545dfa70f914b5a3482f9dac29e37e4277a46b7a042753b4
blotch_(201).jpg,Leaf Blotch00004.JPG,Dataset_01_jtttfbx342,Dataset_02_g46dvrcvwn,NEAR_DUPLICATE_PHASH,Hamming=10,10,Blotch,Leaf_Blotch,7eb5e47d9eedcf8e401015e70223600fb663bf9071143366ee043e684bf5a21e,a96b36433507af73e39df1d2ad9989e773b79c0d27ae1ebfbf5ecc18de823a07
blotch_(201).jpg,Leaf Blotch00005.JPG,Dataset_01_jtttfbx342,Dataset_02_g46dvrcvwn,NEAR_DUPLICATE_PHASH,Hamming=9,9,Blotch,Leaf_Blotch,7eb5e47d9eedcf8e401015e70223600fb663bf9071143366ee043e684bf5a21e,b5226d7c1649a14108ea4d4cb07f7891e66ce892f3f25536e7c1e20665c8d718
blotch_(201).jpg,Rhizome Disease Root00114.JPG,Dataset_01_jtttfbx342,Dataset_02_g46dvrcvwn,NEAR_DUPLICATE_PHASH,Hamming=9,9,Blotch,Rhizome_Disease_Roots,7eb5e47d9eedcf8e401015e70223600fb663bf9071143366ee043e684bf5a21e,3a652734257559efc017044a527d4be6683a935a05e18c03b9115f80560df8be
blotch_(201).jpg,Rhizome Healthy Root00102.JPG,Dataset_01_jtttfbx342,Dataset_02_g46dvrcvwn,NEAR_DUPLICATE_PHASH,Hamming=10,10,Blotch,Rhizome_Healthy_Roots,7eb5e47d9eedcf8e401015e70223600fb663bf9071143366ee043e684bf5a21e,42ed63fbc1a84d627ef27ec356342cf7d62182b1cfb585f9cbc082ed88702993
blotch_(201).jpg,Rhizome Healthy Root00103.JPG,Dataset_01_jtttfbx342,Dataset_02_g46dvrcvwn,NEAR_DUPLICATE_PHASH,Hamming=10,10,Blotch,Rhizome_Healthy_Roots,7eb5e47d9eedcf8e401015e70223600fb663bf9071143366ee043e684bf5a21e,1a182a290d5ec92d08bc0bb7826ce7992966ad9ac025b6731f8d48f1b0071cec
blotch_(201).jpg,Rhizome Healthy Root00104.JPG,Dataset_01_jtttfbx342,Dataset_02_g46dvrcvwn,NEAR_DUPLICATE_PHASH,Hamming=9,9,Blotch,Rhizome_Healthy_Roots,7eb5e47d9eedcf8e401015e70223600fb663bf9071143366ee043e684bf5a21e,c6e84c358fef466d5d651d6badc72f487938a8971667c64a8b9cd6ba4e2a15f6
blotch_(201).jpg,Rhizome Healthy Root00106.JPG,Dataset_01_jtttfbx342,Dataset_02_g46dvrcvwn,NEAR_DUPLICATE_PHASH,Hamming=10,10,Blotch,Rhizome_Healthy_Roots,7eb5e47d9eedcf8e401015e70223600fb663bf9071143366ee043e684bf5a21e,792099df3f2fb91a62d25fc739635a820e6c5be3fb678f74f5b5b0d40f2c3209
blotch_(201).jpg,Rhizome Healthy Root00302.JPG,Dataset_01_jtttfbx342,Dataset_02_g46dvrcvwn,NEAR_DUPLICATE_PHASH,Hamming=10,10,Blotch,Rhizome_Healthy_Roots,7eb5e47d9eedcf8e401015e70223600fb663bf9071143366ee043e684bf5a21e,1b056c0bec593d0fb2c3b1ab4b9d24f80ed054d4ea4c181663cd9794f0288604
blotch_(200).jpg,Dry Leaf00021.JPG,Dataset_01_jtttfbx342,Dataset_02_g46dvrcvwn,NEAR_DUPLICATE_PHASH,Hamming=10,10,Blotch,Dry_Leaf,61dbce0f9a8b4c6b62c4dabede2bda89416a5729c4fbc435c21a12f44e9715a2,80b07af320ce31e8a146fc8c36d40920359a994dbb7ce32c5c787d0e269bb363
blotch_(200).jpg,Dry Leaf00082.JPG,Dataset_01_jtttfbx342,Dataset_02_g46dvrcvwn,NEAR_DUPLICATE_PHASH,Hamming=10,10,Blotch,Dry_Leaf,61dbce0f9a8b4c6b62c4dabede2bda89416a5729c4fbc435c21a12f44e9715a2,0fef36b29f2c7149a46f1781d1a4edbd110d22d5b39a80b27eba7248551a7943
blotch_(200).jpg,Dry Leaf00143.JPG,Dataset_01_jtttfbx342,Dataset_02_g46dvrcvwn,NEAR_DUPLICATE_PHASH,Hamming=8,8,Blotch,Dry_Leaf,61dbce0f9a8b4c6b62c4dabede2bda89416a5729c4fbc435c21a12f44e9715a2,264aaf55af985e2d563adbfe4338e6d7666deb78327e547e536cc5a3f2933d56
blotch_(200).jpg,Healthy Leaf00059.JPG,Dataset_01_jtttfbx342,Dataset_02_g46dvrcvwn,NEAR_DUPLICATE_PHASH,Hamming=10,10,Blotch,Healthy_Leaf,61dbce0f9a8b4c6b62c4dabede2bda89416a5729c4fbc435c21a12f44e9715a2,5fa621aa9bb168ac38025728080ec64671c25350d439ba44e181a89b59a77a89
blotch_(200).jpg,Leaf Blotch00004.JPG,Dataset_01_jtttfbx342,Dataset_02_g46dvrcvwn,NEAR_DUPLICATE_PHASH,Hamming=8,8,Blotch,Leaf_Blotch,61dbce0f9a8b4c6b62c4dabede2bda89416a5729c4fbc435c21a12f44e9715a2,a96b36433507af73e39df1d2ad9989e773b79c0d27ae1ebfbf5ecc18de823a07
blotch_(200).jpg,Leaf Blotch00005.JPG,Dataset_01_jtttfbx342,Dataset_02_g46dvrcvwn,NEAR_DUPLICATE_PHASH,Hamming=9,9,Blotch,Leaf_Blotch,61dbce0f9a8b4c6b62c4dabede2bda89416a5729c4fbc435c21a12f44e9715a2,b5226d7c1649a14108ea4d4cb07f7891e66ce892f3f25536e7c1e20665c8d718
blotch_(200).jpg,Leaf Blotch00035.JPG,Dataset_01_jtttfbx342,Dataset_02_g46dvrcvwn,NEAR_DUPLICATE_PHASH,Hamming=10,10,Blotch,Leaf_Blotch,61dbce0f9a8b4c6b62c4dabede2bda89416a5729c4fbc435c21a12f44e9715a2,4ade127b37d487158e1cad776ff69a1ca5bc17f147d1478d15fd11e0eb94b864
blotch_(200).jpg,Rhizome Disease Root00114.JPG,Dataset_01_jtttfbx342,Dataset_02_g46dvrcvwn,NEAR_DUPLICATE_PHASH,Hamming=9,9,Blotch,Rhizome_Disease_Roots,61dbce0f9a8b4c6b62c4dabede2bda89416a5729c4fbc435c21a12f44e9715a2,3a652734257559efc017044a527d4be6683a935a05e18c03b9115f80560df8be
blotch_(200).jpg,Rhizome Healthy Root00106.JPG,Dataset_01_jtttfbx342,Dataset_02_g46dvrcvwn,NEAR_DUPLICATE_PHASH,Hamming=10,10,Blotch,Rhizome_Healthy_Roots,61dbce0f9a8b4c6b62c4dabede2bda89416a5729c4fbc435c21a12f44e9715a2,792099df3f2fb91a62d25fc739635a820e6c5be3fb678f74f5b5b0d40f2c3209
blotch_(200).jpg,Rhizome Healthy Root00231.JPG,Dataset_01_jtttfbx342,Dataset_02_g46dvrcvwn,NEAR_DUPLICATE_PHASH,Hamming=9,9,Blotch,Rhizome_Healthy_Roots,61dbce0f9a8b4c6b62c4dabede2bda89416a5729c4fbc435c21a12f44e9715a2,173ddd1534a3df82138aa24559c71b43a224602176f4c5d40d6408993c002413
blotch_(200).jpg,Rhizome Healthy Root00232.JPG,Dataset_01_jtttfbx342,Dataset_02_g46dvrcvwn,NEAR_DUPLICATE_PHASH,Hamming=7,7,Blotch,Rhizome_Healthy_Roots,61dbce0f9a8b4c6b62c4dabede2bda89416a5729c4fbc435c21a12f44e9715a2,bc937e060206b7ac479f3eee51788f6e75bc98567118a529ef1b20784b1f366c
blotch_(204).jpg,Dry Leaf00049.JPG,Dataset_01_jtttfbx342,Dataset_02_g46dvrcvwn,NEAR_DUPLICATE_PHASH,Hamming=6,6,Blotch,Dry_Leaf,8683da382292e51b043591c1310641f4edc564f92c98dcb1e32e00ae3272b2ca,319d981af9df48246c86314c43f6489c9b8020dccdf45288eeeeef33f9cce8ad
blotch_(203).jpg,Dry Leaf00057.JPG,Dataset_01_jtttfbx342,Dataset_02_g46dvrcvwn,NEAR_DUPLICATE_PHASH,Hamming=9,9,Blotch,Dry_Leaf,ae1a7e428079f157148eafb89be70d336c6d0bae18c945d479b5200311a2faf9,1a96ae340a0386de264bdf993872ac51b6d49cfebea805499e45200eaccba587
blotch_(203).jpg,Dry Leaf00143.JPG,Dataset_01_jtttfbx342,Dataset_02_g46dvrcvwn,NEAR_DUPLICATE_PHASH,Hamming=10,10,Blotch,Dry_Leaf,ae1a7e428079f157148eafb89be70d336c6d0bae18c945d479b5200311a2faf9,264aaf55af985e2d563adbfe4338e6d7666deb78327e547e536cc5a3f2933d56
blotch_(203).jpg,Dry Leaf00154.JPG,Dataset_01_jtttfbx342,Dataset_02_g46dvrcvwn,NEAR_DUPLICATE_PHASH,Hamming=10,10,Blotch,Dry_Leaf,ae1a7e428079f157148eafb89be70d336c6d0bae18c945d479b5200311a2faf9,d1d30742ac15213491082fc141f61fed6bb2e0c3c549885ee75ac715a385e9c8
blotch_(203).jpg,Dry Leaf00176.JPG,Dataset_01_jtttfbx342,Dataset_02_g46dvrcvwn,NEAR_DUPLICATE_PHASH,Hamming=9,9,Blotch,Dry_Leaf,ae1a7e428079f157148eafb89be70d336c6d0bae18c945d479b5200311a2faf9,e2798921e1d022ec827d83afeaa8b32bf3a19d63efd6b1748ab33eb8fb11054b
blotch_(203).jpg,Dry Leaf00177.JPG,Dataset_01_jtttfbx342,Dataset_02_g46dvrcvwn,NEAR_DUPLICATE_PHASH,Hamming=9,9,Blotch,Dry_Leaf,ae1a7e428079f157148eafb89be70d336c6d0bae18c945d479b5200311a2faf9,4ed045f4c2ba0d71793baa225ce8ad12ef80e540a0890f9be0ca911fcce3ba47
blotch_(207).jpg,Dry Leaf00049.JPG,Dataset_01_jtttfbx342,Dataset_02_g46dvrcvwn,NEAR_DUPLICATE_PHASH,Hamming=5,5,Blotch,Dry_Leaf,4b0079fbc2134c8466cb5773cab87813e42c1d117182acb9e3e1f194ac42c079,319d981af9df48246c86314c43f6489c9b8020dccdf45288eeeeef33f9cce8ad
blotch_(21).jpg,Healthy Leaf00162.JPG,Dataset_01_jtttfbx342,Dataset_02_g46dvrcvwn,NEAR_DUPLICATE_PHASH,Hamming=9,9,Blotch,Healthy_Leaf,0a062440a99ce9eda0e57559fe0086b95f288bb5db869a6bdd8f18aa9c5fee9c,4b875ee7ad3691fff90f27075d39eeca3d34e789bcf1dbd50160acd6a2c37ebe
blotch_(21).jpg,Leaf Blotch00073.JPG,Dataset_01_jtttfbx342,Dataset_02_g46dvrcvwn,NEAR_DUPLICATE_PHASH,Hamming=10,10,Blotch,Leaf_Blotch,0a062440a99ce9eda0e57559fe0086b95f288bb5db869a6bdd8f18aa9c5fee9c,476cc04119db6a916a27e3375ba30654d95ccf9abd1631fd1bccd7ac48c14d1b
blotch_(212).jpg,Dry Leaf00049.JPG,Dataset_01_jtttfbx342,Dataset_02_g46dvrcvwn,NEAR_DUPLICATE_PHASH,Hamming=5,5,Blotch,Dry_Leaf,bdec7f02bf03e999637f6904a6ace739b7251faebc5beedc721d9c0471d995f7,319d981af9df48246c86314c43f6489c9b8020dccdf45288eeeeef33f9cce8ad
blotch_(213).jpg,Dry Leaf00062.JPG,Dataset_01_jtttfbx342,Dataset_02_g46dvrcvwn,NEAR_DUPLICATE_PHASH,Hamming=10,10,Blotch,Dry_Leaf,f726852304fe4d5dd4e5ffbb06de410cf29942748f6d22e91bdd4801114ecfa1,052e974a96c438f0786614db5fdafa54c9618cca910fefa47fba31bde5b435bb
blotch_(216).jpg,Leaf Blotch00015.JPG,Dataset_01_jtttfbx342,Dataset_02_g46dvrcvwn,NEAR_DUPLICATE_PHASH,Hamming=10,10,Blotch,Leaf_Blotch,ecedb270df2b34fff42f9c0eab933dfe660dd2b158fabf0731281246139bfe1b,4535af09eab55207483d728a2ab8c24ef31f1416940c682d071c8fbbbb57f450
blotch_(216).jpg,Rhizome Disease Root00108.JPG,Dataset_01_jtttfbx342,Dataset_02_g46dvrcvwn,NEAR_DUPLICATE_PHASH,Hamming=10,10,Blotch,Rhizome_Disease_Roots,ecedb270df2b34fff42f9c0eab933dfe660dd2b158fabf0731281246139bfe1b,fa6b8eb8029c35c84b3dd6988ff45733a0cbc5ba5532d4c88d1db7643118aa4a
blotch_(216).jpg,Rhizome Disease Root00114.JPG,Dataset_01_jtttfbx342,Dataset_02_g46dvrcvwn,NEAR_DUPLICATE_PHASH,Hamming=10,10,Blotch,Rhizome_Disease_Roots,ecedb270df2b34fff42f9c0eab933dfe660dd2b158fabf0731281246139bfe1b,3a652734257559efc017044a527d4be6683a935a05e18c03b9115f80560df8be
blotch_(216).jpg,Rhizome Disease Root00119.JPG,Dataset_01_jtttfbx342,Dataset_02_g46dvrcvwn,NEAR_DUPLICATE_PHASH,Hamming=10,10,Blotch,Rhizome_Disease_Roots,ecedb270df2b34fff42f9c0eab933dfe660dd2b158fabf0731281246139bfe1b,3860ca121dc7be8a9b92246d9524d17e1638a64bf917d306d2677a941a170454
blotch_(216).jpg,Rhizome Disease Root00135.JPG,Dataset_01_jtttfbx342,Dataset_02_g46dvrcvwn,NEAR_DUPLICATE_PHASH,Hamming=10,10,Blotch,Rhizome_Disease_Roots,ecedb270df2b34fff42f9c0eab933dfe660dd2b158fabf0731281246139bfe1b,8e91e44e52bc868ee19f622f2ce3184f57305d6db34af7bc650a337cb30b0fde
blotch_(216).jpg,Rhizome Disease Root00175.JPG,Dataset_01_jtttfbx342,Dataset_02_g46dvrcvwn,NEAR_DUPLICATE_PHASH,Hamming=10,10,Blotch,Rhizome_Disease_Roots,ecedb270df2b34fff42f9c0eab933dfe660dd2b158fabf0731281246139bfe1b,ede22e7db78064e71d12147989c2a1609ca5b6b25e4831b818e698feeb76daae
blotch_(216).jpg,Rhizome Healthy Root00104.JPG,Dataset_01_jtttfbx342,Dataset_02_g46dvrcvwn,NEAR_DUPLICATE_PHASH,Hamming=10,10,Blotch,Rhizome_Healthy_Roots,ecedb270df2b34fff42f9c0eab933dfe660dd2b158fabf0731281246139bfe1b,c6e84c358fef466d5d651d6badc72f487938a8971667c64a8b9cd6ba4e2a15f6
blotch_(217).jpg,Dry Leaf00049.JPG,Dataset_01_jtttfbx342,Dataset_02_g46dvrcvwn,NEAR_DUPLICATE_PHASH,Hamming=10,10,Blotch,Dry_Leaf,6239776b565ac26ebe6a1b1d55d1b45d08b7d279c40915ceab9f1c469771529e,319d981af9df48246c86314c43f6489c9b8020dccdf45288eeeeef33f9cce8ad
blotch_(219).jpg,Dry Leaf00049.JPG,Dataset_01_jtttfbx342,Dataset_02_g46dvrcvwn,NEAR_DUPLICATE_PHASH,Hamming=6,6,Blotch,Dry_Leaf,d4e9277158b8a8a01aeb797b92720e247632567bda7bf50c64fc6c177b3dd7c1,319d981af9df48246c86314c43f6489c9b8020dccdf45288eeeeef33f9cce8ad
blotch_(22).jpg,Dry Leaf00049.JPG,Dataset_01_jtttfbx342,Dataset_02_g46dvrcvwn,NEAR_DUPLICATE_PHASH,Hamming=8,8,Blotch,Dry_Leaf,1f0ed7305fdf25c57cd6842ae727e2964cdd96c76deb78cd09fad124a30df408,319d981af9df48246c86314c43f6489c9b8020dccdf45288eeeeef33f9cce8ad
blotch_(221).jpg,Dry Leaf00031.JPG,Dataset_01_jtttfbx342,Dataset_02_g46dvrcvwn,NEAR_DUPLICATE_PHASH,Hamming=10,10,Blotch,Dry_Leaf,2edaa85f2e262d6c6b98e88616fe7b90e2391bb3357f782a99d00c3974271f65,7788904eb1c7fc7e6c0dbfd5a4fc9e4589878a01fbbc51cae794175671e7ffbf
blotch_(221).jpg,Dry Leaf00166.JPG,Dataset_01_jtttfbx342,Dataset_02_g46dvrcvwn,NEAR_DUPLICATE_PHASH,Hamming=9,9,Blotch,Dry_Leaf,2edaa85f2e262d6c6b98e88616fe7b90e2391bb3357f782a99d00c3974271f65,341e4a4b2a7b5c4078cf6a0572b646c20b9ff7c3f84cebb8f4ac7c43a462eff0
blotch_(221).jpg,Healthy Leaf00039.JPG,Dataset_01_jtttfbx342,Dataset_02_g46dvrcvwn,NEAR_DUPLICATE_PHASH,Hamming=10,10,Blotch,Healthy_Leaf,2edaa85f2e262d6c6b98e88616fe7b90e2391bb3357f782a99d00c3974271f65,5336ae79941012bdb2edcb72423d302ec792e1a7b880bbfc205013d849ec76c2
blotch_(221).jpg,Healthy Leaf00164.JPG,Dataset_01_jtttfbx342,Dataset_02_g46dvrcvwn,NEAR_DUPLICATE_PHASH,Hamming=10,10,Blotch,Healthy_Leaf,2edaa85f2e262d6c6b98e88616fe7b90e2391bb3357f782a99d00c3974271f65,80e5259ebdac364756e3ec866827d799e44515c51fc952cff6513cb141068eeb
blotch_(221).jpg,Healthy Leaf00167.JPG,Dataset_01_jtttfbx342,Dataset_02_g46dvrcvwn,NEAR_DUPLICATE_PHASH,Hamming=10,10,Blotch,Healthy_Leaf,2edaa85f2e262d6c6b98e88616fe7b90e2391bb3357f782a99d00c3974271f65,7af150c7b86c01bff48aef75ca222264bb625316d03cd001e3422baa46dbb346
blotch_(222).jpg,Leaf Blotch00001.JPG,Dataset_01_jtttfbx342,Dataset_02_g46dvrcvwn,NEAR_DUPLICATE_PHASH,Hamming=10,10,Blotch,Leaf_Blotch,6ca364653d24c134543583b7a32b2eef55028f4808f2a4996efe2a96b1e0ed7e,f461942049356cd766f3c3d99a694b69dc0861a87e650f004c6e580385152328
blotch_(222).jpg,Leaf Blotch00006.JPG,Dataset_01_jtttfbx342,Dataset_02_g46dvrcvwn,NEAR_DUPLICATE_PHASH,Hamming=10,10,Blotch,Leaf_Blotch,6ca364653d24c134543583b7a32b2eef55028f4808f2a4996efe2a96b1e0ed7e,b0975277450bc6f9f338542e47055ab8a8947999d4a87cd8e2097f23af27f392
blotch_(222).jpg,Rhizome Disease Root00011.JPG,Dataset_01_jtttfbx342,Dataset_02_g46dvrcvwn,NEAR_DUPLICATE_PHASH,Hamming=9,9,Blotch,Rhizome_Disease_Roots,6ca364653d24c134543583b7a32b2eef55028f4808f2a4996efe2a96b1e0ed7e,9e5b456e10edce65aab601b2f8131f40d6819965e444da5f3f857d82317bfae2
blotch_(226).jpg,Dry Leaf00082.JPG,Dataset_01_jtttfbx342,Dataset_02_g46dvrcvwn,NEAR_DUPLICATE_PHASH,Hamming=10,10,Blotch,Dry_Leaf,60002cb2e3316d116b291a7e0ef7eae397be9cb4892b9768b86c68e624bb3750,0fef36b29f2c7149a46f1781d1a4edbd110d22d5b39a80b27eba7248551a7943
blotch_(226).jpg,Dry Leaf00143.JPG,Dataset_01_jtttfbx342,Dataset_02_g46dvrcvwn,NEAR_DUPLICATE_PHASH,Hamming=8,8,Blotch,Dry_Leaf,60002cb2e3316d116b291a7e0ef7eae397be9cb4892b9768b86c68e624bb3750,264aaf55af985e2d563adbfe4338e6d7666deb78327e547e536cc5a3f2933d56
blotch_(229).jpg,Dry Leaf00049.JPG,Dataset_01_jtttfbx342,Dataset_02_g46dvrcvwn,NEAR_DUPLICATE_PHASH,Hamming=10,10,Blotch,Dry_Leaf,597c641a75868b71371716a7e79a786f668003e0b09c142d6364482e309edac2,319d981af9df48246c86314c43f6489c9b8020dccdf45288eeeeef33f9cce8ad
blotch_(231).jpg,Dry Leaf00079.JPG,Dataset_01_jtttfbx342,Dataset_02_g46dvrcvwn,NEAR_DUPLICATE_PHASH,Hamming=7,7,Blotch,Dry_Leaf,8fee1bd21aa2125ad4deda68123b87089150c5588681980772d4a02814587221,1f6e087d7212035df77783d7de4752f7700ec05b7df4e4a76f3f7282d7157451
blotch_(231).jpg,Dry Leaf00100.JPG,Dataset_01_jtttfbx342,Dataset_02_g46dvrcvwn,NEAR_DUPLICATE_PHASH,Hamming=6,6,Blotch,Dry_Leaf,8fee1bd21aa2125ad4deda68123b87089150c5588681980772d4a02814587221,b59ac801dc168808d912a67b0bef41184f32dbaf6a28275e3499663538cb2fb2
blotch_(231).jpg,Dry Leaf00132.JPG,Dataset_01_jtttfbx342,Dataset_02_g46dvrcvwn,NEAR_DUPLICATE_PHASH,Hamming=9,9,Blotch,Dry_Leaf,8fee1bd21aa2125ad4deda68123b87089150c5588681980772d4a02814587221,6ad1984ab2f5869d796580739ddc3fde3e5a24608a21d4b99e04304fa8f4d850
blotch_(231).jpg,Dry Leaf00166.JPG,Dataset_01_jtttfbx342,Dataset_02_g46dvrcvwn,NEAR_DUPLICATE_PHASH,Hamming=8,8,Blotch,Dry_Leaf,8fee1bd21aa2125ad4deda68123b87089150c5588681980772d4a02814587221,341e4a4b2a7b5c4078cf6a0572b646c20b9ff7c3f84cebb8f4ac7c43a462eff0
blotch_(231).jpg,Leaf Blotch00005.JPG,Dataset_01_jtttfbx342,Dataset_02_g46dvrcvwn,NEAR_DUPLICATE_PHASH,Hamming=9,9,Blotch,Leaf_Blotch,8fee1bd21aa2125ad4deda68123b87089150c5588681980772d4a02814587221,b5226d7c1649a14108ea4d4cb07f7891e66ce892f3f25536e7c1e20665c8d718
blotch_(231).jpg,Leaf Blotch00008.JPG,Dataset_01_jtttfbx342,Dataset_02_g46dvrcvwn,NEAR_DUPLICATE_PHASH,Hamming=10,10,Blotch,Leaf_Blotch,8fee1bd21aa2125ad4deda68123b87089150c5588681980772d4a02814587221,c8bc1c36431f8bba388e437313476fdb6e489866cef23a0f4993352654de43ea
blotch_(232).jpg,Dry Leaf00100.JPG,Dataset_01_jtttfbx342,Dataset_02_g46dvrcvwn,NEAR_DUPLICATE_PHASH,Hamming=8,8,Blotch,Dry_Leaf,08c77d35cf636f04118187b777584fc95af9b503b0301027e238d58f2b67f6c4,b59ac801dc168808d912a67b0bef41184f32dbaf6a28275e3499663538cb2fb2
blotch_(235).jpg,Dry Leaf00020.JPG,Dataset_01_jtttfbx342,Dataset_02_g46dvrcvwn,NEAR_DUPLICATE_PHASH,Hamming=8,8,Blotch,Dry_Leaf,17a041c24c463899f6384b906326899cb51f7a0945bbc96276ec6da564264141,5d3e1f8c3a0b4978ce154a814d2fbecf2f2fff851b634549f89b00763e94546e
blotch_(235).jpg,Dry Leaf00021.JPG,Dataset_01_jtttfbx342,Dataset_02_g46dvrcvwn,NEAR_DUPLICATE_PHASH,Hamming=9,9,Blotch,Dry_Leaf,17a041c24c463899f6384b906326899cb51f7a0945bbc96276ec6da564264141,80b07af320ce31e8a146fc8c36d40920359a994dbb7ce32c5c787d0e269bb363
blotch_(235).jpg,Dry Leaf00023.JPG,Dataset_01_jtttfbx342,Dataset_02_g46dvrcvwn,NEAR_DUPLICATE_PHASH,Hamming=9,9,Blotch,Dry_Leaf,17a041c24c463899f6384b906326899cb51f7a0945bbc96276ec6da564264141,c5c842e23075cf1d7f635e7b91eeb0d4581960cf85b77eb65e0e23551d42e8e4
blotch_(235).jpg,Healthy Leaf00012.JPG,Dataset_01_jtttfbx342,Dataset_02_g46dvrcvwn,NEAR_DUPLICATE_PHASH,Hamming=9,9,Blotch,Healthy_Leaf,17a041c24c463899f6384b906326899cb51f7a0945bbc96276ec6da564264141,93ebe01589bca6176d08bb1f425751b11fe06ead8669dc5f829d2edfcfd19892
blotch_(235).jpg,Healthy Leaf00068.JPG,Dataset_01_jtttfbx342,Dataset_02_g46dvrcvwn,NEAR_DUPLICATE_PHASH,Hamming=10,10,Blotch,Healthy_Leaf,17a041c24c463899f6384b906326899cb51f7a0945bbc96276ec6da564264141,c2595b902b026d240f64cbfdeb8314dfe89a6e853cd7eeee1d429001147a24c4
blotch_(235).jpg,Leaf Blotch00015.JPG,Dataset_01_jtttfbx342,Dataset_02_g46dvrcvwn,NEAR_DUPLICATE_PHASH,Hamming=10,10,Blotch,Leaf_Blotch,17a041c24c463899f6384b906326899cb51f7a0945bbc96276ec6da564264141,4535af09eab55207483d728a2ab8c24ef31f1416940c682d071c8fbbbb57f450
blotch_(235).jpg,Leaf Blotch00020.JPG,Dataset_01_jtttfbx342,Dataset_02_g46dvrcvwn,NEAR_DUPLICATE_PHASH,Hamming=7,7,Blotch,Leaf_Blotch,17a041c24c463899f6384b906326899cb51f7a0945bbc96276ec6da564264141,4deaf3b322ba031a9441f7bc0e825a0221674121afac282d056d220c9b5c10b8
blotch_(235).jpg,Rhizome Disease Root00174.JPG,Dataset_01_jtttfbx342,Dataset_02_g46dvrcvwn,NEAR_DUPLICATE_PHASH,Hamming=10,10,Blotch,Rhizome_Disease_Roots,17a041c24c463899f6384b906326899cb51f7a0945bbc96276ec6da564264141,ecfb7eb332f9325f118c4febd130514cf65ed231d12141528bdc38f53c4e84e0
blotch_(235).jpg,Rhizome Disease Root00176.JPG,Dataset_01_jtttfbx342,Dataset_02_g46dvrcvwn,NEAR_DUPLICATE_PHASH,Hamming=8,8,Blotch,Rhizome_Disease_Roots,17a041c24c463899f6384b906326899cb51f7a0945bbc96276ec6da564264141,4f668ea4799377a46be43218163c55f7774abdc0b33fc941041410a16945444d
blotch_(237).jpg,Dry Leaf00041.JPG,Dataset_01_jtttfbx342,Dataset_02_g46dvrcvwn,NEAR_DUPLICATE_PHASH,Hamming=10,10,Blotch,Dry_Leaf,96dc635b4fe86711f67172b9d2fee94196a3723af175389b37c82a61de6d90ec,c7271ce442c0a9d589614d7da286a68bbfb39243fea32e7ba225370dd952edc7
blotch_(237).jpg,Rhizome Disease Root00132.JPG,Dataset_01_jtttfbx342,Dataset_02_g46dvrcvwn,NEAR_DUPLICATE_PHASH,Hamming=10,10,Blotch,Rhizome_Disease_Roots,96dc635b4fe86711f67172b9d2fee94196a3723af175389b37c82a61de6d90ec,535d14cf9e634ac77ae08271fd8ae60c12d9de8af1acf19a4a36b766d009a08b
blotch_(238).jpg,Rhizome Disease Root00108.JPG,Dataset_01_jtttfbx342,Dataset_02_g46dvrcvwn,NEAR_DUPLICATE_PHASH,Hamming=9,9,Blotch,Rhizome_Disease_Roots,cece1d1aa30b8133fd8b1bbdf4a7219cb1f111460a7fa5ec02a0ca83dfd32133,fa6b8eb8029c35c84b3dd6988ff45733a0cbc5ba5532d4c88d1db7643118aa4a
blotch_(24).jpg,Dry Leaf00049.JPG,Dataset_01_jtttfbx342,Dataset_02_g46dvrcvwn,NEAR_DUPLICATE_PHASH,Hamming=6,6,Blotch,Dry_Leaf,cbcbf405d7b7dac437c06a8d7fb5205d9b2391f735364d988bee67ae4687af3d,319d981af9df48246c86314c43f6489c9b8020dccdf45288eeeeef33f9cce8ad
blotch_(27).jpg,Dry Leaf00179.JPG,Dataset_01_jtttfbx342,Dataset_02_g46dvrcvwn,NEAR_DUPLICATE_PHASH,Hamming=10,10,Blotch,Dry_Leaf,c5d26e8a8b3b09c2fedb08b86acb2518ec0406f69d8fad03e86cbf69df347590,200dca98c8c3f3b9d0a8e0c4afbe44b6adeaa8bdbf03385c2c9485f8b0999b0e
blotch_(29).jpg,Dry Leaf00049.JPG,Dataset_01_jtttfbx342,Dataset_02_g46dvrcvwn,NEAR_DUPLICATE_PHASH,Hamming=5,5,Blotch,Dry_Leaf,fa28e1f6dbce29b983f1f0b55d9e09240b4b1650b70972c781b5705fd592d2c1,319d981af9df48246c86314c43f6489c9b8020dccdf45288eeeeef33f9cce8ad
blotch_(32).jpg,Dry Leaf00049.JPG,Dataset_01_jtttfbx342,Dataset_02_g46dvrcvwn,NEAR_DUPLICATE_PHASH,Hamming=7,7,Blotch,Dry_Leaf,74582e1e7d837456bf7ce3cc75ade5c392d7c0d35c938ff0a79b0c8b05a6d0cc,319d981af9df48246c86314c43f6489c9b8020dccdf45288eeeeef33f9cce8ad
blotch_(34).jpg,Dry Leaf00049.JPG,Dataset_01_jtttfbx342,Dataset_02_g46dvrcvwn,NEAR_DUPLICATE_PHASH,Hamming=7,7,Blotch,Dry_Leaf,087477ec869701fa2b093bb2337ed5d1ce889862ce7ed5353ad90211534a0da9,319d981af9df48246c86314c43f6489c9b8020dccdf45288eeeeef33f9cce8ad
blotch_(35).jpg,Dry Leaf00138.JPG,Dataset_01_jtttfbx342,Dataset_02_g46dvrcvwn,NEAR_DUPLICATE_PHASH,Hamming=10,10,Blotch,Dry_Leaf,fcbfb5e81d1a8f019ea3dd0750715f4b512710ea070b1967ca48e452ba00fc09,48a137a521fcf8c5bf0f80670022143942508551f0f3047e9f590ff294fc2316
blotch_(36).jpg,Rhizome Healthy Root00197.JPG,Dataset_01_jtttfbx342,Dataset_02_g46dvrcvwn,NEAR_DUPLICATE_PHASH,Hamming=10,10,Blotch,Rhizome_Healthy_Roots,d8d846fd504bf19ad11cdfc8f6b214370195887e2cc1e0db312228213aedbde0,a80da83064e1b58fe8d6e41c454b32d0a111e01d0d2fbe1b50a6d5303b8cf8cb
blotch_(37).jpg,Dry Leaf00183.JPG,Dataset_01_jtttfbx342,Dataset_02_g46dvrcvwn,NEAR_DUPLICATE_PHASH,Hamming=9,9,Blotch,Dry_Leaf,f677c89f73a26b288adc84134dbbca59324834d9c981bcd630b142aaa54ba3fb,6c977e13b65a6bd5c7bedbf38061458669ae4c4c1095f287f17fa0c76c892336
blotch_(39).jpg,Dry Leaf00049.JPG,Dataset_01_jtttfbx342,Dataset_02_g46dvrcvwn,NEAR_DUPLICATE_PHASH,Hamming=7,7,Blotch,Dry_Leaf,827dae6387d35cf55f3008f41dfc534d18468f59264f7d99dc86346cc6a5df68,319d981af9df48246c86314c43f6489c9b8020dccdf45288eeeeef33f9cce8ad
blotch_(39).jpg,Leaf Blotch00001.JPG,Dataset_01_jtttfbx342,Dataset_02_g46dvrcvwn,NEAR_DUPLICATE_PHASH,Hamming=10,10,Blotch,Leaf_Blotch,827dae6387d35cf55f3008f41dfc534d18468f59264f7d99dc86346cc6a5df68,f461942049356cd766f3c3d99a694b69dc0861a87e650f004c6e580385152328
blotch_(39).jpg,Rhizome Disease Root00011.JPG,Dataset_01_jtttfbx342,Dataset_02_g46dvrcvwn,NEAR_DUPLICATE_PHASH,Hamming=9,9,Blotch,Rhizome_Disease_Roots,827dae6387d35cf55f3008f41dfc534d18468f59264f7d99dc86346cc6a5df68,9e5b456e10edce65aab601b2f8131f40d6819965e444da5f3f857d82317bfae2
blotch_(4).jpg,Dry Leaf00049.JPG,Dataset_01_jtttfbx342,Dataset_02_g46dvrcvwn,NEAR_DUPLICATE_PHASH,Hamming=10,10,Blotch,Dry_Leaf,24dea5a100c05e987c66498553b8d4ab73b9d8733faa3fd0152151ebf904613f,319d981af9df48246c86314c43f6489c9b8020dccdf45288eeeeef33f9cce8ad
blotch_(41).jpg,Dry Leaf00041.JPG,Dataset_01_jtttfbx342,Dataset_02_g46dvrcvwn,NEAR_DUPLICATE_PHASH,Hamming=10,10,Blotch,Dry_Leaf,7c09c3be16c293a82e257df10959ee43d689c4a72b79276b270e8d3ac72e82e7,c7271ce442c0a9d589614d7da286a68bbfb39243fea32e7ba225370dd952edc7
blotch_(41).jpg,Dry Leaf00077.JPG,Dataset_01_jtttfbx342,Dataset_02_g46dvrcvwn,NEAR_DUPLICATE_PHASH,Hamming=9,9,Blotch,Dry_Leaf,7c09c3be16c293a82e257df10959ee43d689c4a72b79276b270e8d3ac72e82e7,c7a04e3fb84ede079e4e6a784fadfc4d70466daef9fee9e62eaf7e0032e5b8b9
blotch_(41).jpg,Dry Leaf00102.JPG,Dataset_01_jtttfbx342,Dataset_02_g46dvrcvwn,NEAR_DUPLICATE_PHASH,Hamming=10,10,Blotch,Dry_Leaf,7c09c3be16c293a82e257df10959ee43d689c4a72b79276b270e8d3ac72e82e7,739c911ceac1773406e3b11cb09d783d792f3552a7806863c70ba9f0f2d71e0a
blotch_(41).jpg,Dry Leaf00120.JPG,Dataset_01_jtttfbx342,Dataset_02_g46dvrcvwn,NEAR_DUPLICATE_PHASH,Hamming=10,10,Blotch,Dry_Leaf,7c09c3be16c293a82e257df10959ee43d689c4a72b79276b270e8d3ac72e82e7,5dd8964ef4339b05e768a6aa9f86f2c34f8c6242c0d580485d649a4206a7e0d6
blotch_(41).jpg,Dry Leaf00195.JPG,Dataset_01_jtttfbx342,Dataset_02_g46dvrcvwn,NEAR_DUPLICATE_PHASH,Hamming=10,10,Blotch,Dry_Leaf,7c09c3be16c293a82e257df10959ee43d689c4a72b79276b270e8d3ac72e82e7,b035b06e577aa0892dca0a16c8c8eafa2584ba03a61f85aed671c745f1ee44cb
blotch_(41).jpg,Dry Leaf00196.JPG,Dataset_01_jtttfbx342,Dataset_02_g46dvrcvwn,NEAR_DUPLICATE_PHASH,Hamming=9,9,Blotch,Dry_Leaf,7c09c3be16c293a82e257df10959ee43d689c4a72b79276b270e8d3ac72e82e7,5331e1d5d1d6c1ec1a4dec26c26fdc7f5045fa965b37adb6b0703d2e8b63b74f
blotch_(41).jpg,Dry Leaf00201.JPG,Dataset_01_jtttfbx342,Dataset_02_g46dvrcvwn,NEAR_DUPLICATE_PHASH,Hamming=9,9,Blotch,Dry_Leaf,7c09c3be16c293a82e257df10959ee43d689c4a72b79276b270e8d3ac72e82e7,656bff8b27643badbfd3e15617668c2a8fe58a712cb89ef3822ab82e56a639e1
blotch_(41).jpg,Healthy Leaf00007.JPG,Dataset_01_jtttfbx342,Dataset_02_g46dvrcvwn,NEAR_DUPLICATE_PHASH,Hamming=7,7,Blotch,Healthy_Leaf,7c09c3be16c293a82e257df10959ee43d689c4a72b79276b270e8d3ac72e82e7,d6f9a25aa871a9af685f8162658608a0a0eba5b0cde7ee41a7adc6390f0d6cf1
blotch_(41).jpg,Healthy Leaf00116.JPG,Dataset_01_jtttfbx342,Dataset_02_g46dvrcvwn,NEAR_DUPLICATE_PHASH,Hamming=8,8,Blotch,Healthy_Leaf,7c09c3be16c293a82e257df10959ee43d689c4a72b79276b270e8d3ac72e82e7,7d07e0c8734d710606543987ddba40bfe37d41c934f777ad905768d068c5cc51
blotch_(41).jpg,Healthy Leaf00158.JPG,Dataset_01_jtttfbx342,Dataset_02_g46dvrcvwn,NEAR_DUPLICATE_PHASH,Hamming=8,8,Blotch,Healthy_Leaf,7c09c3be16c293a82e257df10959ee43d689c4a72b79276b270e8d3ac72e82e7,2e19995b74ead7dc4dd1d1fe9ef1b484a754387429155b6e19bf79c20267106f
blotch_(41).jpg,Healthy Leaf00164.JPG,Dataset_01_jtttfbx342,Dataset_02_g46dvrcvwn,NEAR_DUPLICATE_PHASH,Hamming=10,10,Blotch,Healthy_Leaf,7c09c3be16c293a82e257df10959ee43d689c4a72b79276b270e8d3ac72e82e7,80e5259ebdac364756e3ec866827d799e44515c51fc952cff6513cb141068eeb
blotch_(41).jpg,Healthy Leaf00167.JPG,Dataset_01_jtttfbx342,Dataset_02_g46dvrcvwn,NEAR_DUPLICATE_PHASH,Hamming=10,10,Blotch,Healthy_Leaf,7c09c3be16c293a82e257df10959ee43d689c4a72b79276b270e8d3ac72e82e7,7af150c7b86c01bff48aef75ca222264bb625316d03cd001e3422baa46dbb346
blotch_(41).jpg,Leaf Blotch00050.JPG,Dataset_01_jtttfbx342,Dataset_02_g46dvrcvwn,NEAR_DUPLICATE_PHASH,Hamming=10,10,Blotch,Leaf_Blotch,7c09c3be16c293a82e257df10959ee43d689c4a72b79276b270e8d3ac72e82e7,39b30a9382024a62baca55458391a3a7cd22c9226b773de42785a09652125c84
blotch_(41).jpg,Leaf Blotch00080.JPG,Dataset_01_jtttfbx342,Dataset_02_g46dvrcvwn,NEAR_DUPLICATE_PHASH,Hamming=8,8,Blotch,Leaf_Blotch,7c09c3be16c293a82e257df10959ee43d689c4a72b79276b270e8d3ac72e82e7,ea04f87e0e0ab634f03ca3070bba9fe5aec4d07c7681143140eb739f645a905a
blotch_(41).jpg,Leaf Blotch00178.JPG,Dataset_01_jtttfbx342,Dataset_02_g46dvrcvwn,NEAR_DUPLICATE_PHASH,Hamming=10,10,Blotch,Leaf_Blotch,7c09c3be16c293a82e257df10959ee43d689c4a72b79276b270e8d3ac72e82e7,66c6f9b9d83a9b9393b1ac6b5e3d6bcfb1334422d2314838dac0413e8519d5e3
blotch_(41).jpg,Rhizome Disease Root00011.JPG,Dataset_01_jtttfbx342,Dataset_02_g46dvrcvwn,NEAR_DUPLICATE_PHASH,Hamming=10,10,Blotch,Rhizome_Disease_Roots,7c09c3be16c293a82e257df10959ee43d689c4a72b79276b270e8d3ac72e82e7,9e5b456e10edce65aab601b2f8131f40d6819965e444da5f3f857d82317bfae2
blotch_(42).jpg,Dry Leaf00049.JPG,Dataset_01_jtttfbx342,Dataset_02_g46dvrcvwn,NEAR_DUPLICATE_PHASH,Hamming=8,8,Blotch,Dry_Leaf,2252729e2a29a08ab618e4756f3f34e443b2d45f832b635169d382b5a37da9ab,319d981af9df48246c86314c43f6489c9b8020dccdf45288eeeeef33f9cce8ad
blotch_(44).jpg,Rhizome Disease Root00008.JPG,Dataset_01_jtttfbx342,Dataset_02_g46dvrcvwn,NEAR_DUPLICATE_PHASH,Hamming=9,9,Blotch,Rhizome_Disease_Roots,70c9747f868a0e0385820633eb42c7cee7341809190e33c6cd083506b2f5e945,a6e77cfbf64275527984914e7fdd09c4ab1d62431b8b1b2624fef313809d1a73
blotch_(46).jpg,Dry Leaf00021.JPG,Dataset_01_jtttfbx342,Dataset_02_g46dvrcvwn,NEAR_DUPLICATE_PHASH,Hamming=10,10,Blotch,Dry_Leaf,16d6f576443030b0cb17e40872fb64bf52975016ca30f77d97f41c2aea16f12e,80b07af320ce31e8a146fc8c36d40920359a994dbb7ce32c5c787d0e269bb363
blotch_(46).jpg,Dry Leaf00082.JPG,Dataset_01_jtttfbx342,Dataset_02_g46dvrcvwn,NEAR_DUPLICATE_PHASH,Hamming=10,10,Blotch,Dry_Leaf,16d6f576443030b0cb17e40872fb64bf52975016ca30f77d97f41c2aea16f12e,0fef36b29f2c7149a46f1781d1a4edbd110d22d5b39a80b27eba7248551a7943
blotch_(46).jpg,Dry Leaf00122.JPG,Dataset_01_jtttfbx342,Dataset_02_g46dvrcvwn,NEAR_DUPLICATE_PHASH,Hamming=10,10,Blotch,Dry_Leaf,16d6f576443030b0cb17e40872fb64bf52975016ca30f77d97f41c2aea16f12e,f4c98e627b86f34d545dfa70f914b5a3482f9dac29e37e4277a46b7a042753b4
blotch_(46).jpg,Dry Leaf00143.JPG,Dataset_01_jtttfbx342,Dataset_02_g46dvrcvwn,NEAR_DUPLICATE_PHASH,Hamming=10,10,Blotch,Dry_Leaf,16d6f576443030b0cb17e40872fb64bf52975016ca30f77d97f41c2aea16f12e,264aaf55af985e2d563adbfe4338e6d7666deb78327e547e536cc5a3f2933d56
blotch_(46).jpg,Leaf Blotch00004.JPG,Dataset_01_jtttfbx342,Dataset_02_g46dvrcvwn,NEAR_DUPLICATE_PHASH,Hamming=10,10,Blotch,Leaf_Blotch,16d6f576443030b0cb17e40872fb64bf52975016ca30f77d97f41c2aea16f12e,a96b36433507af73e39df1d2ad9989e773b79c0d27ae1ebfbf5ecc18de823a07
blotch_(46).jpg,Leaf Blotch00005.JPG,Dataset_01_jtttfbx342,Dataset_02_g46dvrcvwn,NEAR_DUPLICATE_PHASH,Hamming=9,9,Blotch,Leaf_Blotch,16d6f576443030b0cb17e40872fb64bf52975016ca30f77d97f41c2aea16f12e,b5226d7c1649a14108ea4d4cb07f7891e66ce892f3f25536e7c1e20665c8d718
blotch_(46).jpg,Leaf Blotch00008.JPG,Dataset_01_jtttfbx342,Dataset_02_g46dvrcvwn,NEAR_DUPLICATE_PHASH,Hamming=10,10,Blotch,Leaf_Blotch,16d6f576443030b0cb17e40872fb64bf52975016ca30f77d97f41c2aea16f12e,c8bc1c36431f8bba388e437313476fdb6e489866cef23a0f4993352654de43ea
blotch_(46).jpg,Leaf Blotch00010.JPG,Dataset_01_jtttfbx342,Dataset_02_g46dvrcvwn,NEAR_DUPLICATE_PHASH,Hamming=10,10,Blotch,Leaf_Blotch,16d6f576443030b0cb17e40872fb64bf52975016ca30f77d97f41c2aea16f12e,3197e2822de599021d133b9768cc32b77177d96d791f65244880d4b84c54b147
blotch_(46).jpg,Rhizome Disease Root00004.JPG,Dataset_01_jtttfbx342,Dataset_02_g46dvrcvwn,NEAR_DUPLICATE_PHASH,Hamming=9,9,Blotch,Rhizome_Disease_Roots,16d6f576443030b0cb17e40872fb64bf52975016ca30f77d97f41c2aea16f12e,6f6e64319c0d1bab197b171a1f9a7efdec00a918a246926057b9e33d25fb5eee
blotch_(46).jpg,Rhizome Disease Root00031.JPG,Dataset_01_jtttfbx342,Dataset_02_g46dvrcvwn,NEAR_DUPLICATE_PHASH,Hamming=9,9,Blotch,Rhizome_Disease_Roots,16d6f576443030b0cb17e40872fb64bf52975016ca30f77d97f41c2aea16f12e,dedf2d9306dfb93c43063f67c4400508fe0bb5a6138b865bc0149e9e0602865b
blotch_(46).jpg,Rhizome Disease Root00106.JPG,Dataset_01_jtttfbx342,Dataset_02_g46dvrcvwn,NEAR_DUPLICATE_PHASH,Hamming=10,10,Blotch,Rhizome_Disease_Roots,16d6f576443030b0cb17e40872fb64bf52975016ca30f77d97f41c2aea16f12e,609c39bc0b9a56b920bde2aa77eca2b1a4d2b155b15a4ed010ead5dc7e8bcb35
blotch_(46).jpg,Rhizome Disease Root00108.JPG,Dataset_01_jtttfbx342,Dataset_02_g46dvrcvwn,NEAR_DUPLICATE_PHASH,Hamming=9,9,Blotch,Rhizome_Disease_Roots,16d6f576443030b0cb17e40872fb64bf52975016ca30f77d97f41c2aea16f12e,fa6b8eb8029c35c84b3dd6988ff45733a0cbc5ba5532d4c88d1db7643118aa4a
blotch_(46).jpg,Rhizome Disease Root00109.JPG,Dataset_01_jtttfbx342,Dataset_02_g46dvrcvwn,NEAR_DUPLICATE_PHASH,Hamming=9,9,Blotch,Rhizome_Disease_Roots,16d6f576443030b0cb17e40872fb64bf52975016ca30f77d97f41c2aea16f12e,f0c627b63b768afb39ae808c03bc62bcc065f94fbbbfb48b32fec6d423d28a8d
blotch_(46).jpg,Rhizome Disease Root00114.JPG,Dataset_01_jtttfbx342,Dataset_02_g46dvrcvwn,NEAR_DUPLICATE_PHASH,Hamming=5,5,Blotch,Rhizome_Disease_Roots,16d6f576443030b0cb17e40872fb64bf52975016ca30f77d97f41c2aea16f12e,3a652734257559efc017044a527d4be6683a935a05e18c03b9115f80560df8be
blotch_(46).jpg,Rhizome Disease Root00176.JPG,Dataset_01_jtttfbx342,Dataset_02_g46dvrcvwn,NEAR_DUPLICATE_PHASH,Hamming=9,9,Blotch,Rhizome_Disease_Roots,16d6f576443030b0cb17e40872fb64bf52975016ca30f77d97f41c2aea16f12e,4f668ea4799377a46be43218163c55f7774abdc0b33fc941041410a16945444d
blotch_(46).jpg,Rhizome Healthy Root00024.JPG,Dataset_01_jtttfbx342,Dataset_02_g46dvrcvwn,NEAR_DUPLICATE_PHASH,Hamming=9,9,Blotch,Rhizome_Healthy_Roots,16d6f576443030b0cb17e40872fb64bf52975016ca30f77d97f41c2aea16f12e,aee3163751aae1c2194e061cc5be15c4ec5e2688c78c5e434db62615e22b0429
blotch_(46).jpg,Rhizome Healthy Root00027.JPG,Dataset_01_jtttfbx342,Dataset_02_g46dvrcvwn,NEAR_DUPLICATE_PHASH,Hamming=9,9,Blotch,Rhizome_Healthy_Roots,16d6f576443030b0cb17e40872fb64bf52975016ca30f77d97f41c2aea16f12e,581455dd1795265737fcdb0c98151c8efd0e53c4bbdfed210adc16f86b63a000
blotch_(46).jpg,Rhizome Healthy Root00029.JPG,Dataset_01_jtttfbx342,Dataset_02_g46dvrcvwn,NEAR_DUPLICATE_PHASH,Hamming=8,8,Blotch,Rhizome_Healthy_Roots,16d6f576443030b0cb17e40872fb64bf52975016ca30f77d97f41c2aea16f12e,3835df92135db2ba80f4dc67dd51d4ab10db2fd18fa835a53280dd4318d1c91a
blotch_(46).jpg,Rhizome Healthy Root00030.JPG,Dataset_01_jtttfbx342,Dataset_02_g46dvrcvwn,NEAR_DUPLICATE_PHASH,Hamming=8,8,Blotch,Rhizome_Healthy_Roots,16d6f576443030b0cb17e40872fb64bf52975016ca30f77d97f41c2aea16f12e,5ce7923d7a7e7b4bd048f205c90e9a9a8d400d2fd8cf48fec15ac85b74cc3468
blotch_(46).jpg,Rhizome Healthy Root00031.JPG,Dataset_01_jtttfbx342,Dataset_02_g46dvrcvwn,NEAR_DUPLICATE_PHASH,Hamming=8,8,Blotch,Rhizome_Healthy_Roots,16d6f576443030b0cb17e40872fb64bf52975016ca30f77d97f41c2aea16f12e,be1d95036007d6dc54776a298c8ed737b1c2ae0a0b8d9720d368b6fd64dfef46
blotch_(46).jpg,Rhizome Healthy Root00102.JPG,Dataset_01_jtttfbx342,Dataset_02_g46dvrcvwn,NEAR_DUPLICATE_PHASH,Hamming=10,10,Blotch,Rhizome_Healthy_Roots,16d6f576443030b0cb17e40872fb64bf52975016ca30f77d97f41c2aea16f12e,42ed63fbc1a84d627ef27ec356342cf7d62182b1cfb585f9cbc082ed88702993
blotch_(46).jpg,Rhizome Healthy Root00103.JPG,Dataset_01_jtttfbx342,Dataset_02_g46dvrcvwn,NEAR_DUPLICATE_PHASH,Hamming=10,10,Blotch,Rhizome_Healthy_Roots,16d6f576443030b0cb17e40872fb64bf52975016ca30f77d97f41c2aea16f12e,1a182a290d5ec92d08bc0bb7826ce7992966ad9ac025b6731f8d48f1b0071cec
blotch_(46).jpg,Rhizome Healthy Root00104.JPG,Dataset_01_jtttfbx342,Dataset_02_g46dvrcvwn,NEAR_DUPLICATE_PHASH,Hamming=9,9,Blotch,Rhizome_Healthy_Roots,16d6f576443030b0cb17e40872fb64bf52975016ca30f77d97f41c2aea16f12e,c6e84c358fef466d5d651d6badc72f487938a8971667c64a8b9cd6ba4e2a15f6
blotch_(46).jpg,Rhizome Healthy Root00106.JPG,Dataset_01_jtttfbx342,Dataset_02_g46dvrcvwn,NEAR_DUPLICATE_PHASH,Hamming=10,10,Blotch,Rhizome_Healthy_Roots,16d6f576443030b0cb17e40872fb64bf52975016ca30f77d97f41c2aea16f12e,792099df3f2fb91a62d25fc739635a820e6c5be3fb678f74f5b5b0d40f2c3209
blotch_(46).jpg,Rhizome Healthy Root00197.JPG,Dataset_01_jtttfbx342,Dataset_02_g46dvrcvwn,NEAR_DUPLICATE_PHASH,Hamming=10,10,Blotch,Rhizome_Healthy_Roots,16d6f576443030b0cb17e40872fb64bf52975016ca30f77d97f41c2aea16f12e,a80da83064e1b58fe8d6e41c454b32d0a111e01d0d2fbe1b50a6d5303b8cf8cb
blotch_(46).jpg,Rhizome Healthy Root00198.JPG,Dataset_01_jtttfbx342,Dataset_02_g46dvrcvwn,NEAR_DUPLICATE_PHASH,Hamming=9,9,Blotch,Rhizome_Healthy_Roots,16d6f576443030b0cb17e40872fb64bf52975016ca30f77d97f41c2aea16f12e,dcd362ff05f693cd0d5729594d6880236cf0b71b68820e3fd5f3d65483ccde1a
blotch_(46).jpg,Rhizome Healthy Root00257.JPG,Dataset_01_jtttfbx342,Dataset_02_g46dvrcvwn,NEAR_DUPLICATE_PHASH,Hamming=10,10,Blotch,Rhizome_Healthy_Roots,16d6f576443030b0cb17e40872fb64bf52975016ca30f77d97f41c2aea16f12e,27078ff663c26a35d652cb818332a4af8a42761a7662fd6a5a390f2221ed1f91
blotch_(46).jpg,Rhizome Healthy Root00258.JPG,Dataset_01_jtttfbx342,Dataset_02_g46dvrcvwn,NEAR_DUPLICATE_PHASH,Hamming=9,9,Blotch,Rhizome_Healthy_Roots,16d6f576443030b0cb17e40872fb64bf52975016ca30f77d97f41c2aea16f12e,741a6e06ca571fd5eea19c54fbb3ea01caa6353c419ec5110589eb77afea706b
blotch_(46).jpg,Rhizome Healthy Root00298.JPG,Dataset_01_jtttfbx342,Dataset_02_g46dvrcvwn,NEAR_DUPLICATE_PHASH,Hamming=9,9,Blotch,Rhizome_Healthy_Roots,16d6f576443030b0cb17e40872fb64bf52975016ca30f77d97f41c2aea16f12e,2783c1890cd370aeaac62205f04cd2f8e6dbd23c5f0a56b5e3406893bed3c47f
blotch_(46).jpg,Rhizome Healthy Root00302.JPG,Dataset_01_jtttfbx342,Dataset_02_g46dvrcvwn,NEAR_DUPLICATE_PHASH,Hamming=8,8,Blotch,Rhizome_Healthy_Roots,16d6f576443030b0cb17e40872fb64bf52975016ca30f77d97f41c2aea16f12e,1b056c0bec593d0fb2c3b1ab4b9d24f80ed054d4ea4c181663cd9794f0288604
blotch_(46).jpg,Rhizome Healthy Root00303.JPG,Dataset_01_jtttfbx342,Dataset_02_g46dvrcvwn,NEAR_DUPLICATE_PHASH,Hamming=9,9,Blotch,Rhizome_Healthy_Roots,16d6f576443030b0cb17e40872fb64bf52975016ca30f77d97f41c2aea16f12e,67b3e63120ef420e06cb311a4b97a1c1cb953fa026bae3e4e864d26264f1d837
blotch_(48).jpg,Dry Leaf00062.JPG,Dataset_01_jtttfbx342,Dataset_02_g46dvrcvwn,NEAR_DUPLICATE_PHASH,Hamming=10,10,Blotch,Dry_Leaf,348b1a04d3d75794afd9cfb0a58d01c185dd84ea680c8821989df7c57b8cf82c,052e974a96c438f0786614db5fdafa54c9618cca910fefa47fba31bde5b435bb
blotch_(48).jpg,Dry Leaf00100.JPG,Dataset_01_jtttfbx342,Dataset_02_g46dvrcvwn,NEAR_DUPLICATE_PHASH,Hamming=10,10,Blotch,Dry_Leaf,348b1a04d3d75794afd9cfb0a58d01c185dd84ea680c8821989df7c57b8cf82c,b59ac801dc168808d912a67b0bef41184f32dbaf6a28275e3499663538cb2fb2
blotch_(48).jpg,Dry Leaf00132.JPG,Dataset_01_jtttfbx342,Dataset_02_g46dvrcvwn,NEAR_DUPLICATE_PHASH,Hamming=9,9,Blotch,Dry_Leaf,348b1a04d3d75794afd9cfb0a58d01c185dd84ea680c8821989df7c57b8cf82c,6ad1984ab2f5869d796580739ddc3fde3e5a24608a21d4b99e04304fa8f4d850
blotch_(48).jpg,Dry Leaf00183.JPG,Dataset_01_jtttfbx342,Dataset_02_g46dvrcvwn,NEAR_DUPLICATE_PHASH,Hamming=10,10,Blotch,Dry_Leaf,348b1a04d3d75794afd9cfb0a58d01c185dd84ea680c8821989df7c57b8cf82c,6c977e13b65a6bd5c7bedbf38061458669ae4c4c1095f287f17fa0c76c892336
blotch_(48).jpg,Rhizome Disease Root00112.JPG,Dataset_01_jtttfbx342,Dataset_02_g46dvrcvwn,NEAR_DUPLICATE_PHASH,Hamming=10,10,Blotch,Rhizome_Disease_Roots,348b1a04d3d75794afd9cfb0a58d01c185dd84ea680c8821989df7c57b8cf82c,91ae7035e064a6406120fc0ecaa788edd1c48a2b5f20f0c2337b08707f3fbe0f
blotch_(48).jpg,Rhizome Disease Root00156.JPG,Dataset_01_jtttfbx342,Dataset_02_g46dvrcvwn,NEAR_DUPLICATE_PHASH,Hamming=10,10,Blotch,Rhizome_Disease_Roots,348b1a04d3d75794afd9cfb0a58d01c185dd84ea680c8821989df7c57b8cf82c,74dd34f67eda302dad349b8f862f8e61b4d47f462574402bc9b266d43335b307
blotch_(49).jpg,Dry Leaf00189.JPG,Dataset_01_jtttfbx342,Dataset_02_g46dvrcvwn,NEAR_DUPLICATE_PHASH,Hamming=10,10,Blotch,Dry_Leaf,03e9c7896cbcfba2651a4b98e095608c6baa8e1839e262684c1726694b63c798,e9931494175e3e5645f934f7f99fdc81a783ad520fb0078cef333cb05cb65fce
blotch_(49).jpg,Rhizome Disease Root00114.JPG,Dataset_01_jtttfbx342,Dataset_02_g46dvrcvwn,NEAR_DUPLICATE_PHASH,Hamming=8,8,Blotch,Rhizome_Disease_Roots,03e9c7896cbcfba2651a4b98e095608c6baa8e1839e262684c1726694b63c798,3a652734257559efc017044a527d4be6683a935a05e18c03b9115f80560df8be
blotch_(49).jpg,Rhizome Disease Root00174.JPG,Dataset_01_jtttfbx342,Dataset_02_g46dvrcvwn,NEAR_DUPLICATE_PHASH,Hamming=10,10,Blotch,Rhizome_Disease_Roots,03e9c7896cbcfba2651a4b98e095608c6baa8e1839e262684c1726694b63c798,ecfb7eb332f9325f118c4febd130514cf65ed231d12141528bdc38f53c4e84e0
blotch_(49).jpg,Rhizome Disease Root00176.JPG,Dataset_01_jtttfbx342,Dataset_02_g46dvrcvwn,NEAR_DUPLICATE_PHASH,Hamming=8,8,Blotch,Rhizome_Disease_Roots,03e9c7896cbcfba2651a4b98e095608c6baa8e1839e262684c1726694b63c798,4f668ea4799377a46be43218163c55f7774abdc0b33fc941041410a16945444d
blotch_(49).jpg,Rhizome Healthy Root00102.JPG,Dataset_01_jtttfbx342,Dataset_02_g46dvrcvwn,NEAR_DUPLICATE_PHASH,Hamming=9,9,Blotch,Rhizome_Healthy_Roots,03e9c7896cbcfba2651a4b98e095608c6baa8e1839e262684c1726694b63c798,42ed63fbc1a84d627ef27ec356342cf7d62182b1cfb585f9cbc082ed88702993
blotch_(49).jpg,Rhizome Healthy Root00103.JPG,Dataset_01_jtttfbx342,Dataset_02_g46dvrcvwn,NEAR_DUPLICATE_PHASH,Hamming=9,9,Blotch,Rhizome_Healthy_Roots,03e9c7896cbcfba2651a4b98e095608c6baa8e1839e262684c1726694b63c798,1a182a290d5ec92d08bc0bb7826ce7992966ad9ac025b6731f8d48f1b0071cec
blotch_(49).jpg,Rhizome Healthy Root00104.JPG,Dataset_01_jtttfbx342,Dataset_02_g46dvrcvwn,NEAR_DUPLICATE_PHASH,Hamming=10,10,Blotch,Rhizome_Healthy_Roots,03e9c7896cbcfba2651a4b98e095608c6baa8e1839e262684c1726694b63c798,c6e84c358fef466d5d651d6badc72f487938a8971667c64a8b9cd6ba4e2a15f6
blotch_(49).jpg,Rhizome Healthy Root00107.JPG,Dataset_01_jtttfbx342,Dataset_02_g46dvrcvwn,NEAR_DUPLICATE_PHASH,Hamming=10,10,Blotch,Rhizome_Healthy_Roots,03e9c7896cbcfba2651a4b98e095608c6baa8e1839e262684c1726694b63c798,017cc054582ac4cf8d0e919aa024caa2617a290a63fbfbdb4d191d3865b199b3
blotch_(49).jpg,Rhizome Healthy Root00232.JPG,Dataset_01_jtttfbx342,Dataset_02_g46dvrcvwn,NEAR_DUPLICATE_PHASH,Hamming=10,10,Blotch,Rhizome_Healthy_Roots,03e9c7896cbcfba2651a4b98e095608c6baa8e1839e262684c1726694b63c798,bc937e060206b7ac479f3eee51788f6e75bc98567118a529ef1b20784b1f366c
blotch_(5).jpg,Dry Leaf00069.JPG,Dataset_01_jtttfbx342,Dataset_02_g46dvrcvwn,NEAR_DUPLICATE_PHASH,Hamming=9,9,Blotch,Dry_Leaf,3431bec9201125d7ec9f68e243571f5ade943a58b5cfd0009c9e4ba84ea22db6,2ce30e64702d095a5ab84ba8a7303045d24a1b4be4d4f6374ca0c7dfaf0f62da
blotch_(5).jpg,Dry Leaf00138.JPG,Dataset_01_jtttfbx342,Dataset_02_g46dvrcvwn,NEAR_DUPLICATE_PHASH,Hamming=10,10,Blotch,Dry_Leaf,3431bec9201125d7ec9f68e243571f5ade943a58b5cfd0009c9e4ba84ea22db6,48a137a521fcf8c5bf0f80670022143942508551f0f3047e9f590ff294fc2316
blotch_(50).jpg,Dry Leaf00082.JPG,Dataset_01_jtttfbx342,Dataset_02_g46dvrcvwn,NEAR_DUPLICATE_PHASH,Hamming=9,9,Blotch,Dry_Leaf,2d189f3ca6cf2a796c1989fccfd5ba03bf545e821ac77c421e327254397be2bb,0fef36b29f2c7149a46f1781d1a4edbd110d22d5b39a80b27eba7248551a7943
blotch_(50).jpg,Dry Leaf00138.JPG,Dataset_01_jtttfbx342,Dataset_02_g46dvrcvwn,NEAR_DUPLICATE_PHASH,Hamming=9,9,Blotch,Dry_Leaf,2d189f3ca6cf2a796c1989fccfd5ba03bf545e821ac77c421e327254397be2bb,48a137a521fcf8c5bf0f80670022143942508551f0f3047e9f590ff294fc2316
blotch_(50).jpg,Dry Leaf00143.JPG,Dataset_01_jtttfbx342,Dataset_02_g46dvrcvwn,NEAR_DUPLICATE_PHASH,Hamming=9,9,Blotch,Dry_Leaf,2d189f3ca6cf2a796c1989fccfd5ba03bf545e821ac77c421e327254397be2bb,264aaf55af985e2d563adbfe4338e6d7666deb78327e547e536cc5a3f2933d56
blotch_(51).jpg,Dry Leaf00021.JPG,Dataset_01_jtttfbx342,Dataset_02_g46dvrcvwn,NEAR_DUPLICATE_PHASH,Hamming=8,8,Blotch,Dry_Leaf,9d9117cf702bac19f1736373c04105f5cc28289214526a0a952beb5513de4660,80b07af320ce31e8a146fc8c36d40920359a994dbb7ce32c5c787d0e269bb363
blotch_(51).jpg,Dry Leaf00122.JPG,Dataset_01_jtttfbx342,Dataset_02_g46dvrcvwn,NEAR_DUPLICATE_PHASH,Hamming=10,10,Blotch,Dry_Leaf,9d9117cf702bac19f1736373c04105f5cc28289214526a0a952beb5513de4660,f4c98e627b86f34d545dfa70f914b5a3482f9dac29e37e4277a46b7a042753b4
blotch_(51).jpg,Rhizome Disease Root00176.JPG,Dataset_01_jtttfbx342,Dataset_02_g46dvrcvwn,NEAR_DUPLICATE_PHASH,Hamming=7,7,Blotch,Rhizome_Disease_Roots,9d9117cf702bac19f1736373c04105f5cc28289214526a0a952beb5513de4660,4f668ea4799377a46be43218163c55f7774abdc0b33fc941041410a16945444d
blotch_(51).jpg,Rhizome Healthy Root00063.JPG,Dataset_01_jtttfbx342,Dataset_02_g46dvrcvwn,NEAR_DUPLICATE_PHASH,Hamming=9,9,Blotch,Rhizome_Healthy_Roots,9d9117cf702bac19f1736373c04105f5cc28289214526a0a952beb5513de4660,091c8f767f68ab768690e920095d5c387536213ee9f29b993868190c059893fa
blotch_(51).jpg,Rhizome Healthy Root00071.JPG,Dataset_01_jtttfbx342,Dataset_02_g46dvrcvwn,NEAR_DUPLICATE_PHASH,Hamming=10,10,Blotch,Rhizome_Healthy_Roots,9d9117cf702bac19f1736373c04105f5cc28289214526a0a952beb5513de4660,96f3876370e73338ca929ebc4a8b986bfa03a3cdac3d8f6bddadea85c50fc223
blotch_(51).jpg,Rhizome Healthy Root00072.JPG,Dataset_01_jtttfbx342,Dataset_02_g46dvrcvwn,NEAR_DUPLICATE_PHASH,Hamming=10,10,Blotch,Rhizome_Healthy_Roots,9d9117cf702bac19f1736373c04105f5cc28289214526a0a952beb5513de4660,88647d433d4c7cf1504f69be66c4402169220653033190e71046822ad8740fa9
blotch_(51).jpg,Rhizome Healthy Root00233.JPG,Dataset_01_jtttfbx342,Dataset_02_g46dvrcvwn,NEAR_DUPLICATE_PHASH,Hamming=10,10,Blotch,Rhizome_Healthy_Roots,9d9117cf702bac19f1736373c04105f5cc28289214526a0a952beb5513de4660,13232e929bfb4a08007baaee84be3da112a2bc99edada64ba088c98097387c95
blotch_(51).jpg,Rhizome Healthy Root00256.JPG,Dataset_01_jtttfbx342,Dataset_02_g46dvrcvwn,NEAR_DUPLICATE_PHASH,Hamming=10,10,Blotch,Rhizome_Healthy_Roots,9d9117cf702bac19f1736373c04105f5cc28289214526a0a952beb5513de4660,6ee6031414c38e5d3dc43852c06ead54e4a0f5f9d75a59274ef9cb7f24ce316c
blotch_(53).jpg,Dry Leaf00021.JPG,Dataset_01_jtttfbx342,Dataset_02_g46dvrcvwn,NEAR_DUPLICATE_PHASH,Hamming=9,9,Blotch,Dry_Leaf,717f3e8211a76ab2b57d5330bc966a1632816049d565c499666f6541bafe415c,80b07af320ce31e8a146fc8c36d40920359a994dbb7ce32c5c787d0e269bb363
blotch_(53).jpg,Dry Leaf00023.JPG,Dataset_01_jtttfbx342,Dataset_02_g46dvrcvwn,NEAR_DUPLICATE_PHASH,Hamming=7,7,Blotch,Dry_Leaf,717f3e8211a76ab2b57d5330bc966a1632816049d565c499666f6541bafe415c,c5c842e23075cf1d7f635e7b91eeb0d4581960cf85b77eb65e0e23551d42e8e4
blotch_(53).jpg,Dry Leaf00100.JPG,Dataset_01_jtttfbx342,Dataset_02_g46dvrcvwn,NEAR_DUPLICATE_PHASH,Hamming=7,7,Blotch,Dry_Leaf,717f3e8211a76ab2b57d5330bc966a1632816049d565c499666f6541bafe415c,b59ac801dc168808d912a67b0bef41184f32dbaf6a28275e3499663538cb2fb2
blotch_(53).jpg,Dry Leaf00132.JPG,Dataset_01_jtttfbx342,Dataset_02_g46dvrcvwn,NEAR_DUPLICATE_PHASH,Hamming=10,10,Blotch,Dry_Leaf,717f3e8211a76ab2b57d5330bc966a1632816049d565c499666f6541bafe415c,6ad1984ab2f5869d796580739ddc3fde3e5a24608a21d4b99e04304fa8f4d850
blotch_(53).jpg,Leaf Blotch00013.JPG,Dataset_01_jtttfbx342,Dataset_02_g46dvrcvwn,NEAR_DUPLICATE_PHASH,Hamming=10,10,Blotch,Leaf_Blotch,717f3e8211a76ab2b57d5330bc966a1632816049d565c499666f6541bafe415c,5797dd7111430f12a244313aad959d22d1dda33555606a6fb5db54f435e09ccc
blotch_(53).jpg,Leaf Blotch00014.JPG,Dataset_01_jtttfbx342,Dataset_02_g46dvrcvwn,NEAR_DUPLICATE_PHASH,Hamming=10,10,Blotch,Leaf_Blotch,717f3e8211a76ab2b57d5330bc966a1632816049d565c499666f6541bafe415c,45324e4597d6c4cd2bb07e32994d6dfec97bc1ef2c7c55a391c4e93ace1984c3
blotch_(53).jpg,Rhizome Disease Root00156.JPG,Dataset_01_jtttfbx342,Dataset_02_g46dvrcvwn,NEAR_DUPLICATE_PHASH,Hamming=9,9,Blotch,Rhizome_Disease_Roots,717f3e8211a76ab2b57d5330bc966a1632816049d565c499666f6541bafe415c,74dd34f67eda302dad349b8f862f8e61b4d47f462574402bc9b266d43335b307
blotch_(53).jpg,Rhizome Disease Root00174.JPG,Dataset_01_jtttfbx342,Dataset_02_g46dvrcvwn,NEAR_DUPLICATE_PHASH,Hamming=10,10,Blotch,Rhizome_Disease_Roots,717f3e8211a76ab2b57d5330bc966a1632816049d565c499666f6541bafe415c,ecfb7eb332f9325f118c4febd130514cf65ed231d12141528bdc38f53c4e84e0
blotch_(53).jpg,Rhizome Healthy Root00107.JPG,Dataset_01_jtttfbx342,Dataset_02_g46dvrcvwn,NEAR_DUPLICATE_PHASH,Hamming=10,10,Blotch,Rhizome_Healthy_Roots,717f3e8211a76ab2b57d5330bc966a1632816049d565c499666f6541bafe415c,017cc054582ac4cf8d0e919aa024caa2617a290a63fbfbdb4d191d3865b199b3
blotch_(53).jpg,Rhizome Healthy Root00272.JPG,Dataset_01_jtttfbx342,Dataset_02_g46dvrcvwn,NEAR_DUPLICATE_PHASH,Hamming=10,10,Blotch,Rhizome_Healthy_Roots,717f3e8211a76ab2b57d5330bc966a1632816049d565c499666f6541bafe415c,f4c8555ebc26d913de485159e042e9eb6515ce7ca24985f976500d64371d9fd2
blotch_(53).jpg,Rhizome Healthy Root00274.JPG,Dataset_01_jtttfbx342,Dataset_02_g46dvrcvwn,NEAR_DUPLICATE_PHASH,Hamming=10,10,Blotch,Rhizome_Healthy_Roots,717f3e8211a76ab2b57d5330bc966a1632816049d565c499666f6541bafe415c,74bce8a01426287dc6307ad09307c32b07fbae1b8b787b345704689ffa956f7f
blotch_(52).jpg,Dry Leaf00122.JPG,Dataset_01_jtttfbx342,Dataset_02_g46dvrcvwn,NEAR_DUPLICATE_PHASH,Hamming=7,7,Blotch,Dry_Leaf,b277d5bb6e085c460c79f2a0dd8229d80cb6c0ef5739ee1b0003126384e51ec7,f4c98e627b86f34d545dfa70f914b5a3482f9dac29e37e4277a46b7a042753b4
blotch_(52).jpg,Dry Leaf00189.JPG,Dataset_01_jtttfbx342,Dataset_02_g46dvrcvwn,NEAR_DUPLICATE_PHASH,Hamming=8,8,Blotch,Dry_Leaf,b277d5bb6e085c460c79f2a0dd8229d80cb6c0ef5739ee1b0003126384e51ec7,e9931494175e3e5645f934f7f99fdc81a783ad520fb0078cef333cb05cb65fce
blotch_(52).jpg,Rhizome Disease Root00108.JPG,Dataset_01_jtttfbx342,Dataset_02_g46dvrcvwn,NEAR_DUPLICATE_PHASH,Hamming=10,10,Blotch,Rhizome_Disease_Roots,b277d5bb6e085c460c79f2a0dd8229d80cb6c0ef5739ee1b0003126384e51ec7,fa6b8eb8029c35c84b3dd6988ff45733a0cbc5ba5532d4c88d1db7643118aa4a
blotch_(52).jpg,Rhizome Disease Root00114.JPG,Dataset_01_jtttfbx342,Dataset_02_g46dvrcvwn,NEAR_DUPLICATE_PHASH,Hamming=8,8,Blotch,Rhizome_Disease_Roots,b277d5bb6e085c460c79f2a0dd8229d80cb6c0ef5739ee1b0003126384e51ec7,3a652734257559efc017044a527d4be6683a935a05e18c03b9115f80560df8be
blotch_(52).jpg,Rhizome Healthy Root00102.JPG,Dataset_01_jtttfbx342,Dataset_02_g46dvrcvwn,NEAR_DUPLICATE_PHASH,Hamming=7,7,Blotch,Rhizome_Healthy_Roots,b277d5bb6e085c460c79f2a0dd8229d80cb6c0ef5739ee1b0003126384e51ec7,42ed63fbc1a84d627ef27ec356342cf7d62182b1cfb585f9cbc082ed88702993
blotch_(52).jpg,Rhizome Healthy Root00103.JPG,Dataset_01_jtttfbx342,Dataset_02_g46dvrcvwn,NEAR_DUPLICATE_PHASH,Hamming=7,7,Blotch,Rhizome_Healthy_Roots,b277d5bb6e085c460c79f2a0dd8229d80cb6c0ef5739ee1b0003126384e51ec7,1a182a290d5ec92d08bc0bb7826ce7992966ad9ac025b6731f8d48f1b0071cec
blotch_(52).jpg,Rhizome Healthy Root00104.JPG,Dataset_01_jtttfbx342,Dataset_02_g46dvrcvwn,NEAR_DUPLICATE_PHASH,Hamming=8,8,Blotch,Rhizome_Healthy_Roots,b277d5bb6e085c460c79f2a0dd8229d80cb6c0ef5739ee1b0003126384e51ec7,c6e84c358fef466d5d651d6badc72f487938a8971667c64a8b9cd6ba4e2a15f6
blotch_(54).jpg,Dry Leaf00038.JPG,Dataset_01_jtttfbx342,Dataset_02_g46dvrcvwn,NEAR_DUPLICATE_PHASH,Hamming=10,10,Blotch,Dry_Leaf,a9b789791125f342043143a232920798592a04cc0dc19b0653b73813153977f7,8de0c82821b424e0dcb5f7f7f94f9cf28de9be2cd6d5351a3d237b60ede72f75
blotch_(54).jpg,Healthy Leaf00044.JPG,Dataset_01_jtttfbx342,Dataset_02_g46dvrcvwn,NEAR_DUPLICATE_PHASH,Hamming=10,10,Blotch,Healthy_Leaf,a9b789791125f342043143a232920798592a04cc0dc19b0653b73813153977f7,85f359b6d7ed3fe975c1b2572dded0dd7488db031a8711141188079fa9fd9314
blotch_(54).jpg,Healthy Leaf00053.JPG,Dataset_01_jtttfbx342,Dataset_02_g46dvrcvwn,NEAR_DUPLICATE_PHASH,Hamming=10,10,Blotch,Healthy_Leaf,a9b789791125f342043143a232920798592a04cc0dc19b0653b73813153977f7,c1ad898fd743063d6e55a89b03e01bec6808277172183c613774f7eb5c0b0b0d
blotch_(54).jpg,Rhizome Disease Root00132.JPG,Dataset_01_jtttfbx342,Dataset_02_g46dvrcvwn,NEAR_DUPLICATE_PHASH,Hamming=10,10,Blotch,Rhizome_Disease_Roots,a9b789791125f342043143a232920798592a04cc0dc19b0653b73813153977f7,535d14cf9e634ac77ae08271fd8ae60c12d9de8af1acf19a4a36b766d009a08b
blotch_(54).jpg,Rhizome Disease Root00135.JPG,Dataset_01_jtttfbx342,Dataset_02_g46dvrcvwn,NEAR_DUPLICATE_PHASH,Hamming=10,10,Blotch,Rhizome_Disease_Roots,a9b789791125f342043143a232920798592a04cc0dc19b0653b73813153977f7,8e91e44e52bc868ee19f622f2ce3184f57305d6db34af7bc650a337cb30b0fde
blotch_(56).jpg,Dry Leaf00021.JPG,Dataset_01_jtttfbx342,Dataset_02_g46dvrcvwn,NEAR_DUPLICATE_PHASH,Hamming=8,8,Blotch,Dry_Leaf,4ae4872665366d6221f555e6ce503df0a28da057ffedd3f9715643bdea598491,80b07af320ce31e8a146fc8c36d40920359a994dbb7ce32c5c787d0e269bb363
blotch_(56).jpg,Dry Leaf00122.JPG,Dataset_01_jtttfbx342,Dataset_02_g46dvrcvwn,NEAR_DUPLICATE_PHASH,Hamming=10,10,Blotch,Dry_Leaf,4ae4872665366d6221f555e6ce503df0a28da057ffedd3f9715643bdea598491,f4c98e627b86f34d545dfa70f914b5a3482f9dac29e37e4277a46b7a042753b4
blotch_(56).jpg,Dry Leaf00143.JPG,Dataset_01_jtttfbx342,Dataset_02_g46dvrcvwn,NEAR_DUPLICATE_PHASH,Hamming=10,10,Blotch,Dry_Leaf,4ae4872665366d6221f555e6ce503df0a28da057ffedd3f9715643bdea598491,264aaf55af985e2d563adbfe4338e6d7666deb78327e547e536cc5a3f2933d56
blotch_(56).jpg,Dry Leaf00189.JPG,Dataset_01_jtttfbx342,Dataset_02_g46dvrcvwn,NEAR_DUPLICATE_PHASH,Hamming=9,9,Blotch,Dry_Leaf,4ae4872665366d6221f555e6ce503df0a28da057ffedd3f9715643bdea598491,e9931494175e3e5645f934f7f99fdc81a783ad520fb0078cef333cb05cb65fce
blotch_(56).jpg,Leaf Blotch00004.JPG,Dataset_01_jtttfbx342,Dataset_02_g46dvrcvwn,NEAR_DUPLICATE_PHASH,Hamming=10,10,Blotch,Leaf_Blotch,4ae4872665366d6221f555e6ce503df0a28da057ffedd3f9715643bdea598491,a96b36433507af73e39df1d2ad9989e773b79c0d27ae1ebfbf5ecc18de823a07
blotch_(56).jpg,Leaf Blotch00011.JPG,Dataset_01_jtttfbx342,Dataset_02_g46dvrcvwn,NEAR_DUPLICATE_PHASH,Hamming=10,10,Blotch,Leaf_Blotch,4ae4872665366d6221f555e6ce503df0a28da057ffedd3f9715643bdea598491,eb7a12979ed145ac65973d93bb68efb106fa425b3fffce4aaac857552e900cb6
blotch_(56).jpg,Leaf Blotch00012.JPG,Dataset_01_jtttfbx342,Dataset_02_g46dvrcvwn,NEAR_DUPLICATE_PHASH,Hamming=10,10,Blotch,Leaf_Blotch,4ae4872665366d6221f555e6ce503df0a28da057ffedd3f9715643bdea598491,5999901f4e5e50fa3305dd0eae3dccf7370b387d18f8b6ba3ce290e659e2fe29
blotch_(56).jpg,Rhizome Disease Root00031.JPG,Dataset_01_jtttfbx342,Dataset_02_g46dvrcvwn,NEAR_DUPLICATE_PHASH,Hamming=9,9,Blotch,Rhizome_Disease_Roots,4ae4872665366d6221f555e6ce503df0a28da057ffedd3f9715643bdea598491,dedf2d9306dfb93c43063f67c4400508fe0bb5a6138b865bc0149e9e0602865b
blotch_(56).jpg,Rhizome Disease Root00114.JPG,Dataset_01_jtttfbx342,Dataset_02_g46dvrcvwn,NEAR_DUPLICATE_PHASH,Hamming=5,5,Blotch,Rhizome_Disease_Roots,4ae4872665366d6221f555e6ce503df0a28da057ffedd3f9715643bdea598491,3a652734257559efc017044a527d4be6683a935a05e18c03b9115f80560df8be
blotch_(56).jpg,Rhizome Disease Root00176.JPG,Dataset_01_jtttfbx342,Dataset_02_g46dvrcvwn,NEAR_DUPLICATE_PHASH,Hamming=9,9,Blotch,Rhizome_Disease_Roots,4ae4872665366d6221f555e6ce503df0a28da057ffedd3f9715643bdea598491,4f668ea4799377a46be43218163c55f7774abdc0b33fc941041410a16945444d
blotch_(56).jpg,Rhizome Healthy Root00029.JPG,Dataset_01_jtttfbx342,Dataset_02_g46dvrcvwn,NEAR_DUPLICATE_PHASH,Hamming=10,10,Blotch,Rhizome_Healthy_Roots,4ae4872665366d6221f555e6ce503df0a28da057ffedd3f9715643bdea598491,3835df92135db2ba80f4dc67dd51d4ab10db2fd18fa835a53280dd4318d1c91a
blotch_(56).jpg,Rhizome Healthy Root00030.JPG,Dataset_01_jtttfbx342,Dataset_02_g46dvrcvwn,NEAR_DUPLICATE_PHASH,Hamming=10,10,Blotch,Rhizome_Healthy_Roots,4ae4872665366d6221f555e6ce503df0a28da057ffedd3f9715643bdea598491,5ce7923d7a7e7b4bd048f205c90e9a9a8d400d2fd8cf48fec15ac85b74cc3468
blotch_(56).jpg,Rhizome Healthy Root00031.JPG,Dataset_01_jtttfbx342,Dataset_02_g46dvrcvwn,NEAR_DUPLICATE_PHASH,Hamming=10,10,Blotch,Rhizome_Healthy_Roots,4ae4872665366d6221f555e6ce503df0a28da057ffedd3f9715643bdea598491,be1d95036007d6dc54776a298c8ed737b1c2ae0a0b8d9720d368b6fd64dfef46
blotch_(56).jpg,Rhizome Healthy Root00102.JPG,Dataset_01_jtttfbx342,Dataset_02_g46dvrcvwn,NEAR_DUPLICATE_PHASH,Hamming=8,8,Blotch,Rhizome_Healthy_Roots,4ae4872665366d6221f555e6ce503df0a28da057ffedd3f9715643bdea598491,42ed63fbc1a84d627ef27ec356342cf7d62182b1cfb585f9cbc082ed88702993
blotch_(56).jpg,Rhizome Healthy Root00103.JPG,Dataset_01_jtttfbx342,Dataset_02_g46dvrcvwn,NEAR_DUPLICATE_PHASH,Hamming=8,8,Blotch,Rhizome_Healthy_Roots,4ae4872665366d6221f555e6ce503df0a28da057ffedd3f9715643bdea598491,1a182a290d5ec92d08bc0bb7826ce7992966ad9ac025b6731f8d48f1b0071cec
blotch_(56).jpg,Rhizome Healthy Root00104.JPG,Dataset_01_jtttfbx342,Dataset_02_g46dvrcvwn,NEAR_DUPLICATE_PHASH,Hamming=7,7,Blotch,Rhizome_Healthy_Roots,4ae4872665366d6221f555e6ce503df0a28da057ffedd3f9715643bdea598491,c6e84c358fef466d5d651d6badc72f487938a8971667c64a8b9cd6ba4e2a15f6
blotch_(56).jpg,Rhizome Healthy Root00106.JPG,Dataset_01_jtttfbx342,Dataset_02_g46dvrcvwn,NEAR_DUPLICATE_PHASH,Hamming=10,10,Blotch,Rhizome_Healthy_Roots,4ae4872665366d6221f555e6ce503df0a28da057ffedd3f9715643bdea598491,792099df3f2fb91a62d25fc739635a820e6c5be3fb678f74f5b5b0d40f2c3209
blotch_(56).jpg,Rhizome Healthy Root00197.JPG,Dataset_01_jtttfbx342,Dataset_02_g46dvrcvwn,NEAR_DUPLICATE_PHASH,Hamming=8,8,Blotch,Rhizome_Healthy_Roots,4ae4872665366d6221f555e6ce503df0a28da057ffedd3f9715643bdea598491,a80da83064e1b58fe8d6e41c454b32d0a111e01d0d2fbe1b50a6d5303b8cf8cb
blotch_(56).jpg,Rhizome Healthy Root00198.JPG,Dataset_01_jtttfbx342,Dataset_02_g46dvrcvwn,NEAR_DUPLICATE_PHASH,Hamming=9,9,Blotch,Rhizome_Healthy_Roots,4ae4872665366d6221f555e6ce503df0a28da057ffedd3f9715643bdea598491,dcd362ff05f693cd0d5729594d6880236cf0b71b68820e3fd5f3d65483ccde1a
blotch_(56).jpg,Rhizome Healthy Root00232.JPG,Dataset_01_jtttfbx342,Dataset_02_g46dvrcvwn,NEAR_DUPLICATE_PHASH,Hamming=9,9,Blotch,Rhizome_Healthy_Roots,4ae4872665366d6221f555e6ce503df0a28da057ffedd3f9715643bdea598491,bc937e060206b7ac479f3eee51788f6e75bc98567118a529ef1b20784b1f366c
blotch_(56).jpg,Rhizome Healthy Root00257.JPG,Dataset_01_jtttfbx342,Dataset_02_g46dvrcvwn,NEAR_DUPLICATE_PHASH,Hamming=10,10,Blotch,Rhizome_Healthy_Roots,4ae4872665366d6221f555e6ce503df0a28da057ffedd3f9715643bdea598491,27078ff663c26a35d652cb818332a4af8a42761a7662fd6a5a390f2221ed1f91
blotch_(56).jpg,Rhizome Healthy Root00258.JPG,Dataset_01_jtttfbx342,Dataset_02_g46dvrcvwn,NEAR_DUPLICATE_PHASH,Hamming=9,9,Blotch,Rhizome_Healthy_Roots,4ae4872665366d6221f555e6ce503df0a28da057ffedd3f9715643bdea598491,741a6e06ca571fd5eea19c54fbb3ea01caa6353c419ec5110589eb77afea706b
blotch_(56).jpg,Rhizome Healthy Root00302.JPG,Dataset_01_jtttfbx342,Dataset_02_g46dvrcvwn,NEAR_DUPLICATE_PHASH,Hamming=10,10,Blotch,Rhizome_Healthy_Roots,4ae4872665366d6221f555e6ce503df0a28da057ffedd3f9715643bdea598491,1b056c0bec593d0fb2c3b1ab4b9d24f80ed054d4ea4c181663cd9794f0288604
blotch_(57).jpg,Leaf Blotch00001.JPG,Dataset_01_jtttfbx342,Dataset_02_g46dvrcvwn,NEAR_DUPLICATE_PHASH,Hamming=9,9,Blotch,Leaf_Blotch,ea95b3160e65d59f575b330364475baff7cc55a862cd18d2121b075c7a13f525,f461942049356cd766f3c3d99a694b69dc0861a87e650f004c6e580385152328
blotch_(57).jpg,Leaf Blotch00004.JPG,Dataset_01_jtttfbx342,Dataset_02_g46dvrcvwn,NEAR_DUPLICATE_PHASH,Hamming=7,7,Blotch,Leaf_Blotch,ea95b3160e65d59f575b330364475baff7cc55a862cd18d2121b075c7a13f525,a96b36433507af73e39df1d2ad9989e773b79c0d27ae1ebfbf5ecc18de823a07
blotch_(57).jpg,Leaf Blotch00005.JPG,Dataset_01_jtttfbx342,Dataset_02_g46dvrcvwn,NEAR_DUPLICATE_PHASH,Hamming=10,10,Blotch,Leaf_Blotch,ea95b3160e65d59f575b330364475baff7cc55a862cd18d2121b075c7a13f525,b5226d7c1649a14108ea4d4cb07f7891e66ce892f3f25536e7c1e20665c8d718
blotch_(57).jpg,Leaf Blotch00007.JPG,Dataset_01_jtttfbx342,Dataset_02_g46dvrcvwn,NEAR_DUPLICATE_PHASH,Hamming=10,10,Blotch,Leaf_Blotch,ea95b3160e65d59f575b330364475baff7cc55a862cd18d2121b075c7a13f525,4250a8509a408c0c3583e12added93347b1f06a3295945af950d7fb5448e73af
blotch_(57).jpg,Leaf Blotch00008.JPG,Dataset_01_jtttfbx342,Dataset_02_g46dvrcvwn,NEAR_DUPLICATE_PHASH,Hamming=9,9,Blotch,Leaf_Blotch,ea95b3160e65d59f575b330364475baff7cc55a862cd18d2121b075c7a13f525,c8bc1c36431f8bba388e437313476fdb6e489866cef23a0f4993352654de43ea
blotch_(59).jpg,Dry Leaf00079.JPG,Dataset_01_jtttfbx342,Dataset_02_g46dvrcvwn,NEAR_DUPLICATE_PHASH,Hamming=10,10,Blotch,Dry_Leaf,319a398eddd79cb4763199350899480dd19937e091e0882cf51e4936c1436722,1f6e087d7212035df77783d7de4752f7700ec05b7df4e4a76f3f7282d7157451
blotch_(58).jpg,Dry Leaf00100.JPG,Dataset_01_jtttfbx342,Dataset_02_g46dvrcvwn,NEAR_DUPLICATE_PHASH,Hamming=9,9,Blotch,Dry_Leaf,ed07c1f491fa9887acf9ccc03b6f7d6341c7d325afae7eca7b60efcd300a3182,b59ac801dc168808d912a67b0bef41184f32dbaf6a28275e3499663538cb2fb2
blotch_(58).jpg,Leaf Blotch00013.JPG,Dataset_01_jtttfbx342,Dataset_02_g46dvrcvwn,NEAR_DUPLICATE_PHASH,Hamming=10,10,Blotch,Leaf_Blotch,ed07c1f491fa9887acf9ccc03b6f7d6341c7d325afae7eca7b60efcd300a3182,5797dd7111430f12a244313aad959d22d1dda33555606a6fb5db54f435e09ccc
blotch_(58).jpg,Rhizome Disease Root00119.JPG,Dataset_01_jtttfbx342,Dataset_02_g46dvrcvwn,NEAR_DUPLICATE_PHASH,Hamming=10,10,Blotch,Rhizome_Disease_Roots,ed07c1f491fa9887acf9ccc03b6f7d6341c7d325afae7eca7b60efcd300a3182,3860ca121dc7be8a9b92246d9524d17e1638a64bf917d306d2677a941a170454
blotch_(58).jpg,Rhizome Disease Root00132.JPG,Dataset_01_jtttfbx342,Dataset_02_g46dvrcvwn,NEAR_DUPLICATE_PHASH,Hamming=10,10,Blotch,Rhizome_Disease_Roots,ed07c1f491fa9887acf9ccc03b6f7d6341c7d325afae7eca7b60efcd300a3182,535d14cf9e634ac77ae08271fd8ae60c12d9de8af1acf19a4a36b766d009a08b
blotch_(58).jpg,Rhizome Disease Root00156.JPG,Dataset_01_jtttfbx342,Dataset_02_g46dvrcvwn,NEAR_DUPLICATE_PHASH,Hamming=7,7,Blotch,Rhizome_Disease_Roots,ed07c1f491fa9887acf9ccc03b6f7d6341c7d325afae7eca7b60efcd300a3182,74dd34f67eda302dad349b8f862f8e61b4d47f462574402bc9b266d43335b307
blotch_(58).jpg,Rhizome Disease Root00174.JPG,Dataset_01_jtttfbx342,Dataset_02_g46dvrcvwn,NEAR_DUPLICATE_PHASH,Hamming=8,8,Blotch,Rhizome_Disease_Roots,ed07c1f491fa9887acf9ccc03b6f7d6341c7d325afae7eca7b60efcd300a3182,ecfb7eb332f9325f118c4febd130514cf65ed231d12141528bdc38f53c4e84e0
blotch_(58).jpg,Rhizome Healthy Root00107.JPG,Dataset_01_jtttfbx342,Dataset_02_g46dvrcvwn,NEAR_DUPLICATE_PHASH,Hamming=8,8,Blotch,Rhizome_Healthy_Roots,ed07c1f491fa9887acf9ccc03b6f7d6341c7d325afae7eca7b60efcd300a3182,017cc054582ac4cf8d0e919aa024caa2617a290a63fbfbdb4d191d3865b199b3
blotch_(58).jpg,Rhizome Healthy Root00108.JPG,Dataset_01_jtttfbx342,Dataset_02_g46dvrcvwn,NEAR_DUPLICATE_PHASH,Hamming=9,9,Blotch,Rhizome_Healthy_Roots,ed07c1f491fa9887acf9ccc03b6f7d6341c7d325afae7eca7b60efcd300a3182,18e4940395fcfda25175bff6b6cd19d48dd2ddfe0f0e68e9351caffce53c2aa0
blotch_(58).jpg,Rhizome Healthy Root00109.JPG,Dataset_01_jtttfbx342,Dataset_02_g46dvrcvwn,NEAR_DUPLICATE_PHASH,Hamming=9,9,Blotch,Rhizome_Healthy_Roots,ed07c1f491fa9887acf9ccc03b6f7d6341c7d325afae7eca7b60efcd300a3182,c8566ecdf7862e79a74895206bca12089fa6d2487a25486781aeaf4fef0aaef2
blotch_(58).jpg,Rhizome Healthy Root00110.JPG,Dataset_01_jtttfbx342,Dataset_02_g46dvrcvwn,NEAR_DUPLICATE_PHASH,Hamming=9,9,Blotch,Rhizome_Healthy_Roots,ed07c1f491fa9887acf9ccc03b6f7d6341c7d325afae7eca7b60efcd300a3182,64dddffe8d5261c760844e4a37a91bac73ddbed47c0aa4b934e31f60d5986398
blotch_(6).jpg,Dry Leaf00082.JPG,Dataset_01_jtttfbx342,Dataset_02_g46dvrcvwn,NEAR_DUPLICATE_PHASH,Hamming=10,10,Blotch,Dry_Leaf,a4616ee4c7ecbc0517f1ef248dc5c7e478508a69cd1c1c1fec3650f3ba37694b,0fef36b29f2c7149a46f1781d1a4edbd110d22d5b39a80b27eba7248551a7943
blotch_(6).jpg,Dry Leaf00122.JPG,Dataset_01_jtttfbx342,Dataset_02_g46dvrcvwn,NEAR_DUPLICATE_PHASH,Hamming=6,6,Blotch,Dry_Leaf,a4616ee4c7ecbc0517f1ef248dc5c7e478508a69cd1c1c1fec3650f3ba37694b,f4c98e627b86f34d545dfa70f914b5a3482f9dac29e37e4277a46b7a042753b4
blotch_(6).jpg,Dry Leaf00138.JPG,Dataset_01_jtttfbx342,Dataset_02_g46dvrcvwn,NEAR_DUPLICATE_PHASH,Hamming=8,8,Blotch,Dry_Leaf,a4616ee4c7ecbc0517f1ef248dc5c7e478508a69cd1c1c1fec3650f3ba37694b,48a137a521fcf8c5bf0f80670022143942508551f0f3047e9f590ff294fc2316
blotch_(6).jpg,Dry Leaf00143.JPG,Dataset_01_jtttfbx342,Dataset_02_g46dvrcvwn,NEAR_DUPLICATE_PHASH,Hamming=10,10,Blotch,Dry_Leaf,a4616ee4c7ecbc0517f1ef248dc5c7e478508a69cd1c1c1fec3650f3ba37694b,264aaf55af985e2d563adbfe4338e6d7666deb78327e547e536cc5a3f2933d56
blotch_(6).jpg,Rhizome Healthy Root00102.JPG,Dataset_01_jtttfbx342,Dataset_02_g46dvrcvwn,NEAR_DUPLICATE_PHASH,Hamming=10,10,Blotch,Rhizome_Healthy_Roots,a4616ee4c7ecbc0517f1ef248dc5c7e478508a69cd1c1c1fec3650f3ba37694b,42ed63fbc1a84d627ef27ec356342cf7d62182b1cfb585f9cbc082ed88702993
blotch_(6).jpg,Rhizome Healthy Root00103.JPG,Dataset_01_jtttfbx342,Dataset_02_g46dvrcvwn,NEAR_DUPLICATE_PHASH,Hamming=10,10,Blotch,Rhizome_Healthy_Roots,a4616ee4c7ecbc0517f1ef248dc5c7e478508a69cd1c1c1fec3650f3ba37694b,1a182a290d5ec92d08bc0bb7826ce7992966ad9ac025b6731f8d48f1b0071cec
blotch_(6).jpg,Rhizome Healthy Root00106.JPG,Dataset_01_jtttfbx342,Dataset_02_g46dvrcvwn,NEAR_DUPLICATE_PHASH,Hamming=10,10,Blotch,Rhizome_Healthy_Roots,a4616ee4c7ecbc0517f1ef248dc5c7e478508a69cd1c1c1fec3650f3ba37694b,792099df3f2fb91a62d25fc739635a820e6c5be3fb678f74f5b5b0d40f2c3209
blotch_(61).jpg,Dry Leaf00079.JPG,Dataset_01_jtttfbx342,Dataset_02_g46dvrcvwn,NEAR_DUPLICATE_PHASH,Hamming=10,10,Blotch,Dry_Leaf,76d54f4ba6bd6da593789246687e187b0d9e1e9f3481b63b52dc36501be30190,1f6e087d7212035df77783d7de4752f7700ec05b7df4e4a76f3f7282d7157451
blotch_(61).jpg,Dry Leaf00100.JPG,Dataset_01_jtttfbx342,Dataset_02_g46dvrcvwn,NEAR_DUPLICATE_PHASH,Hamming=9,9,Blotch,Dry_Leaf,76d54f4ba6bd6da593789246687e187b0d9e1e9f3481b63b52dc36501be30190,b59ac801dc168808d912a67b0bef41184f32dbaf6a28275e3499663538cb2fb2
blotch_(61).jpg,Rhizome Disease Root00114.JPG,Dataset_01_jtttfbx342,Dataset_02_g46dvrcvwn,NEAR_DUPLICATE_PHASH,Hamming=8,8,Blotch,Rhizome_Disease_Roots,76d54f4ba6bd6da593789246687e187b0d9e1e9f3481b63b52dc36501be30190,3a652734257559efc017044a527d4be6683a935a05e18c03b9115f80560df8be
blotch_(61).jpg,Rhizome Disease Root00174.JPG,Dataset_01_jtttfbx342,Dataset_02_g46dvrcvwn,NEAR_DUPLICATE_PHASH,Hamming=10,10,Blotch,Rhizome_Disease_Roots,76d54f4ba6bd6da593789246687e187b0d9e1e9f3481b63b52dc36501be30190,ecfb7eb332f9325f118c4febd130514cf65ed231d12141528bdc38f53c4e84e0
blotch_(61).jpg,Rhizome Disease Root00176.JPG,Dataset_01_jtttfbx342,Dataset_02_g46dvrcvwn,NEAR_DUPLICATE_PHASH,Hamming=10,10,Blotch,Rhizome_Disease_Roots,76d54f4ba6bd6da593789246687e187b0d9e1e9f3481b63b52dc36501be30190,4f668ea4799377a46be43218163c55f7774abdc0b33fc941041410a16945444d
blotch_(61).jpg,Rhizome Healthy Root00107.JPG,Dataset_01_jtttfbx342,Dataset_02_g46dvrcvwn,NEAR_DUPLICATE_PHASH,Hamming=10,10,Blotch,Rhizome_Healthy_Roots,76d54f4ba6bd6da593789246687e187b0d9e1e9f3481b63b52dc36501be30190,017cc054582ac4cf8d0e919aa024caa2617a290a63fbfbdb4d191d3865b199b3
blotch_(62).jpg,Dry Leaf00049.JPG,Dataset_01_jtttfbx342,Dataset_02_g46dvrcvwn,NEAR_DUPLICATE_PHASH,Hamming=10,10,Blotch,Dry_Leaf,3fb3ddc3564bfef8754c13efa7bb423550cd9113de6fa0fdde2e3caa0806a0a8,319d981af9df48246c86314c43f6489c9b8020dccdf45288eeeeef33f9cce8ad
blotch_(63).jpg,Rhizome Disease Root00109.JPG,Dataset_01_jtttfbx342,Dataset_02_g46dvrcvwn,NEAR_DUPLICATE_PHASH,Hamming=10,10,Blotch,Rhizome_Disease_Roots,819bbfdb1531a5951221c226ca7fb5bcdce827a20eb71d28d2058279e3c69f4f,f0c627b63b768afb39ae808c03bc62bcc065f94fbbbfb48b32fec6d423d28a8d
blotch_(63).jpg,Rhizome Disease Root00114.JPG,Dataset_01_jtttfbx342,Dataset_02_g46dvrcvwn,NEAR_DUPLICATE_PHASH,Hamming=10,10,Blotch,Rhizome_Disease_Roots,819bbfdb1531a5951221c226ca7fb5bcdce827a20eb71d28d2058279e3c69f4f,3a652734257559efc017044a527d4be6683a935a05e18c03b9115f80560df8be
blotch_(63).jpg,Rhizome Disease Root00135.JPG,Dataset_01_jtttfbx342,Dataset_02_g46dvrcvwn,NEAR_DUPLICATE_PHASH,Hamming=10,10,Blotch,Rhizome_Disease_Roots,819bbfdb1531a5951221c226ca7fb5bcdce827a20eb71d28d2058279e3c69f4f,8e91e44e52bc868ee19f622f2ce3184f57305d6db34af7bc650a337cb30b0fde
blotch_(64).jpg,Dry Leaf00183.JPG,Dataset_01_jtttfbx342,Dataset_02_g46dvrcvwn,NEAR_DUPLICATE_PHASH,Hamming=10,10,Blotch,Dry_Leaf,8f50fe27144258e680170c67237219a01c225da2291a4745dff6f79df10de383,6c977e13b65a6bd5c7bedbf38061458669ae4c4c1095f287f17fa0c76c892336
blotch_(64).jpg,Leaf Blotch00001.JPG,Dataset_01_jtttfbx342,Dataset_02_g46dvrcvwn,NEAR_DUPLICATE_PHASH,Hamming=10,10,Blotch,Leaf_Blotch,8f50fe27144258e680170c67237219a01c225da2291a4745dff6f79df10de383,f461942049356cd766f3c3d99a694b69dc0861a87e650f004c6e580385152328
blotch_(66).jpg,Dry Leaf00021.JPG,Dataset_01_jtttfbx342,Dataset_02_g46dvrcvwn,NEAR_DUPLICATE_PHASH,Hamming=9,9,Blotch,Dry_Leaf,23aa75f58ac8ecab88d156f81a6b3098bf41a5832f4456f9af4a889dd8d10bdb,80b07af320ce31e8a146fc8c36d40920359a994dbb7ce32c5c787d0e269bb363
blotch_(66).jpg,Dry Leaf00189.JPG,Dataset_01_jtttfbx342,Dataset_02_g46dvrcvwn,NEAR_DUPLICATE_PHASH,Hamming=10,10,Blotch,Dry_Leaf,23aa75f58ac8ecab88d156f81a6b3098bf41a5832f4456f9af4a889dd8d10bdb,e9931494175e3e5645f934f7f99fdc81a783ad520fb0078cef333cb05cb65fce
blotch_(66).jpg,Leaf Blotch00005.JPG,Dataset_01_jtttfbx342,Dataset_02_g46dvrcvwn,NEAR_DUPLICATE_PHASH,Hamming=10,10,Blotch,Leaf_Blotch,23aa75f58ac8ecab88d156f81a6b3098bf41a5832f4456f9af4a889dd8d10bdb,b5226d7c1649a14108ea4d4cb07f7891e66ce892f3f25536e7c1e20665c8d718
blotch_(66).jpg,Rhizome Disease Root00004.JPG,Dataset_01_jtttfbx342,Dataset_02_g46dvrcvwn,NEAR_DUPLICATE_PHASH,Hamming=10,10,Blotch,Rhizome_Disease_Roots,23aa75f58ac8ecab88d156f81a6b3098bf41a5832f4456f9af4a889dd8d10bdb,6f6e64319c0d1bab197b171a1f9a7efdec00a918a246926057b9e33d25fb5eee
blotch_(66).jpg,Rhizome Disease Root00031.JPG,Dataset_01_jtttfbx342,Dataset_02_g46dvrcvwn,NEAR_DUPLICATE_PHASH,Hamming=10,10,Blotch,Rhizome_Disease_Roots,23aa75f58ac8ecab88d156f81a6b3098bf41a5832f4456f9af4a889dd8d10bdb,dedf2d9306dfb93c43063f67c4400508fe0bb5a6138b865bc0149e9e0602865b
blotch_(66).jpg,Rhizome Disease Root00108.JPG,Dataset_01_jtttfbx342,Dataset_02_g46dvrcvwn,NEAR_DUPLICATE_PHASH,Hamming=10,10,Blotch,Rhizome_Disease_Roots,23aa75f58ac8ecab88d156f81a6b3098bf41a5832f4456f9af4a889dd8d10bdb,fa6b8eb8029c35c84b3dd6988ff45733a0cbc5ba5532d4c88d1db7643118aa4a
blotch_(66).jpg,Rhizome Disease Root00109.JPG,Dataset_01_jtttfbx342,Dataset_02_g46dvrcvwn,NEAR_DUPLICATE_PHASH,Hamming=10,10,Blotch,Rhizome_Disease_Roots,23aa75f58ac8ecab88d156f81a6b3098bf41a5832f4456f9af4a889dd8d10bdb,f0c627b63b768afb39ae808c03bc62bcc065f94fbbbfb48b32fec6d423d28a8d
blotch_(66).jpg,Rhizome Disease Root00114.JPG,Dataset_01_jtttfbx342,Dataset_02_g46dvrcvwn,NEAR_DUPLICATE_PHASH,Hamming=6,6,Blotch,Rhizome_Disease_Roots,23aa75f58ac8ecab88d156f81a6b3098bf41a5832f4456f9af4a889dd8d10bdb,3a652734257559efc017044a527d4be6683a935a05e18c03b9115f80560df8be
blotch_(66).jpg,Rhizome Disease Root00119.JPG,Dataset_01_jtttfbx342,Dataset_02_g46dvrcvwn,NEAR_DUPLICATE_PHASH,Hamming=10,10,Blotch,Rhizome_Disease_Roots,23aa75f58ac8ecab88d156f81a6b3098bf41a5832f4456f9af4a889dd8d10bdb,3860ca121dc7be8a9b92246d9524d17e1638a64bf917d306d2677a941a170454
blotch_(66).jpg,Rhizome Disease Root00174.JPG,Dataset_01_jtttfbx342,Dataset_02_g46dvrcvwn,NEAR_DUPLICATE_PHASH,Hamming=10,10,Blotch,Rhizome_Disease_Roots,23aa75f58ac8ecab88d156f81a6b3098bf41a5832f4456f9af4a889dd8d10bdb,ecfb7eb332f9325f118c4febd130514cf65ed231d12141528bdc38f53c4e84e0
blotch_(66).jpg,Rhizome Disease Root00176.JPG,Dataset_01_jtttfbx342,Dataset_02_g46dvrcvwn,NEAR_DUPLICATE_PHASH,Hamming=8,8,Blotch,Rhizome_Disease_Roots,23aa75f58ac8ecab88d156f81a6b3098bf41a5832f4456f9af4a889dd8d10bdb,4f668ea4799377a46be43218163c55f7774abdc0b33fc941041410a16945444d
blotch_(66).jpg,Rhizome Healthy Root00024.JPG,Dataset_01_jtttfbx342,Dataset_02_g46dvrcvwn,NEAR_DUPLICATE_PHASH,Hamming=10,10,Blotch,Rhizome_Healthy_Roots,23aa75f58ac8ecab88d156f81a6b3098bf41a5832f4456f9af4a889dd8d10bdb,aee3163751aae1c2194e061cc5be15c4ec5e2688c78c5e434db62615e22b0429
blotch_(66).jpg,Rhizome Healthy Root00027.JPG,Dataset_01_jtttfbx342,Dataset_02_g46dvrcvwn,NEAR_DUPLICATE_PHASH,Hamming=10,10,Blotch,Rhizome_Healthy_Roots,23aa75f58ac8ecab88d156f81a6b3098bf41a5832f4456f9af4a889dd8d10bdb,581455dd1795265737fcdb0c98151c8efd0e53c4bbdfed210adc16f86b63a000
blotch_(66).jpg,Rhizome Healthy Root00029.JPG,Dataset_01_jtttfbx342,Dataset_02_g46dvrcvwn,NEAR_DUPLICATE_PHASH,Hamming=9,9,Blotch,Rhizome_Healthy_Roots,23aa75f58ac8ecab88d156f81a6b3098bf41a5832f4456f9af4a889dd8d10bdb,3835df92135db2ba80f4dc67dd51d4ab10db2fd18fa835a53280dd4318d1c91a
blotch_(66).jpg,Rhizome Healthy Root00030.JPG,Dataset_01_jtttfbx342,Dataset_02_g46dvrcvwn,NEAR_DUPLICATE_PHASH,Hamming=9,9,Blotch,Rhizome_Healthy_Roots,23aa75f58ac8ecab88d156f81a6b3098bf41a5832f4456f9af4a889dd8d10bdb,5ce7923d7a7e7b4bd048f205c90e9a9a8d400d2fd8cf48fec15ac85b74cc3468
blotch_(66).jpg,Rhizome Healthy Root00031.JPG,Dataset_01_jtttfbx342,Dataset_02_g46dvrcvwn,NEAR_DUPLICATE_PHASH,Hamming=9,9,Blotch,Rhizome_Healthy_Roots,23aa75f58ac8ecab88d156f81a6b3098bf41a5832f4456f9af4a889dd8d10bdb,be1d95036007d6dc54776a298c8ed737b1c2ae0a0b8d9720d368b6fd64dfef46
blotch_(66).jpg,Rhizome Healthy Root00102.JPG,Dataset_01_jtttfbx342,Dataset_02_g46dvrcvwn,NEAR_DUPLICATE_PHASH,Hamming=9,9,Blotch,Rhizome_Healthy_Roots,23aa75f58ac8ecab88d156f81a6b3098bf41a5832f4456f9af4a889dd8d10bdb,42ed63fbc1a84d627ef27ec356342cf7d62182b1cfb585f9cbc082ed88702993
blotch_(66).jpg,Rhizome Healthy Root00103.JPG,Dataset_01_jtttfbx342,Dataset_02_g46dvrcvwn,NEAR_DUPLICATE_PHASH,Hamming=9,9,Blotch,Rhizome_Healthy_Roots,23aa75f58ac8ecab88d156f81a6b3098bf41a5832f4456f9af4a889dd8d10bdb,1a182a290d5ec92d08bc0bb7826ce7992966ad9ac025b6731f8d48f1b0071cec
blotch_(66).jpg,Rhizome Healthy Root00104.JPG,Dataset_01_jtttfbx342,Dataset_02_g46dvrcvwn,NEAR_DUPLICATE_PHASH,Hamming=8,8,Blotch,Rhizome_Healthy_Roots,23aa75f58ac8ecab88d156f81a6b3098bf41a5832f4456f9af4a889dd8d10bdb,c6e84c358fef466d5d651d6badc72f487938a8971667c64a8b9cd6ba4e2a15f6
blotch_(66).jpg,Rhizome Healthy Root00107.JPG,Dataset_01_jtttfbx342,Dataset_02_g46dvrcvwn,NEAR_DUPLICATE_PHASH,Hamming=10,10,Blotch,Rhizome_Healthy_Roots,23aa75f58ac8ecab88d156f81a6b3098bf41a5832f4456f9af4a889dd8d10bdb,017cc054582ac4cf8d0e919aa024caa2617a290a63fbfbdb4d191d3865b199b3
blotch_(66).jpg,Rhizome Healthy Root00197.JPG,Dataset_01_jtttfbx342,Dataset_02_g46dvrcvwn,NEAR_DUPLICATE_PHASH,Hamming=9,9,Blotch,Rhizome_Healthy_Roots,23aa75f58ac8ecab88d156f81a6b3098bf41a5832f4456f9af4a889dd8d10bdb,a80da83064e1b58fe8d6e41c454b32d0a111e01d0d2fbe1b50a6d5303b8cf8cb
blotch_(66).jpg,Rhizome Healthy Root00198.JPG,Dataset_01_jtttfbx342,Dataset_02_g46dvrcvwn,NEAR_DUPLICATE_PHASH,Hamming=10,10,Blotch,Rhizome_Healthy_Roots,23aa75f58ac8ecab88d156f81a6b3098bf41a5832f4456f9af4a889dd8d10bdb,dcd362ff05f693cd0d5729594d6880236cf0b71b68820e3fd5f3d65483ccde1a
blotch_(66).jpg,Rhizome Healthy Root00232.JPG,Dataset_01_jtttfbx342,Dataset_02_g46dvrcvwn,NEAR_DUPLICATE_PHASH,Hamming=10,10,Blotch,Rhizome_Healthy_Roots,23aa75f58ac8ecab88d156f81a6b3098bf41a5832f4456f9af4a889dd8d10bdb,bc937e060206b7ac479f3eee51788f6e75bc98567118a529ef1b20784b1f366c
blotch_(66).jpg,Rhizome Healthy Root00258.JPG,Dataset_01_jtttfbx342,Dataset_02_g46dvrcvwn,NEAR_DUPLICATE_PHASH,Hamming=10,10,Blotch,Rhizome_Healthy_Roots,23aa75f58ac8ecab88d156f81a6b3098bf41a5832f4456f9af4a889dd8d10bdb,741a6e06ca571fd5eea19c54fbb3ea01caa6353c419ec5110589eb77afea706b
blotch_(66).jpg,Rhizome Healthy Root00298.JPG,Dataset_01_jtttfbx342,Dataset_02_g46dvrcvwn,NEAR_DUPLICATE_PHASH,Hamming=10,10,Blotch,Rhizome_Healthy_Roots,23aa75f58ac8ecab88d156f81a6b3098bf41a5832f4456f9af4a889dd8d10bdb,2783c1890cd370aeaac62205f04cd2f8e6dbd23c5f0a56b5e3406893bed3c47f
blotch_(66).jpg,Rhizome Healthy Root00302.JPG,Dataset_01_jtttfbx342,Dataset_02_g46dvrcvwn,NEAR_DUPLICATE_PHASH,Hamming=9,9,Blotch,Rhizome_Healthy_Roots,23aa75f58ac8ecab88d156f81a6b3098bf41a5832f4456f9af4a889dd8d10bdb,1b056c0bec593d0fb2c3b1ab4b9d24f80ed054d4ea4c181663cd9794f0288604
blotch_(66).jpg,Rhizome Healthy Root00303.JPG,Dataset_01_jtttfbx342,Dataset_02_g46dvrcvwn,NEAR_DUPLICATE_PHASH,Hamming=10,10,Blotch,Rhizome_Healthy_Roots,23aa75f58ac8ecab88d156f81a6b3098bf41a5832f4456f9af4a889dd8d10bdb,67b3e63120ef420e06cb311a4b97a1c1cb953fa026bae3e4e864d26264f1d837
blotch_(67).jpg,Dry Leaf00041.JPG,Dataset_01_jtttfbx342,Dataset_02_g46dvrcvwn,NEAR_DUPLICATE_PHASH,Hamming=10,10,Blotch,Dry_Leaf,e4a222f75a75b2325f3fe0dba65824a840ebacdc650b5542911392d85b9e8635,c7271ce442c0a9d589614d7da286a68bbfb39243fea32e7ba225370dd952edc7
blotch_(68).jpg,Rhizome Disease Root00008.JPG,Dataset_01_jtttfbx342,Dataset_02_g46dvrcvwn,NEAR_DUPLICATE_PHASH,Hamming=9,9,Blotch,Rhizome_Disease_Roots,e33b05288c719aa6022943f3622150d5eee85d723a384b5c2b26c86f2d0a7074,a6e77cfbf64275527984914e7fdd09c4ab1d62431b8b1b2624fef313809d1a73
blotch_(69).jpg,Leaf Blotch00004.JPG,Dataset_01_jtttfbx342,Dataset_02_g46dvrcvwn,NEAR_DUPLICATE_PHASH,Hamming=10,10,Blotch,Leaf_Blotch,662d87aa35db90558f7c8fa4cf8a56f06e36500d1fd753ab34f555d6fd099c6e,a96b36433507af73e39df1d2ad9989e773b79c0d27ae1ebfbf5ecc18de823a07
blotch_(7).jpg,Dry Leaf00122.JPG,Dataset_01_jtttfbx342,Dataset_02_g46dvrcvwn,NEAR_DUPLICATE_PHASH,Hamming=9,9,Blotch,Dry_Leaf,4c6b9fe596184c058cd35b918007d0eee2db4a80a2e9b07a9b0085a5b1e0e424,f4c98e627b86f34d545dfa70f914b5a3482f9dac29e37e4277a46b7a042753b4
blotch_(70).jpg,Dry Leaf00082.JPG,Dataset_01_jtttfbx342,Dataset_02_g46dvrcvwn,NEAR_DUPLICATE_PHASH,Hamming=10,10,Blotch,Dry_Leaf,d7cee48d1f727862cc0f605e7c6afdd8b9915e4990a1bead3dbc5d8927492ac8,0fef36b29f2c7149a46f1781d1a4edbd110d22d5b39a80b27eba7248551a7943
blotch_(70).jpg,Dry Leaf00122.JPG,Dataset_01_jtttfbx342,Dataset_02_g46dvrcvwn,NEAR_DUPLICATE_PHASH,Hamming=10,10,Blotch,Dry_Leaf,d7cee48d1f727862cc0f605e7c6afdd8b9915e4990a1bead3dbc5d8927492ac8,f4c98e627b86f34d545dfa70f914b5a3482f9dac29e37e4277a46b7a042753b4
blotch_(70).jpg,Dry Leaf00138.JPG,Dataset_01_jtttfbx342,Dataset_02_g46dvrcvwn,NEAR_DUPLICATE_PHASH,Hamming=8,8,Blotch,Dry_Leaf,d7cee48d1f727862cc0f605e7c6afdd8b9915e4990a1bead3dbc5d8927492ac8,48a137a521fcf8c5bf0f80670022143942508551f0f3047e9f590ff294fc2316
blotch_(70).jpg,Dry Leaf00143.JPG,Dataset_01_jtttfbx342,Dataset_02_g46dvrcvwn,NEAR_DUPLICATE_PHASH,Hamming=8,8,Blotch,Dry_Leaf,d7cee48d1f727862cc0f605e7c6afdd8b9915e4990a1bead3dbc5d8927492ac8,264aaf55af985e2d563adbfe4338e6d7666deb78327e547e536cc5a3f2933d56
blotch_(71).jpg,Leaf Blotch00008.JPG,Dataset_01_jtttfbx342,Dataset_02_g46dvrcvwn,NEAR_DUPLICATE_PHASH,Hamming=10,10,Blotch,Leaf_Blotch,b8555c89922a2bd5c848739e8c1cbb632a396bb376ed38dea0979cac2170ed8c,c8bc1c36431f8bba388e437313476fdb6e489866cef23a0f4993352654de43ea
blotch_(71).jpg,Rhizome Disease Root00106.JPG,Dataset_01_jtttfbx342,Dataset_02_g46dvrcvwn,NEAR_DUPLICATE_PHASH,Hamming=8,8,Blotch,Rhizome_Disease_Roots,b8555c89922a2bd5c848739e8c1cbb632a396bb376ed38dea0979cac2170ed8c,609c39bc0b9a56b920bde2aa77eca2b1a4d2b155b15a4ed010ead5dc7e8bcb35
blotch_(71).jpg,Rhizome Disease Root00114.JPG,Dataset_01_jtttfbx342,Dataset_02_g46dvrcvwn,NEAR_DUPLICATE_PHASH,Hamming=7,7,Blotch,Rhizome_Disease_Roots,b8555c89922a2bd5c848739e8c1cbb632a396bb376ed38dea0979cac2170ed8c,3a652734257559efc017044a527d4be6683a935a05e18c03b9115f80560df8be
blotch_(71).jpg,Rhizome Healthy Root00265.JPG,Dataset_01_jtttfbx342,Dataset_02_g46dvrcvwn,NEAR_DUPLICATE_PHASH,Hamming=10,10,Blotch,Rhizome_Healthy_Roots,b8555c89922a2bd5c848739e8c1cbb632a396bb376ed38dea0979cac2170ed8c,4c66ee0911137283f61856c4a67a4098d027c8fcfba0175633b01ce66f114c23
blotch_(71).jpg,Rhizome Healthy Root00267.JPG,Dataset_01_jtttfbx342,Dataset_02_g46dvrcvwn,NEAR_DUPLICATE_PHASH,Hamming=10,10,Blotch,Rhizome_Healthy_Roots,b8555c89922a2bd5c848739e8c1cbb632a396bb376ed38dea0979cac2170ed8c,a3e2b48643accc82072c55aa141bea2b21051b8539d1acb10e807cd7c9a99800
blotch_(71).jpg,Rhizome Healthy Root00302.JPG,Dataset_01_jtttfbx342,Dataset_02_g46dvrcvwn,NEAR_DUPLICATE_PHASH,Hamming=10,10,Blotch,Rhizome_Healthy_Roots,b8555c89922a2bd5c848739e8c1cbb632a396bb376ed38dea0979cac2170ed8c,1b056c0bec593d0fb2c3b1ab4b9d24f80ed054d4ea4c181663cd9794f0288604
blotch_(72).jpg,Dry Leaf00082.JPG,Dataset_01_jtttfbx342,Dataset_02_g46dvrcvwn,NEAR_DUPLICATE_PHASH,Hamming=9,9,Blotch,Dry_Leaf,fd73285a4250a85c1d761c840da59379d7ca7dc87b70f392d61f877f8a0990e7,0fef36b29f2c7149a46f1781d1a4edbd110d22d5b39a80b27eba7248551a7943
blotch_(72).jpg,Dry Leaf00122.JPG,Dataset_01_jtttfbx342,Dataset_02_g46dvrcvwn,NEAR_DUPLICATE_PHASH,Hamming=9,9,Blotch,Dry_Leaf,fd73285a4250a85c1d761c840da59379d7ca7dc87b70f392d61f877f8a0990e7,f4c98e627b86f34d545dfa70f914b5a3482f9dac29e37e4277a46b7a042753b4
blotch_(72).jpg,Leaf Blotch00004.JPG,Dataset_01_jtttfbx342,Dataset_02_g46dvrcvwn,NEAR_DUPLICATE_PHASH,Hamming=9,9,Blotch,Leaf_Blotch,fd73285a4250a85c1d761c840da59379d7ca7dc87b70f392d61f877f8a0990e7,a96b36433507af73e39df1d2ad9989e773b79c0d27ae1ebfbf5ecc18de823a07
blotch_(72).jpg,Leaf Blotch00005.JPG,Dataset_01_jtttfbx342,Dataset_02_g46dvrcvwn,NEAR_DUPLICATE_PHASH,Hamming=10,10,Blotch,Leaf_Blotch,fd73285a4250a85c1d761c840da59379d7ca7dc87b70f392d61f877f8a0990e7,b5226d7c1649a14108ea4d4cb07f7891e66ce892f3f25536e7c1e20665c8d718
blotch_(72).jpg,Rhizome Disease Root00114.JPG,Dataset_01_jtttfbx342,Dataset_02_g46dvrcvwn,NEAR_DUPLICATE_PHASH,Hamming=10,10,Blotch,Rhizome_Disease_Roots,fd73285a4250a85c1d761c840da59379d7ca7dc87b70f392d61f877f8a0990e7,3a652734257559efc017044a527d4be6683a935a05e18c03b9115f80560df8be
blotch_(72).jpg,Rhizome Healthy Root00104.JPG,Dataset_01_jtttfbx342,Dataset_02_g46dvrcvwn,NEAR_DUPLICATE_PHASH,Hamming=10,10,Blotch,Rhizome_Healthy_Roots,fd73285a4250a85c1d761c840da59379d7ca7dc87b70f392d61f877f8a0990e7,c6e84c358fef466d5d651d6badc72f487938a8971667c64a8b9cd6ba4e2a15f6
blotch_(73).jpg,Dry Leaf00021.JPG,Dataset_01_jtttfbx342,Dataset_02_g46dvrcvwn,NEAR_DUPLICATE_PHASH,Hamming=8,8,Blotch,Dry_Leaf,e4ff0c0f9d52cf0566fb1934cb3306b291c29d593bb368eb4577372115cf267f,80b07af320ce31e8a146fc8c36d40920359a994dbb7ce32c5c787d0e269bb363
blotch_(73).jpg,Dry Leaf00023.JPG,Dataset_01_jtttfbx342,Dataset_02_g46dvrcvwn,NEAR_DUPLICATE_PHASH,Hamming=8,8,Blotch,Dry_Leaf,e4ff0c0f9d52cf0566fb1934cb3306b291c29d593bb368eb4577372115cf267f,c5c842e23075cf1d7f635e7b91eeb0d4581960cf85b77eb65e0e23551d42e8e4
blotch_(73).jpg,Dry Leaf00099.JPG,Dataset_01_jtttfbx342,Dataset_02_g46dvrcvwn,NEAR_DUPLICATE_PHASH,Hamming=9,9,Blotch,Dry_Leaf,e4ff0c0f9d52cf0566fb1934cb3306b291c29d593bb368eb4577372115cf267f,90f2bf2684a759f96385d1e421eed88e187915a5a7a6cd2ed7e1daec095fca4b
blotch_(73).jpg,Dry Leaf00100.JPG,Dataset_01_jtttfbx342,Dataset_02_g46dvrcvwn,NEAR_DUPLICATE_PHASH,Hamming=6,6,Blotch,Dry_Leaf,e4ff0c0f9d52cf0566fb1934cb3306b291c29d593bb368eb4577372115cf267f,b59ac801dc168808d912a67b0bef41184f32dbaf6a28275e3499663538cb2fb2
blotch_(73).jpg,Dry Leaf00132.JPG,Dataset_01_jtttfbx342,Dataset_02_g46dvrcvwn,NEAR_DUPLICATE_PHASH,Hamming=7,7,Blotch,Dry_Leaf,e4ff0c0f9d52cf0566fb1934cb3306b291c29d593bb368eb4577372115cf267f,6ad1984ab2f5869d796580739ddc3fde3e5a24608a21d4b99e04304fa8f4d850
blotch_(73).jpg,Rhizome Disease Root00156.JPG,Dataset_01_jtttfbx342,Dataset_02_g46dvrcvwn,NEAR_DUPLICATE_PHASH,Hamming=10,10,Blotch,Rhizome_Disease_Roots,e4ff0c0f9d52cf0566fb1934cb3306b291c29d593bb368eb4577372115cf267f,74dd34f67eda302dad349b8f862f8e61b4d47f462574402bc9b266d43335b307
blotch_(74).jpg,Healthy Leaf00186.JPG,Dataset_01_jtttfbx342,Dataset_02_g46dvrcvwn,NEAR_DUPLICATE_PHASH,Hamming=9,9,Blotch,Healthy_Leaf,168f3c4b41494a25a96557d6a1bfd5ce15c42e3e73008baa6d067ecf55599357,f99497e0754004956fa65209dc0aa94a753bdc8cccaf34066b1286dfb32c2e3a
blotch_(74).jpg,Leaf Blotch00006.JPG,Dataset_01_jtttfbx342,Dataset_02_g46dvrcvwn,NEAR_DUPLICATE_PHASH,Hamming=9,9,Blotch,Leaf_Blotch,168f3c4b41494a25a96557d6a1bfd5ce15c42e3e73008baa6d067ecf55599357,b0975277450bc6f9f338542e47055ab8a8947999d4a87cd8e2097f23af27f392
blotch_(74).jpg,Rhizome Disease Root00034.JPG,Dataset_01_jtttfbx342,Dataset_02_g46dvrcvwn,NEAR_DUPLICATE_PHASH,Hamming=10,10,Blotch,Rhizome_Disease_Roots,168f3c4b41494a25a96557d6a1bfd5ce15c42e3e73008baa6d067ecf55599357,aa22a7c227d716435dd599215eeb8d8ff8fa28e874036f2fead8971a32cced9f
blotch_(76).jpg,Rhizome Disease Root00106.JPG,Dataset_01_jtttfbx342,Dataset_02_g46dvrcvwn,NEAR_DUPLICATE_PHASH,Hamming=10,10,Blotch,Rhizome_Disease_Roots,6678ca64dea9e8fdc2c72d5335c42dd91107d0e6787a5826360130090a46ba07,609c39bc0b9a56b920bde2aa77eca2b1a4d2b155b15a4ed010ead5dc7e8bcb35
blotch_(76).jpg,Rhizome Disease Root00108.JPG,Dataset_01_jtttfbx342,Dataset_02_g46dvrcvwn,NEAR_DUPLICATE_PHASH,Hamming=9,9,Blotch,Rhizome_Disease_Roots,6678ca64dea9e8fdc2c72d5335c42dd91107d0e6787a5826360130090a46ba07,fa6b8eb8029c35c84b3dd6988ff45733a0cbc5ba5532d4c88d1db7643118aa4a
blotch_(77).jpg,Dry Leaf00106.JPG,Dataset_01_jtttfbx342,Dataset_02_g46dvrcvwn,NEAR_DUPLICATE_PHASH,Hamming=10,10,Blotch,Dry_Leaf,71a55537e8ed3d38a40eeaedfd1f427a0cf3c58fa4d3b9838cc0809e6798e373,bf51d86e769f79565126a609d7663982a5939e707036279be63053b07f71726b
blotch_(77).jpg,Leaf Blotch00006.JPG,Dataset_01_jtttfbx342,Dataset_02_g46dvrcvwn,NEAR_DUPLICATE_PHASH,Hamming=9,9,Blotch,Leaf_Blotch,71a55537e8ed3d38a40eeaedfd1f427a0cf3c58fa4d3b9838cc0809e6798e373,b0975277450bc6f9f338542e47055ab8a8947999d4a87cd8e2097f23af27f392
blotch_(79).jpg,Healthy Leaf00038.JPG,Dataset_01_jtttfbx342,Dataset_02_g46dvrcvwn,NEAR_DUPLICATE_PHASH,Hamming=10,10,Blotch,Healthy_Leaf,9184e0f7a2f3f8927376c45df42fe4dde7317018a845568a8828081654fde96a,5a8d8d4fe5db15fc17abba9c49e209e88a4641a270a544ef0ff16c8c4bfbbe31
blotch_(79).jpg,Rhizome Disease Root00011.JPG,Dataset_01_jtttfbx342,Dataset_02_g46dvrcvwn,NEAR_DUPLICATE_PHASH,Hamming=8,8,Blotch,Rhizome_Disease_Roots,9184e0f7a2f3f8927376c45df42fe4dde7317018a845568a8828081654fde96a,9e5b456e10edce65aab601b2f8131f40d6819965e444da5f3f857d82317bfae2
blotch_(80).jpg,Dry Leaf00082.JPG,Dataset_01_jtttfbx342,Dataset_02_g46dvrcvwn,NEAR_DUPLICATE_PHASH,Hamming=10,10,Blotch,Dry_Leaf,ba3efa7966504f7f92c2efc806367f47b14bcd559301724897c7851078170141,0fef36b29f2c7149a46f1781d1a4edbd110d22d5b39a80b27eba7248551a7943
blotch_(81).jpg,Rhizome Disease Root00112.JPG,Dataset_01_jtttfbx342,Dataset_02_g46dvrcvwn,NEAR_DUPLICATE_PHASH,Hamming=10,10,Blotch,Rhizome_Disease_Roots,085af786a7e219a7f2244a51f66e26e71223c991b711677347293f5d84c6a48d,91ae7035e064a6406120fc0ecaa788edd1c48a2b5f20f0c2337b08707f3fbe0f
blotch_(82).jpg,Dry Leaf00049.JPG,Dataset_01_jtttfbx342,Dataset_02_g46dvrcvwn,NEAR_DUPLICATE_PHASH,Hamming=6,6,Blotch,Dry_Leaf,f97fbb4a4bbdad192c3e51a13451a0690deefc7ee4e30547899571968157b15a,319d981af9df48246c86314c43f6489c9b8020dccdf45288eeeeef33f9cce8ad
blotch_(82).jpg,Rhizome Disease Root00011.JPG,Dataset_01_jtttfbx342,Dataset_02_g46dvrcvwn,NEAR_DUPLICATE_PHASH,Hamming=10,10,Blotch,Rhizome_Disease_Roots,f97fbb4a4bbdad192c3e51a13451a0690deefc7ee4e30547899571968157b15a,9e5b456e10edce65aab601b2f8131f40d6819965e444da5f3f857d82317bfae2
blotch_(82).jpg,Rhizome Disease Root00051.JPG,Dataset_01_jtttfbx342,Dataset_02_g46dvrcvwn,NEAR_DUPLICATE_PHASH,Hamming=10,10,Blotch,Rhizome_Disease_Roots,f97fbb4a4bbdad192c3e51a13451a0690deefc7ee4e30547899571968157b15a,c3fee4901f93ea15d70163a5bbe7fd3322016fa8a17e023c1438c8c0121432e5
blotch_(82).jpg,Rhizome Healthy Root00234.JPG,Dataset_01_jtttfbx342,Dataset_02_g46dvrcvwn,NEAR_DUPLICATE_PHASH,Hamming=9,9,Blotch,Rhizome_Healthy_Roots,f97fbb4a4bbdad192c3e51a13451a0690deefc7ee4e30547899571968157b15a,e502e303869bb478fdea6d5d858c5c04eb20958884dfa3ff7eadf40d133b2b51
blotch_(85).jpg,Dry Leaf00082.JPG,Dataset_01_jtttfbx342,Dataset_02_g46dvrcvwn,NEAR_DUPLICATE_PHASH,Hamming=10,10,Blotch,Dry_Leaf,38fb8939ba1e8fa0f0f6e821d9c20eda4b63cbaaacf2101a2d705b301960aa7f,0fef36b29f2c7149a46f1781d1a4edbd110d22d5b39a80b27eba7248551a7943
blotch_(85).jpg,Dry Leaf00138.JPG,Dataset_01_jtttfbx342,Dataset_02_g46dvrcvwn,NEAR_DUPLICATE_PHASH,Hamming=10,10,Blotch,Dry_Leaf,38fb8939ba1e8fa0f0f6e821d9c20eda4b63cbaaacf2101a2d705b301960aa7f,48a137a521fcf8c5bf0f80670022143942508551f0f3047e9f590ff294fc2316
blotch_(85).jpg,Dry Leaf00143.JPG,Dataset_01_jtttfbx342,Dataset_02_g46dvrcvwn,NEAR_DUPLICATE_PHASH,Hamming=8,8,Blotch,Dry_Leaf,38fb8939ba1e8fa0f0f6e821d9c20eda4b63cbaaacf2101a2d705b301960aa7f,264aaf55af985e2d563adbfe4338e6d7666deb78327e547e536cc5a3f2933d56
blotch_(84).jpg,Leaf Blotch00003.JPG,Dataset_01_jtttfbx342,Dataset_02_g46dvrcvwn,NEAR_DUPLICATE_PHASH,Hamming=9,9,Blotch,Leaf_Blotch,29ada7b3473724825db3b93991a552c7bb85516914fc7d05dbabd7cc671dec0f,b32906700713e8eab661f5adedfcf256fcb2c9633d8d27425b9d24eb2350640e
blotch_(84).jpg,Leaf Blotch00004.JPG,Dataset_01_jtttfbx342,Dataset_02_g46dvrcvwn,NEAR_DUPLICATE_PHASH,Hamming=9,9,Blotch,Leaf_Blotch,29ada7b3473724825db3b93991a552c7bb85516914fc7d05dbabd7cc671dec0f,a96b36433507af73e39df1d2ad9989e773b79c0d27ae1ebfbf5ecc18de823a07
blotch_(84).jpg,Leaf Blotch00006.JPG,Dataset_01_jtttfbx342,Dataset_02_g46dvrcvwn,NEAR_DUPLICATE_PHASH,Hamming=9,9,Blotch,Leaf_Blotch,29ada7b3473724825db3b93991a552c7bb85516914fc7d05dbabd7cc671dec0f,b0975277450bc6f9f338542e47055ab8a8947999d4a87cd8e2097f23af27f392
blotch_(84).jpg,Rhizome Disease Root00011.JPG,Dataset_01_jtttfbx342,Dataset_02_g46dvrcvwn,NEAR_DUPLICATE_PHASH,Hamming=8,8,Blotch,Rhizome_Disease_Roots,29ada7b3473724825db3b93991a552c7bb85516914fc7d05dbabd7cc671dec0f,9e5b456e10edce65aab601b2f8131f40d6819965e444da5f3f857d82317bfae2
blotch_(86).jpg,Dry Leaf00072.JPG,Dataset_01_jtttfbx342,Dataset_02_g46dvrcvwn,NEAR_DUPLICATE_PHASH,Hamming=10,10,Blotch,Dry_Leaf,5acf8844379d03f6e98b2c68b642060f7c35ba0fb787deb56ee6bde38a90690b,0ae34b2cfac8174028b91944bc4881819bca0ab9e1f5a7d5f41b0389f407edac
blotch_(86).jpg,Dry Leaf00082.JPG,Dataset_01_jtttfbx342,Dataset_02_g46dvrcvwn,NEAR_DUPLICATE_PHASH,Hamming=6,6,Blotch,Dry_Leaf,5acf8844379d03f6e98b2c68b642060f7c35ba0fb787deb56ee6bde38a90690b,0fef36b29f2c7149a46f1781d1a4edbd110d22d5b39a80b27eba7248551a7943
blotch_(86).jpg,Dry Leaf00106.JPG,Dataset_01_jtttfbx342,Dataset_02_g46dvrcvwn,NEAR_DUPLICATE_PHASH,Hamming=9,9,Blotch,Dry_Leaf,5acf8844379d03f6e98b2c68b642060f7c35ba0fb787deb56ee6bde38a90690b,bf51d86e769f79565126a609d7663982a5939e707036279be63053b07f71726b
blotch_(86).jpg,Dry Leaf00143.JPG,Dataset_01_jtttfbx342,Dataset_02_g46dvrcvwn,NEAR_DUPLICATE_PHASH,Hamming=10,10,Blotch,Dry_Leaf,5acf8844379d03f6e98b2c68b642060f7c35ba0fb787deb56ee6bde38a90690b,264aaf55af985e2d563adbfe4338e6d7666deb78327e547e536cc5a3f2933d56
blotch_(86).jpg,Healthy Leaf00038.JPG,Dataset_01_jtttfbx342,Dataset_02_g46dvrcvwn,NEAR_DUPLICATE_PHASH,Hamming=9,9,Blotch,Healthy_Leaf,5acf8844379d03f6e98b2c68b642060f7c35ba0fb787deb56ee6bde38a90690b,5a8d8d4fe5db15fc17abba9c49e209e88a4641a270a544ef0ff16c8c4bfbbe31
blotch_(86).jpg,Healthy Leaf00059.JPG,Dataset_01_jtttfbx342,Dataset_02_g46dvrcvwn,NEAR_DUPLICATE_PHASH,Hamming=10,10,Blotch,Healthy_Leaf,5acf8844379d03f6e98b2c68b642060f7c35ba0fb787deb56ee6bde38a90690b,5fa621aa9bb168ac38025728080ec64671c25350d439ba44e181a89b59a77a89
blotch_(86).jpg,Healthy Leaf00128.JPG,Dataset_01_jtttfbx342,Dataset_02_g46dvrcvwn,NEAR_DUPLICATE_PHASH,Hamming=10,10,Blotch,Healthy_Leaf,5acf8844379d03f6e98b2c68b642060f7c35ba0fb787deb56ee6bde38a90690b,b95bf50ce34146f0e4263e19a6909b45fd0f0cecec7543dbc7702cf6b3edc8fd
blotch_(86).jpg,Leaf Blotch00003.JPG,Dataset_01_jtttfbx342,Dataset_02_g46dvrcvwn,NEAR_DUPLICATE_PHASH,Hamming=10,10,Blotch,Leaf_Blotch,5acf8844379d03f6e98b2c68b642060f7c35ba0fb787deb56ee6bde38a90690b,b32906700713e8eab661f5adedfcf256fcb2c9633d8d27425b9d24eb2350640e
blotch_(86).jpg,Leaf Blotch00004.JPG,Dataset_01_jtttfbx342,Dataset_02_g46dvrcvwn,NEAR_DUPLICATE_PHASH,Hamming=6,6,Blotch,Leaf_Blotch,5acf8844379d03f6e98b2c68b642060f7c35ba0fb787deb56ee6bde38a90690b,a96b36433507af73e39df1d2ad9989e773b79c0d27ae1ebfbf5ecc18de823a07
blotch_(86).jpg,Leaf Blotch00005.JPG,Dataset_01_jtttfbx342,Dataset_02_g46dvrcvwn,NEAR_DUPLICATE_PHASH,Hamming=7,7,Blotch,Leaf_Blotch,5acf8844379d03f6e98b2c68b642060f7c35ba0fb787deb56ee6bde38a90690b,b5226d7c1649a14108ea4d4cb07f7891e66ce892f3f25536e7c1e20665c8d718
blotch_(86).jpg,Leaf Blotch00006.JPG,Dataset_01_jtttfbx342,Dataset_02_g46dvrcvwn,NEAR_DUPLICATE_PHASH,Hamming=10,10,Blotch,Leaf_Blotch,5acf8844379d03f6e98b2c68b642060f7c35ba0fb787deb56ee6bde38a90690b,b0975277450bc6f9f338542e47055ab8a8947999d4a87cd8e2097f23af27f392
blotch_(86).jpg,Leaf Blotch00010.JPG,Dataset_01_jtttfbx342,Dataset_02_g46dvrcvwn,NEAR_DUPLICATE_PHASH,Hamming=10,10,Blotch,Leaf_Blotch,5acf8844379d03f6e98b2c68b642060f7c35ba0fb787deb56ee6bde38a90690b,3197e2822de599021d133b9768cc32b77177d96d791f65244880d4b84c54b147
blotch_(86).jpg,Leaf Blotch00035.JPG,Dataset_01_jtttfbx342,Dataset_02_g46dvrcvwn,NEAR_DUPLICATE_PHASH,Hamming=10,10,Blotch,Leaf_Blotch,5acf8844379d03f6e98b2c68b642060f7c35ba0fb787deb56ee6bde38a90690b,4ade127b37d487158e1cad776ff69a1ca5bc17f147d1478d15fd11e0eb94b864
blotch_(86).jpg,Rhizome Healthy Root00106.JPG,Dataset_01_jtttfbx342,Dataset_02_g46dvrcvwn,NEAR_DUPLICATE_PHASH,Hamming=10,10,Blotch,Rhizome_Healthy_Roots,5acf8844379d03f6e98b2c68b642060f7c35ba0fb787deb56ee6bde38a90690b,792099df3f2fb91a62d25fc739635a820e6c5be3fb678f74f5b5b0d40f2c3209
blotch_(87).jpg,Leaf Blotch00001.JPG,Dataset_01_jtttfbx342,Dataset_02_g46dvrcvwn,NEAR_DUPLICATE_PHASH,Hamming=10,10,Blotch,Leaf_Blotch,7193e441b528e89f8a28f926ad048d359a066aa2f274913a34f94b28b8868aec,f461942049356cd766f3c3d99a694b69dc0861a87e650f004c6e580385152328
blotch_(89).jpg,Rhizome Disease Root00011.JPG,Dataset_01_jtttfbx342,Dataset_02_g46dvrcvwn,NEAR_DUPLICATE_PHASH,Hamming=10,10,Blotch,Rhizome_Disease_Roots,1ee67395b2b00c95794595db852e931d666fb76de6e656a1262eb78ed09a9904,9e5b456e10edce65aab601b2f8131f40d6819965e444da5f3f857d82317bfae2
blotch_(9).jpg,Dry Leaf00049.JPG,Dataset_01_jtttfbx342,Dataset_02_g46dvrcvwn,NEAR_DUPLICATE_PHASH,Hamming=8,8,Blotch,Dry_Leaf,01bb35fd4c265df729a662a4994abfc5ec81b1204c1801e447cc9e1d97705a99,319d981af9df48246c86314c43f6489c9b8020dccdf45288eeeeef33f9cce8ad
blotch_(9).jpg,Healthy Leaf00073.JPG,Dataset_01_jtttfbx342,Dataset_02_g46dvrcvwn,NEAR_DUPLICATE_PHASH,Hamming=10,10,Blotch,Healthy_Leaf,01bb35fd4c265df729a662a4994abfc5ec81b1204c1801e447cc9e1d97705a99,14099ddcc85f0e8888a5a126d064d51875b1dacabb180459313850a260a8ff37
blotch_(9).jpg,Healthy Leaf00126.JPG,Dataset_01_jtttfbx342,Dataset_02_g46dvrcvwn,NEAR_DUPLICATE_PHASH,Hamming=10,10,Blotch,Healthy_Leaf,01bb35fd4c265df729a662a4994abfc5ec81b1204c1801e447cc9e1d97705a99,74dd7b6f398d76088b35768264ea6c157d594265f27e0ec313e6658e297ab00c
blotch_(9).jpg,Healthy Leaf00129.JPG,Dataset_01_jtttfbx342,Dataset_02_g46dvrcvwn,NEAR_DUPLICATE_PHASH,Hamming=10,10,Blotch,Healthy_Leaf,01bb35fd4c265df729a662a4994abfc5ec81b1204c1801e447cc9e1d97705a99,a86787c114d3e40bfcfdbdc85d9f209ca103b80e0da1858f1e646bdc1e89dc69
blotch_(9).jpg,Leaf Blotch00001.JPG,Dataset_01_jtttfbx342,Dataset_02_g46dvrcvwn,NEAR_DUPLICATE_PHASH,Hamming=7,7,Blotch,Leaf_Blotch,01bb35fd4c265df729a662a4994abfc5ec81b1204c1801e447cc9e1d97705a99,f461942049356cd766f3c3d99a694b69dc0861a87e650f004c6e580385152328
blotch_(9).jpg,Leaf Blotch00003.JPG,Dataset_01_jtttfbx342,Dataset_02_g46dvrcvwn,NEAR_DUPLICATE_PHASH,Hamming=9,9,Blotch,Leaf_Blotch,01bb35fd4c265df729a662a4994abfc5ec81b1204c1801e447cc9e1d97705a99,b32906700713e8eab661f5adedfcf256fcb2c9633d8d27425b9d24eb2350640e
blotch_(9).jpg,Leaf Blotch00006.JPG,Dataset_01_jtttfbx342,Dataset_02_g46dvrcvwn,NEAR_DUPLICATE_PHASH,Hamming=5,5,Blotch,Leaf_Blotch,01bb35fd4c265df729a662a4994abfc5ec81b1204c1801e447cc9e1d97705a99,b0975277450bc6f9f338542e47055ab8a8947999d4a87cd8e2097f23af27f392
blotch_(9).jpg,Leaf Blotch00068.JPG,Dataset_01_jtttfbx342,Dataset_02_g46dvrcvwn,NEAR_DUPLICATE_PHASH,Hamming=10,10,Blotch,Leaf_Blotch,01bb35fd4c265df729a662a4994abfc5ec81b1204c1801e447cc9e1d97705a99,bfe1b7bb4cda4e4d5234182c220b2c5d0f9be1a8a34e2d8fd58ea3fbe145afe9
blotch_(9).jpg,Leaf Blotch00080.JPG,Dataset_01_jtttfbx342,Dataset_02_g46dvrcvwn,NEAR_DUPLICATE_PHASH,Hamming=8,8,Blotch,Leaf_Blotch,01bb35fd4c265df729a662a4994abfc5ec81b1204c1801e447cc9e1d97705a99,ea04f87e0e0ab634f03ca3070bba9fe5aec4d07c7681143140eb739f645a905a
blotch_(9).jpg,Leaf Blotch00081.JPG,Dataset_01_jtttfbx342,Dataset_02_g46dvrcvwn,NEAR_DUPLICATE_PHASH,Hamming=10,10,Blotch,Leaf_Blotch,01bb35fd4c265df729a662a4994abfc5ec81b1204c1801e447cc9e1d97705a99,1e8c6f806722158daa3eb502f5e1308d2cab0d80d6e8df822bf2ed91bb261846
blotch_(9).jpg,Rhizome Disease Root00011.JPG,Dataset_01_jtttfbx342,Dataset_02_g46dvrcvwn,NEAR_DUPLICATE_PHASH,Hamming=10,10,Blotch,Rhizome_Disease_Roots,01bb35fd4c265df729a662a4994abfc5ec81b1204c1801e447cc9e1d97705a99,9e5b456e10edce65aab601b2f8131f40d6819965e444da5f3f857d82317bfae2
blotch_(91).jpg,Dry Leaf00082.JPG,Dataset_01_jtttfbx342,Dataset_02_g46dvrcvwn,NEAR_DUPLICATE_PHASH,Hamming=9,9,Blotch,Dry_Leaf,a0bf65e22280cd2d6b003f335b264f48de9417d5dab65bd02f2914f5ac2f1911,0fef36b29f2c7149a46f1781d1a4edbd110d22d5b39a80b27eba7248551a7943
blotch_(91).jpg,Dry Leaf00122.JPG,Dataset_01_jtttfbx342,Dataset_02_g46dvrcvwn,NEAR_DUPLICATE_PHASH,Hamming=9,9,Blotch,Dry_Leaf,a0bf65e22280cd2d6b003f335b264f48de9417d5dab65bd02f2914f5ac2f1911,f4c98e627b86f34d545dfa70f914b5a3482f9dac29e37e4277a46b7a042753b4
blotch_(91).jpg,Dry Leaf00181.JPG,Dataset_01_jtttfbx342,Dataset_02_g46dvrcvwn,NEAR_DUPLICATE_PHASH,Hamming=10,10,Blotch,Dry_Leaf,a0bf65e22280cd2d6b003f335b264f48de9417d5dab65bd02f2914f5ac2f1911,4972914e507bd3517d7e4e8b435932324dc931e1e7a4a09d9df5368eeb5ef181
blotch_(91).jpg,Rhizome Healthy Root00286.JPG,Dataset_01_jtttfbx342,Dataset_02_g46dvrcvwn,NEAR_DUPLICATE_PHASH,Hamming=10,10,Blotch,Rhizome_Healthy_Roots,a0bf65e22280cd2d6b003f335b264f48de9417d5dab65bd02f2914f5ac2f1911,2a97b39eba2cd7fd67b6ebfeb8d559268366bd541fb27393efd1159d80f5b656
blotch_(91).jpg,Rhizome Healthy Root00287.JPG,Dataset_01_jtttfbx342,Dataset_02_g46dvrcvwn,NEAR_DUPLICATE_PHASH,Hamming=10,10,Blotch,Rhizome_Healthy_Roots,a0bf65e22280cd2d6b003f335b264f48de9417d5dab65bd02f2914f5ac2f1911,9092ce7d30b63255c3ef56124692bb99edadfc18997068852808e3f92272d06a
blotch_(91).jpg,Rhizome Healthy Root00288.JPG,Dataset_01_jtttfbx342,Dataset_02_g46dvrcvwn,NEAR_DUPLICATE_PHASH,Hamming=10,10,Blotch,Rhizome_Healthy_Roots,a0bf65e22280cd2d6b003f335b264f48de9417d5dab65bd02f2914f5ac2f1911,ec99b8839934fcab11b5f21615d333c9a18470d43c8c3faa318ba78046688f4c
blotch_(93).jpg,Dry Leaf00049.JPG,Dataset_01_jtttfbx342,Dataset_02_g46dvrcvwn,NEAR_DUPLICATE_PHASH,Hamming=8,8,Blotch,Dry_Leaf,39d107de8b8b61926f87637ebbd89b5414b4a422efedbee6ba70fe0af80fdd36,319d981af9df48246c86314c43f6489c9b8020dccdf45288eeeeef33f9cce8ad
blotch_(94).jpg,Leaf Blotch00003.JPG,Dataset_01_jtttfbx342,Dataset_02_g46dvrcvwn,NEAR_DUPLICATE_PHASH,Hamming=10,10,Blotch,Leaf_Blotch,3ebbe24b92f92aeff5472883d6695fc7dd895466f1f8d26b11b3e952bb29f394,b32906700713e8eab661f5adedfcf256fcb2c9633d8d27425b9d24eb2350640e
blotch_(94).jpg,Leaf Blotch00004.JPG,Dataset_01_jtttfbx342,Dataset_02_g46dvrcvwn,NEAR_DUPLICATE_PHASH,Hamming=10,10,Blotch,Leaf_Blotch,3ebbe24b92f92aeff5472883d6695fc7dd895466f1f8d26b11b3e952bb29f394,a96b36433507af73e39df1d2ad9989e773b79c0d27ae1ebfbf5ecc18de823a07
blotch_(94).jpg,Leaf Blotch00006.JPG,Dataset_01_jtttfbx342,Dataset_02_g46dvrcvwn,NEAR_DUPLICATE_PHASH,Hamming=8,8,Blotch,Leaf_Blotch,3ebbe24b92f92aeff5472883d6695fc7dd895466f1f8d26b11b3e952bb29f394,b0975277450bc6f9f338542e47055ab8a8947999d4a87cd8e2097f23af27f392
blotch_(94).jpg,Rhizome Disease Root00011.JPG,Dataset_01_jtttfbx342,Dataset_02_g46dvrcvwn,NEAR_DUPLICATE_PHASH,Hamming=9,9,Blotch,Rhizome_Disease_Roots,3ebbe24b92f92aeff5472883d6695fc7dd895466f1f8d26b11b3e952bb29f394,9e5b456e10edce65aab601b2f8131f40d6819965e444da5f3f857d82317bfae2
blotch_(94).jpg,Rhizome Disease Root00013.JPG,Dataset_01_jtttfbx342,Dataset_02_g46dvrcvwn,NEAR_DUPLICATE_PHASH,Hamming=9,9,Blotch,Rhizome_Disease_Roots,3ebbe24b92f92aeff5472883d6695fc7dd895466f1f8d26b11b3e952bb29f394,21cf8345ed100a841b7a850368009d2c00c762a158b01d5670952d09972231bd
blotch_(94).jpg,Rhizome Disease Root00020.JPG,Dataset_01_jtttfbx342,Dataset_02_g46dvrcvwn,NEAR_DUPLICATE_PHASH,Hamming=9,9,Blotch,Rhizome_Disease_Roots,3ebbe24b92f92aeff5472883d6695fc7dd895466f1f8d26b11b3e952bb29f394,c07823be8a3a62bb5183427f4f5e76d24913cbadcc40e6a4cf0a8729f3a3ab22
blotch_(96).jpg,Dry Leaf00082.JPG,Dataset_01_jtttfbx342,Dataset_02_g46dvrcvwn,NEAR_DUPLICATE_PHASH,Hamming=8,8,Blotch,Dry_Leaf,e2255816ed22b46800a8cbb026a68f04182fe2eb759505f9fa354da529941213,0fef36b29f2c7149a46f1781d1a4edbd110d22d5b39a80b27eba7248551a7943
blotch_(97).jpg,Dry Leaf00049.JPG,Dataset_01_jtttfbx342,Dataset_02_g46dvrcvwn,NEAR_DUPLICATE_PHASH,Hamming=5,5,Blotch,Dry_Leaf,e52793a73e8fa609a37be5c2b6c8ace21bd163150d8cfa25b8349d44bd9f62b4,319d981af9df48246c86314c43f6489c9b8020dccdf45288eeeeef33f9cce8ad
blotch_(99).jpg,Dry Leaf00049.JPG,Dataset_01_jtttfbx342,Dataset_02_g46dvrcvwn,NEAR_DUPLICATE_PHASH,Hamming=7,7,Blotch,Dry_Leaf,31b46f7e98e3691f1e8853c9973514054496a12c0803064ea441f84b0e00e346,319d981af9df48246c86314c43f6489c9b8020dccdf45288eeeeef33f9cce8ad
blotch_(99).jpg,Leaf Blotch00001.JPG,Dataset_01_jtttfbx342,Dataset_02_g46dvrcvwn,NEAR_DUPLICATE_PHASH,Hamming=10,10,Blotch,Leaf_Blotch,31b46f7e98e3691f1e8853c9973514054496a12c0803064ea441f84b0e00e346,f461942049356cd766f3c3d99a694b69dc0861a87e650f004c6e580385152328
blotch_(99).jpg,Leaf Blotch00006.JPG,Dataset_01_jtttfbx342,Dataset_02_g46dvrcvwn,NEAR_DUPLICATE_PHASH,Hamming=8,8,Blotch,Leaf_Blotch,31b46f7e98e3691f1e8853c9973514054496a12c0803064ea441f84b0e00e346,b0975277450bc6f9f338542e47055ab8a8947999d4a87cd8e2097f23af27f392
blotch_(99).jpg,Rhizome Disease Root00011.JPG,Dataset_01_jtttfbx342,Dataset_02_g46dvrcvwn,NEAR_DUPLICATE_PHASH,Hamming=7,7,Blotch,Rhizome_Disease_Roots,31b46f7e98e3691f1e8853c9973514054496a12c0803064ea441f84b0e00e346,9e5b456e10edce65aab601b2f8131f40d6819965e444da5f3f857d82317bfae2
blotch_(99).jpg,Rhizome Disease Root00020.JPG,Dataset_01_jtttfbx342,Dataset_02_g46dvrcvwn,NEAR_DUPLICATE_PHASH,Hamming=9,9,Blotch,Rhizome_Disease_Roots,31b46f7e98e3691f1e8853c9973514054496a12c0803064ea441f84b0e00e346,c07823be8a3a62bb5183427f4f5e76d24913cbadcc40e6a4cf0a8729f3a3ab22
healthy_(10).jpg,Rhizome Disease Root00008.JPG,Dataset_01_jtttfbx342,Dataset_02_g46dvrcvwn,NEAR_DUPLICATE_PHASH,Hamming=7,7,Healthy_Leaf,Rhizome_Disease_Roots,e1c4e05f1900b2bdef99545ad302571963f888be181eec81c376eb54d84a0954,a6e77cfbf64275527984914e7fdd09c4ab1d62431b8b1b2624fef313809d1a73
healthy_(11).jpg,Dry Leaf00143.JPG,Dataset_01_jtttfbx342,Dataset_02_g46dvrcvwn,NEAR_DUPLICATE_PHASH,Hamming=10,10,Healthy_Leaf,Dry_Leaf,53097517be6a312358a9b71f2a62aea0d7d9fccef0e4389043df8d2e793062b4,264aaf55af985e2d563adbfe4338e6d7666deb78327e547e536cc5a3f2933d56
healthy_(11).jpg,Healthy Leaf00128.JPG,Dataset_01_jtttfbx342,Dataset_02_g46dvrcvwn,NEAR_DUPLICATE_PHASH,Hamming=10,10,Healthy_Leaf,Healthy_Leaf,53097517be6a312358a9b71f2a62aea0d7d9fccef0e4389043df8d2e793062b4,b95bf50ce34146f0e4263e19a6909b45fd0f0cecec7543dbc7702cf6b3edc8fd
healthy_(11).jpg,Leaf Blotch00003.JPG,Dataset_01_jtttfbx342,Dataset_02_g46dvrcvwn,NEAR_DUPLICATE_PHASH,Hamming=10,10,Healthy_Leaf,Leaf_Blotch,53097517be6a312358a9b71f2a62aea0d7d9fccef0e4389043df8d2e793062b4,b32906700713e8eab661f5adedfcf256fcb2c9633d8d27425b9d24eb2350640e
healthy_(11).jpg,Leaf Blotch00004.JPG,Dataset_01_jtttfbx342,Dataset_02_g46dvrcvwn,NEAR_DUPLICATE_PHASH,Hamming=10,10,Healthy_Leaf,Leaf_Blotch,53097517be6a312358a9b71f2a62aea0d7d9fccef0e4389043df8d2e793062b4,a96b36433507af73e39df1d2ad9989e773b79c0d27ae1ebfbf5ecc18de823a07
healthy_(11).jpg,Leaf Blotch00006.JPG,Dataset_01_jtttfbx342,Dataset_02_g46dvrcvwn,NEAR_DUPLICATE_PHASH,Hamming=10,10,Healthy_Leaf,Leaf_Blotch,53097517be6a312358a9b71f2a62aea0d7d9fccef0e4389043df8d2e793062b4,b0975277450bc6f9f338542e47055ab8a8947999d4a87cd8e2097f23af27f392
healthy_(114).jpg,Rhizome Healthy Root00106.JPG,Dataset_01_jtttfbx342,Dataset_02_g46dvrcvwn,NEAR_DUPLICATE_PHASH,Hamming=10,10,Healthy_Leaf,Rhizome_Healthy_Roots,90f380da18b5ad360d53018b8f0ae04e1a4271a45f47699f1fc957299a8aa4bd,792099df3f2fb91a62d25fc739635a820e6c5be3fb678f74f5b5b0d40f2c3209
healthy_(118).jpg,Dry Leaf00122.JPG,Dataset_01_jtttfbx342,Dataset_02_g46dvrcvwn,NEAR_DUPLICATE_PHASH,Hamming=9,9,Healthy_Leaf,Dry_Leaf,9b06debf211feae1dd25248be575be68f68e4622822ff36a8674214dec110f48,f4c98e627b86f34d545dfa70f914b5a3482f9dac29e37e4277a46b7a042753b4
healthy_(118).jpg,Dry Leaf00189.JPG,Dataset_01_jtttfbx342,Dataset_02_g46dvrcvwn,NEAR_DUPLICATE_PHASH,Hamming=10,10,Healthy_Leaf,Dry_Leaf,9b06debf211feae1dd25248be575be68f68e4622822ff36a8674214dec110f48,e9931494175e3e5645f934f7f99fdc81a783ad520fb0078cef333cb05cb65fce
healthy_(119).jpg,Dry Leaf00122.JPG,Dataset_01_jtttfbx342,Dataset_02_g46dvrcvwn,NEAR_DUPLICATE_PHASH,Hamming=10,10,Healthy_Leaf,Dry_Leaf,64faa2c8f08063f49c2c9e66f59f2f73c4a5f697d8711aa9db29ff0263c03c87,f4c98e627b86f34d545dfa70f914b5a3482f9dac29e37e4277a46b7a042753b4
healthy_(119).jpg,Rhizome Healthy Root00105.JPG,Dataset_01_jtttfbx342,Dataset_02_g46dvrcvwn,NEAR_DUPLICATE_PHASH,Hamming=9,9,Healthy_Leaf,Rhizome_Healthy_Roots,64faa2c8f08063f49c2c9e66f59f2f73c4a5f697d8711aa9db29ff0263c03c87,a2fcddb1e0a5ba244dbb5b164d340f19134e3e15c383d7fff18cf654f226249f
healthy_(119).jpg,Rhizome Healthy Root00106.JPG,Dataset_01_jtttfbx342,Dataset_02_g46dvrcvwn,NEAR_DUPLICATE_PHASH,Hamming=10,10,Healthy_Leaf,Rhizome_Healthy_Roots,64faa2c8f08063f49c2c9e66f59f2f73c4a5f697d8711aa9db29ff0263c03c87,792099df3f2fb91a62d25fc739635a820e6c5be3fb678f74f5b5b0d40f2c3209
healthy_(12).jpg,Dry Leaf00122.JPG,Dataset_01_jtttfbx342,Dataset_02_g46dvrcvwn,NEAR_DUPLICATE_PHASH,Hamming=8,8,Healthy_Leaf,Dry_Leaf,e051048ac4432d0024ccbf8b1c7c5f49498ab9a7250a9da1003b966d26a8a7d3,f4c98e627b86f34d545dfa70f914b5a3482f9dac29e37e4277a46b7a042753b4
healthy_(12).jpg,Rhizome Disease Root00031.JPG,Dataset_01_jtttfbx342,Dataset_02_g46dvrcvwn,NEAR_DUPLICATE_PHASH,Hamming=9,9,Healthy_Leaf,Rhizome_Disease_Roots,e051048ac4432d0024ccbf8b1c7c5f49498ab9a7250a9da1003b966d26a8a7d3,dedf2d9306dfb93c43063f67c4400508fe0bb5a6138b865bc0149e9e0602865b
healthy_(12).jpg,Rhizome Disease Root00106.JPG,Dataset_01_jtttfbx342,Dataset_02_g46dvrcvwn,NEAR_DUPLICATE_PHASH,Hamming=10,10,Healthy_Leaf,Rhizome_Disease_Roots,e051048ac4432d0024ccbf8b1c7c5f49498ab9a7250a9da1003b966d26a8a7d3,609c39bc0b9a56b920bde2aa77eca2b1a4d2b155b15a4ed010ead5dc7e8bcb35
healthy_(12).jpg,Rhizome Disease Root00114.JPG,Dataset_01_jtttfbx342,Dataset_02_g46dvrcvwn,NEAR_DUPLICATE_PHASH,Hamming=9,9,Healthy_Leaf,Rhizome_Disease_Roots,e051048ac4432d0024ccbf8b1c7c5f49498ab9a7250a9da1003b966d26a8a7d3,3a652734257559efc017044a527d4be6683a935a05e18c03b9115f80560df8be
healthy_(12).jpg,Rhizome Healthy Root00102.JPG,Dataset_01_jtttfbx342,Dataset_02_g46dvrcvwn,NEAR_DUPLICATE_PHASH,Hamming=10,10,Healthy_Leaf,Rhizome_Healthy_Roots,e051048ac4432d0024ccbf8b1c7c5f49498ab9a7250a9da1003b966d26a8a7d3,42ed63fbc1a84d627ef27ec356342cf7d62182b1cfb585f9cbc082ed88702993
healthy_(12).jpg,Rhizome Healthy Root00103.JPG,Dataset_01_jtttfbx342,Dataset_02_g46dvrcvwn,NEAR_DUPLICATE_PHASH,Hamming=10,10,Healthy_Leaf,Rhizome_Healthy_Roots,e051048ac4432d0024ccbf8b1c7c5f49498ab9a7250a9da1003b966d26a8a7d3,1a182a290d5ec92d08bc0bb7826ce7992966ad9ac025b6731f8d48f1b0071cec
healthy_(12).jpg,Rhizome Healthy Root00106.JPG,Dataset_01_jtttfbx342,Dataset_02_g46dvrcvwn,NEAR_DUPLICATE_PHASH,Hamming=10,10,Healthy_Leaf,Rhizome_Healthy_Roots,e051048ac4432d0024ccbf8b1c7c5f49498ab9a7250a9da1003b966d26a8a7d3,792099df3f2fb91a62d25fc739635a820e6c5be3fb678f74f5b5b0d40f2c3209
healthy_(123).jpg,Rhizome Disease Root00142.JPG,Dataset_01_jtttfbx342,Dataset_02_g46dvrcvwn,NEAR_DUPLICATE_PHASH,Hamming=10,10,Healthy_Leaf,Rhizome_Disease_Roots,5a9271f7e9c65268e01c636ff86f51b9712a859767318ecdeb3604fc717b0251,023c744af8d4d739f8c54334ab3150d02fad1c29fb8ddd8db5fcb87a4ce7a6b7
healthy_(123).jpg,Rhizome Healthy Root00047.JPG,Dataset_01_jtttfbx342,Dataset_02_g46dvrcvwn,NEAR_DUPLICATE_PHASH,Hamming=10,10,Healthy_Leaf,Rhizome_Healthy_Roots,5a9271f7e9c65268e01c636ff86f51b9712a859767318ecdeb3604fc717b0251,f339d3e9037f9bf0350addeedbb2af56dfc6646146425a7e924360b836395ee7
healthy_(123).jpg,Rhizome Healthy Root00265.JPG,Dataset_01_jtttfbx342,Dataset_02_g46dvrcvwn,NEAR_DUPLICATE_PHASH,Hamming=9,9,Healthy_Leaf,Rhizome_Healthy_Roots,5a9271f7e9c65268e01c636ff86f51b9712a859767318ecdeb3604fc717b0251,4c66ee0911137283f61856c4a67a4098d027c8fcfba0175633b01ce66f114c23
healthy_(123).jpg,Rhizome Healthy Root00266.JPG,Dataset_01_jtttfbx342,Dataset_02_g46dvrcvwn,NEAR_DUPLICATE_PHASH,Hamming=10,10,Healthy_Leaf,Rhizome_Healthy_Roots,5a9271f7e9c65268e01c636ff86f51b9712a859767318ecdeb3604fc717b0251,95531f8fd971c6935aaf215d47d89aafda5e6c0b599c6cfc56029937bc94558f
healthy_(123).jpg,Rhizome Healthy Root00267.JPG,Dataset_01_jtttfbx342,Dataset_02_g46dvrcvwn,NEAR_DUPLICATE_PHASH,Hamming=9,9,Healthy_Leaf,Rhizome_Healthy_Roots,5a9271f7e9c65268e01c636ff86f51b9712a859767318ecdeb3604fc717b0251,a3e2b48643accc82072c55aa141bea2b21051b8539d1acb10e807cd7c9a99800
healthy_(124).jpg,Dry Leaf00021.JPG,Dataset_01_jtttfbx342,Dataset_02_g46dvrcvwn,NEAR_DUPLICATE_PHASH,Hamming=7,7,Healthy_Leaf,Dry_Leaf,12d6751e3a3ce3c096d3a266dc6bdfd8dace0283d60e062d0f559f9501764b5e,80b07af320ce31e8a146fc8c36d40920359a994dbb7ce32c5c787d0e269bb363
healthy_(124).jpg,Dry Leaf00122.JPG,Dataset_01_jtttfbx342,Dataset_02_g46dvrcvwn,NEAR_DUPLICATE_PHASH,Hamming=9,9,Healthy_Leaf,Dry_Leaf,12d6751e3a3ce3c096d3a266dc6bdfd8dace0283d60e062d0f559f9501764b5e,f4c98e627b86f34d545dfa70f914b5a3482f9dac29e37e4277a46b7a042753b4
healthy_(124).jpg,Dry Leaf00143.JPG,Dataset_01_jtttfbx342,Dataset_02_g46dvrcvwn,NEAR_DUPLICATE_PHASH,Hamming=9,9,Healthy_Leaf,Dry_Leaf,12d6751e3a3ce3c096d3a266dc6bdfd8dace0283d60e062d0f559f9501764b5e,264aaf55af985e2d563adbfe4338e6d7666deb78327e547e536cc5a3f2933d56
healthy_(124).jpg,Leaf Blotch00004.JPG,Dataset_01_jtttfbx342,Dataset_02_g46dvrcvwn,NEAR_DUPLICATE_PHASH,Hamming=7,7,Healthy_Leaf,Leaf_Blotch,12d6751e3a3ce3c096d3a266dc6bdfd8dace0283d60e062d0f559f9501764b5e,a96b36433507af73e39df1d2ad9989e773b79c0d27ae1ebfbf5ecc18de823a07
healthy_(124).jpg,Leaf Blotch00005.JPG,Dataset_01_jtttfbx342,Dataset_02_g46dvrcvwn,NEAR_DUPLICATE_PHASH,Hamming=8,8,Healthy_Leaf,Leaf_Blotch,12d6751e3a3ce3c096d3a266dc6bdfd8dace0283d60e062d0f559f9501764b5e,b5226d7c1649a14108ea4d4cb07f7891e66ce892f3f25536e7c1e20665c8d718
healthy_(124).jpg,Rhizome Disease Root00004.JPG,Dataset_01_jtttfbx342,Dataset_02_g46dvrcvwn,NEAR_DUPLICATE_PHASH,Hamming=10,10,Healthy_Leaf,Rhizome_Disease_Roots,12d6751e3a3ce3c096d3a266dc6bdfd8dace0283d60e062d0f559f9501764b5e,6f6e64319c0d1bab197b171a1f9a7efdec00a918a246926057b9e33d25fb5eee
healthy_(124).jpg,Rhizome Disease Root00031.JPG,Dataset_01_jtttfbx342,Dataset_02_g46dvrcvwn,NEAR_DUPLICATE_PHASH,Hamming=10,10,Healthy_Leaf,Rhizome_Disease_Roots,12d6751e3a3ce3c096d3a266dc6bdfd8dace0283d60e062d0f559f9501764b5e,dedf2d9306dfb93c43063f67c4400508fe0bb5a6138b865bc0149e9e0602865b
healthy_(124).jpg,Rhizome Disease Root00114.JPG,Dataset_01_jtttfbx342,Dataset_02_g46dvrcvwn,NEAR_DUPLICATE_PHASH,Hamming=4,4,Healthy_Leaf,Rhizome_Disease_Roots,12d6751e3a3ce3c096d3a266dc6bdfd8dace0283d60e062d0f559f9501764b5e,3a652734257559efc017044a527d4be6683a935a05e18c03b9115f80560df8be
healthy_(124).jpg,Rhizome Healthy Root00102.JPG,Dataset_01_jtttfbx342,Dataset_02_g46dvrcvwn,NEAR_DUPLICATE_PHASH,Hamming=9,9,Healthy_Leaf,Rhizome_Healthy_Roots,12d6751e3a3ce3c096d3a266dc6bdfd8dace0283d60e062d0f559f9501764b5e,42ed63fbc1a84d627ef27ec356342cf7d62182b1cfb585f9cbc082ed88702993
healthy_(124).jpg,Rhizome Healthy Root00103.JPG,Dataset_01_jtttfbx342,Dataset_02_g46dvrcvwn,NEAR_DUPLICATE_PHASH,Hamming=9,9,Healthy_Leaf,Rhizome_Healthy_Roots,12d6751e3a3ce3c096d3a266dc6bdfd8dace0283d60e062d0f559f9501764b5e,1a182a290d5ec92d08bc0bb7826ce7992966ad9ac025b6731f8d48f1b0071cec
healthy_(124).jpg,Rhizome Healthy Root00104.JPG,Dataset_01_jtttfbx342,Dataset_02_g46dvrcvwn,NEAR_DUPLICATE_PHASH,Hamming=8,8,Healthy_Leaf,Rhizome_Healthy_Roots,12d6751e3a3ce3c096d3a266dc6bdfd8dace0283d60e062d0f559f9501764b5e,c6e84c358fef466d5d651d6badc72f487938a8971667c64a8b9cd6ba4e2a15f6
healthy_(124).jpg,Rhizome Healthy Root00105.JPG,Dataset_01_jtttfbx342,Dataset_02_g46dvrcvwn,NEAR_DUPLICATE_PHASH,Hamming=10,10,Healthy_Leaf,Rhizome_Healthy_Roots,12d6751e3a3ce3c096d3a266dc6bdfd8dace0283d60e062d0f559f9501764b5e,a2fcddb1e0a5ba244dbb5b164d340f19134e3e15c383d7fff18cf654f226249f
healthy_(124).jpg,Rhizome Healthy Root00106.JPG,Dataset_01_jtttfbx342,Dataset_02_g46dvrcvwn,NEAR_DUPLICATE_PHASH,Hamming=7,7,Healthy_Leaf,Rhizome_Healthy_Roots,12d6751e3a3ce3c096d3a266dc6bdfd8dace0283d60e062d0f559f9501764b5e,792099df3f2fb91a62d25fc739635a820e6c5be3fb678f74f5b5b0d40f2c3209
healthy_(124).jpg,Rhizome Healthy Root00170.JPG,Dataset_01_jtttfbx342,Dataset_02_g46dvrcvwn,NEAR_DUPLICATE_PHASH,Hamming=8,8,Healthy_Leaf,Rhizome_Healthy_Roots,12d6751e3a3ce3c096d3a266dc6bdfd8dace0283d60e062d0f559f9501764b5e,0bd4445ddc953c49186ebd7e4646ec0ac242195b69554e1f227ba131cf802d63
healthy_(124).jpg,Rhizome Healthy Root00171.JPG,Dataset_01_jtttfbx342,Dataset_02_g46dvrcvwn,NEAR_DUPLICATE_PHASH,Hamming=8,8,Healthy_Leaf,Rhizome_Healthy_Roots,12d6751e3a3ce3c096d3a266dc6bdfd8dace0283d60e062d0f559f9501764b5e,fcad9f22937f50f0a2d974e0e70b60ac1f80460bbd9d1193f7a7cd7959e310d1
healthy_(124).jpg,Rhizome Healthy Root00172.JPG,Dataset_01_jtttfbx342,Dataset_02_g46dvrcvwn,NEAR_DUPLICATE_PHASH,Hamming=8,8,Healthy_Leaf,Rhizome_Healthy_Roots,12d6751e3a3ce3c096d3a266dc6bdfd8dace0283d60e062d0f559f9501764b5e,edc68d95029d0702c151bb55825e48a559a18eea52be340a7c48f1729cca08f7
healthy_(124).jpg,Rhizome Healthy Root00173.JPG,Dataset_01_jtttfbx342,Dataset_02_g46dvrcvwn,NEAR_DUPLICATE_PHASH,Hamming=8,8,Healthy_Leaf,Rhizome_Healthy_Roots,12d6751e3a3ce3c096d3a266dc6bdfd8dace0283d60e062d0f559f9501764b5e,47706a04449487505eb6bf9354a9d3c333c42c724b6c84d4da898ebb31e14afd
healthy_(124).jpg,Rhizome Healthy Root00198.JPG,Dataset_01_jtttfbx342,Dataset_02_g46dvrcvwn,NEAR_DUPLICATE_PHASH,Hamming=10,10,Healthy_Leaf,Rhizome_Healthy_Roots,12d6751e3a3ce3c096d3a266dc6bdfd8dace0283d60e062d0f559f9501764b5e,dcd362ff05f693cd0d5729594d6880236cf0b71b68820e3fd5f3d65483ccde1a
healthy_(124).jpg,Rhizome Healthy Root00231.JPG,Dataset_01_jtttfbx342,Dataset_02_g46dvrcvwn,NEAR_DUPLICATE_PHASH,Hamming=10,10,Healthy_Leaf,Rhizome_Healthy_Roots,12d6751e3a3ce3c096d3a266dc6bdfd8dace0283d60e062d0f559f9501764b5e,173ddd1534a3df82138aa24559c71b43a224602176f4c5d40d6408993c002413
healthy_(124).jpg,Rhizome Healthy Root00232.JPG,Dataset_01_jtttfbx342,Dataset_02_g46dvrcvwn,NEAR_DUPLICATE_PHASH,Hamming=8,8,Healthy_Leaf,Rhizome_Healthy_Roots,12d6751e3a3ce3c096d3a266dc6bdfd8dace0283d60e062d0f559f9501764b5e,bc937e060206b7ac479f3eee51788f6e75bc98567118a529ef1b20784b1f366c
healthy_(124).jpg,Rhizome Healthy Root00258.JPG,Dataset_01_jtttfbx342,Dataset_02_g46dvrcvwn,NEAR_DUPLICATE_PHASH,Hamming=10,10,Healthy_Leaf,Rhizome_Healthy_Roots,12d6751e3a3ce3c096d3a266dc6bdfd8dace0283d60e062d0f559f9501764b5e,741a6e06ca571fd5eea19c54fbb3ea01caa6353c419ec5110589eb77afea706b
healthy_(124).jpg,Rhizome Healthy Root00302.JPG,Dataset_01_jtttfbx342,Dataset_02_g46dvrcvwn,NEAR_DUPLICATE_PHASH,Hamming=9,9,Healthy_Leaf,Rhizome_Healthy_Roots,12d6751e3a3ce3c096d3a266dc6bdfd8dace0283d60e062d0f559f9501764b5e,1b056c0bec593d0fb2c3b1ab4b9d24f80ed054d4ea4c181663cd9794f0288604
healthy_(124).jpg,Rhizome Healthy Root00303.JPG,Dataset_01_jtttfbx342,Dataset_02_g46dvrcvwn,NEAR_DUPLICATE_PHASH,Hamming=10,10,Healthy_Leaf,Rhizome_Healthy_Roots,12d6751e3a3ce3c096d3a266dc6bdfd8dace0283d60e062d0f559f9501764b5e,67b3e63120ef420e06cb311a4b97a1c1cb953fa026bae3e4e864d26264f1d837
healthy_(126).jpg,Dry Leaf00122.JPG,Dataset_01_jtttfbx342,Dataset_02_g46dvrcvwn,NEAR_DUPLICATE_PHASH,Hamming=9,9,Healthy_Leaf,Dry_Leaf,95d1b9ae57f91e4e1b15e4d625259f635af807cbd7f535b4628254149f42ebf8,f4c98e627b86f34d545dfa70f914b5a3482f9dac29e37e4277a46b7a042753b4
healthy_(126).jpg,Rhizome Disease Root00031.JPG,Dataset_01_jtttfbx342,Dataset_02_g46dvrcvwn,NEAR_DUPLICATE_PHASH,Hamming=10,10,Healthy_Leaf,Rhizome_Disease_Roots,95d1b9ae57f91e4e1b15e4d625259f635af807cbd7f535b4628254149f42ebf8,dedf2d9306dfb93c43063f67c4400508fe0bb5a6138b865bc0149e9e0602865b
healthy_(126).jpg,Rhizome Disease Root00114.JPG,Dataset_01_jtttfbx342,Dataset_02_g46dvrcvwn,NEAR_DUPLICATE_PHASH,Hamming=8,8,Healthy_Leaf,Rhizome_Disease_Roots,95d1b9ae57f91e4e1b15e4d625259f635af807cbd7f535b4628254149f42ebf8,3a652734257559efc017044a527d4be6683a935a05e18c03b9115f80560df8be
healthy_(126).jpg,Rhizome Healthy Root00104.JPG,Dataset_01_jtttfbx342,Dataset_02_g46dvrcvwn,NEAR_DUPLICATE_PHASH,Hamming=10,10,Healthy_Leaf,Rhizome_Healthy_Roots,95d1b9ae57f91e4e1b15e4d625259f635af807cbd7f535b4628254149f42ebf8,c6e84c358fef466d5d651d6badc72f487938a8971667c64a8b9cd6ba4e2a15f6
healthy_(126).jpg,Rhizome Healthy Root00198.JPG,Dataset_01_jtttfbx342,Dataset_02_g46dvrcvwn,NEAR_DUPLICATE_PHASH,Hamming=10,10,Healthy_Leaf,Rhizome_Healthy_Roots,95d1b9ae57f91e4e1b15e4d625259f635af807cbd7f535b4628254149f42ebf8,dcd362ff05f693cd0d5729594d6880236cf0b71b68820e3fd5f3d65483ccde1a
healthy_(128).jpg,Dry Leaf00021.JPG,Dataset_01_jtttfbx342,Dataset_02_g46dvrcvwn,NEAR_DUPLICATE_PHASH,Hamming=10,10,Healthy_Leaf,Dry_Leaf,dbe1db8feff41ece3cddfc4ac04e1f5e9ad2e6dc3cccef30a2552e938855becf,80b07af320ce31e8a146fc8c36d40920359a994dbb7ce32c5c787d0e269bb363
healthy_(128).jpg,Rhizome Healthy Root00102.JPG,Dataset_01_jtttfbx342,Dataset_02_g46dvrcvwn,NEAR_DUPLICATE_PHASH,Hamming=10,10,Healthy_Leaf,Rhizome_Healthy_Roots,dbe1db8feff41ece3cddfc4ac04e1f5e9ad2e6dc3cccef30a2552e938855becf,42ed63fbc1a84d627ef27ec356342cf7d62182b1cfb585f9cbc082ed88702993
healthy_(128).jpg,Rhizome Healthy Root00103.JPG,Dataset_01_jtttfbx342,Dataset_02_g46dvrcvwn,NEAR_DUPLICATE_PHASH,Hamming=10,10,Healthy_Leaf,Rhizome_Healthy_Roots,dbe1db8feff41ece3cddfc4ac04e1f5e9ad2e6dc3cccef30a2552e938855becf,1a182a290d5ec92d08bc0bb7826ce7992966ad9ac025b6731f8d48f1b0071cec
healthy_(13).jpg,Dry Leaf00122.JPG,Dataset_01_jtttfbx342,Dataset_02_g46dvrcvwn,NEAR_DUPLICATE_PHASH,Hamming=6,6,Healthy_Leaf,Dry_Leaf,483637f103732c9ac867946cdb98aa2bf86bdbc4fcdccf37b50303e3c4ef5ee4,f4c98e627b86f34d545dfa70f914b5a3482f9dac29e37e4277a46b7a042753b4
healthy_(13).jpg,Dry Leaf00143.JPG,Dataset_01_jtttfbx342,Dataset_02_g46dvrcvwn,NEAR_DUPLICATE_PHASH,Hamming=10,10,Healthy_Leaf,Dry_Leaf,483637f103732c9ac867946cdb98aa2bf86bdbc4fcdccf37b50303e3c4ef5ee4,264aaf55af985e2d563adbfe4338e6d7666deb78327e547e536cc5a3f2933d56
healthy_(13).jpg,Leaf Blotch00004.JPG,Dataset_01_jtttfbx342,Dataset_02_g46dvrcvwn,NEAR_DUPLICATE_PHASH,Hamming=8,8,Healthy_Leaf,Leaf_Blotch,483637f103732c9ac867946cdb98aa2bf86bdbc4fcdccf37b50303e3c4ef5ee4,a96b36433507af73e39df1d2ad9989e773b79c0d27ae1ebfbf5ecc18de823a07
healthy_(13).jpg,Leaf Blotch00005.JPG,Dataset_01_jtttfbx342,Dataset_02_g46dvrcvwn,NEAR_DUPLICATE_PHASH,Hamming=9,9,Healthy_Leaf,Leaf_Blotch,483637f103732c9ac867946cdb98aa2bf86bdbc4fcdccf37b50303e3c4ef5ee4,b5226d7c1649a14108ea4d4cb07f7891e66ce892f3f25536e7c1e20665c8d718
healthy_(13).jpg,Rhizome Disease Root00031.JPG,Dataset_01_jtttfbx342,Dataset_02_g46dvrcvwn,NEAR_DUPLICATE_PHASH,Hamming=9,9,Healthy_Leaf,Rhizome_Disease_Roots,483637f103732c9ac867946cdb98aa2bf86bdbc4fcdccf37b50303e3c4ef5ee4,dedf2d9306dfb93c43063f67c4400508fe0bb5a6138b865bc0149e9e0602865b
healthy_(13).jpg,Rhizome Disease Root00114.JPG,Dataset_01_jtttfbx342,Dataset_02_g46dvrcvwn,NEAR_DUPLICATE_PHASH,Hamming=7,7,Healthy_Leaf,Rhizome_Disease_Roots,483637f103732c9ac867946cdb98aa2bf86bdbc4fcdccf37b50303e3c4ef5ee4,3a652734257559efc017044a527d4be6683a935a05e18c03b9115f80560df8be
healthy_(13).jpg,Rhizome Healthy Root00102.JPG,Dataset_01_jtttfbx342,Dataset_02_g46dvrcvwn,NEAR_DUPLICATE_PHASH,Hamming=10,10,Healthy_Leaf,Rhizome_Healthy_Roots,483637f103732c9ac867946cdb98aa2bf86bdbc4fcdccf37b50303e3c4ef5ee4,42ed63fbc1a84d627ef27ec356342cf7d62182b1cfb585f9cbc082ed88702993
healthy_(13).jpg,Rhizome Healthy Root00103.JPG,Dataset_01_jtttfbx342,Dataset_02_g46dvrcvwn,NEAR_DUPLICATE_PHASH,Hamming=10,10,Healthy_Leaf,Rhizome_Healthy_Roots,483637f103732c9ac867946cdb98aa2bf86bdbc4fcdccf37b50303e3c4ef5ee4,1a182a290d5ec92d08bc0bb7826ce7992966ad9ac025b6731f8d48f1b0071cec
healthy_(13).jpg,Rhizome Healthy Root00105.JPG,Dataset_01_jtttfbx342,Dataset_02_g46dvrcvwn,NEAR_DUPLICATE_PHASH,Hamming=9,9,Healthy_Leaf,Rhizome_Healthy_Roots,483637f103732c9ac867946cdb98aa2bf86bdbc4fcdccf37b50303e3c4ef5ee4,a2fcddb1e0a5ba244dbb5b164d340f19134e3e15c383d7fff18cf654f226249f
healthy_(13).jpg,Rhizome Healthy Root00106.JPG,Dataset_01_jtttfbx342,Dataset_02_g46dvrcvwn,NEAR_DUPLICATE_PHASH,Hamming=8,8,Healthy_Leaf,Rhizome_Healthy_Roots,483637f103732c9ac867946cdb98aa2bf86bdbc4fcdccf37b50303e3c4ef5ee4,792099df3f2fb91a62d25fc739635a820e6c5be3fb678f74f5b5b0d40f2c3209
healthy_(13).jpg,Rhizome Healthy Root00232.JPG,Dataset_01_jtttfbx342,Dataset_02_g46dvrcvwn,NEAR_DUPLICATE_PHASH,Hamming=9,9,Healthy_Leaf,Rhizome_Healthy_Roots,483637f103732c9ac867946cdb98aa2bf86bdbc4fcdccf37b50303e3c4ef5ee4,bc937e060206b7ac479f3eee51788f6e75bc98567118a529ef1b20784b1f366c
healthy_(13).jpg,Rhizome Healthy Root00233.JPG,Dataset_01_jtttfbx342,Dataset_02_g46dvrcvwn,NEAR_DUPLICATE_PHASH,Hamming=10,10,Healthy_Leaf,Rhizome_Healthy_Roots,483637f103732c9ac867946cdb98aa2bf86bdbc4fcdccf37b50303e3c4ef5ee4,13232e929bfb4a08007baaee84be3da112a2bc99edada64ba088c98097387c95
healthy_(13).jpg,Rhizome Healthy Root00302.JPG,Dataset_01_jtttfbx342,Dataset_02_g46dvrcvwn,NEAR_DUPLICATE_PHASH,Hamming=10,10,Healthy_Leaf,Rhizome_Healthy_Roots,483637f103732c9ac867946cdb98aa2bf86bdbc4fcdccf37b50303e3c4ef5ee4,1b056c0bec593d0fb2c3b1ab4b9d24f80ed054d4ea4c181663cd9794f0288604
healthy_(131).jpg,Rhizome Disease Root00004.JPG,Dataset_01_jtttfbx342,Dataset_02_g46dvrcvwn,NEAR_DUPLICATE_PHASH,Hamming=10,10,Healthy_Leaf,Rhizome_Disease_Roots,9ffa83e6c3fcff64511e23769cf0eb9b90ffcfa0bc886e449421bdabfbf8c291,6f6e64319c0d1bab197b171a1f9a7efdec00a918a246926057b9e33d25fb5eee
healthy_(131).jpg,Rhizome Disease Root00031.JPG,Dataset_01_jtttfbx342,Dataset_02_g46dvrcvwn,NEAR_DUPLICATE_PHASH,Hamming=10,10,Healthy_Leaf,Rhizome_Disease_Roots,9ffa83e6c3fcff64511e23769cf0eb9b90ffcfa0bc886e449421bdabfbf8c291,dedf2d9306dfb93c43063f67c4400508fe0bb5a6138b865bc0149e9e0602865b
healthy_(131).jpg,Rhizome Disease Root00114.JPG,Dataset_01_jtttfbx342,Dataset_02_g46dvrcvwn,NEAR_DUPLICATE_PHASH,Hamming=8,8,Healthy_Leaf,Rhizome_Disease_Roots,9ffa83e6c3fcff64511e23769cf0eb9b90ffcfa0bc886e449421bdabfbf8c291,3a652734257559efc017044a527d4be6683a935a05e18c03b9115f80560df8be
healthy_(131).jpg,Rhizome Healthy Root00198.JPG,Dataset_01_jtttfbx342,Dataset_02_g46dvrcvwn,NEAR_DUPLICATE_PHASH,Hamming=10,10,Healthy_Leaf,Rhizome_Healthy_Roots,9ffa83e6c3fcff64511e23769cf0eb9b90ffcfa0bc886e449421bdabfbf8c291,dcd362ff05f693cd0d5729594d6880236cf0b71b68820e3fd5f3d65483ccde1a
healthy_(134).jpg,Dry Leaf00057.JPG,Dataset_01_jtttfbx342,Dataset_02_g46dvrcvwn,NEAR_DUPLICATE_PHASH,Hamming=8,8,Healthy_Leaf,Dry_Leaf,eb13c3c1e8e734e1bf36aa35b27dda0a0a59d1bbc91c8e0b99b402dcf59fe67a,1a96ae340a0386de264bdf993872ac51b6d49cfebea805499e45200eaccba587
healthy_(134).jpg,Dry Leaf00177.JPG,Dataset_01_jtttfbx342,Dataset_02_g46dvrcvwn,NEAR_DUPLICATE_PHASH,Hamming=10,10,Healthy_Leaf,Dry_Leaf,eb13c3c1e8e734e1bf36aa35b27dda0a0a59d1bbc91c8e0b99b402dcf59fe67a,4ed045f4c2ba0d71793baa225ce8ad12ef80e540a0890f9be0ca911fcce3ba47
healthy_(134).jpg,Dry Leaf00181.JPG,Dataset_01_jtttfbx342,Dataset_02_g46dvrcvwn,NEAR_DUPLICATE_PHASH,Hamming=10,10,Healthy_Leaf,Dry_Leaf,eb13c3c1e8e734e1bf36aa35b27dda0a0a59d1bbc91c8e0b99b402dcf59fe67a,4972914e507bd3517d7e4e8b435932324dc931e1e7a4a09d9df5368eeb5ef181
healthy_(134).jpg,Rhizome Healthy Root00311.JPG,Dataset_01_jtttfbx342,Dataset_02_g46dvrcvwn,NEAR_DUPLICATE_PHASH,Hamming=10,10,Healthy_Leaf,Rhizome_Healthy_Roots,eb13c3c1e8e734e1bf36aa35b27dda0a0a59d1bbc91c8e0b99b402dcf59fe67a,bf8847c93d3d69d09ffbb3704e42a9667e0d0ec0bc353e1a6de2ae41e24c17b3
healthy_(138).jpg,Dry Leaf00021.JPG,Dataset_01_jtttfbx342,Dataset_02_g46dvrcvwn,NEAR_DUPLICATE_PHASH,Hamming=9,9,Healthy_Leaf,Dry_Leaf,81741eb6a8b5c631cc7846d049f656fc3b8498b95715d38a8d86d432afd3af83,80b07af320ce31e8a146fc8c36d40920359a994dbb7ce32c5c787d0e269bb363
healthy_(138).jpg,Dry Leaf00122.JPG,Dataset_01_jtttfbx342,Dataset_02_g46dvrcvwn,NEAR_DUPLICATE_PHASH,Hamming=9,9,Healthy_Leaf,Dry_Leaf,81741eb6a8b5c631cc7846d049f656fc3b8498b95715d38a8d86d432afd3af83,f4c98e627b86f34d545dfa70f914b5a3482f9dac29e37e4277a46b7a042753b4
healthy_(138).jpg,Dry Leaf00189.JPG,Dataset_01_jtttfbx342,Dataset_02_g46dvrcvwn,NEAR_DUPLICATE_PHASH,Hamming=8,8,Healthy_Leaf,Dry_Leaf,81741eb6a8b5c631cc7846d049f656fc3b8498b95715d38a8d86d432afd3af83,e9931494175e3e5645f934f7f99fdc81a783ad520fb0078cef333cb05cb65fce
healthy_(138).jpg,Leaf Blotch00011.JPG,Dataset_01_jtttfbx342,Dataset_02_g46dvrcvwn,NEAR_DUPLICATE_PHASH,Hamming=9,9,Healthy_Leaf,Leaf_Blotch,81741eb6a8b5c631cc7846d049f656fc3b8498b95715d38a8d86d432afd3af83,eb7a12979ed145ac65973d93bb68efb106fa425b3fffce4aaac857552e900cb6
healthy_(138).jpg,Leaf Blotch00012.JPG,Dataset_01_jtttfbx342,Dataset_02_g46dvrcvwn,NEAR_DUPLICATE_PHASH,Hamming=9,9,Healthy_Leaf,Leaf_Blotch,81741eb6a8b5c631cc7846d049f656fc3b8498b95715d38a8d86d432afd3af83,5999901f4e5e50fa3305dd0eae3dccf7370b387d18f8b6ba3ce290e659e2fe29
healthy_(138).jpg,Rhizome Disease Root00031.JPG,Dataset_01_jtttfbx342,Dataset_02_g46dvrcvwn,NEAR_DUPLICATE_PHASH,Hamming=10,10,Healthy_Leaf,Rhizome_Disease_Roots,81741eb6a8b5c631cc7846d049f656fc3b8498b95715d38a8d86d432afd3af83,dedf2d9306dfb93c43063f67c4400508fe0bb5a6138b865bc0149e9e0602865b
healthy_(138).jpg,Rhizome Disease Root00114.JPG,Dataset_01_jtttfbx342,Dataset_02_g46dvrcvwn,NEAR_DUPLICATE_PHASH,Hamming=6,6,Healthy_Leaf,Rhizome_Disease_Roots,81741eb6a8b5c631cc7846d049f656fc3b8498b95715d38a8d86d432afd3af83,3a652734257559efc017044a527d4be6683a935a05e18c03b9115f80560df8be
healthy_(138).jpg,Rhizome Healthy Root00005.JPG,Dataset_01_jtttfbx342,Dataset_02_g46dvrcvwn,NEAR_DUPLICATE_PHASH,Hamming=10,10,Healthy_Leaf,Rhizome_Healthy_Roots,81741eb6a8b5c631cc7846d049f656fc3b8498b95715d38a8d86d432afd3af83,02920aea4176a0ea323a01f02ab035392b319a65c8f7716836b65d21ee084010
healthy_(138).jpg,Rhizome Healthy Root00102.JPG,Dataset_01_jtttfbx342,Dataset_02_g46dvrcvwn,NEAR_DUPLICATE_PHASH,Hamming=9,9,Healthy_Leaf,Rhizome_Healthy_Roots,81741eb6a8b5c631cc7846d049f656fc3b8498b95715d38a8d86d432afd3af83,42ed63fbc1a84d627ef27ec356342cf7d62182b1cfb585f9cbc082ed88702993
healthy_(138).jpg,Rhizome Healthy Root00103.JPG,Dataset_01_jtttfbx342,Dataset_02_g46dvrcvwn,NEAR_DUPLICATE_PHASH,Hamming=9,9,Healthy_Leaf,Rhizome_Healthy_Roots,81741eb6a8b5c631cc7846d049f656fc3b8498b95715d38a8d86d432afd3af83,1a182a290d5ec92d08bc0bb7826ce7992966ad9ac025b6731f8d48f1b0071cec
healthy_(138).jpg,Rhizome Healthy Root00104.JPG,Dataset_01_jtttfbx342,Dataset_02_g46dvrcvwn,NEAR_DUPLICATE_PHASH,Hamming=8,8,Healthy_Leaf,Rhizome_Healthy_Roots,81741eb6a8b5c631cc7846d049f656fc3b8498b95715d38a8d86d432afd3af83,c6e84c358fef466d5d651d6badc72f487938a8971667c64a8b9cd6ba4e2a15f6
healthy_(138).jpg,Rhizome Healthy Root00152.JPG,Dataset_01_jtttfbx342,Dataset_02_g46dvrcvwn,NEAR_DUPLICATE_PHASH,Hamming=9,9,Healthy_Leaf,Rhizome_Healthy_Roots,81741eb6a8b5c631cc7846d049f656fc3b8498b95715d38a8d86d432afd3af83,8433ea9e023d2eaa2fa02af7516b9dd71987ef4c9ebdd398f82b4e4f4501fc52
healthy_(138).jpg,Rhizome Healthy Root00153.JPG,Dataset_01_jtttfbx342,Dataset_02_g46dvrcvwn,NEAR_DUPLICATE_PHASH,Hamming=10,10,Healthy_Leaf,Rhizome_Healthy_Roots,81741eb6a8b5c631cc7846d049f656fc3b8498b95715d38a8d86d432afd3af83,3b83c2dfee060a806f3b79544b857ebe990331b681e4f678f98b0fad7194a6df
healthy_(138).jpg,Rhizome Healthy Root00198.JPG,Dataset_01_jtttfbx342,Dataset_02_g46dvrcvwn,NEAR_DUPLICATE_PHASH,Hamming=10,10,Healthy_Leaf,Rhizome_Healthy_Roots,81741eb6a8b5c631cc7846d049f656fc3b8498b95715d38a8d86d432afd3af83,dcd362ff05f693cd0d5729594d6880236cf0b71b68820e3fd5f3d65483ccde1a
healthy_(138).jpg,Rhizome Healthy Root00232.JPG,Dataset_01_jtttfbx342,Dataset_02_g46dvrcvwn,NEAR_DUPLICATE_PHASH,Hamming=10,10,Healthy_Leaf,Rhizome_Healthy_Roots,81741eb6a8b5c631cc7846d049f656fc3b8498b95715d38a8d86d432afd3af83,bc937e060206b7ac479f3eee51788f6e75bc98567118a529ef1b20784b1f366c
healthy_(138).jpg,Rhizome Healthy Root00258.JPG,Dataset_01_jtttfbx342,Dataset_02_g46dvrcvwn,NEAR_DUPLICATE_PHASH,Hamming=10,10,Healthy_Leaf,Rhizome_Healthy_Roots,81741eb6a8b5c631cc7846d049f656fc3b8498b95715d38a8d86d432afd3af83,741a6e06ca571fd5eea19c54fbb3ea01caa6353c419ec5110589eb77afea706b
healthy_(139).jpg,Rhizome Healthy Root00284.JPG,Dataset_01_jtttfbx342,Dataset_02_g46dvrcvwn,NEAR_DUPLICATE_PHASH,Hamming=10,10,Healthy_Leaf,Rhizome_Healthy_Roots,b297d271b5073f94ac4b04d481496aff50ce1ca78d2d3bc21c5c912f24faefdd,40db1adf644ebe22e587949ae68d043ac837a1b34e6d6e959403dc9efcaaff29
healthy_(139).jpg,Rhizome Healthy Root00285.JPG,Dataset_01_jtttfbx342,Dataset_02_g46dvrcvwn,NEAR_DUPLICATE_PHASH,Hamming=10,10,Healthy_Leaf,Rhizome_Healthy_Roots,b297d271b5073f94ac4b04d481496aff50ce1ca78d2d3bc21c5c912f24faefdd,83c686ec2538f88fd9a540b44d83db5abea6a7af5d321dc21ddfc5ab2e9cb016
healthy_(139).jpg,Rhizome Healthy Root00286.JPG,Dataset_01_jtttfbx342,Dataset_02_g46dvrcvwn,NEAR_DUPLICATE_PHASH,Hamming=9,9,Healthy_Leaf,Rhizome_Healthy_Roots,b297d271b5073f94ac4b04d481496aff50ce1ca78d2d3bc21c5c912f24faefdd,2a97b39eba2cd7fd67b6ebfeb8d559268366bd541fb27393efd1159d80f5b656
healthy_(139).jpg,Rhizome Healthy Root00287.JPG,Dataset_01_jtttfbx342,Dataset_02_g46dvrcvwn,NEAR_DUPLICATE_PHASH,Hamming=9,9,Healthy_Leaf,Rhizome_Healthy_Roots,b297d271b5073f94ac4b04d481496aff50ce1ca78d2d3bc21c5c912f24faefdd,9092ce7d30b63255c3ef56124692bb99edadfc18997068852808e3f92272d06a
healthy_(141).jpg,Dry Leaf00021.JPG,Dataset_01_jtttfbx342,Dataset_02_g46dvrcvwn,NEAR_DUPLICATE_PHASH,Hamming=10,10,Healthy_Leaf,Dry_Leaf,2194ea06c736187a9dc2fb4a1e413a0f48e520b97ea06f049a4332bc00de314e,80b07af320ce31e8a146fc8c36d40920359a994dbb7ce32c5c787d0e269bb363
healthy_(143).jpg,Leaf Blotch00004.JPG,Dataset_01_jtttfbx342,Dataset_02_g46dvrcvwn,NEAR_DUPLICATE_PHASH,Hamming=10,10,Healthy_Leaf,Leaf_Blotch,ae7eda05b72a0ec8f2f4238bd8174571d8af8f46a88e3ab3980a8b5c3569db79,a96b36433507af73e39df1d2ad9989e773b79c0d27ae1ebfbf5ecc18de823a07
healthy_(143).jpg,Leaf Blotch00005.JPG,Dataset_01_jtttfbx342,Dataset_02_g46dvrcvwn,NEAR_DUPLICATE_PHASH,Hamming=7,7,Healthy_Leaf,Leaf_Blotch,ae7eda05b72a0ec8f2f4238bd8174571d8af8f46a88e3ab3980a8b5c3569db79,b5226d7c1649a14108ea4d4cb07f7891e66ce892f3f25536e7c1e20665c8d718
healthy_(143).jpg,Leaf Blotch00008.JPG,Dataset_01_jtttfbx342,Dataset_02_g46dvrcvwn,NEAR_DUPLICATE_PHASH,Hamming=10,10,Healthy_Leaf,Leaf_Blotch,ae7eda05b72a0ec8f2f4238bd8174571d8af8f46a88e3ab3980a8b5c3569db79,c8bc1c36431f8bba388e437313476fdb6e489866cef23a0f4993352654de43ea
healthy_(143).jpg,Leaf Blotch00010.JPG,Dataset_01_jtttfbx342,Dataset_02_g46dvrcvwn,NEAR_DUPLICATE_PHASH,Hamming=10,10,Healthy_Leaf,Leaf_Blotch,ae7eda05b72a0ec8f2f4238bd8174571d8af8f46a88e3ab3980a8b5c3569db79,3197e2822de599021d133b9768cc32b77177d96d791f65244880d4b84c54b147
healthy_(143).jpg,Rhizome Disease Root00114.JPG,Dataset_01_jtttfbx342,Dataset_02_g46dvrcvwn,NEAR_DUPLICATE_PHASH,Hamming=9,9,Healthy_Leaf,Rhizome_Disease_Roots,ae7eda05b72a0ec8f2f4238bd8174571d8af8f46a88e3ab3980a8b5c3569db79,3a652734257559efc017044a527d4be6683a935a05e18c03b9115f80560df8be
healthy_(143).jpg,Rhizome Healthy Root00106.JPG,Dataset_01_jtttfbx342,Dataset_02_g46dvrcvwn,NEAR_DUPLICATE_PHASH,Hamming=10,10,Healthy_Leaf,Rhizome_Healthy_Roots,ae7eda05b72a0ec8f2f4238bd8174571d8af8f46a88e3ab3980a8b5c3569db79,792099df3f2fb91a62d25fc739635a820e6c5be3fb678f74f5b5b0d40f2c3209
healthy_(143).jpg,Rhizome Healthy Root00292.JPG,Dataset_01_jtttfbx342,Dataset_02_g46dvrcvwn,NEAR_DUPLICATE_PHASH,Hamming=10,10,Healthy_Leaf,Rhizome_Healthy_Roots,ae7eda05b72a0ec8f2f4238bd8174571d8af8f46a88e3ab3980a8b5c3569db79,0fcf7b1826e15adbff0cc25cb6b499e297fc3cfcf6d0ea3c400f0ba34ca9f4c5
healthy_(143).jpg,Rhizome Healthy Root00302.JPG,Dataset_01_jtttfbx342,Dataset_02_g46dvrcvwn,NEAR_DUPLICATE_PHASH,Hamming=10,10,Healthy_Leaf,Rhizome_Healthy_Roots,ae7eda05b72a0ec8f2f4238bd8174571d8af8f46a88e3ab3980a8b5c3569db79,1b056c0bec593d0fb2c3b1ab4b9d24f80ed054d4ea4c181663cd9794f0288604
healthy_(145).jpg,Dry Leaf00039.JPG,Dataset_01_jtttfbx342,Dataset_02_g46dvrcvwn,NEAR_DUPLICATE_PHASH,Hamming=10,10,Healthy_Leaf,Dry_Leaf,5d5b417c885a29014c8d1fa1d58bb60005a4f7a6ea10c0b5cf83470d07e61ff9,5ecfa33d70749e3d210493df50c054c9b6dad951b542c285a4df7aaca5689b34
healthy_(145).jpg,Rhizome Disease Root00151.JPG,Dataset_01_jtttfbx342,Dataset_02_g46dvrcvwn,NEAR_DUPLICATE_PHASH,Hamming=10,10,Healthy_Leaf,Rhizome_Disease_Roots,5d5b417c885a29014c8d1fa1d58bb60005a4f7a6ea10c0b5cf83470d07e61ff9,c515d596ac307a27853ec7c1aef0c2b7463e7f5e3730744bf699767807755504
healthy_(149).jpg,Dry Leaf00082.JPG,Dataset_01_jtttfbx342,Dataset_02_g46dvrcvwn,NEAR_DUPLICATE_PHASH,Hamming=9,9,Healthy_Leaf,Dry_Leaf,9c1bd7e421e33966c0ead3152612530ef1c094003e82f221b54ee8f2985f456d,0fef36b29f2c7149a46f1781d1a4edbd110d22d5b39a80b27eba7248551a7943
healthy_(149).jpg,Dry Leaf00143.JPG,Dataset_01_jtttfbx342,Dataset_02_g46dvrcvwn,NEAR_DUPLICATE_PHASH,Hamming=9,9,Healthy_Leaf,Dry_Leaf,9c1bd7e421e33966c0ead3152612530ef1c094003e82f221b54ee8f2985f456d,264aaf55af985e2d563adbfe4338e6d7666deb78327e547e536cc5a3f2933d56
healthy_(149).jpg,Leaf Blotch00004.JPG,Dataset_01_jtttfbx342,Dataset_02_g46dvrcvwn,NEAR_DUPLICATE_PHASH,Hamming=9,9,Healthy_Leaf,Leaf_Blotch,9c1bd7e421e33966c0ead3152612530ef1c094003e82f221b54ee8f2985f456d,a96b36433507af73e39df1d2ad9989e773b79c0d27ae1ebfbf5ecc18de823a07
healthy_(149).jpg,Leaf Blotch00005.JPG,Dataset_01_jtttfbx342,Dataset_02_g46dvrcvwn,NEAR_DUPLICATE_PHASH,Hamming=8,8,Healthy_Leaf,Leaf_Blotch,9c1bd7e421e33966c0ead3152612530ef1c094003e82f221b54ee8f2985f456d,b5226d7c1649a14108ea4d4cb07f7891e66ce892f3f25536e7c1e20665c8d718
healthy_(149).jpg,Leaf Blotch00010.JPG,Dataset_01_jtttfbx342,Dataset_02_g46dvrcvwn,NEAR_DUPLICATE_PHASH,Hamming=9,9,Healthy_Leaf,Leaf_Blotch,9c1bd7e421e33966c0ead3152612530ef1c094003e82f221b54ee8f2985f456d,3197e2822de599021d133b9768cc32b77177d96d791f65244880d4b84c54b147
healthy_(149).jpg,Rhizome Disease Root00004.JPG,Dataset_01_jtttfbx342,Dataset_02_g46dvrcvwn,NEAR_DUPLICATE_PHASH,Hamming=8,8,Healthy_Leaf,Rhizome_Disease_Roots,9c1bd7e421e33966c0ead3152612530ef1c094003e82f221b54ee8f2985f456d,6f6e64319c0d1bab197b171a1f9a7efdec00a918a246926057b9e33d25fb5eee
healthy_(149).jpg,Rhizome Disease Root00114.JPG,Dataset_01_jtttfbx342,Dataset_02_g46dvrcvwn,NEAR_DUPLICATE_PHASH,Hamming=8,8,Healthy_Leaf,Rhizome_Disease_Roots,9c1bd7e421e33966c0ead3152612530ef1c094003e82f221b54ee8f2985f456d,3a652734257559efc017044a527d4be6683a935a05e18c03b9115f80560df8be
healthy_(149).jpg,Rhizome Healthy Root00302.JPG,Dataset_01_jtttfbx342,Dataset_02_g46dvrcvwn,NEAR_DUPLICATE_PHASH,Hamming=9,9,Healthy_Leaf,Rhizome_Healthy_Roots,9c1bd7e421e33966c0ead3152612530ef1c094003e82f221b54ee8f2985f456d,1b056c0bec593d0fb2c3b1ab4b9d24f80ed054d4ea4c181663cd9794f0288604
healthy_(149).jpg,Rhizome Healthy Root00303.JPG,Dataset_01_jtttfbx342,Dataset_02_g46dvrcvwn,NEAR_DUPLICATE_PHASH,Hamming=10,10,Healthy_Leaf,Rhizome_Healthy_Roots,9c1bd7e421e33966c0ead3152612530ef1c094003e82f221b54ee8f2985f456d,67b3e63120ef420e06cb311a4b97a1c1cb953fa026bae3e4e864d26264f1d837
healthy_(150).jpg,Dry Leaf00039.JPG,Dataset_01_jtttfbx342,Dataset_02_g46dvrcvwn,NEAR_DUPLICATE_PHASH,Hamming=10,10,Healthy_Leaf,Dry_Leaf,0aeb19fb8756e54b53be73c63657509defc7474623b50f789db99f0c905e10ba,5ecfa33d70749e3d210493df50c054c9b6dad951b542c285a4df7aaca5689b34
healthy_(150).jpg,Rhizome Disease Root00151.JPG,Dataset_01_jtttfbx342,Dataset_02_g46dvrcvwn,NEAR_DUPLICATE_PHASH,Hamming=10,10,Healthy_Leaf,Rhizome_Disease_Roots,0aeb19fb8756e54b53be73c63657509defc7474623b50f789db99f0c905e10ba,c515d596ac307a27853ec7c1aef0c2b7463e7f5e3730744bf699767807755504
healthy_(155).jpg,Rhizome Disease Root00114.JPG,Dataset_01_jtttfbx342,Dataset_02_g46dvrcvwn,NEAR_DUPLICATE_PHASH,Hamming=8,8,Healthy_Leaf,Rhizome_Disease_Roots,893b23274576dd0cc2521173547c7cc610b614fd03d119f45a7848b174e5fc27,3a652734257559efc017044a527d4be6683a935a05e18c03b9115f80560df8be
healthy_(159).jpg,Dry Leaf00021.JPG,Dataset_01_jtttfbx342,Dataset_02_g46dvrcvwn,NEAR_DUPLICATE_PHASH,Hamming=10,10,Healthy_Leaf,Dry_Leaf,b5500c265b6890c3375337c000ae000f23a5590064362023ee1d445c9c18999a,80b07af320ce31e8a146fc8c36d40920359a994dbb7ce32c5c787d0e269bb363
healthy_(159).jpg,Dry Leaf00122.JPG,Dataset_01_jtttfbx342,Dataset_02_g46dvrcvwn,NEAR_DUPLICATE_PHASH,Hamming=8,8,Healthy_Leaf,Dry_Leaf,b5500c265b6890c3375337c000ae000f23a5590064362023ee1d445c9c18999a,f4c98e627b86f34d545dfa70f914b5a3482f9dac29e37e4277a46b7a042753b4
healthy_(159).jpg,Leaf Blotch00004.JPG,Dataset_01_jtttfbx342,Dataset_02_g46dvrcvwn,NEAR_DUPLICATE_PHASH,Hamming=10,10,Healthy_Leaf,Leaf_Blotch,b5500c265b6890c3375337c000ae000f23a5590064362023ee1d445c9c18999a,a96b36433507af73e39df1d2ad9989e773b79c0d27ae1ebfbf5ecc18de823a07
healthy_(159).jpg,Rhizome Disease Root00114.JPG,Dataset_01_jtttfbx342,Dataset_02_g46dvrcvwn,NEAR_DUPLICATE_PHASH,Hamming=7,7,Healthy_Leaf,Rhizome_Disease_Roots,b5500c265b6890c3375337c000ae000f23a5590064362023ee1d445c9c18999a,3a652734257559efc017044a527d4be6683a935a05e18c03b9115f80560df8be
healthy_(159).jpg,Rhizome Healthy Root00102.JPG,Dataset_01_jtttfbx342,Dataset_02_g46dvrcvwn,NEAR_DUPLICATE_PHASH,Hamming=10,10,Healthy_Leaf,Rhizome_Healthy_Roots,b5500c265b6890c3375337c000ae000f23a5590064362023ee1d445c9c18999a,42ed63fbc1a84d627ef27ec356342cf7d62182b1cfb585f9cbc082ed88702993
healthy_(159).jpg,Rhizome Healthy Root00103.JPG,Dataset_01_jtttfbx342,Dataset_02_g46dvrcvwn,NEAR_DUPLICATE_PHASH,Hamming=10,10,Healthy_Leaf,Rhizome_Healthy_Roots,b5500c265b6890c3375337c000ae000f23a5590064362023ee1d445c9c18999a,1a182a290d5ec92d08bc0bb7826ce7992966ad9ac025b6731f8d48f1b0071cec
healthy_(159).jpg,Rhizome Healthy Root00106.JPG,Dataset_01_jtttfbx342,Dataset_02_g46dvrcvwn,NEAR_DUPLICATE_PHASH,Hamming=8,8,Healthy_Leaf,Rhizome_Healthy_Roots,b5500c265b6890c3375337c000ae000f23a5590064362023ee1d445c9c18999a,792099df3f2fb91a62d25fc739635a820e6c5be3fb678f74f5b5b0d40f2c3209
healthy_(159).jpg,Rhizome Healthy Root00232.JPG,Dataset_01_jtttfbx342,Dataset_02_g46dvrcvwn,NEAR_DUPLICATE_PHASH,Hamming=9,9,Healthy_Leaf,Rhizome_Healthy_Roots,b5500c265b6890c3375337c000ae000f23a5590064362023ee1d445c9c18999a,bc937e060206b7ac479f3eee51788f6e75bc98567118a529ef1b20784b1f366c
healthy_(159).jpg,Rhizome Healthy Root00233.JPG,Dataset_01_jtttfbx342,Dataset_02_g46dvrcvwn,NEAR_DUPLICATE_PHASH,Hamming=10,10,Healthy_Leaf,Rhizome_Healthy_Roots,b5500c265b6890c3375337c000ae000f23a5590064362023ee1d445c9c18999a,13232e929bfb4a08007baaee84be3da112a2bc99edada64ba088c98097387c95
healthy_(16).jpg,Dry Leaf00067.JPG,Dataset_01_jtttfbx342,Dataset_02_g46dvrcvwn,NEAR_DUPLICATE_PHASH,Hamming=10,10,Healthy_Leaf,Dry_Leaf,76ab8daf58d8db48149c3f6c4acaa48dd1f008532d5ce2e554e216b10ad580f2,eba9a2689362d0aac2ad26c333ca8248159062925e78a32e3e7d974e4083e79f
healthy_(162).jpg,Dry Leaf00021.JPG,Dataset_01_jtttfbx342,Dataset_02_g46dvrcvwn,NEAR_DUPLICATE_PHASH,Hamming=10,10,Healthy_Leaf,Dry_Leaf,6d1bd377beb930c08e8db239f7bde9f2537c5c828d7678e3fe888c9662664197,80b07af320ce31e8a146fc8c36d40920359a994dbb7ce32c5c787d0e269bb363
healthy_(162).jpg,Dry Leaf00122.JPG,Dataset_01_jtttfbx342,Dataset_02_g46dvrcvwn,NEAR_DUPLICATE_PHASH,Hamming=10,10,Healthy_Leaf,Dry_Leaf,6d1bd377beb930c08e8db239f7bde9f2537c5c828d7678e3fe888c9662664197,f4c98e627b86f34d545dfa70f914b5a3482f9dac29e37e4277a46b7a042753b4
healthy_(162).jpg,Rhizome Disease Root00114.JPG,Dataset_01_jtttfbx342,Dataset_02_g46dvrcvwn,NEAR_DUPLICATE_PHASH,Hamming=9,9,Healthy_Leaf,Rhizome_Disease_Roots,6d1bd377beb930c08e8db239f7bde9f2537c5c828d7678e3fe888c9662664197,3a652734257559efc017044a527d4be6683a935a05e18c03b9115f80560df8be
healthy_(162).jpg,Rhizome Healthy Root00102.JPG,Dataset_01_jtttfbx342,Dataset_02_g46dvrcvwn,NEAR_DUPLICATE_PHASH,Hamming=10,10,Healthy_Leaf,Rhizome_Healthy_Roots,6d1bd377beb930c08e8db239f7bde9f2537c5c828d7678e3fe888c9662664197,42ed63fbc1a84d627ef27ec356342cf7d62182b1cfb585f9cbc082ed88702993
healthy_(162).jpg,Rhizome Healthy Root00103.JPG,Dataset_01_jtttfbx342,Dataset_02_g46dvrcvwn,NEAR_DUPLICATE_PHASH,Hamming=10,10,Healthy_Leaf,Rhizome_Healthy_Roots,6d1bd377beb930c08e8db239f7bde9f2537c5c828d7678e3fe888c9662664197,1a182a290d5ec92d08bc0bb7826ce7992966ad9ac025b6731f8d48f1b0071cec
healthy_(162).jpg,Rhizome Healthy Root00104.JPG,Dataset_01_jtttfbx342,Dataset_02_g46dvrcvwn,NEAR_DUPLICATE_PHASH,Hamming=9,9,Healthy_Leaf,Rhizome_Healthy_Roots,6d1bd377beb930c08e8db239f7bde9f2537c5c828d7678e3fe888c9662664197,c6e84c358fef466d5d651d6badc72f487938a8971667c64a8b9cd6ba4e2a15f6
healthy_(165).jpg,Healthy Leaf00080.JPG,Dataset_01_jtttfbx342,Dataset_02_g46dvrcvwn,NEAR_DUPLICATE_PHASH,Hamming=10,10,Healthy_Leaf,Healthy_Leaf,a532de22c415a84f3a7823ac94aecf451b21c45292649703ad5e736bdef4b9db,735305a804c6fc2a7174e6c6cf4877732198c0b6544bd458bb6194e2813b7faa
healthy_(165).jpg,Healthy Leaf00150.JPG,Dataset_01_jtttfbx342,Dataset_02_g46dvrcvwn,NEAR_DUPLICATE_PHASH,Hamming=9,9,Healthy_Leaf,Healthy_Leaf,a532de22c415a84f3a7823ac94aecf451b21c45292649703ad5e736bdef4b9db,e07104a6fc0a016a618a2a845beaab06e7fdee0bc6543c282bc30fe1bde48907
healthy_(165).jpg,Leaf Blotch00035.JPG,Dataset_01_jtttfbx342,Dataset_02_g46dvrcvwn,NEAR_DUPLICATE_PHASH,Hamming=9,9,Healthy_Leaf,Leaf_Blotch,a532de22c415a84f3a7823ac94aecf451b21c45292649703ad5e736bdef4b9db,4ade127b37d487158e1cad776ff69a1ca5bc17f147d1478d15fd11e0eb94b864
healthy_(165).jpg,Leaf Blotch00041.JPG,Dataset_01_jtttfbx342,Dataset_02_g46dvrcvwn,NEAR_DUPLICATE_PHASH,Hamming=10,10,Healthy_Leaf,Leaf_Blotch,a532de22c415a84f3a7823ac94aecf451b21c45292649703ad5e736bdef4b9db,7387958ff139f404b6bfb8287310e93a6adb9dba34fdcc59818dbace800ce02c
healthy_(165).jpg,Rhizome Disease Root00006.JPG,Dataset_01_jtttfbx342,Dataset_02_g46dvrcvwn,NEAR_DUPLICATE_PHASH,Hamming=10,10,Healthy_Leaf,Rhizome_Disease_Roots,a532de22c415a84f3a7823ac94aecf451b21c45292649703ad5e736bdef4b9db,0129ff8b8b8fe7a63d60a3fe2ccc28b91d0f1a360b7870aa34a02097bdb446b3
healthy_(17).jpg,Dry Leaf00122.JPG,Dataset_01_jtttfbx342,Dataset_02_g46dvrcvwn,NEAR_DUPLICATE_PHASH,Hamming=10,10,Healthy_Leaf,Dry_Leaf,a2ed143dcf611ac8a371f0e7bea83cf989095928a50563ff0b6d0bbd874e6a00,f4c98e627b86f34d545dfa70f914b5a3482f9dac29e37e4277a46b7a042753b4
healthy_(174).jpg,Dry Leaf00020.JPG,Dataset_01_jtttfbx342,Dataset_02_g46dvrcvwn,NEAR_DUPLICATE_PHASH,Hamming=9,9,Healthy_Leaf,Dry_Leaf,64dbfdafecaaed134c20e93600c15e03642d7e0948a9cc3a6552e18584c05b27,5d3e1f8c3a0b4978ce154a814d2fbecf2f2fff851b634549f89b00763e94546e
healthy_(174).jpg,Rhizome Healthy Root00102.JPG,Dataset_01_jtttfbx342,Dataset_02_g46dvrcvwn,NEAR_DUPLICATE_PHASH,Hamming=10,10,Healthy_Leaf,Rhizome_Healthy_Roots,64dbfdafecaaed134c20e93600c15e03642d7e0948a9cc3a6552e18584c05b27,42ed63fbc1a84d627ef27ec356342cf7d62182b1cfb585f9cbc082ed88702993
healthy_(174).jpg,Rhizome Healthy Root00103.JPG,Dataset_01_jtttfbx342,Dataset_02_g46dvrcvwn,NEAR_DUPLICATE_PHASH,Hamming=10,10,Healthy_Leaf,Rhizome_Healthy_Roots,64dbfdafecaaed134c20e93600c15e03642d7e0948a9cc3a6552e18584c05b27,1a182a290d5ec92d08bc0bb7826ce7992966ad9ac025b6731f8d48f1b0071cec
healthy_(175).jpg,Dry Leaf00082.JPG,Dataset_01_jtttfbx342,Dataset_02_g46dvrcvwn,NEAR_DUPLICATE_PHASH,Hamming=8,8,Healthy_Leaf,Dry_Leaf,a9b38dda19704016cefb426c114bd17c02f40cccaf04813c276f9aacde154be5,0fef36b29f2c7149a46f1781d1a4edbd110d22d5b39a80b27eba7248551a7943
healthy_(175).jpg,Dry Leaf00103.JPG,Dataset_01_jtttfbx342,Dataset_02_g46dvrcvwn,NEAR_DUPLICATE_PHASH,Hamming=10,10,Healthy_Leaf,Dry_Leaf,a9b38dda19704016cefb426c114bd17c02f40cccaf04813c276f9aacde154be5,bbfb3df38cb3490b790738984ea414551d8babc594859e0349b9edea546188c8
healthy_(175).jpg,Dry Leaf00122.JPG,Dataset_01_jtttfbx342,Dataset_02_g46dvrcvwn,NEAR_DUPLICATE_PHASH,Hamming=10,10,Healthy_Leaf,Dry_Leaf,a9b38dda19704016cefb426c114bd17c02f40cccaf04813c276f9aacde154be5,f4c98e627b86f34d545dfa70f914b5a3482f9dac29e37e4277a46b7a042753b4
healthy_(175).jpg,Dry Leaf00143.JPG,Dataset_01_jtttfbx342,Dataset_02_g46dvrcvwn,NEAR_DUPLICATE_PHASH,Hamming=8,8,Healthy_Leaf,Dry_Leaf,a9b38dda19704016cefb426c114bd17c02f40cccaf04813c276f9aacde154be5,264aaf55af985e2d563adbfe4338e6d7666deb78327e547e536cc5a3f2933d56
healthy_(175).jpg,Dry Leaf00179.JPG,Dataset_01_jtttfbx342,Dataset_02_g46dvrcvwn,NEAR_DUPLICATE_PHASH,Hamming=10,10,Healthy_Leaf,Dry_Leaf,a9b38dda19704016cefb426c114bd17c02f40cccaf04813c276f9aacde154be5,200dca98c8c3f3b9d0a8e0c4afbe44b6adeaa8bdbf03385c2c9485f8b0999b0e
healthy_(175).jpg,Leaf Blotch00004.JPG,Dataset_01_jtttfbx342,Dataset_02_g46dvrcvwn,NEAR_DUPLICATE_PHASH,Hamming=10,10,Healthy_Leaf,Leaf_Blotch,a9b38dda19704016cefb426c114bd17c02f40cccaf04813c276f9aacde154be5,a96b36433507af73e39df1d2ad9989e773b79c0d27ae1ebfbf5ecc18de823a07
healthy_(175).jpg,Leaf Blotch00005.JPG,Dataset_01_jtttfbx342,Dataset_02_g46dvrcvwn,NEAR_DUPLICATE_PHASH,Hamming=9,9,Healthy_Leaf,Leaf_Blotch,a9b38dda19704016cefb426c114bd17c02f40cccaf04813c276f9aacde154be5,b5226d7c1649a14108ea4d4cb07f7891e66ce892f3f25536e7c1e20665c8d718
healthy_(175).jpg,Leaf Blotch00008.JPG,Dataset_01_jtttfbx342,Dataset_02_g46dvrcvwn,NEAR_DUPLICATE_PHASH,Hamming=10,10,Healthy_Leaf,Leaf_Blotch,a9b38dda19704016cefb426c114bd17c02f40cccaf04813c276f9aacde154be5,c8bc1c36431f8bba388e437313476fdb6e489866cef23a0f4993352654de43ea
healthy_(175).jpg,Leaf Blotch00010.JPG,Dataset_01_jtttfbx342,Dataset_02_g46dvrcvwn,NEAR_DUPLICATE_PHASH,Hamming=10,10,Healthy_Leaf,Leaf_Blotch,a9b38dda19704016cefb426c114bd17c02f40cccaf04813c276f9aacde154be5,3197e2822de599021d133b9768cc32b77177d96d791f65244880d4b84c54b147
healthy_(175).jpg,Rhizome Disease Root00004.JPG,Dataset_01_jtttfbx342,Dataset_02_g46dvrcvwn,NEAR_DUPLICATE_PHASH,Hamming=9,9,Healthy_Leaf,Rhizome_Disease_Roots,a9b38dda19704016cefb426c114bd17c02f40cccaf04813c276f9aacde154be5,6f6e64319c0d1bab197b171a1f9a7efdec00a918a246926057b9e33d25fb5eee
healthy_(175).jpg,Rhizome Disease Root00031.JPG,Dataset_01_jtttfbx342,Dataset_02_g46dvrcvwn,NEAR_DUPLICATE_PHASH,Hamming=9,9,Healthy_Leaf,Rhizome_Disease_Roots,a9b38dda19704016cefb426c114bd17c02f40cccaf04813c276f9aacde154be5,dedf2d9306dfb93c43063f67c4400508fe0bb5a6138b865bc0149e9e0602865b
healthy_(175).jpg,Rhizome Disease Root00114.JPG,Dataset_01_jtttfbx342,Dataset_02_g46dvrcvwn,NEAR_DUPLICATE_PHASH,Hamming=7,7,Healthy_Leaf,Rhizome_Disease_Roots,a9b38dda19704016cefb426c114bd17c02f40cccaf04813c276f9aacde154be5,3a652734257559efc017044a527d4be6683a935a05e18c03b9115f80560df8be
healthy_(175).jpg,Rhizome Healthy Root00029.JPG,Dataset_01_jtttfbx342,Dataset_02_g46dvrcvwn,NEAR_DUPLICATE_PHASH,Hamming=10,10,Healthy_Leaf,Rhizome_Healthy_Roots,a9b38dda19704016cefb426c114bd17c02f40cccaf04813c276f9aacde154be5,3835df92135db2ba80f4dc67dd51d4ab10db2fd18fa835a53280dd4318d1c91a
healthy_(175).jpg,Rhizome Healthy Root00030.JPG,Dataset_01_jtttfbx342,Dataset_02_g46dvrcvwn,NEAR_DUPLICATE_PHASH,Hamming=10,10,Healthy_Leaf,Rhizome_Healthy_Roots,a9b38dda19704016cefb426c114bd17c02f40cccaf04813c276f9aacde154be5,5ce7923d7a7e7b4bd048f205c90e9a9a8d400d2fd8cf48fec15ac85b74cc3468
healthy_(175).jpg,Rhizome Healthy Root00031.JPG,Dataset_01_jtttfbx342,Dataset_02_g46dvrcvwn,NEAR_DUPLICATE_PHASH,Hamming=10,10,Healthy_Leaf,Rhizome_Healthy_Roots,a9b38dda19704016cefb426c114bd17c02f40cccaf04813c276f9aacde154be5,be1d95036007d6dc54776a298c8ed737b1c2ae0a0b8d9720d368b6fd64dfef46
healthy_(175).jpg,Rhizome Healthy Root00106.JPG,Dataset_01_jtttfbx342,Dataset_02_g46dvrcvwn,NEAR_DUPLICATE_PHASH,Hamming=10,10,Healthy_Leaf,Rhizome_Healthy_Roots,a9b38dda19704016cefb426c114bd17c02f40cccaf04813c276f9aacde154be5,792099df3f2fb91a62d25fc739635a820e6c5be3fb678f74f5b5b0d40f2c3209
healthy_(175).jpg,Rhizome Healthy Root00292.JPG,Dataset_01_jtttfbx342,Dataset_02_g46dvrcvwn,NEAR_DUPLICATE_PHASH,Hamming=8,8,Healthy_Leaf,Rhizome_Healthy_Roots,a9b38dda19704016cefb426c114bd17c02f40cccaf04813c276f9aacde154be5,0fcf7b1826e15adbff0cc25cb6b499e297fc3cfcf6d0ea3c400f0ba34ca9f4c5
healthy_(175).jpg,Rhizome Healthy Root00298.JPG,Dataset_01_jtttfbx342,Dataset_02_g46dvrcvwn,NEAR_DUPLICATE_PHASH,Hamming=9,9,Healthy_Leaf,Rhizome_Healthy_Roots,a9b38dda19704016cefb426c114bd17c02f40cccaf04813c276f9aacde154be5,2783c1890cd370aeaac62205f04cd2f8e6dbd23c5f0a56b5e3406893bed3c47f
healthy_(175).jpg,Rhizome Healthy Root00302.JPG,Dataset_01_jtttfbx342,Dataset_02_g46dvrcvwn,NEAR_DUPLICATE_PHASH,Hamming=8,8,Healthy_Leaf,Rhizome_Healthy_Roots,a9b38dda19704016cefb426c114bd17c02f40cccaf04813c276f9aacde154be5,1b056c0bec593d0fb2c3b1ab4b9d24f80ed054d4ea4c181663cd9794f0288604
healthy_(175).jpg,Rhizome Healthy Root00303.JPG,Dataset_01_jtttfbx342,Dataset_02_g46dvrcvwn,NEAR_DUPLICATE_PHASH,Hamming=9,9,Healthy_Leaf,Rhizome_Healthy_Roots,a9b38dda19704016cefb426c114bd17c02f40cccaf04813c276f9aacde154be5,67b3e63120ef420e06cb311a4b97a1c1cb953fa026bae3e4e864d26264f1d837
healthy_(176).jpg,Dry Leaf00122.JPG,Dataset_01_jtttfbx342,Dataset_02_g46dvrcvwn,NEAR_DUPLICATE_PHASH,Hamming=9,9,Healthy_Leaf,Dry_Leaf,be8d08e380551bd610e04bc939d44891170dd08e9f1660b44677bd3231cecb3a,f4c98e627b86f34d545dfa70f914b5a3482f9dac29e37e4277a46b7a042753b4
healthy_(178).jpg,Dry Leaf00106.JPG,Dataset_01_jtttfbx342,Dataset_02_g46dvrcvwn,NEAR_DUPLICATE_PHASH,Hamming=9,9,Healthy_Leaf,Dry_Leaf,28bf82643dc38c2eb1c8f959114cb8da1c3c6f7b271c20c426ff312bbd4cc023,bf51d86e769f79565126a609d7663982a5939e707036279be63053b07f71726b
healthy_(178).jpg,Leaf Blotch00006.JPG,Dataset_01_jtttfbx342,Dataset_02_g46dvrcvwn,NEAR_DUPLICATE_PHASH,Hamming=10,10,Healthy_Leaf,Leaf_Blotch,28bf82643dc38c2eb1c8f959114cb8da1c3c6f7b271c20c426ff312bbd4cc023,b0975277450bc6f9f338542e47055ab8a8947999d4a87cd8e2097f23af27f392
healthy_(179).jpg,Dry Leaf00138.JPG,Dataset_01_jtttfbx342,Dataset_02_g46dvrcvwn,NEAR_DUPLICATE_PHASH,Hamming=10,10,Healthy_Leaf,Dry_Leaf,613f69bb92adba95f3d20697f85e6898a84db36cff5ef9c360f6efc6f374011b,48a137a521fcf8c5bf0f80670022143942508551f0f3047e9f590ff294fc2316
healthy_(18).jpg,Dry Leaf00122.JPG,Dataset_01_jtttfbx342,Dataset_02_g46dvrcvwn,NEAR_DUPLICATE_PHASH,Hamming=9,9,Healthy_Leaf,Dry_Leaf,9ccd3b660cb91a23c441189c30aa731f19950b38302708112184e74269506199,f4c98e627b86f34d545dfa70f914b5a3482f9dac29e37e4277a46b7a042753b4
healthy_(18).jpg,Leaf Blotch00004.JPG,Dataset_01_jtttfbx342,Dataset_02_g46dvrcvwn,NEAR_DUPLICATE_PHASH,Hamming=9,9,Healthy_Leaf,Leaf_Blotch,9ccd3b660cb91a23c441189c30aa731f19950b38302708112184e74269506199,a96b36433507af73e39df1d2ad9989e773b79c0d27ae1ebfbf5ecc18de823a07
healthy_(18).jpg,Leaf Blotch00005.JPG,Dataset_01_jtttfbx342,Dataset_02_g46dvrcvwn,NEAR_DUPLICATE_PHASH,Hamming=8,8,Healthy_Leaf,Leaf_Blotch,9ccd3b660cb91a23c441189c30aa731f19950b38302708112184e74269506199,b5226d7c1649a14108ea4d4cb07f7891e66ce892f3f25536e7c1e20665c8d718
healthy_(18).jpg,Rhizome Disease Root00004.JPG,Dataset_01_jtttfbx342,Dataset_02_g46dvrcvwn,NEAR_DUPLICATE_PHASH,Hamming=10,10,Healthy_Leaf,Rhizome_Disease_Roots,9ccd3b660cb91a23c441189c30aa731f19950b38302708112184e74269506199,6f6e64319c0d1bab197b171a1f9a7efdec00a918a246926057b9e33d25fb5eee
healthy_(18).jpg,Rhizome Disease Root00114.JPG,Dataset_01_jtttfbx342,Dataset_02_g46dvrcvwn,NEAR_DUPLICATE_PHASH,Hamming=8,8,Healthy_Leaf,Rhizome_Disease_Roots,9ccd3b660cb91a23c441189c30aa731f19950b38302708112184e74269506199,3a652734257559efc017044a527d4be6683a935a05e18c03b9115f80560df8be
healthy_(18).jpg,Rhizome Healthy Root00106.JPG,Dataset_01_jtttfbx342,Dataset_02_g46dvrcvwn,NEAR_DUPLICATE_PHASH,Hamming=9,9,Healthy_Leaf,Rhizome_Healthy_Roots,9ccd3b660cb91a23c441189c30aa731f19950b38302708112184e74269506199,792099df3f2fb91a62d25fc739635a820e6c5be3fb678f74f5b5b0d40f2c3209
healthy_(18).jpg,Rhizome Healthy Root00232.JPG,Dataset_01_jtttfbx342,Dataset_02_g46dvrcvwn,NEAR_DUPLICATE_PHASH,Hamming=10,10,Healthy_Leaf,Rhizome_Healthy_Roots,9ccd3b660cb91a23c441189c30aa731f19950b38302708112184e74269506199,bc937e060206b7ac479f3eee51788f6e75bc98567118a529ef1b20784b1f366c
healthy_(18).jpg,Rhizome Healthy Root00302.JPG,Dataset_01_jtttfbx342,Dataset_02_g46dvrcvwn,NEAR_DUPLICATE_PHASH,Hamming=9,9,Healthy_Leaf,Rhizome_Healthy_Roots,9ccd3b660cb91a23c441189c30aa731f19950b38302708112184e74269506199,1b056c0bec593d0fb2c3b1ab4b9d24f80ed054d4ea4c181663cd9794f0288604
healthy_(18).jpg,Rhizome Healthy Root00303.JPG,Dataset_01_jtttfbx342,Dataset_02_g46dvrcvwn,NEAR_DUPLICATE_PHASH,Hamming=10,10,Healthy_Leaf,Rhizome_Healthy_Roots,9ccd3b660cb91a23c441189c30aa731f19950b38302708112184e74269506199,67b3e63120ef420e06cb311a4b97a1c1cb953fa026bae3e4e864d26264f1d837
healthy_(180).jpg,Dry Leaf00049.JPG,Dataset_01_jtttfbx342,Dataset_02_g46dvrcvwn,NEAR_DUPLICATE_PHASH,Hamming=7,7,Healthy_Leaf,Dry_Leaf,089c66a4669a07d2e8b0bf10101e2303f18dbfb5c6f66e0e4a365ded1f087946,319d981af9df48246c86314c43f6489c9b8020dccdf45288eeeeef33f9cce8ad
healthy_(181).jpg,Dry Leaf00082.JPG,Dataset_01_jtttfbx342,Dataset_02_g46dvrcvwn,NEAR_DUPLICATE_PHASH,Hamming=9,9,Healthy_Leaf,Dry_Leaf,3c36558b38f2a417dfc4c87d0965c1d338a4827f12d52bc0bcad64dfcd2776a1,0fef36b29f2c7149a46f1781d1a4edbd110d22d5b39a80b27eba7248551a7943
healthy_(181).jpg,Dry Leaf00143.JPG,Dataset_01_jtttfbx342,Dataset_02_g46dvrcvwn,NEAR_DUPLICATE_PHASH,Hamming=7,7,Healthy_Leaf,Dry_Leaf,3c36558b38f2a417dfc4c87d0965c1d338a4827f12d52bc0bcad64dfcd2776a1,264aaf55af985e2d563adbfe4338e6d7666deb78327e547e536cc5a3f2933d56
healthy_(181).jpg,Rhizome Disease Root00004.JPG,Dataset_01_jtttfbx342,Dataset_02_g46dvrcvwn,NEAR_DUPLICATE_PHASH,Hamming=10,10,Healthy_Leaf,Rhizome_Disease_Roots,3c36558b38f2a417dfc4c87d0965c1d338a4827f12d52bc0bcad64dfcd2776a1,6f6e64319c0d1bab197b171a1f9a7efdec00a918a246926057b9e33d25fb5eee
healthy_(181).jpg,Rhizome Disease Root00107.JPG,Dataset_01_jtttfbx342,Dataset_02_g46dvrcvwn,NEAR_DUPLICATE_PHASH,Hamming=9,9,Healthy_Leaf,Rhizome_Disease_Roots,3c36558b38f2a417dfc4c87d0965c1d338a4827f12d52bc0bcad64dfcd2776a1,20764c6b0d747374c65cb38dc7b917de2cb9f7b1a2646232c20a1cb9569d8bed
healthy_(181).jpg,Rhizome Disease Root00109.JPG,Dataset_01_jtttfbx342,Dataset_02_g46dvrcvwn,NEAR_DUPLICATE_PHASH,Hamming=10,10,Healthy_Leaf,Rhizome_Disease_Roots,3c36558b38f2a417dfc4c87d0965c1d338a4827f12d52bc0bcad64dfcd2776a1,f0c627b63b768afb39ae808c03bc62bcc065f94fbbbfb48b32fec6d423d28a8d
healthy_(182).jpg,Dry Leaf00049.JPG,Dataset_01_jtttfbx342,Dataset_02_g46dvrcvwn,NEAR_DUPLICATE_PHASH,Hamming=9,9,Healthy_Leaf,Dry_Leaf,f1bce603e48aba147e90fa2dfd658119373a33304d086513c2ed20757b28ea75,319d981af9df48246c86314c43f6489c9b8020dccdf45288eeeeef33f9cce8ad
healthy_(185).jpg,Rhizome Disease Root00112.JPG,Dataset_01_jtttfbx342,Dataset_02_g46dvrcvwn,NEAR_DUPLICATE_PHASH,Hamming=10,10,Healthy_Leaf,Rhizome_Disease_Roots,7d328c4d9ab993c8f3f3635c135e32091d2698e005b55caced9f747c8b7d5369,91ae7035e064a6406120fc0ecaa788edd1c48a2b5f20f0c2337b08707f3fbe0f
healthy_(185).jpg,Rhizome Disease Root00114.JPG,Dataset_01_jtttfbx342,Dataset_02_g46dvrcvwn,NEAR_DUPLICATE_PHASH,Hamming=9,9,Healthy_Leaf,Rhizome_Disease_Roots,7d328c4d9ab993c8f3f3635c135e32091d2698e005b55caced9f747c8b7d5369,3a652734257559efc017044a527d4be6683a935a05e18c03b9115f80560df8be
healthy_(185).jpg,Rhizome Healthy Root00302.JPG,Dataset_01_jtttfbx342,Dataset_02_g46dvrcvwn,NEAR_DUPLICATE_PHASH,Hamming=10,10,Healthy_Leaf,Rhizome_Healthy_Roots,7d328c4d9ab993c8f3f3635c135e32091d2698e005b55caced9f747c8b7d5369,1b056c0bec593d0fb2c3b1ab4b9d24f80ed054d4ea4c181663cd9794f0288604
healthy_(188).jpg,Rhizome Disease Root00013.JPG,Dataset_01_jtttfbx342,Dataset_02_g46dvrcvwn,NEAR_DUPLICATE_PHASH,Hamming=10,10,Healthy_Leaf,Rhizome_Disease_Roots,f75cbe2cd44da07cc68eaaebaffb922a1335524c5554862ef4732a048388002c,21cf8345ed100a841b7a850368009d2c00c762a158b01d5670952d09972231bd
healthy_(188).jpg,Rhizome Disease Root00031.JPG,Dataset_01_jtttfbx342,Dataset_02_g46dvrcvwn,NEAR_DUPLICATE_PHASH,Hamming=8,8,Healthy_Leaf,Rhizome_Disease_Roots,f75cbe2cd44da07cc68eaaebaffb922a1335524c5554862ef4732a048388002c,dedf2d9306dfb93c43063f67c4400508fe0bb5a6138b865bc0149e9e0602865b
healthy_(188).jpg,Rhizome Disease Root00109.JPG,Dataset_01_jtttfbx342,Dataset_02_g46dvrcvwn,NEAR_DUPLICATE_PHASH,Hamming=10,10,Healthy_Leaf,Rhizome_Disease_Roots,f75cbe2cd44da07cc68eaaebaffb922a1335524c5554862ef4732a048388002c,f0c627b63b768afb39ae808c03bc62bcc065f94fbbbfb48b32fec6d423d28a8d
healthy_(188).jpg,Rhizome Disease Root00114.JPG,Dataset_01_jtttfbx342,Dataset_02_g46dvrcvwn,NEAR_DUPLICATE_PHASH,Hamming=10,10,Healthy_Leaf,Rhizome_Disease_Roots,f75cbe2cd44da07cc68eaaebaffb922a1335524c5554862ef4732a048388002c,3a652734257559efc017044a527d4be6683a935a05e18c03b9115f80560df8be
healthy_(188).jpg,Rhizome Healthy Root00172.JPG,Dataset_01_jtttfbx342,Dataset_02_g46dvrcvwn,NEAR_DUPLICATE_PHASH,Hamming=10,10,Healthy_Leaf,Rhizome_Healthy_Roots,f75cbe2cd44da07cc68eaaebaffb922a1335524c5554862ef4732a048388002c,edc68d95029d0702c151bb55825e48a559a18eea52be340a7c48f1729cca08f7
healthy_(188).jpg,Rhizome Healthy Root00173.JPG,Dataset_01_jtttfbx342,Dataset_02_g46dvrcvwn,NEAR_DUPLICATE_PHASH,Hamming=10,10,Healthy_Leaf,Rhizome_Healthy_Roots,f75cbe2cd44da07cc68eaaebaffb922a1335524c5554862ef4732a048388002c,47706a04449487505eb6bf9354a9d3c333c42c724b6c84d4da898ebb31e14afd
healthy_(188).jpg,Rhizome Healthy Root00198.JPG,Dataset_01_jtttfbx342,Dataset_02_g46dvrcvwn,NEAR_DUPLICATE_PHASH,Hamming=10,10,Healthy_Leaf,Rhizome_Healthy_Roots,f75cbe2cd44da07cc68eaaebaffb922a1335524c5554862ef4732a048388002c,dcd362ff05f693cd0d5729594d6880236cf0b71b68820e3fd5f3d65483ccde1a
healthy_(189).jpg,Dry Leaf00079.JPG,Dataset_01_jtttfbx342,Dataset_02_g46dvrcvwn,NEAR_DUPLICATE_PHASH,Hamming=10,10,Healthy_Leaf,Dry_Leaf,fb4957a52f59047853717e801915d1647e5373882742b06d4a5e59931cc494b6,1f6e087d7212035df77783d7de4752f7700ec05b7df4e4a76f3f7282d7157451
healthy_(189).jpg,Dry Leaf00100.JPG,Dataset_01_jtttfbx342,Dataset_02_g46dvrcvwn,NEAR_DUPLICATE_PHASH,Hamming=9,9,Healthy_Leaf,Dry_Leaf,fb4957a52f59047853717e801915d1647e5373882742b06d4a5e59931cc494b6,b59ac801dc168808d912a67b0bef41184f32dbaf6a28275e3499663538cb2fb2
healthy_(189).jpg,Dry Leaf00132.JPG,Dataset_01_jtttfbx342,Dataset_02_g46dvrcvwn,NEAR_DUPLICATE_PHASH,Hamming=10,10,Healthy_Leaf,Dry_Leaf,fb4957a52f59047853717e801915d1647e5373882742b06d4a5e59931cc494b6,6ad1984ab2f5869d796580739ddc3fde3e5a24608a21d4b99e04304fa8f4d850
healthy_(189).jpg,Leaf Blotch00005.JPG,Dataset_01_jtttfbx342,Dataset_02_g46dvrcvwn,NEAR_DUPLICATE_PHASH,Hamming=10,10,Healthy_Leaf,Leaf_Blotch,fb4957a52f59047853717e801915d1647e5373882742b06d4a5e59931cc494b6,b5226d7c1649a14108ea4d4cb07f7891e66ce892f3f25536e7c1e20665c8d718
healthy_(189).jpg,Rhizome Disease Root00114.JPG,Dataset_01_jtttfbx342,Dataset_02_g46dvrcvwn,NEAR_DUPLICATE_PHASH,Hamming=8,8,Healthy_Leaf,Rhizome_Disease_Roots,fb4957a52f59047853717e801915d1647e5373882742b06d4a5e59931cc494b6,3a652734257559efc017044a527d4be6683a935a05e18c03b9115f80560df8be
healthy_(189).jpg,Rhizome Healthy Root00107.JPG,Dataset_01_jtttfbx342,Dataset_02_g46dvrcvwn,NEAR_DUPLICATE_PHASH,Hamming=10,10,Healthy_Leaf,Rhizome_Healthy_Roots,fb4957a52f59047853717e801915d1647e5373882742b06d4a5e59931cc494b6,017cc054582ac4cf8d0e919aa024caa2617a290a63fbfbdb4d191d3865b199b3
healthy_(190).jpg,Dry Leaf00079.JPG,Dataset_01_jtttfbx342,Dataset_02_g46dvrcvwn,NEAR_DUPLICATE_PHASH,Hamming=10,10,Healthy_Leaf,Dry_Leaf,a1fbb1976bf7ac49a5e734827096d4321df548e6cf32aae124146c6856513fcf,1f6e087d7212035df77783d7de4752f7700ec05b7df4e4a76f3f7282d7157451
healthy_(190).jpg,Leaf Blotch00005.JPG,Dataset_01_jtttfbx342,Dataset_02_g46dvrcvwn,NEAR_DUPLICATE_PHASH,Hamming=10,10,Healthy_Leaf,Leaf_Blotch,a1fbb1976bf7ac49a5e734827096d4321df548e6cf32aae124146c6856513fcf,b5226d7c1649a14108ea4d4cb07f7891e66ce892f3f25536e7c1e20665c8d718
healthy_(190).jpg,Rhizome Disease Root00004.JPG,Dataset_01_jtttfbx342,Dataset_02_g46dvrcvwn,NEAR_DUPLICATE_PHASH,Hamming=10,10,Healthy_Leaf,Rhizome_Disease_Roots,a1fbb1976bf7ac49a5e734827096d4321df548e6cf32aae124146c6856513fcf,6f6e64319c0d1bab197b171a1f9a7efdec00a918a246926057b9e33d25fb5eee
healthy_(190).jpg,Rhizome Disease Root00114.JPG,Dataset_01_jtttfbx342,Dataset_02_g46dvrcvwn,NEAR_DUPLICATE_PHASH,Hamming=8,8,Healthy_Leaf,Rhizome_Disease_Roots,a1fbb1976bf7ac49a5e734827096d4321df548e6cf32aae124146c6856513fcf,3a652734257559efc017044a527d4be6683a935a05e18c03b9115f80560df8be
healthy_(190).jpg,Rhizome Healthy Root00302.JPG,Dataset_01_jtttfbx342,Dataset_02_g46dvrcvwn,NEAR_DUPLICATE_PHASH,Hamming=9,9,Healthy_Leaf,Rhizome_Healthy_Roots,a1fbb1976bf7ac49a5e734827096d4321df548e6cf32aae124146c6856513fcf,1b056c0bec593d0fb2c3b1ab4b9d24f80ed054d4ea4c181663cd9794f0288604
healthy_(190).jpg,Rhizome Healthy Root00303.JPG,Dataset_01_jtttfbx342,Dataset_02_g46dvrcvwn,NEAR_DUPLICATE_PHASH,Hamming=10,10,Healthy_Leaf,Rhizome_Healthy_Roots,a1fbb1976bf7ac49a5e734827096d4321df548e6cf32aae124146c6856513fcf,67b3e63120ef420e06cb311a4b97a1c1cb953fa026bae3e4e864d26264f1d837
healthy_(193).jpg,Dry Leaf00145.JPG,Dataset_01_jtttfbx342,Dataset_02_g46dvrcvwn,NEAR_DUPLICATE_PHASH,Hamming=10,10,Healthy_Leaf,Dry_Leaf,5151df9b9f1f0bc231c22746666a07287bfe569accf292b46de5f0e0a9b692a7,17b07c19e0a269fd5d0d9ab343b632df760ee8698ece73129a27cbc68f72a1ab
healthy_(193).jpg,Rhizome Disease Root00109.JPG,Dataset_01_jtttfbx342,Dataset_02_g46dvrcvwn,NEAR_DUPLICATE_PHASH,Hamming=9,9,Healthy_Leaf,Rhizome_Disease_Roots,5151df9b9f1f0bc231c22746666a07287bfe569accf292b46de5f0e0a9b692a7,f0c627b63b768afb39ae808c03bc62bcc065f94fbbbfb48b32fec6d423d28a8d
healthy_(195).jpg,Dry Leaf00082.JPG,Dataset_01_jtttfbx342,Dataset_02_g46dvrcvwn,NEAR_DUPLICATE_PHASH,Hamming=10,10,Healthy_Leaf,Dry_Leaf,56b12b38c828067e470624f550cbf983c92d399afdcac7b97062bad6353734af,0fef36b29f2c7149a46f1781d1a4edbd110d22d5b39a80b27eba7248551a7943
healthy_(195).jpg,Dry Leaf00143.JPG,Dataset_01_jtttfbx342,Dataset_02_g46dvrcvwn,NEAR_DUPLICATE_PHASH,Hamming=10,10,Healthy_Leaf,Dry_Leaf,56b12b38c828067e470624f550cbf983c92d399afdcac7b97062bad6353734af,264aaf55af985e2d563adbfe4338e6d7666deb78327e547e536cc5a3f2933d56
healthy_(195).jpg,Leaf Blotch00004.JPG,Dataset_01_jtttfbx342,Dataset_02_g46dvrcvwn,NEAR_DUPLICATE_PHASH,Hamming=10,10,Healthy_Leaf,Leaf_Blotch,56b12b38c828067e470624f550cbf983c92d399afdcac7b97062bad6353734af,a96b36433507af73e39df1d2ad9989e773b79c0d27ae1ebfbf5ecc18de823a07
healthy_(195).jpg,Leaf Blotch00005.JPG,Dataset_01_jtttfbx342,Dataset_02_g46dvrcvwn,NEAR_DUPLICATE_PHASH,Hamming=9,9,Healthy_Leaf,Leaf_Blotch,56b12b38c828067e470624f550cbf983c92d399afdcac7b97062bad6353734af,b5226d7c1649a14108ea4d4cb07f7891e66ce892f3f25536e7c1e20665c8d718
healthy_(195).jpg,Leaf Blotch00010.JPG,Dataset_01_jtttfbx342,Dataset_02_g46dvrcvwn,NEAR_DUPLICATE_PHASH,Hamming=10,10,Healthy_Leaf,Leaf_Blotch,56b12b38c828067e470624f550cbf983c92d399afdcac7b97062bad6353734af,3197e2822de599021d133b9768cc32b77177d96d791f65244880d4b84c54b147
healthy_(195).jpg,Rhizome Disease Root00004.JPG,Dataset_01_jtttfbx342,Dataset_02_g46dvrcvwn,NEAR_DUPLICATE_PHASH,Hamming=7,7,Healthy_Leaf,Rhizome_Disease_Roots,56b12b38c828067e470624f550cbf983c92d399afdcac7b97062bad6353734af,6f6e64319c0d1bab197b171a1f9a7efdec00a918a246926057b9e33d25fb5eee
healthy_(195).jpg,Rhizome Disease Root00107.JPG,Dataset_01_jtttfbx342,Dataset_02_g46dvrcvwn,NEAR_DUPLICATE_PHASH,Hamming=10,10,Healthy_Leaf,Rhizome_Disease_Roots,56b12b38c828067e470624f550cbf983c92d399afdcac7b97062bad6353734af,20764c6b0d747374c65cb38dc7b917de2cb9f7b1a2646232c20a1cb9569d8bed
healthy_(195).jpg,Rhizome Disease Root00114.JPG,Dataset_01_jtttfbx342,Dataset_02_g46dvrcvwn,NEAR_DUPLICATE_PHASH,Hamming=9,9,Healthy_Leaf,Rhizome_Disease_Roots,56b12b38c828067e470624f550cbf983c92d399afdcac7b97062bad6353734af,3a652734257559efc017044a527d4be6683a935a05e18c03b9115f80560df8be
healthy_(195).jpg,Rhizome Disease Root00176.JPG,Dataset_01_jtttfbx342,Dataset_02_g46dvrcvwn,NEAR_DUPLICATE_PHASH,Hamming=9,9,Healthy_Leaf,Rhizome_Disease_Roots,56b12b38c828067e470624f550cbf983c92d399afdcac7b97062bad6353734af,4f668ea4799377a46be43218163c55f7774abdc0b33fc941041410a16945444d
healthy_(195).jpg,Rhizome Healthy Root00197.JPG,Dataset_01_jtttfbx342,Dataset_02_g46dvrcvwn,NEAR_DUPLICATE_PHASH,Hamming=10,10,Healthy_Leaf,Rhizome_Healthy_Roots,56b12b38c828067e470624f550cbf983c92d399afdcac7b97062bad6353734af,a80da83064e1b58fe8d6e41c454b32d0a111e01d0d2fbe1b50a6d5303b8cf8cb
healthy_(195).jpg,Rhizome Healthy Root00232.JPG,Dataset_01_jtttfbx342,Dataset_02_g46dvrcvwn,NEAR_DUPLICATE_PHASH,Hamming=9,9,Healthy_Leaf,Rhizome_Healthy_Roots,56b12b38c828067e470624f550cbf983c92d399afdcac7b97062bad6353734af,bc937e060206b7ac479f3eee51788f6e75bc98567118a529ef1b20784b1f366c
healthy_(195).jpg,Rhizome Healthy Root00302.JPG,Dataset_01_jtttfbx342,Dataset_02_g46dvrcvwn,NEAR_DUPLICATE_PHASH,Hamming=10,10,Healthy_Leaf,Rhizome_Healthy_Roots,56b12b38c828067e470624f550cbf983c92d399afdcac7b97062bad6353734af,1b056c0bec593d0fb2c3b1ab4b9d24f80ed054d4ea4c181663cd9794f0288604
healthy_(196).jpg,Rhizome Disease Root00108.JPG,Dataset_01_jtttfbx342,Dataset_02_g46dvrcvwn,NEAR_DUPLICATE_PHASH,Hamming=9,9,Healthy_Leaf,Rhizome_Disease_Roots,5ff2cd138f135f770119871c1d9aeae2deff632d7ffb397f36baebfdc7a46263,fa6b8eb8029c35c84b3dd6988ff45733a0cbc5ba5532d4c88d1db7643118aa4a
healthy_(197).jpg,Dry Leaf00082.JPG,Dataset_01_jtttfbx342,Dataset_02_g46dvrcvwn,NEAR_DUPLICATE_PHASH,Hamming=7,7,Healthy_Leaf,Dry_Leaf,b389683d7cfab5dfd64dc87fed1a40f3e342b5d736e3165431be6db341eaad69,0fef36b29f2c7149a46f1781d1a4edbd110d22d5b39a80b27eba7248551a7943
healthy_(197).jpg,Dry Leaf00106.JPG,Dataset_01_jtttfbx342,Dataset_02_g46dvrcvwn,NEAR_DUPLICATE_PHASH,Hamming=8,8,Healthy_Leaf,Dry_Leaf,b389683d7cfab5dfd64dc87fed1a40f3e342b5d736e3165431be6db341eaad69,bf51d86e769f79565126a609d7663982a5939e707036279be63053b07f71726b
healthy_(198).jpg,Dry Leaf00082.JPG,Dataset_01_jtttfbx342,Dataset_02_g46dvrcvwn,NEAR_DUPLICATE_PHASH,Hamming=9,9,Healthy_Leaf,Dry_Leaf,7b71b44e5bde06589820bd49044124b39d1334f39a0e01ae494ce1ff6b04e320,0fef36b29f2c7149a46f1781d1a4edbd110d22d5b39a80b27eba7248551a7943
healthy_(198).jpg,Dry Leaf00122.JPG,Dataset_01_jtttfbx342,Dataset_02_g46dvrcvwn,NEAR_DUPLICATE_PHASH,Hamming=9,9,Healthy_Leaf,Dry_Leaf,7b71b44e5bde06589820bd49044124b39d1334f39a0e01ae494ce1ff6b04e320,f4c98e627b86f34d545dfa70f914b5a3482f9dac29e37e4277a46b7a042753b4
healthy_(198).jpg,Dry Leaf00138.JPG,Dataset_01_jtttfbx342,Dataset_02_g46dvrcvwn,NEAR_DUPLICATE_PHASH,Hamming=9,9,Healthy_Leaf,Dry_Leaf,7b71b44e5bde06589820bd49044124b39d1334f39a0e01ae494ce1ff6b04e320,48a137a521fcf8c5bf0f80670022143942508551f0f3047e9f590ff294fc2316
healthy_(198).jpg,Dry Leaf00143.JPG,Dataset_01_jtttfbx342,Dataset_02_g46dvrcvwn,NEAR_DUPLICATE_PHASH,Hamming=9,9,Healthy_Leaf,Dry_Leaf,7b71b44e5bde06589820bd49044124b39d1334f39a0e01ae494ce1ff6b04e320,264aaf55af985e2d563adbfe4338e6d7666deb78327e547e536cc5a3f2933d56
healthy_(199).jpg,Dry Leaf00082.JPG,Dataset_01_jtttfbx342,Dataset_02_g46dvrcvwn,NEAR_DUPLICATE_PHASH,Hamming=9,9,Healthy_Leaf,Dry_Leaf,d8811f3365cd7e789ce9be6ab0446db8a50d46585c8ab853cadbc3830b1c24b1,0fef36b29f2c7149a46f1781d1a4edbd110d22d5b39a80b27eba7248551a7943
healthy_(199).jpg,Dry Leaf00143.JPG,Dataset_01_jtttfbx342,Dataset_02_g46dvrcvwn,NEAR_DUPLICATE_PHASH,Hamming=9,9,Healthy_Leaf,Dry_Leaf,d8811f3365cd7e789ce9be6ab0446db8a50d46585c8ab853cadbc3830b1c24b1,264aaf55af985e2d563adbfe4338e6d7666deb78327e547e536cc5a3f2933d56
healthy_(199).jpg,Rhizome Disease Root00114.JPG,Dataset_01_jtttfbx342,Dataset_02_g46dvrcvwn,NEAR_DUPLICATE_PHASH,Hamming=10,10,Healthy_Leaf,Rhizome_Disease_Roots,d8811f3365cd7e789ce9be6ab0446db8a50d46585c8ab853cadbc3830b1c24b1,3a652734257559efc017044a527d4be6683a935a05e18c03b9115f80560df8be
healthy_(199).jpg,Rhizome Disease Root00164.JPG,Dataset_01_jtttfbx342,Dataset_02_g46dvrcvwn,NEAR_DUPLICATE_PHASH,Hamming=10,10,Healthy_Leaf,Rhizome_Disease_Roots,d8811f3365cd7e789ce9be6ab0446db8a50d46585c8ab853cadbc3830b1c24b1,65962d2e118b7a64ad16fbb33a3a8fae6b89add5dba28d09e941f68cfb6cda0b
healthy_(199).jpg,Rhizome Healthy Root00005.JPG,Dataset_01_jtttfbx342,Dataset_02_g46dvrcvwn,NEAR_DUPLICATE_PHASH,Hamming=10,10,Healthy_Leaf,Rhizome_Healthy_Roots,d8811f3365cd7e789ce9be6ab0446db8a50d46585c8ab853cadbc3830b1c24b1,02920aea4176a0ea323a01f02ab035392b319a65c8f7716836b65d21ee084010
healthy_(199).jpg,Rhizome Healthy Root00024.JPG,Dataset_01_jtttfbx342,Dataset_02_g46dvrcvwn,NEAR_DUPLICATE_PHASH,Hamming=10,10,Healthy_Leaf,Rhizome_Healthy_Roots,d8811f3365cd7e789ce9be6ab0446db8a50d46585c8ab853cadbc3830b1c24b1,aee3163751aae1c2194e061cc5be15c4ec5e2688c78c5e434db62615e22b0429
healthy_(199).jpg,Rhizome Healthy Root00027.JPG,Dataset_01_jtttfbx342,Dataset_02_g46dvrcvwn,NEAR_DUPLICATE_PHASH,Hamming=10,10,Healthy_Leaf,Rhizome_Healthy_Roots,d8811f3365cd7e789ce9be6ab0446db8a50d46585c8ab853cadbc3830b1c24b1,581455dd1795265737fcdb0c98151c8efd0e53c4bbdfed210adc16f86b63a000
healthy_(199).jpg,Rhizome Healthy Root00029.JPG,Dataset_01_jtttfbx342,Dataset_02_g46dvrcvwn,NEAR_DUPLICATE_PHASH,Hamming=9,9,Healthy_Leaf,Rhizome_Healthy_Roots,d8811f3365cd7e789ce9be6ab0446db8a50d46585c8ab853cadbc3830b1c24b1,3835df92135db2ba80f4dc67dd51d4ab10db2fd18fa835a53280dd4318d1c91a
healthy_(199).jpg,Rhizome Healthy Root00030.JPG,Dataset_01_jtttfbx342,Dataset_02_g46dvrcvwn,NEAR_DUPLICATE_PHASH,Hamming=9,9,Healthy_Leaf,Rhizome_Healthy_Roots,d8811f3365cd7e789ce9be6ab0446db8a50d46585c8ab853cadbc3830b1c24b1,5ce7923d7a7e7b4bd048f205c90e9a9a8d400d2fd8cf48fec15ac85b74cc3468
healthy_(199).jpg,Rhizome Healthy Root00031.JPG,Dataset_01_jtttfbx342,Dataset_02_g46dvrcvwn,NEAR_DUPLICATE_PHASH,Hamming=9,9,Healthy_Leaf,Rhizome_Healthy_Roots,d8811f3365cd7e789ce9be6ab0446db8a50d46585c8ab853cadbc3830b1c24b1,be1d95036007d6dc54776a298c8ed737b1c2ae0a0b8d9720d368b6fd64dfef46
healthy_(2).jpg,Dry Leaf00122.JPG,Dataset_01_jtttfbx342,Dataset_02_g46dvrcvwn,NEAR_DUPLICATE_PHASH,Hamming=9,9,Healthy_Leaf,Dry_Leaf,f08ae5fce20787b276ae05316982648aabffe469044e4092e6587a7bb00f0304,f4c98e627b86f34d545dfa70f914b5a3482f9dac29e37e4277a46b7a042753b4
healthy_(200).jpg,Dry Leaf00082.JPG,Dataset_01_jtttfbx342,Dataset_02_g46dvrcvwn,NEAR_DUPLICATE_PHASH,Hamming=5,5,Healthy_Leaf,Dry_Leaf,8ced1a10286358a5011af848f7dd2e19748fce6933da60aa0d8afcf4c0181659,0fef36b29f2c7149a46f1781d1a4edbd110d22d5b39a80b27eba7248551a7943
healthy_(200).jpg,Dry Leaf00103.JPG,Dataset_01_jtttfbx342,Dataset_02_g46dvrcvwn,NEAR_DUPLICATE_PHASH,Hamming=9,9,Healthy_Leaf,Dry_Leaf,8ced1a10286358a5011af848f7dd2e19748fce6933da60aa0d8afcf4c0181659,bbfb3df38cb3490b790738984ea414551d8babc594859e0349b9edea546188c8
healthy_(200).jpg,Dry Leaf00122.JPG,Dataset_01_jtttfbx342,Dataset_02_g46dvrcvwn,NEAR_DUPLICATE_PHASH,Hamming=9,9,Healthy_Leaf,Dry_Leaf,8ced1a10286358a5011af848f7dd2e19748fce6933da60aa0d8afcf4c0181659,f4c98e627b86f34d545dfa70f914b5a3482f9dac29e37e4277a46b7a042753b4
healthy_(200).jpg,Dry Leaf00143.JPG,Dataset_01_jtttfbx342,Dataset_02_g46dvrcvwn,NEAR_DUPLICATE_PHASH,Hamming=5,5,Healthy_Leaf,Dry_Leaf,8ced1a10286358a5011af848f7dd2e19748fce6933da60aa0d8afcf4c0181659,264aaf55af985e2d563adbfe4338e6d7666deb78327e547e536cc5a3f2933d56
healthy_(200).jpg,Leaf Blotch00004.JPG,Dataset_01_jtttfbx342,Dataset_02_g46dvrcvwn,NEAR_DUPLICATE_PHASH,Hamming=9,9,Healthy_Leaf,Leaf_Blotch,8ced1a10286358a5011af848f7dd2e19748fce6933da60aa0d8afcf4c0181659,a96b36433507af73e39df1d2ad9989e773b79c0d27ae1ebfbf5ecc18de823a07
healthy_(200).jpg,Leaf Blotch00005.JPG,Dataset_01_jtttfbx342,Dataset_02_g46dvrcvwn,NEAR_DUPLICATE_PHASH,Hamming=10,10,Healthy_Leaf,Leaf_Blotch,8ced1a10286358a5011af848f7dd2e19748fce6933da60aa0d8afcf4c0181659,b5226d7c1649a14108ea4d4cb07f7891e66ce892f3f25536e7c1e20665c8d718
healthy_(200).jpg,Rhizome Disease Root00004.JPG,Dataset_01_jtttfbx342,Dataset_02_g46dvrcvwn,NEAR_DUPLICATE_PHASH,Hamming=10,10,Healthy_Leaf,Rhizome_Disease_Roots,8ced1a10286358a5011af848f7dd2e19748fce6933da60aa0d8afcf4c0181659,6f6e64319c0d1bab197b171a1f9a7efdec00a918a246926057b9e33d25fb5eee
healthy_(200).jpg,Rhizome Disease Root00114.JPG,Dataset_01_jtttfbx342,Dataset_02_g46dvrcvwn,NEAR_DUPLICATE_PHASH,Hamming=8,8,Healthy_Leaf,Rhizome_Disease_Roots,8ced1a10286358a5011af848f7dd2e19748fce6933da60aa0d8afcf4c0181659,3a652734257559efc017044a527d4be6683a935a05e18c03b9115f80560df8be
healthy_(200).jpg,Rhizome Disease Root00177.JPG,Dataset_01_jtttfbx342,Dataset_02_g46dvrcvwn,NEAR_DUPLICATE_PHASH,Hamming=10,10,Healthy_Leaf,Rhizome_Disease_Roots,8ced1a10286358a5011af848f7dd2e19748fce6933da60aa0d8afcf4c0181659,276b2fbf8fb4aa22e2e4620de638eae23b77e0cdd258724c9381c92bbe0b0c0d
healthy_(200).jpg,Rhizome Healthy Root00105.JPG,Dataset_01_jtttfbx342,Dataset_02_g46dvrcvwn,NEAR_DUPLICATE_PHASH,Hamming=10,10,Healthy_Leaf,Rhizome_Healthy_Roots,8ced1a10286358a5011af848f7dd2e19748fce6933da60aa0d8afcf4c0181659,a2fcddb1e0a5ba244dbb5b164d340f19134e3e15c383d7fff18cf654f226249f
healthy_(200).jpg,Rhizome Healthy Root00106.JPG,Dataset_01_jtttfbx342,Dataset_02_g46dvrcvwn,NEAR_DUPLICATE_PHASH,Hamming=9,9,Healthy_Leaf,Rhizome_Healthy_Roots,8ced1a10286358a5011af848f7dd2e19748fce6933da60aa0d8afcf4c0181659,792099df3f2fb91a62d25fc739635a820e6c5be3fb678f74f5b5b0d40f2c3209
healthy_(202).jpg,Rhizome Disease Root00031.JPG,Dataset_01_jtttfbx342,Dataset_02_g46dvrcvwn,NEAR_DUPLICATE_PHASH,Hamming=10,10,Healthy_Leaf,Rhizome_Disease_Roots,c46b8c3693333ac1b845c77bf54c6c297036652be835eb3a8be911682e24ef9d,dedf2d9306dfb93c43063f67c4400508fe0bb5a6138b865bc0149e9e0602865b
healthy_(202).jpg,Rhizome Disease Root00108.JPG,Dataset_01_jtttfbx342,Dataset_02_g46dvrcvwn,NEAR_DUPLICATE_PHASH,Hamming=10,10,Healthy_Leaf,Rhizome_Disease_Roots,c46b8c3693333ac1b845c77bf54c6c297036652be835eb3a8be911682e24ef9d,fa6b8eb8029c35c84b3dd6988ff45733a0cbc5ba5532d4c88d1db7643118aa4a
healthy_(202).jpg,Rhizome Disease Root00109.JPG,Dataset_01_jtttfbx342,Dataset_02_g46dvrcvwn,NEAR_DUPLICATE_PHASH,Hamming=10,10,Healthy_Leaf,Rhizome_Disease_Roots,c46b8c3693333ac1b845c77bf54c6c297036652be835eb3a8be911682e24ef9d,f0c627b63b768afb39ae808c03bc62bcc065f94fbbbfb48b32fec6d423d28a8d
healthy_(202).jpg,Rhizome Disease Root00114.JPG,Dataset_01_jtttfbx342,Dataset_02_g46dvrcvwn,NEAR_DUPLICATE_PHASH,Hamming=10,10,Healthy_Leaf,Rhizome_Disease_Roots,c46b8c3693333ac1b845c77bf54c6c297036652be835eb3a8be911682e24ef9d,3a652734257559efc017044a527d4be6683a935a05e18c03b9115f80560df8be
healthy_(202).jpg,Rhizome Disease Root00142.JPG,Dataset_01_jtttfbx342,Dataset_02_g46dvrcvwn,NEAR_DUPLICATE_PHASH,Hamming=10,10,Healthy_Leaf,Rhizome_Disease_Roots,c46b8c3693333ac1b845c77bf54c6c297036652be835eb3a8be911682e24ef9d,023c744af8d4d739f8c54334ab3150d02fad1c29fb8ddd8db5fcb87a4ce7a6b7
healthy_(202).jpg,Rhizome Healthy Root00104.JPG,Dataset_01_jtttfbx342,Dataset_02_g46dvrcvwn,NEAR_DUPLICATE_PHASH,Hamming=10,10,Healthy_Leaf,Rhizome_Healthy_Roots,c46b8c3693333ac1b845c77bf54c6c297036652be835eb3a8be911682e24ef9d,c6e84c358fef466d5d651d6badc72f487938a8971667c64a8b9cd6ba4e2a15f6
blotch_(228).jpg,Leaf Blotch00033.JPG,Dataset_01_jtttfbx342,Dataset_02_g46dvrcvwn,NEAR_DUPLICATE_PHASH,Hamming=9,9,Blotch,Leaf_Blotch,e9fadba7a6a9967c32d642d65987d1a4d4174636d34d91ab2cdccfc969491d8a,39c479869cfec5b2a141f1f88e07b02229756020df57d0281ee6fc08766e7e61
blotch_(228).jpg,Leaf Blotch00136.JPG,Dataset_01_jtttfbx342,Dataset_02_g46dvrcvwn,NEAR_DUPLICATE_PHASH,Hamming=10,10,Blotch,Leaf_Blotch,e9fadba7a6a9967c32d642d65987d1a4d4174636d34d91ab2cdccfc969491d8a,f17764c13c4bc3b6252b0f7f8370efce193000d05b9f513737c7c56f8782ffa7
healthy_(206).jpg,Dry Leaf00082.JPG,Dataset_01_jtttfbx342,Dataset_02_g46dvrcvwn,NEAR_DUPLICATE_PHASH,Hamming=10,10,Healthy_Leaf,Dry_Leaf,c100d47d4eb93b02902550de81957ec35aab6a1f9f0869dee35404d09d745a3c,0fef36b29f2c7149a46f1781d1a4edbd110d22d5b39a80b27eba7248551a7943
healthy_(206).jpg,Dry Leaf00122.JPG,Dataset_01_jtttfbx342,Dataset_02_g46dvrcvwn,NEAR_DUPLICATE_PHASH,Hamming=10,10,Healthy_Leaf,Dry_Leaf,c100d47d4eb93b02902550de81957ec35aab6a1f9f0869dee35404d09d745a3c,f4c98e627b86f34d545dfa70f914b5a3482f9dac29e37e4277a46b7a042753b4
healthy_(206).jpg,Dry Leaf00143.JPG,Dataset_01_jtttfbx342,Dataset_02_g46dvrcvwn,NEAR_DUPLICATE_PHASH,Hamming=10,10,Healthy_Leaf,Dry_Leaf,c100d47d4eb93b02902550de81957ec35aab6a1f9f0869dee35404d09d745a3c,264aaf55af985e2d563adbfe4338e6d7666deb78327e547e536cc5a3f2933d56
healthy_(206).jpg,Leaf Blotch00004.JPG,Dataset_01_jtttfbx342,Dataset_02_g46dvrcvwn,NEAR_DUPLICATE_PHASH,Hamming=10,10,Healthy_Leaf,Leaf_Blotch,c100d47d4eb93b02902550de81957ec35aab6a1f9f0869dee35404d09d745a3c,a96b36433507af73e39df1d2ad9989e773b79c0d27ae1ebfbf5ecc18de823a07
healthy_(206).jpg,Leaf Blotch00005.JPG,Dataset_01_jtttfbx342,Dataset_02_g46dvrcvwn,NEAR_DUPLICATE_PHASH,Hamming=9,9,Healthy_Leaf,Leaf_Blotch,c100d47d4eb93b02902550de81957ec35aab6a1f9f0869dee35404d09d745a3c,b5226d7c1649a14108ea4d4cb07f7891e66ce892f3f25536e7c1e20665c8d718
healthy_(206).jpg,Rhizome Disease Root00114.JPG,Dataset_01_jtttfbx342,Dataset_02_g46dvrcvwn,NEAR_DUPLICATE_PHASH,Hamming=9,9,Healthy_Leaf,Rhizome_Disease_Roots,c100d47d4eb93b02902550de81957ec35aab6a1f9f0869dee35404d09d745a3c,3a652734257559efc017044a527d4be6683a935a05e18c03b9115f80560df8be
healthy_(206).jpg,Rhizome Healthy Root00029.JPG,Dataset_01_jtttfbx342,Dataset_02_g46dvrcvwn,NEAR_DUPLICATE_PHASH,Hamming=10,10,Healthy_Leaf,Rhizome_Healthy_Roots,c100d47d4eb93b02902550de81957ec35aab6a1f9f0869dee35404d09d745a3c,3835df92135db2ba80f4dc67dd51d4ab10db2fd18fa835a53280dd4318d1c91a
healthy_(206).jpg,Rhizome Healthy Root00030.JPG,Dataset_01_jtttfbx342,Dataset_02_g46dvrcvwn,NEAR_DUPLICATE_PHASH,Hamming=10,10,Healthy_Leaf,Rhizome_Healthy_Roots,c100d47d4eb93b02902550de81957ec35aab6a1f9f0869dee35404d09d745a3c,5ce7923d7a7e7b4bd048f205c90e9a9a8d400d2fd8cf48fec15ac85b74cc3468
healthy_(206).jpg,Rhizome Healthy Root00031.JPG,Dataset_01_jtttfbx342,Dataset_02_g46dvrcvwn,NEAR_DUPLICATE_PHASH,Hamming=10,10,Healthy_Leaf,Rhizome_Healthy_Roots,c100d47d4eb93b02902550de81957ec35aab6a1f9f0869dee35404d09d745a3c,be1d95036007d6dc54776a298c8ed737b1c2ae0a0b8d9720d368b6fd64dfef46
healthy_(206).jpg,Rhizome Healthy Root00106.JPG,Dataset_01_jtttfbx342,Dataset_02_g46dvrcvwn,NEAR_DUPLICATE_PHASH,Hamming=10,10,Healthy_Leaf,Rhizome_Healthy_Roots,c100d47d4eb93b02902550de81957ec35aab6a1f9f0869dee35404d09d745a3c,792099df3f2fb91a62d25fc739635a820e6c5be3fb678f74f5b5b0d40f2c3209
healthy_(206).jpg,Rhizome Healthy Root00292.JPG,Dataset_01_jtttfbx342,Dataset_02_g46dvrcvwn,NEAR_DUPLICATE_PHASH,Hamming=10,10,Healthy_Leaf,Rhizome_Healthy_Roots,c100d47d4eb93b02902550de81957ec35aab6a1f9f0869dee35404d09d745a3c,0fcf7b1826e15adbff0cc25cb6b499e297fc3cfcf6d0ea3c400f0ba34ca9f4c5
healthy_(206).jpg,Rhizome Healthy Root00302.JPG,Dataset_01_jtttfbx342,Dataset_02_g46dvrcvwn,NEAR_DUPLICATE_PHASH,Hamming=10,10,Healthy_Leaf,Rhizome_Healthy_Roots,c100d47d4eb93b02902550de81957ec35aab6a1f9f0869dee35404d09d745a3c,1b056c0bec593d0fb2c3b1ab4b9d24f80ed054d4ea4c181663cd9794f0288604
healthy_(208).jpg,Dry Leaf00049.JPG,Dataset_01_jtttfbx342,Dataset_02_g46dvrcvwn,NEAR_DUPLICATE_PHASH,Hamming=10,10,Healthy_Leaf,Dry_Leaf,f7eefee9b5b02ca0d4925fbc154f1c16eecf368830c2bee127f92644606e1e1e,319d981af9df48246c86314c43f6489c9b8020dccdf45288eeeeef33f9cce8ad
healthy_(211).jpg,Rhizome Disease Root00114.JPG,Dataset_01_jtttfbx342,Dataset_02_g46dvrcvwn,NEAR_DUPLICATE_PHASH,Hamming=9,9,Healthy_Leaf,Rhizome_Disease_Roots,53ec0fe670631e3687b596fa0c0d867b6ea38c1c8fa7928af6e5ecec4a3f1687,3a652734257559efc017044a527d4be6683a935a05e18c03b9115f80560df8be
healthy_(211).jpg,Rhizome Healthy Root00302.JPG,Dataset_01_jtttfbx342,Dataset_02_g46dvrcvwn,NEAR_DUPLICATE_PHASH,Hamming=10,10,Healthy_Leaf,Rhizome_Healthy_Roots,53ec0fe670631e3687b596fa0c0d867b6ea38c1c8fa7928af6e5ecec4a3f1687,1b056c0bec593d0fb2c3b1ab4b9d24f80ed054d4ea4c181663cd9794f0288604
healthy_(23).jpg,Dry Leaf00122.JPG,Dataset_01_jtttfbx342,Dataset_02_g46dvrcvwn,NEAR_DUPLICATE_PHASH,Hamming=10,10,Healthy_Leaf,Dry_Leaf,cffaad842758d74115460894985f9cb8a38f33469d4539c0a7454e1da523d6ab,f4c98e627b86f34d545dfa70f914b5a3482f9dac29e37e4277a46b7a042753b4
healthy_(23).jpg,Dry Leaf00143.JPG,Dataset_01_jtttfbx342,Dataset_02_g46dvrcvwn,NEAR_DUPLICATE_PHASH,Hamming=10,10,Healthy_Leaf,Dry_Leaf,cffaad842758d74115460894985f9cb8a38f33469d4539c0a7454e1da523d6ab,264aaf55af985e2d563adbfe4338e6d7666deb78327e547e536cc5a3f2933d56
healthy_(23).jpg,Leaf Blotch00006.JPG,Dataset_01_jtttfbx342,Dataset_02_g46dvrcvwn,NEAR_DUPLICATE_PHASH,Hamming=10,10,Healthy_Leaf,Leaf_Blotch,cffaad842758d74115460894985f9cb8a38f33469d4539c0a7454e1da523d6ab,b0975277450bc6f9f338542e47055ab8a8947999d4a87cd8e2097f23af27f392
healthy_(26).jpg,Dry Leaf00177.JPG,Dataset_01_jtttfbx342,Dataset_02_g46dvrcvwn,NEAR_DUPLICATE_PHASH,Hamming=10,10,Healthy_Leaf,Dry_Leaf,43f46a61c0c3c1535ae84232fcce131b126db132cedece5d182e15a370f85f82,4ed045f4c2ba0d71793baa225ce8ad12ef80e540a0890f9be0ca911fcce3ba47
healthy_(27).jpg,Dry Leaf00021.JPG,Dataset_01_jtttfbx342,Dataset_02_g46dvrcvwn,NEAR_DUPLICATE_PHASH,Hamming=7,7,Healthy_Leaf,Dry_Leaf,57c665e7e0b493477c45d01e0fde6cd8ead863030e3ce25235ba91845a41b2fb,80b07af320ce31e8a146fc8c36d40920359a994dbb7ce32c5c787d0e269bb363
healthy_(27).jpg,Dry Leaf00099.JPG,Dataset_01_jtttfbx342,Dataset_02_g46dvrcvwn,NEAR_DUPLICATE_PHASH,Hamming=10,10,Healthy_Leaf,Dry_Leaf,57c665e7e0b493477c45d01e0fde6cd8ead863030e3ce25235ba91845a41b2fb,90f2bf2684a759f96385d1e421eed88e187915a5a7a6cd2ed7e1daec095fca4b
healthy_(27).jpg,Dry Leaf00132.JPG,Dataset_01_jtttfbx342,Dataset_02_g46dvrcvwn,NEAR_DUPLICATE_PHASH,Hamming=10,10,Healthy_Leaf,Dry_Leaf,57c665e7e0b493477c45d01e0fde6cd8ead863030e3ce25235ba91845a41b2fb,6ad1984ab2f5869d796580739ddc3fde3e5a24608a21d4b99e04304fa8f4d850
healthy_(27).jpg,Leaf Blotch00014.JPG,Dataset_01_jtttfbx342,Dataset_02_g46dvrcvwn,NEAR_DUPLICATE_PHASH,Hamming=10,10,Healthy_Leaf,Leaf_Blotch,57c665e7e0b493477c45d01e0fde6cd8ead863030e3ce25235ba91845a41b2fb,45324e4597d6c4cd2bb07e32994d6dfec97bc1ef2c7c55a391c4e93ace1984c3
healthy_(27).jpg,Rhizome Disease Root00114.JPG,Dataset_01_jtttfbx342,Dataset_02_g46dvrcvwn,NEAR_DUPLICATE_PHASH,Hamming=10,10,Healthy_Leaf,Rhizome_Disease_Roots,57c665e7e0b493477c45d01e0fde6cd8ead863030e3ce25235ba91845a41b2fb,3a652734257559efc017044a527d4be6683a935a05e18c03b9115f80560df8be
healthy_(27).jpg,Rhizome Disease Root00119.JPG,Dataset_01_jtttfbx342,Dataset_02_g46dvrcvwn,NEAR_DUPLICATE_PHASH,Hamming=10,10,Healthy_Leaf,Rhizome_Disease_Roots,57c665e7e0b493477c45d01e0fde6cd8ead863030e3ce25235ba91845a41b2fb,3860ca121dc7be8a9b92246d9524d17e1638a64bf917d306d2677a941a170454
healthy_(27).jpg,Rhizome Healthy Root00104.JPG,Dataset_01_jtttfbx342,Dataset_02_g46dvrcvwn,NEAR_DUPLICATE_PHASH,Hamming=10,10,Healthy_Leaf,Rhizome_Healthy_Roots,57c665e7e0b493477c45d01e0fde6cd8ead863030e3ce25235ba91845a41b2fb,c6e84c358fef466d5d651d6badc72f487938a8971667c64a8b9cd6ba4e2a15f6
healthy_(27).jpg,Rhizome Healthy Root00266.JPG,Dataset_01_jtttfbx342,Dataset_02_g46dvrcvwn,NEAR_DUPLICATE_PHASH,Hamming=10,10,Healthy_Leaf,Rhizome_Healthy_Roots,57c665e7e0b493477c45d01e0fde6cd8ead863030e3ce25235ba91845a41b2fb,95531f8fd971c6935aaf215d47d89aafda5e6c0b599c6cfc56029937bc94558f
healthy_(28).jpg,Dry Leaf00021.JPG,Dataset_01_jtttfbx342,Dataset_02_g46dvrcvwn,NEAR_DUPLICATE_PHASH,Hamming=8,8,Healthy_Leaf,Dry_Leaf,92366457c6767e9d4209cd56dd7dac18c28c4bb4a001ea261a062d7b8ce0579b,80b07af320ce31e8a146fc8c36d40920359a994dbb7ce32c5c787d0e269bb363
healthy_(28).jpg,Dry Leaf00122.JPG,Dataset_01_jtttfbx342,Dataset_02_g46dvrcvwn,NEAR_DUPLICATE_PHASH,Hamming=6,6,Healthy_Leaf,Dry_Leaf,92366457c6767e9d4209cd56dd7dac18c28c4bb4a001ea261a062d7b8ce0579b,f4c98e627b86f34d545dfa70f914b5a3482f9dac29e37e4277a46b7a042753b4
healthy_(28).jpg,Leaf Blotch00004.JPG,Dataset_01_jtttfbx342,Dataset_02_g46dvrcvwn,NEAR_DUPLICATE_PHASH,Hamming=10,10,Healthy_Leaf,Leaf_Blotch,92366457c6767e9d4209cd56dd7dac18c28c4bb4a001ea261a062d7b8ce0579b,a96b36433507af73e39df1d2ad9989e773b79c0d27ae1ebfbf5ecc18de823a07
healthy_(28).jpg,Rhizome Disease Root00114.JPG,Dataset_01_jtttfbx342,Dataset_02_g46dvrcvwn,NEAR_DUPLICATE_PHASH,Hamming=7,7,Healthy_Leaf,Rhizome_Disease_Roots,92366457c6767e9d4209cd56dd7dac18c28c4bb4a001ea261a062d7b8ce0579b,3a652734257559efc017044a527d4be6683a935a05e18c03b9115f80560df8be
healthy_(28).jpg,Rhizome Healthy Root00102.JPG,Dataset_01_jtttfbx342,Dataset_02_g46dvrcvwn,NEAR_DUPLICATE_PHASH,Hamming=8,8,Healthy_Leaf,Rhizome_Healthy_Roots,92366457c6767e9d4209cd56dd7dac18c28c4bb4a001ea261a062d7b8ce0579b,42ed63fbc1a84d627ef27ec356342cf7d62182b1cfb585f9cbc082ed88702993
healthy_(28).jpg,Rhizome Healthy Root00103.JPG,Dataset_01_jtttfbx342,Dataset_02_g46dvrcvwn,NEAR_DUPLICATE_PHASH,Hamming=8,8,Healthy_Leaf,Rhizome_Healthy_Roots,92366457c6767e9d4209cd56dd7dac18c28c4bb4a001ea261a062d7b8ce0579b,1a182a290d5ec92d08bc0bb7826ce7992966ad9ac025b6731f8d48f1b0071cec
healthy_(28).jpg,Rhizome Healthy Root00104.JPG,Dataset_01_jtttfbx342,Dataset_02_g46dvrcvwn,NEAR_DUPLICATE_PHASH,Hamming=9,9,Healthy_Leaf,Rhizome_Healthy_Roots,92366457c6767e9d4209cd56dd7dac18c28c4bb4a001ea261a062d7b8ce0579b,c6e84c358fef466d5d651d6badc72f487938a8971667c64a8b9cd6ba4e2a15f6
healthy_(28).jpg,Rhizome Healthy Root00106.JPG,Dataset_01_jtttfbx342,Dataset_02_g46dvrcvwn,NEAR_DUPLICATE_PHASH,Hamming=8,8,Healthy_Leaf,Rhizome_Healthy_Roots,92366457c6767e9d4209cd56dd7dac18c28c4bb4a001ea261a062d7b8ce0579b,792099df3f2fb91a62d25fc739635a820e6c5be3fb678f74f5b5b0d40f2c3209
healthy_(28).jpg,Rhizome Healthy Root00232.JPG,Dataset_01_jtttfbx342,Dataset_02_g46dvrcvwn,NEAR_DUPLICATE_PHASH,Hamming=9,9,Healthy_Leaf,Rhizome_Healthy_Roots,92366457c6767e9d4209cd56dd7dac18c28c4bb4a001ea261a062d7b8ce0579b,bc937e060206b7ac479f3eee51788f6e75bc98567118a529ef1b20784b1f366c
healthy_(28).jpg,Rhizome Healthy Root00233.JPG,Dataset_01_jtttfbx342,Dataset_02_g46dvrcvwn,NEAR_DUPLICATE_PHASH,Hamming=10,10,Healthy_Leaf,Rhizome_Healthy_Roots,92366457c6767e9d4209cd56dd7dac18c28c4bb4a001ea261a062d7b8ce0579b,13232e929bfb4a08007baaee84be3da112a2bc99edada64ba088c98097387c95
healthy_(29).jpg,Dry Leaf00138.JPG,Dataset_01_jtttfbx342,Dataset_02_g46dvrcvwn,NEAR_DUPLICATE_PHASH,Hamming=10,10,Healthy_Leaf,Dry_Leaf,32951e510541c778a7d3b5e3276350f5bf12fa2ddc838f98ab57e45305a9b03e,48a137a521fcf8c5bf0f80670022143942508551f0f3047e9f590ff294fc2316
healthy_(29).jpg,Dry Leaf00143.JPG,Dataset_01_jtttfbx342,Dataset_02_g46dvrcvwn,NEAR_DUPLICATE_PHASH,Hamming=10,10,Healthy_Leaf,Dry_Leaf,32951e510541c778a7d3b5e3276350f5bf12fa2ddc838f98ab57e45305a9b03e,264aaf55af985e2d563adbfe4338e6d7666deb78327e547e536cc5a3f2933d56
healthy_(3).jpg,Dry Leaf00122.JPG,Dataset_01_jtttfbx342,Dataset_02_g46dvrcvwn,NEAR_DUPLICATE_PHASH,Hamming=8,8,Healthy_Leaf,Dry_Leaf,12598557825366cf5d6786d17f882def19f1b3487e84dce7acc17d236c6062ea,f4c98e627b86f34d545dfa70f914b5a3482f9dac29e37e4277a46b7a042753b4
healthy_(3).jpg,Leaf Blotch00004.JPG,Dataset_01_jtttfbx342,Dataset_02_g46dvrcvwn,NEAR_DUPLICATE_PHASH,Hamming=10,10,Healthy_Leaf,Leaf_Blotch,12598557825366cf5d6786d17f882def19f1b3487e84dce7acc17d236c6062ea,a96b36433507af73e39df1d2ad9989e773b79c0d27ae1ebfbf5ecc18de823a07
healthy_(3).jpg,Leaf Blotch00006.JPG,Dataset_01_jtttfbx342,Dataset_02_g46dvrcvwn,NEAR_DUPLICATE_PHASH,Hamming=10,10,Healthy_Leaf,Leaf_Blotch,12598557825366cf5d6786d17f882def19f1b3487e84dce7acc17d236c6062ea,b0975277450bc6f9f338542e47055ab8a8947999d4a87cd8e2097f23af27f392
healthy_(3).jpg,Rhizome Disease Root00114.JPG,Dataset_01_jtttfbx342,Dataset_02_g46dvrcvwn,NEAR_DUPLICATE_PHASH,Hamming=9,9,Healthy_Leaf,Rhizome_Disease_Roots,12598557825366cf5d6786d17f882def19f1b3487e84dce7acc17d236c6062ea,3a652734257559efc017044a527d4be6683a935a05e18c03b9115f80560df8be
healthy_(3).jpg,Rhizome Healthy Root00106.JPG,Dataset_01_jtttfbx342,Dataset_02_g46dvrcvwn,NEAR_DUPLICATE_PHASH,Hamming=10,10,Healthy_Leaf,Rhizome_Healthy_Roots,12598557825366cf5d6786d17f882def19f1b3487e84dce7acc17d236c6062ea,792099df3f2fb91a62d25fc739635a820e6c5be3fb678f74f5b5b0d40f2c3209
healthy_(33).jpg,Dry Leaf00122.JPG,Dataset_01_jtttfbx342,Dataset_02_g46dvrcvwn,NEAR_DUPLICATE_PHASH,Hamming=9,9,Healthy_Leaf,Dry_Leaf,fa9423f931838f2f37855fb0483b436cd62b1a0b41c3d793c1fb268fe7f2d05c,f4c98e627b86f34d545dfa70f914b5a3482f9dac29e37e4277a46b7a042753b4
healthy_(33).jpg,Rhizome Disease Root00114.JPG,Dataset_01_jtttfbx342,Dataset_02_g46dvrcvwn,NEAR_DUPLICATE_PHASH,Hamming=10,10,Healthy_Leaf,Rhizome_Disease_Roots,fa9423f931838f2f37855fb0483b436cd62b1a0b41c3d793c1fb268fe7f2d05c,3a652734257559efc017044a527d4be6683a935a05e18c03b9115f80560df8be
healthy_(33).jpg,Rhizome Healthy Root00198.JPG,Dataset_01_jtttfbx342,Dataset_02_g46dvrcvwn,NEAR_DUPLICATE_PHASH,Hamming=10,10,Healthy_Leaf,Rhizome_Healthy_Roots,fa9423f931838f2f37855fb0483b436cd62b1a0b41c3d793c1fb268fe7f2d05c,dcd362ff05f693cd0d5729594d6880236cf0b71b68820e3fd5f3d65483ccde1a
healthy_(33).jpg,Rhizome Healthy Root00232.JPG,Dataset_01_jtttfbx342,Dataset_02_g46dvrcvwn,NEAR_DUPLICATE_PHASH,Hamming=10,10,Healthy_Leaf,Rhizome_Healthy_Roots,fa9423f931838f2f37855fb0483b436cd62b1a0b41c3d793c1fb268fe7f2d05c,bc937e060206b7ac479f3eee51788f6e75bc98567118a529ef1b20784b1f366c
healthy_(37).jpg,Dry Leaf00021.JPG,Dataset_01_jtttfbx342,Dataset_02_g46dvrcvwn,NEAR_DUPLICATE_PHASH,Hamming=10,10,Healthy_Leaf,Dry_Leaf,3133f686306cf084a7ce72d93e70bc7038e5526a481242e06195788de848a3d9,80b07af320ce31e8a146fc8c36d40920359a994dbb7ce32c5c787d0e269bb363
healthy_(37).jpg,Dry Leaf00122.JPG,Dataset_01_jtttfbx342,Dataset_02_g46dvrcvwn,NEAR_DUPLICATE_PHASH,Hamming=8,8,Healthy_Leaf,Dry_Leaf,3133f686306cf084a7ce72d93e70bc7038e5526a481242e06195788de848a3d9,f4c98e627b86f34d545dfa70f914b5a3482f9dac29e37e4277a46b7a042753b4
healthy_(37).jpg,Dry Leaf00189.JPG,Dataset_01_jtttfbx342,Dataset_02_g46dvrcvwn,NEAR_DUPLICATE_PHASH,Hamming=9,9,Healthy_Leaf,Dry_Leaf,3133f686306cf084a7ce72d93e70bc7038e5526a481242e06195788de848a3d9,e9931494175e3e5645f934f7f99fdc81a783ad520fb0078cef333cb05cb65fce
healthy_(37).jpg,Rhizome Healthy Root00102.JPG,Dataset_01_jtttfbx342,Dataset_02_g46dvrcvwn,NEAR_DUPLICATE_PHASH,Hamming=8,8,Healthy_Leaf,Rhizome_Healthy_Roots,3133f686306cf084a7ce72d93e70bc7038e5526a481242e06195788de848a3d9,42ed63fbc1a84d627ef27ec356342cf7d62182b1cfb585f9cbc082ed88702993
healthy_(37).jpg,Rhizome Healthy Root00103.JPG,Dataset_01_jtttfbx342,Dataset_02_g46dvrcvwn,NEAR_DUPLICATE_PHASH,Hamming=8,8,Healthy_Leaf,Rhizome_Healthy_Roots,3133f686306cf084a7ce72d93e70bc7038e5526a481242e06195788de848a3d9,1a182a290d5ec92d08bc0bb7826ce7992966ad9ac025b6731f8d48f1b0071cec
healthy_(37).jpg,Rhizome Healthy Root00104.JPG,Dataset_01_jtttfbx342,Dataset_02_g46dvrcvwn,NEAR_DUPLICATE_PHASH,Hamming=9,9,Healthy_Leaf,Rhizome_Healthy_Roots,3133f686306cf084a7ce72d93e70bc7038e5526a481242e06195788de848a3d9,c6e84c358fef466d5d651d6badc72f487938a8971667c64a8b9cd6ba4e2a15f6
healthy_(38).jpg,Dry Leaf00021.JPG,Dataset_01_jtttfbx342,Dataset_02_g46dvrcvwn,NEAR_DUPLICATE_PHASH,Hamming=9,9,Healthy_Leaf,Dry_Leaf,ae92ee8f30815ff5e7b4ca4e8446498c607592a6f6f2c7390e957f54fe7bf44b,80b07af320ce31e8a146fc8c36d40920359a994dbb7ce32c5c787d0e269bb363
healthy_(38).jpg,Dry Leaf00122.JPG,Dataset_01_jtttfbx342,Dataset_02_g46dvrcvwn,NEAR_DUPLICATE_PHASH,Hamming=7,7,Healthy_Leaf,Dry_Leaf,ae92ee8f30815ff5e7b4ca4e8446498c607592a6f6f2c7390e957f54fe7bf44b,f4c98e627b86f34d545dfa70f914b5a3482f9dac29e37e4277a46b7a042753b4
healthy_(38).jpg,Rhizome Disease Root00114.JPG,Dataset_01_jtttfbx342,Dataset_02_g46dvrcvwn,NEAR_DUPLICATE_PHASH,Hamming=10,10,Healthy_Leaf,Rhizome_Disease_Roots,ae92ee8f30815ff5e7b4ca4e8446498c607592a6f6f2c7390e957f54fe7bf44b,3a652734257559efc017044a527d4be6683a935a05e18c03b9115f80560df8be
healthy_(38).jpg,Rhizome Healthy Root00104.JPG,Dataset_01_jtttfbx342,Dataset_02_g46dvrcvwn,NEAR_DUPLICATE_PHASH,Hamming=10,10,Healthy_Leaf,Rhizome_Healthy_Roots,ae92ee8f30815ff5e7b4ca4e8446498c607592a6f6f2c7390e957f54fe7bf44b,c6e84c358fef466d5d651d6badc72f487938a8971667c64a8b9cd6ba4e2a15f6
healthy_(38).jpg,Rhizome Healthy Root00105.JPG,Dataset_01_jtttfbx342,Dataset_02_g46dvrcvwn,NEAR_DUPLICATE_PHASH,Hamming=10,10,Healthy_Leaf,Rhizome_Healthy_Roots,ae92ee8f30815ff5e7b4ca4e8446498c607592a6f6f2c7390e957f54fe7bf44b,a2fcddb1e0a5ba244dbb5b164d340f19134e3e15c383d7fff18cf654f226249f
healthy_(39).jpg,Dry Leaf00138.JPG,Dataset_01_jtttfbx342,Dataset_02_g46dvrcvwn,NEAR_DUPLICATE_PHASH,Hamming=10,10,Healthy_Leaf,Dry_Leaf,e4769761accb165aa6621fee50568b15904f408015a0421584ed363f2250f5d0,48a137a521fcf8c5bf0f80670022143942508551f0f3047e9f590ff294fc2316
healthy_(40).jpg,Dry Leaf00062.JPG,Dataset_01_jtttfbx342,Dataset_02_g46dvrcvwn,NEAR_DUPLICATE_PHASH,Hamming=10,10,Healthy_Leaf,Dry_Leaf,21edb823e283edfaf5667127d767de22855b922f25ff841b9b4be629fddf7c66,052e974a96c438f0786614db5fdafa54c9618cca910fefa47fba31bde5b435bb
healthy_(41).jpg,Healthy Leaf00128.JPG,Dataset_01_jtttfbx342,Dataset_02_g46dvrcvwn,NEAR_DUPLICATE_PHASH,Hamming=10,10,Healthy_Leaf,Healthy_Leaf,b6573cf3454ba91776279ef47ee78286d3282e4d59e77860877ca73a5d50216d,b95bf50ce34146f0e4263e19a6909b45fd0f0cecec7543dbc7702cf6b3edc8fd
healthy_(41).jpg,Leaf Blotch00003.JPG,Dataset_01_jtttfbx342,Dataset_02_g46dvrcvwn,NEAR_DUPLICATE_PHASH,Hamming=10,10,Healthy_Leaf,Leaf_Blotch,b6573cf3454ba91776279ef47ee78286d3282e4d59e77860877ca73a5d50216d,b32906700713e8eab661f5adedfcf256fcb2c9633d8d27425b9d24eb2350640e
healthy_(41).jpg,Leaf Blotch00004.JPG,Dataset_01_jtttfbx342,Dataset_02_g46dvrcvwn,NEAR_DUPLICATE_PHASH,Hamming=10,10,Healthy_Leaf,Leaf_Blotch,b6573cf3454ba91776279ef47ee78286d3282e4d59e77860877ca73a5d50216d,a96b36433507af73e39df1d2ad9989e773b79c0d27ae1ebfbf5ecc18de823a07
healthy_(41).jpg,Leaf Blotch00006.JPG,Dataset_01_jtttfbx342,Dataset_02_g46dvrcvwn,NEAR_DUPLICATE_PHASH,Hamming=8,8,Healthy_Leaf,Leaf_Blotch,b6573cf3454ba91776279ef47ee78286d3282e4d59e77860877ca73a5d50216d,b0975277450bc6f9f338542e47055ab8a8947999d4a87cd8e2097f23af27f392
healthy_(43).jpg,Rhizome Disease Root00114.JPG,Dataset_01_jtttfbx342,Dataset_02_g46dvrcvwn,NEAR_DUPLICATE_PHASH,Hamming=10,10,Healthy_Leaf,Rhizome_Disease_Roots,43adffe4df7f9591a3624f52b60d9e7c4e392b741bfb4b1c6e42aa4c524b5ac8,3a652734257559efc017044a527d4be6683a935a05e18c03b9115f80560df8be
healthy_(47).jpg,Dry Leaf00021.JPG,Dataset_01_jtttfbx342,Dataset_02_g46dvrcvwn,NEAR_DUPLICATE_PHASH,Hamming=9,9,Healthy_Leaf,Dry_Leaf,e3c06f0b0c0f8e9cfe3e43c85e1c9627f827614114ad6a43cd3439460ddbd819,80b07af320ce31e8a146fc8c36d40920359a994dbb7ce32c5c787d0e269bb363
healthy_(47).jpg,Dry Leaf00122.JPG,Dataset_01_jtttfbx342,Dataset_02_g46dvrcvwn,NEAR_DUPLICATE_PHASH,Hamming=5,5,Healthy_Leaf,Dry_Leaf,e3c06f0b0c0f8e9cfe3e43c85e1c9627f827614114ad6a43cd3439460ddbd819,f4c98e627b86f34d545dfa70f914b5a3482f9dac29e37e4277a46b7a042753b4
healthy_(47).jpg,Leaf Blotch00004.JPG,Dataset_01_jtttfbx342,Dataset_02_g46dvrcvwn,NEAR_DUPLICATE_PHASH,Hamming=9,9,Healthy_Leaf,Leaf_Blotch,e3c06f0b0c0f8e9cfe3e43c85e1c9627f827614114ad6a43cd3439460ddbd819,a96b36433507af73e39df1d2ad9989e773b79c0d27ae1ebfbf5ecc18de823a07
healthy_(47).jpg,Leaf Blotch00005.JPG,Dataset_01_jtttfbx342,Dataset_02_g46dvrcvwn,NEAR_DUPLICATE_PHASH,Hamming=10,10,Healthy_Leaf,Leaf_Blotch,e3c06f0b0c0f8e9cfe3e43c85e1c9627f827614114ad6a43cd3439460ddbd819,b5226d7c1649a14108ea4d4cb07f7891e66ce892f3f25536e7c1e20665c8d718
healthy_(47).jpg,Rhizome Disease Root00031.JPG,Dataset_01_jtttfbx342,Dataset_02_g46dvrcvwn,NEAR_DUPLICATE_PHASH,Hamming=10,10,Healthy_Leaf,Rhizome_Disease_Roots,e3c06f0b0c0f8e9cfe3e43c85e1c9627f827614114ad6a43cd3439460ddbd819,dedf2d9306dfb93c43063f67c4400508fe0bb5a6138b865bc0149e9e0602865b
healthy_(47).jpg,Rhizome Disease Root00114.JPG,Dataset_01_jtttfbx342,Dataset_02_g46dvrcvwn,NEAR_DUPLICATE_PHASH,Hamming=6,6,Healthy_Leaf,Rhizome_Disease_Roots,e3c06f0b0c0f8e9cfe3e43c85e1c9627f827614114ad6a43cd3439460ddbd819,3a652734257559efc017044a527d4be6683a935a05e18c03b9115f80560df8be
healthy_(47).jpg,Rhizome Healthy Root00102.JPG,Dataset_01_jtttfbx342,Dataset_02_g46dvrcvwn,NEAR_DUPLICATE_PHASH,Hamming=9,9,Healthy_Leaf,Rhizome_Healthy_Roots,e3c06f0b0c0f8e9cfe3e43c85e1c9627f827614114ad6a43cd3439460ddbd819,42ed63fbc1a84d627ef27ec356342cf7d62182b1cfb585f9cbc082ed88702993
healthy_(47).jpg,Rhizome Healthy Root00103.JPG,Dataset_01_jtttfbx342,Dataset_02_g46dvrcvwn,NEAR_DUPLICATE_PHASH,Hamming=9,9,Healthy_Leaf,Rhizome_Healthy_Roots,e3c06f0b0c0f8e9cfe3e43c85e1c9627f827614114ad6a43cd3439460ddbd819,1a182a290d5ec92d08bc0bb7826ce7992966ad9ac025b6731f8d48f1b0071cec
healthy_(47).jpg,Rhizome Healthy Root00104.JPG,Dataset_01_jtttfbx342,Dataset_02_g46dvrcvwn,NEAR_DUPLICATE_PHASH,Hamming=10,10,Healthy_Leaf,Rhizome_Healthy_Roots,e3c06f0b0c0f8e9cfe3e43c85e1c9627f827614114ad6a43cd3439460ddbd819,c6e84c358fef466d5d651d6badc72f487938a8971667c64a8b9cd6ba4e2a15f6
healthy_(47).jpg,Rhizome Healthy Root00105.JPG,Dataset_01_jtttfbx342,Dataset_02_g46dvrcvwn,NEAR_DUPLICATE_PHASH,Hamming=10,10,Healthy_Leaf,Rhizome_Healthy_Roots,e3c06f0b0c0f8e9cfe3e43c85e1c9627f827614114ad6a43cd3439460ddbd819,a2fcddb1e0a5ba244dbb5b164d340f19134e3e15c383d7fff18cf654f226249f
healthy_(47).jpg,Rhizome Healthy Root00106.JPG,Dataset_01_jtttfbx342,Dataset_02_g46dvrcvwn,NEAR_DUPLICATE_PHASH,Hamming=7,7,Healthy_Leaf,Rhizome_Healthy_Roots,e3c06f0b0c0f8e9cfe3e43c85e1c9627f827614114ad6a43cd3439460ddbd819,792099df3f2fb91a62d25fc739635a820e6c5be3fb678f74f5b5b0d40f2c3209
healthy_(47).jpg,Rhizome Healthy Root00232.JPG,Dataset_01_jtttfbx342,Dataset_02_g46dvrcvwn,NEAR_DUPLICATE_PHASH,Hamming=10,10,Healthy_Leaf,Rhizome_Healthy_Roots,e3c06f0b0c0f8e9cfe3e43c85e1c9627f827614114ad6a43cd3439460ddbd819,bc937e060206b7ac479f3eee51788f6e75bc98567118a529ef1b20784b1f366c
healthy_(44).jpg,Leaf Blotch00001.JPG,Dataset_01_jtttfbx342,Dataset_02_g46dvrcvwn,NEAR_DUPLICATE_PHASH,Hamming=10,10,Healthy_Leaf,Leaf_Blotch,2d4fe7b225fc166e456e5ddf36764fa1f4e0fd76313805bd549a3eaadbd76b6b,f461942049356cd766f3c3d99a694b69dc0861a87e650f004c6e580385152328
healthy_(48).jpg,Dry Leaf00142.JPG,Dataset_01_jtttfbx342,Dataset_02_g46dvrcvwn,NEAR_DUPLICATE_PHASH,Hamming=10,10,Healthy_Leaf,Dry_Leaf,ef4e355a9fb1d779acdf29622ec6b9b1a86917250f91fa1f64e7e63bba8980cb,a5247e0249fe3cf43ec67180e6f88035775c70c0edeec71efc8b355f14b21157
healthy_(48).jpg,Dry Leaf00156.JPG,Dataset_01_jtttfbx342,Dataset_02_g46dvrcvwn,NEAR_DUPLICATE_PHASH,Hamming=9,9,Healthy_Leaf,Dry_Leaf,ef4e355a9fb1d779acdf29622ec6b9b1a86917250f91fa1f64e7e63bba8980cb,19eceeb2f9aa5c569f103bc66d39a91cea395d98e335614db99f7762eeac6235
healthy_(48).jpg,Leaf Blotch00005.JPG,Dataset_01_jtttfbx342,Dataset_02_g46dvrcvwn,NEAR_DUPLICATE_PHASH,Hamming=10,10,Healthy_Leaf,Leaf_Blotch,ef4e355a9fb1d779acdf29622ec6b9b1a86917250f91fa1f64e7e63bba8980cb,b5226d7c1649a14108ea4d4cb07f7891e66ce892f3f25536e7c1e20665c8d718
healthy_(48).jpg,Leaf Blotch00041.JPG,Dataset_01_jtttfbx342,Dataset_02_g46dvrcvwn,NEAR_DUPLICATE_PHASH,Hamming=10,10,Healthy_Leaf,Leaf_Blotch,ef4e355a9fb1d779acdf29622ec6b9b1a86917250f91fa1f64e7e63bba8980cb,7387958ff139f404b6bfb8287310e93a6adb9dba34fdcc59818dbace800ce02c
healthy_(48).jpg,Rhizome Disease Root00004.JPG,Dataset_01_jtttfbx342,Dataset_02_g46dvrcvwn,NEAR_DUPLICATE_PHASH,Hamming=10,10,Healthy_Leaf,Rhizome_Disease_Roots,ef4e355a9fb1d779acdf29622ec6b9b1a86917250f91fa1f64e7e63bba8980cb,6f6e64319c0d1bab197b171a1f9a7efdec00a918a246926057b9e33d25fb5eee
healthy_(48).jpg,Rhizome Disease Root00114.JPG,Dataset_01_jtttfbx342,Dataset_02_g46dvrcvwn,NEAR_DUPLICATE_PHASH,Hamming=10,10,Healthy_Leaf,Rhizome_Disease_Roots,ef4e355a9fb1d779acdf29622ec6b9b1a86917250f91fa1f64e7e63bba8980cb,3a652734257559efc017044a527d4be6683a935a05e18c03b9115f80560df8be
healthy_(48).jpg,Rhizome Healthy Root00106.JPG,Dataset_01_jtttfbx342,Dataset_02_g46dvrcvwn,NEAR_DUPLICATE_PHASH,Hamming=9,9,Healthy_Leaf,Rhizome_Healthy_Roots,ef4e355a9fb1d779acdf29622ec6b9b1a86917250f91fa1f64e7e63bba8980cb,792099df3f2fb91a62d25fc739635a820e6c5be3fb678f74f5b5b0d40f2c3209
healthy_(48).jpg,Rhizome Healthy Root00232.JPG,Dataset_01_jtttfbx342,Dataset_02_g46dvrcvwn,NEAR_DUPLICATE_PHASH,Hamming=10,10,Healthy_Leaf,Rhizome_Healthy_Roots,ef4e355a9fb1d779acdf29622ec6b9b1a86917250f91fa1f64e7e63bba8980cb,bc937e060206b7ac479f3eee51788f6e75bc98567118a529ef1b20784b1f366c
healthy_(5).jpg,Rhizome Disease Root00008.JPG,Dataset_01_jtttfbx342,Dataset_02_g46dvrcvwn,NEAR_DUPLICATE_PHASH,Hamming=10,10,Healthy_Leaf,Rhizome_Disease_Roots,f083c46db390275cefce1372102a93924b1a95f46edd938165ad0d3fb8488db0,a6e77cfbf64275527984914e7fdd09c4ab1d62431b8b1b2624fef313809d1a73
healthy_(49).jpg,Dry Leaf00125.JPG,Dataset_01_jtttfbx342,Dataset_02_g46dvrcvwn,NEAR_DUPLICATE_PHASH,Hamming=9,9,Healthy_Leaf,Dry_Leaf,b83d909adb4893f60173e2d2bc85e9d22b00eedca807bb3a56a8e61ce39e833a,5c43bc40097e33f953dc60c8403fe6557edd058eb1d4e9ddef862ddcfffe68bf
healthy_(49).jpg,Dry Leaf00177.JPG,Dataset_01_jtttfbx342,Dataset_02_g46dvrcvwn,NEAR_DUPLICATE_PHASH,Hamming=8,8,Healthy_Leaf,Dry_Leaf,b83d909adb4893f60173e2d2bc85e9d22b00eedca807bb3a56a8e61ce39e833a,4ed045f4c2ba0d71793baa225ce8ad12ef80e540a0890f9be0ca911fcce3ba47
healthy_(50).jpg,Rhizome Disease Root00114.JPG,Dataset_01_jtttfbx342,Dataset_02_g46dvrcvwn,NEAR_DUPLICATE_PHASH,Hamming=10,10,Healthy_Leaf,Rhizome_Disease_Roots,4dd89fc736c92317ffbe01d3e14bdf6b2ad7035abfb89e6fdf2fe86422799444,3a652734257559efc017044a527d4be6683a935a05e18c03b9115f80560df8be
healthy_(57).jpg,Dry Leaf00122.JPG,Dataset_01_jtttfbx342,Dataset_02_g46dvrcvwn,NEAR_DUPLICATE_PHASH,Hamming=7,7,Healthy_Leaf,Dry_Leaf,c5e854f61daece79ce800db4d1bacbc8beab0c7143f888e33f597abeca4b01ac,f4c98e627b86f34d545dfa70f914b5a3482f9dac29e37e4277a46b7a042753b4
healthy_(7).jpg,Dry Leaf00049.JPG,Dataset_01_jtttfbx342,Dataset_02_g46dvrcvwn,NEAR_DUPLICATE_PHASH,Hamming=9,9,Healthy_Leaf,Dry_Leaf,9cd5754ef9a1d8ca907509d43220b040722f21fed52b21b9c8bae2bcf35c6a68,319d981af9df48246c86314c43f6489c9b8020dccdf45288eeeeef33f9cce8ad
healthy_(73).jpg,Rhizome Disease Root00114.JPG,Dataset_01_jtttfbx342,Dataset_02_g46dvrcvwn,NEAR_DUPLICATE_PHASH,Hamming=10,10,Healthy_Leaf,Rhizome_Disease_Roots,482cffeef5097fcde3289874270ea4bb258174f83944b281ed6785acd434b0da,3a652734257559efc017044a527d4be6683a935a05e18c03b9115f80560df8be
healthy_(73).jpg,Rhizome Healthy Root00105.JPG,Dataset_01_jtttfbx342,Dataset_02_g46dvrcvwn,NEAR_DUPLICATE_PHASH,Hamming=10,10,Healthy_Leaf,Rhizome_Healthy_Roots,482cffeef5097fcde3289874270ea4bb258174f83944b281ed6785acd434b0da,a2fcddb1e0a5ba244dbb5b164d340f19134e3e15c383d7fff18cf654f226249f
healthy_(84).jpg,Rhizome Healthy Root00105.JPG,Dataset_01_jtttfbx342,Dataset_02_g46dvrcvwn,NEAR_DUPLICATE_PHASH,Hamming=10,10,Healthy_Leaf,Rhizome_Healthy_Roots,036254c2ec48882f6c5978dfa42221fa47c5708f0647ddb89b1144ef889e9bd5,a2fcddb1e0a5ba244dbb5b164d340f19134e3e15c383d7fff18cf654f226249f
healthy_(93).jpg,Rhizome Disease Root00114.JPG,Dataset_01_jtttfbx342,Dataset_02_g46dvrcvwn,NEAR_DUPLICATE_PHASH,Hamming=10,10,Healthy_Leaf,Rhizome_Disease_Roots,39d8e300c616e6d5c55d6c3b3304be01472da1d65183275839ae29c4c6faf0e2,3a652734257559efc017044a527d4be6683a935a05e18c03b9115f80560df8be
healthy_(94).jpg,Rhizome Disease Root00114.JPG,Dataset_01_jtttfbx342,Dataset_02_g46dvrcvwn,NEAR_DUPLICATE_PHASH,Hamming=10,10,Healthy_Leaf,Rhizome_Disease_Roots,9b12f1cee2617cf1d596abf78f9a22ed54b7576afd55b34055590043309a5b85,3a652734257559efc017044a527d4be6683a935a05e18c03b9115f80560df8be
healthy_(94).jpg,Rhizome Healthy Root00303.JPG,Dataset_01_jtttfbx342,Dataset_02_g46dvrcvwn,NEAR_DUPLICATE_PHASH,Hamming=10,10,Healthy_Leaf,Rhizome_Healthy_Roots,9b12f1cee2617cf1d596abf78f9a22ed54b7576afd55b34055590043309a5b85,67b3e63120ef420e06cb311a4b97a1c1cb953fa026bae3e4e864d26264f1d837
leaf_spot_(1).jpg,Dry Leaf00082.JPG,Dataset_01_jtttfbx342,Dataset_02_g46dvrcvwn,NEAR_DUPLICATE_PHASH,Hamming=10,10,Leaf_Spot,Dry_Leaf,ec1012d4decca1aeb1a2d7bc735972b507e6c6768889427c2d38da75927f9c61,0fef36b29f2c7149a46f1781d1a4edbd110d22d5b39a80b27eba7248551a7943
leaf_spot_(1).jpg,Dry Leaf00122.JPG,Dataset_01_jtttfbx342,Dataset_02_g46dvrcvwn,NEAR_DUPLICATE_PHASH,Hamming=8,8,Leaf_Spot,Dry_Leaf,ec1012d4decca1aeb1a2d7bc735972b507e6c6768889427c2d38da75927f9c61,f4c98e627b86f34d545dfa70f914b5a3482f9dac29e37e4277a46b7a042753b4
leaf_spot_(1).jpg,Leaf Blotch00004.JPG,Dataset_01_jtttfbx342,Dataset_02_g46dvrcvwn,NEAR_DUPLICATE_PHASH,Hamming=10,10,Leaf_Spot,Leaf_Blotch,ec1012d4decca1aeb1a2d7bc735972b507e6c6768889427c2d38da75927f9c61,a96b36433507af73e39df1d2ad9989e773b79c0d27ae1ebfbf5ecc18de823a07
leaf_spot_(1).jpg,Leaf Blotch00005.JPG,Dataset_01_jtttfbx342,Dataset_02_g46dvrcvwn,NEAR_DUPLICATE_PHASH,Hamming=9,9,Leaf_Spot,Leaf_Blotch,ec1012d4decca1aeb1a2d7bc735972b507e6c6768889427c2d38da75927f9c61,b5226d7c1649a14108ea4d4cb07f7891e66ce892f3f25536e7c1e20665c8d718
leaf_spot_(1).jpg,Rhizome Disease Root00114.JPG,Dataset_01_jtttfbx342,Dataset_02_g46dvrcvwn,NEAR_DUPLICATE_PHASH,Hamming=9,9,Leaf_Spot,Rhizome_Disease_Roots,ec1012d4decca1aeb1a2d7bc735972b507e6c6768889427c2d38da75927f9c61,3a652734257559efc017044a527d4be6683a935a05e18c03b9115f80560df8be
leaf_spot_(1).jpg,Rhizome Healthy Root00102.JPG,Dataset_01_jtttfbx342,Dataset_02_g46dvrcvwn,NEAR_DUPLICATE_PHASH,Hamming=8,8,Leaf_Spot,Rhizome_Healthy_Roots,ec1012d4decca1aeb1a2d7bc735972b507e6c6768889427c2d38da75927f9c61,42ed63fbc1a84d627ef27ec356342cf7d62182b1cfb585f9cbc082ed88702993
leaf_spot_(1).jpg,Rhizome Healthy Root00103.JPG,Dataset_01_jtttfbx342,Dataset_02_g46dvrcvwn,NEAR_DUPLICATE_PHASH,Hamming=8,8,Leaf_Spot,Rhizome_Healthy_Roots,ec1012d4decca1aeb1a2d7bc735972b507e6c6768889427c2d38da75927f9c61,1a182a290d5ec92d08bc0bb7826ce7992966ad9ac025b6731f8d48f1b0071cec
leaf_spot_(1).jpg,Rhizome Healthy Root00104.JPG,Dataset_01_jtttfbx342,Dataset_02_g46dvrcvwn,NEAR_DUPLICATE_PHASH,Hamming=9,9,Leaf_Spot,Rhizome_Healthy_Roots,ec1012d4decca1aeb1a2d7bc735972b507e6c6768889427c2d38da75927f9c61,c6e84c358fef466d5d651d6badc72f487938a8971667c64a8b9cd6ba4e2a15f6
leaf_spot_(1).jpg,Rhizome Healthy Root00106.JPG,Dataset_01_jtttfbx342,Dataset_02_g46dvrcvwn,NEAR_DUPLICATE_PHASH,Hamming=10,10,Leaf_Spot,Rhizome_Healthy_Roots,ec1012d4decca1aeb1a2d7bc735972b507e6c6768889427c2d38da75927f9c61,792099df3f2fb91a62d25fc739635a820e6c5be3fb678f74f5b5b0d40f2c3209
leaf_spot_(1).jpg,Rhizome Healthy Root00232.JPG,Dataset_01_jtttfbx342,Dataset_02_g46dvrcvwn,NEAR_DUPLICATE_PHASH,Hamming=9,9,Leaf_Spot,Rhizome_Healthy_Roots,ec1012d4decca1aeb1a2d7bc735972b507e6c6768889427c2d38da75927f9c61,bc937e060206b7ac479f3eee51788f6e75bc98567118a529ef1b20784b1f366c
leaf_spot_(1).jpg,Rhizome Healthy Root00302.JPG,Dataset_01_jtttfbx342,Dataset_02_g46dvrcvwn,NEAR_DUPLICATE_PHASH,Hamming=10,10,Leaf_Spot,Rhizome_Healthy_Roots,ec1012d4decca1aeb1a2d7bc735972b507e6c6768889427c2d38da75927f9c61,1b056c0bec593d0fb2c3b1ab4b9d24f80ed054d4ea4c181663cd9794f0288604
leaf_spot_(10).jpg,Dry Leaf00049.JPG,Dataset_01_jtttfbx342,Dataset_02_g46dvrcvwn,NEAR_DUPLICATE_PHASH,Hamming=9,9,Leaf_Spot,Dry_Leaf,099d13a7aeb690bab808eb59eed1f75d90d03ca5352c0b31722f077d0949b5a2,319d981af9df48246c86314c43f6489c9b8020dccdf45288eeeeef33f9cce8ad
leaf_spot_(10).jpg,Dry Leaf00077.JPG,Dataset_01_jtttfbx342,Dataset_02_g46dvrcvwn,NEAR_DUPLICATE_PHASH,Hamming=10,10,Leaf_Spot,Dry_Leaf,099d13a7aeb690bab808eb59eed1f75d90d03ca5352c0b31722f077d0949b5a2,c7a04e3fb84ede079e4e6a784fadfc4d70466daef9fee9e62eaf7e0032e5b8b9
leaf_spot_(10).jpg,Dry Leaf00095.JPG,Dataset_01_jtttfbx342,Dataset_02_g46dvrcvwn,NEAR_DUPLICATE_PHASH,Hamming=10,10,Leaf_Spot,Dry_Leaf,099d13a7aeb690bab808eb59eed1f75d90d03ca5352c0b31722f077d0949b5a2,32797dc9e1652dd994245c66ada8d17b1a327517264386f58089b50c95c27411
leaf_spot_(10).jpg,Dry Leaf00201.JPG,Dataset_01_jtttfbx342,Dataset_02_g46dvrcvwn,NEAR_DUPLICATE_PHASH,Hamming=10,10,Leaf_Spot,Dry_Leaf,099d13a7aeb690bab808eb59eed1f75d90d03ca5352c0b31722f077d0949b5a2,656bff8b27643badbfd3e15617668c2a8fe58a712cb89ef3822ab82e56a639e1
leaf_spot_(10).jpg,Healthy Leaf00007.JPG,Dataset_01_jtttfbx342,Dataset_02_g46dvrcvwn,NEAR_DUPLICATE_PHASH,Hamming=10,10,Leaf_Spot,Healthy_Leaf,099d13a7aeb690bab808eb59eed1f75d90d03ca5352c0b31722f077d0949b5a2,d6f9a25aa871a9af685f8162658608a0a0eba5b0cde7ee41a7adc6390f0d6cf1
leaf_spot_(10).jpg,Healthy Leaf00032.JPG,Dataset_01_jtttfbx342,Dataset_02_g46dvrcvwn,NEAR_DUPLICATE_PHASH,Hamming=8,8,Leaf_Spot,Healthy_Leaf,099d13a7aeb690bab808eb59eed1f75d90d03ca5352c0b31722f077d0949b5a2,85e16dcfec198f4e5cf0472005e99921bf752a1214bbbd68758cbf4cbe4858bd
leaf_spot_(10).jpg,Healthy Leaf00073.JPG,Dataset_01_jtttfbx342,Dataset_02_g46dvrcvwn,NEAR_DUPLICATE_PHASH,Hamming=9,9,Leaf_Spot,Healthy_Leaf,099d13a7aeb690bab808eb59eed1f75d90d03ca5352c0b31722f077d0949b5a2,14099ddcc85f0e8888a5a126d064d51875b1dacabb180459313850a260a8ff37
leaf_spot_(10).jpg,Healthy Leaf00186.JPG,Dataset_01_jtttfbx342,Dataset_02_g46dvrcvwn,NEAR_DUPLICATE_PHASH,Hamming=10,10,Leaf_Spot,Healthy_Leaf,099d13a7aeb690bab808eb59eed1f75d90d03ca5352c0b31722f077d0949b5a2,f99497e0754004956fa65209dc0aa94a753bdc8cccaf34066b1286dfb32c2e3a
leaf_spot_(10).jpg,Rhizome Disease Root00011.JPG,Dataset_01_jtttfbx342,Dataset_02_g46dvrcvwn,NEAR_DUPLICATE_PHASH,Hamming=7,7,Leaf_Spot,Rhizome_Disease_Roots,099d13a7aeb690bab808eb59eed1f75d90d03ca5352c0b31722f077d0949b5a2,9e5b456e10edce65aab601b2f8131f40d6819965e444da5f3f857d82317bfae2
leaf_spot_(10).jpg,Rhizome Disease Root00028.JPG,Dataset_01_jtttfbx342,Dataset_02_g46dvrcvwn,NEAR_DUPLICATE_PHASH,Hamming=10,10,Leaf_Spot,Rhizome_Disease_Roots,099d13a7aeb690bab808eb59eed1f75d90d03ca5352c0b31722f077d0949b5a2,09971cb9908c8b32091b30bea37f7116445acb82da1bcb375b12461587956150
leaf_spot_(101).jpg,Dry Leaf00082.JPG,Dataset_01_jtttfbx342,Dataset_02_g46dvrcvwn,NEAR_DUPLICATE_PHASH,Hamming=7,7,Leaf_Spot,Dry_Leaf,4c9aaa0be3c62f63467be387579631ea8d4b41de02fb3adc6e096a5372fb6634,0fef36b29f2c7149a46f1781d1a4edbd110d22d5b39a80b27eba7248551a7943
leaf_spot_(101).jpg,Dry Leaf00122.JPG,Dataset_01_jtttfbx342,Dataset_02_g46dvrcvwn,NEAR_DUPLICATE_PHASH,Hamming=9,9,Leaf_Spot,Dry_Leaf,4c9aaa0be3c62f63467be387579631ea8d4b41de02fb3adc6e096a5372fb6634,f4c98e627b86f34d545dfa70f914b5a3482f9dac29e37e4277a46b7a042753b4
leaf_spot_(101).jpg,Dry Leaf00138.JPG,Dataset_01_jtttfbx342,Dataset_02_g46dvrcvwn,NEAR_DUPLICATE_PHASH,Hamming=9,9,Leaf_Spot,Dry_Leaf,4c9aaa0be3c62f63467be387579631ea8d4b41de02fb3adc6e096a5372fb6634,48a137a521fcf8c5bf0f80670022143942508551f0f3047e9f590ff294fc2316
leaf_spot_(101).jpg,Dry Leaf00143.JPG,Dataset_01_jtttfbx342,Dataset_02_g46dvrcvwn,NEAR_DUPLICATE_PHASH,Hamming=7,7,Leaf_Spot,Dry_Leaf,4c9aaa0be3c62f63467be387579631ea8d4b41de02fb3adc6e096a5372fb6634,264aaf55af985e2d563adbfe4338e6d7666deb78327e547e536cc5a3f2933d56
leaf_spot_(101).jpg,Rhizome Disease Root00114.JPG,Dataset_01_jtttfbx342,Dataset_02_g46dvrcvwn,NEAR_DUPLICATE_PHASH,Hamming=10,10,Leaf_Spot,Rhizome_Disease_Roots,4c9aaa0be3c62f63467be387579631ea8d4b41de02fb3adc6e096a5372fb6634,3a652734257559efc017044a527d4be6683a935a05e18c03b9115f80560df8be
leaf_spot_(101).jpg,Rhizome Healthy Root00105.JPG,Dataset_01_jtttfbx342,Dataset_02_g46dvrcvwn,NEAR_DUPLICATE_PHASH,Hamming=10,10,Leaf_Spot,Rhizome_Healthy_Roots,4c9aaa0be3c62f63467be387579631ea8d4b41de02fb3adc6e096a5372fb6634,a2fcddb1e0a5ba244dbb5b164d340f19134e3e15c383d7fff18cf654f226249f
leaf_spot_(101).jpg,Rhizome Healthy Root00106.JPG,Dataset_01_jtttfbx342,Dataset_02_g46dvrcvwn,NEAR_DUPLICATE_PHASH,Hamming=9,9,Leaf_Spot,Rhizome_Healthy_Roots,4c9aaa0be3c62f63467be387579631ea8d4b41de02fb3adc6e096a5372fb6634,792099df3f2fb91a62d25fc739635a820e6c5be3fb678f74f5b5b0d40f2c3209
leaf_spot_(102).jpg,Dry Leaf00100.JPG,Dataset_01_jtttfbx342,Dataset_02_g46dvrcvwn,NEAR_DUPLICATE_PHASH,Hamming=10,10,Leaf_Spot,Dry_Leaf,62cb42abaf27c590b3217d8462a2f330a5ba7a5b8449ce197765178c8d58d37e,b59ac801dc168808d912a67b0bef41184f32dbaf6a28275e3499663538cb2fb2
leaf_spot_(103).jpg,Dry Leaf00021.JPG,Dataset_01_jtttfbx342,Dataset_02_g46dvrcvwn,NEAR_DUPLICATE_PHASH,Hamming=8,8,Leaf_Spot,Dry_Leaf,b9adefb643979ded71251b973f3950dca639531eaebcbf3b80b15ee7b78b2147,80b07af320ce31e8a146fc8c36d40920359a994dbb7ce32c5c787d0e269bb363
leaf_spot_(103).jpg,Dry Leaf00023.JPG,Dataset_01_jtttfbx342,Dataset_02_g46dvrcvwn,NEAR_DUPLICATE_PHASH,Hamming=10,10,Leaf_Spot,Dry_Leaf,b9adefb643979ded71251b973f3950dca639531eaebcbf3b80b15ee7b78b2147,c5c842e23075cf1d7f635e7b91eeb0d4581960cf85b77eb65e0e23551d42e8e4
leaf_spot_(103).jpg,Dry Leaf00062.JPG,Dataset_01_jtttfbx342,Dataset_02_g46dvrcvwn,NEAR_DUPLICATE_PHASH,Hamming=10,10,Leaf_Spot,Dry_Leaf,b9adefb643979ded71251b973f3950dca639531eaebcbf3b80b15ee7b78b2147,052e974a96c438f0786614db5fdafa54c9618cca910fefa47fba31bde5b435bb
leaf_spot_(103).jpg,Dry Leaf00099.JPG,Dataset_01_jtttfbx342,Dataset_02_g46dvrcvwn,NEAR_DUPLICATE_PHASH,Hamming=9,9,Leaf_Spot,Dry_Leaf,b9adefb643979ded71251b973f3950dca639531eaebcbf3b80b15ee7b78b2147,90f2bf2684a759f96385d1e421eed88e187915a5a7a6cd2ed7e1daec095fca4b
leaf_spot_(103).jpg,Dry Leaf00100.JPG,Dataset_01_jtttfbx342,Dataset_02_g46dvrcvwn,NEAR_DUPLICATE_PHASH,Hamming=8,8,Leaf_Spot,Dry_Leaf,b9adefb643979ded71251b973f3950dca639531eaebcbf3b80b15ee7b78b2147,b59ac801dc168808d912a67b0bef41184f32dbaf6a28275e3499663538cb2fb2
leaf_spot_(103).jpg,Dry Leaf00132.JPG,Dataset_01_jtttfbx342,Dataset_02_g46dvrcvwn,NEAR_DUPLICATE_PHASH,Hamming=9,9,Leaf_Spot,Dry_Leaf,b9adefb643979ded71251b973f3950dca639531eaebcbf3b80b15ee7b78b2147,6ad1984ab2f5869d796580739ddc3fde3e5a24608a21d4b99e04304fa8f4d850
leaf_spot_(103).jpg,Rhizome Disease Root00156.JPG,Dataset_01_jtttfbx342,Dataset_02_g46dvrcvwn,NEAR_DUPLICATE_PHASH,Hamming=10,10,Leaf_Spot,Rhizome_Disease_Roots,b9adefb643979ded71251b973f3950dca639531eaebcbf3b80b15ee7b78b2147,74dd34f67eda302dad349b8f862f8e61b4d47f462574402bc9b266d43335b307
leaf_spot_(103).jpg,Rhizome Disease Root00176.JPG,Dataset_01_jtttfbx342,Dataset_02_g46dvrcvwn,NEAR_DUPLICATE_PHASH,Hamming=9,9,Leaf_Spot,Rhizome_Disease_Roots,b9adefb643979ded71251b973f3950dca639531eaebcbf3b80b15ee7b78b2147,4f668ea4799377a46be43218163c55f7774abdc0b33fc941041410a16945444d
leaf_spot_(106).jpg,Dry Leaf00122.JPG,Dataset_01_jtttfbx342,Dataset_02_g46dvrcvwn,NEAR_DUPLICATE_PHASH,Hamming=9,9,Leaf_Spot,Dry_Leaf,a7d15ea2a83b9193ae82cb200dd21720e4de0fce7f01b8b400298e033addfc41,f4c98e627b86f34d545dfa70f914b5a3482f9dac29e37e4277a46b7a042753b4
leaf_spot_(107).jpg,Dry Leaf00079.JPG,Dataset_01_jtttfbx342,Dataset_02_g46dvrcvwn,NEAR_DUPLICATE_PHASH,Hamming=10,10,Leaf_Spot,Dry_Leaf,8a4e9da21efee291c507c2204a5193852bc8437e90b5f39c7efefc0d7126276d,1f6e087d7212035df77783d7de4752f7700ec05b7df4e4a76f3f7282d7157451
leaf_spot_(107).jpg,Leaf Blotch00005.JPG,Dataset_01_jtttfbx342,Dataset_02_g46dvrcvwn,NEAR_DUPLICATE_PHASH,Hamming=10,10,Leaf_Spot,Leaf_Blotch,8a4e9da21efee291c507c2204a5193852bc8437e90b5f39c7efefc0d7126276d,b5226d7c1649a14108ea4d4cb07f7891e66ce892f3f25536e7c1e20665c8d718
leaf_spot_(107).jpg,Leaf Blotch00007.JPG,Dataset_01_jtttfbx342,Dataset_02_g46dvrcvwn,NEAR_DUPLICATE_PHASH,Hamming=10,10,Leaf_Spot,Leaf_Blotch,8a4e9da21efee291c507c2204a5193852bc8437e90b5f39c7efefc0d7126276d,4250a8509a408c0c3583e12added93347b1f06a3295945af950d7fb5448e73af
leaf_spot_(107).jpg,Leaf Blotch00008.JPG,Dataset_01_jtttfbx342,Dataset_02_g46dvrcvwn,NEAR_DUPLICATE_PHASH,Hamming=9,9,Leaf_Spot,Leaf_Blotch,8a4e9da21efee291c507c2204a5193852bc8437e90b5f39c7efefc0d7126276d,c8bc1c36431f8bba388e437313476fdb6e489866cef23a0f4993352654de43ea
leaf_spot_(107).jpg,Rhizome Disease Root00108.JPG,Dataset_01_jtttfbx342,Dataset_02_g46dvrcvwn,NEAR_DUPLICATE_PHASH,Hamming=10,10,Leaf_Spot,Rhizome_Disease_Roots,8a4e9da21efee291c507c2204a5193852bc8437e90b5f39c7efefc0d7126276d,fa6b8eb8029c35c84b3dd6988ff45733a0cbc5ba5532d4c88d1db7643118aa4a
leaf_spot_(107).jpg,Rhizome Disease Root00109.JPG,Dataset_01_jtttfbx342,Dataset_02_g46dvrcvwn,NEAR_DUPLICATE_PHASH,Hamming=10,10,Leaf_Spot,Rhizome_Disease_Roots,8a4e9da21efee291c507c2204a5193852bc8437e90b5f39c7efefc0d7126276d,f0c627b63b768afb39ae808c03bc62bcc065f94fbbbfb48b32fec6d423d28a8d
leaf_spot_(107).jpg,Rhizome Disease Root00114.JPG,Dataset_01_jtttfbx342,Dataset_02_g46dvrcvwn,NEAR_DUPLICATE_PHASH,Hamming=6,6,Leaf_Spot,Rhizome_Disease_Roots,8a4e9da21efee291c507c2204a5193852bc8437e90b5f39c7efefc0d7126276d,3a652734257559efc017044a527d4be6683a935a05e18c03b9115f80560df8be
leaf_spot_(107).jpg,Rhizome Disease Root00174.JPG,Dataset_01_jtttfbx342,Dataset_02_g46dvrcvwn,NEAR_DUPLICATE_PHASH,Hamming=10,10,Leaf_Spot,Rhizome_Disease_Roots,8a4e9da21efee291c507c2204a5193852bc8437e90b5f39c7efefc0d7126276d,ecfb7eb332f9325f118c4febd130514cf65ed231d12141528bdc38f53c4e84e0
leaf_spot_(107).jpg,Rhizome Disease Root00176.JPG,Dataset_01_jtttfbx342,Dataset_02_g46dvrcvwn,NEAR_DUPLICATE_PHASH,Hamming=10,10,Leaf_Spot,Rhizome_Disease_Roots,8a4e9da21efee291c507c2204a5193852bc8437e90b5f39c7efefc0d7126276d,4f668ea4799377a46be43218163c55f7774abdc0b33fc941041410a16945444d
leaf_spot_(107).jpg,Rhizome Healthy Root00024.JPG,Dataset_01_jtttfbx342,Dataset_02_g46dvrcvwn,NEAR_DUPLICATE_PHASH,Hamming=10,10,Leaf_Spot,Rhizome_Healthy_Roots,8a4e9da21efee291c507c2204a5193852bc8437e90b5f39c7efefc0d7126276d,aee3163751aae1c2194e061cc5be15c4ec5e2688c78c5e434db62615e22b0429
leaf_spot_(107).jpg,Rhizome Healthy Root00027.JPG,Dataset_01_jtttfbx342,Dataset_02_g46dvrcvwn,NEAR_DUPLICATE_PHASH,Hamming=10,10,Leaf_Spot,Rhizome_Healthy_Roots,8a4e9da21efee291c507c2204a5193852bc8437e90b5f39c7efefc0d7126276d,581455dd1795265737fcdb0c98151c8efd0e53c4bbdfed210adc16f86b63a000
leaf_spot_(107).jpg,Rhizome Healthy Root00029.JPG,Dataset_01_jtttfbx342,Dataset_02_g46dvrcvwn,NEAR_DUPLICATE_PHASH,Hamming=9,9,Leaf_Spot,Rhizome_Healthy_Roots,8a4e9da21efee291c507c2204a5193852bc8437e90b5f39c7efefc0d7126276d,3835df92135db2ba80f4dc67dd51d4ab10db2fd18fa835a53280dd4318d1c91a
leaf_spot_(107).jpg,Rhizome Healthy Root00030.JPG,Dataset_01_jtttfbx342,Dataset_02_g46dvrcvwn,NEAR_DUPLICATE_PHASH,Hamming=9,9,Leaf_Spot,Rhizome_Healthy_Roots,8a4e9da21efee291c507c2204a5193852bc8437e90b5f39c7efefc0d7126276d,5ce7923d7a7e7b4bd048f205c90e9a9a8d400d2fd8cf48fec15ac85b74cc3468
leaf_spot_(107).jpg,Rhizome Healthy Root00031.JPG,Dataset_01_jtttfbx342,Dataset_02_g46dvrcvwn,NEAR_DUPLICATE_PHASH,Hamming=9,9,Leaf_Spot,Rhizome_Healthy_Roots,8a4e9da21efee291c507c2204a5193852bc8437e90b5f39c7efefc0d7126276d,be1d95036007d6dc54776a298c8ed737b1c2ae0a0b8d9720d368b6fd64dfef46
leaf_spot_(107).jpg,Rhizome Healthy Root00104.JPG,Dataset_01_jtttfbx342,Dataset_02_g46dvrcvwn,NEAR_DUPLICATE_PHASH,Hamming=10,10,Leaf_Spot,Rhizome_Healthy_Roots,8a4e9da21efee291c507c2204a5193852bc8437e90b5f39c7efefc0d7126276d,c6e84c358fef466d5d651d6badc72f487938a8971667c64a8b9cd6ba4e2a15f6
leaf_spot_(107).jpg,Rhizome Healthy Root00107.JPG,Dataset_01_jtttfbx342,Dataset_02_g46dvrcvwn,NEAR_DUPLICATE_PHASH,Hamming=10,10,Leaf_Spot,Rhizome_Healthy_Roots,8a4e9da21efee291c507c2204a5193852bc8437e90b5f39c7efefc0d7126276d,017cc054582ac4cf8d0e919aa024caa2617a290a63fbfbdb4d191d3865b199b3
leaf_spot_(107).jpg,Rhizome Healthy Root00258.JPG,Dataset_01_jtttfbx342,Dataset_02_g46dvrcvwn,NEAR_DUPLICATE_PHASH,Hamming=10,10,Leaf_Spot,Rhizome_Healthy_Roots,8a4e9da21efee291c507c2204a5193852bc8437e90b5f39c7efefc0d7126276d,741a6e06ca571fd5eea19c54fbb3ea01caa6353c419ec5110589eb77afea706b
leaf_spot_(107).jpg,Rhizome Healthy Root00298.JPG,Dataset_01_jtttfbx342,Dataset_02_g46dvrcvwn,NEAR_DUPLICATE_PHASH,Hamming=10,10,Leaf_Spot,Rhizome_Healthy_Roots,8a4e9da21efee291c507c2204a5193852bc8437e90b5f39c7efefc0d7126276d,2783c1890cd370aeaac62205f04cd2f8e6dbd23c5f0a56b5e3406893bed3c47f
leaf_spot_(107).jpg,Rhizome Healthy Root00302.JPG,Dataset_01_jtttfbx342,Dataset_02_g46dvrcvwn,NEAR_DUPLICATE_PHASH,Hamming=9,9,Leaf_Spot,Rhizome_Healthy_Roots,8a4e9da21efee291c507c2204a5193852bc8437e90b5f39c7efefc0d7126276d,1b056c0bec593d0fb2c3b1ab4b9d24f80ed054d4ea4c181663cd9794f0288604
leaf_spot_(107).jpg,Rhizome Healthy Root00303.JPG,Dataset_01_jtttfbx342,Dataset_02_g46dvrcvwn,NEAR_DUPLICATE_PHASH,Hamming=10,10,Leaf_Spot,Rhizome_Healthy_Roots,8a4e9da21efee291c507c2204a5193852bc8437e90b5f39c7efefc0d7126276d,67b3e63120ef420e06cb311a4b97a1c1cb953fa026bae3e4e864d26264f1d837
leaf_spot_(108).jpg,Dry Leaf00082.JPG,Dataset_01_jtttfbx342,Dataset_02_g46dvrcvwn,NEAR_DUPLICATE_PHASH,Hamming=7,7,Leaf_Spot,Dry_Leaf,136f2d17628f1a3099e6355a7645ca66e0e5f4b2e6fa74662019dbd069fc8c94,0fef36b29f2c7149a46f1781d1a4edbd110d22d5b39a80b27eba7248551a7943
leaf_spot_(108).jpg,Dry Leaf00122.JPG,Dataset_01_jtttfbx342,Dataset_02_g46dvrcvwn,NEAR_DUPLICATE_PHASH,Hamming=9,9,Leaf_Spot,Dry_Leaf,136f2d17628f1a3099e6355a7645ca66e0e5f4b2e6fa74662019dbd069fc8c94,f4c98e627b86f34d545dfa70f914b5a3482f9dac29e37e4277a46b7a042753b4
leaf_spot_(108).jpg,Dry Leaf00143.JPG,Dataset_01_jtttfbx342,Dataset_02_g46dvrcvwn,NEAR_DUPLICATE_PHASH,Hamming=7,7,Leaf_Spot,Dry_Leaf,136f2d17628f1a3099e6355a7645ca66e0e5f4b2e6fa74662019dbd069fc8c94,264aaf55af985e2d563adbfe4338e6d7666deb78327e547e536cc5a3f2933d56
leaf_spot_(108).jpg,Rhizome Disease Root00114.JPG,Dataset_01_jtttfbx342,Dataset_02_g46dvrcvwn,NEAR_DUPLICATE_PHASH,Hamming=10,10,Leaf_Spot,Rhizome_Disease_Roots,136f2d17628f1a3099e6355a7645ca66e0e5f4b2e6fa74662019dbd069fc8c94,3a652734257559efc017044a527d4be6683a935a05e18c03b9115f80560df8be
leaf_spot_(11).jpg,Dry Leaf00049.JPG,Dataset_01_jtttfbx342,Dataset_02_g46dvrcvwn,NEAR_DUPLICATE_PHASH,Hamming=7,7,Leaf_Spot,Dry_Leaf,63405e5375d0713c1a10758cc1746adff49c8aca4127ac5d2aa0b37a440d26a6,319d981af9df48246c86314c43f6489c9b8020dccdf45288eeeeef33f9cce8ad
leaf_spot_(11).jpg,Leaf Blotch00075.JPG,Dataset_01_jtttfbx342,Dataset_02_g46dvrcvwn,NEAR_DUPLICATE_PHASH,Hamming=9,9,Leaf_Spot,Leaf_Blotch,63405e5375d0713c1a10758cc1746adff49c8aca4127ac5d2aa0b37a440d26a6,a3474f43ac7e303941ef6dde8fdd59608acde77499eeb66a4818b2eba82fdd45
leaf_spot_(11).jpg,Leaf Blotch00083.JPG,Dataset_01_jtttfbx342,Dataset_02_g46dvrcvwn,NEAR_DUPLICATE_PHASH,Hamming=9,9,Leaf_Spot,Leaf_Blotch,63405e5375d0713c1a10758cc1746adff49c8aca4127ac5d2aa0b37a440d26a6,948d6e2d7d31ebcfa4bfb8ced4fa769fb06b0612161664c615fa4be8bfed303b
leaf_spot_(11).jpg,Rhizome Disease Root00011.JPG,Dataset_01_jtttfbx342,Dataset_02_g46dvrcvwn,NEAR_DUPLICATE_PHASH,Hamming=9,9,Leaf_Spot,Rhizome_Disease_Roots,63405e5375d0713c1a10758cc1746adff49c8aca4127ac5d2aa0b37a440d26a6,9e5b456e10edce65aab601b2f8131f40d6819965e444da5f3f857d82317bfae2
leaf_spot_(11).jpg,Rhizome Healthy Root00234.JPG,Dataset_01_jtttfbx342,Dataset_02_g46dvrcvwn,NEAR_DUPLICATE_PHASH,Hamming=10,10,Leaf_Spot,Rhizome_Healthy_Roots,63405e5375d0713c1a10758cc1746adff49c8aca4127ac5d2aa0b37a440d26a6,e502e303869bb478fdea6d5d858c5c04eb20958884dfa3ff7eadf40d133b2b51
leaf_spot_(11).jpg,Rhizome Healthy Root00235.JPG,Dataset_01_jtttfbx342,Dataset_02_g46dvrcvwn,NEAR_DUPLICATE_PHASH,Hamming=10,10,Leaf_Spot,Rhizome_Healthy_Roots,63405e5375d0713c1a10758cc1746adff49c8aca4127ac5d2aa0b37a440d26a6,0e89ddde9b942a3b3683d9adeebdcd36591c92ddccde6b03760c98b6f5dd4359
leaf_spot_(109).jpg,Dry Leaf00082.JPG,Dataset_01_jtttfbx342,Dataset_02_g46dvrcvwn,NEAR_DUPLICATE_PHASH,Hamming=9,9,Leaf_Spot,Dry_Leaf,9cb3b13baa28246ca3ea5c07eee0e7a25164dbb342256156e89cc18094e51fdd,0fef36b29f2c7149a46f1781d1a4edbd110d22d5b39a80b27eba7248551a7943
leaf_spot_(109).jpg,Leaf Blotch00005.JPG,Dataset_01_jtttfbx342,Dataset_02_g46dvrcvwn,NEAR_DUPLICATE_PHASH,Hamming=10,10,Leaf_Spot,Leaf_Blotch,9cb3b13baa28246ca3ea5c07eee0e7a25164dbb342256156e89cc18094e51fdd,b5226d7c1649a14108ea4d4cb07f7891e66ce892f3f25536e7c1e20665c8d718
leaf_spot_(109).jpg,Rhizome Disease Root00004.JPG,Dataset_01_jtttfbx342,Dataset_02_g46dvrcvwn,NEAR_DUPLICATE_PHASH,Hamming=10,10,Leaf_Spot,Rhizome_Disease_Roots,9cb3b13baa28246ca3ea5c07eee0e7a25164dbb342256156e89cc18094e51fdd,6f6e64319c0d1bab197b171a1f9a7efdec00a918a246926057b9e33d25fb5eee
leaf_spot_(109).jpg,Rhizome Disease Root00108.JPG,Dataset_01_jtttfbx342,Dataset_02_g46dvrcvwn,NEAR_DUPLICATE_PHASH,Hamming=10,10,Leaf_Spot,Rhizome_Disease_Roots,9cb3b13baa28246ca3ea5c07eee0e7a25164dbb342256156e89cc18094e51fdd,fa6b8eb8029c35c84b3dd6988ff45733a0cbc5ba5532d4c88d1db7643118aa4a
leaf_spot_(109).jpg,Rhizome Disease Root00114.JPG,Dataset_01_jtttfbx342,Dataset_02_g46dvrcvwn,NEAR_DUPLICATE_PHASH,Hamming=8,8,Leaf_Spot,Rhizome_Disease_Roots,9cb3b13baa28246ca3ea5c07eee0e7a25164dbb342256156e89cc18094e51fdd,3a652734257559efc017044a527d4be6683a935a05e18c03b9115f80560df8be
leaf_spot_(109).jpg,Rhizome Healthy Root00104.JPG,Dataset_01_jtttfbx342,Dataset_02_g46dvrcvwn,NEAR_DUPLICATE_PHASH,Hamming=10,10,Leaf_Spot,Rhizome_Healthy_Roots,9cb3b13baa28246ca3ea5c07eee0e7a25164dbb342256156e89cc18094e51fdd,c6e84c358fef466d5d651d6badc72f487938a8971667c64a8b9cd6ba4e2a15f6
leaf_spot_(109).jpg,Rhizome Healthy Root00298.JPG,Dataset_01_jtttfbx342,Dataset_02_g46dvrcvwn,NEAR_DUPLICATE_PHASH,Hamming=10,10,Leaf_Spot,Rhizome_Healthy_Roots,9cb3b13baa28246ca3ea5c07eee0e7a25164dbb342256156e89cc18094e51fdd,2783c1890cd370aeaac62205f04cd2f8e6dbd23c5f0a56b5e3406893bed3c47f
leaf_spot_(109).jpg,Rhizome Healthy Root00302.JPG,Dataset_01_jtttfbx342,Dataset_02_g46dvrcvwn,NEAR_DUPLICATE_PHASH,Hamming=9,9,Leaf_Spot,Rhizome_Healthy_Roots,9cb3b13baa28246ca3ea5c07eee0e7a25164dbb342256156e89cc18094e51fdd,1b056c0bec593d0fb2c3b1ab4b9d24f80ed054d4ea4c181663cd9794f0288604
leaf_spot_(109).jpg,Rhizome Healthy Root00303.JPG,Dataset_01_jtttfbx342,Dataset_02_g46dvrcvwn,NEAR_DUPLICATE_PHASH,Hamming=10,10,Leaf_Spot,Rhizome_Healthy_Roots,9cb3b13baa28246ca3ea5c07eee0e7a25164dbb342256156e89cc18094e51fdd,67b3e63120ef420e06cb311a4b97a1c1cb953fa026bae3e4e864d26264f1d837
leaf_spot_(110).jpg,Rhizome Disease Root00108.JPG,Dataset_01_jtttfbx342,Dataset_02_g46dvrcvwn,NEAR_DUPLICATE_PHASH,Hamming=8,8,Leaf_Spot,Rhizome_Disease_Roots,7660dd6178fc793cef64293bc4a92692e617f265016ca5470b663f71980349d5,fa6b8eb8029c35c84b3dd6988ff45733a0cbc5ba5532d4c88d1db7643118aa4a
leaf_spot_(110).jpg,Rhizome Disease Root00109.JPG,Dataset_01_jtttfbx342,Dataset_02_g46dvrcvwn,NEAR_DUPLICATE_PHASH,Hamming=10,10,Leaf_Spot,Rhizome_Disease_Roots,7660dd6178fc793cef64293bc4a92692e617f265016ca5470b663f71980349d5,f0c627b63b768afb39ae808c03bc62bcc065f94fbbbfb48b32fec6d423d28a8d
leaf_spot_(110).jpg,Rhizome Disease Root00114.JPG,Dataset_01_jtttfbx342,Dataset_02_g46dvrcvwn,NEAR_DUPLICATE_PHASH,Hamming=8,8,Leaf_Spot,Rhizome_Disease_Roots,7660dd6178fc793cef64293bc4a92692e617f265016ca5470b663f71980349d5,3a652734257559efc017044a527d4be6683a935a05e18c03b9115f80560df8be
leaf_spot_(110).jpg,Rhizome Disease Root00122.JPG,Dataset_01_jtttfbx342,Dataset_02_g46dvrcvwn,NEAR_DUPLICATE_PHASH,Hamming=10,10,Leaf_Spot,Rhizome_Disease_Roots,7660dd6178fc793cef64293bc4a92692e617f265016ca5470b663f71980349d5,ee9ac8de7a3d02ea275700cbbd3b3a68a3ec4f5cb8d9bdd44a484d2076307258
leaf_spot_(110).jpg,Rhizome Disease Root00135.JPG,Dataset_01_jtttfbx342,Dataset_02_g46dvrcvwn,NEAR_DUPLICATE_PHASH,Hamming=10,10,Leaf_Spot,Rhizome_Disease_Roots,7660dd6178fc793cef64293bc4a92692e617f265016ca5470b663f71980349d5,8e91e44e52bc868ee19f622f2ce3184f57305d6db34af7bc650a337cb30b0fde
leaf_spot_(110).jpg,Rhizome Healthy Root00024.JPG,Dataset_01_jtttfbx342,Dataset_02_g46dvrcvwn,NEAR_DUPLICATE_PHASH,Hamming=10,10,Leaf_Spot,Rhizome_Healthy_Roots,7660dd6178fc793cef64293bc4a92692e617f265016ca5470b663f71980349d5,aee3163751aae1c2194e061cc5be15c4ec5e2688c78c5e434db62615e22b0429
leaf_spot_(110).jpg,Rhizome Healthy Root00027.JPG,Dataset_01_jtttfbx342,Dataset_02_g46dvrcvwn,NEAR_DUPLICATE_PHASH,Hamming=10,10,Leaf_Spot,Rhizome_Healthy_Roots,7660dd6178fc793cef64293bc4a92692e617f265016ca5470b663f71980349d5,581455dd1795265737fcdb0c98151c8efd0e53c4bbdfed210adc16f86b63a000
leaf_spot_(110).jpg,Rhizome Healthy Root00029.JPG,Dataset_01_jtttfbx342,Dataset_02_g46dvrcvwn,NEAR_DUPLICATE_PHASH,Hamming=9,9,Leaf_Spot,Rhizome_Healthy_Roots,7660dd6178fc793cef64293bc4a92692e617f265016ca5470b663f71980349d5,3835df92135db2ba80f4dc67dd51d4ab10db2fd18fa835a53280dd4318d1c91a
leaf_spot_(110).jpg,Rhizome Healthy Root00030.JPG,Dataset_01_jtttfbx342,Dataset_02_g46dvrcvwn,NEAR_DUPLICATE_PHASH,Hamming=9,9,Leaf_Spot,Rhizome_Healthy_Roots,7660dd6178fc793cef64293bc4a92692e617f265016ca5470b663f71980349d5,5ce7923d7a7e7b4bd048f205c90e9a9a8d400d2fd8cf48fec15ac85b74cc3468
leaf_spot_(110).jpg,Rhizome Healthy Root00031.JPG,Dataset_01_jtttfbx342,Dataset_02_g46dvrcvwn,NEAR_DUPLICATE_PHASH,Hamming=9,9,Leaf_Spot,Rhizome_Healthy_Roots,7660dd6178fc793cef64293bc4a92692e617f265016ca5470b663f71980349d5,be1d95036007d6dc54776a298c8ed737b1c2ae0a0b8d9720d368b6fd64dfef46
leaf_spot_(110).jpg,Rhizome Healthy Root00258.JPG,Dataset_01_jtttfbx342,Dataset_02_g46dvrcvwn,NEAR_DUPLICATE_PHASH,Hamming=10,10,Leaf_Spot,Rhizome_Healthy_Roots,7660dd6178fc793cef64293bc4a92692e617f265016ca5470b663f71980349d5,741a6e06ca571fd5eea19c54fbb3ea01caa6353c419ec5110589eb77afea706b
leaf_spot_(110).jpg,Rhizome Healthy Root00298.JPG,Dataset_01_jtttfbx342,Dataset_02_g46dvrcvwn,NEAR_DUPLICATE_PHASH,Hamming=10,10,Leaf_Spot,Rhizome_Healthy_Roots,7660dd6178fc793cef64293bc4a92692e617f265016ca5470b663f71980349d5,2783c1890cd370aeaac62205f04cd2f8e6dbd23c5f0a56b5e3406893bed3c47f
leaf_spot_(110).jpg,Rhizome Healthy Root00302.JPG,Dataset_01_jtttfbx342,Dataset_02_g46dvrcvwn,NEAR_DUPLICATE_PHASH,Hamming=9,9,Leaf_Spot,Rhizome_Healthy_Roots,7660dd6178fc793cef64293bc4a92692e617f265016ca5470b663f71980349d5,1b056c0bec593d0fb2c3b1ab4b9d24f80ed054d4ea4c181663cd9794f0288604
leaf_spot_(110).jpg,Rhizome Healthy Root00303.JPG,Dataset_01_jtttfbx342,Dataset_02_g46dvrcvwn,NEAR_DUPLICATE_PHASH,Hamming=10,10,Leaf_Spot,Rhizome_Healthy_Roots,7660dd6178fc793cef64293bc4a92692e617f265016ca5470b663f71980349d5,67b3e63120ef420e06cb311a4b97a1c1cb953fa026bae3e4e864d26264f1d837
leaf_spot_(111).jpg,Dry Leaf00082.JPG,Dataset_01_jtttfbx342,Dataset_02_g46dvrcvwn,NEAR_DUPLICATE_PHASH,Hamming=7,7,Leaf_Spot,Dry_Leaf,ebdeb290b0a2792c6666df840eb8a0d5a32c56d0620bb039643fb14451e3ae70,0fef36b29f2c7149a46f1781d1a4edbd110d22d5b39a80b27eba7248551a7943
leaf_spot_(111).jpg,Dry Leaf00122.JPG,Dataset_01_jtttfbx342,Dataset_02_g46dvrcvwn,NEAR_DUPLICATE_PHASH,Hamming=9,9,Leaf_Spot,Dry_Leaf,ebdeb290b0a2792c6666df840eb8a0d5a32c56d0620bb039643fb14451e3ae70,f4c98e627b86f34d545dfa70f914b5a3482f9dac29e37e4277a46b7a042753b4
leaf_spot_(111).jpg,Dry Leaf00138.JPG,Dataset_01_jtttfbx342,Dataset_02_g46dvrcvwn,NEAR_DUPLICATE_PHASH,Hamming=9,9,Leaf_Spot,Dry_Leaf,ebdeb290b0a2792c6666df840eb8a0d5a32c56d0620bb039643fb14451e3ae70,48a137a521fcf8c5bf0f80670022143942508551f0f3047e9f590ff294fc2316
leaf_spot_(111).jpg,Dry Leaf00143.JPG,Dataset_01_jtttfbx342,Dataset_02_g46dvrcvwn,NEAR_DUPLICATE_PHASH,Hamming=7,7,Leaf_Spot,Dry_Leaf,ebdeb290b0a2792c6666df840eb8a0d5a32c56d0620bb039643fb14451e3ae70,264aaf55af985e2d563adbfe4338e6d7666deb78327e547e536cc5a3f2933d56
leaf_spot_(111).jpg,Dry Leaf00189.JPG,Dataset_01_jtttfbx342,Dataset_02_g46dvrcvwn,NEAR_DUPLICATE_PHASH,Hamming=10,10,Leaf_Spot,Dry_Leaf,ebdeb290b0a2792c6666df840eb8a0d5a32c56d0620bb039643fb14451e3ae70,e9931494175e3e5645f934f7f99fdc81a783ad520fb0078cef333cb05cb65fce
leaf_spot_(111).jpg,Rhizome Disease Root00114.JPG,Dataset_01_jtttfbx342,Dataset_02_g46dvrcvwn,NEAR_DUPLICATE_PHASH,Hamming=10,10,Leaf_Spot,Rhizome_Disease_Roots,ebdeb290b0a2792c6666df840eb8a0d5a32c56d0620bb039643fb14451e3ae70,3a652734257559efc017044a527d4be6683a935a05e18c03b9115f80560df8be
leaf_spot_(111).jpg,Rhizome Healthy Root00232.JPG,Dataset_01_jtttfbx342,Dataset_02_g46dvrcvwn,NEAR_DUPLICATE_PHASH,Hamming=10,10,Leaf_Spot,Rhizome_Healthy_Roots,ebdeb290b0a2792c6666df840eb8a0d5a32c56d0620bb039643fb14451e3ae70,bc937e060206b7ac479f3eee51788f6e75bc98567118a529ef1b20784b1f366c
leaf_spot_(112).jpg,Dry Leaf00091.JPG,Dataset_01_jtttfbx342,Dataset_02_g46dvrcvwn,NEAR_DUPLICATE_PHASH,Hamming=10,10,Leaf_Spot,Dry_Leaf,8d8dc0804b93c1781cda3518e95c19fe0299df58899a2b92f60d2e4086f45d65,a2152f2967b974d5700b5ba31c0ccfd831e9d23ec967e85defcc37d73c88f3bb
leaf_spot_(112).jpg,Dry Leaf00179.JPG,Dataset_01_jtttfbx342,Dataset_02_g46dvrcvwn,NEAR_DUPLICATE_PHASH,Hamming=10,10,Leaf_Spot,Dry_Leaf,8d8dc0804b93c1781cda3518e95c19fe0299df58899a2b92f60d2e4086f45d65,200dca98c8c3f3b9d0a8e0c4afbe44b6adeaa8bdbf03385c2c9485f8b0999b0e
leaf_spot_(112).jpg,Dry Leaf00183.JPG,Dataset_01_jtttfbx342,Dataset_02_g46dvrcvwn,NEAR_DUPLICATE_PHASH,Hamming=10,10,Leaf_Spot,Dry_Leaf,8d8dc0804b93c1781cda3518e95c19fe0299df58899a2b92f60d2e4086f45d65,6c977e13b65a6bd5c7bedbf38061458669ae4c4c1095f287f17fa0c76c892336
leaf_spot_(113).jpg,Dry Leaf00010.JPG,Dataset_01_jtttfbx342,Dataset_02_g46dvrcvwn,NEAR_DUPLICATE_PHASH,Hamming=10,10,Leaf_Spot,Dry_Leaf,2f93afaaa3912d225011afd65e03e257b5cb375a334fb8e5bc24906ff59ee783,5b5bb6467d6edf8ee4f941dc057cad4c0753833fec7761b431fb27543026dcc5
leaf_spot_(113).jpg,Leaf Blotch00008.JPG,Dataset_01_jtttfbx342,Dataset_02_g46dvrcvwn,NEAR_DUPLICATE_PHASH,Hamming=10,10,Leaf_Spot,Leaf_Blotch,2f93afaaa3912d225011afd65e03e257b5cb375a334fb8e5bc24906ff59ee783,c8bc1c36431f8bba388e437313476fdb6e489866cef23a0f4993352654de43ea
leaf_spot_(113).jpg,Rhizome Disease Root00104.JPG,Dataset_01_jtttfbx342,Dataset_02_g46dvrcvwn,NEAR_DUPLICATE_PHASH,Hamming=10,10,Leaf_Spot,Rhizome_Disease_Roots,2f93afaaa3912d225011afd65e03e257b5cb375a334fb8e5bc24906ff59ee783,a905597c339e72f33825988e552f738b456b023b15f02a23546a7d5ccccbf7fe
leaf_spot_(113).jpg,Rhizome Disease Root00106.JPG,Dataset_01_jtttfbx342,Dataset_02_g46dvrcvwn,NEAR_DUPLICATE_PHASH,Hamming=10,10,Leaf_Spot,Rhizome_Disease_Roots,2f93afaaa3912d225011afd65e03e257b5cb375a334fb8e5bc24906ff59ee783,609c39bc0b9a56b920bde2aa77eca2b1a4d2b155b15a4ed010ead5dc7e8bcb35
leaf_spot_(113).jpg,Rhizome Disease Root00108.JPG,Dataset_01_jtttfbx342,Dataset_02_g46dvrcvwn,NEAR_DUPLICATE_PHASH,Hamming=7,7,Leaf_Spot,Rhizome_Disease_Roots,2f93afaaa3912d225011afd65e03e257b5cb375a334fb8e5bc24906ff59ee783,fa6b8eb8029c35c84b3dd6988ff45733a0cbc5ba5532d4c88d1db7643118aa4a
leaf_spot_(113).jpg,Rhizome Disease Root00109.JPG,Dataset_01_jtttfbx342,Dataset_02_g46dvrcvwn,NEAR_DUPLICATE_PHASH,Hamming=9,9,Leaf_Spot,Rhizome_Disease_Roots,2f93afaaa3912d225011afd65e03e257b5cb375a334fb8e5bc24906ff59ee783,f0c627b63b768afb39ae808c03bc62bcc065f94fbbbfb48b32fec6d423d28a8d
leaf_spot_(113).jpg,Rhizome Disease Root00114.JPG,Dataset_01_jtttfbx342,Dataset_02_g46dvrcvwn,NEAR_DUPLICATE_PHASH,Hamming=7,7,Leaf_Spot,Rhizome_Disease_Roots,2f93afaaa3912d225011afd65e03e257b5cb375a334fb8e5bc24906ff59ee783,3a652734257559efc017044a527d4be6683a935a05e18c03b9115f80560df8be
leaf_spot_(113).jpg,Rhizome Disease Root00122.JPG,Dataset_01_jtttfbx342,Dataset_02_g46dvrcvwn,NEAR_DUPLICATE_PHASH,Hamming=9,9,Leaf_Spot,Rhizome_Disease_Roots,2f93afaaa3912d225011afd65e03e257b5cb375a334fb8e5bc24906ff59ee783,ee9ac8de7a3d02ea275700cbbd3b3a68a3ec4f5cb8d9bdd44a484d2076307258
leaf_spot_(113).jpg,Rhizome Disease Root00128.JPG,Dataset_01_jtttfbx342,Dataset_02_g46dvrcvwn,NEAR_DUPLICATE_PHASH,Hamming=10,10,Leaf_Spot,Rhizome_Disease_Roots,2f93afaaa3912d225011afd65e03e257b5cb375a334fb8e5bc24906ff59ee783,68d483181a90dbd0b825ad82c4ba563f3403d1e784bf5b19ba34d81299b924e5
leaf_spot_(113).jpg,Rhizome Disease Root00135.JPG,Dataset_01_jtttfbx342,Dataset_02_g46dvrcvwn,NEAR_DUPLICATE_PHASH,Hamming=9,9,Leaf_Spot,Rhizome_Disease_Roots,2f93afaaa3912d225011afd65e03e257b5cb375a334fb8e5bc24906ff59ee783,8e91e44e52bc868ee19f622f2ce3184f57305d6db34af7bc650a337cb30b0fde
leaf_spot_(113).jpg,Rhizome Disease Root00180.JPG,Dataset_01_jtttfbx342,Dataset_02_g46dvrcvwn,NEAR_DUPLICATE_PHASH,Hamming=10,10,Leaf_Spot,Rhizome_Disease_Roots,2f93afaaa3912d225011afd65e03e257b5cb375a334fb8e5bc24906ff59ee783,24396f5ae47cf2c6aabacc2b8f481d2b66240f018f70f63b3b030d6e6d61d58c
leaf_spot_(113).jpg,Rhizome Healthy Root00024.JPG,Dataset_01_jtttfbx342,Dataset_02_g46dvrcvwn,NEAR_DUPLICATE_PHASH,Hamming=9,9,Leaf_Spot,Rhizome_Healthy_Roots,2f93afaaa3912d225011afd65e03e257b5cb375a334fb8e5bc24906ff59ee783,aee3163751aae1c2194e061cc5be15c4ec5e2688c78c5e434db62615e22b0429
leaf_spot_(113).jpg,Rhizome Healthy Root00027.JPG,Dataset_01_jtttfbx342,Dataset_02_g46dvrcvwn,NEAR_DUPLICATE_PHASH,Hamming=9,9,Leaf_Spot,Rhizome_Healthy_Roots,2f93afaaa3912d225011afd65e03e257b5cb375a334fb8e5bc24906ff59ee783,581455dd1795265737fcdb0c98151c8efd0e53c4bbdfed210adc16f86b63a000
leaf_spot_(113).jpg,Rhizome Healthy Root00029.JPG,Dataset_01_jtttfbx342,Dataset_02_g46dvrcvwn,NEAR_DUPLICATE_PHASH,Hamming=8,8,Leaf_Spot,Rhizome_Healthy_Roots,2f93afaaa3912d225011afd65e03e257b5cb375a334fb8e5bc24906ff59ee783,3835df92135db2ba80f4dc67dd51d4ab10db2fd18fa835a53280dd4318d1c91a
leaf_spot_(113).jpg,Rhizome Healthy Root00030.JPG,Dataset_01_jtttfbx342,Dataset_02_g46dvrcvwn,NEAR_DUPLICATE_PHASH,Hamming=8,8,Leaf_Spot,Rhizome_Healthy_Roots,2f93afaaa3912d225011afd65e03e257b5cb375a334fb8e5bc24906ff59ee783,5ce7923d7a7e7b4bd048f205c90e9a9a8d400d2fd8cf48fec15ac85b74cc3468
leaf_spot_(113).jpg,Rhizome Healthy Root00031.JPG,Dataset_01_jtttfbx342,Dataset_02_g46dvrcvwn,NEAR_DUPLICATE_PHASH,Hamming=8,8,Leaf_Spot,Rhizome_Healthy_Roots,2f93afaaa3912d225011afd65e03e257b5cb375a334fb8e5bc24906ff59ee783,be1d95036007d6dc54776a298c8ed737b1c2ae0a0b8d9720d368b6fd64dfef46
leaf_spot_(113).jpg,Rhizome Healthy Root00257.JPG,Dataset_01_jtttfbx342,Dataset_02_g46dvrcvwn,NEAR_DUPLICATE_PHASH,Hamming=10,10,Leaf_Spot,Rhizome_Healthy_Roots,2f93afaaa3912d225011afd65e03e257b5cb375a334fb8e5bc24906ff59ee783,27078ff663c26a35d652cb818332a4af8a42761a7662fd6a5a390f2221ed1f91
leaf_spot_(113).jpg,Rhizome Healthy Root00258.JPG,Dataset_01_jtttfbx342,Dataset_02_g46dvrcvwn,NEAR_DUPLICATE_PHASH,Hamming=9,9,Leaf_Spot,Rhizome_Healthy_Roots,2f93afaaa3912d225011afd65e03e257b5cb375a334fb8e5bc24906ff59ee783,741a6e06ca571fd5eea19c54fbb3ea01caa6353c419ec5110589eb77afea706b
leaf_spot_(113).jpg,Rhizome Healthy Root00298.JPG,Dataset_01_jtttfbx342,Dataset_02_g46dvrcvwn,NEAR_DUPLICATE_PHASH,Hamming=9,9,Leaf_Spot,Rhizome_Healthy_Roots,2f93afaaa3912d225011afd65e03e257b5cb375a334fb8e5bc24906ff59ee783,2783c1890cd370aeaac62205f04cd2f8e6dbd23c5f0a56b5e3406893bed3c47f
leaf_spot_(113).jpg,Rhizome Healthy Root00302.JPG,Dataset_01_jtttfbx342,Dataset_02_g46dvrcvwn,NEAR_DUPLICATE_PHASH,Hamming=8,8,Leaf_Spot,Rhizome_Healthy_Roots,2f93afaaa3912d225011afd65e03e257b5cb375a334fb8e5bc24906ff59ee783,1b056c0bec593d0fb2c3b1ab4b9d24f80ed054d4ea4c181663cd9794f0288604
leaf_spot_(113).jpg,Rhizome Healthy Root00303.JPG,Dataset_01_jtttfbx342,Dataset_02_g46dvrcvwn,NEAR_DUPLICATE_PHASH,Hamming=9,9,Leaf_Spot,Rhizome_Healthy_Roots,2f93afaaa3912d225011afd65e03e257b5cb375a334fb8e5bc24906ff59ee783,67b3e63120ef420e06cb311a4b97a1c1cb953fa026bae3e4e864d26264f1d837
leaf_spot_(114).jpg,Dry Leaf00082.JPG,Dataset_01_jtttfbx342,Dataset_02_g46dvrcvwn,NEAR_DUPLICATE_PHASH,Hamming=8,8,Leaf_Spot,Dry_Leaf,2216abb8711119ec58cbfcb475e24efaa2959bc6a4cace17b175451123c2efc6,0fef36b29f2c7149a46f1781d1a4edbd110d22d5b39a80b27eba7248551a7943
leaf_spot_(114).jpg,Dry Leaf00122.JPG,Dataset_01_jtttfbx342,Dataset_02_g46dvrcvwn,NEAR_DUPLICATE_PHASH,Hamming=10,10,Leaf_Spot,Dry_Leaf,2216abb8711119ec58cbfcb475e24efaa2959bc6a4cace17b175451123c2efc6,f4c98e627b86f34d545dfa70f914b5a3482f9dac29e37e4277a46b7a042753b4
leaf_spot_(114).jpg,Dry Leaf00138.JPG,Dataset_01_jtttfbx342,Dataset_02_g46dvrcvwn,NEAR_DUPLICATE_PHASH,Hamming=10,10,Leaf_Spot,Dry_Leaf,2216abb8711119ec58cbfcb475e24efaa2959bc6a4cace17b175451123c2efc6,48a137a521fcf8c5bf0f80670022143942508551f0f3047e9f590ff294fc2316
leaf_spot_(114).jpg,Dry Leaf00143.JPG,Dataset_01_jtttfbx342,Dataset_02_g46dvrcvwn,NEAR_DUPLICATE_PHASH,Hamming=8,8,Leaf_Spot,Dry_Leaf,2216abb8711119ec58cbfcb475e24efaa2959bc6a4cace17b175451123c2efc6,264aaf55af985e2d563adbfe4338e6d7666deb78327e547e536cc5a3f2933d56
leaf_spot_(115).jpg,Dry Leaf00082.JPG,Dataset_01_jtttfbx342,Dataset_02_g46dvrcvwn,NEAR_DUPLICATE_PHASH,Hamming=7,7,Leaf_Spot,Dry_Leaf,b10a90cb5bba42aea873a440e461c886fa9ec5175df6850c09923ad96dd83424,0fef36b29f2c7149a46f1781d1a4edbd110d22d5b39a80b27eba7248551a7943
leaf_spot_(115).jpg,Dry Leaf00143.JPG,Dataset_01_jtttfbx342,Dataset_02_g46dvrcvwn,NEAR_DUPLICATE_PHASH,Hamming=7,7,Leaf_Spot,Dry_Leaf,b10a90cb5bba42aea873a440e461c886fa9ec5175df6850c09923ad96dd83424,264aaf55af985e2d563adbfe4338e6d7666deb78327e547e536cc5a3f2933d56
leaf_spot_(115).jpg,Rhizome Disease Root00114.JPG,Dataset_01_jtttfbx342,Dataset_02_g46dvrcvwn,NEAR_DUPLICATE_PHASH,Hamming=10,10,Leaf_Spot,Rhizome_Disease_Roots,b10a90cb5bba42aea873a440e461c886fa9ec5175df6850c09923ad96dd83424,3a652734257559efc017044a527d4be6683a935a05e18c03b9115f80560df8be
leaf_spot_(115).jpg,Rhizome Disease Root00177.JPG,Dataset_01_jtttfbx342,Dataset_02_g46dvrcvwn,NEAR_DUPLICATE_PHASH,Hamming=10,10,Leaf_Spot,Rhizome_Disease_Roots,b10a90cb5bba42aea873a440e461c886fa9ec5175df6850c09923ad96dd83424,276b2fbf8fb4aa22e2e4620de638eae23b77e0cdd258724c9381c92bbe0b0c0d
leaf_spot_(117).jpg,Dry Leaf00132.JPG,Dataset_01_jtttfbx342,Dataset_02_g46dvrcvwn,NEAR_DUPLICATE_PHASH,Hamming=10,10,Leaf_Spot,Dry_Leaf,602ade085712920ed8d89b58242a405eec3a33f36bedb72c8999afee6322761c,6ad1984ab2f5869d796580739ddc3fde3e5a24608a21d4b99e04304fa8f4d850
leaf_spot_(117).jpg,Rhizome Disease Root00114.JPG,Dataset_01_jtttfbx342,Dataset_02_g46dvrcvwn,NEAR_DUPLICATE_PHASH,Hamming=10,10,Leaf_Spot,Rhizome_Disease_Roots,602ade085712920ed8d89b58242a405eec3a33f36bedb72c8999afee6322761c,3a652734257559efc017044a527d4be6683a935a05e18c03b9115f80560df8be
leaf_spot_(117).jpg,Rhizome Healthy Root00104.JPG,Dataset_01_jtttfbx342,Dataset_02_g46dvrcvwn,NEAR_DUPLICATE_PHASH,Hamming=10,10,Leaf_Spot,Rhizome_Healthy_Roots,602ade085712920ed8d89b58242a405eec3a33f36bedb72c8999afee6322761c,c6e84c358fef466d5d651d6badc72f487938a8971667c64a8b9cd6ba4e2a15f6
leaf_spot_(118).jpg,Dry Leaf00079.JPG,Dataset_01_jtttfbx342,Dataset_02_g46dvrcvwn,NEAR_DUPLICATE_PHASH,Hamming=10,10,Leaf_Spot,Dry_Leaf,3af18933377bd5b295801062485b40c4d9dca724d50a0f6482066725a0261c72,1f6e087d7212035df77783d7de4752f7700ec05b7df4e4a76f3f7282d7157451
leaf_spot_(118).jpg,Dry Leaf00183.JPG,Dataset_01_jtttfbx342,Dataset_02_g46dvrcvwn,NEAR_DUPLICATE_PHASH,Hamming=9,9,Leaf_Spot,Dry_Leaf,3af18933377bd5b295801062485b40c4d9dca724d50a0f6482066725a0261c72,6c977e13b65a6bd5c7bedbf38061458669ae4c4c1095f287f17fa0c76c892336
leaf_spot_(118).jpg,Rhizome Disease Root00114.JPG,Dataset_01_jtttfbx342,Dataset_02_g46dvrcvwn,NEAR_DUPLICATE_PHASH,Hamming=10,10,Leaf_Spot,Rhizome_Disease_Roots,3af18933377bd5b295801062485b40c4d9dca724d50a0f6482066725a0261c72,3a652734257559efc017044a527d4be6683a935a05e18c03b9115f80560df8be
leaf_spot_(119).jpg,Dry Leaf00082.JPG,Dataset_01_jtttfbx342,Dataset_02_g46dvrcvwn,NEAR_DUPLICATE_PHASH,Hamming=9,9,Leaf_Spot,Dry_Leaf,1e1e9c8ab4a648ff3ce5873b8464f888b74cffb2946d3439b0fe4aad5eb96490,0fef36b29f2c7149a46f1781d1a4edbd110d22d5b39a80b27eba7248551a7943
leaf_spot_(119).jpg,Dry Leaf00122.JPG,Dataset_01_jtttfbx342,Dataset_02_g46dvrcvwn,NEAR_DUPLICATE_PHASH,Hamming=9,9,Leaf_Spot,Dry_Leaf,1e1e9c8ab4a648ff3ce5873b8464f888b74cffb2946d3439b0fe4aad5eb96490,f4c98e627b86f34d545dfa70f914b5a3482f9dac29e37e4277a46b7a042753b4
leaf_spot_(119).jpg,Dry Leaf00138.JPG,Dataset_01_jtttfbx342,Dataset_02_g46dvrcvwn,NEAR_DUPLICATE_PHASH,Hamming=9,9,Leaf_Spot,Dry_Leaf,1e1e9c8ab4a648ff3ce5873b8464f888b74cffb2946d3439b0fe4aad5eb96490,48a137a521fcf8c5bf0f80670022143942508551f0f3047e9f590ff294fc2316
leaf_spot_(119).jpg,Dry Leaf00143.JPG,Dataset_01_jtttfbx342,Dataset_02_g46dvrcvwn,NEAR_DUPLICATE_PHASH,Hamming=9,9,Leaf_Spot,Dry_Leaf,1e1e9c8ab4a648ff3ce5873b8464f888b74cffb2946d3439b0fe4aad5eb96490,264aaf55af985e2d563adbfe4338e6d7666deb78327e547e536cc5a3f2933d56
leaf_spot_(119).jpg,Leaf Blotch00004.JPG,Dataset_01_jtttfbx342,Dataset_02_g46dvrcvwn,NEAR_DUPLICATE_PHASH,Hamming=9,9,Leaf_Spot,Leaf_Blotch,1e1e9c8ab4a648ff3ce5873b8464f888b74cffb2946d3439b0fe4aad5eb96490,a96b36433507af73e39df1d2ad9989e773b79c0d27ae1ebfbf5ecc18de823a07
leaf_spot_(119).jpg,Leaf Blotch00005.JPG,Dataset_01_jtttfbx342,Dataset_02_g46dvrcvwn,NEAR_DUPLICATE_PHASH,Hamming=10,10,Leaf_Spot,Leaf_Blotch,1e1e9c8ab4a648ff3ce5873b8464f888b74cffb2946d3439b0fe4aad5eb96490,b5226d7c1649a14108ea4d4cb07f7891e66ce892f3f25536e7c1e20665c8d718
leaf_spot_(119).jpg,Leaf Blotch00035.JPG,Dataset_01_jtttfbx342,Dataset_02_g46dvrcvwn,NEAR_DUPLICATE_PHASH,Hamming=9,9,Leaf_Spot,Leaf_Blotch,1e1e9c8ab4a648ff3ce5873b8464f888b74cffb2946d3439b0fe4aad5eb96490,4ade127b37d487158e1cad776ff69a1ca5bc17f147d1478d15fd11e0eb94b864
leaf_spot_(119).jpg,Rhizome Disease Root00114.JPG,Dataset_01_jtttfbx342,Dataset_02_g46dvrcvwn,NEAR_DUPLICATE_PHASH,Hamming=10,10,Leaf_Spot,Rhizome_Disease_Roots,1e1e9c8ab4a648ff3ce5873b8464f888b74cffb2946d3439b0fe4aad5eb96490,3a652734257559efc017044a527d4be6683a935a05e18c03b9115f80560df8be
leaf_spot_(119).jpg,Rhizome Healthy Root00105.JPG,Dataset_01_jtttfbx342,Dataset_02_g46dvrcvwn,NEAR_DUPLICATE_PHASH,Hamming=10,10,Leaf_Spot,Rhizome_Healthy_Roots,1e1e9c8ab4a648ff3ce5873b8464f888b74cffb2946d3439b0fe4aad5eb96490,a2fcddb1e0a5ba244dbb5b164d340f19134e3e15c383d7fff18cf654f226249f
leaf_spot_(119).jpg,Rhizome Healthy Root00106.JPG,Dataset_01_jtttfbx342,Dataset_02_g46dvrcvwn,NEAR_DUPLICATE_PHASH,Hamming=9,9,Leaf_Spot,Rhizome_Healthy_Roots,1e1e9c8ab4a648ff3ce5873b8464f888b74cffb2946d3439b0fe4aad5eb96490,792099df3f2fb91a62d25fc739635a820e6c5be3fb678f74f5b5b0d40f2c3209
leaf_spot_(119).jpg,Rhizome Healthy Root00231.JPG,Dataset_01_jtttfbx342,Dataset_02_g46dvrcvwn,NEAR_DUPLICATE_PHASH,Hamming=10,10,Leaf_Spot,Rhizome_Healthy_Roots,1e1e9c8ab4a648ff3ce5873b8464f888b74cffb2946d3439b0fe4aad5eb96490,173ddd1534a3df82138aa24559c71b43a224602176f4c5d40d6408993c002413
leaf_spot_(119).jpg,Rhizome Healthy Root00232.JPG,Dataset_01_jtttfbx342,Dataset_02_g46dvrcvwn,NEAR_DUPLICATE_PHASH,Hamming=8,8,Leaf_Spot,Rhizome_Healthy_Roots,1e1e9c8ab4a648ff3ce5873b8464f888b74cffb2946d3439b0fe4aad5eb96490,bc937e060206b7ac479f3eee51788f6e75bc98567118a529ef1b20784b1f366c
leaf_spot_(120).jpg,Dry Leaf00082.JPG,Dataset_01_jtttfbx342,Dataset_02_g46dvrcvwn,NEAR_DUPLICATE_PHASH,Hamming=10,10,Leaf_Spot,Dry_Leaf,8b4b291218193b406be9cf527f81f8e9396680ce1bc3f6173cd0c2b234797f6e,0fef36b29f2c7149a46f1781d1a4edbd110d22d5b39a80b27eba7248551a7943
leaf_spot_(120).jpg,Dry Leaf00122.JPG,Dataset_01_jtttfbx342,Dataset_02_g46dvrcvwn,NEAR_DUPLICATE_PHASH,Hamming=8,8,Leaf_Spot,Dry_Leaf,8b4b291218193b406be9cf527f81f8e9396680ce1bc3f6173cd0c2b234797f6e,f4c98e627b86f34d545dfa70f914b5a3482f9dac29e37e4277a46b7a042753b4
leaf_spot_(120).jpg,Dry Leaf00125.JPG,Dataset_01_jtttfbx342,Dataset_02_g46dvrcvwn,NEAR_DUPLICATE_PHASH,Hamming=10,10,Leaf_Spot,Dry_Leaf,8b4b291218193b406be9cf527f81f8e9396680ce1bc3f6173cd0c2b234797f6e,5c43bc40097e33f953dc60c8403fe6557edd058eb1d4e9ddef862ddcfffe68bf
leaf_spot_(120).jpg,Rhizome Disease Root00108.JPG,Dataset_01_jtttfbx342,Dataset_02_g46dvrcvwn,NEAR_DUPLICATE_PHASH,Hamming=9,9,Leaf_Spot,Rhizome_Disease_Roots,8b4b291218193b406be9cf527f81f8e9396680ce1bc3f6173cd0c2b234797f6e,fa6b8eb8029c35c84b3dd6988ff45733a0cbc5ba5532d4c88d1db7643118aa4a
leaf_spot_(120).jpg,Rhizome Disease Root00114.JPG,Dataset_01_jtttfbx342,Dataset_02_g46dvrcvwn,NEAR_DUPLICATE_PHASH,Hamming=9,9,Leaf_Spot,Rhizome_Disease_Roots,8b4b291218193b406be9cf527f81f8e9396680ce1bc3f6173cd0c2b234797f6e,3a652734257559efc017044a527d4be6683a935a05e18c03b9115f80560df8be
leaf_spot_(120).jpg,Rhizome Disease Root00122.JPG,Dataset_01_jtttfbx342,Dataset_02_g46dvrcvwn,NEAR_DUPLICATE_PHASH,Hamming=9,9,Leaf_Spot,Rhizome_Disease_Roots,8b4b291218193b406be9cf527f81f8e9396680ce1bc3f6173cd0c2b234797f6e,ee9ac8de7a3d02ea275700cbbd3b3a68a3ec4f5cb8d9bdd44a484d2076307258
leaf_spot_(120).jpg,Rhizome Healthy Root00029.JPG,Dataset_01_jtttfbx342,Dataset_02_g46dvrcvwn,NEAR_DUPLICATE_PHASH,Hamming=10,10,Leaf_Spot,Rhizome_Healthy_Roots,8b4b291218193b406be9cf527f81f8e9396680ce1bc3f6173cd0c2b234797f6e,3835df92135db2ba80f4dc67dd51d4ab10db2fd18fa835a53280dd4318d1c91a
leaf_spot_(120).jpg,Rhizome Healthy Root00030.JPG,Dataset_01_jtttfbx342,Dataset_02_g46dvrcvwn,NEAR_DUPLICATE_PHASH,Hamming=10,10,Leaf_Spot,Rhizome_Healthy_Roots,8b4b291218193b406be9cf527f81f8e9396680ce1bc3f6173cd0c2b234797f6e,5ce7923d7a7e7b4bd048f205c90e9a9a8d400d2fd8cf48fec15ac85b74cc3468
leaf_spot_(120).jpg,Rhizome Healthy Root00031.JPG,Dataset_01_jtttfbx342,Dataset_02_g46dvrcvwn,NEAR_DUPLICATE_PHASH,Hamming=10,10,Leaf_Spot,Rhizome_Healthy_Roots,8b4b291218193b406be9cf527f81f8e9396680ce1bc3f6173cd0c2b234797f6e,be1d95036007d6dc54776a298c8ed737b1c2ae0a0b8d9720d368b6fd64dfef46
leaf_spot_(120).jpg,Rhizome Healthy Root00105.JPG,Dataset_01_jtttfbx342,Dataset_02_g46dvrcvwn,NEAR_DUPLICATE_PHASH,Hamming=9,9,Leaf_Spot,Rhizome_Healthy_Roots,8b4b291218193b406be9cf527f81f8e9396680ce1bc3f6173cd0c2b234797f6e,a2fcddb1e0a5ba244dbb5b164d340f19134e3e15c383d7fff18cf654f226249f
leaf_spot_(120).jpg,Rhizome Healthy Root00106.JPG,Dataset_01_jtttfbx342,Dataset_02_g46dvrcvwn,NEAR_DUPLICATE_PHASH,Hamming=8,8,Leaf_Spot,Rhizome_Healthy_Roots,8b4b291218193b406be9cf527f81f8e9396680ce1bc3f6173cd0c2b234797f6e,792099df3f2fb91a62d25fc739635a820e6c5be3fb678f74f5b5b0d40f2c3209
leaf_spot_(120).jpg,Rhizome Healthy Root00259.JPG,Dataset_01_jtttfbx342,Dataset_02_g46dvrcvwn,NEAR_DUPLICATE_PHASH,Hamming=9,9,Leaf_Spot,Rhizome_Healthy_Roots,8b4b291218193b406be9cf527f81f8e9396680ce1bc3f6173cd0c2b234797f6e,45c743c461da026078195557e59118c3798f11d2f7e4b651d75108b4a006ce6d
leaf_spot_(120).jpg,Rhizome Healthy Root00284.JPG,Dataset_01_jtttfbx342,Dataset_02_g46dvrcvwn,NEAR_DUPLICATE_PHASH,Hamming=10,10,Leaf_Spot,Rhizome_Healthy_Roots,8b4b291218193b406be9cf527f81f8e9396680ce1bc3f6173cd0c2b234797f6e,40db1adf644ebe22e587949ae68d043ac837a1b34e6d6e959403dc9efcaaff29
leaf_spot_(120).jpg,Rhizome Healthy Root00285.JPG,Dataset_01_jtttfbx342,Dataset_02_g46dvrcvwn,NEAR_DUPLICATE_PHASH,Hamming=10,10,Leaf_Spot,Rhizome_Healthy_Roots,8b4b291218193b406be9cf527f81f8e9396680ce1bc3f6173cd0c2b234797f6e,83c686ec2538f88fd9a540b44d83db5abea6a7af5d321dc21ddfc5ab2e9cb016
leaf_spot_(120).jpg,Rhizome Healthy Root00286.JPG,Dataset_01_jtttfbx342,Dataset_02_g46dvrcvwn,NEAR_DUPLICATE_PHASH,Hamming=9,9,Leaf_Spot,Rhizome_Healthy_Roots,8b4b291218193b406be9cf527f81f8e9396680ce1bc3f6173cd0c2b234797f6e,2a97b39eba2cd7fd67b6ebfeb8d559268366bd541fb27393efd1159d80f5b656
leaf_spot_(120).jpg,Rhizome Healthy Root00287.JPG,Dataset_01_jtttfbx342,Dataset_02_g46dvrcvwn,NEAR_DUPLICATE_PHASH,Hamming=9,9,Leaf_Spot,Rhizome_Healthy_Roots,8b4b291218193b406be9cf527f81f8e9396680ce1bc3f6173cd0c2b234797f6e,9092ce7d30b63255c3ef56124692bb99edadfc18997068852808e3f92272d06a
leaf_spot_(120).jpg,Rhizome Healthy Root00288.JPG,Dataset_01_jtttfbx342,Dataset_02_g46dvrcvwn,NEAR_DUPLICATE_PHASH,Hamming=9,9,Leaf_Spot,Rhizome_Healthy_Roots,8b4b291218193b406be9cf527f81f8e9396680ce1bc3f6173cd0c2b234797f6e,ec99b8839934fcab11b5f21615d333c9a18470d43c8c3faa318ba78046688f4c
leaf_spot_(120).jpg,Rhizome Healthy Root00289.JPG,Dataset_01_jtttfbx342,Dataset_02_g46dvrcvwn,NEAR_DUPLICATE_PHASH,Hamming=9,9,Leaf_Spot,Rhizome_Healthy_Roots,8b4b291218193b406be9cf527f81f8e9396680ce1bc3f6173cd0c2b234797f6e,03e7edbda1927228f0ff7011ff44e3d3a9b78937dac23f0a7e1a86cf22b4fb6c
leaf_spot_(120).jpg,Rhizome Healthy Root00292.JPG,Dataset_01_jtttfbx342,Dataset_02_g46dvrcvwn,NEAR_DUPLICATE_PHASH,Hamming=10,10,Leaf_Spot,Rhizome_Healthy_Roots,8b4b291218193b406be9cf527f81f8e9396680ce1bc3f6173cd0c2b234797f6e,0fcf7b1826e15adbff0cc25cb6b499e297fc3cfcf6d0ea3c400f0ba34ca9f4c5
leaf_spot_(120).jpg,Rhizome Healthy Root00298.JPG,Dataset_01_jtttfbx342,Dataset_02_g46dvrcvwn,NEAR_DUPLICATE_PHASH,Hamming=9,9,Leaf_Spot,Rhizome_Healthy_Roots,8b4b291218193b406be9cf527f81f8e9396680ce1bc3f6173cd0c2b234797f6e,2783c1890cd370aeaac62205f04cd2f8e6dbd23c5f0a56b5e3406893bed3c47f
leaf_spot_(120).jpg,Rhizome Healthy Root00302.JPG,Dataset_01_jtttfbx342,Dataset_02_g46dvrcvwn,NEAR_DUPLICATE_PHASH,Hamming=8,8,Leaf_Spot,Rhizome_Healthy_Roots,8b4b291218193b406be9cf527f81f8e9396680ce1bc3f6173cd0c2b234797f6e,1b056c0bec593d0fb2c3b1ab4b9d24f80ed054d4ea4c181663cd9794f0288604
leaf_spot_(120).jpg,Rhizome Healthy Root00303.JPG,Dataset_01_jtttfbx342,Dataset_02_g46dvrcvwn,NEAR_DUPLICATE_PHASH,Hamming=9,9,Leaf_Spot,Rhizome_Healthy_Roots,8b4b291218193b406be9cf527f81f8e9396680ce1bc3f6173cd0c2b234797f6e,67b3e63120ef420e06cb311a4b97a1c1cb953fa026bae3e4e864d26264f1d837
leaf_spot_(120).jpg,Rhizome Healthy Root00304.JPG,Dataset_01_jtttfbx342,Dataset_02_g46dvrcvwn,NEAR_DUPLICATE_PHASH,Hamming=9,9,Leaf_Spot,Rhizome_Healthy_Roots,8b4b291218193b406be9cf527f81f8e9396680ce1bc3f6173cd0c2b234797f6e,ab003fdf91d56ef672021bfff6e5ba5826da3116107f32ce59b5bf824d3f429b
leaf_spot_(120).jpg,Rhizome Healthy Root00305.JPG,Dataset_01_jtttfbx342,Dataset_02_g46dvrcvwn,NEAR_DUPLICATE_PHASH,Hamming=9,9,Leaf_Spot,Rhizome_Healthy_Roots,8b4b291218193b406be9cf527f81f8e9396680ce1bc3f6173cd0c2b234797f6e,4501e35276bb38c65ba6f9a92d96cb21139b5a1fc57daae16d95539807dd9bd1
leaf_spot_(121).jpg,Dry Leaf00082.JPG,Dataset_01_jtttfbx342,Dataset_02_g46dvrcvwn,NEAR_DUPLICATE_PHASH,Hamming=8,8,Leaf_Spot,Dry_Leaf,376a0b9040f5bd30bbe294aa400198dae4dee26a7c7ab02213ac2ae6695a9705,0fef36b29f2c7149a46f1781d1a4edbd110d22d5b39a80b27eba7248551a7943
leaf_spot_(121).jpg,Dry Leaf00122.JPG,Dataset_01_jtttfbx342,Dataset_02_g46dvrcvwn,NEAR_DUPLICATE_PHASH,Hamming=8,8,Leaf_Spot,Dry_Leaf,376a0b9040f5bd30bbe294aa400198dae4dee26a7c7ab02213ac2ae6695a9705,f4c98e627b86f34d545dfa70f914b5a3482f9dac29e37e4277a46b7a042753b4
leaf_spot_(121).jpg,Dry Leaf00143.JPG,Dataset_01_jtttfbx342,Dataset_02_g46dvrcvwn,NEAR_DUPLICATE_PHASH,Hamming=10,10,Leaf_Spot,Dry_Leaf,376a0b9040f5bd30bbe294aa400198dae4dee26a7c7ab02213ac2ae6695a9705,264aaf55af985e2d563adbfe4338e6d7666deb78327e547e536cc5a3f2933d56
leaf_spot_(121).jpg,Leaf Blotch00011.JPG,Dataset_01_jtttfbx342,Dataset_02_g46dvrcvwn,NEAR_DUPLICATE_PHASH,Hamming=10,10,Leaf_Spot,Leaf_Blotch,376a0b9040f5bd30bbe294aa400198dae4dee26a7c7ab02213ac2ae6695a9705,eb7a12979ed145ac65973d93bb68efb106fa425b3fffce4aaac857552e900cb6
leaf_spot_(121).jpg,Rhizome Disease Root00108.JPG,Dataset_01_jtttfbx342,Dataset_02_g46dvrcvwn,NEAR_DUPLICATE_PHASH,Hamming=9,9,Leaf_Spot,Rhizome_Disease_Roots,376a0b9040f5bd30bbe294aa400198dae4dee26a7c7ab02213ac2ae6695a9705,fa6b8eb8029c35c84b3dd6988ff45733a0cbc5ba5532d4c88d1db7643118aa4a
leaf_spot_(121).jpg,Rhizome Disease Root00109.JPG,Dataset_01_jtttfbx342,Dataset_02_g46dvrcvwn,NEAR_DUPLICATE_PHASH,Hamming=9,9,Leaf_Spot,Rhizome_Disease_Roots,376a0b9040f5bd30bbe294aa400198dae4dee26a7c7ab02213ac2ae6695a9705,f0c627b63b768afb39ae808c03bc62bcc065f94fbbbfb48b32fec6d423d28a8d
leaf_spot_(121).jpg,Rhizome Disease Root00114.JPG,Dataset_01_jtttfbx342,Dataset_02_g46dvrcvwn,NEAR_DUPLICATE_PHASH,Hamming=7,7,Leaf_Spot,Rhizome_Disease_Roots,376a0b9040f5bd30bbe294aa400198dae4dee26a7c7ab02213ac2ae6695a9705,3a652734257559efc017044a527d4be6683a935a05e18c03b9115f80560df8be
leaf_spot_(121).jpg,Rhizome Disease Root00122.JPG,Dataset_01_jtttfbx342,Dataset_02_g46dvrcvwn,NEAR_DUPLICATE_PHASH,Hamming=9,9,Leaf_Spot,Rhizome_Disease_Roots,376a0b9040f5bd30bbe294aa400198dae4dee26a7c7ab02213ac2ae6695a9705,ee9ac8de7a3d02ea275700cbbd3b3a68a3ec4f5cb8d9bdd44a484d2076307258
leaf_spot_(121).jpg,Rhizome Disease Root00177.JPG,Dataset_01_jtttfbx342,Dataset_02_g46dvrcvwn,NEAR_DUPLICATE_PHASH,Hamming=9,9,Leaf_Spot,Rhizome_Disease_Roots,376a0b9040f5bd30bbe294aa400198dae4dee26a7c7ab02213ac2ae6695a9705,276b2fbf8fb4aa22e2e4620de638eae23b77e0cdd258724c9381c92bbe0b0c0d
leaf_spot_(121).jpg,Rhizome Healthy Root00024.JPG,Dataset_01_jtttfbx342,Dataset_02_g46dvrcvwn,NEAR_DUPLICATE_PHASH,Hamming=9,9,Leaf_Spot,Rhizome_Healthy_Roots,376a0b9040f5bd30bbe294aa400198dae4dee26a7c7ab02213ac2ae6695a9705,aee3163751aae1c2194e061cc5be15c4ec5e2688c78c5e434db62615e22b0429
leaf_spot_(121).jpg,Rhizome Healthy Root00027.JPG,Dataset_01_jtttfbx342,Dataset_02_g46dvrcvwn,NEAR_DUPLICATE_PHASH,Hamming=9,9,Leaf_Spot,Rhizome_Healthy_Roots,376a0b9040f5bd30bbe294aa400198dae4dee26a7c7ab02213ac2ae6695a9705,581455dd1795265737fcdb0c98151c8efd0e53c4bbdfed210adc16f86b63a000
leaf_spot_(121).jpg,Rhizome Healthy Root00029.JPG,Dataset_01_jtttfbx342,Dataset_02_g46dvrcvwn,NEAR_DUPLICATE_PHASH,Hamming=8,8,Leaf_Spot,Rhizome_Healthy_Roots,376a0b9040f5bd30bbe294aa400198dae4dee26a7c7ab02213ac2ae6695a9705,3835df92135db2ba80f4dc67dd51d4ab10db2fd18fa835a53280dd4318d1c91a
leaf_spot_(121).jpg,Rhizome Healthy Root00030.JPG,Dataset_01_jtttfbx342,Dataset_02_g46dvrcvwn,NEAR_DUPLICATE_PHASH,Hamming=8,8,Leaf_Spot,Rhizome_Healthy_Roots,376a0b9040f5bd30bbe294aa400198dae4dee26a7c7ab02213ac2ae6695a9705,5ce7923d7a7e7b4bd048f205c90e9a9a8d400d2fd8cf48fec15ac85b74cc3468
leaf_spot_(121).jpg,Rhizome Healthy Root00031.JPG,Dataset_01_jtttfbx342,Dataset_02_g46dvrcvwn,NEAR_DUPLICATE_PHASH,Hamming=8,8,Leaf_Spot,Rhizome_Healthy_Roots,376a0b9040f5bd30bbe294aa400198dae4dee26a7c7ab02213ac2ae6695a9705,be1d95036007d6dc54776a298c8ed737b1c2ae0a0b8d9720d368b6fd64dfef46
leaf_spot_(121).jpg,Rhizome Healthy Root00106.JPG,Dataset_01_jtttfbx342,Dataset_02_g46dvrcvwn,NEAR_DUPLICATE_PHASH,Hamming=10,10,Leaf_Spot,Rhizome_Healthy_Roots,376a0b9040f5bd30bbe294aa400198dae4dee26a7c7ab02213ac2ae6695a9705,792099df3f2fb91a62d25fc739635a820e6c5be3fb678f74f5b5b0d40f2c3209
leaf_spot_(121).jpg,Rhizome Healthy Root00257.JPG,Dataset_01_jtttfbx342,Dataset_02_g46dvrcvwn,NEAR_DUPLICATE_PHASH,Hamming=10,10,Leaf_Spot,Rhizome_Healthy_Roots,376a0b9040f5bd30bbe294aa400198dae4dee26a7c7ab02213ac2ae6695a9705,27078ff663c26a35d652cb818332a4af8a42761a7662fd6a5a390f2221ed1f91
leaf_spot_(121).jpg,Rhizome Healthy Root00258.JPG,Dataset_01_jtttfbx342,Dataset_02_g46dvrcvwn,NEAR_DUPLICATE_PHASH,Hamming=9,9,Leaf_Spot,Rhizome_Healthy_Roots,376a0b9040f5bd30bbe294aa400198dae4dee26a7c7ab02213ac2ae6695a9705,741a6e06ca571fd5eea19c54fbb3ea01caa6353c419ec5110589eb77afea706b
leaf_spot_(121).jpg,Rhizome Healthy Root00284.JPG,Dataset_01_jtttfbx342,Dataset_02_g46dvrcvwn,NEAR_DUPLICATE_PHASH,Hamming=10,10,Leaf_Spot,Rhizome_Healthy_Roots,376a0b9040f5bd30bbe294aa400198dae4dee26a7c7ab02213ac2ae6695a9705,40db1adf644ebe22e587949ae68d043ac837a1b34e6d6e959403dc9efcaaff29
leaf_spot_(121).jpg,Rhizome Healthy Root00285.JPG,Dataset_01_jtttfbx342,Dataset_02_g46dvrcvwn,NEAR_DUPLICATE_PHASH,Hamming=10,10,Leaf_Spot,Rhizome_Healthy_Roots,376a0b9040f5bd30bbe294aa400198dae4dee26a7c7ab02213ac2ae6695a9705,83c686ec2538f88fd9a540b44d83db5abea6a7af5d321dc21ddfc5ab2e9cb016
leaf_spot_(121).jpg,Rhizome Healthy Root00286.JPG,Dataset_01_jtttfbx342,Dataset_02_g46dvrcvwn,NEAR_DUPLICATE_PHASH,Hamming=9,9,Leaf_Spot,Rhizome_Healthy_Roots,376a0b9040f5bd30bbe294aa400198dae4dee26a7c7ab02213ac2ae6695a9705,2a97b39eba2cd7fd67b6ebfeb8d559268366bd541fb27393efd1159d80f5b656
leaf_spot_(121).jpg,Rhizome Healthy Root00287.JPG,Dataset_01_jtttfbx342,Dataset_02_g46dvrcvwn,NEAR_DUPLICATE_PHASH,Hamming=9,9,Leaf_Spot,Rhizome_Healthy_Roots,376a0b9040f5bd30bbe294aa400198dae4dee26a7c7ab02213ac2ae6695a9705,9092ce7d30b63255c3ef56124692bb99edadfc18997068852808e3f92272d06a
leaf_spot_(121).jpg,Rhizome Healthy Root00288.JPG,Dataset_01_jtttfbx342,Dataset_02_g46dvrcvwn,NEAR_DUPLICATE_PHASH,Hamming=9,9,Leaf_Spot,Rhizome_Healthy_Roots,376a0b9040f5bd30bbe294aa400198dae4dee26a7c7ab02213ac2ae6695a9705,ec99b8839934fcab11b5f21615d333c9a18470d43c8c3faa318ba78046688f4c
leaf_spot_(121).jpg,Rhizome Healthy Root00298.JPG,Dataset_01_jtttfbx342,Dataset_02_g46dvrcvwn,NEAR_DUPLICATE_PHASH,Hamming=9,9,Leaf_Spot,Rhizome_Healthy_Roots,376a0b9040f5bd30bbe294aa400198dae4dee26a7c7ab02213ac2ae6695a9705,2783c1890cd370aeaac62205f04cd2f8e6dbd23c5f0a56b5e3406893bed3c47f
leaf_spot_(121).jpg,Rhizome Healthy Root00302.JPG,Dataset_01_jtttfbx342,Dataset_02_g46dvrcvwn,NEAR_DUPLICATE_PHASH,Hamming=8,8,Leaf_Spot,Rhizome_Healthy_Roots,376a0b9040f5bd30bbe294aa400198dae4dee26a7c7ab02213ac2ae6695a9705,1b056c0bec593d0fb2c3b1ab4b9d24f80ed054d4ea4c181663cd9794f0288604
leaf_spot_(121).jpg,Rhizome Healthy Root00303.JPG,Dataset_01_jtttfbx342,Dataset_02_g46dvrcvwn,NEAR_DUPLICATE_PHASH,Hamming=9,9,Leaf_Spot,Rhizome_Healthy_Roots,376a0b9040f5bd30bbe294aa400198dae4dee26a7c7ab02213ac2ae6695a9705,67b3e63120ef420e06cb311a4b97a1c1cb953fa026bae3e4e864d26264f1d837
leaf_spot_(122).jpg,Dry Leaf00011.JPG,Dataset_01_jtttfbx342,Dataset_02_g46dvrcvwn,NEAR_DUPLICATE_PHASH,Hamming=10,10,Leaf_Spot,Dry_Leaf,db38d460eb5f9bc0a0c6c81cfb1a5ef7ea3d278c5dcdd9eff749f093c992a0bd,0b01ed2c687b7c3e7a83b4a7aebae54a1b47705714dee6fc9f2cc383d3474a4e
leaf_spot_(122).jpg,Dry Leaf00082.JPG,Dataset_01_jtttfbx342,Dataset_02_g46dvrcvwn,NEAR_DUPLICATE_PHASH,Hamming=9,9,Leaf_Spot,Dry_Leaf,db38d460eb5f9bc0a0c6c81cfb1a5ef7ea3d278c5dcdd9eff749f093c992a0bd,0fef36b29f2c7149a46f1781d1a4edbd110d22d5b39a80b27eba7248551a7943
leaf_spot_(122).jpg,Dry Leaf00122.JPG,Dataset_01_jtttfbx342,Dataset_02_g46dvrcvwn,NEAR_DUPLICATE_PHASH,Hamming=9,9,Leaf_Spot,Dry_Leaf,db38d460eb5f9bc0a0c6c81cfb1a5ef7ea3d278c5dcdd9eff749f093c992a0bd,f4c98e627b86f34d545dfa70f914b5a3482f9dac29e37e4277a46b7a042753b4
leaf_spot_(122).jpg,Dry Leaf00143.JPG,Dataset_01_jtttfbx342,Dataset_02_g46dvrcvwn,NEAR_DUPLICATE_PHASH,Hamming=9,9,Leaf_Spot,Dry_Leaf,db38d460eb5f9bc0a0c6c81cfb1a5ef7ea3d278c5dcdd9eff749f093c992a0bd,264aaf55af985e2d563adbfe4338e6d7666deb78327e547e536cc5a3f2933d56
leaf_spot_(122).jpg,Rhizome Disease Root00114.JPG,Dataset_01_jtttfbx342,Dataset_02_g46dvrcvwn,NEAR_DUPLICATE_PHASH,Hamming=10,10,Leaf_Spot,Rhizome_Disease_Roots,db38d460eb5f9bc0a0c6c81cfb1a5ef7ea3d278c5dcdd9eff749f093c992a0bd,3a652734257559efc017044a527d4be6683a935a05e18c03b9115f80560df8be
leaf_spot_(123).jpg,Dry Leaf00021.JPG,Dataset_01_jtttfbx342,Dataset_02_g46dvrcvwn,NEAR_DUPLICATE_PHASH,Hamming=9,9,Leaf_Spot,Dry_Leaf,7b5f10ab5c2e9044341bbd0e529aef9b6aeee088c5cffc5100d05246b336c94c,80b07af320ce31e8a146fc8c36d40920359a994dbb7ce32c5c787d0e269bb363
leaf_spot_(123).jpg,Dry Leaf00189.JPG,Dataset_01_jtttfbx342,Dataset_02_g46dvrcvwn,NEAR_DUPLICATE_PHASH,Hamming=10,10,Leaf_Spot,Dry_Leaf,7b5f10ab5c2e9044341bbd0e529aef9b6aeee088c5cffc5100d05246b336c94c,e9931494175e3e5645f934f7f99fdc81a783ad520fb0078cef333cb05cb65fce
leaf_spot_(123).jpg,Leaf Blotch00005.JPG,Dataset_01_jtttfbx342,Dataset_02_g46dvrcvwn,NEAR_DUPLICATE_PHASH,Hamming=10,10,Leaf_Spot,Leaf_Blotch,7b5f10ab5c2e9044341bbd0e529aef9b6aeee088c5cffc5100d05246b336c94c,b5226d7c1649a14108ea4d4cb07f7891e66ce892f3f25536e7c1e20665c8d718
leaf_spot_(123).jpg,Rhizome Disease Root00004.JPG,Dataset_01_jtttfbx342,Dataset_02_g46dvrcvwn,NEAR_DUPLICATE_PHASH,Hamming=10,10,Leaf_Spot,Rhizome_Disease_Roots,7b5f10ab5c2e9044341bbd0e529aef9b6aeee088c5cffc5100d05246b336c94c,6f6e64319c0d1bab197b171a1f9a7efdec00a918a246926057b9e33d25fb5eee
leaf_spot_(123).jpg,Rhizome Disease Root00031.JPG,Dataset_01_jtttfbx342,Dataset_02_g46dvrcvwn,NEAR_DUPLICATE_PHASH,Hamming=10,10,Leaf_Spot,Rhizome_Disease_Roots,7b5f10ab5c2e9044341bbd0e529aef9b6aeee088c5cffc5100d05246b336c94c,dedf2d9306dfb93c43063f67c4400508fe0bb5a6138b865bc0149e9e0602865b
leaf_spot_(123).jpg,Rhizome Disease Root00108.JPG,Dataset_01_jtttfbx342,Dataset_02_g46dvrcvwn,NEAR_DUPLICATE_PHASH,Hamming=10,10,Leaf_Spot,Rhizome_Disease_Roots,7b5f10ab5c2e9044341bbd0e529aef9b6aeee088c5cffc5100d05246b336c94c,fa6b8eb8029c35c84b3dd6988ff45733a0cbc5ba5532d4c88d1db7643118aa4a
leaf_spot_(123).jpg,Rhizome Disease Root00109.JPG,Dataset_01_jtttfbx342,Dataset_02_g46dvrcvwn,NEAR_DUPLICATE_PHASH,Hamming=10,10,Leaf_Spot,Rhizome_Disease_Roots,7b5f10ab5c2e9044341bbd0e529aef9b6aeee088c5cffc5100d05246b336c94c,f0c627b63b768afb39ae808c03bc62bcc065f94fbbbfb48b32fec6d423d28a8d
leaf_spot_(123).jpg,Rhizome Disease Root00114.JPG,Dataset_01_jtttfbx342,Dataset_02_g46dvrcvwn,NEAR_DUPLICATE_PHASH,Hamming=6,6,Leaf_Spot,Rhizome_Disease_Roots,7b5f10ab5c2e9044341bbd0e529aef9b6aeee088c5cffc5100d05246b336c94c,3a652734257559efc017044a527d4be6683a935a05e18c03b9115f80560df8be
leaf_spot_(123).jpg,Rhizome Disease Root00119.JPG,Dataset_01_jtttfbx342,Dataset_02_g46dvrcvwn,NEAR_DUPLICATE_PHASH,Hamming=10,10,Leaf_Spot,Rhizome_Disease_Roots,7b5f10ab5c2e9044341bbd0e529aef9b6aeee088c5cffc5100d05246b336c94c,3860ca121dc7be8a9b92246d9524d17e1638a64bf917d306d2677a941a170454
leaf_spot_(123).jpg,Rhizome Disease Root00174.JPG,Dataset_01_jtttfbx342,Dataset_02_g46dvrcvwn,NEAR_DUPLICATE_PHASH,Hamming=10,10,Leaf_Spot,Rhizome_Disease_Roots,7b5f10ab5c2e9044341bbd0e529aef9b6aeee088c5cffc5100d05246b336c94c,ecfb7eb332f9325f118c4febd130514cf65ed231d12141528bdc38f53c4e84e0
leaf_spot_(123).jpg,Rhizome Disease Root00176.JPG,Dataset_01_jtttfbx342,Dataset_02_g46dvrcvwn,NEAR_DUPLICATE_PHASH,Hamming=8,8,Leaf_Spot,Rhizome_Disease_Roots,7b5f10ab5c2e9044341bbd0e529aef9b6aeee088c5cffc5100d05246b336c94c,4f668ea4799377a46be43218163c55f7774abdc0b33fc941041410a16945444d
leaf_spot_(123).jpg,Rhizome Healthy Root00024.JPG,Dataset_01_jtttfbx342,Dataset_02_g46dvrcvwn,NEAR_DUPLICATE_PHASH,Hamming=10,10,Leaf_Spot,Rhizome_Healthy_Roots,7b5f10ab5c2e9044341bbd0e529aef9b6aeee088c5cffc5100d05246b336c94c,aee3163751aae1c2194e061cc5be15c4ec5e2688c78c5e434db62615e22b0429
leaf_spot_(123).jpg,Rhizome Healthy Root00027.JPG,Dataset_01_jtttfbx342,Dataset_02_g46dvrcvwn,NEAR_DUPLICATE_PHASH,Hamming=10,10,Leaf_Spot,Rhizome_Healthy_Roots,7b5f10ab5c2e9044341bbd0e529aef9b6aeee088c5cffc5100d05246b336c94c,581455dd1795265737fcdb0c98151c8efd0e53c4bbdfed210adc16f86b63a000
leaf_spot_(123).jpg,Rhizome Healthy Root00029.JPG,Dataset_01_jtttfbx342,Dataset_02_g46dvrcvwn,NEAR_DUPLICATE_PHASH,Hamming=9,9,Leaf_Spot,Rhizome_Healthy_Roots,7b5f10ab5c2e9044341bbd0e529aef9b6aeee088c5cffc5100d05246b336c94c,3835df92135db2ba80f4dc67dd51d4ab10db2fd18fa835a53280dd4318d1c91a
leaf_spot_(123).jpg,Rhizome Healthy Root00030.JPG,Dataset_01_jtttfbx342,Dataset_02_g46dvrcvwn,NEAR_DUPLICATE_PHASH,Hamming=9,9,Leaf_Spot,Rhizome_Healthy_Roots,7b5f10ab5c2e9044341bbd0e529aef9b6aeee088c5cffc5100d05246b336c94c,5ce7923d7a7e7b4bd048f205c90e9a9a8d400d2fd8cf48fec15ac85b74cc3468
leaf_spot_(123).jpg,Rhizome Healthy Root00031.JPG,Dataset_01_jtttfbx342,Dataset_02_g46dvrcvwn,NEAR_DUPLICATE_PHASH,Hamming=9,9,Leaf_Spot,Rhizome_Healthy_Roots,7b5f10ab5c2e9044341bbd0e529aef9b6aeee088c5cffc5100d05246b336c94c,be1d95036007d6dc54776a298c8ed737b1c2ae0a0b8d9720d368b6fd64dfef46
leaf_spot_(123).jpg,Rhizome Healthy Root00102.JPG,Dataset_01_jtttfbx342,Dataset_02_g46dvrcvwn,NEAR_DUPLICATE_PHASH,Hamming=9,9,Leaf_Spot,Rhizome_Healthy_Roots,7b5f10ab5c2e9044341bbd0e529aef9b6aeee088c5cffc5100d05246b336c94c,42ed63fbc1a84d627ef27ec356342cf7d62182b1cfb585f9cbc082ed88702993
leaf_spot_(123).jpg,Rhizome Healthy Root00103.JPG,Dataset_01_jtttfbx342,Dataset_02_g46dvrcvwn,NEAR_DUPLICATE_PHASH,Hamming=9,9,Leaf_Spot,Rhizome_Healthy_Roots,7b5f10ab5c2e9044341bbd0e529aef9b6aeee088c5cffc5100d05246b336c94c,1a182a290d5ec92d08bc0bb7826ce7992966ad9ac025b6731f8d48f1b0071cec
leaf_spot_(123).jpg,Rhizome Healthy Root00104.JPG,Dataset_01_jtttfbx342,Dataset_02_g46dvrcvwn,NEAR_DUPLICATE_PHASH,Hamming=8,8,Leaf_Spot,Rhizome_Healthy_Roots,7b5f10ab5c2e9044341bbd0e529aef9b6aeee088c5cffc5100d05246b336c94c,c6e84c358fef466d5d651d6badc72f487938a8971667c64a8b9cd6ba4e2a15f6
leaf_spot_(123).jpg,Rhizome Healthy Root00107.JPG,Dataset_01_jtttfbx342,Dataset_02_g46dvrcvwn,NEAR_DUPLICATE_PHASH,Hamming=10,10,Leaf_Spot,Rhizome_Healthy_Roots,7b5f10ab5c2e9044341bbd0e529aef9b6aeee088c5cffc5100d05246b336c94c,017cc054582ac4cf8d0e919aa024caa2617a290a63fbfbdb4d191d3865b199b3
leaf_spot_(123).jpg,Rhizome Healthy Root00197.JPG,Dataset_01_jtttfbx342,Dataset_02_g46dvrcvwn,NEAR_DUPLICATE_PHASH,Hamming=9,9,Leaf_Spot,Rhizome_Healthy_Roots,7b5f10ab5c2e9044341bbd0e529aef9b6aeee088c5cffc5100d05246b336c94c,a80da83064e1b58fe8d6e41c454b32d0a111e01d0d2fbe1b50a6d5303b8cf8cb
leaf_spot_(123).jpg,Rhizome Healthy Root00198.JPG,Dataset_01_jtttfbx342,Dataset_02_g46dvrcvwn,NEAR_DUPLICATE_PHASH,Hamming=10,10,Leaf_Spot,Rhizome_Healthy_Roots,7b5f10ab5c2e9044341bbd0e529aef9b6aeee088c5cffc5100d05246b336c94c,dcd362ff05f693cd0d5729594d6880236cf0b71b68820e3fd5f3d65483ccde1a
leaf_spot_(123).jpg,Rhizome Healthy Root00232.JPG,Dataset_01_jtttfbx342,Dataset_02_g46dvrcvwn,NEAR_DUPLICATE_PHASH,Hamming=10,10,Leaf_Spot,Rhizome_Healthy_Roots,7b5f10ab5c2e9044341bbd0e529aef9b6aeee088c5cffc5100d05246b336c94c,bc937e060206b7ac479f3eee51788f6e75bc98567118a529ef1b20784b1f366c
leaf_spot_(123).jpg,Rhizome Healthy Root00258.JPG,Dataset_01_jtttfbx342,Dataset_02_g46dvrcvwn,NEAR_DUPLICATE_PHASH,Hamming=10,10,Leaf_Spot,Rhizome_Healthy_Roots,7b5f10ab5c2e9044341bbd0e529aef9b6aeee088c5cffc5100d05246b336c94c,741a6e06ca571fd5eea19c54fbb3ea01caa6353c419ec5110589eb77afea706b
leaf_spot_(123).jpg,Rhizome Healthy Root00298.JPG,Dataset_01_jtttfbx342,Dataset_02_g46dvrcvwn,NEAR_DUPLICATE_PHASH,Hamming=10,10,Leaf_Spot,Rhizome_Healthy_Roots,7b5f10ab5c2e9044341bbd0e529aef9b6aeee088c5cffc5100d05246b336c94c,2783c1890cd370aeaac62205f04cd2f8e6dbd23c5f0a56b5e3406893bed3c47f
leaf_spot_(123).jpg,Rhizome Healthy Root00302.JPG,Dataset_01_jtttfbx342,Dataset_02_g46dvrcvwn,NEAR_DUPLICATE_PHASH,Hamming=9,9,Leaf_Spot,Rhizome_Healthy_Roots,7b5f10ab5c2e9044341bbd0e529aef9b6aeee088c5cffc5100d05246b336c94c,1b056c0bec593d0fb2c3b1ab4b9d24f80ed054d4ea4c181663cd9794f0288604
leaf_spot_(123).jpg,Rhizome Healthy Root00303.JPG,Dataset_01_jtttfbx342,Dataset_02_g46dvrcvwn,NEAR_DUPLICATE_PHASH,Hamming=10,10,Leaf_Spot,Rhizome_Healthy_Roots,7b5f10ab5c2e9044341bbd0e529aef9b6aeee088c5cffc5100d05246b336c94c,67b3e63120ef420e06cb311a4b97a1c1cb953fa026bae3e4e864d26264f1d837
leaf_spot_(124).jpg,Dry Leaf00021.JPG,Dataset_01_jtttfbx342,Dataset_02_g46dvrcvwn,NEAR_DUPLICATE_PHASH,Hamming=9,9,Leaf_Spot,Dry_Leaf,34a72791883b8c24f47ecee2cb01a15092eb4eb769f495cc8a761b12cdbe8c6f,80b07af320ce31e8a146fc8c36d40920359a994dbb7ce32c5c787d0e269bb363
leaf_spot_(124).jpg,Dry Leaf00122.JPG,Dataset_01_jtttfbx342,Dataset_02_g46dvrcvwn,NEAR_DUPLICATE_PHASH,Hamming=9,9,Leaf_Spot,Dry_Leaf,34a72791883b8c24f47ecee2cb01a15092eb4eb769f495cc8a761b12cdbe8c6f,f4c98e627b86f34d545dfa70f914b5a3482f9dac29e37e4277a46b7a042753b4
leaf_spot_(124).jpg,Dry Leaf00143.JPG,Dataset_01_jtttfbx342,Dataset_02_g46dvrcvwn,NEAR_DUPLICATE_PHASH,Hamming=9,9,Leaf_Spot,Dry_Leaf,34a72791883b8c24f47ecee2cb01a15092eb4eb769f495cc8a761b12cdbe8c6f,264aaf55af985e2d563adbfe4338e6d7666deb78327e547e536cc5a3f2933d56
leaf_spot_(124).jpg,Dry Leaf00189.JPG,Dataset_01_jtttfbx342,Dataset_02_g46dvrcvwn,NEAR_DUPLICATE_PHASH,Hamming=10,10,Leaf_Spot,Dry_Leaf,34a72791883b8c24f47ecee2cb01a15092eb4eb769f495cc8a761b12cdbe8c6f,e9931494175e3e5645f934f7f99fdc81a783ad520fb0078cef333cb05cb65fce
leaf_spot_(124).jpg,Leaf Blotch00004.JPG,Dataset_01_jtttfbx342,Dataset_02_g46dvrcvwn,NEAR_DUPLICATE_PHASH,Hamming=9,9,Leaf_Spot,Leaf_Blotch,34a72791883b8c24f47ecee2cb01a15092eb4eb769f495cc8a761b12cdbe8c6f,a96b36433507af73e39df1d2ad9989e773b79c0d27ae1ebfbf5ecc18de823a07
leaf_spot_(124).jpg,Leaf Blotch00005.JPG,Dataset_01_jtttfbx342,Dataset_02_g46dvrcvwn,NEAR_DUPLICATE_PHASH,Hamming=10,10,Leaf_Spot,Leaf_Blotch,34a72791883b8c24f47ecee2cb01a15092eb4eb769f495cc8a761b12cdbe8c6f,b5226d7c1649a14108ea4d4cb07f7891e66ce892f3f25536e7c1e20665c8d718
leaf_spot_(124).jpg,Rhizome Disease Root00004.JPG,Dataset_01_jtttfbx342,Dataset_02_g46dvrcvwn,NEAR_DUPLICATE_PHASH,Hamming=10,10,Leaf_Spot,Rhizome_Disease_Roots,34a72791883b8c24f47ecee2cb01a15092eb4eb769f495cc8a761b12cdbe8c6f,6f6e64319c0d1bab197b171a1f9a7efdec00a918a246926057b9e33d25fb5eee
leaf_spot_(124).jpg,Rhizome Disease Root00031.JPG,Dataset_01_jtttfbx342,Dataset_02_g46dvrcvwn,NEAR_DUPLICATE_PHASH,Hamming=8,8,Leaf_Spot,Rhizome_Disease_Roots,34a72791883b8c24f47ecee2cb01a15092eb4eb769f495cc8a761b12cdbe8c6f,dedf2d9306dfb93c43063f67c4400508fe0bb5a6138b865bc0149e9e0602865b
leaf_spot_(124).jpg,Rhizome Disease Root00108.JPG,Dataset_01_jtttfbx342,Dataset_02_g46dvrcvwn,NEAR_DUPLICATE_PHASH,Hamming=10,10,Leaf_Spot,Rhizome_Disease_Roots,34a72791883b8c24f47ecee2cb01a15092eb4eb769f495cc8a761b12cdbe8c6f,fa6b8eb8029c35c84b3dd6988ff45733a0cbc5ba5532d4c88d1db7643118aa4a
leaf_spot_(124).jpg,Rhizome Disease Root00109.JPG,Dataset_01_jtttfbx342,Dataset_02_g46dvrcvwn,NEAR_DUPLICATE_PHASH,Hamming=10,10,Leaf_Spot,Rhizome_Disease_Roots,34a72791883b8c24f47ecee2cb01a15092eb4eb769f495cc8a761b12cdbe8c6f,f0c627b63b768afb39ae808c03bc62bcc065f94fbbbfb48b32fec6d423d28a8d
leaf_spot_(124).jpg,Rhizome Disease Root00114.JPG,Dataset_01_jtttfbx342,Dataset_02_g46dvrcvwn,NEAR_DUPLICATE_PHASH,Hamming=4,4,Leaf_Spot,Rhizome_Disease_Roots,34a72791883b8c24f47ecee2cb01a15092eb4eb769f495cc8a761b12cdbe8c6f,3a652734257559efc017044a527d4be6683a935a05e18c03b9115f80560df8be
leaf_spot_(124).jpg,Rhizome Disease Root00176.JPG,Dataset_01_jtttfbx342,Dataset_02_g46dvrcvwn,NEAR_DUPLICATE_PHASH,Hamming=10,10,Leaf_Spot,Rhizome_Disease_Roots,34a72791883b8c24f47ecee2cb01a15092eb4eb769f495cc8a761b12cdbe8c6f,4f668ea4799377a46be43218163c55f7774abdc0b33fc941041410a16945444d
leaf_spot_(124).jpg,Rhizome Healthy Root00005.JPG,Dataset_01_jtttfbx342,Dataset_02_g46dvrcvwn,NEAR_DUPLICATE_PHASH,Hamming=10,10,Leaf_Spot,Rhizome_Healthy_Roots,34a72791883b8c24f47ecee2cb01a15092eb4eb769f495cc8a761b12cdbe8c6f,02920aea4176a0ea323a01f02ab035392b319a65c8f7716836b65d21ee084010
leaf_spot_(124).jpg,Rhizome Healthy Root00024.JPG,Dataset_01_jtttfbx342,Dataset_02_g46dvrcvwn,NEAR_DUPLICATE_PHASH,Hamming=10,10,Leaf_Spot,Rhizome_Healthy_Roots,34a72791883b8c24f47ecee2cb01a15092eb4eb769f495cc8a761b12cdbe8c6f,aee3163751aae1c2194e061cc5be15c4ec5e2688c78c5e434db62615e22b0429
leaf_spot_(124).jpg,Rhizome Healthy Root00027.JPG,Dataset_01_jtttfbx342,Dataset_02_g46dvrcvwn,NEAR_DUPLICATE_PHASH,Hamming=10,10,Leaf_Spot,Rhizome_Healthy_Roots,34a72791883b8c24f47ecee2cb01a15092eb4eb769f495cc8a761b12cdbe8c6f,581455dd1795265737fcdb0c98151c8efd0e53c4bbdfed210adc16f86b63a000
leaf_spot_(124).jpg,Rhizome Healthy Root00029.JPG,Dataset_01_jtttfbx342,Dataset_02_g46dvrcvwn,NEAR_DUPLICATE_PHASH,Hamming=9,9,Leaf_Spot,Rhizome_Healthy_Roots,34a72791883b8c24f47ecee2cb01a15092eb4eb769f495cc8a761b12cdbe8c6f,3835df92135db2ba80f4dc67dd51d4ab10db2fd18fa835a53280dd4318d1c91a
leaf_spot_(124).jpg,Rhizome Healthy Root00030.JPG,Dataset_01_jtttfbx342,Dataset_02_g46dvrcvwn,NEAR_DUPLICATE_PHASH,Hamming=9,9,Leaf_Spot,Rhizome_Healthy_Roots,34a72791883b8c24f47ecee2cb01a15092eb4eb769f495cc8a761b12cdbe8c6f,5ce7923d7a7e7b4bd048f205c90e9a9a8d400d2fd8cf48fec15ac85b74cc3468
leaf_spot_(124).jpg,Rhizome Healthy Root00031.JPG,Dataset_01_jtttfbx342,Dataset_02_g46dvrcvwn,NEAR_DUPLICATE_PHASH,Hamming=9,9,Leaf_Spot,Rhizome_Healthy_Roots,34a72791883b8c24f47ecee2cb01a15092eb4eb769f495cc8a761b12cdbe8c6f,be1d95036007d6dc54776a298c8ed737b1c2ae0a0b8d9720d368b6fd64dfef46
leaf_spot_(124).jpg,Rhizome Healthy Root00102.JPG,Dataset_01_jtttfbx342,Dataset_02_g46dvrcvwn,NEAR_DUPLICATE_PHASH,Hamming=9,9,Leaf_Spot,Rhizome_Healthy_Roots,34a72791883b8c24f47ecee2cb01a15092eb4eb769f495cc8a761b12cdbe8c6f,42ed63fbc1a84d627ef27ec356342cf7d62182b1cfb585f9cbc082ed88702993
leaf_spot_(124).jpg,Rhizome Healthy Root00103.JPG,Dataset_01_jtttfbx342,Dataset_02_g46dvrcvwn,NEAR_DUPLICATE_PHASH,Hamming=9,9,Leaf_Spot,Rhizome_Healthy_Roots,34a72791883b8c24f47ecee2cb01a15092eb4eb769f495cc8a761b12cdbe8c6f,1a182a290d5ec92d08bc0bb7826ce7992966ad9ac025b6731f8d48f1b0071cec
leaf_spot_(124).jpg,Rhizome Healthy Root00104.JPG,Dataset_01_jtttfbx342,Dataset_02_g46dvrcvwn,NEAR_DUPLICATE_PHASH,Hamming=8,8,Leaf_Spot,Rhizome_Healthy_Roots,34a72791883b8c24f47ecee2cb01a15092eb4eb769f495cc8a761b12cdbe8c6f,c6e84c358fef466d5d651d6badc72f487938a8971667c64a8b9cd6ba4e2a15f6
leaf_spot_(124).jpg,Rhizome Healthy Root00105.JPG,Dataset_01_jtttfbx342,Dataset_02_g46dvrcvwn,NEAR_DUPLICATE_PHASH,Hamming=10,10,Leaf_Spot,Rhizome_Healthy_Roots,34a72791883b8c24f47ecee2cb01a15092eb4eb769f495cc8a761b12cdbe8c6f,a2fcddb1e0a5ba244dbb5b164d340f19134e3e15c383d7fff18cf654f226249f
leaf_spot_(124).jpg,Rhizome Healthy Root00106.JPG,Dataset_01_jtttfbx342,Dataset_02_g46dvrcvwn,NEAR_DUPLICATE_PHASH,Hamming=9,9,Leaf_Spot,Rhizome_Healthy_Roots,34a72791883b8c24f47ecee2cb01a15092eb4eb769f495cc8a761b12cdbe8c6f,792099df3f2fb91a62d25fc739635a820e6c5be3fb678f74f5b5b0d40f2c3209
leaf_spot_(124).jpg,Rhizome Healthy Root00170.JPG,Dataset_01_jtttfbx342,Dataset_02_g46dvrcvwn,NEAR_DUPLICATE_PHASH,Hamming=10,10,Leaf_Spot,Rhizome_Healthy_Roots,34a72791883b8c24f47ecee2cb01a15092eb4eb769f495cc8a761b12cdbe8c6f,0bd4445ddc953c49186ebd7e4646ec0ac242195b69554e1f227ba131cf802d63
leaf_spot_(124).jpg,Rhizome Healthy Root00171.JPG,Dataset_01_jtttfbx342,Dataset_02_g46dvrcvwn,NEAR_DUPLICATE_PHASH,Hamming=10,10,Leaf_Spot,Rhizome_Healthy_Roots,34a72791883b8c24f47ecee2cb01a15092eb4eb769f495cc8a761b12cdbe8c6f,fcad9f22937f50f0a2d974e0e70b60ac1f80460bbd9d1193f7a7cd7959e310d1
leaf_spot_(124).jpg,Rhizome Healthy Root00172.JPG,Dataset_01_jtttfbx342,Dataset_02_g46dvrcvwn,NEAR_DUPLICATE_PHASH,Hamming=10,10,Leaf_Spot,Rhizome_Healthy_Roots,34a72791883b8c24f47ecee2cb01a15092eb4eb769f495cc8a761b12cdbe8c6f,edc68d95029d0702c151bb55825e48a559a18eea52be340a7c48f1729cca08f7
leaf_spot_(124).jpg,Rhizome Healthy Root00173.JPG,Dataset_01_jtttfbx342,Dataset_02_g46dvrcvwn,NEAR_DUPLICATE_PHASH,Hamming=10,10,Leaf_Spot,Rhizome_Healthy_Roots,34a72791883b8c24f47ecee2cb01a15092eb4eb769f495cc8a761b12cdbe8c6f,47706a04449487505eb6bf9354a9d3c333c42c724b6c84d4da898ebb31e14afd
leaf_spot_(124).jpg,Rhizome Healthy Root00197.JPG,Dataset_01_jtttfbx342,Dataset_02_g46dvrcvwn,NEAR_DUPLICATE_PHASH,Hamming=9,9,Leaf_Spot,Rhizome_Healthy_Roots,34a72791883b8c24f47ecee2cb01a15092eb4eb769f495cc8a761b12cdbe8c6f,a80da83064e1b58fe8d6e41c454b32d0a111e01d0d2fbe1b50a6d5303b8cf8cb
leaf_spot_(124).jpg,Rhizome Healthy Root00198.JPG,Dataset_01_jtttfbx342,Dataset_02_g46dvrcvwn,NEAR_DUPLICATE_PHASH,Hamming=8,8,Leaf_Spot,Rhizome_Healthy_Roots,34a72791883b8c24f47ecee2cb01a15092eb4eb769f495cc8a761b12cdbe8c6f,dcd362ff05f693cd0d5729594d6880236cf0b71b68820e3fd5f3d65483ccde1a
leaf_spot_(124).jpg,Rhizome Healthy Root00199.JPG,Dataset_01_jtttfbx342,Dataset_02_g46dvrcvwn,NEAR_DUPLICATE_PHASH,Hamming=10,10,Leaf_Spot,Rhizome_Healthy_Roots,34a72791883b8c24f47ecee2cb01a15092eb4eb769f495cc8a761b12cdbe8c6f,b85e3ff3f9740a1f180dfcecbaca2e65370621540924f903645ebae5bddef15f
leaf_spot_(124).jpg,Rhizome Healthy Root00220.JPG,Dataset_01_jtttfbx342,Dataset_02_g46dvrcvwn,NEAR_DUPLICATE_PHASH,Hamming=10,10,Leaf_Spot,Rhizome_Healthy_Roots,34a72791883b8c24f47ecee2cb01a15092eb4eb769f495cc8a761b12cdbe8c6f,f1bac6eee43ea442e2adaaf4ecc4f0924e7e0f93c6344dfd32a207415e7fa143
leaf_spot_(124).jpg,Rhizome Healthy Root00221.JPG,Dataset_01_jtttfbx342,Dataset_02_g46dvrcvwn,NEAR_DUPLICATE_PHASH,Hamming=10,10,Leaf_Spot,Rhizome_Healthy_Roots,34a72791883b8c24f47ecee2cb01a15092eb4eb769f495cc8a761b12cdbe8c6f,1fc42b6403c58dfe21862728f1edd575ee58a29997f5b30af1ef4102f5c07cfa
leaf_spot_(124).jpg,Rhizome Healthy Root00223.JPG,Dataset_01_jtttfbx342,Dataset_02_g46dvrcvwn,NEAR_DUPLICATE_PHASH,Hamming=10,10,Leaf_Spot,Rhizome_Healthy_Roots,34a72791883b8c24f47ecee2cb01a15092eb4eb769f495cc8a761b12cdbe8c6f,f191510b944665f847caa40c8839768e908b8cb15f0bd262da9a1dfaabcb4a64
leaf_spot_(124).jpg,Rhizome Healthy Root00232.JPG,Dataset_01_jtttfbx342,Dataset_02_g46dvrcvwn,NEAR_DUPLICATE_PHASH,Hamming=10,10,Leaf_Spot,Rhizome_Healthy_Roots,34a72791883b8c24f47ecee2cb01a15092eb4eb769f495cc8a761b12cdbe8c6f,bc937e060206b7ac479f3eee51788f6e75bc98567118a529ef1b20784b1f366c
leaf_spot_(124).jpg,Rhizome Healthy Root00257.JPG,Dataset_01_jtttfbx342,Dataset_02_g46dvrcvwn,NEAR_DUPLICATE_PHASH,Hamming=9,9,Leaf_Spot,Rhizome_Healthy_Roots,34a72791883b8c24f47ecee2cb01a15092eb4eb769f495cc8a761b12cdbe8c6f,27078ff663c26a35d652cb818332a4af8a42761a7662fd6a5a390f2221ed1f91
leaf_spot_(124).jpg,Rhizome Healthy Root00258.JPG,Dataset_01_jtttfbx342,Dataset_02_g46dvrcvwn,NEAR_DUPLICATE_PHASH,Hamming=8,8,Leaf_Spot,Rhizome_Healthy_Roots,34a72791883b8c24f47ecee2cb01a15092eb4eb769f495cc8a761b12cdbe8c6f,741a6e06ca571fd5eea19c54fbb3ea01caa6353c419ec5110589eb77afea706b
leaf_spot_(124).jpg,Rhizome Healthy Root00259.JPG,Dataset_01_jtttfbx342,Dataset_02_g46dvrcvwn,NEAR_DUPLICATE_PHASH,Hamming=10,10,Leaf_Spot,Rhizome_Healthy_Roots,34a72791883b8c24f47ecee2cb01a15092eb4eb769f495cc8a761b12cdbe8c6f,45c743c461da026078195557e59118c3798f11d2f7e4b651d75108b4a006ce6d
leaf_spot_(124).jpg,Rhizome Healthy Root00298.JPG,Dataset_01_jtttfbx342,Dataset_02_g46dvrcvwn,NEAR_DUPLICATE_PHASH,Hamming=10,10,Leaf_Spot,Rhizome_Healthy_Roots,34a72791883b8c24f47ecee2cb01a15092eb4eb769f495cc8a761b12cdbe8c6f,2783c1890cd370aeaac62205f04cd2f8e6dbd23c5f0a56b5e3406893bed3c47f
leaf_spot_(124).jpg,Rhizome Healthy Root00302.JPG,Dataset_01_jtttfbx342,Dataset_02_g46dvrcvwn,NEAR_DUPLICATE_PHASH,Hamming=9,9,Leaf_Spot,Rhizome_Healthy_Roots,34a72791883b8c24f47ecee2cb01a15092eb4eb769f495cc8a761b12cdbe8c6f,1b056c0bec593d0fb2c3b1ab4b9d24f80ed054d4ea4c181663cd9794f0288604
leaf_spot_(124).jpg,Rhizome Healthy Root00303.JPG,Dataset_01_jtttfbx342,Dataset_02_g46dvrcvwn,NEAR_DUPLICATE_PHASH,Hamming=10,10,Leaf_Spot,Rhizome_Healthy_Roots,34a72791883b8c24f47ecee2cb01a15092eb4eb769f495cc8a761b12cdbe8c6f,67b3e63120ef420e06cb311a4b97a1c1cb953fa026bae3e4e864d26264f1d837
leaf_spot_(125).jpg,Dry Leaf00082.JPG,Dataset_01_jtttfbx342,Dataset_02_g46dvrcvwn,NEAR_DUPLICATE_PHASH,Hamming=9,9,Leaf_Spot,Dry_Leaf,258aa820cc456d6900529713c5b0fb853f9eb9eb1500780bbff2786c0d973d2d,0fef36b29f2c7149a46f1781d1a4edbd110d22d5b39a80b27eba7248551a7943
leaf_spot_(125).jpg,Dry Leaf00122.JPG,Dataset_01_jtttfbx342,Dataset_02_g46dvrcvwn,NEAR_DUPLICATE_PHASH,Hamming=7,7,Leaf_Spot,Dry_Leaf,258aa820cc456d6900529713c5b0fb853f9eb9eb1500780bbff2786c0d973d2d,f4c98e627b86f34d545dfa70f914b5a3482f9dac29e37e4277a46b7a042753b4
leaf_spot_(125).jpg,Dry Leaf00138.JPG,Dataset_01_jtttfbx342,Dataset_02_g46dvrcvwn,NEAR_DUPLICATE_PHASH,Hamming=9,9,Leaf_Spot,Dry_Leaf,258aa820cc456d6900529713c5b0fb853f9eb9eb1500780bbff2786c0d973d2d,48a137a521fcf8c5bf0f80670022143942508551f0f3047e9f590ff294fc2316
leaf_spot_(125).jpg,Dry Leaf00143.JPG,Dataset_01_jtttfbx342,Dataset_02_g46dvrcvwn,NEAR_DUPLICATE_PHASH,Hamming=9,9,Leaf_Spot,Dry_Leaf,258aa820cc456d6900529713c5b0fb853f9eb9eb1500780bbff2786c0d973d2d,264aaf55af985e2d563adbfe4338e6d7666deb78327e547e536cc5a3f2933d56
leaf_spot_(125).jpg,Dry Leaf00189.JPG,Dataset_01_jtttfbx342,Dataset_02_g46dvrcvwn,NEAR_DUPLICATE_PHASH,Hamming=10,10,Leaf_Spot,Dry_Leaf,258aa820cc456d6900529713c5b0fb853f9eb9eb1500780bbff2786c0d973d2d,e9931494175e3e5645f934f7f99fdc81a783ad520fb0078cef333cb05cb65fce
leaf_spot_(125).jpg,Rhizome Disease Root00114.JPG,Dataset_01_jtttfbx342,Dataset_02_g46dvrcvwn,NEAR_DUPLICATE_PHASH,Hamming=10,10,Leaf_Spot,Rhizome_Disease_Roots,258aa820cc456d6900529713c5b0fb853f9eb9eb1500780bbff2786c0d973d2d,3a652734257559efc017044a527d4be6683a935a05e18c03b9115f80560df8be
leaf_spot_(126).jpg,Dry Leaf00021.JPG,Dataset_01_jtttfbx342,Dataset_02_g46dvrcvwn,NEAR_DUPLICATE_PHASH,Hamming=10,10,Leaf_Spot,Dry_Leaf,2deed469b6cf4306d68f2845c0297da2a91a5b0c7a2c834e750a4fd13e98a3f4,80b07af320ce31e8a146fc8c36d40920359a994dbb7ce32c5c787d0e269bb363
leaf_spot_(126).jpg,Dry Leaf00122.JPG,Dataset_01_jtttfbx342,Dataset_02_g46dvrcvwn,NEAR_DUPLICATE_PHASH,Hamming=8,8,Leaf_Spot,Dry_Leaf,2deed469b6cf4306d68f2845c0297da2a91a5b0c7a2c834e750a4fd13e98a3f4,f4c98e627b86f34d545dfa70f914b5a3482f9dac29e37e4277a46b7a042753b4
leaf_spot_(126).jpg,Rhizome Disease Root00114.JPG,Dataset_01_jtttfbx342,Dataset_02_g46dvrcvwn,NEAR_DUPLICATE_PHASH,Hamming=9,9,Leaf_Spot,Rhizome_Disease_Roots,2deed469b6cf4306d68f2845c0297da2a91a5b0c7a2c834e750a4fd13e98a3f4,3a652734257559efc017044a527d4be6683a935a05e18c03b9115f80560df8be
leaf_spot_(126).jpg,Rhizome Healthy Root00029.JPG,Dataset_01_jtttfbx342,Dataset_02_g46dvrcvwn,NEAR_DUPLICATE_PHASH,Hamming=10,10,Leaf_Spot,Rhizome_Healthy_Roots,2deed469b6cf4306d68f2845c0297da2a91a5b0c7a2c834e750a4fd13e98a3f4,3835df92135db2ba80f4dc67dd51d4ab10db2fd18fa835a53280dd4318d1c91a
leaf_spot_(126).jpg,Rhizome Healthy Root00030.JPG,Dataset_01_jtttfbx342,Dataset_02_g46dvrcvwn,NEAR_DUPLICATE_PHASH,Hamming=10,10,Leaf_Spot,Rhizome_Healthy_Roots,2deed469b6cf4306d68f2845c0297da2a91a5b0c7a2c834e750a4fd13e98a3f4,5ce7923d7a7e7b4bd048f205c90e9a9a8d400d2fd8cf48fec15ac85b74cc3468
leaf_spot_(126).jpg,Rhizome Healthy Root00031.JPG,Dataset_01_jtttfbx342,Dataset_02_g46dvrcvwn,NEAR_DUPLICATE_PHASH,Hamming=10,10,Leaf_Spot,Rhizome_Healthy_Roots,2deed469b6cf4306d68f2845c0297da2a91a5b0c7a2c834e750a4fd13e98a3f4,be1d95036007d6dc54776a298c8ed737b1c2ae0a0b8d9720d368b6fd64dfef46
leaf_spot_(126).jpg,Rhizome Healthy Root00102.JPG,Dataset_01_jtttfbx342,Dataset_02_g46dvrcvwn,NEAR_DUPLICATE_PHASH,Hamming=10,10,Leaf_Spot,Rhizome_Healthy_Roots,2deed469b6cf4306d68f2845c0297da2a91a5b0c7a2c834e750a4fd13e98a3f4,42ed63fbc1a84d627ef27ec356342cf7d62182b1cfb585f9cbc082ed88702993
leaf_spot_(126).jpg,Rhizome Healthy Root00103.JPG,Dataset_01_jtttfbx342,Dataset_02_g46dvrcvwn,NEAR_DUPLICATE_PHASH,Hamming=10,10,Leaf_Spot,Rhizome_Healthy_Roots,2deed469b6cf4306d68f2845c0297da2a91a5b0c7a2c834e750a4fd13e98a3f4,1a182a290d5ec92d08bc0bb7826ce7992966ad9ac025b6731f8d48f1b0071cec
leaf_spot_(126).jpg,Rhizome Healthy Root00104.JPG,Dataset_01_jtttfbx342,Dataset_02_g46dvrcvwn,NEAR_DUPLICATE_PHASH,Hamming=9,9,Leaf_Spot,Rhizome_Healthy_Roots,2deed469b6cf4306d68f2845c0297da2a91a5b0c7a2c834e750a4fd13e98a3f4,c6e84c358fef466d5d651d6badc72f487938a8971667c64a8b9cd6ba4e2a15f6
leaf_spot_(126).jpg,Rhizome Healthy Root00278.JPG,Dataset_01_jtttfbx342,Dataset_02_g46dvrcvwn,NEAR_DUPLICATE_PHASH,Hamming=10,10,Leaf_Spot,Rhizome_Healthy_Roots,2deed469b6cf4306d68f2845c0297da2a91a5b0c7a2c834e750a4fd13e98a3f4,1442a8c57d800e6bcdefd797cda6303380c6fc733c14755a8e9dbab91c739cb6
leaf_spot_(126).jpg,Rhizome Healthy Root00279.JPG,Dataset_01_jtttfbx342,Dataset_02_g46dvrcvwn,NEAR_DUPLICATE_PHASH,Hamming=9,9,Leaf_Spot,Rhizome_Healthy_Roots,2deed469b6cf4306d68f2845c0297da2a91a5b0c7a2c834e750a4fd13e98a3f4,97a26b9d2ee6ac615c57f888738dd4ede40f799fb65686dcf6ba1958b86eff48
leaf_spot_(126).jpg,Rhizome Healthy Root00280.JPG,Dataset_01_jtttfbx342,Dataset_02_g46dvrcvwn,NEAR_DUPLICATE_PHASH,Hamming=9,9,Leaf_Spot,Rhizome_Healthy_Roots,2deed469b6cf4306d68f2845c0297da2a91a5b0c7a2c834e750a4fd13e98a3f4,d9a71f80077fa2eabdb4058ffc6feab0203557641e7d1dd0c423982ee4f385c7
leaf_spot_(126).jpg,Rhizome Healthy Root00281.JPG,Dataset_01_jtttfbx342,Dataset_02_g46dvrcvwn,NEAR_DUPLICATE_PHASH,Hamming=9,9,Leaf_Spot,Rhizome_Healthy_Roots,2deed469b6cf4306d68f2845c0297da2a91a5b0c7a2c834e750a4fd13e98a3f4,ca63a8e20a20ef7821ec2db1ea71e4c4c929571bf22458f59d8d37c772e6c58b
leaf_spot_(126).jpg,Rhizome Healthy Root00282.JPG,Dataset_01_jtttfbx342,Dataset_02_g46dvrcvwn,NEAR_DUPLICATE_PHASH,Hamming=10,10,Leaf_Spot,Rhizome_Healthy_Roots,2deed469b6cf4306d68f2845c0297da2a91a5b0c7a2c834e750a4fd13e98a3f4,cce530c4f5497d898290db49fe6fab4c44524ca8a6385f61b997a5d6748fe5cf
leaf_spot_(127).jpg,Dry Leaf00122.JPG,Dataset_01_jtttfbx342,Dataset_02_g46dvrcvwn,NEAR_DUPLICATE_PHASH,Hamming=5,5,Leaf_Spot,Dry_Leaf,02ca62b0600d60e2aabbc787e1b8818f1c5d490f5d041ecfde2e5a03bbba1593,f4c98e627b86f34d545dfa70f914b5a3482f9dac29e37e4277a46b7a042753b4
leaf_spot_(127).jpg,Dry Leaf00189.JPG,Dataset_01_jtttfbx342,Dataset_02_g46dvrcvwn,NEAR_DUPLICATE_PHASH,Hamming=8,8,Leaf_Spot,Dry_Leaf,02ca62b0600d60e2aabbc787e1b8818f1c5d490f5d041ecfde2e5a03bbba1593,e9931494175e3e5645f934f7f99fdc81a783ad520fb0078cef333cb05cb65fce
leaf_spot_(127).jpg,Rhizome Disease Root00031.JPG,Dataset_01_jtttfbx342,Dataset_02_g46dvrcvwn,NEAR_DUPLICATE_PHASH,Hamming=10,10,Leaf_Spot,Rhizome_Disease_Roots,02ca62b0600d60e2aabbc787e1b8818f1c5d490f5d041ecfde2e5a03bbba1593,dedf2d9306dfb93c43063f67c4400508fe0bb5a6138b865bc0149e9e0602865b
leaf_spot_(127).jpg,Rhizome Disease Root00114.JPG,Dataset_01_jtttfbx342,Dataset_02_g46dvrcvwn,NEAR_DUPLICATE_PHASH,Hamming=8,8,Leaf_Spot,Rhizome_Disease_Roots,02ca62b0600d60e2aabbc787e1b8818f1c5d490f5d041ecfde2e5a03bbba1593,3a652734257559efc017044a527d4be6683a935a05e18c03b9115f80560df8be
leaf_spot_(127).jpg,Rhizome Healthy Root00102.JPG,Dataset_01_jtttfbx342,Dataset_02_g46dvrcvwn,NEAR_DUPLICATE_PHASH,Hamming=7,7,Leaf_Spot,Rhizome_Healthy_Roots,02ca62b0600d60e2aabbc787e1b8818f1c5d490f5d041ecfde2e5a03bbba1593,42ed63fbc1a84d627ef27ec356342cf7d62182b1cfb585f9cbc082ed88702993
leaf_spot_(127).jpg,Rhizome Healthy Root00103.JPG,Dataset_01_jtttfbx342,Dataset_02_g46dvrcvwn,NEAR_DUPLICATE_PHASH,Hamming=7,7,Leaf_Spot,Rhizome_Healthy_Roots,02ca62b0600d60e2aabbc787e1b8818f1c5d490f5d041ecfde2e5a03bbba1593,1a182a290d5ec92d08bc0bb7826ce7992966ad9ac025b6731f8d48f1b0071cec
leaf_spot_(127).jpg,Rhizome Healthy Root00104.JPG,Dataset_01_jtttfbx342,Dataset_02_g46dvrcvwn,NEAR_DUPLICATE_PHASH,Hamming=8,8,Leaf_Spot,Rhizome_Healthy_Roots,02ca62b0600d60e2aabbc787e1b8818f1c5d490f5d041ecfde2e5a03bbba1593,c6e84c358fef466d5d651d6badc72f487938a8971667c64a8b9cd6ba4e2a15f6
leaf_spot_(127).jpg,Rhizome Healthy Root00105.JPG,Dataset_01_jtttfbx342,Dataset_02_g46dvrcvwn,NEAR_DUPLICATE_PHASH,Hamming=10,10,Leaf_Spot,Rhizome_Healthy_Roots,02ca62b0600d60e2aabbc787e1b8818f1c5d490f5d041ecfde2e5a03bbba1593,a2fcddb1e0a5ba244dbb5b164d340f19134e3e15c383d7fff18cf654f226249f
leaf_spot_(127).jpg,Rhizome Healthy Root00106.JPG,Dataset_01_jtttfbx342,Dataset_02_g46dvrcvwn,NEAR_DUPLICATE_PHASH,Hamming=9,9,Leaf_Spot,Rhizome_Healthy_Roots,02ca62b0600d60e2aabbc787e1b8818f1c5d490f5d041ecfde2e5a03bbba1593,792099df3f2fb91a62d25fc739635a820e6c5be3fb678f74f5b5b0d40f2c3209
leaf_spot_(127).jpg,Rhizome Healthy Root00198.JPG,Dataset_01_jtttfbx342,Dataset_02_g46dvrcvwn,NEAR_DUPLICATE_PHASH,Hamming=10,10,Leaf_Spot,Rhizome_Healthy_Roots,02ca62b0600d60e2aabbc787e1b8818f1c5d490f5d041ecfde2e5a03bbba1593,dcd362ff05f693cd0d5729594d6880236cf0b71b68820e3fd5f3d65483ccde1a
leaf_spot_(129).jpg,Dry Leaf00021.JPG,Dataset_01_jtttfbx342,Dataset_02_g46dvrcvwn,NEAR_DUPLICATE_PHASH,Hamming=8,8,Leaf_Spot,Dry_Leaf,e444d907f55022c96f053574b8f1ac8b843bbc0b2e4e94d377e718063fcfbbd0,80b07af320ce31e8a146fc8c36d40920359a994dbb7ce32c5c787d0e269bb363
leaf_spot_(129).jpg,Dry Leaf00122.JPG,Dataset_01_jtttfbx342,Dataset_02_g46dvrcvwn,NEAR_DUPLICATE_PHASH,Hamming=10,10,Leaf_Spot,Dry_Leaf,e444d907f55022c96f053574b8f1ac8b843bbc0b2e4e94d377e718063fcfbbd0,f4c98e627b86f34d545dfa70f914b5a3482f9dac29e37e4277a46b7a042753b4
leaf_spot_(129).jpg,Dry Leaf00189.JPG,Dataset_01_jtttfbx342,Dataset_02_g46dvrcvwn,NEAR_DUPLICATE_PHASH,Hamming=9,9,Leaf_Spot,Dry_Leaf,e444d907f55022c96f053574b8f1ac8b843bbc0b2e4e94d377e718063fcfbbd0,e9931494175e3e5645f934f7f99fdc81a783ad520fb0078cef333cb05cb65fce
leaf_spot_(129).jpg,Leaf Blotch00011.JPG,Dataset_01_jtttfbx342,Dataset_02_g46dvrcvwn,NEAR_DUPLICATE_PHASH,Hamming=10,10,Leaf_Spot,Leaf_Blotch,e444d907f55022c96f053574b8f1ac8b843bbc0b2e4e94d377e718063fcfbbd0,eb7a12979ed145ac65973d93bb68efb106fa425b3fffce4aaac857552e900cb6
leaf_spot_(129).jpg,Leaf Blotch00012.JPG,Dataset_01_jtttfbx342,Dataset_02_g46dvrcvwn,NEAR_DUPLICATE_PHASH,Hamming=10,10,Leaf_Spot,Leaf_Blotch,e444d907f55022c96f053574b8f1ac8b843bbc0b2e4e94d377e718063fcfbbd0,5999901f4e5e50fa3305dd0eae3dccf7370b387d18f8b6ba3ce290e659e2fe29
leaf_spot_(129).jpg,Rhizome Disease Root00106.JPG,Dataset_01_jtttfbx342,Dataset_02_g46dvrcvwn,NEAR_DUPLICATE_PHASH,Hamming=10,10,Leaf_Spot,Rhizome_Disease_Roots,e444d907f55022c96f053574b8f1ac8b843bbc0b2e4e94d377e718063fcfbbd0,609c39bc0b9a56b920bde2aa77eca2b1a4d2b155b15a4ed010ead5dc7e8bcb35
leaf_spot_(129).jpg,Rhizome Disease Root00114.JPG,Dataset_01_jtttfbx342,Dataset_02_g46dvrcvwn,NEAR_DUPLICATE_PHASH,Hamming=7,7,Leaf_Spot,Rhizome_Disease_Roots,e444d907f55022c96f053574b8f1ac8b843bbc0b2e4e94d377e718063fcfbbd0,3a652734257559efc017044a527d4be6683a935a05e18c03b9115f80560df8be
leaf_spot_(129).jpg,Rhizome Disease Root00119.JPG,Dataset_01_jtttfbx342,Dataset_02_g46dvrcvwn,NEAR_DUPLICATE_PHASH,Hamming=9,9,Leaf_Spot,Rhizome_Disease_Roots,e444d907f55022c96f053574b8f1ac8b843bbc0b2e4e94d377e718063fcfbbd0,3860ca121dc7be8a9b92246d9524d17e1638a64bf917d306d2677a941a170454
leaf_spot_(129).jpg,Rhizome Disease Root00176.JPG,Dataset_01_jtttfbx342,Dataset_02_g46dvrcvwn,NEAR_DUPLICATE_PHASH,Hamming=9,9,Leaf_Spot,Rhizome_Disease_Roots,e444d907f55022c96f053574b8f1ac8b843bbc0b2e4e94d377e718063fcfbbd0,4f668ea4799377a46be43218163c55f7774abdc0b33fc941041410a16945444d
leaf_spot_(129).jpg,Rhizome Healthy Root00029.JPG,Dataset_01_jtttfbx342,Dataset_02_g46dvrcvwn,NEAR_DUPLICATE_PHASH,Hamming=10,10,Leaf_Spot,Rhizome_Healthy_Roots,e444d907f55022c96f053574b8f1ac8b843bbc0b2e4e94d377e718063fcfbbd0,3835df92135db2ba80f4dc67dd51d4ab10db2fd18fa835a53280dd4318d1c91a
leaf_spot_(129).jpg,Rhizome Healthy Root00030.JPG,Dataset_01_jtttfbx342,Dataset_02_g46dvrcvwn,NEAR_DUPLICATE_PHASH,Hamming=10,10,Leaf_Spot,Rhizome_Healthy_Roots,e444d907f55022c96f053574b8f1ac8b843bbc0b2e4e94d377e718063fcfbbd0,5ce7923d7a7e7b4bd048f205c90e9a9a8d400d2fd8cf48fec15ac85b74cc3468
leaf_spot_(129).jpg,Rhizome Healthy Root00031.JPG,Dataset_01_jtttfbx342,Dataset_02_g46dvrcvwn,NEAR_DUPLICATE_PHASH,Hamming=10,10,Leaf_Spot,Rhizome_Healthy_Roots,e444d907f55022c96f053574b8f1ac8b843bbc0b2e4e94d377e718063fcfbbd0,be1d95036007d6dc54776a298c8ed737b1c2ae0a0b8d9720d368b6fd64dfef46
leaf_spot_(129).jpg,Rhizome Healthy Root00102.JPG,Dataset_01_jtttfbx342,Dataset_02_g46dvrcvwn,NEAR_DUPLICATE_PHASH,Hamming=8,8,Leaf_Spot,Rhizome_Healthy_Roots,e444d907f55022c96f053574b8f1ac8b843bbc0b2e4e94d377e718063fcfbbd0,42ed63fbc1a84d627ef27ec356342cf7d62182b1cfb585f9cbc082ed88702993
leaf_spot_(129).jpg,Rhizome Healthy Root00103.JPG,Dataset_01_jtttfbx342,Dataset_02_g46dvrcvwn,NEAR_DUPLICATE_PHASH,Hamming=8,8,Leaf_Spot,Rhizome_Healthy_Roots,e444d907f55022c96f053574b8f1ac8b843bbc0b2e4e94d377e718063fcfbbd0,1a182a290d5ec92d08bc0bb7826ce7992966ad9ac025b6731f8d48f1b0071cec
leaf_spot_(129).jpg,Rhizome Healthy Root00104.JPG,Dataset_01_jtttfbx342,Dataset_02_g46dvrcvwn,NEAR_DUPLICATE_PHASH,Hamming=7,7,Leaf_Spot,Rhizome_Healthy_Roots,e444d907f55022c96f053574b8f1ac8b843bbc0b2e4e94d377e718063fcfbbd0,c6e84c358fef466d5d651d6badc72f487938a8971667c64a8b9cd6ba4e2a15f6
leaf_spot_(129).jpg,Rhizome Healthy Root00197.JPG,Dataset_01_jtttfbx342,Dataset_02_g46dvrcvwn,NEAR_DUPLICATE_PHASH,Hamming=10,10,Leaf_Spot,Rhizome_Healthy_Roots,e444d907f55022c96f053574b8f1ac8b843bbc0b2e4e94d377e718063fcfbbd0,a80da83064e1b58fe8d6e41c454b32d0a111e01d0d2fbe1b50a6d5303b8cf8cb
leaf_spot_(129).jpg,Rhizome Healthy Root00302.JPG,Dataset_01_jtttfbx342,Dataset_02_g46dvrcvwn,NEAR_DUPLICATE_PHASH,Hamming=10,10,Leaf_Spot,Rhizome_Healthy_Roots,e444d907f55022c96f053574b8f1ac8b843bbc0b2e4e94d377e718063fcfbbd0,1b056c0bec593d0fb2c3b1ab4b9d24f80ed054d4ea4c181663cd9794f0288604
leaf_spot_(128).jpg,Dry Leaf00082.JPG,Dataset_01_jtttfbx342,Dataset_02_g46dvrcvwn,NEAR_DUPLICATE_PHASH,Hamming=8,8,Leaf_Spot,Dry_Leaf,390b02721440845e2f8be3954164528fcba06584c0929bf8f3a14782e0413c12,0fef36b29f2c7149a46f1781d1a4edbd110d22d5b39a80b27eba7248551a7943
leaf_spot_(128).jpg,Dry Leaf00122.JPG,Dataset_01_jtttfbx342,Dataset_02_g46dvrcvwn,NEAR_DUPLICATE_PHASH,Hamming=8,8,Leaf_Spot,Dry_Leaf,390b02721440845e2f8be3954164528fcba06584c0929bf8f3a14782e0413c12,f4c98e627b86f34d545dfa70f914b5a3482f9dac29e37e4277a46b7a042753b4
leaf_spot_(128).jpg,Dry Leaf00138.JPG,Dataset_01_jtttfbx342,Dataset_02_g46dvrcvwn,NEAR_DUPLICATE_PHASH,Hamming=10,10,Leaf_Spot,Dry_Leaf,390b02721440845e2f8be3954164528fcba06584c0929bf8f3a14782e0413c12,48a137a521fcf8c5bf0f80670022143942508551f0f3047e9f590ff294fc2316
leaf_spot_(128).jpg,Dry Leaf00143.JPG,Dataset_01_jtttfbx342,Dataset_02_g46dvrcvwn,NEAR_DUPLICATE_PHASH,Hamming=8,8,Leaf_Spot,Dry_Leaf,390b02721440845e2f8be3954164528fcba06584c0929bf8f3a14782e0413c12,264aaf55af985e2d563adbfe4338e6d7666deb78327e547e536cc5a3f2933d56
leaf_spot_(128).jpg,Rhizome Healthy Root00106.JPG,Dataset_01_jtttfbx342,Dataset_02_g46dvrcvwn,NEAR_DUPLICATE_PHASH,Hamming=10,10,Leaf_Spot,Rhizome_Healthy_Roots,390b02721440845e2f8be3954164528fcba06584c0929bf8f3a14782e0413c12,792099df3f2fb91a62d25fc739635a820e6c5be3fb678f74f5b5b0d40f2c3209
leaf_spot_(13).jpg,Dry Leaf00082.JPG,Dataset_01_jtttfbx342,Dataset_02_g46dvrcvwn,NEAR_DUPLICATE_PHASH,Hamming=9,9,Leaf_Spot,Dry_Leaf,2e6bbd93b7ffb81cdb69901319c25e98d1bc02635efb85378d1159ebec89158b,0fef36b29f2c7149a46f1781d1a4edbd110d22d5b39a80b27eba7248551a7943
leaf_spot_(13).jpg,Dry Leaf00122.JPG,Dataset_01_jtttfbx342,Dataset_02_g46dvrcvwn,NEAR_DUPLICATE_PHASH,Hamming=7,7,Leaf_Spot,Dry_Leaf,2e6bbd93b7ffb81cdb69901319c25e98d1bc02635efb85378d1159ebec89158b,f4c98e627b86f34d545dfa70f914b5a3482f9dac29e37e4277a46b7a042753b4
leaf_spot_(13).jpg,Dry Leaf00138.JPG,Dataset_01_jtttfbx342,Dataset_02_g46dvrcvwn,NEAR_DUPLICATE_PHASH,Hamming=9,9,Leaf_Spot,Dry_Leaf,2e6bbd93b7ffb81cdb69901319c25e98d1bc02635efb85378d1159ebec89158b,48a137a521fcf8c5bf0f80670022143942508551f0f3047e9f590ff294fc2316
leaf_spot_(13).jpg,Dry Leaf00143.JPG,Dataset_01_jtttfbx342,Dataset_02_g46dvrcvwn,NEAR_DUPLICATE_PHASH,Hamming=9,9,Leaf_Spot,Dry_Leaf,2e6bbd93b7ffb81cdb69901319c25e98d1bc02635efb85378d1159ebec89158b,264aaf55af985e2d563adbfe4338e6d7666deb78327e547e536cc5a3f2933d56
leaf_spot_(13).jpg,Dry Leaf00189.JPG,Dataset_01_jtttfbx342,Dataset_02_g46dvrcvwn,NEAR_DUPLICATE_PHASH,Hamming=10,10,Leaf_Spot,Dry_Leaf,2e6bbd93b7ffb81cdb69901319c25e98d1bc02635efb85378d1159ebec89158b,e9931494175e3e5645f934f7f99fdc81a783ad520fb0078cef333cb05cb65fce
leaf_spot_(13).jpg,Rhizome Disease Root00114.JPG,Dataset_01_jtttfbx342,Dataset_02_g46dvrcvwn,NEAR_DUPLICATE_PHASH,Hamming=10,10,Leaf_Spot,Rhizome_Disease_Roots,2e6bbd93b7ffb81cdb69901319c25e98d1bc02635efb85378d1159ebec89158b,3a652734257559efc017044a527d4be6683a935a05e18c03b9115f80560df8be
leaf_spot_(130).jpg,Dry Leaf00122.JPG,Dataset_01_jtttfbx342,Dataset_02_g46dvrcvwn,NEAR_DUPLICATE_PHASH,Hamming=9,9,Leaf_Spot,Dry_Leaf,5c63ece055b3dd20f446b13556e878761f313bd4742be6c1d006ae4b4ec866ad,f4c98e627b86f34d545dfa70f914b5a3482f9dac29e37e4277a46b7a042753b4
leaf_spot_(130).jpg,Leaf Blotch00005.JPG,Dataset_01_jtttfbx342,Dataset_02_g46dvrcvwn,NEAR_DUPLICATE_PHASH,Hamming=10,10,Leaf_Spot,Leaf_Blotch,5c63ece055b3dd20f446b13556e878761f313bd4742be6c1d006ae4b4ec866ad,b5226d7c1649a14108ea4d4cb07f7891e66ce892f3f25536e7c1e20665c8d718
leaf_spot_(130).jpg,Leaf Blotch00007.JPG,Dataset_01_jtttfbx342,Dataset_02_g46dvrcvwn,NEAR_DUPLICATE_PHASH,Hamming=10,10,Leaf_Spot,Leaf_Blotch,5c63ece055b3dd20f446b13556e878761f313bd4742be6c1d006ae4b4ec866ad,4250a8509a408c0c3583e12added93347b1f06a3295945af950d7fb5448e73af
leaf_spot_(130).jpg,Leaf Blotch00008.JPG,Dataset_01_jtttfbx342,Dataset_02_g46dvrcvwn,NEAR_DUPLICATE_PHASH,Hamming=7,7,Leaf_Spot,Leaf_Blotch,5c63ece055b3dd20f446b13556e878761f313bd4742be6c1d006ae4b4ec866ad,c8bc1c36431f8bba388e437313476fdb6e489866cef23a0f4993352654de43ea
leaf_spot_(130).jpg,Rhizome Disease Root00031.JPG,Dataset_01_jtttfbx342,Dataset_02_g46dvrcvwn,NEAR_DUPLICATE_PHASH,Hamming=10,10,Leaf_Spot,Rhizome_Disease_Roots,5c63ece055b3dd20f446b13556e878761f313bd4742be6c1d006ae4b4ec866ad,dedf2d9306dfb93c43063f67c4400508fe0bb5a6138b865bc0149e9e0602865b
leaf_spot_(130).jpg,Rhizome Disease Root00100.JPG,Dataset_01_jtttfbx342,Dataset_02_g46dvrcvwn,NEAR_DUPLICATE_PHASH,Hamming=9,9,Leaf_Spot,Rhizome_Disease_Roots,5c63ece055b3dd20f446b13556e878761f313bd4742be6c1d006ae4b4ec866ad,bf4ec59bc4ad776c17d4ce19cc4c4a546810800711d31948a4b5f6d7ff88a60b
leaf_spot_(130).jpg,Rhizome Disease Root00104.JPG,Dataset_01_jtttfbx342,Dataset_02_g46dvrcvwn,NEAR_DUPLICATE_PHASH,Hamming=9,9,Leaf_Spot,Rhizome_Disease_Roots,5c63ece055b3dd20f446b13556e878761f313bd4742be6c1d006ae4b4ec866ad,a905597c339e72f33825988e552f738b456b023b15f02a23546a7d5ccccbf7fe
leaf_spot_(130).jpg,Rhizome Disease Root00108.JPG,Dataset_01_jtttfbx342,Dataset_02_g46dvrcvwn,NEAR_DUPLICATE_PHASH,Hamming=10,10,Leaf_Spot,Rhizome_Disease_Roots,5c63ece055b3dd20f446b13556e878761f313bd4742be6c1d006ae4b4ec866ad,fa6b8eb8029c35c84b3dd6988ff45733a0cbc5ba5532d4c88d1db7643118aa4a
leaf_spot_(130).jpg,Rhizome Disease Root00109.JPG,Dataset_01_jtttfbx342,Dataset_02_g46dvrcvwn,NEAR_DUPLICATE_PHASH,Hamming=10,10,Leaf_Spot,Rhizome_Disease_Roots,5c63ece055b3dd20f446b13556e878761f313bd4742be6c1d006ae4b4ec866ad,f0c627b63b768afb39ae808c03bc62bcc065f94fbbbfb48b32fec6d423d28a8d
leaf_spot_(130).jpg,Rhizome Disease Root00114.JPG,Dataset_01_jtttfbx342,Dataset_02_g46dvrcvwn,NEAR_DUPLICATE_PHASH,Hamming=6,6,Leaf_Spot,Rhizome_Disease_Roots,5c63ece055b3dd20f446b13556e878761f313bd4742be6c1d006ae4b4ec866ad,3a652734257559efc017044a527d4be6683a935a05e18c03b9115f80560df8be
leaf_spot_(130).jpg,Rhizome Disease Root00122.JPG,Dataset_01_jtttfbx342,Dataset_02_g46dvrcvwn,NEAR_DUPLICATE_PHASH,Hamming=8,8,Leaf_Spot,Rhizome_Disease_Roots,5c63ece055b3dd20f446b13556e878761f313bd4742be6c1d006ae4b4ec866ad,ee9ac8de7a3d02ea275700cbbd3b3a68a3ec4f5cb8d9bdd44a484d2076307258
leaf_spot_(130).jpg,Rhizome Disease Root00135.JPG,Dataset_01_jtttfbx342,Dataset_02_g46dvrcvwn,NEAR_DUPLICATE_PHASH,Hamming=8,8,Leaf_Spot,Rhizome_Disease_Roots,5c63ece055b3dd20f446b13556e878761f313bd4742be6c1d006ae4b4ec866ad,8e91e44e52bc868ee19f622f2ce3184f57305d6db34af7bc650a337cb30b0fde
leaf_spot_(130).jpg,Rhizome Healthy Root00105.JPG,Dataset_01_jtttfbx342,Dataset_02_g46dvrcvwn,NEAR_DUPLICATE_PHASH,Hamming=10,10,Leaf_Spot,Rhizome_Healthy_Roots,5c63ece055b3dd20f446b13556e878761f313bd4742be6c1d006ae4b4ec866ad,a2fcddb1e0a5ba244dbb5b164d340f19134e3e15c383d7fff18cf654f226249f
leaf_spot_(130).jpg,Rhizome Healthy Root00106.JPG,Dataset_01_jtttfbx342,Dataset_02_g46dvrcvwn,NEAR_DUPLICATE_PHASH,Hamming=9,9,Leaf_Spot,Rhizome_Healthy_Roots,5c63ece055b3dd20f446b13556e878761f313bd4742be6c1d006ae4b4ec866ad,792099df3f2fb91a62d25fc739635a820e6c5be3fb678f74f5b5b0d40f2c3209
leaf_spot_(130).jpg,Rhizome Healthy Root00258.JPG,Dataset_01_jtttfbx342,Dataset_02_g46dvrcvwn,NEAR_DUPLICATE_PHASH,Hamming=10,10,Leaf_Spot,Rhizome_Healthy_Roots,5c63ece055b3dd20f446b13556e878761f313bd4742be6c1d006ae4b4ec866ad,741a6e06ca571fd5eea19c54fbb3ea01caa6353c419ec5110589eb77afea706b
leaf_spot_(130).jpg,Rhizome Healthy Root00259.JPG,Dataset_01_jtttfbx342,Dataset_02_g46dvrcvwn,NEAR_DUPLICATE_PHASH,Hamming=10,10,Leaf_Spot,Rhizome_Healthy_Roots,5c63ece055b3dd20f446b13556e878761f313bd4742be6c1d006ae4b4ec866ad,45c743c461da026078195557e59118c3798f11d2f7e4b651d75108b4a006ce6d
leaf_spot_(130).jpg,Rhizome Healthy Root00279.JPG,Dataset_01_jtttfbx342,Dataset_02_g46dvrcvwn,NEAR_DUPLICATE_PHASH,Hamming=10,10,Leaf_Spot,Rhizome_Healthy_Roots,5c63ece055b3dd20f446b13556e878761f313bd4742be6c1d006ae4b4ec866ad,97a26b9d2ee6ac615c57f888738dd4ede40f799fb65686dcf6ba1958b86eff48
leaf_spot_(130).jpg,Rhizome Healthy Root00280.JPG,Dataset_01_jtttfbx342,Dataset_02_g46dvrcvwn,NEAR_DUPLICATE_PHASH,Hamming=10,10,Leaf_Spot,Rhizome_Healthy_Roots,5c63ece055b3dd20f446b13556e878761f313bd4742be6c1d006ae4b4ec866ad,d9a71f80077fa2eabdb4058ffc6feab0203557641e7d1dd0c423982ee4f385c7
leaf_spot_(130).jpg,Rhizome Healthy Root00281.JPG,Dataset_01_jtttfbx342,Dataset_02_g46dvrcvwn,NEAR_DUPLICATE_PHASH,Hamming=10,10,Leaf_Spot,Rhizome_Healthy_Roots,5c63ece055b3dd20f446b13556e878761f313bd4742be6c1d006ae4b4ec866ad,ca63a8e20a20ef7821ec2db1ea71e4c4c929571bf22458f59d8d37c772e6c58b
leaf_spot_(130).jpg,Rhizome Healthy Root00283.JPG,Dataset_01_jtttfbx342,Dataset_02_g46dvrcvwn,NEAR_DUPLICATE_PHASH,Hamming=10,10,Leaf_Spot,Rhizome_Healthy_Roots,5c63ece055b3dd20f446b13556e878761f313bd4742be6c1d006ae4b4ec866ad,21114b0aaefd71c4365a3a994c4bd9a75e35d1637dee915a954e5ae34c645bea
leaf_spot_(130).jpg,Rhizome Healthy Root00286.JPG,Dataset_01_jtttfbx342,Dataset_02_g46dvrcvwn,NEAR_DUPLICATE_PHASH,Hamming=10,10,Leaf_Spot,Rhizome_Healthy_Roots,5c63ece055b3dd20f446b13556e878761f313bd4742be6c1d006ae4b4ec866ad,2a97b39eba2cd7fd67b6ebfeb8d559268366bd541fb27393efd1159d80f5b656
leaf_spot_(130).jpg,Rhizome Healthy Root00287.JPG,Dataset_01_jtttfbx342,Dataset_02_g46dvrcvwn,NEAR_DUPLICATE_PHASH,Hamming=10,10,Leaf_Spot,Rhizome_Healthy_Roots,5c63ece055b3dd20f446b13556e878761f313bd4742be6c1d006ae4b4ec866ad,9092ce7d30b63255c3ef56124692bb99edadfc18997068852808e3f92272d06a
leaf_spot_(130).jpg,Rhizome Healthy Root00288.JPG,Dataset_01_jtttfbx342,Dataset_02_g46dvrcvwn,NEAR_DUPLICATE_PHASH,Hamming=10,10,Leaf_Spot,Rhizome_Healthy_Roots,5c63ece055b3dd20f446b13556e878761f313bd4742be6c1d006ae4b4ec866ad,ec99b8839934fcab11b5f21615d333c9a18470d43c8c3faa318ba78046688f4c
leaf_spot_(130).jpg,Rhizome Healthy Root00289.JPG,Dataset_01_jtttfbx342,Dataset_02_g46dvrcvwn,NEAR_DUPLICATE_PHASH,Hamming=10,10,Leaf_Spot,Rhizome_Healthy_Roots,5c63ece055b3dd20f446b13556e878761f313bd4742be6c1d006ae4b4ec866ad,03e7edbda1927228f0ff7011ff44e3d3a9b78937dac23f0a7e1a86cf22b4fb6c
leaf_spot_(130).jpg,Rhizome Healthy Root00298.JPG,Dataset_01_jtttfbx342,Dataset_02_g46dvrcvwn,NEAR_DUPLICATE_PHASH,Hamming=10,10,Leaf_Spot,Rhizome_Healthy_Roots,5c63ece055b3dd20f446b13556e878761f313bd4742be6c1d006ae4b4ec866ad,2783c1890cd370aeaac62205f04cd2f8e6dbd23c5f0a56b5e3406893bed3c47f
leaf_spot_(130).jpg,Rhizome Healthy Root00302.JPG,Dataset_01_jtttfbx342,Dataset_02_g46dvrcvwn,NEAR_DUPLICATE_PHASH,Hamming=9,9,Leaf_Spot,Rhizome_Healthy_Roots,5c63ece055b3dd20f446b13556e878761f313bd4742be6c1d006ae4b4ec866ad,1b056c0bec593d0fb2c3b1ab4b9d24f80ed054d4ea4c181663cd9794f0288604
leaf_spot_(130).jpg,Rhizome Healthy Root00303.JPG,Dataset_01_jtttfbx342,Dataset_02_g46dvrcvwn,NEAR_DUPLICATE_PHASH,Hamming=10,10,Leaf_Spot,Rhizome_Healthy_Roots,5c63ece055b3dd20f446b13556e878761f313bd4742be6c1d006ae4b4ec866ad,67b3e63120ef420e06cb311a4b97a1c1cb953fa026bae3e4e864d26264f1d837
leaf_spot_(131).jpg,Dry Leaf00082.JPG,Dataset_01_jtttfbx342,Dataset_02_g46dvrcvwn,NEAR_DUPLICATE_PHASH,Hamming=9,9,Leaf_Spot,Dry_Leaf,48695cff0a088bedd5fbcf1ec765ea5ab7a1ff8e6cbe3970e3ffb1ba705d75e3,0fef36b29f2c7149a46f1781d1a4edbd110d22d5b39a80b27eba7248551a7943
leaf_spot_(131).jpg,Dry Leaf00122.JPG,Dataset_01_jtttfbx342,Dataset_02_g46dvrcvwn,NEAR_DUPLICATE_PHASH,Hamming=9,9,Leaf_Spot,Dry_Leaf,48695cff0a088bedd5fbcf1ec765ea5ab7a1ff8e6cbe3970e3ffb1ba705d75e3,f4c98e627b86f34d545dfa70f914b5a3482f9dac29e37e4277a46b7a042753b4
leaf_spot_(131).jpg,Dry Leaf00189.JPG,Dataset_01_jtttfbx342,Dataset_02_g46dvrcvwn,NEAR_DUPLICATE_PHASH,Hamming=10,10,Leaf_Spot,Dry_Leaf,48695cff0a088bedd5fbcf1ec765ea5ab7a1ff8e6cbe3970e3ffb1ba705d75e3,e9931494175e3e5645f934f7f99fdc81a783ad520fb0078cef333cb05cb65fce
leaf_spot_(131).jpg,Leaf Blotch00005.JPG,Dataset_01_jtttfbx342,Dataset_02_g46dvrcvwn,NEAR_DUPLICATE_PHASH,Hamming=10,10,Leaf_Spot,Leaf_Blotch,48695cff0a088bedd5fbcf1ec765ea5ab7a1ff8e6cbe3970e3ffb1ba705d75e3,b5226d7c1649a14108ea4d4cb07f7891e66ce892f3f25536e7c1e20665c8d718
leaf_spot_(131).jpg,Rhizome Disease Root00004.JPG,Dataset_01_jtttfbx342,Dataset_02_g46dvrcvwn,NEAR_DUPLICATE_PHASH,Hamming=10,10,Leaf_Spot,Rhizome_Disease_Roots,48695cff0a088bedd5fbcf1ec765ea5ab7a1ff8e6cbe3970e3ffb1ba705d75e3,6f6e64319c0d1bab197b171a1f9a7efdec00a918a246926057b9e33d25fb5eee
leaf_spot_(131).jpg,Rhizome Disease Root00031.JPG,Dataset_01_jtttfbx342,Dataset_02_g46dvrcvwn,NEAR_DUPLICATE_PHASH,Hamming=10,10,Leaf_Spot,Rhizome_Disease_Roots,48695cff0a088bedd5fbcf1ec765ea5ab7a1ff8e6cbe3970e3ffb1ba705d75e3,dedf2d9306dfb93c43063f67c4400508fe0bb5a6138b865bc0149e9e0602865b
leaf_spot_(131).jpg,Rhizome Disease Root00108.JPG,Dataset_01_jtttfbx342,Dataset_02_g46dvrcvwn,NEAR_DUPLICATE_PHASH,Hamming=8,8,Leaf_Spot,Rhizome_Disease_Roots,48695cff0a088bedd5fbcf1ec765ea5ab7a1ff8e6cbe3970e3ffb1ba705d75e3,fa6b8eb8029c35c84b3dd6988ff45733a0cbc5ba5532d4c88d1db7643118aa4a
leaf_spot_(131).jpg,Rhizome Disease Root00109.JPG,Dataset_01_jtttfbx342,Dataset_02_g46dvrcvwn,NEAR_DUPLICATE_PHASH,Hamming=10,10,Leaf_Spot,Rhizome_Disease_Roots,48695cff0a088bedd5fbcf1ec765ea5ab7a1ff8e6cbe3970e3ffb1ba705d75e3,f0c627b63b768afb39ae808c03bc62bcc065f94fbbbfb48b32fec6d423d28a8d
leaf_spot_(131).jpg,Rhizome Disease Root00114.JPG,Dataset_01_jtttfbx342,Dataset_02_g46dvrcvwn,NEAR_DUPLICATE_PHASH,Hamming=6,6,Leaf_Spot,Rhizome_Disease_Roots,48695cff0a088bedd5fbcf1ec765ea5ab7a1ff8e6cbe3970e3ffb1ba705d75e3,3a652734257559efc017044a527d4be6683a935a05e18c03b9115f80560df8be
leaf_spot_(131).jpg,Rhizome Disease Root00122.JPG,Dataset_01_jtttfbx342,Dataset_02_g46dvrcvwn,NEAR_DUPLICATE_PHASH,Hamming=10,10,Leaf_Spot,Rhizome_Disease_Roots,48695cff0a088bedd5fbcf1ec765ea5ab7a1ff8e6cbe3970e3ffb1ba705d75e3,ee9ac8de7a3d02ea275700cbbd3b3a68a3ec4f5cb8d9bdd44a484d2076307258
leaf_spot_(131).jpg,Rhizome Disease Root00176.JPG,Dataset_01_jtttfbx342,Dataset_02_g46dvrcvwn,NEAR_DUPLICATE_PHASH,Hamming=10,10,Leaf_Spot,Rhizome_Disease_Roots,48695cff0a088bedd5fbcf1ec765ea5ab7a1ff8e6cbe3970e3ffb1ba705d75e3,4f668ea4799377a46be43218163c55f7774abdc0b33fc941041410a16945444d
leaf_spot_(131).jpg,Rhizome Healthy Root00024.JPG,Dataset_01_jtttfbx342,Dataset_02_g46dvrcvwn,NEAR_DUPLICATE_PHASH,Hamming=10,10,Leaf_Spot,Rhizome_Healthy_Roots,48695cff0a088bedd5fbcf1ec765ea5ab7a1ff8e6cbe3970e3ffb1ba705d75e3,aee3163751aae1c2194e061cc5be15c4ec5e2688c78c5e434db62615e22b0429
leaf_spot_(131).jpg,Rhizome Healthy Root00027.JPG,Dataset_01_jtttfbx342,Dataset_02_g46dvrcvwn,NEAR_DUPLICATE_PHASH,Hamming=10,10,Leaf_Spot,Rhizome_Healthy_Roots,48695cff0a088bedd5fbcf1ec765ea5ab7a1ff8e6cbe3970e3ffb1ba705d75e3,581455dd1795265737fcdb0c98151c8efd0e53c4bbdfed210adc16f86b63a000
leaf_spot_(131).jpg,Rhizome Healthy Root00029.JPG,Dataset_01_jtttfbx342,Dataset_02_g46dvrcvwn,NEAR_DUPLICATE_PHASH,Hamming=9,9,Leaf_Spot,Rhizome_Healthy_Roots,48695cff0a088bedd5fbcf1ec765ea5ab7a1ff8e6cbe3970e3ffb1ba705d75e3,3835df92135db2ba80f4dc67dd51d4ab10db2fd18fa835a53280dd4318d1c91a
leaf_spot_(131).jpg,Rhizome Healthy Root00030.JPG,Dataset_01_jtttfbx342,Dataset_02_g46dvrcvwn,NEAR_DUPLICATE_PHASH,Hamming=9,9,Leaf_Spot,Rhizome_Healthy_Roots,48695cff0a088bedd5fbcf1ec765ea5ab7a1ff8e6cbe3970e3ffb1ba705d75e3,5ce7923d7a7e7b4bd048f205c90e9a9a8d400d2fd8cf48fec15ac85b74cc3468
leaf_spot_(131).jpg,Rhizome Healthy Root00031.JPG,Dataset_01_jtttfbx342,Dataset_02_g46dvrcvwn,NEAR_DUPLICATE_PHASH,Hamming=9,9,Leaf_Spot,Rhizome_Healthy_Roots,48695cff0a088bedd5fbcf1ec765ea5ab7a1ff8e6cbe3970e3ffb1ba705d75e3,be1d95036007d6dc54776a298c8ed737b1c2ae0a0b8d9720d368b6fd64dfef46
leaf_spot_(131).jpg,Rhizome Healthy Root00102.JPG,Dataset_01_jtttfbx342,Dataset_02_g46dvrcvwn,NEAR_DUPLICATE_PHASH,Hamming=9,9,Leaf_Spot,Rhizome_Healthy_Roots,48695cff0a088bedd5fbcf1ec765ea5ab7a1ff8e6cbe3970e3ffb1ba705d75e3,42ed63fbc1a84d627ef27ec356342cf7d62182b1cfb585f9cbc082ed88702993
leaf_spot_(131).jpg,Rhizome Healthy Root00103.JPG,Dataset_01_jtttfbx342,Dataset_02_g46dvrcvwn,NEAR_DUPLICATE_PHASH,Hamming=9,9,Leaf_Spot,Rhizome_Healthy_Roots,48695cff0a088bedd5fbcf1ec765ea5ab7a1ff8e6cbe3970e3ffb1ba705d75e3,1a182a290d5ec92d08bc0bb7826ce7992966ad9ac025b6731f8d48f1b0071cec
leaf_spot_(131).jpg,Rhizome Healthy Root00104.JPG,Dataset_01_jtttfbx342,Dataset_02_g46dvrcvwn,NEAR_DUPLICATE_PHASH,Hamming=8,8,Leaf_Spot,Rhizome_Healthy_Roots,48695cff0a088bedd5fbcf1ec765ea5ab7a1ff8e6cbe3970e3ffb1ba705d75e3,c6e84c358fef466d5d651d6badc72f487938a8971667c64a8b9cd6ba4e2a15f6
leaf_spot_(131).jpg,Rhizome Healthy Root00105.JPG,Dataset_01_jtttfbx342,Dataset_02_g46dvrcvwn,NEAR_DUPLICATE_PHASH,Hamming=10,10,Leaf_Spot,Rhizome_Healthy_Roots,48695cff0a088bedd5fbcf1ec765ea5ab7a1ff8e6cbe3970e3ffb1ba705d75e3,a2fcddb1e0a5ba244dbb5b164d340f19134e3e15c383d7fff18cf654f226249f
leaf_spot_(131).jpg,Rhizome Healthy Root00106.JPG,Dataset_01_jtttfbx342,Dataset_02_g46dvrcvwn,NEAR_DUPLICATE_PHASH,Hamming=9,9,Leaf_Spot,Rhizome_Healthy_Roots,48695cff0a088bedd5fbcf1ec765ea5ab7a1ff8e6cbe3970e3ffb1ba705d75e3,792099df3f2fb91a62d25fc739635a820e6c5be3fb678f74f5b5b0d40f2c3209
leaf_spot_(131).jpg,Rhizome Healthy Root00198.JPG,Dataset_01_jtttfbx342,Dataset_02_g46dvrcvwn,NEAR_DUPLICATE_PHASH,Hamming=10,10,Leaf_Spot,Rhizome_Healthy_Roots,48695cff0a088bedd5fbcf1ec765ea5ab7a1ff8e6cbe3970e3ffb1ba705d75e3,dcd362ff05f693cd0d5729594d6880236cf0b71b68820e3fd5f3d65483ccde1a
leaf_spot_(131).jpg,Rhizome Healthy Root00258.JPG,Dataset_01_jtttfbx342,Dataset_02_g46dvrcvwn,NEAR_DUPLICATE_PHASH,Hamming=10,10,Leaf_Spot,Rhizome_Healthy_Roots,48695cff0a088bedd5fbcf1ec765ea5ab7a1ff8e6cbe3970e3ffb1ba705d75e3,741a6e06ca571fd5eea19c54fbb3ea01caa6353c419ec5110589eb77afea706b
leaf_spot_(131).jpg,Rhizome Healthy Root00298.JPG,Dataset_01_jtttfbx342,Dataset_02_g46dvrcvwn,NEAR_DUPLICATE_PHASH,Hamming=10,10,Leaf_Spot,Rhizome_Healthy_Roots,48695cff0a088bedd5fbcf1ec765ea5ab7a1ff8e6cbe3970e3ffb1ba705d75e3,2783c1890cd370aeaac62205f04cd2f8e6dbd23c5f0a56b5e3406893bed3c47f
leaf_spot_(131).jpg,Rhizome Healthy Root00302.JPG,Dataset_01_jtttfbx342,Dataset_02_g46dvrcvwn,NEAR_DUPLICATE_PHASH,Hamming=9,9,Leaf_Spot,Rhizome_Healthy_Roots,48695cff0a088bedd5fbcf1ec765ea5ab7a1ff8e6cbe3970e3ffb1ba705d75e3,1b056c0bec593d0fb2c3b1ab4b9d24f80ed054d4ea4c181663cd9794f0288604
leaf_spot_(131).jpg,Rhizome Healthy Root00303.JPG,Dataset_01_jtttfbx342,Dataset_02_g46dvrcvwn,NEAR_DUPLICATE_PHASH,Hamming=10,10,Leaf_Spot,Rhizome_Healthy_Roots,48695cff0a088bedd5fbcf1ec765ea5ab7a1ff8e6cbe3970e3ffb1ba705d75e3,67b3e63120ef420e06cb311a4b97a1c1cb953fa026bae3e4e864d26264f1d837
leaf_spot_(133).jpg,Dry Leaf00082.JPG,Dataset_01_jtttfbx342,Dataset_02_g46dvrcvwn,NEAR_DUPLICATE_PHASH,Hamming=7,7,Leaf_Spot,Dry_Leaf,65c91fcf8b6724c1c817c3c8f1d8cf5f32efab85ab9f4dd6f4f5f39229086253,0fef36b29f2c7149a46f1781d1a4edbd110d22d5b39a80b27eba7248551a7943
leaf_spot_(133).jpg,Dry Leaf00122.JPG,Dataset_01_jtttfbx342,Dataset_02_g46dvrcvwn,NEAR_DUPLICATE_PHASH,Hamming=9,9,Leaf_Spot,Dry_Leaf,65c91fcf8b6724c1c817c3c8f1d8cf5f32efab85ab9f4dd6f4f5f39229086253,f4c98e627b86f34d545dfa70f914b5a3482f9dac29e37e4277a46b7a042753b4
leaf_spot_(133).jpg,Dry Leaf00138.JPG,Dataset_01_jtttfbx342,Dataset_02_g46dvrcvwn,NEAR_DUPLICATE_PHASH,Hamming=9,9,Leaf_Spot,Dry_Leaf,65c91fcf8b6724c1c817c3c8f1d8cf5f32efab85ab9f4dd6f4f5f39229086253,48a137a521fcf8c5bf0f80670022143942508551f0f3047e9f590ff294fc2316
leaf_spot_(133).jpg,Dry Leaf00143.JPG,Dataset_01_jtttfbx342,Dataset_02_g46dvrcvwn,NEAR_DUPLICATE_PHASH,Hamming=7,7,Leaf_Spot,Dry_Leaf,65c91fcf8b6724c1c817c3c8f1d8cf5f32efab85ab9f4dd6f4f5f39229086253,264aaf55af985e2d563adbfe4338e6d7666deb78327e547e536cc5a3f2933d56
leaf_spot_(133).jpg,Dry Leaf00189.JPG,Dataset_01_jtttfbx342,Dataset_02_g46dvrcvwn,NEAR_DUPLICATE_PHASH,Hamming=10,10,Leaf_Spot,Dry_Leaf,65c91fcf8b6724c1c817c3c8f1d8cf5f32efab85ab9f4dd6f4f5f39229086253,e9931494175e3e5645f934f7f99fdc81a783ad520fb0078cef333cb05cb65fce
leaf_spot_(133).jpg,Rhizome Disease Root00114.JPG,Dataset_01_jtttfbx342,Dataset_02_g46dvrcvwn,NEAR_DUPLICATE_PHASH,Hamming=10,10,Leaf_Spot,Rhizome_Disease_Roots,65c91fcf8b6724c1c817c3c8f1d8cf5f32efab85ab9f4dd6f4f5f39229086253,3a652734257559efc017044a527d4be6683a935a05e18c03b9115f80560df8be
leaf_spot_(133).jpg,Rhizome Healthy Root00232.JPG,Dataset_01_jtttfbx342,Dataset_02_g46dvrcvwn,NEAR_DUPLICATE_PHASH,Hamming=10,10,Leaf_Spot,Rhizome_Healthy_Roots,65c91fcf8b6724c1c817c3c8f1d8cf5f32efab85ab9f4dd6f4f5f39229086253,bc937e060206b7ac479f3eee51788f6e75bc98567118a529ef1b20784b1f366c
leaf_spot_(132).jpg,Dry Leaf00082.JPG,Dataset_01_jtttfbx342,Dataset_02_g46dvrcvwn,NEAR_DUPLICATE_PHASH,Hamming=7,7,Leaf_Spot,Dry_Leaf,80d804c764862a20175b96cad825a52089d168a4732c167277cdd5980d75b631,0fef36b29f2c7149a46f1781d1a4edbd110d22d5b39a80b27eba7248551a7943
leaf_spot_(132).jpg,Dry Leaf00122.JPG,Dataset_01_jtttfbx342,Dataset_02_g46dvrcvwn,NEAR_DUPLICATE_PHASH,Hamming=7,7,Leaf_Spot,Dry_Leaf,80d804c764862a20175b96cad825a52089d168a4732c167277cdd5980d75b631,f4c98e627b86f34d545dfa70f914b5a3482f9dac29e37e4277a46b7a042753b4
leaf_spot_(132).jpg,Dry Leaf00138.JPG,Dataset_01_jtttfbx342,Dataset_02_g46dvrcvwn,NEAR_DUPLICATE_PHASH,Hamming=9,9,Leaf_Spot,Dry_Leaf,80d804c764862a20175b96cad825a52089d168a4732c167277cdd5980d75b631,48a137a521fcf8c5bf0f80670022143942508551f0f3047e9f590ff294fc2316
leaf_spot_(132).jpg,Dry Leaf00143.JPG,Dataset_01_jtttfbx342,Dataset_02_g46dvrcvwn,NEAR_DUPLICATE_PHASH,Hamming=7,7,Leaf_Spot,Dry_Leaf,80d804c764862a20175b96cad825a52089d168a4732c167277cdd5980d75b631,264aaf55af985e2d563adbfe4338e6d7666deb78327e547e536cc5a3f2933d56
leaf_spot_(132).jpg,Rhizome Disease Root00114.JPG,Dataset_01_jtttfbx342,Dataset_02_g46dvrcvwn,NEAR_DUPLICATE_PHASH,Hamming=10,10,Leaf_Spot,Rhizome_Disease_Roots,80d804c764862a20175b96cad825a52089d168a4732c167277cdd5980d75b631,3a652734257559efc017044a527d4be6683a935a05e18c03b9115f80560df8be
leaf_spot_(132).jpg,Rhizome Healthy Root00105.JPG,Dataset_01_jtttfbx342,Dataset_02_g46dvrcvwn,NEAR_DUPLICATE_PHASH,Hamming=10,10,Leaf_Spot,Rhizome_Healthy_Roots,80d804c764862a20175b96cad825a52089d168a4732c167277cdd5980d75b631,a2fcddb1e0a5ba244dbb5b164d340f19134e3e15c383d7fff18cf654f226249f
leaf_spot_(132).jpg,Rhizome Healthy Root00106.JPG,Dataset_01_jtttfbx342,Dataset_02_g46dvrcvwn,NEAR_DUPLICATE_PHASH,Hamming=9,9,Leaf_Spot,Rhizome_Healthy_Roots,80d804c764862a20175b96cad825a52089d168a4732c167277cdd5980d75b631,792099df3f2fb91a62d25fc739635a820e6c5be3fb678f74f5b5b0d40f2c3209
leaf_spot_(134).jpg,Dry Leaf00079.JPG,Dataset_01_jtttfbx342,Dataset_02_g46dvrcvwn,NEAR_DUPLICATE_PHASH,Hamming=10,10,Leaf_Spot,Dry_Leaf,ec9c68eced800415583bfc1d2e87897999f1c6651714f28c1fa99f19dfff45aa,1f6e087d7212035df77783d7de4752f7700ec05b7df4e4a76f3f7282d7157451
leaf_spot_(134).jpg,Dry Leaf00100.JPG,Dataset_01_jtttfbx342,Dataset_02_g46dvrcvwn,NEAR_DUPLICATE_PHASH,Hamming=9,9,Leaf_Spot,Dry_Leaf,ec9c68eced800415583bfc1d2e87897999f1c6651714f28c1fa99f19dfff45aa,b59ac801dc168808d912a67b0bef41184f32dbaf6a28275e3499663538cb2fb2
leaf_spot_(134).jpg,Dry Leaf00132.JPG,Dataset_01_jtttfbx342,Dataset_02_g46dvrcvwn,NEAR_DUPLICATE_PHASH,Hamming=10,10,Leaf_Spot,Dry_Leaf,ec9c68eced800415583bfc1d2e87897999f1c6651714f28c1fa99f19dfff45aa,6ad1984ab2f5869d796580739ddc3fde3e5a24608a21d4b99e04304fa8f4d850
leaf_spot_(134).jpg,Rhizome Disease Root00114.JPG,Dataset_01_jtttfbx342,Dataset_02_g46dvrcvwn,NEAR_DUPLICATE_PHASH,Hamming=8,8,Leaf_Spot,Rhizome_Disease_Roots,ec9c68eced800415583bfc1d2e87897999f1c6651714f28c1fa99f19dfff45aa,3a652734257559efc017044a527d4be6683a935a05e18c03b9115f80560df8be
leaf_spot_(134).jpg,Rhizome Disease Root00119.JPG,Dataset_01_jtttfbx342,Dataset_02_g46dvrcvwn,NEAR_DUPLICATE_PHASH,Hamming=10,10,Leaf_Spot,Rhizome_Disease_Roots,ec9c68eced800415583bfc1d2e87897999f1c6651714f28c1fa99f19dfff45aa,3860ca121dc7be8a9b92246d9524d17e1638a64bf917d306d2677a941a170454
leaf_spot_(134).jpg,Rhizome Healthy Root00104.JPG,Dataset_01_jtttfbx342,Dataset_02_g46dvrcvwn,NEAR_DUPLICATE_PHASH,Hamming=10,10,Leaf_Spot,Rhizome_Healthy_Roots,ec9c68eced800415583bfc1d2e87897999f1c6651714f28c1fa99f19dfff45aa,c6e84c358fef466d5d651d6badc72f487938a8971667c64a8b9cd6ba4e2a15f6
leaf_spot_(135).jpg,Dry Leaf00146.JPG,Dataset_01_jtttfbx342,Dataset_02_g46dvrcvwn,NEAR_DUPLICATE_PHASH,Hamming=10,10,Leaf_Spot,Dry_Leaf,398095e4e2c6b5da0cf46949f121a1560edc0cf8608eb0068e0bbd6ef2da6419,b854f374c9ddd4b3b8e59c133547a6b7367e59a23040ce57c8f1a592c753a0e1
leaf_spot_(136).jpg,Dry Leaf00106.JPG,Dataset_01_jtttfbx342,Dataset_02_g46dvrcvwn,NEAR_DUPLICATE_PHASH,Hamming=9,9,Leaf_Spot,Dry_Leaf,4c1ef0d741574b1d306d1242c03b7a6e69a404427d89cff562a3765be9316f17,bf51d86e769f79565126a609d7663982a5939e707036279be63053b07f71726b
leaf_spot_(136).jpg,Dry Leaf00143.JPG,Dataset_01_jtttfbx342,Dataset_02_g46dvrcvwn,NEAR_DUPLICATE_PHASH,Hamming=10,10,Leaf_Spot,Dry_Leaf,4c1ef0d741574b1d306d1242c03b7a6e69a404427d89cff562a3765be9316f17,264aaf55af985e2d563adbfe4338e6d7666deb78327e547e536cc5a3f2933d56
leaf_spot_(137).jpg,Dry Leaf00179.JPG,Dataset_01_jtttfbx342,Dataset_02_g46dvrcvwn,NEAR_DUPLICATE_PHASH,Hamming=9,9,Leaf_Spot,Dry_Leaf,a4211847c72bdbe5079a951b84d1a3e358b3410dc5a0b5af82fc0e4ecddd0c56,200dca98c8c3f3b9d0a8e0c4afbe44b6adeaa8bdbf03385c2c9485f8b0999b0e
leaf_spot_(138).jpg,Dry Leaf00082.JPG,Dataset_01_jtttfbx342,Dataset_02_g46dvrcvwn,NEAR_DUPLICATE_PHASH,Hamming=10,10,Leaf_Spot,Dry_Leaf,f9558ea6284bd345d6d19b2277905e5df5b00a5203ffe43c186282b1fdb77628,0fef36b29f2c7149a46f1781d1a4edbd110d22d5b39a80b27eba7248551a7943
leaf_spot_(138).jpg,Dry Leaf00143.JPG,Dataset_01_jtttfbx342,Dataset_02_g46dvrcvwn,NEAR_DUPLICATE_PHASH,Hamming=10,10,Leaf_Spot,Dry_Leaf,f9558ea6284bd345d6d19b2277905e5df5b00a5203ffe43c186282b1fdb77628,264aaf55af985e2d563adbfe4338e6d7666deb78327e547e536cc5a3f2933d56
leaf_spot_(138).jpg,Leaf Blotch00011.JPG,Dataset_01_jtttfbx342,Dataset_02_g46dvrcvwn,NEAR_DUPLICATE_PHASH,Hamming=10,10,Leaf_Spot,Leaf_Blotch,f9558ea6284bd345d6d19b2277905e5df5b00a5203ffe43c186282b1fdb77628,eb7a12979ed145ac65973d93bb68efb106fa425b3fffce4aaac857552e900cb6
leaf_spot_(138).jpg,Rhizome Healthy Root00029.JPG,Dataset_01_jtttfbx342,Dataset_02_g46dvrcvwn,NEAR_DUPLICATE_PHASH,Hamming=10,10,Leaf_Spot,Rhizome_Healthy_Roots,f9558ea6284bd345d6d19b2277905e5df5b00a5203ffe43c186282b1fdb77628,3835df92135db2ba80f4dc67dd51d4ab10db2fd18fa835a53280dd4318d1c91a
leaf_spot_(138).jpg,Rhizome Healthy Root00030.JPG,Dataset_01_jtttfbx342,Dataset_02_g46dvrcvwn,NEAR_DUPLICATE_PHASH,Hamming=10,10,Leaf_Spot,Rhizome_Healthy_Roots,f9558ea6284bd345d6d19b2277905e5df5b00a5203ffe43c186282b1fdb77628,5ce7923d7a7e7b4bd048f205c90e9a9a8d400d2fd8cf48fec15ac85b74cc3468
leaf_spot_(138).jpg,Rhizome Healthy Root00031.JPG,Dataset_01_jtttfbx342,Dataset_02_g46dvrcvwn,NEAR_DUPLICATE_PHASH,Hamming=10,10,Leaf_Spot,Rhizome_Healthy_Roots,f9558ea6284bd345d6d19b2277905e5df5b00a5203ffe43c186282b1fdb77628,be1d95036007d6dc54776a298c8ed737b1c2ae0a0b8d9720d368b6fd64dfef46
leaf_spot_(139).jpg,Rhizome Disease Root00135.JPG,Dataset_01_jtttfbx342,Dataset_02_g46dvrcvwn,NEAR_DUPLICATE_PHASH,Hamming=10,10,Leaf_Spot,Rhizome_Disease_Roots,af5b01f17b15dee05169656d2263938707ea957b4c68015b2c27245da37f02bc,8e91e44e52bc868ee19f622f2ce3184f57305d6db34af7bc650a337cb30b0fde
leaf_spot_(140).jpg,Rhizome Disease Root00008.JPG,Dataset_01_jtttfbx342,Dataset_02_g46dvrcvwn,NEAR_DUPLICATE_PHASH,Hamming=10,10,Leaf_Spot,Rhizome_Disease_Roots,ed918efd9b47167cc749a4ea4040811b37c6e34a7abc249492b5982416a4f23e,a6e77cfbf64275527984914e7fdd09c4ab1d62431b8b1b2624fef313809d1a73
leaf_spot_(141).jpg,Dry Leaf00122.JPG,Dataset_01_jtttfbx342,Dataset_02_g46dvrcvwn,NEAR_DUPLICATE_PHASH,Hamming=10,10,Leaf_Spot,Dry_Leaf,39ccca52fede74b1f190ce7e1d385497e0a5eac559be0a2218b01184c44fd257,f4c98e627b86f34d545dfa70f914b5a3482f9dac29e37e4277a46b7a042753b4
leaf_spot_(141).jpg,Rhizome Disease Root00114.JPG,Dataset_01_jtttfbx342,Dataset_02_g46dvrcvwn,NEAR_DUPLICATE_PHASH,Hamming=9,9,Leaf_Spot,Rhizome_Disease_Roots,39ccca52fede74b1f190ce7e1d385497e0a5eac559be0a2218b01184c44fd257,3a652734257559efc017044a527d4be6683a935a05e18c03b9115f80560df8be
leaf_spot_(142).jpg,Dry Leaf00079.JPG,Dataset_01_jtttfbx342,Dataset_02_g46dvrcvwn,NEAR_DUPLICATE_PHASH,Hamming=10,10,Leaf_Spot,Dry_Leaf,7157dea0d57eb6a42242145ddc67ca4082d366190a022097bed49f6bfa2122e6,1f6e087d7212035df77783d7de4752f7700ec05b7df4e4a76f3f7282d7157451
leaf_spot_(142).jpg,Dry Leaf00100.JPG,Dataset_01_jtttfbx342,Dataset_02_g46dvrcvwn,NEAR_DUPLICATE_PHASH,Hamming=9,9,Leaf_Spot,Dry_Leaf,7157dea0d57eb6a42242145ddc67ca4082d366190a022097bed49f6bfa2122e6,b59ac801dc168808d912a67b0bef41184f32dbaf6a28275e3499663538cb2fb2
leaf_spot_(142).jpg,Leaf Blotch00007.JPG,Dataset_01_jtttfbx342,Dataset_02_g46dvrcvwn,NEAR_DUPLICATE_PHASH,Hamming=10,10,Leaf_Spot,Leaf_Blotch,7157dea0d57eb6a42242145ddc67ca4082d366190a022097bed49f6bfa2122e6,4250a8509a408c0c3583e12added93347b1f06a3295945af950d7fb5448e73af
leaf_spot_(142).jpg,Rhizome Disease Root00002.JPG,Dataset_01_jtttfbx342,Dataset_02_g46dvrcvwn,NEAR_DUPLICATE_PHASH,Hamming=8,8,Leaf_Spot,Rhizome_Disease_Roots,7157dea0d57eb6a42242145ddc67ca4082d366190a022097bed49f6bfa2122e6,0fc300e0ea7ddc62f4946fc9fbf45cd36189ec88678900028d6364c3dc97c7e2
leaf_spot_(142).jpg,Rhizome Disease Root00013.JPG,Dataset_01_jtttfbx342,Dataset_02_g46dvrcvwn,NEAR_DUPLICATE_PHASH,Hamming=10,10,Leaf_Spot,Rhizome_Disease_Roots,7157dea0d57eb6a42242145ddc67ca4082d366190a022097bed49f6bfa2122e6,21cf8345ed100a841b7a850368009d2c00c762a158b01d5670952d09972231bd
leaf_spot_(142).jpg,Rhizome Disease Root00119.JPG,Dataset_01_jtttfbx342,Dataset_02_g46dvrcvwn,NEAR_DUPLICATE_PHASH,Hamming=10,10,Leaf_Spot,Rhizome_Disease_Roots,7157dea0d57eb6a42242145ddc67ca4082d366190a022097bed49f6bfa2122e6,3860ca121dc7be8a9b92246d9524d17e1638a64bf917d306d2677a941a170454
leaf_spot_(142).jpg,Rhizome Disease Root00156.JPG,Dataset_01_jtttfbx342,Dataset_02_g46dvrcvwn,NEAR_DUPLICATE_PHASH,Hamming=7,7,Leaf_Spot,Rhizome_Disease_Roots,7157dea0d57eb6a42242145ddc67ca4082d366190a022097bed49f6bfa2122e6,74dd34f67eda302dad349b8f862f8e61b4d47f462574402bc9b266d43335b307
leaf_spot_(142).jpg,Rhizome Disease Root00174.JPG,Dataset_01_jtttfbx342,Dataset_02_g46dvrcvwn,NEAR_DUPLICATE_PHASH,Hamming=10,10,Leaf_Spot,Rhizome_Disease_Roots,7157dea0d57eb6a42242145ddc67ca4082d366190a022097bed49f6bfa2122e6,ecfb7eb332f9325f118c4febd130514cf65ed231d12141528bdc38f53c4e84e0
leaf_spot_(142).jpg,Rhizome Healthy Root00107.JPG,Dataset_01_jtttfbx342,Dataset_02_g46dvrcvwn,NEAR_DUPLICATE_PHASH,Hamming=10,10,Leaf_Spot,Rhizome_Healthy_Roots,7157dea0d57eb6a42242145ddc67ca4082d366190a022097bed49f6bfa2122e6,017cc054582ac4cf8d0e919aa024caa2617a290a63fbfbdb4d191d3865b199b3
leaf_spot_(142).jpg,Rhizome Healthy Root00108.JPG,Dataset_01_jtttfbx342,Dataset_02_g46dvrcvwn,NEAR_DUPLICATE_PHASH,Hamming=9,9,Leaf_Spot,Rhizome_Healthy_Roots,7157dea0d57eb6a42242145ddc67ca4082d366190a022097bed49f6bfa2122e6,18e4940395fcfda25175bff6b6cd19d48dd2ddfe0f0e68e9351caffce53c2aa0
leaf_spot_(142).jpg,Rhizome Healthy Root00109.JPG,Dataset_01_jtttfbx342,Dataset_02_g46dvrcvwn,NEAR_DUPLICATE_PHASH,Hamming=9,9,Leaf_Spot,Rhizome_Healthy_Roots,7157dea0d57eb6a42242145ddc67ca4082d366190a022097bed49f6bfa2122e6,c8566ecdf7862e79a74895206bca12089fa6d2487a25486781aeaf4fef0aaef2
leaf_spot_(142).jpg,Rhizome Healthy Root00110.JPG,Dataset_01_jtttfbx342,Dataset_02_g46dvrcvwn,NEAR_DUPLICATE_PHASH,Hamming=9,9,Leaf_Spot,Rhizome_Healthy_Roots,7157dea0d57eb6a42242145ddc67ca4082d366190a022097bed49f6bfa2122e6,64dddffe8d5261c760844e4a37a91bac73ddbed47c0aa4b934e31f60d5986398
leaf_spot_(142).jpg,Rhizome Healthy Root00274.JPG,Dataset_01_jtttfbx342,Dataset_02_g46dvrcvwn,NEAR_DUPLICATE_PHASH,Hamming=10,10,Leaf_Spot,Rhizome_Healthy_Roots,7157dea0d57eb6a42242145ddc67ca4082d366190a022097bed49f6bfa2122e6,74bce8a01426287dc6307ad09307c32b07fbae1b8b787b345704689ffa956f7f
leaf_spot_(143).jpg,Dry Leaf00122.JPG,Dataset_01_jtttfbx342,Dataset_02_g46dvrcvwn,NEAR_DUPLICATE_PHASH,Hamming=10,10,Leaf_Spot,Dry_Leaf,4219c0bb33579d572dfa4fd9b032ceff680312ef5607b966bd6595e8f9c711a3,f4c98e627b86f34d545dfa70f914b5a3482f9dac29e37e4277a46b7a042753b4
leaf_spot_(143).jpg,Leaf Blotch00011.JPG,Dataset_01_jtttfbx342,Dataset_02_g46dvrcvwn,NEAR_DUPLICATE_PHASH,Hamming=10,10,Leaf_Spot,Leaf_Blotch,4219c0bb33579d572dfa4fd9b032ceff680312ef5607b966bd6595e8f9c711a3,eb7a12979ed145ac65973d93bb68efb106fa425b3fffce4aaac857552e900cb6
leaf_spot_(143).jpg,Leaf Blotch00012.JPG,Dataset_01_jtttfbx342,Dataset_02_g46dvrcvwn,NEAR_DUPLICATE_PHASH,Hamming=10,10,Leaf_Spot,Leaf_Blotch,4219c0bb33579d572dfa4fd9b032ceff680312ef5607b966bd6595e8f9c711a3,5999901f4e5e50fa3305dd0eae3dccf7370b387d18f8b6ba3ce290e659e2fe29
leaf_spot_(143).jpg,Rhizome Disease Root00104.JPG,Dataset_01_jtttfbx342,Dataset_02_g46dvrcvwn,NEAR_DUPLICATE_PHASH,Hamming=10,10,Leaf_Spot,Rhizome_Disease_Roots,4219c0bb33579d572dfa4fd9b032ceff680312ef5607b966bd6595e8f9c711a3,a905597c339e72f33825988e552f738b456b023b15f02a23546a7d5ccccbf7fe
leaf_spot_(143).jpg,Rhizome Disease Root00105.JPG,Dataset_01_jtttfbx342,Dataset_02_g46dvrcvwn,NEAR_DUPLICATE_PHASH,Hamming=10,10,Leaf_Spot,Rhizome_Disease_Roots,4219c0bb33579d572dfa4fd9b032ceff680312ef5607b966bd6595e8f9c711a3,65ec63688e65b9e23e837bee3910e9137f792117a87a72b8ac399619f8ba65c7
leaf_spot_(143).jpg,Rhizome Disease Root00106.JPG,Dataset_01_jtttfbx342,Dataset_02_g46dvrcvwn,NEAR_DUPLICATE_PHASH,Hamming=10,10,Leaf_Spot,Rhizome_Disease_Roots,4219c0bb33579d572dfa4fd9b032ceff680312ef5607b966bd6595e8f9c711a3,609c39bc0b9a56b920bde2aa77eca2b1a4d2b155b15a4ed010ead5dc7e8bcb35
leaf_spot_(143).jpg,Rhizome Disease Root00108.JPG,Dataset_01_jtttfbx342,Dataset_02_g46dvrcvwn,NEAR_DUPLICATE_PHASH,Hamming=9,9,Leaf_Spot,Rhizome_Disease_Roots,4219c0bb33579d572dfa4fd9b032ceff680312ef5607b966bd6595e8f9c711a3,fa6b8eb8029c35c84b3dd6988ff45733a0cbc5ba5532d4c88d1db7643118aa4a
leaf_spot_(143).jpg,Rhizome Disease Root00114.JPG,Dataset_01_jtttfbx342,Dataset_02_g46dvrcvwn,NEAR_DUPLICATE_PHASH,Hamming=9,9,Leaf_Spot,Rhizome_Disease_Roots,4219c0bb33579d572dfa4fd9b032ceff680312ef5607b966bd6595e8f9c711a3,3a652734257559efc017044a527d4be6683a935a05e18c03b9115f80560df8be
leaf_spot_(143).jpg,Rhizome Disease Root00117.JPG,Dataset_01_jtttfbx342,Dataset_02_g46dvrcvwn,NEAR_DUPLICATE_PHASH,Hamming=10,10,Leaf_Spot,Rhizome_Disease_Roots,4219c0bb33579d572dfa4fd9b032ceff680312ef5607b966bd6595e8f9c711a3,705692d35d456fa6d9fd7b739f9c43a71e0749541ea9a22d4cd6b2467a9bcc85
leaf_spot_(143).jpg,Rhizome Disease Root00122.JPG,Dataset_01_jtttfbx342,Dataset_02_g46dvrcvwn,NEAR_DUPLICATE_PHASH,Hamming=9,9,Leaf_Spot,Rhizome_Disease_Roots,4219c0bb33579d572dfa4fd9b032ceff680312ef5607b966bd6595e8f9c711a3,ee9ac8de7a3d02ea275700cbbd3b3a68a3ec4f5cb8d9bdd44a484d2076307258
leaf_spot_(143).jpg,Rhizome Disease Root00142.JPG,Dataset_01_jtttfbx342,Dataset_02_g46dvrcvwn,NEAR_DUPLICATE_PHASH,Hamming=9,9,Leaf_Spot,Rhizome_Disease_Roots,4219c0bb33579d572dfa4fd9b032ceff680312ef5607b966bd6595e8f9c711a3,023c744af8d4d739f8c54334ab3150d02fad1c29fb8ddd8db5fcb87a4ce7a6b7
leaf_spot_(143).jpg,Rhizome Healthy Root00024.JPG,Dataset_01_jtttfbx342,Dataset_02_g46dvrcvwn,NEAR_DUPLICATE_PHASH,Hamming=9,9,Leaf_Spot,Rhizome_Healthy_Roots,4219c0bb33579d572dfa4fd9b032ceff680312ef5607b966bd6595e8f9c711a3,aee3163751aae1c2194e061cc5be15c4ec5e2688c78c5e434db62615e22b0429
leaf_spot_(143).jpg,Rhizome Healthy Root00027.JPG,Dataset_01_jtttfbx342,Dataset_02_g46dvrcvwn,NEAR_DUPLICATE_PHASH,Hamming=9,9,Leaf_Spot,Rhizome_Healthy_Roots,4219c0bb33579d572dfa4fd9b032ceff680312ef5607b966bd6595e8f9c711a3,581455dd1795265737fcdb0c98151c8efd0e53c4bbdfed210adc16f86b63a000
leaf_spot_(143).jpg,Rhizome Healthy Root00029.JPG,Dataset_01_jtttfbx342,Dataset_02_g46dvrcvwn,NEAR_DUPLICATE_PHASH,Hamming=8,8,Leaf_Spot,Rhizome_Healthy_Roots,4219c0bb33579d572dfa4fd9b032ceff680312ef5607b966bd6595e8f9c711a3,3835df92135db2ba80f4dc67dd51d4ab10db2fd18fa835a53280dd4318d1c91a
leaf_spot_(143).jpg,Rhizome Healthy Root00030.JPG,Dataset_01_jtttfbx342,Dataset_02_g46dvrcvwn,NEAR_DUPLICATE_PHASH,Hamming=8,8,Leaf_Spot,Rhizome_Healthy_Roots,4219c0bb33579d572dfa4fd9b032ceff680312ef5607b966bd6595e8f9c711a3,5ce7923d7a7e7b4bd048f205c90e9a9a8d400d2fd8cf48fec15ac85b74cc3468
leaf_spot_(143).jpg,Rhizome Healthy Root00031.JPG,Dataset_01_jtttfbx342,Dataset_02_g46dvrcvwn,NEAR_DUPLICATE_PHASH,Hamming=8,8,Leaf_Spot,Rhizome_Healthy_Roots,4219c0bb33579d572dfa4fd9b032ceff680312ef5607b966bd6595e8f9c711a3,be1d95036007d6dc54776a298c8ed737b1c2ae0a0b8d9720d368b6fd64dfef46
leaf_spot_(143).jpg,Rhizome Healthy Root00202.JPG,Dataset_01_jtttfbx342,Dataset_02_g46dvrcvwn,NEAR_DUPLICATE_PHASH,Hamming=10,10,Leaf_Spot,Rhizome_Healthy_Roots,4219c0bb33579d572dfa4fd9b032ceff680312ef5607b966bd6595e8f9c711a3,6390580ec762844bf6e41251c4f4d8a8fb72754923ee6cea3fc549acacb5c34a
leaf_spot_(143).jpg,Rhizome Healthy Root00205.JPG,Dataset_01_jtttfbx342,Dataset_02_g46dvrcvwn,NEAR_DUPLICATE_PHASH,Hamming=10,10,Leaf_Spot,Rhizome_Healthy_Roots,4219c0bb33579d572dfa4fd9b032ceff680312ef5607b966bd6595e8f9c711a3,247e082710a3b6620e0c48fe4669b29968438f19cbf8f54444ab3b45eb5339a9
leaf_spot_(143).jpg,Rhizome Healthy Root00207.JPG,Dataset_01_jtttfbx342,Dataset_02_g46dvrcvwn,NEAR_DUPLICATE_PHASH,Hamming=10,10,Leaf_Spot,Rhizome_Healthy_Roots,4219c0bb33579d572dfa4fd9b032ceff680312ef5607b966bd6595e8f9c711a3,50ee224f13578f078ec8d2c886bbf024f2645ba37742541bdde70e365fc815f4
leaf_spot_(143).jpg,Rhizome Healthy Root00211.JPG,Dataset_01_jtttfbx342,Dataset_02_g46dvrcvwn,NEAR_DUPLICATE_PHASH,Hamming=10,10,Leaf_Spot,Rhizome_Healthy_Roots,4219c0bb33579d572dfa4fd9b032ceff680312ef5607b966bd6595e8f9c711a3,af9481a7f55c520a63981535fc3b2b4427254bd08595b35bc60a32c0c1527320
leaf_spot_(143).jpg,Rhizome Healthy Root00212.JPG,Dataset_01_jtttfbx342,Dataset_02_g46dvrcvwn,NEAR_DUPLICATE_PHASH,Hamming=10,10,Leaf_Spot,Rhizome_Healthy_Roots,4219c0bb33579d572dfa4fd9b032ceff680312ef5607b966bd6595e8f9c711a3,0be72c09c190a65f51ff9cfb763d7b3ca7f6aa4df808bec58ee8b6ceec61d7f5
leaf_spot_(143).jpg,Rhizome Healthy Root00213.JPG,Dataset_01_jtttfbx342,Dataset_02_g46dvrcvwn,NEAR_DUPLICATE_PHASH,Hamming=10,10,Leaf_Spot,Rhizome_Healthy_Roots,4219c0bb33579d572dfa4fd9b032ceff680312ef5607b966bd6595e8f9c711a3,edb96c84b1fc8b265c010c9fb6edaa55484fb2534e0f219a25839a49f2ce5b42
leaf_spot_(143).jpg,Rhizome Healthy Root00278.JPG,Dataset_01_jtttfbx342,Dataset_02_g46dvrcvwn,NEAR_DUPLICATE_PHASH,Hamming=10,10,Leaf_Spot,Rhizome_Healthy_Roots,4219c0bb33579d572dfa4fd9b032ceff680312ef5607b966bd6595e8f9c711a3,1442a8c57d800e6bcdefd797cda6303380c6fc733c14755a8e9dbab91c739cb6
leaf_spot_(143).jpg,Rhizome Healthy Root00279.JPG,Dataset_01_jtttfbx342,Dataset_02_g46dvrcvwn,NEAR_DUPLICATE_PHASH,Hamming=9,9,Leaf_Spot,Rhizome_Healthy_Roots,4219c0bb33579d572dfa4fd9b032ceff680312ef5607b966bd6595e8f9c711a3,97a26b9d2ee6ac615c57f888738dd4ede40f799fb65686dcf6ba1958b86eff48
leaf_spot_(143).jpg,Rhizome Healthy Root00280.JPG,Dataset_01_jtttfbx342,Dataset_02_g46dvrcvwn,NEAR_DUPLICATE_PHASH,Hamming=9,9,Leaf_Spot,Rhizome_Healthy_Roots,4219c0bb33579d572dfa4fd9b032ceff680312ef5607b966bd6595e8f9c711a3,d9a71f80077fa2eabdb4058ffc6feab0203557641e7d1dd0c423982ee4f385c7
leaf_spot_(143).jpg,Rhizome Healthy Root00281.JPG,Dataset_01_jtttfbx342,Dataset_02_g46dvrcvwn,NEAR_DUPLICATE_PHASH,Hamming=9,9,Leaf_Spot,Rhizome_Healthy_Roots,4219c0bb33579d572dfa4fd9b032ceff680312ef5607b966bd6595e8f9c711a3,ca63a8e20a20ef7821ec2db1ea71e4c4c929571bf22458f59d8d37c772e6c58b
leaf_spot_(143).jpg,Rhizome Healthy Root00282.JPG,Dataset_01_jtttfbx342,Dataset_02_g46dvrcvwn,NEAR_DUPLICATE_PHASH,Hamming=10,10,Leaf_Spot,Rhizome_Healthy_Roots,4219c0bb33579d572dfa4fd9b032ceff680312ef5607b966bd6595e8f9c711a3,cce530c4f5497d898290db49fe6fab4c44524ca8a6385f61b997a5d6748fe5cf
leaf_spot_(143).jpg,Rhizome Healthy Root00284.JPG,Dataset_01_jtttfbx342,Dataset_02_g46dvrcvwn,NEAR_DUPLICATE_PHASH,Hamming=10,10,Leaf_Spot,Rhizome_Healthy_Roots,4219c0bb33579d572dfa4fd9b032ceff680312ef5607b966bd6595e8f9c711a3,40db1adf644ebe22e587949ae68d043ac837a1b34e6d6e959403dc9efcaaff29
leaf_spot_(143).jpg,Rhizome Healthy Root00285.JPG,Dataset_01_jtttfbx342,Dataset_02_g46dvrcvwn,NEAR_DUPLICATE_PHASH,Hamming=10,10,Leaf_Spot,Rhizome_Healthy_Roots,4219c0bb33579d572dfa4fd9b032ceff680312ef5607b966bd6595e8f9c711a3,83c686ec2538f88fd9a540b44d83db5abea6a7af5d321dc21ddfc5ab2e9cb016
leaf_spot_(143).jpg,Rhizome Healthy Root00286.JPG,Dataset_01_jtttfbx342,Dataset_02_g46dvrcvwn,NEAR_DUPLICATE_PHASH,Hamming=9,9,Leaf_Spot,Rhizome_Healthy_Roots,4219c0bb33579d572dfa4fd9b032ceff680312ef5607b966bd6595e8f9c711a3,2a97b39eba2cd7fd67b6ebfeb8d559268366bd541fb27393efd1159d80f5b656
leaf_spot_(143).jpg,Rhizome Healthy Root00287.JPG,Dataset_01_jtttfbx342,Dataset_02_g46dvrcvwn,NEAR_DUPLICATE_PHASH,Hamming=9,9,Leaf_Spot,Rhizome_Healthy_Roots,4219c0bb33579d572dfa4fd9b032ceff680312ef5607b966bd6595e8f9c711a3,9092ce7d30b63255c3ef56124692bb99edadfc18997068852808e3f92272d06a
leaf_spot_(143).jpg,Rhizome Healthy Root00288.JPG,Dataset_01_jtttfbx342,Dataset_02_g46dvrcvwn,NEAR_DUPLICATE_PHASH,Hamming=9,9,Leaf_Spot,Rhizome_Healthy_Roots,4219c0bb33579d572dfa4fd9b032ceff680312ef5607b966bd6595e8f9c711a3,ec99b8839934fcab11b5f21615d333c9a18470d43c8c3faa318ba78046688f4c
leaf_spot_(143).jpg,Rhizome Healthy Root00302.JPG,Dataset_01_jtttfbx342,Dataset_02_g46dvrcvwn,NEAR_DUPLICATE_PHASH,Hamming=10,10,Leaf_Spot,Rhizome_Healthy_Roots,4219c0bb33579d572dfa4fd9b032ceff680312ef5607b966bd6595e8f9c711a3,1b056c0bec593d0fb2c3b1ab4b9d24f80ed054d4ea4c181663cd9794f0288604
leaf_spot_(144).jpg,Dry Leaf00082.JPG,Dataset_01_jtttfbx342,Dataset_02_g46dvrcvwn,NEAR_DUPLICATE_PHASH,Hamming=9,9,Leaf_Spot,Dry_Leaf,30aa6e512eade9798ff7668463fe961f4c60bc071fd4c3a5999c52d9efb05d33,0fef36b29f2c7149a46f1781d1a4edbd110d22d5b39a80b27eba7248551a7943
leaf_spot_(144).jpg,Dry Leaf00122.JPG,Dataset_01_jtttfbx342,Dataset_02_g46dvrcvwn,NEAR_DUPLICATE_PHASH,Hamming=7,7,Leaf_Spot,Dry_Leaf,30aa6e512eade9798ff7668463fe961f4c60bc071fd4c3a5999c52d9efb05d33,f4c98e627b86f34d545dfa70f914b5a3482f9dac29e37e4277a46b7a042753b4
leaf_spot_(144).jpg,Dry Leaf00138.JPG,Dataset_01_jtttfbx342,Dataset_02_g46dvrcvwn,NEAR_DUPLICATE_PHASH,Hamming=9,9,Leaf_Spot,Dry_Leaf,30aa6e512eade9798ff7668463fe961f4c60bc071fd4c3a5999c52d9efb05d33,48a137a521fcf8c5bf0f80670022143942508551f0f3047e9f590ff294fc2316
leaf_spot_(144).jpg,Dry Leaf00143.JPG,Dataset_01_jtttfbx342,Dataset_02_g46dvrcvwn,NEAR_DUPLICATE_PHASH,Hamming=9,9,Leaf_Spot,Dry_Leaf,30aa6e512eade9798ff7668463fe961f4c60bc071fd4c3a5999c52d9efb05d33,264aaf55af985e2d563adbfe4338e6d7666deb78327e547e536cc5a3f2933d56
leaf_spot_(144).jpg,Dry Leaf00189.JPG,Dataset_01_jtttfbx342,Dataset_02_g46dvrcvwn,NEAR_DUPLICATE_PHASH,Hamming=10,10,Leaf_Spot,Dry_Leaf,30aa6e512eade9798ff7668463fe961f4c60bc071fd4c3a5999c52d9efb05d33,e9931494175e3e5645f934f7f99fdc81a783ad520fb0078cef333cb05cb65fce
leaf_spot_(144).jpg,Rhizome Disease Root00114.JPG,Dataset_01_jtttfbx342,Dataset_02_g46dvrcvwn,NEAR_DUPLICATE_PHASH,Hamming=10,10,Leaf_Spot,Rhizome_Disease_Roots,30aa6e512eade9798ff7668463fe961f4c60bc071fd4c3a5999c52d9efb05d33,3a652734257559efc017044a527d4be6683a935a05e18c03b9115f80560df8be
leaf_spot_(145).jpg,Dry Leaf00021.JPG,Dataset_01_jtttfbx342,Dataset_02_g46dvrcvwn,NEAR_DUPLICATE_PHASH,Hamming=10,10,Leaf_Spot,Dry_Leaf,03da1c916e369f220fa3b8be96108df68c1cb2e9aa0567945a50c7e1d9ec1d88,80b07af320ce31e8a146fc8c36d40920359a994dbb7ce32c5c787d0e269bb363
leaf_spot_(145).jpg,Leaf Blotch00005.JPG,Dataset_01_jtttfbx342,Dataset_02_g46dvrcvwn,NEAR_DUPLICATE_PHASH,Hamming=9,9,Leaf_Spot,Leaf_Blotch,03da1c916e369f220fa3b8be96108df68c1cb2e9aa0567945a50c7e1d9ec1d88,b5226d7c1649a14108ea4d4cb07f7891e66ce892f3f25536e7c1e20665c8d718
leaf_spot_(145).jpg,Leaf Blotch00008.JPG,Dataset_01_jtttfbx342,Dataset_02_g46dvrcvwn,NEAR_DUPLICATE_PHASH,Hamming=10,10,Leaf_Spot,Leaf_Blotch,03da1c916e369f220fa3b8be96108df68c1cb2e9aa0567945a50c7e1d9ec1d88,c8bc1c36431f8bba388e437313476fdb6e489866cef23a0f4993352654de43ea
leaf_spot_(145).jpg,Leaf Blotch00010.JPG,Dataset_01_jtttfbx342,Dataset_02_g46dvrcvwn,NEAR_DUPLICATE_PHASH,Hamming=10,10,Leaf_Spot,Leaf_Blotch,03da1c916e369f220fa3b8be96108df68c1cb2e9aa0567945a50c7e1d9ec1d88,3197e2822de599021d133b9768cc32b77177d96d791f65244880d4b84c54b147
leaf_spot_(145).jpg,Rhizome Disease Root00106.JPG,Dataset_01_jtttfbx342,Dataset_02_g46dvrcvwn,NEAR_DUPLICATE_PHASH,Hamming=10,10,Leaf_Spot,Rhizome_Disease_Roots,03da1c916e369f220fa3b8be96108df68c1cb2e9aa0567945a50c7e1d9ec1d88,609c39bc0b9a56b920bde2aa77eca2b1a4d2b155b15a4ed010ead5dc7e8bcb35
leaf_spot_(145).jpg,Rhizome Disease Root00108.JPG,Dataset_01_jtttfbx342,Dataset_02_g46dvrcvwn,NEAR_DUPLICATE_PHASH,Hamming=9,9,Leaf_Spot,Rhizome_Disease_Roots,03da1c916e369f220fa3b8be96108df68c1cb2e9aa0567945a50c7e1d9ec1d88,fa6b8eb8029c35c84b3dd6988ff45733a0cbc5ba5532d4c88d1db7643118aa4a
leaf_spot_(145).jpg,Rhizome Disease Root00109.JPG,Dataset_01_jtttfbx342,Dataset_02_g46dvrcvwn,NEAR_DUPLICATE_PHASH,Hamming=9,9,Leaf_Spot,Rhizome_Disease_Roots,03da1c916e369f220fa3b8be96108df68c1cb2e9aa0567945a50c7e1d9ec1d88,f0c627b63b768afb39ae808c03bc62bcc065f94fbbbfb48b32fec6d423d28a8d
leaf_spot_(145).jpg,Rhizome Disease Root00114.JPG,Dataset_01_jtttfbx342,Dataset_02_g46dvrcvwn,NEAR_DUPLICATE_PHASH,Hamming=5,5,Leaf_Spot,Rhizome_Disease_Roots,03da1c916e369f220fa3b8be96108df68c1cb2e9aa0567945a50c7e1d9ec1d88,3a652734257559efc017044a527d4be6683a935a05e18c03b9115f80560df8be
leaf_spot_(145).jpg,Rhizome Disease Root00174.JPG,Dataset_01_jtttfbx342,Dataset_02_g46dvrcvwn,NEAR_DUPLICATE_PHASH,Hamming=9,9,Leaf_Spot,Rhizome_Disease_Roots,03da1c916e369f220fa3b8be96108df68c1cb2e9aa0567945a50c7e1d9ec1d88,ecfb7eb332f9325f118c4febd130514cf65ed231d12141528bdc38f53c4e84e0
leaf_spot_(145).jpg,Rhizome Disease Root00176.JPG,Dataset_01_jtttfbx342,Dataset_02_g46dvrcvwn,NEAR_DUPLICATE_PHASH,Hamming=9,9,Leaf_Spot,Rhizome_Disease_Roots,03da1c916e369f220fa3b8be96108df68c1cb2e9aa0567945a50c7e1d9ec1d88,4f668ea4799377a46be43218163c55f7774abdc0b33fc941041410a16945444d
leaf_spot_(145).jpg,Rhizome Healthy Root00024.JPG,Dataset_01_jtttfbx342,Dataset_02_g46dvrcvwn,NEAR_DUPLICATE_PHASH,Hamming=9,9,Leaf_Spot,Rhizome_Healthy_Roots,03da1c916e369f220fa3b8be96108df68c1cb2e9aa0567945a50c7e1d9ec1d88,aee3163751aae1c2194e061cc5be15c4ec5e2688c78c5e434db62615e22b0429
leaf_spot_(145).jpg,Rhizome Healthy Root00027.JPG,Dataset_01_jtttfbx342,Dataset_02_g46dvrcvwn,NEAR_DUPLICATE_PHASH,Hamming=9,9,Leaf_Spot,Rhizome_Healthy_Roots,03da1c916e369f220fa3b8be96108df68c1cb2e9aa0567945a50c7e1d9ec1d88,581455dd1795265737fcdb0c98151c8efd0e53c4bbdfed210adc16f86b63a000
leaf_spot_(145).jpg,Rhizome Healthy Root00029.JPG,Dataset_01_jtttfbx342,Dataset_02_g46dvrcvwn,NEAR_DUPLICATE_PHASH,Hamming=8,8,Leaf_Spot,Rhizome_Healthy_Roots,03da1c916e369f220fa3b8be96108df68c1cb2e9aa0567945a50c7e1d9ec1d88,3835df92135db2ba80f4dc67dd51d4ab10db2fd18fa835a53280dd4318d1c91a
leaf_spot_(145).jpg,Rhizome Healthy Root00030.JPG,Dataset_01_jtttfbx342,Dataset_02_g46dvrcvwn,NEAR_DUPLICATE_PHASH,Hamming=8,8,Leaf_Spot,Rhizome_Healthy_Roots,03da1c916e369f220fa3b8be96108df68c1cb2e9aa0567945a50c7e1d9ec1d88,5ce7923d7a7e7b4bd048f205c90e9a9a8d400d2fd8cf48fec15ac85b74cc3468
leaf_spot_(145).jpg,Rhizome Healthy Root00031.JPG,Dataset_01_jtttfbx342,Dataset_02_g46dvrcvwn,NEAR_DUPLICATE_PHASH,Hamming=8,8,Leaf_Spot,Rhizome_Healthy_Roots,03da1c916e369f220fa3b8be96108df68c1cb2e9aa0567945a50c7e1d9ec1d88,be1d95036007d6dc54776a298c8ed737b1c2ae0a0b8d9720d368b6fd64dfef46
leaf_spot_(145).jpg,Rhizome Healthy Root00102.JPG,Dataset_01_jtttfbx342,Dataset_02_g46dvrcvwn,NEAR_DUPLICATE_PHASH,Hamming=10,10,Leaf_Spot,Rhizome_Healthy_Roots,03da1c916e369f220fa3b8be96108df68c1cb2e9aa0567945a50c7e1d9ec1d88,42ed63fbc1a84d627ef27ec356342cf7d62182b1cfb585f9cbc082ed88702993
leaf_spot_(145).jpg,Rhizome Healthy Root00103.JPG,Dataset_01_jtttfbx342,Dataset_02_g46dvrcvwn,NEAR_DUPLICATE_PHASH,Hamming=10,10,Leaf_Spot,Rhizome_Healthy_Roots,03da1c916e369f220fa3b8be96108df68c1cb2e9aa0567945a50c7e1d9ec1d88,1a182a290d5ec92d08bc0bb7826ce7992966ad9ac025b6731f8d48f1b0071cec
leaf_spot_(145).jpg,Rhizome Healthy Root00104.JPG,Dataset_01_jtttfbx342,Dataset_02_g46dvrcvwn,NEAR_DUPLICATE_PHASH,Hamming=9,9,Leaf_Spot,Rhizome_Healthy_Roots,03da1c916e369f220fa3b8be96108df68c1cb2e9aa0567945a50c7e1d9ec1d88,c6e84c358fef466d5d651d6badc72f487938a8971667c64a8b9cd6ba4e2a15f6
leaf_spot_(145).jpg,Rhizome Healthy Root00107.JPG,Dataset_01_jtttfbx342,Dataset_02_g46dvrcvwn,NEAR_DUPLICATE_PHASH,Hamming=9,9,Leaf_Spot,Rhizome_Healthy_Roots,03da1c916e369f220fa3b8be96108df68c1cb2e9aa0567945a50c7e1d9ec1d88,017cc054582ac4cf8d0e919aa024caa2617a290a63fbfbdb4d191d3865b199b3
leaf_spot_(145).jpg,Rhizome Healthy Root00108.JPG,Dataset_01_jtttfbx342,Dataset_02_g46dvrcvwn,NEAR_DUPLICATE_PHASH,Hamming=10,10,Leaf_Spot,Rhizome_Healthy_Roots,03da1c916e369f220fa3b8be96108df68c1cb2e9aa0567945a50c7e1d9ec1d88,18e4940395fcfda25175bff6b6cd19d48dd2ddfe0f0e68e9351caffce53c2aa0
leaf_spot_(145).jpg,Rhizome Healthy Root00197.JPG,Dataset_01_jtttfbx342,Dataset_02_g46dvrcvwn,NEAR_DUPLICATE_PHASH,Hamming=10,10,Leaf_Spot,Rhizome_Healthy_Roots,03da1c916e369f220fa3b8be96108df68c1cb2e9aa0567945a50c7e1d9ec1d88,a80da83064e1b58fe8d6e41c454b32d0a111e01d0d2fbe1b50a6d5303b8cf8cb
leaf_spot_(145).jpg,Rhizome Healthy Root00257.JPG,Dataset_01_jtttfbx342,Dataset_02_g46dvrcvwn,NEAR_DUPLICATE_PHASH,Hamming=10,10,Leaf_Spot,Rhizome_Healthy_Roots,03da1c916e369f220fa3b8be96108df68c1cb2e9aa0567945a50c7e1d9ec1d88,27078ff663c26a35d652cb818332a4af8a42761a7662fd6a5a390f2221ed1f91
leaf_spot_(145).jpg,Rhizome Healthy Root00258.JPG,Dataset_01_jtttfbx342,Dataset_02_g46dvrcvwn,NEAR_DUPLICATE_PHASH,Hamming=9,9,Leaf_Spot,Rhizome_Healthy_Roots,03da1c916e369f220fa3b8be96108df68c1cb2e9aa0567945a50c7e1d9ec1d88,741a6e06ca571fd5eea19c54fbb3ea01caa6353c419ec5110589eb77afea706b
leaf_spot_(145).jpg,Rhizome Healthy Root00298.JPG,Dataset_01_jtttfbx342,Dataset_02_g46dvrcvwn,NEAR_DUPLICATE_PHASH,Hamming=9,9,Leaf_Spot,Rhizome_Healthy_Roots,03da1c916e369f220fa3b8be96108df68c1cb2e9aa0567945a50c7e1d9ec1d88,2783c1890cd370aeaac62205f04cd2f8e6dbd23c5f0a56b5e3406893bed3c47f
leaf_spot_(145).jpg,Rhizome Healthy Root00302.JPG,Dataset_01_jtttfbx342,Dataset_02_g46dvrcvwn,NEAR_DUPLICATE_PHASH,Hamming=8,8,Leaf_Spot,Rhizome_Healthy_Roots,03da1c916e369f220fa3b8be96108df68c1cb2e9aa0567945a50c7e1d9ec1d88,1b056c0bec593d0fb2c3b1ab4b9d24f80ed054d4ea4c181663cd9794f0288604
leaf_spot_(145).jpg,Rhizome Healthy Root00303.JPG,Dataset_01_jtttfbx342,Dataset_02_g46dvrcvwn,NEAR_DUPLICATE_PHASH,Hamming=9,9,Leaf_Spot,Rhizome_Healthy_Roots,03da1c916e369f220fa3b8be96108df68c1cb2e9aa0567945a50c7e1d9ec1d88,67b3e63120ef420e06cb311a4b97a1c1cb953fa026bae3e4e864d26264f1d837
leaf_spot_(147).jpg,Dry Leaf00079.JPG,Dataset_01_jtttfbx342,Dataset_02_g46dvrcvwn,NEAR_DUPLICATE_PHASH,Hamming=10,10,Leaf_Spot,Dry_Leaf,12026eb12b8ae6701d776e9cabb0fe34925cc532fd1028e84b8dc0f71b044dc5,1f6e087d7212035df77783d7de4752f7700ec05b7df4e4a76f3f7282d7157451
leaf_spot_(147).jpg,Dry Leaf00131.JPG,Dataset_01_jtttfbx342,Dataset_02_g46dvrcvwn,NEAR_DUPLICATE_PHASH,Hamming=10,10,Leaf_Spot,Dry_Leaf,12026eb12b8ae6701d776e9cabb0fe34925cc532fd1028e84b8dc0f71b044dc5,5d4c316a9b661303adaa934b238fde8158ea2b540bddbac7a7aea465bf45b0d8
leaf_spot_(147).jpg,Dry Leaf00183.JPG,Dataset_01_jtttfbx342,Dataset_02_g46dvrcvwn,NEAR_DUPLICATE_PHASH,Hamming=9,9,Leaf_Spot,Dry_Leaf,12026eb12b8ae6701d776e9cabb0fe34925cc532fd1028e84b8dc0f71b044dc5,6c977e13b65a6bd5c7bedbf38061458669ae4c4c1095f287f17fa0c76c892336
leaf_spot_(147).jpg,Healthy Leaf00033.JPG,Dataset_01_jtttfbx342,Dataset_02_g46dvrcvwn,NEAR_DUPLICATE_PHASH,Hamming=10,10,Leaf_Spot,Healthy_Leaf,12026eb12b8ae6701d776e9cabb0fe34925cc532fd1028e84b8dc0f71b044dc5,9f762673612343714cc86e4c24df2086ad058b07b312b05d83c244c0fe240c95
leaf_spot_(147).jpg,Leaf Blotch00007.JPG,Dataset_01_jtttfbx342,Dataset_02_g46dvrcvwn,NEAR_DUPLICATE_PHASH,Hamming=8,8,Leaf_Spot,Leaf_Blotch,12026eb12b8ae6701d776e9cabb0fe34925cc532fd1028e84b8dc0f71b044dc5,4250a8509a408c0c3583e12added93347b1f06a3295945af950d7fb5448e73af
leaf_spot_(147).jpg,Leaf Blotch00008.JPG,Dataset_01_jtttfbx342,Dataset_02_g46dvrcvwn,NEAR_DUPLICATE_PHASH,Hamming=9,9,Leaf_Spot,Leaf_Blotch,12026eb12b8ae6701d776e9cabb0fe34925cc532fd1028e84b8dc0f71b044dc5,c8bc1c36431f8bba388e437313476fdb6e489866cef23a0f4993352654de43ea
leaf_spot_(147).jpg,Leaf Blotch00080.JPG,Dataset_01_jtttfbx342,Dataset_02_g46dvrcvwn,NEAR_DUPLICATE_PHASH,Hamming=10,10,Leaf_Spot,Leaf_Blotch,12026eb12b8ae6701d776e9cabb0fe34925cc532fd1028e84b8dc0f71b044dc5,ea04f87e0e0ab634f03ca3070bba9fe5aec4d07c7681143140eb739f645a905a
leaf_spot_(147).jpg,Rhizome Healthy Root00107.JPG,Dataset_01_jtttfbx342,Dataset_02_g46dvrcvwn,NEAR_DUPLICATE_PHASH,Hamming=10,10,Leaf_Spot,Rhizome_Healthy_Roots,12026eb12b8ae6701d776e9cabb0fe34925cc532fd1028e84b8dc0f71b044dc5,017cc054582ac4cf8d0e919aa024caa2617a290a63fbfbdb4d191d3865b199b3
leaf_spot_(147).jpg,Rhizome Healthy Root00108.JPG,Dataset_01_jtttfbx342,Dataset_02_g46dvrcvwn,NEAR_DUPLICATE_PHASH,Hamming=9,9,Leaf_Spot,Rhizome_Healthy_Roots,12026eb12b8ae6701d776e9cabb0fe34925cc532fd1028e84b8dc0f71b044dc5,18e4940395fcfda25175bff6b6cd19d48dd2ddfe0f0e68e9351caffce53c2aa0
leaf_spot_(147).jpg,Rhizome Healthy Root00109.JPG,Dataset_01_jtttfbx342,Dataset_02_g46dvrcvwn,NEAR_DUPLICATE_PHASH,Hamming=9,9,Leaf_Spot,Rhizome_Healthy_Roots,12026eb12b8ae6701d776e9cabb0fe34925cc532fd1028e84b8dc0f71b044dc5,c8566ecdf7862e79a74895206bca12089fa6d2487a25486781aeaf4fef0aaef2
leaf_spot_(147).jpg,Rhizome Healthy Root00110.JPG,Dataset_01_jtttfbx342,Dataset_02_g46dvrcvwn,NEAR_DUPLICATE_PHASH,Hamming=9,9,Leaf_Spot,Rhizome_Healthy_Roots,12026eb12b8ae6701d776e9cabb0fe34925cc532fd1028e84b8dc0f71b044dc5,64dddffe8d5261c760844e4a37a91bac73ddbed47c0aa4b934e31f60d5986398
leaf_spot_(148).jpg,Leaf Blotch00005.JPG,Dataset_01_jtttfbx342,Dataset_02_g46dvrcvwn,NEAR_DUPLICATE_PHASH,Hamming=10,10,Leaf_Spot,Leaf_Blotch,75e79fbc58271b781f2b78e22e253bc9a82915dd302aa7816d3a94266ebd75ec,b5226d7c1649a14108ea4d4cb07f7891e66ce892f3f25536e7c1e20665c8d718
leaf_spot_(148).jpg,Rhizome Disease Root00106.JPG,Dataset_01_jtttfbx342,Dataset_02_g46dvrcvwn,NEAR_DUPLICATE_PHASH,Hamming=9,9,Leaf_Spot,Rhizome_Disease_Roots,75e79fbc58271b781f2b78e22e253bc9a82915dd302aa7816d3a94266ebd75ec,609c39bc0b9a56b920bde2aa77eca2b1a4d2b155b15a4ed010ead5dc7e8bcb35
leaf_spot_(148).jpg,Rhizome Disease Root00108.JPG,Dataset_01_jtttfbx342,Dataset_02_g46dvrcvwn,NEAR_DUPLICATE_PHASH,Hamming=6,6,Leaf_Spot,Rhizome_Disease_Roots,75e79fbc58271b781f2b78e22e253bc9a82915dd302aa7816d3a94266ebd75ec,fa6b8eb8029c35c84b3dd6988ff45733a0cbc5ba5532d4c88d1db7643118aa4a
leaf_spot_(148).jpg,Rhizome Disease Root00109.JPG,Dataset_01_jtttfbx342,Dataset_02_g46dvrcvwn,NEAR_DUPLICATE_PHASH,Hamming=8,8,Leaf_Spot,Rhizome_Disease_Roots,75e79fbc58271b781f2b78e22e253bc9a82915dd302aa7816d3a94266ebd75ec,f0c627b63b768afb39ae808c03bc62bcc065f94fbbbfb48b32fec6d423d28a8d
leaf_spot_(148).jpg,Rhizome Disease Root00114.JPG,Dataset_01_jtttfbx342,Dataset_02_g46dvrcvwn,NEAR_DUPLICATE_PHASH,Hamming=6,6,Leaf_Spot,Rhizome_Disease_Roots,75e79fbc58271b781f2b78e22e253bc9a82915dd302aa7816d3a94266ebd75ec,3a652734257559efc017044a527d4be6683a935a05e18c03b9115f80560df8be
leaf_spot_(148).jpg,Rhizome Disease Root00122.JPG,Dataset_01_jtttfbx342,Dataset_02_g46dvrcvwn,NEAR_DUPLICATE_PHASH,Hamming=8,8,Leaf_Spot,Rhizome_Disease_Roots,75e79fbc58271b781f2b78e22e253bc9a82915dd302aa7816d3a94266ebd75ec,ee9ac8de7a3d02ea275700cbbd3b3a68a3ec4f5cb8d9bdd44a484d2076307258
leaf_spot_(148).jpg,Rhizome Disease Root00135.JPG,Dataset_01_jtttfbx342,Dataset_02_g46dvrcvwn,NEAR_DUPLICATE_PHASH,Hamming=10,10,Leaf_Spot,Rhizome_Disease_Roots,75e79fbc58271b781f2b78e22e253bc9a82915dd302aa7816d3a94266ebd75ec,8e91e44e52bc868ee19f622f2ce3184f57305d6db34af7bc650a337cb30b0fde
leaf_spot_(148).jpg,Rhizome Disease Root00142.JPG,Dataset_01_jtttfbx342,Dataset_02_g46dvrcvwn,NEAR_DUPLICATE_PHASH,Hamming=10,10,Leaf_Spot,Rhizome_Disease_Roots,75e79fbc58271b781f2b78e22e253bc9a82915dd302aa7816d3a94266ebd75ec,023c744af8d4d739f8c54334ab3150d02fad1c29fb8ddd8db5fcb87a4ce7a6b7
leaf_spot_(148).jpg,Rhizome Disease Root00174.JPG,Dataset_01_jtttfbx342,Dataset_02_g46dvrcvwn,NEAR_DUPLICATE_PHASH,Hamming=10,10,Leaf_Spot,Rhizome_Disease_Roots,75e79fbc58271b781f2b78e22e253bc9a82915dd302aa7816d3a94266ebd75ec,ecfb7eb332f9325f118c4febd130514cf65ed231d12141528bdc38f53c4e84e0
leaf_spot_(148).jpg,Rhizome Disease Root00177.JPG,Dataset_01_jtttfbx342,Dataset_02_g46dvrcvwn,NEAR_DUPLICATE_PHASH,Hamming=10,10,Leaf_Spot,Rhizome_Disease_Roots,75e79fbc58271b781f2b78e22e253bc9a82915dd302aa7816d3a94266ebd75ec,276b2fbf8fb4aa22e2e4620de638eae23b77e0cdd258724c9381c92bbe0b0c0d
leaf_spot_(148).jpg,Rhizome Disease Root00180.JPG,Dataset_01_jtttfbx342,Dataset_02_g46dvrcvwn,NEAR_DUPLICATE_PHASH,Hamming=9,9,Leaf_Spot,Rhizome_Disease_Roots,75e79fbc58271b781f2b78e22e253bc9a82915dd302aa7816d3a94266ebd75ec,24396f5ae47cf2c6aabacc2b8f481d2b66240f018f70f63b3b030d6e6d61d58c
leaf_spot_(148).jpg,Rhizome Healthy Root00024.JPG,Dataset_01_jtttfbx342,Dataset_02_g46dvrcvwn,NEAR_DUPLICATE_PHASH,Hamming=8,8,Leaf_Spot,Rhizome_Healthy_Roots,75e79fbc58271b781f2b78e22e253bc9a82915dd302aa7816d3a94266ebd75ec,aee3163751aae1c2194e061cc5be15c4ec5e2688c78c5e434db62615e22b0429
leaf_spot_(148).jpg,Rhizome Healthy Root00027.JPG,Dataset_01_jtttfbx342,Dataset_02_g46dvrcvwn,NEAR_DUPLICATE_PHASH,Hamming=8,8,Leaf_Spot,Rhizome_Healthy_Roots,75e79fbc58271b781f2b78e22e253bc9a82915dd302aa7816d3a94266ebd75ec,581455dd1795265737fcdb0c98151c8efd0e53c4bbdfed210adc16f86b63a000
leaf_spot_(148).jpg,Rhizome Healthy Root00029.JPG,Dataset_01_jtttfbx342,Dataset_02_g46dvrcvwn,NEAR_DUPLICATE_PHASH,Hamming=7,7,Leaf_Spot,Rhizome_Healthy_Roots,75e79fbc58271b781f2b78e22e253bc9a82915dd302aa7816d3a94266ebd75ec,3835df92135db2ba80f4dc67dd51d4ab10db2fd18fa835a53280dd4318d1c91a
leaf_spot_(148).jpg,Rhizome Healthy Root00030.JPG,Dataset_01_jtttfbx342,Dataset_02_g46dvrcvwn,NEAR_DUPLICATE_PHASH,Hamming=7,7,Leaf_Spot,Rhizome_Healthy_Roots,75e79fbc58271b781f2b78e22e253bc9a82915dd302aa7816d3a94266ebd75ec,5ce7923d7a7e7b4bd048f205c90e9a9a8d400d2fd8cf48fec15ac85b74cc3468
leaf_spot_(148).jpg,Rhizome Healthy Root00031.JPG,Dataset_01_jtttfbx342,Dataset_02_g46dvrcvwn,NEAR_DUPLICATE_PHASH,Hamming=7,7,Leaf_Spot,Rhizome_Healthy_Roots,75e79fbc58271b781f2b78e22e253bc9a82915dd302aa7816d3a94266ebd75ec,be1d95036007d6dc54776a298c8ed737b1c2ae0a0b8d9720d368b6fd64dfef46
leaf_spot_(148).jpg,Rhizome Healthy Root00104.JPG,Dataset_01_jtttfbx342,Dataset_02_g46dvrcvwn,NEAR_DUPLICATE_PHASH,Hamming=10,10,Leaf_Spot,Rhizome_Healthy_Roots,75e79fbc58271b781f2b78e22e253bc9a82915dd302aa7816d3a94266ebd75ec,c6e84c358fef466d5d651d6badc72f487938a8971667c64a8b9cd6ba4e2a15f6
leaf_spot_(148).jpg,Rhizome Healthy Root00257.JPG,Dataset_01_jtttfbx342,Dataset_02_g46dvrcvwn,NEAR_DUPLICATE_PHASH,Hamming=9,9,Leaf_Spot,Rhizome_Healthy_Roots,75e79fbc58271b781f2b78e22e253bc9a82915dd302aa7816d3a94266ebd75ec,27078ff663c26a35d652cb818332a4af8a42761a7662fd6a5a390f2221ed1f91
leaf_spot_(148).jpg,Rhizome Healthy Root00258.JPG,Dataset_01_jtttfbx342,Dataset_02_g46dvrcvwn,NEAR_DUPLICATE_PHASH,Hamming=8,8,Leaf_Spot,Rhizome_Healthy_Roots,75e79fbc58271b781f2b78e22e253bc9a82915dd302aa7816d3a94266ebd75ec,741a6e06ca571fd5eea19c54fbb3ea01caa6353c419ec5110589eb77afea706b
leaf_spot_(148).jpg,Rhizome Healthy Root00259.JPG,Dataset_01_jtttfbx342,Dataset_02_g46dvrcvwn,NEAR_DUPLICATE_PHASH,Hamming=10,10,Leaf_Spot,Rhizome_Healthy_Roots,75e79fbc58271b781f2b78e22e253bc9a82915dd302aa7816d3a94266ebd75ec,45c743c461da026078195557e59118c3798f11d2f7e4b651d75108b4a006ce6d
leaf_spot_(148).jpg,Rhizome Healthy Root00289.JPG,Dataset_01_jtttfbx342,Dataset_02_g46dvrcvwn,NEAR_DUPLICATE_PHASH,Hamming=10,10,Leaf_Spot,Rhizome_Healthy_Roots,75e79fbc58271b781f2b78e22e253bc9a82915dd302aa7816d3a94266ebd75ec,03e7edbda1927228f0ff7011ff44e3d3a9b78937dac23f0a7e1a86cf22b4fb6c
leaf_spot_(148).jpg,Rhizome Healthy Root00298.JPG,Dataset_01_jtttfbx342,Dataset_02_g46dvrcvwn,NEAR_DUPLICATE_PHASH,Hamming=8,8,Leaf_Spot,Rhizome_Healthy_Roots,75e79fbc58271b781f2b78e22e253bc9a82915dd302aa7816d3a94266ebd75ec,2783c1890cd370aeaac62205f04cd2f8e6dbd23c5f0a56b5e3406893bed3c47f
leaf_spot_(148).jpg,Rhizome Healthy Root00302.JPG,Dataset_01_jtttfbx342,Dataset_02_g46dvrcvwn,NEAR_DUPLICATE_PHASH,Hamming=7,7,Leaf_Spot,Rhizome_Healthy_Roots,75e79fbc58271b781f2b78e22e253bc9a82915dd302aa7816d3a94266ebd75ec,1b056c0bec593d0fb2c3b1ab4b9d24f80ed054d4ea4c181663cd9794f0288604
leaf_spot_(148).jpg,Rhizome Healthy Root00303.JPG,Dataset_01_jtttfbx342,Dataset_02_g46dvrcvwn,NEAR_DUPLICATE_PHASH,Hamming=8,8,Leaf_Spot,Rhizome_Healthy_Roots,75e79fbc58271b781f2b78e22e253bc9a82915dd302aa7816d3a94266ebd75ec,67b3e63120ef420e06cb311a4b97a1c1cb953fa026bae3e4e864d26264f1d837
leaf_spot_(149).jpg,Dry Leaf00122.JPG,Dataset_01_jtttfbx342,Dataset_02_g46dvrcvwn,NEAR_DUPLICATE_PHASH,Hamming=9,9,Leaf_Spot,Dry_Leaf,e7b2dffdb309a07423c39fb773e5ed9982bf3baed77fd323252a28905238eac4,f4c98e627b86f34d545dfa70f914b5a3482f9dac29e37e4277a46b7a042753b4
leaf_spot_(149).jpg,Dry Leaf00189.JPG,Dataset_01_jtttfbx342,Dataset_02_g46dvrcvwn,NEAR_DUPLICATE_PHASH,Hamming=8,8,Leaf_Spot,Dry_Leaf,e7b2dffdb309a07423c39fb773e5ed9982bf3baed77fd323252a28905238eac4,e9931494175e3e5645f934f7f99fdc81a783ad520fb0078cef333cb05cb65fce
leaf_spot_(149).jpg,Rhizome Disease Root00114.JPG,Dataset_01_jtttfbx342,Dataset_02_g46dvrcvwn,NEAR_DUPLICATE_PHASH,Hamming=8,8,Leaf_Spot,Rhizome_Disease_Roots,e7b2dffdb309a07423c39fb773e5ed9982bf3baed77fd323252a28905238eac4,3a652734257559efc017044a527d4be6683a935a05e18c03b9115f80560df8be
leaf_spot_(149).jpg,Rhizome Healthy Root00102.JPG,Dataset_01_jtttfbx342,Dataset_02_g46dvrcvwn,NEAR_DUPLICATE_PHASH,Hamming=7,7,Leaf_Spot,Rhizome_Healthy_Roots,e7b2dffdb309a07423c39fb773e5ed9982bf3baed77fd323252a28905238eac4,42ed63fbc1a84d627ef27ec356342cf7d62182b1cfb585f9cbc082ed88702993
leaf_spot_(149).jpg,Rhizome Healthy Root00103.JPG,Dataset_01_jtttfbx342,Dataset_02_g46dvrcvwn,NEAR_DUPLICATE_PHASH,Hamming=7,7,Leaf_Spot,Rhizome_Healthy_Roots,e7b2dffdb309a07423c39fb773e5ed9982bf3baed77fd323252a28905238eac4,1a182a290d5ec92d08bc0bb7826ce7992966ad9ac025b6731f8d48f1b0071cec
leaf_spot_(149).jpg,Rhizome Healthy Root00104.JPG,Dataset_01_jtttfbx342,Dataset_02_g46dvrcvwn,NEAR_DUPLICATE_PHASH,Hamming=8,8,Leaf_Spot,Rhizome_Healthy_Roots,e7b2dffdb309a07423c39fb773e5ed9982bf3baed77fd323252a28905238eac4,c6e84c358fef466d5d651d6badc72f487938a8971667c64a8b9cd6ba4e2a15f6
leaf_spot_(149).jpg,Rhizome Healthy Root00232.JPG,Dataset_01_jtttfbx342,Dataset_02_g46dvrcvwn,NEAR_DUPLICATE_PHASH,Hamming=10,10,Leaf_Spot,Rhizome_Healthy_Roots,e7b2dffdb309a07423c39fb773e5ed9982bf3baed77fd323252a28905238eac4,bc937e060206b7ac479f3eee51788f6e75bc98567118a529ef1b20784b1f366c
leaf_spot_(150).jpg,Dry Leaf00082.JPG,Dataset_01_jtttfbx342,Dataset_02_g46dvrcvwn,NEAR_DUPLICATE_PHASH,Hamming=7,7,Leaf_Spot,Dry_Leaf,833d58b0db60599cfd26d45da7ea52220a388317665b0254fe62f61b56250cac,0fef36b29f2c7149a46f1781d1a4edbd110d22d5b39a80b27eba7248551a7943
leaf_spot_(150).jpg,Dry Leaf00122.JPG,Dataset_01_jtttfbx342,Dataset_02_g46dvrcvwn,NEAR_DUPLICATE_PHASH,Hamming=9,9,Leaf_Spot,Dry_Leaf,833d58b0db60599cfd26d45da7ea52220a388317665b0254fe62f61b56250cac,f4c98e627b86f34d545dfa70f914b5a3482f9dac29e37e4277a46b7a042753b4
leaf_spot_(150).jpg,Dry Leaf00138.JPG,Dataset_01_jtttfbx342,Dataset_02_g46dvrcvwn,NEAR_DUPLICATE_PHASH,Hamming=9,9,Leaf_Spot,Dry_Leaf,833d58b0db60599cfd26d45da7ea52220a388317665b0254fe62f61b56250cac,48a137a521fcf8c5bf0f80670022143942508551f0f3047e9f590ff294fc2316
leaf_spot_(150).jpg,Dry Leaf00143.JPG,Dataset_01_jtttfbx342,Dataset_02_g46dvrcvwn,NEAR_DUPLICATE_PHASH,Hamming=7,7,Leaf_Spot,Dry_Leaf,833d58b0db60599cfd26d45da7ea52220a388317665b0254fe62f61b56250cac,264aaf55af985e2d563adbfe4338e6d7666deb78327e547e536cc5a3f2933d56
leaf_spot_(150).jpg,Dry Leaf00189.JPG,Dataset_01_jtttfbx342,Dataset_02_g46dvrcvwn,NEAR_DUPLICATE_PHASH,Hamming=10,10,Leaf_Spot,Dry_Leaf,833d58b0db60599cfd26d45da7ea52220a388317665b0254fe62f61b56250cac,e9931494175e3e5645f934f7f99fdc81a783ad520fb0078cef333cb05cb65fce
leaf_spot_(150).jpg,Rhizome Disease Root00114.JPG,Dataset_01_jtttfbx342,Dataset_02_g46dvrcvwn,NEAR_DUPLICATE_PHASH,Hamming=10,10,Leaf_Spot,Rhizome_Disease_Roots,833d58b0db60599cfd26d45da7ea52220a388317665b0254fe62f61b56250cac,3a652734257559efc017044a527d4be6683a935a05e18c03b9115f80560df8be
leaf_spot_(150).jpg,Rhizome Healthy Root00232.JPG,Dataset_01_jtttfbx342,Dataset_02_g46dvrcvwn,NEAR_DUPLICATE_PHASH,Hamming=10,10,Leaf_Spot,Rhizome_Healthy_Roots,833d58b0db60599cfd26d45da7ea52220a388317665b0254fe62f61b56250cac,bc937e060206b7ac479f3eee51788f6e75bc98567118a529ef1b20784b1f366c
leaf_spot_(15).jpg,Dry Leaf00020.JPG,Dataset_01_jtttfbx342,Dataset_02_g46dvrcvwn,NEAR_DUPLICATE_PHASH,Hamming=10,10,Leaf_Spot,Dry_Leaf,218a91879462a38447aca9774d85776e76447b815701a683f1ad24f8a7be2cac,5d3e1f8c3a0b4978ce154a814d2fbecf2f2fff851b634549f89b00763e94546e
leaf_spot_(15).jpg,Dry Leaf00100.JPG,Dataset_01_jtttfbx342,Dataset_02_g46dvrcvwn,NEAR_DUPLICATE_PHASH,Hamming=9,9,Leaf_Spot,Dry_Leaf,218a91879462a38447aca9774d85776e76447b815701a683f1ad24f8a7be2cac,b59ac801dc168808d912a67b0bef41184f32dbaf6a28275e3499663538cb2fb2
leaf_spot_(15).jpg,Leaf Blotch00015.JPG,Dataset_01_jtttfbx342,Dataset_02_g46dvrcvwn,NEAR_DUPLICATE_PHASH,Hamming=10,10,Leaf_Spot,Leaf_Blotch,218a91879462a38447aca9774d85776e76447b815701a683f1ad24f8a7be2cac,4535af09eab55207483d728a2ab8c24ef31f1416940c682d071c8fbbbb57f450
leaf_spot_(15).jpg,Rhizome Disease Root00114.JPG,Dataset_01_jtttfbx342,Dataset_02_g46dvrcvwn,NEAR_DUPLICATE_PHASH,Hamming=10,10,Leaf_Spot,Rhizome_Disease_Roots,218a91879462a38447aca9774d85776e76447b815701a683f1ad24f8a7be2cac,3a652734257559efc017044a527d4be6683a935a05e18c03b9115f80560df8be
leaf_spot_(15).jpg,Rhizome Disease Root00119.JPG,Dataset_01_jtttfbx342,Dataset_02_g46dvrcvwn,NEAR_DUPLICATE_PHASH,Hamming=10,10,Leaf_Spot,Rhizome_Disease_Roots,218a91879462a38447aca9774d85776e76447b815701a683f1ad24f8a7be2cac,3860ca121dc7be8a9b92246d9524d17e1638a64bf917d306d2677a941a170454
leaf_spot_(15).jpg,Rhizome Disease Root00174.JPG,Dataset_01_jtttfbx342,Dataset_02_g46dvrcvwn,NEAR_DUPLICATE_PHASH,Hamming=10,10,Leaf_Spot,Rhizome_Disease_Roots,218a91879462a38447aca9774d85776e76447b815701a683f1ad24f8a7be2cac,ecfb7eb332f9325f118c4febd130514cf65ed231d12141528bdc38f53c4e84e0
leaf_spot_(15).jpg,Rhizome Disease Root00176.JPG,Dataset_01_jtttfbx342,Dataset_02_g46dvrcvwn,NEAR_DUPLICATE_PHASH,Hamming=8,8,Leaf_Spot,Rhizome_Disease_Roots,218a91879462a38447aca9774d85776e76447b815701a683f1ad24f8a7be2cac,4f668ea4799377a46be43218163c55f7774abdc0b33fc941041410a16945444d
leaf_spot_(152).jpg,Dry Leaf00021.JPG,Dataset_01_jtttfbx342,Dataset_02_g46dvrcvwn,NEAR_DUPLICATE_PHASH,Hamming=10,10,Leaf_Spot,Dry_Leaf,849c03b269aeba22ce9382887768394f62343c6b92021b5cd606dbd19da712a5,80b07af320ce31e8a146fc8c36d40920359a994dbb7ce32c5c787d0e269bb363
leaf_spot_(152).jpg,Dry Leaf00082.JPG,Dataset_01_jtttfbx342,Dataset_02_g46dvrcvwn,NEAR_DUPLICATE_PHASH,Hamming=8,8,Leaf_Spot,Dry_Leaf,849c03b269aeba22ce9382887768394f62343c6b92021b5cd606dbd19da712a5,0fef36b29f2c7149a46f1781d1a4edbd110d22d5b39a80b27eba7248551a7943
leaf_spot_(152).jpg,Dry Leaf00103.JPG,Dataset_01_jtttfbx342,Dataset_02_g46dvrcvwn,NEAR_DUPLICATE_PHASH,Hamming=10,10,Leaf_Spot,Dry_Leaf,849c03b269aeba22ce9382887768394f62343c6b92021b5cd606dbd19da712a5,bbfb3df38cb3490b790738984ea414551d8babc594859e0349b9edea546188c8
leaf_spot_(152).jpg,Dry Leaf00122.JPG,Dataset_01_jtttfbx342,Dataset_02_g46dvrcvwn,NEAR_DUPLICATE_PHASH,Hamming=10,10,Leaf_Spot,Dry_Leaf,849c03b269aeba22ce9382887768394f62343c6b92021b5cd606dbd19da712a5,f4c98e627b86f34d545dfa70f914b5a3482f9dac29e37e4277a46b7a042753b4
leaf_spot_(152).jpg,Dry Leaf00143.JPG,Dataset_01_jtttfbx342,Dataset_02_g46dvrcvwn,NEAR_DUPLICATE_PHASH,Hamming=6,6,Leaf_Spot,Dry_Leaf,849c03b269aeba22ce9382887768394f62343c6b92021b5cd606dbd19da712a5,264aaf55af985e2d563adbfe4338e6d7666deb78327e547e536cc5a3f2933d56
leaf_spot_(152).jpg,Leaf Blotch00003.JPG,Dataset_01_jtttfbx342,Dataset_02_g46dvrcvwn,NEAR_DUPLICATE_PHASH,Hamming=10,10,Leaf_Spot,Leaf_Blotch,849c03b269aeba22ce9382887768394f62343c6b92021b5cd606dbd19da712a5,b32906700713e8eab661f5adedfcf256fcb2c9633d8d27425b9d24eb2350640e
leaf_spot_(152).jpg,Leaf Blotch00004.JPG,Dataset_01_jtttfbx342,Dataset_02_g46dvrcvwn,NEAR_DUPLICATE_PHASH,Hamming=4,4,Leaf_Spot,Leaf_Blotch,849c03b269aeba22ce9382887768394f62343c6b92021b5cd606dbd19da712a5,a96b36433507af73e39df1d2ad9989e773b79c0d27ae1ebfbf5ecc18de823a07
leaf_spot_(152).jpg,Leaf Blotch00005.JPG,Dataset_01_jtttfbx342,Dataset_02_g46dvrcvwn,NEAR_DUPLICATE_PHASH,Hamming=5,5,Leaf_Spot,Leaf_Blotch,849c03b269aeba22ce9382887768394f62343c6b92021b5cd606dbd19da712a5,b5226d7c1649a14108ea4d4cb07f7891e66ce892f3f25536e7c1e20665c8d718
leaf_spot_(152).jpg,Leaf Blotch00006.JPG,Dataset_01_jtttfbx342,Dataset_02_g46dvrcvwn,NEAR_DUPLICATE_PHASH,Hamming=10,10,Leaf_Spot,Leaf_Blotch,849c03b269aeba22ce9382887768394f62343c6b92021b5cd606dbd19da712a5,b0975277450bc6f9f338542e47055ab8a8947999d4a87cd8e2097f23af27f392
leaf_spot_(152).jpg,Leaf Blotch00010.JPG,Dataset_01_jtttfbx342,Dataset_02_g46dvrcvwn,NEAR_DUPLICATE_PHASH,Hamming=8,8,Leaf_Spot,Leaf_Blotch,849c03b269aeba22ce9382887768394f62343c6b92021b5cd606dbd19da712a5,3197e2822de599021d133b9768cc32b77177d96d791f65244880d4b84c54b147
leaf_spot_(152).jpg,Leaf Blotch00035.JPG,Dataset_01_jtttfbx342,Dataset_02_g46dvrcvwn,NEAR_DUPLICATE_PHASH,Hamming=10,10,Leaf_Spot,Leaf_Blotch,849c03b269aeba22ce9382887768394f62343c6b92021b5cd606dbd19da712a5,4ade127b37d487158e1cad776ff69a1ca5bc17f147d1478d15fd11e0eb94b864
leaf_spot_(152).jpg,Rhizome Disease Root00004.JPG,Dataset_01_jtttfbx342,Dataset_02_g46dvrcvwn,NEAR_DUPLICATE_PHASH,Hamming=7,7,Leaf_Spot,Rhizome_Disease_Roots,849c03b269aeba22ce9382887768394f62343c6b92021b5cd606dbd19da712a5,6f6e64319c0d1bab197b171a1f9a7efdec00a918a246926057b9e33d25fb5eee
leaf_spot_(152).jpg,Rhizome Disease Root00107.JPG,Dataset_01_jtttfbx342,Dataset_02_g46dvrcvwn,NEAR_DUPLICATE_PHASH,Hamming=10,10,Leaf_Spot,Rhizome_Disease_Roots,849c03b269aeba22ce9382887768394f62343c6b92021b5cd606dbd19da712a5,20764c6b0d747374c65cb38dc7b917de2cb9f7b1a2646232c20a1cb9569d8bed
leaf_spot_(152).jpg,Rhizome Disease Root00114.JPG,Dataset_01_jtttfbx342,Dataset_02_g46dvrcvwn,NEAR_DUPLICATE_PHASH,Hamming=5,5,Leaf_Spot,Rhizome_Disease_Roots,849c03b269aeba22ce9382887768394f62343c6b92021b5cd606dbd19da712a5,3a652734257559efc017044a527d4be6683a935a05e18c03b9115f80560df8be
leaf_spot_(152).jpg,Rhizome Healthy Root00105.JPG,Dataset_01_jtttfbx342,Dataset_02_g46dvrcvwn,NEAR_DUPLICATE_PHASH,Hamming=9,9,Leaf_Spot,Rhizome_Healthy_Roots,849c03b269aeba22ce9382887768394f62343c6b92021b5cd606dbd19da712a5,a2fcddb1e0a5ba244dbb5b164d340f19134e3e15c383d7fff18cf654f226249f
leaf_spot_(152).jpg,Rhizome Healthy Root00106.JPG,Dataset_01_jtttfbx342,Dataset_02_g46dvrcvwn,NEAR_DUPLICATE_PHASH,Hamming=6,6,Leaf_Spot,Rhizome_Healthy_Roots,849c03b269aeba22ce9382887768394f62343c6b92021b5cd606dbd19da712a5,792099df3f2fb91a62d25fc739635a820e6c5be3fb678f74f5b5b0d40f2c3209
leaf_spot_(152).jpg,Rhizome Healthy Root00231.JPG,Dataset_01_jtttfbx342,Dataset_02_g46dvrcvwn,NEAR_DUPLICATE_PHASH,Hamming=9,9,Leaf_Spot,Rhizome_Healthy_Roots,849c03b269aeba22ce9382887768394f62343c6b92021b5cd606dbd19da712a5,173ddd1534a3df82138aa24559c71b43a224602176f4c5d40d6408993c002413
leaf_spot_(152).jpg,Rhizome Healthy Root00232.JPG,Dataset_01_jtttfbx342,Dataset_02_g46dvrcvwn,NEAR_DUPLICATE_PHASH,Hamming=7,7,Leaf_Spot,Rhizome_Healthy_Roots,849c03b269aeba22ce9382887768394f62343c6b92021b5cd606dbd19da712a5,bc937e060206b7ac479f3eee51788f6e75bc98567118a529ef1b20784b1f366c
leaf_spot_(152).jpg,Rhizome Healthy Root00302.JPG,Dataset_01_jtttfbx342,Dataset_02_g46dvrcvwn,NEAR_DUPLICATE_PHASH,Hamming=8,8,Leaf_Spot,Rhizome_Healthy_Roots,849c03b269aeba22ce9382887768394f62343c6b92021b5cd606dbd19da712a5,1b056c0bec593d0fb2c3b1ab4b9d24f80ed054d4ea4c181663cd9794f0288604
leaf_spot_(152).jpg,Rhizome Healthy Root00303.JPG,Dataset_01_jtttfbx342,Dataset_02_g46dvrcvwn,NEAR_DUPLICATE_PHASH,Hamming=9,9,Leaf_Spot,Rhizome_Healthy_Roots,849c03b269aeba22ce9382887768394f62343c6b92021b5cd606dbd19da712a5,67b3e63120ef420e06cb311a4b97a1c1cb953fa026bae3e4e864d26264f1d837
leaf_spot_(151).jpg,Rhizome Disease Root00114.JPG,Dataset_01_jtttfbx342,Dataset_02_g46dvrcvwn,NEAR_DUPLICATE_PHASH,Hamming=9,9,Leaf_Spot,Rhizome_Disease_Roots,d56efa9a3e2ceba304b81c39b549beef4e965601cd319dcd30fbb1b2897db794,3a652734257559efc017044a527d4be6683a935a05e18c03b9115f80560df8be
leaf_spot_(151).jpg,Rhizome Healthy Root00197.JPG,Dataset_01_jtttfbx342,Dataset_02_g46dvrcvwn,NEAR_DUPLICATE_PHASH,Hamming=10,10,Leaf_Spot,Rhizome_Healthy_Roots,d56efa9a3e2ceba304b81c39b549beef4e965601cd319dcd30fbb1b2897db794,a80da83064e1b58fe8d6e41c454b32d0a111e01d0d2fbe1b50a6d5303b8cf8cb
leaf_spot_(154).jpg,Dry Leaf00082.JPG,Dataset_01_jtttfbx342,Dataset_02_g46dvrcvwn,NEAR_DUPLICATE_PHASH,Hamming=8,8,Leaf_Spot,Dry_Leaf,819bbbbbdccaedbdafa807bddf2c7871f43c96e373695f1ec0b2dc085395b07c,0fef36b29f2c7149a46f1781d1a4edbd110d22d5b39a80b27eba7248551a7943
leaf_spot_(154).jpg,Dry Leaf00122.JPG,Dataset_01_jtttfbx342,Dataset_02_g46dvrcvwn,NEAR_DUPLICATE_PHASH,Hamming=10,10,Leaf_Spot,Dry_Leaf,819bbbbbdccaedbdafa807bddf2c7871f43c96e373695f1ec0b2dc085395b07c,f4c98e627b86f34d545dfa70f914b5a3482f9dac29e37e4277a46b7a042753b4
leaf_spot_(154).jpg,Dry Leaf00138.JPG,Dataset_01_jtttfbx342,Dataset_02_g46dvrcvwn,NEAR_DUPLICATE_PHASH,Hamming=10,10,Leaf_Spot,Dry_Leaf,819bbbbbdccaedbdafa807bddf2c7871f43c96e373695f1ec0b2dc085395b07c,48a137a521fcf8c5bf0f80670022143942508551f0f3047e9f590ff294fc2316
leaf_spot_(154).jpg,Dry Leaf00143.JPG,Dataset_01_jtttfbx342,Dataset_02_g46dvrcvwn,NEAR_DUPLICATE_PHASH,Hamming=8,8,Leaf_Spot,Dry_Leaf,819bbbbbdccaedbdafa807bddf2c7871f43c96e373695f1ec0b2dc085395b07c,264aaf55af985e2d563adbfe4338e6d7666deb78327e547e536cc5a3f2933d56
leaf_spot_(154).jpg,Rhizome Healthy Root00106.JPG,Dataset_01_jtttfbx342,Dataset_02_g46dvrcvwn,NEAR_DUPLICATE_PHASH,Hamming=10,10,Leaf_Spot,Rhizome_Healthy_Roots,819bbbbbdccaedbdafa807bddf2c7871f43c96e373695f1ec0b2dc085395b07c,792099df3f2fb91a62d25fc739635a820e6c5be3fb678f74f5b5b0d40f2c3209
leaf_spot_(156).jpg,Rhizome Disease Root00004.JPG,Dataset_01_jtttfbx342,Dataset_02_g46dvrcvwn,NEAR_DUPLICATE_PHASH,Hamming=9,9,Leaf_Spot,Rhizome_Disease_Roots,a0b7aa94c50a6d3d6d84751f9bb28e386ba5987465cbcc479af5af06ebc5b932,6f6e64319c0d1bab197b171a1f9a7efdec00a918a246926057b9e33d25fb5eee
leaf_spot_(156).jpg,Rhizome Disease Root00031.JPG,Dataset_01_jtttfbx342,Dataset_02_g46dvrcvwn,NEAR_DUPLICATE_PHASH,Hamming=9,9,Leaf_Spot,Rhizome_Disease_Roots,a0b7aa94c50a6d3d6d84751f9bb28e386ba5987465cbcc479af5af06ebc5b932,dedf2d9306dfb93c43063f67c4400508fe0bb5a6138b865bc0149e9e0602865b
leaf_spot_(156).jpg,Rhizome Disease Root00106.JPG,Dataset_01_jtttfbx342,Dataset_02_g46dvrcvwn,NEAR_DUPLICATE_PHASH,Hamming=10,10,Leaf_Spot,Rhizome_Disease_Roots,a0b7aa94c50a6d3d6d84751f9bb28e386ba5987465cbcc479af5af06ebc5b932,609c39bc0b9a56b920bde2aa77eca2b1a4d2b155b15a4ed010ead5dc7e8bcb35
leaf_spot_(156).jpg,Rhizome Disease Root00107.JPG,Dataset_01_jtttfbx342,Dataset_02_g46dvrcvwn,NEAR_DUPLICATE_PHASH,Hamming=10,10,Leaf_Spot,Rhizome_Disease_Roots,a0b7aa94c50a6d3d6d84751f9bb28e386ba5987465cbcc479af5af06ebc5b932,20764c6b0d747374c65cb38dc7b917de2cb9f7b1a2646232c20a1cb9569d8bed
leaf_spot_(156).jpg,Rhizome Disease Root00108.JPG,Dataset_01_jtttfbx342,Dataset_02_g46dvrcvwn,NEAR_DUPLICATE_PHASH,Hamming=9,9,Leaf_Spot,Rhizome_Disease_Roots,a0b7aa94c50a6d3d6d84751f9bb28e386ba5987465cbcc479af5af06ebc5b932,fa6b8eb8029c35c84b3dd6988ff45733a0cbc5ba5532d4c88d1db7643118aa4a
leaf_spot_(156).jpg,Rhizome Disease Root00109.JPG,Dataset_01_jtttfbx342,Dataset_02_g46dvrcvwn,NEAR_DUPLICATE_PHASH,Hamming=7,7,Leaf_Spot,Rhizome_Disease_Roots,a0b7aa94c50a6d3d6d84751f9bb28e386ba5987465cbcc479af5af06ebc5b932,f0c627b63b768afb39ae808c03bc62bcc065f94fbbbfb48b32fec6d423d28a8d
leaf_spot_(156).jpg,Rhizome Disease Root00114.JPG,Dataset_01_jtttfbx342,Dataset_02_g46dvrcvwn,NEAR_DUPLICATE_PHASH,Hamming=9,9,Leaf_Spot,Rhizome_Disease_Roots,a0b7aa94c50a6d3d6d84751f9bb28e386ba5987465cbcc479af5af06ebc5b932,3a652734257559efc017044a527d4be6683a935a05e18c03b9115f80560df8be
leaf_spot_(156).jpg,Rhizome Disease Root00142.JPG,Dataset_01_jtttfbx342,Dataset_02_g46dvrcvwn,NEAR_DUPLICATE_PHASH,Hamming=9,9,Leaf_Spot,Rhizome_Disease_Roots,a0b7aa94c50a6d3d6d84751f9bb28e386ba5987465cbcc479af5af06ebc5b932,023c744af8d4d739f8c54334ab3150d02fad1c29fb8ddd8db5fcb87a4ce7a6b7
leaf_spot_(156).jpg,Rhizome Healthy Root00218.JPG,Dataset_01_jtttfbx342,Dataset_02_g46dvrcvwn,NEAR_DUPLICATE_PHASH,Hamming=10,10,Leaf_Spot,Rhizome_Healthy_Roots,a0b7aa94c50a6d3d6d84751f9bb28e386ba5987465cbcc479af5af06ebc5b932,6ceccaab84174124921c9f3ebf05d71786c214d6a71271ea8e9d0c965b4cee73
leaf_spot_(156).jpg,Rhizome Healthy Root00302.JPG,Dataset_01_jtttfbx342,Dataset_02_g46dvrcvwn,NEAR_DUPLICATE_PHASH,Hamming=10,10,Leaf_Spot,Rhizome_Healthy_Roots,a0b7aa94c50a6d3d6d84751f9bb28e386ba5987465cbcc479af5af06ebc5b932,1b056c0bec593d0fb2c3b1ab4b9d24f80ed054d4ea4c181663cd9794f0288604
leaf_spot_(155).jpg,Dry Leaf00154.JPG,Dataset_01_jtttfbx342,Dataset_02_g46dvrcvwn,NEAR_DUPLICATE_PHASH,Hamming=10,10,Leaf_Spot,Dry_Leaf,a87878f9c0d46012f570613ef09a9309e6fad0504257ac2c17a01bb6b3b556d6,d1d30742ac15213491082fc141f61fed6bb2e0c3c549885ee75ac715a385e9c8
leaf_spot_(155).jpg,Dry Leaf00176.JPG,Dataset_01_jtttfbx342,Dataset_02_g46dvrcvwn,NEAR_DUPLICATE_PHASH,Hamming=7,7,Leaf_Spot,Dry_Leaf,a87878f9c0d46012f570613ef09a9309e6fad0504257ac2c17a01bb6b3b556d6,e2798921e1d022ec827d83afeaa8b32bf3a19d63efd6b1748ab33eb8fb11054b
leaf_spot_(155).jpg,Dry Leaf00177.JPG,Dataset_01_jtttfbx342,Dataset_02_g46dvrcvwn,NEAR_DUPLICATE_PHASH,Hamming=7,7,Leaf_Spot,Dry_Leaf,a87878f9c0d46012f570613ef09a9309e6fad0504257ac2c17a01bb6b3b556d6,4ed045f4c2ba0d71793baa225ce8ad12ef80e540a0890f9be0ca911fcce3ba47
leaf_spot_(155).jpg,Dry Leaf00178.JPG,Dataset_01_jtttfbx342,Dataset_02_g46dvrcvwn,NEAR_DUPLICATE_PHASH,Hamming=9,9,Leaf_Spot,Dry_Leaf,a87878f9c0d46012f570613ef09a9309e6fad0504257ac2c17a01bb6b3b556d6,ee8961ef7f97d5ed69143791904ece22a4690a798fbe65a266a0bbdd3c6d137b
leaf_spot_(159).jpg,Dry Leaf00143.JPG,Dataset_01_jtttfbx342,Dataset_02_g46dvrcvwn,NEAR_DUPLICATE_PHASH,Hamming=9,9,Leaf_Spot,Dry_Leaf,57ede8b4c1fd6c157ca4ad22896505144f4ffbb3c83bf4146b04999c2f2b1f27,264aaf55af985e2d563adbfe4338e6d7666deb78327e547e536cc5a3f2933d56
leaf_spot_(159).jpg,Rhizome Disease Root00114.JPG,Dataset_01_jtttfbx342,Dataset_02_g46dvrcvwn,NEAR_DUPLICATE_PHASH,Hamming=10,10,Leaf_Spot,Rhizome_Disease_Roots,57ede8b4c1fd6c157ca4ad22896505144f4ffbb3c83bf4146b04999c2f2b1f27,3a652734257559efc017044a527d4be6683a935a05e18c03b9115f80560df8be
leaf_spot_(159).jpg,Rhizome Healthy Root00232.JPG,Dataset_01_jtttfbx342,Dataset_02_g46dvrcvwn,NEAR_DUPLICATE_PHASH,Hamming=10,10,Leaf_Spot,Rhizome_Healthy_Roots,57ede8b4c1fd6c157ca4ad22896505144f4ffbb3c83bf4146b04999c2f2b1f27,bc937e060206b7ac479f3eee51788f6e75bc98567118a529ef1b20784b1f366c
leaf_spot_(158).jpg,Dry Leaf00049.JPG,Dataset_01_jtttfbx342,Dataset_02_g46dvrcvwn,NEAR_DUPLICATE_PHASH,Hamming=7,7,Leaf_Spot,Dry_Leaf,16df335fa212fb51372b936ee1c327511bb7185b2bf0342bf086ce22e56d708c,319d981af9df48246c86314c43f6489c9b8020dccdf45288eeeeef33f9cce8ad
leaf_spot_(161).jpg,Dry Leaf00122.JPG,Dataset_01_jtttfbx342,Dataset_02_g46dvrcvwn,NEAR_DUPLICATE_PHASH,Hamming=10,10,Leaf_Spot,Dry_Leaf,08c0aa32b0b8797c7f68d3bcb9237ba9b2673f84c7626494331d7b5bea7cef4c,f4c98e627b86f34d545dfa70f914b5a3482f9dac29e37e4277a46b7a042753b4
leaf_spot_(161).jpg,Dry Leaf00138.JPG,Dataset_01_jtttfbx342,Dataset_02_g46dvrcvwn,NEAR_DUPLICATE_PHASH,Hamming=10,10,Leaf_Spot,Dry_Leaf,08c0aa32b0b8797c7f68d3bcb9237ba9b2673f84c7626494331d7b5bea7cef4c,48a137a521fcf8c5bf0f80670022143942508551f0f3047e9f590ff294fc2316
leaf_spot_(161).jpg,Dry Leaf00143.JPG,Dataset_01_jtttfbx342,Dataset_02_g46dvrcvwn,NEAR_DUPLICATE_PHASH,Hamming=10,10,Leaf_Spot,Dry_Leaf,08c0aa32b0b8797c7f68d3bcb9237ba9b2673f84c7626494331d7b5bea7cef4c,264aaf55af985e2d563adbfe4338e6d7666deb78327e547e536cc5a3f2933d56
leaf_spot_(161).jpg,Leaf Blotch00003.JPG,Dataset_01_jtttfbx342,Dataset_02_g46dvrcvwn,NEAR_DUPLICATE_PHASH,Hamming=10,10,Leaf_Spot,Leaf_Blotch,08c0aa32b0b8797c7f68d3bcb9237ba9b2673f84c7626494331d7b5bea7cef4c,b32906700713e8eab661f5adedfcf256fcb2c9633d8d27425b9d24eb2350640e
leaf_spot_(161).jpg,Leaf Blotch00004.JPG,Dataset_01_jtttfbx342,Dataset_02_g46dvrcvwn,NEAR_DUPLICATE_PHASH,Hamming=8,8,Leaf_Spot,Leaf_Blotch,08c0aa32b0b8797c7f68d3bcb9237ba9b2673f84c7626494331d7b5bea7cef4c,a96b36433507af73e39df1d2ad9989e773b79c0d27ae1ebfbf5ecc18de823a07
leaf_spot_(161).jpg,Leaf Blotch00005.JPG,Dataset_01_jtttfbx342,Dataset_02_g46dvrcvwn,NEAR_DUPLICATE_PHASH,Hamming=9,9,Leaf_Spot,Leaf_Blotch,08c0aa32b0b8797c7f68d3bcb9237ba9b2673f84c7626494331d7b5bea7cef4c,b5226d7c1649a14108ea4d4cb07f7891e66ce892f3f25536e7c1e20665c8d718
leaf_spot_(161).jpg,Leaf Blotch00035.JPG,Dataset_01_jtttfbx342,Dataset_02_g46dvrcvwn,NEAR_DUPLICATE_PHASH,Hamming=10,10,Leaf_Spot,Leaf_Blotch,08c0aa32b0b8797c7f68d3bcb9237ba9b2673f84c7626494331d7b5bea7cef4c,4ade127b37d487158e1cad776ff69a1ca5bc17f147d1478d15fd11e0eb94b864
leaf_spot_(161).jpg,Rhizome Disease Root00114.JPG,Dataset_01_jtttfbx342,Dataset_02_g46dvrcvwn,NEAR_DUPLICATE_PHASH,Hamming=9,9,Leaf_Spot,Rhizome_Disease_Roots,08c0aa32b0b8797c7f68d3bcb9237ba9b2673f84c7626494331d7b5bea7cef4c,3a652734257559efc017044a527d4be6683a935a05e18c03b9115f80560df8be
leaf_spot_(161).jpg,Rhizome Healthy Root00102.JPG,Dataset_01_jtttfbx342,Dataset_02_g46dvrcvwn,NEAR_DUPLICATE_PHASH,Hamming=10,10,Leaf_Spot,Rhizome_Healthy_Roots,08c0aa32b0b8797c7f68d3bcb9237ba9b2673f84c7626494331d7b5bea7cef4c,42ed63fbc1a84d627ef27ec356342cf7d62182b1cfb585f9cbc082ed88702993
leaf_spot_(161).jpg,Rhizome Healthy Root00103.JPG,Dataset_01_jtttfbx342,Dataset_02_g46dvrcvwn,NEAR_DUPLICATE_PHASH,Hamming=10,10,Leaf_Spot,Rhizome_Healthy_Roots,08c0aa32b0b8797c7f68d3bcb9237ba9b2673f84c7626494331d7b5bea7cef4c,1a182a290d5ec92d08bc0bb7826ce7992966ad9ac025b6731f8d48f1b0071cec
leaf_spot_(161).jpg,Rhizome Healthy Root00106.JPG,Dataset_01_jtttfbx342,Dataset_02_g46dvrcvwn,NEAR_DUPLICATE_PHASH,Hamming=10,10,Leaf_Spot,Rhizome_Healthy_Roots,08c0aa32b0b8797c7f68d3bcb9237ba9b2673f84c7626494331d7b5bea7cef4c,792099df3f2fb91a62d25fc739635a820e6c5be3fb678f74f5b5b0d40f2c3209
leaf_spot_(161).jpg,Rhizome Healthy Root00231.JPG,Dataset_01_jtttfbx342,Dataset_02_g46dvrcvwn,NEAR_DUPLICATE_PHASH,Hamming=7,7,Leaf_Spot,Rhizome_Healthy_Roots,08c0aa32b0b8797c7f68d3bcb9237ba9b2673f84c7626494331d7b5bea7cef4c,173ddd1534a3df82138aa24559c71b43a224602176f4c5d40d6408993c002413
leaf_spot_(161).jpg,Rhizome Healthy Root00232.JPG,Dataset_01_jtttfbx342,Dataset_02_g46dvrcvwn,NEAR_DUPLICATE_PHASH,Hamming=5,5,Leaf_Spot,Rhizome_Healthy_Roots,08c0aa32b0b8797c7f68d3bcb9237ba9b2673f84c7626494331d7b5bea7cef4c,bc937e060206b7ac479f3eee51788f6e75bc98567118a529ef1b20784b1f366c
leaf_spot_(161).jpg,Rhizome Healthy Root00233.JPG,Dataset_01_jtttfbx342,Dataset_02_g46dvrcvwn,NEAR_DUPLICATE_PHASH,Hamming=10,10,Leaf_Spot,Rhizome_Healthy_Roots,08c0aa32b0b8797c7f68d3bcb9237ba9b2673f84c7626494331d7b5bea7cef4c,13232e929bfb4a08007baaee84be3da112a2bc99edada64ba088c98097387c95
leaf_spot_(162).jpg,Dry Leaf00049.JPG,Dataset_01_jtttfbx342,Dataset_02_g46dvrcvwn,NEAR_DUPLICATE_PHASH,Hamming=5,5,Leaf_Spot,Dry_Leaf,6aea807094378846f0f913b95c4ab9a45751714f2539b5dcbd6832954f6f2e8c,319d981af9df48246c86314c43f6489c9b8020dccdf45288eeeeef33f9cce8ad
leaf_spot_(162).jpg,Healthy Leaf00032.JPG,Dataset_01_jtttfbx342,Dataset_02_g46dvrcvwn,NEAR_DUPLICATE_PHASH,Hamming=10,10,Leaf_Spot,Healthy_Leaf,6aea807094378846f0f913b95c4ab9a45751714f2539b5dcbd6832954f6f2e8c,85e16dcfec198f4e5cf0472005e99921bf752a1214bbbd68758cbf4cbe4858bd
leaf_spot_(162).jpg,Healthy Leaf00073.JPG,Dataset_01_jtttfbx342,Dataset_02_g46dvrcvwn,NEAR_DUPLICATE_PHASH,Hamming=9,9,Leaf_Spot,Healthy_Leaf,6aea807094378846f0f913b95c4ab9a45751714f2539b5dcbd6832954f6f2e8c,14099ddcc85f0e8888a5a126d064d51875b1dacabb180459313850a260a8ff37
leaf_spot_(162).jpg,Leaf Blotch00001.JPG,Dataset_01_jtttfbx342,Dataset_02_g46dvrcvwn,NEAR_DUPLICATE_PHASH,Hamming=10,10,Leaf_Spot,Leaf_Blotch,6aea807094378846f0f913b95c4ab9a45751714f2539b5dcbd6832954f6f2e8c,f461942049356cd766f3c3d99a694b69dc0861a87e650f004c6e580385152328
leaf_spot_(162).jpg,Leaf Blotch00003.JPG,Dataset_01_jtttfbx342,Dataset_02_g46dvrcvwn,NEAR_DUPLICATE_PHASH,Hamming=10,10,Leaf_Spot,Leaf_Blotch,6aea807094378846f0f913b95c4ab9a45751714f2539b5dcbd6832954f6f2e8c,b32906700713e8eab661f5adedfcf256fcb2c9633d8d27425b9d24eb2350640e
leaf_spot_(162).jpg,Leaf Blotch00006.JPG,Dataset_01_jtttfbx342,Dataset_02_g46dvrcvwn,NEAR_DUPLICATE_PHASH,Hamming=10,10,Leaf_Spot,Leaf_Blotch,6aea807094378846f0f913b95c4ab9a45751714f2539b5dcbd6832954f6f2e8c,b0975277450bc6f9f338542e47055ab8a8947999d4a87cd8e2097f23af27f392
leaf_spot_(162).jpg,Rhizome Disease Root00011.JPG,Dataset_01_jtttfbx342,Dataset_02_g46dvrcvwn,NEAR_DUPLICATE_PHASH,Hamming=5,5,Leaf_Spot,Rhizome_Disease_Roots,6aea807094378846f0f913b95c4ab9a45751714f2539b5dcbd6832954f6f2e8c,9e5b456e10edce65aab601b2f8131f40d6819965e444da5f3f857d82317bfae2
leaf_spot_(162).jpg,Rhizome Disease Root00028.JPG,Dataset_01_jtttfbx342,Dataset_02_g46dvrcvwn,NEAR_DUPLICATE_PHASH,Hamming=10,10,Leaf_Spot,Rhizome_Disease_Roots,6aea807094378846f0f913b95c4ab9a45751714f2539b5dcbd6832954f6f2e8c,09971cb9908c8b32091b30bea37f7116445acb82da1bcb375b12461587956150
leaf_spot_(160).jpg,Dry Leaf00049.JPG,Dataset_01_jtttfbx342,Dataset_02_g46dvrcvwn,NEAR_DUPLICATE_PHASH,Hamming=9,9,Leaf_Spot,Dry_Leaf,cb842db8762b875c0f4402383a849ee20f48306a8fce1b4d17ab4bae9a586f73,319d981af9df48246c86314c43f6489c9b8020dccdf45288eeeeef33f9cce8ad
leaf_spot_(160).jpg,Dry Leaf00077.JPG,Dataset_01_jtttfbx342,Dataset_02_g46dvrcvwn,NEAR_DUPLICATE_PHASH,Hamming=10,10,Leaf_Spot,Dry_Leaf,cb842db8762b875c0f4402383a849ee20f48306a8fce1b4d17ab4bae9a586f73,c7a04e3fb84ede079e4e6a784fadfc4d70466daef9fee9e62eaf7e0032e5b8b9
leaf_spot_(160).jpg,Dry Leaf00183.JPG,Dataset_01_jtttfbx342,Dataset_02_g46dvrcvwn,NEAR_DUPLICATE_PHASH,Hamming=10,10,Leaf_Spot,Dry_Leaf,cb842db8762b875c0f4402383a849ee20f48306a8fce1b4d17ab4bae9a586f73,6c977e13b65a6bd5c7bedbf38061458669ae4c4c1095f287f17fa0c76c892336
leaf_spot_(160).jpg,Dry Leaf00201.JPG,Dataset_01_jtttfbx342,Dataset_02_g46dvrcvwn,NEAR_DUPLICATE_PHASH,Hamming=10,10,Leaf_Spot,Dry_Leaf,cb842db8762b875c0f4402383a849ee20f48306a8fce1b4d17ab4bae9a586f73,656bff8b27643badbfd3e15617668c2a8fe58a712cb89ef3822ab82e56a639e1
leaf_spot_(160).jpg,Dry Leaf00203.JPG,Dataset_01_jtttfbx342,Dataset_02_g46dvrcvwn,NEAR_DUPLICATE_PHASH,Hamming=10,10,Leaf_Spot,Dry_Leaf,cb842db8762b875c0f4402383a849ee20f48306a8fce1b4d17ab4bae9a586f73,51954e9e40afdf9051bf2f05724ec2305c02e9b61d2f2dfae09d03f7837faf29
leaf_spot_(160).jpg,Healthy Leaf00007.JPG,Dataset_01_jtttfbx342,Dataset_02_g46dvrcvwn,NEAR_DUPLICATE_PHASH,Hamming=10,10,Leaf_Spot,Healthy_Leaf,cb842db8762b875c0f4402383a849ee20f48306a8fce1b4d17ab4bae9a586f73,d6f9a25aa871a9af685f8162658608a0a0eba5b0cde7ee41a7adc6390f0d6cf1
leaf_spot_(160).jpg,Healthy Leaf00032.JPG,Dataset_01_jtttfbx342,Dataset_02_g46dvrcvwn,NEAR_DUPLICATE_PHASH,Hamming=10,10,Leaf_Spot,Healthy_Leaf,cb842db8762b875c0f4402383a849ee20f48306a8fce1b4d17ab4bae9a586f73,85e16dcfec198f4e5cf0472005e99921bf752a1214bbbd68758cbf4cbe4858bd
leaf_spot_(164).jpg,Dry Leaf00082.JPG,Dataset_01_jtttfbx342,Dataset_02_g46dvrcvwn,NEAR_DUPLICATE_PHASH,Hamming=9,9,Leaf_Spot,Dry_Leaf,7092b08b75bda9daa33bc663a738260eb5342aefb4f1d9181efe2a57e6942924,0fef36b29f2c7149a46f1781d1a4edbd110d22d5b39a80b27eba7248551a7943
leaf_spot_(165).jpg,Dry Leaf00082.JPG,Dataset_01_jtttfbx342,Dataset_02_g46dvrcvwn,NEAR_DUPLICATE_PHASH,Hamming=10,10,Leaf_Spot,Dry_Leaf,ec419b784a9d9aa09f2dafaf560607ee76bdf6e96a6c58bb873babdab31067d5,0fef36b29f2c7149a46f1781d1a4edbd110d22d5b39a80b27eba7248551a7943
leaf_spot_(165).jpg,Dry Leaf00122.JPG,Dataset_01_jtttfbx342,Dataset_02_g46dvrcvwn,NEAR_DUPLICATE_PHASH,Hamming=8,8,Leaf_Spot,Dry_Leaf,ec419b784a9d9aa09f2dafaf560607ee76bdf6e96a6c58bb873babdab31067d5,f4c98e627b86f34d545dfa70f914b5a3482f9dac29e37e4277a46b7a042753b4
leaf_spot_(165).jpg,Dry Leaf00138.JPG,Dataset_01_jtttfbx342,Dataset_02_g46dvrcvwn,NEAR_DUPLICATE_PHASH,Hamming=10,10,Leaf_Spot,Dry_Leaf,ec419b784a9d9aa09f2dafaf560607ee76bdf6e96a6c58bb873babdab31067d5,48a137a521fcf8c5bf0f80670022143942508551f0f3047e9f590ff294fc2316
leaf_spot_(165).jpg,Dry Leaf00143.JPG,Dataset_01_jtttfbx342,Dataset_02_g46dvrcvwn,NEAR_DUPLICATE_PHASH,Hamming=10,10,Leaf_Spot,Dry_Leaf,ec419b784a9d9aa09f2dafaf560607ee76bdf6e96a6c58bb873babdab31067d5,264aaf55af985e2d563adbfe4338e6d7666deb78327e547e536cc5a3f2933d56
leaf_spot_(165).jpg,Dry Leaf00189.JPG,Dataset_01_jtttfbx342,Dataset_02_g46dvrcvwn,NEAR_DUPLICATE_PHASH,Hamming=9,9,Leaf_Spot,Dry_Leaf,ec419b784a9d9aa09f2dafaf560607ee76bdf6e96a6c58bb873babdab31067d5,e9931494175e3e5645f934f7f99fdc81a783ad520fb0078cef333cb05cb65fce
leaf_spot_(165).jpg,Rhizome Healthy Root00102.JPG,Dataset_01_jtttfbx342,Dataset_02_g46dvrcvwn,NEAR_DUPLICATE_PHASH,Hamming=8,8,Leaf_Spot,Rhizome_Healthy_Roots,ec419b784a9d9aa09f2dafaf560607ee76bdf6e96a6c58bb873babdab31067d5,42ed63fbc1a84d627ef27ec356342cf7d62182b1cfb585f9cbc082ed88702993
leaf_spot_(165).jpg,Rhizome Healthy Root00103.JPG,Dataset_01_jtttfbx342,Dataset_02_g46dvrcvwn,NEAR_DUPLICATE_PHASH,Hamming=8,8,Leaf_Spot,Rhizome_Healthy_Roots,ec419b784a9d9aa09f2dafaf560607ee76bdf6e96a6c58bb873babdab31067d5,1a182a290d5ec92d08bc0bb7826ce7992966ad9ac025b6731f8d48f1b0071cec
leaf_spot_(165).jpg,Rhizome Healthy Root00104.JPG,Dataset_01_jtttfbx342,Dataset_02_g46dvrcvwn,NEAR_DUPLICATE_PHASH,Hamming=9,9,Leaf_Spot,Rhizome_Healthy_Roots,ec419b784a9d9aa09f2dafaf560607ee76bdf6e96a6c58bb873babdab31067d5,c6e84c358fef466d5d651d6badc72f487938a8971667c64a8b9cd6ba4e2a15f6
leaf_spot_(165).jpg,Rhizome Healthy Root00232.JPG,Dataset_01_jtttfbx342,Dataset_02_g46dvrcvwn,NEAR_DUPLICATE_PHASH,Hamming=9,9,Leaf_Spot,Rhizome_Healthy_Roots,ec419b784a9d9aa09f2dafaf560607ee76bdf6e96a6c58bb873babdab31067d5,bc937e060206b7ac479f3eee51788f6e75bc98567118a529ef1b20784b1f366c
leaf_spot_(167).jpg,Dry Leaf00049.JPG,Dataset_01_jtttfbx342,Dataset_02_g46dvrcvwn,NEAR_DUPLICATE_PHASH,Hamming=10,10,Leaf_Spot,Dry_Leaf,2f2fa243cd2962fce86b4c2abd19b0521c560e51aa94d64e98b5f78ae0601979,319d981af9df48246c86314c43f6489c9b8020dccdf45288eeeeef33f9cce8ad
leaf_spot_(169).jpg,Dry Leaf00049.JPG,Dataset_01_jtttfbx342,Dataset_02_g46dvrcvwn,NEAR_DUPLICATE_PHASH,Hamming=7,7,Leaf_Spot,Dry_Leaf,2de08dea5c23d6155edd20f5dbbc622608d5e2968603c1ba1d023b948b1e9da1,319d981af9df48246c86314c43f6489c9b8020dccdf45288eeeeef33f9cce8ad
leaf_spot_(17).jpg,Dry Leaf00106.JPG,Dataset_01_jtttfbx342,Dataset_02_g46dvrcvwn,NEAR_DUPLICATE_PHASH,Hamming=10,10,Leaf_Spot,Dry_Leaf,b8190c4e5f058ee4aeb71097c79e8b82672891e32ed6f2733aceb888b8473fe4,bf51d86e769f79565126a609d7663982a5939e707036279be63053b07f71726b
leaf_spot_(171).jpg,Dry Leaf00049.JPG,Dataset_01_jtttfbx342,Dataset_02_g46dvrcvwn,NEAR_DUPLICATE_PHASH,Hamming=7,7,Leaf_Spot,Dry_Leaf,bfe9bb5b9925d78f51a4743724b39b61f87edf0b29546cbe4808f79c0f284309,319d981af9df48246c86314c43f6489c9b8020dccdf45288eeeeef33f9cce8ad
leaf_spot_(172).jpg,Dry Leaf00122.JPG,Dataset_01_jtttfbx342,Dataset_02_g46dvrcvwn,NEAR_DUPLICATE_PHASH,Hamming=7,7,Leaf_Spot,Dry_Leaf,b18254072e0462c244f62396cae90320bf8f375f73ccfde803d2be0edb28cce4,f4c98e627b86f34d545dfa70f914b5a3482f9dac29e37e4277a46b7a042753b4
leaf_spot_(172).jpg,Leaf Blotch00008.JPG,Dataset_01_jtttfbx342,Dataset_02_g46dvrcvwn,NEAR_DUPLICATE_PHASH,Hamming=9,9,Leaf_Spot,Leaf_Blotch,b18254072e0462c244f62396cae90320bf8f375f73ccfde803d2be0edb28cce4,c8bc1c36431f8bba388e437313476fdb6e489866cef23a0f4993352654de43ea
leaf_spot_(172).jpg,Rhizome Disease Root00100.JPG,Dataset_01_jtttfbx342,Dataset_02_g46dvrcvwn,NEAR_DUPLICATE_PHASH,Hamming=9,9,Leaf_Spot,Rhizome_Disease_Roots,b18254072e0462c244f62396cae90320bf8f375f73ccfde803d2be0edb28cce4,bf4ec59bc4ad776c17d4ce19cc4c4a546810800711d31948a4b5f6d7ff88a60b
leaf_spot_(172).jpg,Rhizome Disease Root00104.JPG,Dataset_01_jtttfbx342,Dataset_02_g46dvrcvwn,NEAR_DUPLICATE_PHASH,Hamming=9,9,Leaf_Spot,Rhizome_Disease_Roots,b18254072e0462c244f62396cae90320bf8f375f73ccfde803d2be0edb28cce4,a905597c339e72f33825988e552f738b456b023b15f02a23546a7d5ccccbf7fe
leaf_spot_(172).jpg,Rhizome Disease Root00105.JPG,Dataset_01_jtttfbx342,Dataset_02_g46dvrcvwn,NEAR_DUPLICATE_PHASH,Hamming=9,9,Leaf_Spot,Rhizome_Disease_Roots,b18254072e0462c244f62396cae90320bf8f375f73ccfde803d2be0edb28cce4,65ec63688e65b9e23e837bee3910e9137f792117a87a72b8ac399619f8ba65c7
leaf_spot_(172).jpg,Rhizome Disease Root00114.JPG,Dataset_01_jtttfbx342,Dataset_02_g46dvrcvwn,NEAR_DUPLICATE_PHASH,Hamming=8,8,Leaf_Spot,Rhizome_Disease_Roots,b18254072e0462c244f62396cae90320bf8f375f73ccfde803d2be0edb28cce4,3a652734257559efc017044a527d4be6683a935a05e18c03b9115f80560df8be
leaf_spot_(172).jpg,Rhizome Disease Root00122.JPG,Dataset_01_jtttfbx342,Dataset_02_g46dvrcvwn,NEAR_DUPLICATE_PHASH,Hamming=8,8,Leaf_Spot,Rhizome_Disease_Roots,b18254072e0462c244f62396cae90320bf8f375f73ccfde803d2be0edb28cce4,ee9ac8de7a3d02ea275700cbbd3b3a68a3ec4f5cb8d9bdd44a484d2076307258
leaf_spot_(172).jpg,Rhizome Disease Root00135.JPG,Dataset_01_jtttfbx342,Dataset_02_g46dvrcvwn,NEAR_DUPLICATE_PHASH,Hamming=10,10,Leaf_Spot,Rhizome_Disease_Roots,b18254072e0462c244f62396cae90320bf8f375f73ccfde803d2be0edb28cce4,8e91e44e52bc868ee19f622f2ce3184f57305d6db34af7bc650a337cb30b0fde
leaf_spot_(172).jpg,Rhizome Healthy Root00045.JPG,Dataset_01_jtttfbx342,Dataset_02_g46dvrcvwn,NEAR_DUPLICATE_PHASH,Hamming=10,10,Leaf_Spot,Rhizome_Healthy_Roots,b18254072e0462c244f62396cae90320bf8f375f73ccfde803d2be0edb28cce4,56c48892bac631501ce3394c9a78343e407c75c6b6ed5229bc1d6d2671860ad4
leaf_spot_(172).jpg,Rhizome Healthy Root00047.JPG,Dataset_01_jtttfbx342,Dataset_02_g46dvrcvwn,NEAR_DUPLICATE_PHASH,Hamming=10,10,Leaf_Spot,Rhizome_Healthy_Roots,b18254072e0462c244f62396cae90320bf8f375f73ccfde803d2be0edb28cce4,f339d3e9037f9bf0350addeedbb2af56dfc6646146425a7e924360b836395ee7
leaf_spot_(172).jpg,Rhizome Healthy Root00105.JPG,Dataset_01_jtttfbx342,Dataset_02_g46dvrcvwn,NEAR_DUPLICATE_PHASH,Hamming=10,10,Leaf_Spot,Rhizome_Healthy_Roots,b18254072e0462c244f62396cae90320bf8f375f73ccfde803d2be0edb28cce4,a2fcddb1e0a5ba244dbb5b164d340f19134e3e15c383d7fff18cf654f226249f
leaf_spot_(172).jpg,Rhizome Healthy Root00211.JPG,Dataset_01_jtttfbx342,Dataset_02_g46dvrcvwn,NEAR_DUPLICATE_PHASH,Hamming=9,9,Leaf_Spot,Rhizome_Healthy_Roots,b18254072e0462c244f62396cae90320bf8f375f73ccfde803d2be0edb28cce4,af9481a7f55c520a63981535fc3b2b4427254bd08595b35bc60a32c0c1527320
leaf_spot_(172).jpg,Rhizome Healthy Root00212.JPG,Dataset_01_jtttfbx342,Dataset_02_g46dvrcvwn,NEAR_DUPLICATE_PHASH,Hamming=9,9,Leaf_Spot,Rhizome_Healthy_Roots,b18254072e0462c244f62396cae90320bf8f375f73ccfde803d2be0edb28cce4,0be72c09c190a65f51ff9cfb763d7b3ca7f6aa4df808bec58ee8b6ceec61d7f5
leaf_spot_(172).jpg,Rhizome Healthy Root00213.JPG,Dataset_01_jtttfbx342,Dataset_02_g46dvrcvwn,NEAR_DUPLICATE_PHASH,Hamming=9,9,Leaf_Spot,Rhizome_Healthy_Roots,b18254072e0462c244f62396cae90320bf8f375f73ccfde803d2be0edb28cce4,edb96c84b1fc8b265c010c9fb6edaa55484fb2534e0f219a25839a49f2ce5b42
leaf_spot_(172).jpg,Rhizome Healthy Root00259.JPG,Dataset_01_jtttfbx342,Dataset_02_g46dvrcvwn,NEAR_DUPLICATE_PHASH,Hamming=10,10,Leaf_Spot,Rhizome_Healthy_Roots,b18254072e0462c244f62396cae90320bf8f375f73ccfde803d2be0edb28cce4,45c743c461da026078195557e59118c3798f11d2f7e4b651d75108b4a006ce6d
leaf_spot_(172).jpg,Rhizome Healthy Root00260.JPG,Dataset_01_jtttfbx342,Dataset_02_g46dvrcvwn,NEAR_DUPLICATE_PHASH,Hamming=10,10,Leaf_Spot,Rhizome_Healthy_Roots,b18254072e0462c244f62396cae90320bf8f375f73ccfde803d2be0edb28cce4,22a35c0ed9d4d593a3b8aaae3a65c568233245514f082e8c4d8f89db77dd9148
leaf_spot_(172).jpg,Rhizome Healthy Root00266.JPG,Dataset_01_jtttfbx342,Dataset_02_g46dvrcvwn,NEAR_DUPLICATE_PHASH,Hamming=10,10,Leaf_Spot,Rhizome_Healthy_Roots,b18254072e0462c244f62396cae90320bf8f375f73ccfde803d2be0edb28cce4,95531f8fd971c6935aaf215d47d89aafda5e6c0b599c6cfc56029937bc94558f
leaf_spot_(172).jpg,Rhizome Healthy Root00268.JPG,Dataset_01_jtttfbx342,Dataset_02_g46dvrcvwn,NEAR_DUPLICATE_PHASH,Hamming=10,10,Leaf_Spot,Rhizome_Healthy_Roots,b18254072e0462c244f62396cae90320bf8f375f73ccfde803d2be0edb28cce4,e78acfe5b06fa7c6234978bc54a8d581efc979eb8a97b144628d20dd80492712
leaf_spot_(172).jpg,Rhizome Healthy Root00269.JPG,Dataset_01_jtttfbx342,Dataset_02_g46dvrcvwn,NEAR_DUPLICATE_PHASH,Hamming=10,10,Leaf_Spot,Rhizome_Healthy_Roots,b18254072e0462c244f62396cae90320bf8f375f73ccfde803d2be0edb28cce4,202ff761f242e4d6359f4d152591739336fa47c9d7fc3856b2cafac120036f0c
leaf_spot_(172).jpg,Rhizome Healthy Root00270.JPG,Dataset_01_jtttfbx342,Dataset_02_g46dvrcvwn,NEAR_DUPLICATE_PHASH,Hamming=10,10,Leaf_Spot,Rhizome_Healthy_Roots,b18254072e0462c244f62396cae90320bf8f375f73ccfde803d2be0edb28cce4,09c34f3acaeceb7b0a94d87e4f35153e67aa12cd2f29e56529c641c77c89c197
leaf_spot_(172).jpg,Rhizome Healthy Root00271.JPG,Dataset_01_jtttfbx342,Dataset_02_g46dvrcvwn,NEAR_DUPLICATE_PHASH,Hamming=10,10,Leaf_Spot,Rhizome_Healthy_Roots,b18254072e0462c244f62396cae90320bf8f375f73ccfde803d2be0edb28cce4,b60d56eb5788708a78bf46eabb0050b4e0ee8c1c8ece49ace3f146d4763421ba
leaf_spot_(172).jpg,Rhizome Healthy Root00278.JPG,Dataset_01_jtttfbx342,Dataset_02_g46dvrcvwn,NEAR_DUPLICATE_PHASH,Hamming=9,9,Leaf_Spot,Rhizome_Healthy_Roots,b18254072e0462c244f62396cae90320bf8f375f73ccfde803d2be0edb28cce4,1442a8c57d800e6bcdefd797cda6303380c6fc733c14755a8e9dbab91c739cb6
leaf_spot_(172).jpg,Rhizome Healthy Root00279.JPG,Dataset_01_jtttfbx342,Dataset_02_g46dvrcvwn,NEAR_DUPLICATE_PHASH,Hamming=8,8,Leaf_Spot,Rhizome_Healthy_Roots,b18254072e0462c244f62396cae90320bf8f375f73ccfde803d2be0edb28cce4,97a26b9d2ee6ac615c57f888738dd4ede40f799fb65686dcf6ba1958b86eff48
leaf_spot_(172).jpg,Rhizome Healthy Root00280.JPG,Dataset_01_jtttfbx342,Dataset_02_g46dvrcvwn,NEAR_DUPLICATE_PHASH,Hamming=8,8,Leaf_Spot,Rhizome_Healthy_Roots,b18254072e0462c244f62396cae90320bf8f375f73ccfde803d2be0edb28cce4,d9a71f80077fa2eabdb4058ffc6feab0203557641e7d1dd0c423982ee4f385c7
leaf_spot_(172).jpg,Rhizome Healthy Root00281.JPG,Dataset_01_jtttfbx342,Dataset_02_g46dvrcvwn,NEAR_DUPLICATE_PHASH,Hamming=8,8,Leaf_Spot,Rhizome_Healthy_Roots,b18254072e0462c244f62396cae90320bf8f375f73ccfde803d2be0edb28cce4,ca63a8e20a20ef7821ec2db1ea71e4c4c929571bf22458f59d8d37c772e6c58b
leaf_spot_(172).jpg,Rhizome Healthy Root00282.JPG,Dataset_01_jtttfbx342,Dataset_02_g46dvrcvwn,NEAR_DUPLICATE_PHASH,Hamming=9,9,Leaf_Spot,Rhizome_Healthy_Roots,b18254072e0462c244f62396cae90320bf8f375f73ccfde803d2be0edb28cce4,cce530c4f5497d898290db49fe6fab4c44524ca8a6385f61b997a5d6748fe5cf
leaf_spot_(172).jpg,Rhizome Healthy Root00283.JPG,Dataset_01_jtttfbx342,Dataset_02_g46dvrcvwn,NEAR_DUPLICATE_PHASH,Hamming=8,8,Leaf_Spot,Rhizome_Healthy_Roots,b18254072e0462c244f62396cae90320bf8f375f73ccfde803d2be0edb28cce4,21114b0aaefd71c4365a3a994c4bd9a75e35d1637dee915a954e5ae34c645bea
leaf_spot_(172).jpg,Rhizome Healthy Root00284.JPG,Dataset_01_jtttfbx342,Dataset_02_g46dvrcvwn,NEAR_DUPLICATE_PHASH,Hamming=9,9,Leaf_Spot,Rhizome_Healthy_Roots,b18254072e0462c244f62396cae90320bf8f375f73ccfde803d2be0edb28cce4,40db1adf644ebe22e587949ae68d043ac837a1b34e6d6e959403dc9efcaaff29
leaf_spot_(172).jpg,Rhizome Healthy Root00285.JPG,Dataset_01_jtttfbx342,Dataset_02_g46dvrcvwn,NEAR_DUPLICATE_PHASH,Hamming=9,9,Leaf_Spot,Rhizome_Healthy_Roots,b18254072e0462c244f62396cae90320bf8f375f73ccfde803d2be0edb28cce4,83c686ec2538f88fd9a540b44d83db5abea6a7af5d321dc21ddfc5ab2e9cb016
leaf_spot_(172).jpg,Rhizome Healthy Root00286.JPG,Dataset_01_jtttfbx342,Dataset_02_g46dvrcvwn,NEAR_DUPLICATE_PHASH,Hamming=8,8,Leaf_Spot,Rhizome_Healthy_Roots,b18254072e0462c244f62396cae90320bf8f375f73ccfde803d2be0edb28cce4,2a97b39eba2cd7fd67b6ebfeb8d559268366bd541fb27393efd1159d80f5b656
leaf_spot_(172).jpg,Rhizome Healthy Root00287.JPG,Dataset_01_jtttfbx342,Dataset_02_g46dvrcvwn,NEAR_DUPLICATE_PHASH,Hamming=8,8,Leaf_Spot,Rhizome_Healthy_Roots,b18254072e0462c244f62396cae90320bf8f375f73ccfde803d2be0edb28cce4,9092ce7d30b63255c3ef56124692bb99edadfc18997068852808e3f92272d06a
leaf_spot_(172).jpg,Rhizome Healthy Root00288.JPG,Dataset_01_jtttfbx342,Dataset_02_g46dvrcvwn,NEAR_DUPLICATE_PHASH,Hamming=8,8,Leaf_Spot,Rhizome_Healthy_Roots,b18254072e0462c244f62396cae90320bf8f375f73ccfde803d2be0edb28cce4,ec99b8839934fcab11b5f21615d333c9a18470d43c8c3faa318ba78046688f4c
leaf_spot_(172).jpg,Rhizome Healthy Root00304.JPG,Dataset_01_jtttfbx342,Dataset_02_g46dvrcvwn,NEAR_DUPLICATE_PHASH,Hamming=10,10,Leaf_Spot,Rhizome_Healthy_Roots,b18254072e0462c244f62396cae90320bf8f375f73ccfde803d2be0edb28cce4,ab003fdf91d56ef672021bfff6e5ba5826da3116107f32ce59b5bf824d3f429b
leaf_spot_(172).jpg,Rhizome Healthy Root00305.JPG,Dataset_01_jtttfbx342,Dataset_02_g46dvrcvwn,NEAR_DUPLICATE_PHASH,Hamming=10,10,Leaf_Spot,Rhizome_Healthy_Roots,b18254072e0462c244f62396cae90320bf8f375f73ccfde803d2be0edb28cce4,4501e35276bb38c65ba6f9a92d96cb21139b5a1fc57daae16d95539807dd9bd1
leaf_spot_(173).jpg,Dry Leaf00049.JPG,Dataset_01_jtttfbx342,Dataset_02_g46dvrcvwn,NEAR_DUPLICATE_PHASH,Hamming=2,2,Leaf_Spot,Dry_Leaf,b800e3d21762ec04913da0050360af9d3a0f12f967ca7275d348e46f5f5b5b11,319d981af9df48246c86314c43f6489c9b8020dccdf45288eeeeef33f9cce8ad
leaf_spot_(173).jpg,Rhizome Disease Root00011.JPG,Dataset_01_jtttfbx342,Dataset_02_g46dvrcvwn,NEAR_DUPLICATE_PHASH,Hamming=10,10,Leaf_Spot,Rhizome_Disease_Roots,b800e3d21762ec04913da0050360af9d3a0f12f967ca7275d348e46f5f5b5b11,9e5b456e10edce65aab601b2f8131f40d6819965e444da5f3f857d82317bfae2
leaf_spot_(173).jpg,Rhizome Disease Root00051.JPG,Dataset_01_jtttfbx342,Dataset_02_g46dvrcvwn,NEAR_DUPLICATE_PHASH,Hamming=10,10,Leaf_Spot,Rhizome_Disease_Roots,b800e3d21762ec04913da0050360af9d3a0f12f967ca7275d348e46f5f5b5b11,c3fee4901f93ea15d70163a5bbe7fd3322016fa8a17e023c1438c8c0121432e5
leaf_spot_(175).jpg,Dry Leaf00049.JPG,Dataset_01_jtttfbx342,Dataset_02_g46dvrcvwn,NEAR_DUPLICATE_PHASH,Hamming=7,7,Leaf_Spot,Dry_Leaf,5f99e6411e5197c965a07980b39693fd734867ba0655c6f3bdb4a735d538598e,319d981af9df48246c86314c43f6489c9b8020dccdf45288eeeeef33f9cce8ad
leaf_spot_(177).jpg,Dry Leaf00049.JPG,Dataset_01_jtttfbx342,Dataset_02_g46dvrcvwn,NEAR_DUPLICATE_PHASH,Hamming=6,6,Leaf_Spot,Dry_Leaf,f2977357a30522e36fc86363feed355cd1d3c8682fd2be92f6fd13fa0333ee67,319d981af9df48246c86314c43f6489c9b8020dccdf45288eeeeef33f9cce8ad
leaf_spot_(178).jpg,Dry Leaf00049.JPG,Dataset_01_jtttfbx342,Dataset_02_g46dvrcvwn,NEAR_DUPLICATE_PHASH,Hamming=5,5,Leaf_Spot,Dry_Leaf,9515f85a25b283751f4fc60ba9c50d28773980aeca9f14067ad8d6cf2c086100,319d981af9df48246c86314c43f6489c9b8020dccdf45288eeeeef33f9cce8ad
leaf_spot_(179).jpg,Dry Leaf00049.JPG,Dataset_01_jtttfbx342,Dataset_02_g46dvrcvwn,NEAR_DUPLICATE_PHASH,Hamming=4,4,Leaf_Spot,Dry_Leaf,9c856d4ba70e72e1770ff09e47722ef71aef44d61072e4bdb254faa3a61a9e16,319d981af9df48246c86314c43f6489c9b8020dccdf45288eeeeef33f9cce8ad
leaf_spot_(179).jpg,Rhizome Disease Root00011.JPG,Dataset_01_jtttfbx342,Dataset_02_g46dvrcvwn,NEAR_DUPLICATE_PHASH,Hamming=10,10,Leaf_Spot,Rhizome_Disease_Roots,9c856d4ba70e72e1770ff09e47722ef71aef44d61072e4bdb254faa3a61a9e16,9e5b456e10edce65aab601b2f8131f40d6819965e444da5f3f857d82317bfae2
leaf_spot_(182).jpg,Rhizome Disease Root00051.JPG,Dataset_01_jtttfbx342,Dataset_02_g46dvrcvwn,NEAR_DUPLICATE_PHASH,Hamming=10,10,Leaf_Spot,Rhizome_Disease_Roots,eee9a360a89231607173a7d2905d48d2998eefa00efb03b86ee0f26f2cdeff8f,c3fee4901f93ea15d70163a5bbe7fd3322016fa8a17e023c1438c8c0121432e5
leaf_spot_(184).jpg,Rhizome Healthy Root00232.JPG,Dataset_01_jtttfbx342,Dataset_02_g46dvrcvwn,NEAR_DUPLICATE_PHASH,Hamming=9,9,Leaf_Spot,Rhizome_Healthy_Roots,5a8078270e3d6fc0c7f990e91cc7b6c51ddd09852a2d2ef92bf06ab2278cb41f,bc937e060206b7ac479f3eee51788f6e75bc98567118a529ef1b20784b1f366c
leaf_spot_(185).jpg,Dry Leaf00049.JPG,Dataset_01_jtttfbx342,Dataset_02_g46dvrcvwn,NEAR_DUPLICATE_PHASH,Hamming=8,8,Leaf_Spot,Dry_Leaf,328342c7f416ad77e2bbca6421600187dd3f2109a65cf3154a543a09ff406b25,319d981af9df48246c86314c43f6489c9b8020dccdf45288eeeeef33f9cce8ad
leaf_spot_(185).jpg,Dry Leaf00073.JPG,Dataset_01_jtttfbx342,Dataset_02_g46dvrcvwn,NEAR_DUPLICATE_PHASH,Hamming=10,10,Leaf_Spot,Dry_Leaf,328342c7f416ad77e2bbca6421600187dd3f2109a65cf3154a543a09ff406b25,2ace82e204cbe9bb9faf747b8bf2aacd8105a44d0250f55caf1e1f6bdccff113
leaf_spot_(185).jpg,Dry Leaf00095.JPG,Dataset_01_jtttfbx342,Dataset_02_g46dvrcvwn,NEAR_DUPLICATE_PHASH,Hamming=9,9,Leaf_Spot,Dry_Leaf,328342c7f416ad77e2bbca6421600187dd3f2109a65cf3154a543a09ff406b25,32797dc9e1652dd994245c66ada8d17b1a327517264386f58089b50c95c27411
leaf_spot_(185).jpg,Dry Leaf00120.JPG,Dataset_01_jtttfbx342,Dataset_02_g46dvrcvwn,NEAR_DUPLICATE_PHASH,Hamming=10,10,Leaf_Spot,Dry_Leaf,328342c7f416ad77e2bbca6421600187dd3f2109a65cf3154a543a09ff406b25,5dd8964ef4339b05e768a6aa9f86f2c34f8c6242c0d580485d649a4206a7e0d6
leaf_spot_(185).jpg,Dry Leaf00201.JPG,Dataset_01_jtttfbx342,Dataset_02_g46dvrcvwn,NEAR_DUPLICATE_PHASH,Hamming=9,9,Leaf_Spot,Dry_Leaf,328342c7f416ad77e2bbca6421600187dd3f2109a65cf3154a543a09ff406b25,656bff8b27643badbfd3e15617668c2a8fe58a712cb89ef3822ab82e56a639e1
leaf_spot_(185).jpg,Dry Leaf00202.JPG,Dataset_01_jtttfbx342,Dataset_02_g46dvrcvwn,NEAR_DUPLICATE_PHASH,Hamming=10,10,Leaf_Spot,Dry_Leaf,328342c7f416ad77e2bbca6421600187dd3f2109a65cf3154a543a09ff406b25,411a223bdfb5496cb5a0a954df542bf5abf96284579680b8650c41d8d9d80da3
leaf_spot_(185).jpg,Healthy Leaf00007.JPG,Dataset_01_jtttfbx342,Dataset_02_g46dvrcvwn,NEAR_DUPLICATE_PHASH,Hamming=9,9,Leaf_Spot,Healthy_Leaf,328342c7f416ad77e2bbca6421600187dd3f2109a65cf3154a543a09ff406b25,d6f9a25aa871a9af685f8162658608a0a0eba5b0cde7ee41a7adc6390f0d6cf1
leaf_spot_(185).jpg,Healthy Leaf00032.JPG,Dataset_01_jtttfbx342,Dataset_02_g46dvrcvwn,NEAR_DUPLICATE_PHASH,Hamming=7,7,Leaf_Spot,Healthy_Leaf,328342c7f416ad77e2bbca6421600187dd3f2109a65cf3154a543a09ff406b25,85e16dcfec198f4e5cf0472005e99921bf752a1214bbbd68758cbf4cbe4858bd
leaf_spot_(185).jpg,Healthy Leaf00073.JPG,Dataset_01_jtttfbx342,Dataset_02_g46dvrcvwn,NEAR_DUPLICATE_PHASH,Hamming=8,8,Leaf_Spot,Healthy_Leaf,328342c7f416ad77e2bbca6421600187dd3f2109a65cf3154a543a09ff406b25,14099ddcc85f0e8888a5a126d064d51875b1dacabb180459313850a260a8ff37
leaf_spot_(185).jpg,Leaf Blotch00068.JPG,Dataset_01_jtttfbx342,Dataset_02_g46dvrcvwn,NEAR_DUPLICATE_PHASH,Hamming=10,10,Leaf_Spot,Leaf_Blotch,328342c7f416ad77e2bbca6421600187dd3f2109a65cf3154a543a09ff406b25,bfe1b7bb4cda4e4d5234182c220b2c5d0f9be1a8a34e2d8fd58ea3fbe145afe9
leaf_spot_(185).jpg,Leaf Blotch00080.JPG,Dataset_01_jtttfbx342,Dataset_02_g46dvrcvwn,NEAR_DUPLICATE_PHASH,Hamming=10,10,Leaf_Spot,Leaf_Blotch,328342c7f416ad77e2bbca6421600187dd3f2109a65cf3154a543a09ff406b25,ea04f87e0e0ab634f03ca3070bba9fe5aec4d07c7681143140eb739f645a905a
leaf_spot_(185).jpg,Rhizome Disease Root00011.JPG,Dataset_01_jtttfbx342,Dataset_02_g46dvrcvwn,NEAR_DUPLICATE_PHASH,Hamming=8,8,Leaf_Spot,Rhizome_Disease_Roots,328342c7f416ad77e2bbca6421600187dd3f2109a65cf3154a543a09ff406b25,9e5b456e10edce65aab601b2f8131f40d6819965e444da5f3f857d82317bfae2
leaf_spot_(186).jpg,Dry Leaf00049.JPG,Dataset_01_jtttfbx342,Dataset_02_g46dvrcvwn,NEAR_DUPLICATE_PHASH,Hamming=9,9,Leaf_Spot,Dry_Leaf,8b3447031c5a9c159b3a6dd6d212b3a628449994a8836e85930068d6dc0bce4a,319d981af9df48246c86314c43f6489c9b8020dccdf45288eeeeef33f9cce8ad
leaf_spot_(186).jpg,Leaf Blotch00003.JPG,Dataset_01_jtttfbx342,Dataset_02_g46dvrcvwn,NEAR_DUPLICATE_PHASH,Hamming=10,10,Leaf_Spot,Leaf_Blotch,8b3447031c5a9c159b3a6dd6d212b3a628449994a8836e85930068d6dc0bce4a,b32906700713e8eab661f5adedfcf256fcb2c9633d8d27425b9d24eb2350640e
leaf_spot_(186).jpg,Leaf Blotch00083.JPG,Dataset_01_jtttfbx342,Dataset_02_g46dvrcvwn,NEAR_DUPLICATE_PHASH,Hamming=9,9,Leaf_Spot,Leaf_Blotch,8b3447031c5a9c159b3a6dd6d212b3a628449994a8836e85930068d6dc0bce4a,948d6e2d7d31ebcfa4bfb8ced4fa769fb06b0612161664c615fa4be8bfed303b
leaf_spot_(186).jpg,Rhizome Disease Root00011.JPG,Dataset_01_jtttfbx342,Dataset_02_g46dvrcvwn,NEAR_DUPLICATE_PHASH,Hamming=7,7,Leaf_Spot,Rhizome_Disease_Roots,8b3447031c5a9c159b3a6dd6d212b3a628449994a8836e85930068d6dc0bce4a,9e5b456e10edce65aab601b2f8131f40d6819965e444da5f3f857d82317bfae2
leaf_spot_(186).jpg,Rhizome Disease Root00020.JPG,Dataset_01_jtttfbx342,Dataset_02_g46dvrcvwn,NEAR_DUPLICATE_PHASH,Hamming=9,9,Leaf_Spot,Rhizome_Disease_Roots,8b3447031c5a9c159b3a6dd6d212b3a628449994a8836e85930068d6dc0bce4a,c07823be8a3a62bb5183427f4f5e76d24913cbadcc40e6a4cf0a8729f3a3ab22
leaf_spot_(186).jpg,Rhizome Healthy Root00234.JPG,Dataset_01_jtttfbx342,Dataset_02_g46dvrcvwn,NEAR_DUPLICATE_PHASH,Hamming=10,10,Leaf_Spot,Rhizome_Healthy_Roots,8b3447031c5a9c159b3a6dd6d212b3a628449994a8836e85930068d6dc0bce4a,e502e303869bb478fdea6d5d858c5c04eb20958884dfa3ff7eadf40d133b2b51
leaf_spot_(188).jpg,Dry Leaf00049.JPG,Dataset_01_jtttfbx342,Dataset_02_g46dvrcvwn,NEAR_DUPLICATE_PHASH,Hamming=8,8,Leaf_Spot,Dry_Leaf,1d9d87965b65d6079dad8bd6d25d7891ea32c0bb1cb3346349264edc3f6dc715,319d981af9df48246c86314c43f6489c9b8020dccdf45288eeeeef33f9cce8ad
leaf_spot_(188).jpg,Leaf Blotch00075.JPG,Dataset_01_jtttfbx342,Dataset_02_g46dvrcvwn,NEAR_DUPLICATE_PHASH,Hamming=10,10,Leaf_Spot,Leaf_Blotch,1d9d87965b65d6079dad8bd6d25d7891ea32c0bb1cb3346349264edc3f6dc715,a3474f43ac7e303941ef6dde8fdd59608acde77499eeb66a4818b2eba82fdd45
leaf_spot_(188).jpg,Rhizome Disease Root00011.JPG,Dataset_01_jtttfbx342,Dataset_02_g46dvrcvwn,NEAR_DUPLICATE_PHASH,Hamming=8,8,Leaf_Spot,Rhizome_Disease_Roots,1d9d87965b65d6079dad8bd6d25d7891ea32c0bb1cb3346349264edc3f6dc715,9e5b456e10edce65aab601b2f8131f40d6819965e444da5f3f857d82317bfae2
leaf_spot_(188).jpg,Rhizome Disease Root00051.JPG,Dataset_01_jtttfbx342,Dataset_02_g46dvrcvwn,NEAR_DUPLICATE_PHASH,Hamming=6,6,Leaf_Spot,Rhizome_Disease_Roots,1d9d87965b65d6079dad8bd6d25d7891ea32c0bb1cb3346349264edc3f6dc715,c3fee4901f93ea15d70163a5bbe7fd3322016fa8a17e023c1438c8c0121432e5
leaf_spot_(189).jpg,Dry Leaf00049.JPG,Dataset_01_jtttfbx342,Dataset_02_g46dvrcvwn,NEAR_DUPLICATE_PHASH,Hamming=8,8,Leaf_Spot,Dry_Leaf,4ec9b55878df780fc89d5a7587f67b1a5f6b715a8b4bdff32b5204f649633f2b,319d981af9df48246c86314c43f6489c9b8020dccdf45288eeeeef33f9cce8ad
leaf_spot_(189).jpg,Rhizome Disease Root00011.JPG,Dataset_01_jtttfbx342,Dataset_02_g46dvrcvwn,NEAR_DUPLICATE_PHASH,Hamming=10,10,Leaf_Spot,Rhizome_Disease_Roots,4ec9b55878df780fc89d5a7587f67b1a5f6b715a8b4bdff32b5204f649633f2b,9e5b456e10edce65aab601b2f8131f40d6819965e444da5f3f857d82317bfae2
leaf_spot_(189).jpg,Rhizome Disease Root00051.JPG,Dataset_01_jtttfbx342,Dataset_02_g46dvrcvwn,NEAR_DUPLICATE_PHASH,Hamming=8,8,Leaf_Spot,Rhizome_Disease_Roots,4ec9b55878df780fc89d5a7587f67b1a5f6b715a8b4bdff32b5204f649633f2b,c3fee4901f93ea15d70163a5bbe7fd3322016fa8a17e023c1438c8c0121432e5
leaf_spot_(19).jpg,Dry Leaf00049.JPG,Dataset_01_jtttfbx342,Dataset_02_g46dvrcvwn,NEAR_DUPLICATE_PHASH,Hamming=10,10,Leaf_Spot,Dry_Leaf,7c6c2013c9287e5180dd1fa88be37a4ce629e2b8713137b7e0f3fdc0852f221e,319d981af9df48246c86314c43f6489c9b8020dccdf45288eeeeef33f9cce8ad
leaf_spot_(190).jpg,Dry Leaf00143.JPG,Dataset_01_jtttfbx342,Dataset_02_g46dvrcvwn,NEAR_DUPLICATE_PHASH,Hamming=10,10,Leaf_Spot,Dry_Leaf,9fd0184f2cf9aca189db1f2678890d1f04f9f1f865880a76e961fd40cedae12c,264aaf55af985e2d563adbfe4338e6d7666deb78327e547e536cc5a3f2933d56
leaf_spot_(190).jpg,Leaf Blotch00004.JPG,Dataset_01_jtttfbx342,Dataset_02_g46dvrcvwn,NEAR_DUPLICATE_PHASH,Hamming=10,10,Leaf_Spot,Leaf_Blotch,9fd0184f2cf9aca189db1f2678890d1f04f9f1f865880a76e961fd40cedae12c,a96b36433507af73e39df1d2ad9989e773b79c0d27ae1ebfbf5ecc18de823a07
leaf_spot_(190).jpg,Rhizome Disease Root00011.JPG,Dataset_01_jtttfbx342,Dataset_02_g46dvrcvwn,NEAR_DUPLICATE_PHASH,Hamming=9,9,Leaf_Spot,Rhizome_Disease_Roots,9fd0184f2cf9aca189db1f2678890d1f04f9f1f865880a76e961fd40cedae12c,9e5b456e10edce65aab601b2f8131f40d6819965e444da5f3f857d82317bfae2
leaf_spot_(191).jpg,Dry Leaf00049.JPG,Dataset_01_jtttfbx342,Dataset_02_g46dvrcvwn,NEAR_DUPLICATE_PHASH,Hamming=9,9,Leaf_Spot,Dry_Leaf,7fcaaf373eba56bd749b9c579ac288a90abc06de023c2785ba1ca539b88656a3,319d981af9df48246c86314c43f6489c9b8020dccdf45288eeeeef33f9cce8ad
leaf_spot_(191).jpg,Dry Leaf00077.JPG,Dataset_01_jtttfbx342,Dataset_02_g46dvrcvwn,NEAR_DUPLICATE_PHASH,Hamming=10,10,Leaf_Spot,Dry_Leaf,7fcaaf373eba56bd749b9c579ac288a90abc06de023c2785ba1ca539b88656a3,c7a04e3fb84ede079e4e6a784fadfc4d70466daef9fee9e62eaf7e0032e5b8b9
leaf_spot_(191).jpg,Dry Leaf00095.JPG,Dataset_01_jtttfbx342,Dataset_02_g46dvrcvwn,NEAR_DUPLICATE_PHASH,Hamming=10,10,Leaf_Spot,Dry_Leaf,7fcaaf373eba56bd749b9c579ac288a90abc06de023c2785ba1ca539b88656a3,32797dc9e1652dd994245c66ada8d17b1a327517264386f58089b50c95c27411
leaf_spot_(191).jpg,Dry Leaf00183.JPG,Dataset_01_jtttfbx342,Dataset_02_g46dvrcvwn,NEAR_DUPLICATE_PHASH,Hamming=10,10,Leaf_Spot,Dry_Leaf,7fcaaf373eba56bd749b9c579ac288a90abc06de023c2785ba1ca539b88656a3,6c977e13b65a6bd5c7bedbf38061458669ae4c4c1095f287f17fa0c76c892336
leaf_spot_(191).jpg,Dry Leaf00201.JPG,Dataset_01_jtttfbx342,Dataset_02_g46dvrcvwn,NEAR_DUPLICATE_PHASH,Hamming=10,10,Leaf_Spot,Dry_Leaf,7fcaaf373eba56bd749b9c579ac288a90abc06de023c2785ba1ca539b88656a3,656bff8b27643badbfd3e15617668c2a8fe58a712cb89ef3822ab82e56a639e1
leaf_spot_(191).jpg,Healthy Leaf00007.JPG,Dataset_01_jtttfbx342,Dataset_02_g46dvrcvwn,NEAR_DUPLICATE_PHASH,Hamming=8,8,Leaf_Spot,Healthy_Leaf,7fcaaf373eba56bd749b9c579ac288a90abc06de023c2785ba1ca539b88656a3,d6f9a25aa871a9af685f8162658608a0a0eba5b0cde7ee41a7adc6390f0d6cf1
leaf_spot_(191).jpg,Healthy Leaf00032.JPG,Dataset_01_jtttfbx342,Dataset_02_g46dvrcvwn,NEAR_DUPLICATE_PHASH,Hamming=8,8,Leaf_Spot,Healthy_Leaf,7fcaaf373eba56bd749b9c579ac288a90abc06de023c2785ba1ca539b88656a3,85e16dcfec198f4e5cf0472005e99921bf752a1214bbbd68758cbf4cbe4858bd
leaf_spot_(191).jpg,Healthy Leaf00073.JPG,Dataset_01_jtttfbx342,Dataset_02_g46dvrcvwn,NEAR_DUPLICATE_PHASH,Hamming=9,9,Leaf_Spot,Healthy_Leaf,7fcaaf373eba56bd749b9c579ac288a90abc06de023c2785ba1ca539b88656a3,14099ddcc85f0e8888a5a126d064d51875b1dacabb180459313850a260a8ff37
leaf_spot_(191).jpg,Rhizome Disease Root00011.JPG,Dataset_01_jtttfbx342,Dataset_02_g46dvrcvwn,NEAR_DUPLICATE_PHASH,Hamming=9,9,Leaf_Spot,Rhizome_Disease_Roots,7fcaaf373eba56bd749b9c579ac288a90abc06de023c2785ba1ca539b88656a3,9e5b456e10edce65aab601b2f8131f40d6819965e444da5f3f857d82317bfae2
leaf_spot_(2).jpg,Dry Leaf00122.JPG,Dataset_01_jtttfbx342,Dataset_02_g46dvrcvwn,NEAR_DUPLICATE_PHASH,Hamming=8,8,Leaf_Spot,Dry_Leaf,57b42ca5949f954ced1ba0d68db89b694c1e76329b00efe5590755bf221218e1,f4c98e627b86f34d545dfa70f914b5a3482f9dac29e37e4277a46b7a042753b4
leaf_spot_(2).jpg,Leaf Blotch00008.JPG,Dataset_01_jtttfbx342,Dataset_02_g46dvrcvwn,NEAR_DUPLICATE_PHASH,Hamming=10,10,Leaf_Spot,Leaf_Blotch,57b42ca5949f954ced1ba0d68db89b694c1e76329b00efe5590755bf221218e1,c8bc1c36431f8bba388e437313476fdb6e489866cef23a0f4993352654de43ea
leaf_spot_(2).jpg,Rhizome Disease Root00100.JPG,Dataset_01_jtttfbx342,Dataset_02_g46dvrcvwn,NEAR_DUPLICATE_PHASH,Hamming=10,10,Leaf_Spot,Rhizome_Disease_Roots,57b42ca5949f954ced1ba0d68db89b694c1e76329b00efe5590755bf221218e1,bf4ec59bc4ad776c17d4ce19cc4c4a546810800711d31948a4b5f6d7ff88a60b
leaf_spot_(2).jpg,Rhizome Disease Root00104.JPG,Dataset_01_jtttfbx342,Dataset_02_g46dvrcvwn,NEAR_DUPLICATE_PHASH,Hamming=10,10,Leaf_Spot,Rhizome_Disease_Roots,57b42ca5949f954ced1ba0d68db89b694c1e76329b00efe5590755bf221218e1,a905597c339e72f33825988e552f738b456b023b15f02a23546a7d5ccccbf7fe
leaf_spot_(2).jpg,Rhizome Disease Root00106.JPG,Dataset_01_jtttfbx342,Dataset_02_g46dvrcvwn,NEAR_DUPLICATE_PHASH,Hamming=8,8,Leaf_Spot,Rhizome_Disease_Roots,57b42ca5949f954ced1ba0d68db89b694c1e76329b00efe5590755bf221218e1,609c39bc0b9a56b920bde2aa77eca2b1a4d2b155b15a4ed010ead5dc7e8bcb35
leaf_spot_(2).jpg,Rhizome Disease Root00108.JPG,Dataset_01_jtttfbx342,Dataset_02_g46dvrcvwn,NEAR_DUPLICATE_PHASH,Hamming=9,9,Leaf_Spot,Rhizome_Disease_Roots,57b42ca5949f954ced1ba0d68db89b694c1e76329b00efe5590755bf221218e1,fa6b8eb8029c35c84b3dd6988ff45733a0cbc5ba5532d4c88d1db7643118aa4a
leaf_spot_(2).jpg,Rhizome Disease Root00114.JPG,Dataset_01_jtttfbx342,Dataset_02_g46dvrcvwn,NEAR_DUPLICATE_PHASH,Hamming=7,7,Leaf_Spot,Rhizome_Disease_Roots,57b42ca5949f954ced1ba0d68db89b694c1e76329b00efe5590755bf221218e1,3a652734257559efc017044a527d4be6683a935a05e18c03b9115f80560df8be
leaf_spot_(2).jpg,Rhizome Disease Root00122.JPG,Dataset_01_jtttfbx342,Dataset_02_g46dvrcvwn,NEAR_DUPLICATE_PHASH,Hamming=9,9,Leaf_Spot,Rhizome_Disease_Roots,57b42ca5949f954ced1ba0d68db89b694c1e76329b00efe5590755bf221218e1,ee9ac8de7a3d02ea275700cbbd3b3a68a3ec4f5cb8d9bdd44a484d2076307258
leaf_spot_(2).jpg,Rhizome Healthy Root00029.JPG,Dataset_01_jtttfbx342,Dataset_02_g46dvrcvwn,NEAR_DUPLICATE_PHASH,Hamming=10,10,Leaf_Spot,Rhizome_Healthy_Roots,57b42ca5949f954ced1ba0d68db89b694c1e76329b00efe5590755bf221218e1,3835df92135db2ba80f4dc67dd51d4ab10db2fd18fa835a53280dd4318d1c91a
leaf_spot_(2).jpg,Rhizome Healthy Root00030.JPG,Dataset_01_jtttfbx342,Dataset_02_g46dvrcvwn,NEAR_DUPLICATE_PHASH,Hamming=10,10,Leaf_Spot,Rhizome_Healthy_Roots,57b42ca5949f954ced1ba0d68db89b694c1e76329b00efe5590755bf221218e1,5ce7923d7a7e7b4bd048f205c90e9a9a8d400d2fd8cf48fec15ac85b74cc3468
leaf_spot_(2).jpg,Rhizome Healthy Root00031.JPG,Dataset_01_jtttfbx342,Dataset_02_g46dvrcvwn,NEAR_DUPLICATE_PHASH,Hamming=10,10,Leaf_Spot,Rhizome_Healthy_Roots,57b42ca5949f954ced1ba0d68db89b694c1e76329b00efe5590755bf221218e1,be1d95036007d6dc54776a298c8ed737b1c2ae0a0b8d9720d368b6fd64dfef46
leaf_spot_(2).jpg,Rhizome Healthy Root00102.JPG,Dataset_01_jtttfbx342,Dataset_02_g46dvrcvwn,NEAR_DUPLICATE_PHASH,Hamming=10,10,Leaf_Spot,Rhizome_Healthy_Roots,57b42ca5949f954ced1ba0d68db89b694c1e76329b00efe5590755bf221218e1,42ed63fbc1a84d627ef27ec356342cf7d62182b1cfb585f9cbc082ed88702993
leaf_spot_(2).jpg,Rhizome Healthy Root00103.JPG,Dataset_01_jtttfbx342,Dataset_02_g46dvrcvwn,NEAR_DUPLICATE_PHASH,Hamming=10,10,Leaf_Spot,Rhizome_Healthy_Roots,57b42ca5949f954ced1ba0d68db89b694c1e76329b00efe5590755bf221218e1,1a182a290d5ec92d08bc0bb7826ce7992966ad9ac025b6731f8d48f1b0071cec
leaf_spot_(2).jpg,Rhizome Healthy Root00104.JPG,Dataset_01_jtttfbx342,Dataset_02_g46dvrcvwn,NEAR_DUPLICATE_PHASH,Hamming=9,9,Leaf_Spot,Rhizome_Healthy_Roots,57b42ca5949f954ced1ba0d68db89b694c1e76329b00efe5590755bf221218e1,c6e84c358fef466d5d651d6badc72f487938a8971667c64a8b9cd6ba4e2a15f6
leaf_spot_(2).jpg,Rhizome Healthy Root00106.JPG,Dataset_01_jtttfbx342,Dataset_02_g46dvrcvwn,NEAR_DUPLICATE_PHASH,Hamming=10,10,Leaf_Spot,Rhizome_Healthy_Roots,57b42ca5949f954ced1ba0d68db89b694c1e76329b00efe5590755bf221218e1,792099df3f2fb91a62d25fc739635a820e6c5be3fb678f74f5b5b0d40f2c3209
leaf_spot_(2).jpg,Rhizome Healthy Root00211.JPG,Dataset_01_jtttfbx342,Dataset_02_g46dvrcvwn,NEAR_DUPLICATE_PHASH,Hamming=10,10,Leaf_Spot,Rhizome_Healthy_Roots,57b42ca5949f954ced1ba0d68db89b694c1e76329b00efe5590755bf221218e1,af9481a7f55c520a63981535fc3b2b4427254bd08595b35bc60a32c0c1527320
leaf_spot_(2).jpg,Rhizome Healthy Root00212.JPG,Dataset_01_jtttfbx342,Dataset_02_g46dvrcvwn,NEAR_DUPLICATE_PHASH,Hamming=10,10,Leaf_Spot,Rhizome_Healthy_Roots,57b42ca5949f954ced1ba0d68db89b694c1e76329b00efe5590755bf221218e1,0be72c09c190a65f51ff9cfb763d7b3ca7f6aa4df808bec58ee8b6ceec61d7f5
leaf_spot_(2).jpg,Rhizome Healthy Root00213.JPG,Dataset_01_jtttfbx342,Dataset_02_g46dvrcvwn,NEAR_DUPLICATE_PHASH,Hamming=10,10,Leaf_Spot,Rhizome_Healthy_Roots,57b42ca5949f954ced1ba0d68db89b694c1e76329b00efe5590755bf221218e1,edb96c84b1fc8b265c010c9fb6edaa55484fb2534e0f219a25839a49f2ce5b42
leaf_spot_(2).jpg,Rhizome Healthy Root00302.JPG,Dataset_01_jtttfbx342,Dataset_02_g46dvrcvwn,NEAR_DUPLICATE_PHASH,Hamming=10,10,Leaf_Spot,Rhizome_Healthy_Roots,57b42ca5949f954ced1ba0d68db89b694c1e76329b00efe5590755bf221218e1,1b056c0bec593d0fb2c3b1ab4b9d24f80ed054d4ea4c181663cd9794f0288604
leaf_spot_(20).jpg,Dry Leaf00010.JPG,Dataset_01_jtttfbx342,Dataset_02_g46dvrcvwn,NEAR_DUPLICATE_PHASH,Hamming=10,10,Leaf_Spot,Dry_Leaf,4fec354f1b9776e882bcff3f756fc965cd2eb072a27bde91be35973add4a3298,5b5bb6467d6edf8ee4f941dc057cad4c0753833fec7761b431fb27543026dcc5
leaf_spot_(20).jpg,Rhizome Disease Root00174.JPG,Dataset_01_jtttfbx342,Dataset_02_g46dvrcvwn,NEAR_DUPLICATE_PHASH,Hamming=9,9,Leaf_Spot,Rhizome_Disease_Roots,4fec354f1b9776e882bcff3f756fc965cd2eb072a27bde91be35973add4a3298,ecfb7eb332f9325f118c4febd130514cf65ed231d12141528bdc38f53c4e84e0
leaf_spot_(20).jpg,Rhizome Disease Root00180.JPG,Dataset_01_jtttfbx342,Dataset_02_g46dvrcvwn,NEAR_DUPLICATE_PHASH,Hamming=10,10,Leaf_Spot,Rhizome_Disease_Roots,4fec354f1b9776e882bcff3f756fc965cd2eb072a27bde91be35973add4a3298,24396f5ae47cf2c6aabacc2b8f481d2b66240f018f70f63b3b030d6e6d61d58c
leaf_spot_(20).jpg,Rhizome Healthy Root00029.JPG,Dataset_01_jtttfbx342,Dataset_02_g46dvrcvwn,NEAR_DUPLICATE_PHASH,Hamming=10,10,Leaf_Spot,Rhizome_Healthy_Roots,4fec354f1b9776e882bcff3f756fc965cd2eb072a27bde91be35973add4a3298,3835df92135db2ba80f4dc67dd51d4ab10db2fd18fa835a53280dd4318d1c91a
leaf_spot_(20).jpg,Rhizome Healthy Root00030.JPG,Dataset_01_jtttfbx342,Dataset_02_g46dvrcvwn,NEAR_DUPLICATE_PHASH,Hamming=10,10,Leaf_Spot,Rhizome_Healthy_Roots,4fec354f1b9776e882bcff3f756fc965cd2eb072a27bde91be35973add4a3298,5ce7923d7a7e7b4bd048f205c90e9a9a8d400d2fd8cf48fec15ac85b74cc3468
leaf_spot_(20).jpg,Rhizome Healthy Root00031.JPG,Dataset_01_jtttfbx342,Dataset_02_g46dvrcvwn,NEAR_DUPLICATE_PHASH,Hamming=10,10,Leaf_Spot,Rhizome_Healthy_Roots,4fec354f1b9776e882bcff3f756fc965cd2eb072a27bde91be35973add4a3298,be1d95036007d6dc54776a298c8ed737b1c2ae0a0b8d9720d368b6fd64dfef46
leaf_spot_(21).jpg,Dry Leaf00049.JPG,Dataset_01_jtttfbx342,Dataset_02_g46dvrcvwn,NEAR_DUPLICATE_PHASH,Hamming=8,8,Leaf_Spot,Dry_Leaf,d7195dd49c7d8d8ff176d939c6e9442c28fe919db9378622b0661e7d6b95dfc2,319d981af9df48246c86314c43f6489c9b8020dccdf45288eeeeef33f9cce8ad
leaf_spot_(21).jpg,Healthy Leaf00158.JPG,Dataset_01_jtttfbx342,Dataset_02_g46dvrcvwn,NEAR_DUPLICATE_PHASH,Hamming=10,10,Leaf_Spot,Healthy_Leaf,d7195dd49c7d8d8ff176d939c6e9442c28fe919db9378622b0661e7d6b95dfc2,2e19995b74ead7dc4dd1d1fe9ef1b484a754387429155b6e19bf79c20267106f
leaf_spot_(21).jpg,Leaf Blotch00050.JPG,Dataset_01_jtttfbx342,Dataset_02_g46dvrcvwn,NEAR_DUPLICATE_PHASH,Hamming=10,10,Leaf_Spot,Leaf_Blotch,d7195dd49c7d8d8ff176d939c6e9442c28fe919db9378622b0661e7d6b95dfc2,39b30a9382024a62baca55458391a3a7cd22c9226b773de42785a09652125c84
leaf_spot_(22).jpg,Dry Leaf00049.JPG,Dataset_01_jtttfbx342,Dataset_02_g46dvrcvwn,NEAR_DUPLICATE_PHASH,Hamming=10,10,Leaf_Spot,Dry_Leaf,5e7d55bf31c48fbf9250dcfc880c726f1ea8f0e684032433e11471e1a0f0df0b,319d981af9df48246c86314c43f6489c9b8020dccdf45288eeeeef33f9cce8ad
leaf_spot_(22).jpg,Leaf Blotch00038.JPG,Dataset_01_jtttfbx342,Dataset_02_g46dvrcvwn,NEAR_DUPLICATE_PHASH,Hamming=10,10,Leaf_Spot,Leaf_Blotch,5e7d55bf31c48fbf9250dcfc880c726f1ea8f0e684032433e11471e1a0f0df0b,47d071975fbd13b57c6336b6591d0daa163eb440d3f5c66c938e6190e997b492
leaf_spot_(22).jpg,Leaf Blotch00075.JPG,Dataset_01_jtttfbx342,Dataset_02_g46dvrcvwn,NEAR_DUPLICATE_PHASH,Hamming=10,10,Leaf_Spot,Leaf_Blotch,5e7d55bf31c48fbf9250dcfc880c726f1ea8f0e684032433e11471e1a0f0df0b,a3474f43ac7e303941ef6dde8fdd59608acde77499eeb66a4818b2eba82fdd45
leaf_spot_(22).jpg,Leaf Blotch00110.JPG,Dataset_01_jtttfbx342,Dataset_02_g46dvrcvwn,NEAR_DUPLICATE_PHASH,Hamming=10,10,Leaf_Spot,Leaf_Blotch,5e7d55bf31c48fbf9250dcfc880c726f1ea8f0e684032433e11471e1a0f0df0b,9da7afa81a3e61543855bee8fb4292b375d3283f5c19b01076cf61e0d5b15706
leaf_spot_(22).jpg,Rhizome Disease Root00051.JPG,Dataset_01_jtttfbx342,Dataset_02_g46dvrcvwn,NEAR_DUPLICATE_PHASH,Hamming=10,10,Leaf_Spot,Rhizome_Disease_Roots,5e7d55bf31c48fbf9250dcfc880c726f1ea8f0e684032433e11471e1a0f0df0b,c3fee4901f93ea15d70163a5bbe7fd3322016fa8a17e023c1438c8c0121432e5
leaf_spot_(24).jpg,Dry Leaf00021.JPG,Dataset_01_jtttfbx342,Dataset_02_g46dvrcvwn,NEAR_DUPLICATE_PHASH,Hamming=8,8,Leaf_Spot,Dry_Leaf,79fc0e7f209f81349463609a6eb03b69fd093bd5ba8407507eabe3a449c62e8b,80b07af320ce31e8a146fc8c36d40920359a994dbb7ce32c5c787d0e269bb363
leaf_spot_(24).jpg,Dry Leaf00122.JPG,Dataset_01_jtttfbx342,Dataset_02_g46dvrcvwn,NEAR_DUPLICATE_PHASH,Hamming=10,10,Leaf_Spot,Dry_Leaf,79fc0e7f209f81349463609a6eb03b69fd093bd5ba8407507eabe3a449c62e8b,f4c98e627b86f34d545dfa70f914b5a3482f9dac29e37e4277a46b7a042753b4
leaf_spot_(24).jpg,Dry Leaf00143.JPG,Dataset_01_jtttfbx342,Dataset_02_g46dvrcvwn,NEAR_DUPLICATE_PHASH,Hamming=10,10,Leaf_Spot,Dry_Leaf,79fc0e7f209f81349463609a6eb03b69fd093bd5ba8407507eabe3a449c62e8b,264aaf55af985e2d563adbfe4338e6d7666deb78327e547e536cc5a3f2933d56
leaf_spot_(24).jpg,Leaf Blotch00004.JPG,Dataset_01_jtttfbx342,Dataset_02_g46dvrcvwn,NEAR_DUPLICATE_PHASH,Hamming=10,10,Leaf_Spot,Leaf_Blotch,79fc0e7f209f81349463609a6eb03b69fd093bd5ba8407507eabe3a449c62e8b,a96b36433507af73e39df1d2ad9989e773b79c0d27ae1ebfbf5ecc18de823a07
leaf_spot_(24).jpg,Rhizome Disease Root00031.JPG,Dataset_01_jtttfbx342,Dataset_02_g46dvrcvwn,NEAR_DUPLICATE_PHASH,Hamming=9,9,Leaf_Spot,Rhizome_Disease_Roots,79fc0e7f209f81349463609a6eb03b69fd093bd5ba8407507eabe3a449c62e8b,dedf2d9306dfb93c43063f67c4400508fe0bb5a6138b865bc0149e9e0602865b
leaf_spot_(24).jpg,Rhizome Disease Root00114.JPG,Dataset_01_jtttfbx342,Dataset_02_g46dvrcvwn,NEAR_DUPLICATE_PHASH,Hamming=5,5,Leaf_Spot,Rhizome_Disease_Roots,79fc0e7f209f81349463609a6eb03b69fd093bd5ba8407507eabe3a449c62e8b,3a652734257559efc017044a527d4be6683a935a05e18c03b9115f80560df8be
leaf_spot_(24).jpg,Rhizome Disease Root00176.JPG,Dataset_01_jtttfbx342,Dataset_02_g46dvrcvwn,NEAR_DUPLICATE_PHASH,Hamming=9,9,Leaf_Spot,Rhizome_Disease_Roots,79fc0e7f209f81349463609a6eb03b69fd093bd5ba8407507eabe3a449c62e8b,4f668ea4799377a46be43218163c55f7774abdc0b33fc941041410a16945444d
leaf_spot_(24).jpg,Rhizome Healthy Root00029.JPG,Dataset_01_jtttfbx342,Dataset_02_g46dvrcvwn,NEAR_DUPLICATE_PHASH,Hamming=10,10,Leaf_Spot,Rhizome_Healthy_Roots,79fc0e7f209f81349463609a6eb03b69fd093bd5ba8407507eabe3a449c62e8b,3835df92135db2ba80f4dc67dd51d4ab10db2fd18fa835a53280dd4318d1c91a
leaf_spot_(24).jpg,Rhizome Healthy Root00030.JPG,Dataset_01_jtttfbx342,Dataset_02_g46dvrcvwn,NEAR_DUPLICATE_PHASH,Hamming=10,10,Leaf_Spot,Rhizome_Healthy_Roots,79fc0e7f209f81349463609a6eb03b69fd093bd5ba8407507eabe3a449c62e8b,5ce7923d7a7e7b4bd048f205c90e9a9a8d400d2fd8cf48fec15ac85b74cc3468
leaf_spot_(24).jpg,Rhizome Healthy Root00031.JPG,Dataset_01_jtttfbx342,Dataset_02_g46dvrcvwn,NEAR_DUPLICATE_PHASH,Hamming=10,10,Leaf_Spot,Rhizome_Healthy_Roots,79fc0e7f209f81349463609a6eb03b69fd093bd5ba8407507eabe3a449c62e8b,be1d95036007d6dc54776a298c8ed737b1c2ae0a0b8d9720d368b6fd64dfef46
leaf_spot_(24).jpg,Rhizome Healthy Root00106.JPG,Dataset_01_jtttfbx342,Dataset_02_g46dvrcvwn,NEAR_DUPLICATE_PHASH,Hamming=10,10,Leaf_Spot,Rhizome_Healthy_Roots,79fc0e7f209f81349463609a6eb03b69fd093bd5ba8407507eabe3a449c62e8b,792099df3f2fb91a62d25fc739635a820e6c5be3fb678f74f5b5b0d40f2c3209
leaf_spot_(24).jpg,Rhizome Healthy Root00152.JPG,Dataset_01_jtttfbx342,Dataset_02_g46dvrcvwn,NEAR_DUPLICATE_PHASH,Hamming=10,10,Leaf_Spot,Rhizome_Healthy_Roots,79fc0e7f209f81349463609a6eb03b69fd093bd5ba8407507eabe3a449c62e8b,8433ea9e023d2eaa2fa02af7516b9dd71987ef4c9ebdd398f82b4e4f4501fc52
leaf_spot_(24).jpg,Rhizome Healthy Root00170.JPG,Dataset_01_jtttfbx342,Dataset_02_g46dvrcvwn,NEAR_DUPLICATE_PHASH,Hamming=9,9,Leaf_Spot,Rhizome_Healthy_Roots,79fc0e7f209f81349463609a6eb03b69fd093bd5ba8407507eabe3a449c62e8b,0bd4445ddc953c49186ebd7e4646ec0ac242195b69554e1f227ba131cf802d63
leaf_spot_(24).jpg,Rhizome Healthy Root00171.JPG,Dataset_01_jtttfbx342,Dataset_02_g46dvrcvwn,NEAR_DUPLICATE_PHASH,Hamming=9,9,Leaf_Spot,Rhizome_Healthy_Roots,79fc0e7f209f81349463609a6eb03b69fd093bd5ba8407507eabe3a449c62e8b,fcad9f22937f50f0a2d974e0e70b60ac1f80460bbd9d1193f7a7cd7959e310d1
leaf_spot_(24).jpg,Rhizome Healthy Root00172.JPG,Dataset_01_jtttfbx342,Dataset_02_g46dvrcvwn,NEAR_DUPLICATE_PHASH,Hamming=9,9,Leaf_Spot,Rhizome_Healthy_Roots,79fc0e7f209f81349463609a6eb03b69fd093bd5ba8407507eabe3a449c62e8b,edc68d95029d0702c151bb55825e48a559a18eea52be340a7c48f1729cca08f7
leaf_spot_(24).jpg,Rhizome Healthy Root00173.JPG,Dataset_01_jtttfbx342,Dataset_02_g46dvrcvwn,NEAR_DUPLICATE_PHASH,Hamming=9,9,Leaf_Spot,Rhizome_Healthy_Roots,79fc0e7f209f81349463609a6eb03b69fd093bd5ba8407507eabe3a449c62e8b,47706a04449487505eb6bf9354a9d3c333c42c724b6c84d4da898ebb31e14afd
leaf_spot_(24).jpg,Rhizome Healthy Root00188.JPG,Dataset_01_jtttfbx342,Dataset_02_g46dvrcvwn,NEAR_DUPLICATE_PHASH,Hamming=10,10,Leaf_Spot,Rhizome_Healthy_Roots,79fc0e7f209f81349463609a6eb03b69fd093bd5ba8407507eabe3a449c62e8b,98e35ad679ff2d949a0c16eec811de52b07a0fc4f98eeaec4b9a4314e3ca25e1
leaf_spot_(24).jpg,Rhizome Healthy Root00189.JPG,Dataset_01_jtttfbx342,Dataset_02_g46dvrcvwn,NEAR_DUPLICATE_PHASH,Hamming=10,10,Leaf_Spot,Rhizome_Healthy_Roots,79fc0e7f209f81349463609a6eb03b69fd093bd5ba8407507eabe3a449c62e8b,78897876985a6a5a72a7b592863d81f32c294cbddcc65cdccde9d9ecf11ef6b3
leaf_spot_(24).jpg,Rhizome Healthy Root00220.JPG,Dataset_01_jtttfbx342,Dataset_02_g46dvrcvwn,NEAR_DUPLICATE_PHASH,Hamming=9,9,Leaf_Spot,Rhizome_Healthy_Roots,79fc0e7f209f81349463609a6eb03b69fd093bd5ba8407507eabe3a449c62e8b,f1bac6eee43ea442e2adaaf4ecc4f0924e7e0f93c6344dfd32a207415e7fa143
leaf_spot_(24).jpg,Rhizome Healthy Root00221.JPG,Dataset_01_jtttfbx342,Dataset_02_g46dvrcvwn,NEAR_DUPLICATE_PHASH,Hamming=9,9,Leaf_Spot,Rhizome_Healthy_Roots,79fc0e7f209f81349463609a6eb03b69fd093bd5ba8407507eabe3a449c62e8b,1fc42b6403c58dfe21862728f1edd575ee58a29997f5b30af1ef4102f5c07cfa
leaf_spot_(24).jpg,Rhizome Healthy Root00222.JPG,Dataset_01_jtttfbx342,Dataset_02_g46dvrcvwn,NEAR_DUPLICATE_PHASH,Hamming=10,10,Leaf_Spot,Rhizome_Healthy_Roots,79fc0e7f209f81349463609a6eb03b69fd093bd5ba8407507eabe3a449c62e8b,b443d6ce3ead6b4dd5ce5a65889ea94c1dcaa5abbe92726d10d85229b0627a06
leaf_spot_(24).jpg,Rhizome Healthy Root00223.JPG,Dataset_01_jtttfbx342,Dataset_02_g46dvrcvwn,NEAR_DUPLICATE_PHASH,Hamming=9,9,Leaf_Spot,Rhizome_Healthy_Roots,79fc0e7f209f81349463609a6eb03b69fd093bd5ba8407507eabe3a449c62e8b,f191510b944665f847caa40c8839768e908b8cb15f0bd262da9a1dfaabcb4a64
leaf_spot_(24).jpg,Rhizome Healthy Root00257.JPG,Dataset_01_jtttfbx342,Dataset_02_g46dvrcvwn,NEAR_DUPLICATE_PHASH,Hamming=10,10,Leaf_Spot,Rhizome_Healthy_Roots,79fc0e7f209f81349463609a6eb03b69fd093bd5ba8407507eabe3a449c62e8b,27078ff663c26a35d652cb818332a4af8a42761a7662fd6a5a390f2221ed1f91
leaf_spot_(24).jpg,Rhizome Healthy Root00258.JPG,Dataset_01_jtttfbx342,Dataset_02_g46dvrcvwn,NEAR_DUPLICATE_PHASH,Hamming=9,9,Leaf_Spot,Rhizome_Healthy_Roots,79fc0e7f209f81349463609a6eb03b69fd093bd5ba8407507eabe3a449c62e8b,741a6e06ca571fd5eea19c54fbb3ea01caa6353c419ec5110589eb77afea706b
leaf_spot_(24).jpg,Rhizome Healthy Root00259.JPG,Dataset_01_jtttfbx342,Dataset_02_g46dvrcvwn,NEAR_DUPLICATE_PHASH,Hamming=9,9,Leaf_Spot,Rhizome_Healthy_Roots,79fc0e7f209f81349463609a6eb03b69fd093bd5ba8407507eabe3a449c62e8b,45c743c461da026078195557e59118c3798f11d2f7e4b651d75108b4a006ce6d
leaf_spot_(24).jpg,Rhizome Healthy Root00265.JPG,Dataset_01_jtttfbx342,Dataset_02_g46dvrcvwn,NEAR_DUPLICATE_PHASH,Hamming=10,10,Leaf_Spot,Rhizome_Healthy_Roots,79fc0e7f209f81349463609a6eb03b69fd093bd5ba8407507eabe3a449c62e8b,4c66ee0911137283f61856c4a67a4098d027c8fcfba0175633b01ce66f114c23
leaf_spot_(24).jpg,Rhizome Healthy Root00267.JPG,Dataset_01_jtttfbx342,Dataset_02_g46dvrcvwn,NEAR_DUPLICATE_PHASH,Hamming=10,10,Leaf_Spot,Rhizome_Healthy_Roots,79fc0e7f209f81349463609a6eb03b69fd093bd5ba8407507eabe3a449c62e8b,a3e2b48643accc82072c55aa141bea2b21051b8539d1acb10e807cd7c9a99800
leaf_spot_(24).jpg,Rhizome Healthy Root00272.JPG,Dataset_01_jtttfbx342,Dataset_02_g46dvrcvwn,NEAR_DUPLICATE_PHASH,Hamming=9,9,Leaf_Spot,Rhizome_Healthy_Roots,79fc0e7f209f81349463609a6eb03b69fd093bd5ba8407507eabe3a449c62e8b,f4c8555ebc26d913de485159e042e9eb6515ce7ca24985f976500d64371d9fd2
leaf_spot_(24).jpg,Rhizome Healthy Root00302.JPG,Dataset_01_jtttfbx342,Dataset_02_g46dvrcvwn,NEAR_DUPLICATE_PHASH,Hamming=10,10,Leaf_Spot,Rhizome_Healthy_Roots,79fc0e7f209f81349463609a6eb03b69fd093bd5ba8407507eabe3a449c62e8b,1b056c0bec593d0fb2c3b1ab4b9d24f80ed054d4ea4c181663cd9794f0288604
leaf_spot_(25).jpg,Dry Leaf00049.JPG,Dataset_01_jtttfbx342,Dataset_02_g46dvrcvwn,NEAR_DUPLICATE_PHASH,Hamming=10,10,Leaf_Spot,Dry_Leaf,debbe912ef47ba8c597a4f066da54982a6a946a9fc413956da0754c8a316f05c,319d981af9df48246c86314c43f6489c9b8020dccdf45288eeeeef33f9cce8ad
leaf_spot_(25).jpg,Rhizome Disease Root00051.JPG,Dataset_01_jtttfbx342,Dataset_02_g46dvrcvwn,NEAR_DUPLICATE_PHASH,Hamming=8,8,Leaf_Spot,Rhizome_Disease_Roots,debbe912ef47ba8c597a4f066da54982a6a946a9fc413956da0754c8a316f05c,c3fee4901f93ea15d70163a5bbe7fd3322016fa8a17e023c1438c8c0121432e5
leaf_spot_(26).jpg,Dry Leaf00142.JPG,Dataset_01_jtttfbx342,Dataset_02_g46dvrcvwn,NEAR_DUPLICATE_PHASH,Hamming=10,10,Leaf_Spot,Dry_Leaf,a78e289d466043bcc438583880693a4aefa2f494df46f5592d61c38e1231330c,a5247e0249fe3cf43ec67180e6f88035775c70c0edeec71efc8b355f14b21157
leaf_spot_(26).jpg,Dry Leaf00143.JPG,Dataset_01_jtttfbx342,Dataset_02_g46dvrcvwn,NEAR_DUPLICATE_PHASH,Hamming=9,9,Leaf_Spot,Dry_Leaf,a78e289d466043bcc438583880693a4aefa2f494df46f5592d61c38e1231330c,264aaf55af985e2d563adbfe4338e6d7666deb78327e547e536cc5a3f2933d56
leaf_spot_(26).jpg,Leaf Blotch00004.JPG,Dataset_01_jtttfbx342,Dataset_02_g46dvrcvwn,NEAR_DUPLICATE_PHASH,Hamming=9,9,Leaf_Spot,Leaf_Blotch,a78e289d466043bcc438583880693a4aefa2f494df46f5592d61c38e1231330c,a96b36433507af73e39df1d2ad9989e773b79c0d27ae1ebfbf5ecc18de823a07
leaf_spot_(26).jpg,Leaf Blotch00005.JPG,Dataset_01_jtttfbx342,Dataset_02_g46dvrcvwn,NEAR_DUPLICATE_PHASH,Hamming=8,8,Leaf_Spot,Leaf_Blotch,a78e289d466043bcc438583880693a4aefa2f494df46f5592d61c38e1231330c,b5226d7c1649a14108ea4d4cb07f7891e66ce892f3f25536e7c1e20665c8d718
leaf_spot_(26).jpg,Leaf Blotch00010.JPG,Dataset_01_jtttfbx342,Dataset_02_g46dvrcvwn,NEAR_DUPLICATE_PHASH,Hamming=9,9,Leaf_Spot,Leaf_Blotch,a78e289d466043bcc438583880693a4aefa2f494df46f5592d61c38e1231330c,3197e2822de599021d133b9768cc32b77177d96d791f65244880d4b84c54b147
leaf_spot_(26).jpg,Rhizome Disease Root00004.JPG,Dataset_01_jtttfbx342,Dataset_02_g46dvrcvwn,NEAR_DUPLICATE_PHASH,Hamming=10,10,Leaf_Spot,Rhizome_Disease_Roots,a78e289d466043bcc438583880693a4aefa2f494df46f5592d61c38e1231330c,6f6e64319c0d1bab197b171a1f9a7efdec00a918a246926057b9e33d25fb5eee
leaf_spot_(26).jpg,Rhizome Disease Root00107.JPG,Dataset_01_jtttfbx342,Dataset_02_g46dvrcvwn,NEAR_DUPLICATE_PHASH,Hamming=9,9,Leaf_Spot,Rhizome_Disease_Roots,a78e289d466043bcc438583880693a4aefa2f494df46f5592d61c38e1231330c,20764c6b0d747374c65cb38dc7b917de2cb9f7b1a2646232c20a1cb9569d8bed
leaf_spot_(26).jpg,Rhizome Disease Root00109.JPG,Dataset_01_jtttfbx342,Dataset_02_g46dvrcvwn,NEAR_DUPLICATE_PHASH,Hamming=10,10,Leaf_Spot,Rhizome_Disease_Roots,a78e289d466043bcc438583880693a4aefa2f494df46f5592d61c38e1231330c,f0c627b63b768afb39ae808c03bc62bcc065f94fbbbfb48b32fec6d423d28a8d
leaf_spot_(26).jpg,Rhizome Disease Root00114.JPG,Dataset_01_jtttfbx342,Dataset_02_g46dvrcvwn,NEAR_DUPLICATE_PHASH,Hamming=6,6,Leaf_Spot,Rhizome_Disease_Roots,a78e289d466043bcc438583880693a4aefa2f494df46f5592d61c38e1231330c,3a652734257559efc017044a527d4be6683a935a05e18c03b9115f80560df8be
leaf_spot_(26).jpg,Rhizome Disease Root00122.JPG,Dataset_01_jtttfbx342,Dataset_02_g46dvrcvwn,NEAR_DUPLICATE_PHASH,Hamming=10,10,Leaf_Spot,Rhizome_Disease_Roots,a78e289d466043bcc438583880693a4aefa2f494df46f5592d61c38e1231330c,ee9ac8de7a3d02ea275700cbbd3b3a68a3ec4f5cb8d9bdd44a484d2076307258
leaf_spot_(26).jpg,Rhizome Disease Root00177.JPG,Dataset_01_jtttfbx342,Dataset_02_g46dvrcvwn,NEAR_DUPLICATE_PHASH,Hamming=8,8,Leaf_Spot,Rhizome_Disease_Roots,a78e289d466043bcc438583880693a4aefa2f494df46f5592d61c38e1231330c,276b2fbf8fb4aa22e2e4620de638eae23b77e0cdd258724c9381c92bbe0b0c0d
leaf_spot_(26).jpg,Rhizome Disease Root00178.JPG,Dataset_01_jtttfbx342,Dataset_02_g46dvrcvwn,NEAR_DUPLICATE_PHASH,Hamming=10,10,Leaf_Spot,Rhizome_Disease_Roots,a78e289d466043bcc438583880693a4aefa2f494df46f5592d61c38e1231330c,7671a5335c186ec769d6d7cd78846d785025eea6e53910163b243c412d6681d6
leaf_spot_(26).jpg,Rhizome Healthy Root00004.JPG,Dataset_01_jtttfbx342,Dataset_02_g46dvrcvwn,NEAR_DUPLICATE_PHASH,Hamming=8,8,Leaf_Spot,Rhizome_Healthy_Roots,a78e289d466043bcc438583880693a4aefa2f494df46f5592d61c38e1231330c,0a81762deb6bead8e1213dfbff560937557f7994efe3d47e0eff8a4da99c9839
leaf_spot_(26).jpg,Rhizome Healthy Root00005.JPG,Dataset_01_jtttfbx342,Dataset_02_g46dvrcvwn,NEAR_DUPLICATE_PHASH,Hamming=10,10,Leaf_Spot,Rhizome_Healthy_Roots,a78e289d466043bcc438583880693a4aefa2f494df46f5592d61c38e1231330c,02920aea4176a0ea323a01f02ab035392b319a65c8f7716836b65d21ee084010
leaf_spot_(26).jpg,Rhizome Healthy Root00232.JPG,Dataset_01_jtttfbx342,Dataset_02_g46dvrcvwn,NEAR_DUPLICATE_PHASH,Hamming=10,10,Leaf_Spot,Rhizome_Healthy_Roots,a78e289d466043bcc438583880693a4aefa2f494df46f5592d61c38e1231330c,bc937e060206b7ac479f3eee51788f6e75bc98567118a529ef1b20784b1f366c
leaf_spot_(26).jpg,Rhizome Healthy Root00257.JPG,Dataset_01_jtttfbx342,Dataset_02_g46dvrcvwn,NEAR_DUPLICATE_PHASH,Hamming=7,7,Leaf_Spot,Rhizome_Healthy_Roots,a78e289d466043bcc438583880693a4aefa2f494df46f5592d61c38e1231330c,27078ff663c26a35d652cb818332a4af8a42761a7662fd6a5a390f2221ed1f91
leaf_spot_(26).jpg,Rhizome Healthy Root00258.JPG,Dataset_01_jtttfbx342,Dataset_02_g46dvrcvwn,NEAR_DUPLICATE_PHASH,Hamming=6,6,Leaf_Spot,Rhizome_Healthy_Roots,a78e289d466043bcc438583880693a4aefa2f494df46f5592d61c38e1231330c,741a6e06ca571fd5eea19c54fbb3ea01caa6353c419ec5110589eb77afea706b
leaf_spot_(26).jpg,Rhizome Healthy Root00259.JPG,Dataset_01_jtttfbx342,Dataset_02_g46dvrcvwn,NEAR_DUPLICATE_PHASH,Hamming=10,10,Leaf_Spot,Rhizome_Healthy_Roots,a78e289d466043bcc438583880693a4aefa2f494df46f5592d61c38e1231330c,45c743c461da026078195557e59118c3798f11d2f7e4b651d75108b4a006ce6d
leaf_spot_(26).jpg,Rhizome Healthy Root00298.JPG,Dataset_01_jtttfbx342,Dataset_02_g46dvrcvwn,NEAR_DUPLICATE_PHASH,Hamming=8,8,Leaf_Spot,Rhizome_Healthy_Roots,a78e289d466043bcc438583880693a4aefa2f494df46f5592d61c38e1231330c,2783c1890cd370aeaac62205f04cd2f8e6dbd23c5f0a56b5e3406893bed3c47f
leaf_spot_(26).jpg,Rhizome Healthy Root00302.JPG,Dataset_01_jtttfbx342,Dataset_02_g46dvrcvwn,NEAR_DUPLICATE_PHASH,Hamming=7,7,Leaf_Spot,Rhizome_Healthy_Roots,a78e289d466043bcc438583880693a4aefa2f494df46f5592d61c38e1231330c,1b056c0bec593d0fb2c3b1ab4b9d24f80ed054d4ea4c181663cd9794f0288604
leaf_spot_(26).jpg,Rhizome Healthy Root00303.JPG,Dataset_01_jtttfbx342,Dataset_02_g46dvrcvwn,NEAR_DUPLICATE_PHASH,Hamming=8,8,Leaf_Spot,Rhizome_Healthy_Roots,a78e289d466043bcc438583880693a4aefa2f494df46f5592d61c38e1231330c,67b3e63120ef420e06cb311a4b97a1c1cb953fa026bae3e4e864d26264f1d837
leaf_spot_(27).jpg,Dry Leaf00049.JPG,Dataset_01_jtttfbx342,Dataset_02_g46dvrcvwn,NEAR_DUPLICATE_PHASH,Hamming=7,7,Leaf_Spot,Dry_Leaf,8c212a1bef4d9a9a721d3f69e6fad52b3832404bc3da21f8cfb01815243175fe,319d981af9df48246c86314c43f6489c9b8020dccdf45288eeeeef33f9cce8ad
leaf_spot_(27).jpg,Dry Leaf00077.JPG,Dataset_01_jtttfbx342,Dataset_02_g46dvrcvwn,NEAR_DUPLICATE_PHASH,Hamming=10,10,Leaf_Spot,Dry_Leaf,8c212a1bef4d9a9a721d3f69e6fad52b3832404bc3da21f8cfb01815243175fe,c7a04e3fb84ede079e4e6a784fadfc4d70466daef9fee9e62eaf7e0032e5b8b9
leaf_spot_(27).jpg,Dry Leaf00201.JPG,Dataset_01_jtttfbx342,Dataset_02_g46dvrcvwn,NEAR_DUPLICATE_PHASH,Hamming=10,10,Leaf_Spot,Dry_Leaf,8c212a1bef4d9a9a721d3f69e6fad52b3832404bc3da21f8cfb01815243175fe,656bff8b27643badbfd3e15617668c2a8fe58a712cb89ef3822ab82e56a639e1
leaf_spot_(27).jpg,Healthy Leaf00007.JPG,Dataset_01_jtttfbx342,Dataset_02_g46dvrcvwn,NEAR_DUPLICATE_PHASH,Hamming=10,10,Leaf_Spot,Healthy_Leaf,8c212a1bef4d9a9a721d3f69e6fad52b3832404bc3da21f8cfb01815243175fe,d6f9a25aa871a9af685f8162658608a0a0eba5b0cde7ee41a7adc6390f0d6cf1
leaf_spot_(27).jpg,Healthy Leaf00032.JPG,Dataset_01_jtttfbx342,Dataset_02_g46dvrcvwn,NEAR_DUPLICATE_PHASH,Hamming=10,10,Leaf_Spot,Healthy_Leaf,8c212a1bef4d9a9a721d3f69e6fad52b3832404bc3da21f8cfb01815243175fe,85e16dcfec198f4e5cf0472005e99921bf752a1214bbbd68758cbf4cbe4858bd
leaf_spot_(27).jpg,Rhizome Disease Root00011.JPG,Dataset_01_jtttfbx342,Dataset_02_g46dvrcvwn,NEAR_DUPLICATE_PHASH,Hamming=9,9,Leaf_Spot,Rhizome_Disease_Roots,8c212a1bef4d9a9a721d3f69e6fad52b3832404bc3da21f8cfb01815243175fe,9e5b456e10edce65aab601b2f8131f40d6819965e444da5f3f857d82317bfae2
leaf_spot_(28).jpg,Healthy Leaf00027.JPG,Dataset_01_jtttfbx342,Dataset_02_g46dvrcvwn,NEAR_DUPLICATE_PHASH,Hamming=10,10,Leaf_Spot,Healthy_Leaf,34bdc28b012b5c94aa9fb9442d1c37b636c3b5126d35200c24dbfa974ea13f03,538697fc41ec620001b0c2430e9ce324eb0b1e48539a4c691c07d02f3eb7895d
leaf_spot_(28).jpg,Leaf Blotch00003.JPG,Dataset_01_jtttfbx342,Dataset_02_g46dvrcvwn,NEAR_DUPLICATE_PHASH,Hamming=10,10,Leaf_Spot,Leaf_Blotch,34bdc28b012b5c94aa9fb9442d1c37b636c3b5126d35200c24dbfa974ea13f03,b32906700713e8eab661f5adedfcf256fcb2c9633d8d27425b9d24eb2350640e
leaf_spot_(28).jpg,Leaf Blotch00035.JPG,Dataset_01_jtttfbx342,Dataset_02_g46dvrcvwn,NEAR_DUPLICATE_PHASH,Hamming=10,10,Leaf_Spot,Leaf_Blotch,34bdc28b012b5c94aa9fb9442d1c37b636c3b5126d35200c24dbfa974ea13f03,4ade127b37d487158e1cad776ff69a1ca5bc17f147d1478d15fd11e0eb94b864
leaf_spot_(28).jpg,Rhizome Disease Root00011.JPG,Dataset_01_jtttfbx342,Dataset_02_g46dvrcvwn,NEAR_DUPLICATE_PHASH,Hamming=5,5,Leaf_Spot,Rhizome_Disease_Roots,34bdc28b012b5c94aa9fb9442d1c37b636c3b5126d35200c24dbfa974ea13f03,9e5b456e10edce65aab601b2f8131f40d6819965e444da5f3f857d82317bfae2
leaf_spot_(28).jpg,Rhizome Disease Root00020.JPG,Dataset_01_jtttfbx342,Dataset_02_g46dvrcvwn,NEAR_DUPLICATE_PHASH,Hamming=7,7,Leaf_Spot,Rhizome_Disease_Roots,34bdc28b012b5c94aa9fb9442d1c37b636c3b5126d35200c24dbfa974ea13f03,c07823be8a3a62bb5183427f4f5e76d24913cbadcc40e6a4cf0a8729f3a3ab22
leaf_spot_(28).jpg,Rhizome Healthy Root00234.JPG,Dataset_01_jtttfbx342,Dataset_02_g46dvrcvwn,NEAR_DUPLICATE_PHASH,Hamming=10,10,Leaf_Spot,Rhizome_Healthy_Roots,34bdc28b012b5c94aa9fb9442d1c37b636c3b5126d35200c24dbfa974ea13f03,e502e303869bb478fdea6d5d858c5c04eb20958884dfa3ff7eadf40d133b2b51
leaf_spot_(3).jpg,Dry Leaf00073.JPG,Dataset_01_jtttfbx342,Dataset_02_g46dvrcvwn,NEAR_DUPLICATE_PHASH,Hamming=10,10,Leaf_Spot,Dry_Leaf,79b54d8b77dc6d6c678b60edcb3611db5ecc70506ddfe082f2a3e44e419365a2,2ace82e204cbe9bb9faf747b8bf2aacd8105a44d0250f55caf1e1f6bdccff113
leaf_spot_(3).jpg,Dry Leaf00106.JPG,Dataset_01_jtttfbx342,Dataset_02_g46dvrcvwn,NEAR_DUPLICATE_PHASH,Hamming=10,10,Leaf_Spot,Dry_Leaf,79b54d8b77dc6d6c678b60edcb3611db5ecc70506ddfe082f2a3e44e419365a2,bf51d86e769f79565126a609d7663982a5939e707036279be63053b07f71726b
leaf_spot_(3).jpg,Healthy Leaf00032.JPG,Dataset_01_jtttfbx342,Dataset_02_g46dvrcvwn,NEAR_DUPLICATE_PHASH,Hamming=9,9,Leaf_Spot,Healthy_Leaf,79b54d8b77dc6d6c678b60edcb3611db5ecc70506ddfe082f2a3e44e419365a2,85e16dcfec198f4e5cf0472005e99921bf752a1214bbbd68758cbf4cbe4858bd
leaf_spot_(3).jpg,Healthy Leaf00073.JPG,Dataset_01_jtttfbx342,Dataset_02_g46dvrcvwn,NEAR_DUPLICATE_PHASH,Hamming=10,10,Leaf_Spot,Healthy_Leaf,79b54d8b77dc6d6c678b60edcb3611db5ecc70506ddfe082f2a3e44e419365a2,14099ddcc85f0e8888a5a126d064d51875b1dacabb180459313850a260a8ff37
leaf_spot_(3).jpg,Rhizome Disease Root00011.JPG,Dataset_01_jtttfbx342,Dataset_02_g46dvrcvwn,NEAR_DUPLICATE_PHASH,Hamming=10,10,Leaf_Spot,Rhizome_Disease_Roots,79b54d8b77dc6d6c678b60edcb3611db5ecc70506ddfe082f2a3e44e419365a2,9e5b456e10edce65aab601b2f8131f40d6819965e444da5f3f857d82317bfae2
leaf_spot_(30).jpg,Dry Leaf00049.JPG,Dataset_01_jtttfbx342,Dataset_02_g46dvrcvwn,NEAR_DUPLICATE_PHASH,Hamming=7,7,Leaf_Spot,Dry_Leaf,7a311bb91ed51406770a169053b8e5eb82a951edbb0f7b23a809a35607a4ab53,319d981af9df48246c86314c43f6489c9b8020dccdf45288eeeeef33f9cce8ad
leaf_spot_(30).jpg,Rhizome Disease Root00011.JPG,Dataset_01_jtttfbx342,Dataset_02_g46dvrcvwn,NEAR_DUPLICATE_PHASH,Hamming=9,9,Leaf_Spot,Rhizome_Disease_Roots,7a311bb91ed51406770a169053b8e5eb82a951edbb0f7b23a809a35607a4ab53,9e5b456e10edce65aab601b2f8131f40d6819965e444da5f3f857d82317bfae2
leaf_spot_(32).jpg,Dry Leaf00049.JPG,Dataset_01_jtttfbx342,Dataset_02_g46dvrcvwn,NEAR_DUPLICATE_PHASH,Hamming=8,8,Leaf_Spot,Dry_Leaf,40e0b529a861e798533d68e07d91f5d943faaed952898077e90222540806c9bb,319d981af9df48246c86314c43f6489c9b8020dccdf45288eeeeef33f9cce8ad
leaf_spot_(32).jpg,Healthy Leaf00007.JPG,Dataset_01_jtttfbx342,Dataset_02_g46dvrcvwn,NEAR_DUPLICATE_PHASH,Hamming=9,9,Leaf_Spot,Healthy_Leaf,40e0b529a861e798533d68e07d91f5d943faaed952898077e90222540806c9bb,d6f9a25aa871a9af685f8162658608a0a0eba5b0cde7ee41a7adc6390f0d6cf1
leaf_spot_(33).jpg,Dry Leaf00049.JPG,Dataset_01_jtttfbx342,Dataset_02_g46dvrcvwn,NEAR_DUPLICATE_PHASH,Hamming=5,5,Leaf_Spot,Dry_Leaf,116269e32d4148baa113998bba24230504f9ee6525dd1f8ec8ae96a6164b1d7a,319d981af9df48246c86314c43f6489c9b8020dccdf45288eeeeef33f9cce8ad
leaf_spot_(33).jpg,Leaf Blotch00001.JPG,Dataset_01_jtttfbx342,Dataset_02_g46dvrcvwn,NEAR_DUPLICATE_PHASH,Hamming=10,10,Leaf_Spot,Leaf_Blotch,116269e32d4148baa113998bba24230504f9ee6525dd1f8ec8ae96a6164b1d7a,f461942049356cd766f3c3d99a694b69dc0861a87e650f004c6e580385152328
leaf_spot_(33).jpg,Leaf Blotch00003.JPG,Dataset_01_jtttfbx342,Dataset_02_g46dvrcvwn,NEAR_DUPLICATE_PHASH,Hamming=10,10,Leaf_Spot,Leaf_Blotch,116269e32d4148baa113998bba24230504f9ee6525dd1f8ec8ae96a6164b1d7a,b32906700713e8eab661f5adedfcf256fcb2c9633d8d27425b9d24eb2350640e
leaf_spot_(33).jpg,Leaf Blotch00006.JPG,Dataset_01_jtttfbx342,Dataset_02_g46dvrcvwn,NEAR_DUPLICATE_PHASH,Hamming=10,10,Leaf_Spot,Leaf_Blotch,116269e32d4148baa113998bba24230504f9ee6525dd1f8ec8ae96a6164b1d7a,b0975277450bc6f9f338542e47055ab8a8947999d4a87cd8e2097f23af27f392
leaf_spot_(33).jpg,Rhizome Disease Root00011.JPG,Dataset_01_jtttfbx342,Dataset_02_g46dvrcvwn,NEAR_DUPLICATE_PHASH,Hamming=7,7,Leaf_Spot,Rhizome_Disease_Roots,116269e32d4148baa113998bba24230504f9ee6525dd1f8ec8ae96a6164b1d7a,9e5b456e10edce65aab601b2f8131f40d6819965e444da5f3f857d82317bfae2
leaf_spot_(33).jpg,Rhizome Disease Root00028.JPG,Dataset_01_jtttfbx342,Dataset_02_g46dvrcvwn,NEAR_DUPLICATE_PHASH,Hamming=10,10,Leaf_Spot,Rhizome_Disease_Roots,116269e32d4148baa113998bba24230504f9ee6525dd1f8ec8ae96a6164b1d7a,09971cb9908c8b32091b30bea37f7116445acb82da1bcb375b12461587956150
leaf_spot_(33).jpg,Rhizome Disease Root00051.JPG,Dataset_01_jtttfbx342,Dataset_02_g46dvrcvwn,NEAR_DUPLICATE_PHASH,Hamming=9,9,Leaf_Spot,Rhizome_Disease_Roots,116269e32d4148baa113998bba24230504f9ee6525dd1f8ec8ae96a6164b1d7a,c3fee4901f93ea15d70163a5bbe7fd3322016fa8a17e023c1438c8c0121432e5
leaf_spot_(33).jpg,Rhizome Healthy Root00234.JPG,Dataset_01_jtttfbx342,Dataset_02_g46dvrcvwn,NEAR_DUPLICATE_PHASH,Hamming=10,10,Leaf_Spot,Rhizome_Healthy_Roots,116269e32d4148baa113998bba24230504f9ee6525dd1f8ec8ae96a6164b1d7a,e502e303869bb478fdea6d5d858c5c04eb20958884dfa3ff7eadf40d133b2b51
leaf_spot_(35).jpg,Dry Leaf00122.JPG,Dataset_01_jtttfbx342,Dataset_02_g46dvrcvwn,NEAR_DUPLICATE_PHASH,Hamming=7,7,Leaf_Spot,Dry_Leaf,e7328fc91c0ba5199d84fd3af76604570b91875370a49e53917f0da70c6417dc,f4c98e627b86f34d545dfa70f914b5a3482f9dac29e37e4277a46b7a042753b4
leaf_spot_(35).jpg,Dry Leaf00189.JPG,Dataset_01_jtttfbx342,Dataset_02_g46dvrcvwn,NEAR_DUPLICATE_PHASH,Hamming=10,10,Leaf_Spot,Dry_Leaf,e7328fc91c0ba5199d84fd3af76604570b91875370a49e53917f0da70c6417dc,e9931494175e3e5645f934f7f99fdc81a783ad520fb0078cef333cb05cb65fce
leaf_spot_(35).jpg,Leaf Blotch00011.JPG,Dataset_01_jtttfbx342,Dataset_02_g46dvrcvwn,NEAR_DUPLICATE_PHASH,Hamming=9,9,Leaf_Spot,Leaf_Blotch,e7328fc91c0ba5199d84fd3af76604570b91875370a49e53917f0da70c6417dc,eb7a12979ed145ac65973d93bb68efb106fa425b3fffce4aaac857552e900cb6
leaf_spot_(35).jpg,Leaf Blotch00012.JPG,Dataset_01_jtttfbx342,Dataset_02_g46dvrcvwn,NEAR_DUPLICATE_PHASH,Hamming=9,9,Leaf_Spot,Leaf_Blotch,e7328fc91c0ba5199d84fd3af76604570b91875370a49e53917f0da70c6417dc,5999901f4e5e50fa3305dd0eae3dccf7370b387d18f8b6ba3ce290e659e2fe29
leaf_spot_(35).jpg,Rhizome Disease Root00108.JPG,Dataset_01_jtttfbx342,Dataset_02_g46dvrcvwn,NEAR_DUPLICATE_PHASH,Hamming=10,10,Leaf_Spot,Rhizome_Disease_Roots,e7328fc91c0ba5199d84fd3af76604570b91875370a49e53917f0da70c6417dc,fa6b8eb8029c35c84b3dd6988ff45733a0cbc5ba5532d4c88d1db7643118aa4a
leaf_spot_(35).jpg,Rhizome Disease Root00109.JPG,Dataset_01_jtttfbx342,Dataset_02_g46dvrcvwn,NEAR_DUPLICATE_PHASH,Hamming=10,10,Leaf_Spot,Rhizome_Disease_Roots,e7328fc91c0ba5199d84fd3af76604570b91875370a49e53917f0da70c6417dc,f0c627b63b768afb39ae808c03bc62bcc065f94fbbbfb48b32fec6d423d28a8d
leaf_spot_(35).jpg,Rhizome Disease Root00114.JPG,Dataset_01_jtttfbx342,Dataset_02_g46dvrcvwn,NEAR_DUPLICATE_PHASH,Hamming=8,8,Leaf_Spot,Rhizome_Disease_Roots,e7328fc91c0ba5199d84fd3af76604570b91875370a49e53917f0da70c6417dc,3a652734257559efc017044a527d4be6683a935a05e18c03b9115f80560df8be
leaf_spot_(35).jpg,Rhizome Disease Root00119.JPG,Dataset_01_jtttfbx342,Dataset_02_g46dvrcvwn,NEAR_DUPLICATE_PHASH,Hamming=10,10,Leaf_Spot,Rhizome_Disease_Roots,e7328fc91c0ba5199d84fd3af76604570b91875370a49e53917f0da70c6417dc,3860ca121dc7be8a9b92246d9524d17e1638a64bf917d306d2677a941a170454
leaf_spot_(35).jpg,Rhizome Disease Root00122.JPG,Dataset_01_jtttfbx342,Dataset_02_g46dvrcvwn,NEAR_DUPLICATE_PHASH,Hamming=8,8,Leaf_Spot,Rhizome_Disease_Roots,e7328fc91c0ba5199d84fd3af76604570b91875370a49e53917f0da70c6417dc,ee9ac8de7a3d02ea275700cbbd3b3a68a3ec4f5cb8d9bdd44a484d2076307258
leaf_spot_(35).jpg,Rhizome Disease Root00142.JPG,Dataset_01_jtttfbx342,Dataset_02_g46dvrcvwn,NEAR_DUPLICATE_PHASH,Hamming=10,10,Leaf_Spot,Rhizome_Disease_Roots,e7328fc91c0ba5199d84fd3af76604570b91875370a49e53917f0da70c6417dc,023c744af8d4d739f8c54334ab3150d02fad1c29fb8ddd8db5fcb87a4ce7a6b7
leaf_spot_(35).jpg,Rhizome Healthy Root00024.JPG,Dataset_01_jtttfbx342,Dataset_02_g46dvrcvwn,NEAR_DUPLICATE_PHASH,Hamming=10,10,Leaf_Spot,Rhizome_Healthy_Roots,e7328fc91c0ba5199d84fd3af76604570b91875370a49e53917f0da70c6417dc,aee3163751aae1c2194e061cc5be15c4ec5e2688c78c5e434db62615e22b0429
leaf_spot_(35).jpg,Rhizome Healthy Root00027.JPG,Dataset_01_jtttfbx342,Dataset_02_g46dvrcvwn,NEAR_DUPLICATE_PHASH,Hamming=10,10,Leaf_Spot,Rhizome_Healthy_Roots,e7328fc91c0ba5199d84fd3af76604570b91875370a49e53917f0da70c6417dc,581455dd1795265737fcdb0c98151c8efd0e53c4bbdfed210adc16f86b63a000
leaf_spot_(35).jpg,Rhizome Healthy Root00029.JPG,Dataset_01_jtttfbx342,Dataset_02_g46dvrcvwn,NEAR_DUPLICATE_PHASH,Hamming=9,9,Leaf_Spot,Rhizome_Healthy_Roots,e7328fc91c0ba5199d84fd3af76604570b91875370a49e53917f0da70c6417dc,3835df92135db2ba80f4dc67dd51d4ab10db2fd18fa835a53280dd4318d1c91a
leaf_spot_(35).jpg,Rhizome Healthy Root00030.JPG,Dataset_01_jtttfbx342,Dataset_02_g46dvrcvwn,NEAR_DUPLICATE_PHASH,Hamming=9,9,Leaf_Spot,Rhizome_Healthy_Roots,e7328fc91c0ba5199d84fd3af76604570b91875370a49e53917f0da70c6417dc,5ce7923d7a7e7b4bd048f205c90e9a9a8d400d2fd8cf48fec15ac85b74cc3468
leaf_spot_(35).jpg,Rhizome Healthy Root00031.JPG,Dataset_01_jtttfbx342,Dataset_02_g46dvrcvwn,NEAR_DUPLICATE_PHASH,Hamming=9,9,Leaf_Spot,Rhizome_Healthy_Roots,e7328fc91c0ba5199d84fd3af76604570b91875370a49e53917f0da70c6417dc,be1d95036007d6dc54776a298c8ed737b1c2ae0a0b8d9720d368b6fd64dfef46
leaf_spot_(35).jpg,Rhizome Healthy Root00047.JPG,Dataset_01_jtttfbx342,Dataset_02_g46dvrcvwn,NEAR_DUPLICATE_PHASH,Hamming=10,10,Leaf_Spot,Rhizome_Healthy_Roots,e7328fc91c0ba5199d84fd3af76604570b91875370a49e53917f0da70c6417dc,f339d3e9037f9bf0350addeedbb2af56dfc6646146425a7e924360b836395ee7
leaf_spot_(35).jpg,Rhizome Healthy Root00104.JPG,Dataset_01_jtttfbx342,Dataset_02_g46dvrcvwn,NEAR_DUPLICATE_PHASH,Hamming=10,10,Leaf_Spot,Rhizome_Healthy_Roots,e7328fc91c0ba5199d84fd3af76604570b91875370a49e53917f0da70c6417dc,c6e84c358fef466d5d651d6badc72f487938a8971667c64a8b9cd6ba4e2a15f6
leaf_spot_(35).jpg,Rhizome Healthy Root00105.JPG,Dataset_01_jtttfbx342,Dataset_02_g46dvrcvwn,NEAR_DUPLICATE_PHASH,Hamming=10,10,Leaf_Spot,Rhizome_Healthy_Roots,e7328fc91c0ba5199d84fd3af76604570b91875370a49e53917f0da70c6417dc,a2fcddb1e0a5ba244dbb5b164d340f19134e3e15c383d7fff18cf654f226249f
leaf_spot_(35).jpg,Rhizome Healthy Root00200.JPG,Dataset_01_jtttfbx342,Dataset_02_g46dvrcvwn,NEAR_DUPLICATE_PHASH,Hamming=10,10,Leaf_Spot,Rhizome_Healthy_Roots,e7328fc91c0ba5199d84fd3af76604570b91875370a49e53917f0da70c6417dc,cdf3cafc4c9264da6ebd5ed76d13e252a12100285a9692355cba6dc7c98c7ce9
leaf_spot_(35).jpg,Rhizome Healthy Root00201.JPG,Dataset_01_jtttfbx342,Dataset_02_g46dvrcvwn,NEAR_DUPLICATE_PHASH,Hamming=10,10,Leaf_Spot,Rhizome_Healthy_Roots,e7328fc91c0ba5199d84fd3af76604570b91875370a49e53917f0da70c6417dc,46dd6a990e9b4d5907f6a72714b518906e287ccdf1aded69a5be431b2e4fd094
leaf_spot_(35).jpg,Rhizome Healthy Root00202.JPG,Dataset_01_jtttfbx342,Dataset_02_g46dvrcvwn,NEAR_DUPLICATE_PHASH,Hamming=9,9,Leaf_Spot,Rhizome_Healthy_Roots,e7328fc91c0ba5199d84fd3af76604570b91875370a49e53917f0da70c6417dc,6390580ec762844bf6e41251c4f4d8a8fb72754923ee6cea3fc549acacb5c34a
leaf_spot_(35).jpg,Rhizome Healthy Root00203.JPG,Dataset_01_jtttfbx342,Dataset_02_g46dvrcvwn,NEAR_DUPLICATE_PHASH,Hamming=10,10,Leaf_Spot,Rhizome_Healthy_Roots,e7328fc91c0ba5199d84fd3af76604570b91875370a49e53917f0da70c6417dc,54b34f10151206c5f3bf3118543b47de4ddfd2a2bdb9c76556660daed65bc2c8
leaf_spot_(35).jpg,Rhizome Healthy Root00204.JPG,Dataset_01_jtttfbx342,Dataset_02_g46dvrcvwn,NEAR_DUPLICATE_PHASH,Hamming=10,10,Leaf_Spot,Rhizome_Healthy_Roots,e7328fc91c0ba5199d84fd3af76604570b91875370a49e53917f0da70c6417dc,50dc0ee65a17d2a0643f274ef364d10e0a42a368f0946289b2908af11f962bdf
leaf_spot_(35).jpg,Rhizome Healthy Root00205.JPG,Dataset_01_jtttfbx342,Dataset_02_g46dvrcvwn,NEAR_DUPLICATE_PHASH,Hamming=9,9,Leaf_Spot,Rhizome_Healthy_Roots,e7328fc91c0ba5199d84fd3af76604570b91875370a49e53917f0da70c6417dc,247e082710a3b6620e0c48fe4669b29968438f19cbf8f54444ab3b45eb5339a9
leaf_spot_(35).jpg,Rhizome Healthy Root00206.JPG,Dataset_01_jtttfbx342,Dataset_02_g46dvrcvwn,NEAR_DUPLICATE_PHASH,Hamming=10,10,Leaf_Spot,Rhizome_Healthy_Roots,e7328fc91c0ba5199d84fd3af76604570b91875370a49e53917f0da70c6417dc,3f7bb6825cd1f7b44fc3a3e15dd02ff7ccdedf7f88eaf7f2d85eeb67234cf737
leaf_spot_(35).jpg,Rhizome Healthy Root00207.JPG,Dataset_01_jtttfbx342,Dataset_02_g46dvrcvwn,NEAR_DUPLICATE_PHASH,Hamming=9,9,Leaf_Spot,Rhizome_Healthy_Roots,e7328fc91c0ba5199d84fd3af76604570b91875370a49e53917f0da70c6417dc,50ee224f13578f078ec8d2c886bbf024f2645ba37742541bdde70e365fc815f4
leaf_spot_(35).jpg,Rhizome Healthy Root00211.JPG,Dataset_01_jtttfbx342,Dataset_02_g46dvrcvwn,NEAR_DUPLICATE_PHASH,Hamming=9,9,Leaf_Spot,Rhizome_Healthy_Roots,e7328fc91c0ba5199d84fd3af76604570b91875370a49e53917f0da70c6417dc,af9481a7f55c520a63981535fc3b2b4427254bd08595b35bc60a32c0c1527320
leaf_spot_(35).jpg,Rhizome Healthy Root00212.JPG,Dataset_01_jtttfbx342,Dataset_02_g46dvrcvwn,NEAR_DUPLICATE_PHASH,Hamming=9,9,Leaf_Spot,Rhizome_Healthy_Roots,e7328fc91c0ba5199d84fd3af76604570b91875370a49e53917f0da70c6417dc,0be72c09c190a65f51ff9cfb763d7b3ca7f6aa4df808bec58ee8b6ceec61d7f5
leaf_spot_(35).jpg,Rhizome Healthy Root00213.JPG,Dataset_01_jtttfbx342,Dataset_02_g46dvrcvwn,NEAR_DUPLICATE_PHASH,Hamming=9,9,Leaf_Spot,Rhizome_Healthy_Roots,e7328fc91c0ba5199d84fd3af76604570b91875370a49e53917f0da70c6417dc,edb96c84b1fc8b265c010c9fb6edaa55484fb2534e0f219a25839a49f2ce5b42
leaf_spot_(35).jpg,Rhizome Healthy Root00220.JPG,Dataset_01_jtttfbx342,Dataset_02_g46dvrcvwn,NEAR_DUPLICATE_PHASH,Hamming=10,10,Leaf_Spot,Rhizome_Healthy_Roots,e7328fc91c0ba5199d84fd3af76604570b91875370a49e53917f0da70c6417dc,f1bac6eee43ea442e2adaaf4ecc4f0924e7e0f93c6344dfd32a207415e7fa143
leaf_spot_(35).jpg,Rhizome Healthy Root00221.JPG,Dataset_01_jtttfbx342,Dataset_02_g46dvrcvwn,NEAR_DUPLICATE_PHASH,Hamming=10,10,Leaf_Spot,Rhizome_Healthy_Roots,e7328fc91c0ba5199d84fd3af76604570b91875370a49e53917f0da70c6417dc,1fc42b6403c58dfe21862728f1edd575ee58a29997f5b30af1ef4102f5c07cfa
leaf_spot_(35).jpg,Rhizome Healthy Root00223.JPG,Dataset_01_jtttfbx342,Dataset_02_g46dvrcvwn,NEAR_DUPLICATE_PHASH,Hamming=10,10,Leaf_Spot,Rhizome_Healthy_Roots,e7328fc91c0ba5199d84fd3af76604570b91875370a49e53917f0da70c6417dc,f191510b944665f847caa40c8839768e908b8cb15f0bd262da9a1dfaabcb4a64
leaf_spot_(35).jpg,Rhizome Healthy Root00258.JPG,Dataset_01_jtttfbx342,Dataset_02_g46dvrcvwn,NEAR_DUPLICATE_PHASH,Hamming=10,10,Leaf_Spot,Rhizome_Healthy_Roots,e7328fc91c0ba5199d84fd3af76604570b91875370a49e53917f0da70c6417dc,741a6e06ca571fd5eea19c54fbb3ea01caa6353c419ec5110589eb77afea706b
leaf_spot_(35).jpg,Rhizome Healthy Root00259.JPG,Dataset_01_jtttfbx342,Dataset_02_g46dvrcvwn,NEAR_DUPLICATE_PHASH,Hamming=10,10,Leaf_Spot,Rhizome_Healthy_Roots,e7328fc91c0ba5199d84fd3af76604570b91875370a49e53917f0da70c6417dc,45c743c461da026078195557e59118c3798f11d2f7e4b651d75108b4a006ce6d
leaf_spot_(35).jpg,Rhizome Healthy Root00260.JPG,Dataset_01_jtttfbx342,Dataset_02_g46dvrcvwn,NEAR_DUPLICATE_PHASH,Hamming=10,10,Leaf_Spot,Rhizome_Healthy_Roots,e7328fc91c0ba5199d84fd3af76604570b91875370a49e53917f0da70c6417dc,22a35c0ed9d4d593a3b8aaae3a65c568233245514f082e8c4d8f89db77dd9148
leaf_spot_(35).jpg,Rhizome Healthy Root00266.JPG,Dataset_01_jtttfbx342,Dataset_02_g46dvrcvwn,NEAR_DUPLICATE_PHASH,Hamming=10,10,Leaf_Spot,Rhizome_Healthy_Roots,e7328fc91c0ba5199d84fd3af76604570b91875370a49e53917f0da70c6417dc,95531f8fd971c6935aaf215d47d89aafda5e6c0b599c6cfc56029937bc94558f
leaf_spot_(35).jpg,Rhizome Healthy Root00279.JPG,Dataset_01_jtttfbx342,Dataset_02_g46dvrcvwn,NEAR_DUPLICATE_PHASH,Hamming=10,10,Leaf_Spot,Rhizome_Healthy_Roots,e7328fc91c0ba5199d84fd3af76604570b91875370a49e53917f0da70c6417dc,97a26b9d2ee6ac615c57f888738dd4ede40f799fb65686dcf6ba1958b86eff48
leaf_spot_(35).jpg,Rhizome Healthy Root00280.JPG,Dataset_01_jtttfbx342,Dataset_02_g46dvrcvwn,NEAR_DUPLICATE_PHASH,Hamming=10,10,Leaf_Spot,Rhizome_Healthy_Roots,e7328fc91c0ba5199d84fd3af76604570b91875370a49e53917f0da70c6417dc,d9a71f80077fa2eabdb4058ffc6feab0203557641e7d1dd0c423982ee4f385c7
leaf_spot_(35).jpg,Rhizome Healthy Root00281.JPG,Dataset_01_jtttfbx342,Dataset_02_g46dvrcvwn,NEAR_DUPLICATE_PHASH,Hamming=10,10,Leaf_Spot,Rhizome_Healthy_Roots,e7328fc91c0ba5199d84fd3af76604570b91875370a49e53917f0da70c6417dc,ca63a8e20a20ef7821ec2db1ea71e4c4c929571bf22458f59d8d37c772e6c58b
leaf_spot_(35).jpg,Rhizome Healthy Root00284.JPG,Dataset_01_jtttfbx342,Dataset_02_g46dvrcvwn,NEAR_DUPLICATE_PHASH,Hamming=9,9,Leaf_Spot,Rhizome_Healthy_Roots,e7328fc91c0ba5199d84fd3af76604570b91875370a49e53917f0da70c6417dc,40db1adf644ebe22e587949ae68d043ac837a1b34e6d6e959403dc9efcaaff29
leaf_spot_(35).jpg,Rhizome Healthy Root00285.JPG,Dataset_01_jtttfbx342,Dataset_02_g46dvrcvwn,NEAR_DUPLICATE_PHASH,Hamming=9,9,Leaf_Spot,Rhizome_Healthy_Roots,e7328fc91c0ba5199d84fd3af76604570b91875370a49e53917f0da70c6417dc,83c686ec2538f88fd9a540b44d83db5abea6a7af5d321dc21ddfc5ab2e9cb016
leaf_spot_(35).jpg,Rhizome Healthy Root00286.JPG,Dataset_01_jtttfbx342,Dataset_02_g46dvrcvwn,NEAR_DUPLICATE_PHASH,Hamming=8,8,Leaf_Spot,Rhizome_Healthy_Roots,e7328fc91c0ba5199d84fd3af76604570b91875370a49e53917f0da70c6417dc,2a97b39eba2cd7fd67b6ebfeb8d559268366bd541fb27393efd1159d80f5b656
leaf_spot_(35).jpg,Rhizome Healthy Root00287.JPG,Dataset_01_jtttfbx342,Dataset_02_g46dvrcvwn,NEAR_DUPLICATE_PHASH,Hamming=8,8,Leaf_Spot,Rhizome_Healthy_Roots,e7328fc91c0ba5199d84fd3af76604570b91875370a49e53917f0da70c6417dc,9092ce7d30b63255c3ef56124692bb99edadfc18997068852808e3f92272d06a
leaf_spot_(35).jpg,Rhizome Healthy Root00288.JPG,Dataset_01_jtttfbx342,Dataset_02_g46dvrcvwn,NEAR_DUPLICATE_PHASH,Hamming=8,8,Leaf_Spot,Rhizome_Healthy_Roots,e7328fc91c0ba5199d84fd3af76604570b91875370a49e53917f0da70c6417dc,ec99b8839934fcab11b5f21615d333c9a18470d43c8c3faa318ba78046688f4c
leaf_spot_(35).jpg,Rhizome Healthy Root00298.JPG,Dataset_01_jtttfbx342,Dataset_02_g46dvrcvwn,NEAR_DUPLICATE_PHASH,Hamming=10,10,Leaf_Spot,Rhizome_Healthy_Roots,e7328fc91c0ba5199d84fd3af76604570b91875370a49e53917f0da70c6417dc,2783c1890cd370aeaac62205f04cd2f8e6dbd23c5f0a56b5e3406893bed3c47f
leaf_spot_(35).jpg,Rhizome Healthy Root00302.JPG,Dataset_01_jtttfbx342,Dataset_02_g46dvrcvwn,NEAR_DUPLICATE_PHASH,Hamming=9,9,Leaf_Spot,Rhizome_Healthy_Roots,e7328fc91c0ba5199d84fd3af76604570b91875370a49e53917f0da70c6417dc,1b056c0bec593d0fb2c3b1ab4b9d24f80ed054d4ea4c181663cd9794f0288604
leaf_spot_(35).jpg,Rhizome Healthy Root00303.JPG,Dataset_01_jtttfbx342,Dataset_02_g46dvrcvwn,NEAR_DUPLICATE_PHASH,Hamming=10,10,Leaf_Spot,Rhizome_Healthy_Roots,e7328fc91c0ba5199d84fd3af76604570b91875370a49e53917f0da70c6417dc,67b3e63120ef420e06cb311a4b97a1c1cb953fa026bae3e4e864d26264f1d837
leaf_spot_(35).jpg,Rhizome Healthy Root00304.JPG,Dataset_01_jtttfbx342,Dataset_02_g46dvrcvwn,NEAR_DUPLICATE_PHASH,Hamming=10,10,Leaf_Spot,Rhizome_Healthy_Roots,e7328fc91c0ba5199d84fd3af76604570b91875370a49e53917f0da70c6417dc,ab003fdf91d56ef672021bfff6e5ba5826da3116107f32ce59b5bf824d3f429b
leaf_spot_(35).jpg,Rhizome Healthy Root00305.JPG,Dataset_01_jtttfbx342,Dataset_02_g46dvrcvwn,NEAR_DUPLICATE_PHASH,Hamming=10,10,Leaf_Spot,Rhizome_Healthy_Roots,e7328fc91c0ba5199d84fd3af76604570b91875370a49e53917f0da70c6417dc,4501e35276bb38c65ba6f9a92d96cb21139b5a1fc57daae16d95539807dd9bd1
leaf_spot_(37).jpg,Dry Leaf00100.JPG,Dataset_01_jtttfbx342,Dataset_02_g46dvrcvwn,NEAR_DUPLICATE_PHASH,Hamming=10,10,Leaf_Spot,Dry_Leaf,ce66c8150999c07cf8b017e6ede1b67e0ec4386b8e749181059d43a0210942d6,b59ac801dc168808d912a67b0bef41184f32dbaf6a28275e3499663538cb2fb2
leaf_spot_(36).jpg,Dry Leaf00049.JPG,Dataset_01_jtttfbx342,Dataset_02_g46dvrcvwn,NEAR_DUPLICATE_PHASH,Hamming=9,9,Leaf_Spot,Dry_Leaf,217e138ece04738692ada5596437f4393e75cfab892bc11a90a96297e7ff7f74,319d981af9df48246c86314c43f6489c9b8020dccdf45288eeeeef33f9cce8ad
leaf_spot_(36).jpg,Healthy Leaf00007.JPG,Dataset_01_jtttfbx342,Dataset_02_g46dvrcvwn,NEAR_DUPLICATE_PHASH,Hamming=10,10,Leaf_Spot,Healthy_Leaf,217e138ece04738692ada5596437f4393e75cfab892bc11a90a96297e7ff7f74,d6f9a25aa871a9af685f8162658608a0a0eba5b0cde7ee41a7adc6390f0d6cf1
leaf_spot_(4).jpg,Dry Leaf00049.JPG,Dataset_01_jtttfbx342,Dataset_02_g46dvrcvwn,NEAR_DUPLICATE_PHASH,Hamming=9,9,Leaf_Spot,Dry_Leaf,fcae4abca13d2ee50b20d7f281aa2fff026a4c9cc07e3f2d6e738f8e21491176,319d981af9df48246c86314c43f6489c9b8020dccdf45288eeeeef33f9cce8ad
leaf_spot_(4).jpg,Rhizome Disease Root00011.JPG,Dataset_01_jtttfbx342,Dataset_02_g46dvrcvwn,NEAR_DUPLICATE_PHASH,Hamming=9,9,Leaf_Spot,Rhizome_Disease_Roots,fcae4abca13d2ee50b20d7f281aa2fff026a4c9cc07e3f2d6e738f8e21491176,9e5b456e10edce65aab601b2f8131f40d6819965e444da5f3f857d82317bfae2
leaf_spot_(42).jpg,Dry Leaf00189.JPG,Dataset_01_jtttfbx342,Dataset_02_g46dvrcvwn,NEAR_DUPLICATE_PHASH,Hamming=8,8,Leaf_Spot,Dry_Leaf,d0d5b0a614e60558322ea1b2624ea7d78d3fd3f4283621a344ad5153b8d53a02,e9931494175e3e5645f934f7f99fdc81a783ad520fb0078cef333cb05cb65fce
leaf_spot_(42).jpg,Rhizome Healthy Root00231.JPG,Dataset_01_jtttfbx342,Dataset_02_g46dvrcvwn,NEAR_DUPLICATE_PHASH,Hamming=10,10,Leaf_Spot,Rhizome_Healthy_Roots,d0d5b0a614e60558322ea1b2624ea7d78d3fd3f4283621a344ad5153b8d53a02,173ddd1534a3df82138aa24559c71b43a224602176f4c5d40d6408993c002413
leaf_spot_(42).jpg,Rhizome Healthy Root00232.JPG,Dataset_01_jtttfbx342,Dataset_02_g46dvrcvwn,NEAR_DUPLICATE_PHASH,Hamming=10,10,Leaf_Spot,Rhizome_Healthy_Roots,d0d5b0a614e60558322ea1b2624ea7d78d3fd3f4283621a344ad5153b8d53a02,bc937e060206b7ac479f3eee51788f6e75bc98567118a529ef1b20784b1f366c
leaf_spot_(40).jpg,Dry Leaf00189.JPG,Dataset_01_jtttfbx342,Dataset_02_g46dvrcvwn,NEAR_DUPLICATE_PHASH,Hamming=8,8,Leaf_Spot,Dry_Leaf,e0f136f691dd82bf88f5d2cada5f30f866f9d4ae047eb28f31c977d8bd84c4e4,e9931494175e3e5645f934f7f99fdc81a783ad520fb0078cef333cb05cb65fce
leaf_spot_(40).jpg,Leaf Blotch00011.JPG,Dataset_01_jtttfbx342,Dataset_02_g46dvrcvwn,NEAR_DUPLICATE_PHASH,Hamming=9,9,Leaf_Spot,Leaf_Blotch,e0f136f691dd82bf88f5d2cada5f30f866f9d4ae047eb28f31c977d8bd84c4e4,eb7a12979ed145ac65973d93bb68efb106fa425b3fffce4aaac857552e900cb6
leaf_spot_(40).jpg,Leaf Blotch00012.JPG,Dataset_01_jtttfbx342,Dataset_02_g46dvrcvwn,NEAR_DUPLICATE_PHASH,Hamming=7,7,Leaf_Spot,Leaf_Blotch,e0f136f691dd82bf88f5d2cada5f30f866f9d4ae047eb28f31c977d8bd84c4e4,5999901f4e5e50fa3305dd0eae3dccf7370b387d18f8b6ba3ce290e659e2fe29
leaf_spot_(40).jpg,Leaf Blotch00015.JPG,Dataset_01_jtttfbx342,Dataset_02_g46dvrcvwn,NEAR_DUPLICATE_PHASH,Hamming=6,6,Leaf_Spot,Leaf_Blotch,e0f136f691dd82bf88f5d2cada5f30f866f9d4ae047eb28f31c977d8bd84c4e4,4535af09eab55207483d728a2ab8c24ef31f1416940c682d071c8fbbbb57f450
leaf_spot_(40).jpg,Leaf Blotch00017.JPG,Dataset_01_jtttfbx342,Dataset_02_g46dvrcvwn,NEAR_DUPLICATE_PHASH,Hamming=8,8,Leaf_Spot,Leaf_Blotch,e0f136f691dd82bf88f5d2cada5f30f866f9d4ae047eb28f31c977d8bd84c4e4,8c20097bfdf8b2f8f1a731941b2eb5ddb58285fdb0cbed95b4bdeb0cc934b77e
leaf_spot_(40).jpg,Rhizome Disease Root00114.JPG,Dataset_01_jtttfbx342,Dataset_02_g46dvrcvwn,NEAR_DUPLICATE_PHASH,Hamming=10,10,Leaf_Spot,Rhizome_Disease_Roots,e0f136f691dd82bf88f5d2cada5f30f866f9d4ae047eb28f31c977d8bd84c4e4,3a652734257559efc017044a527d4be6683a935a05e18c03b9115f80560df8be
leaf_spot_(40).jpg,Rhizome Healthy Root00062.JPG,Dataset_01_jtttfbx342,Dataset_02_g46dvrcvwn,NEAR_DUPLICATE_PHASH,Hamming=10,10,Leaf_Spot,Rhizome_Healthy_Roots,e0f136f691dd82bf88f5d2cada5f30f866f9d4ae047eb28f31c977d8bd84c4e4,3ad22b02ea59e7795a5ae53a7447b0eb5076579511944f4a8fad7c758be3290a
leaf_spot_(40).jpg,Rhizome Healthy Root00067.JPG,Dataset_01_jtttfbx342,Dataset_02_g46dvrcvwn,NEAR_DUPLICATE_PHASH,Hamming=9,9,Leaf_Spot,Rhizome_Healthy_Roots,e0f136f691dd82bf88f5d2cada5f30f866f9d4ae047eb28f31c977d8bd84c4e4,336cb10b0b1597a6b840b7508077435f6bf4083d05fb950b5cf2b8b6014196a6
leaf_spot_(40).jpg,Rhizome Healthy Root00068.JPG,Dataset_01_jtttfbx342,Dataset_02_g46dvrcvwn,NEAR_DUPLICATE_PHASH,Hamming=7,7,Leaf_Spot,Rhizome_Healthy_Roots,e0f136f691dd82bf88f5d2cada5f30f866f9d4ae047eb28f31c977d8bd84c4e4,a981238ed34c42ec744ec0571b688fb7eab064e0274fdb53cef34f24414d2d70
leaf_spot_(40).jpg,Rhizome Healthy Root00069.JPG,Dataset_01_jtttfbx342,Dataset_02_g46dvrcvwn,NEAR_DUPLICATE_PHASH,Hamming=9,9,Leaf_Spot,Rhizome_Healthy_Roots,e0f136f691dd82bf88f5d2cada5f30f866f9d4ae047eb28f31c977d8bd84c4e4,5200b982e3399dd6d1b3cec569d84ec672e9f2d0d2a0f4828beac46ae163ed84
leaf_spot_(40).jpg,Rhizome Healthy Root00070.JPG,Dataset_01_jtttfbx342,Dataset_02_g46dvrcvwn,NEAR_DUPLICATE_PHASH,Hamming=9,9,Leaf_Spot,Rhizome_Healthy_Roots,e0f136f691dd82bf88f5d2cada5f30f866f9d4ae047eb28f31c977d8bd84c4e4,de4944e4959fca9e8f5a03ad79c4f8fdf45194d6d6ad7f69b264870161b28c74
leaf_spot_(40).jpg,Rhizome Healthy Root00071.JPG,Dataset_01_jtttfbx342,Dataset_02_g46dvrcvwn,NEAR_DUPLICATE_PHASH,Hamming=9,9,Leaf_Spot,Rhizome_Healthy_Roots,e0f136f691dd82bf88f5d2cada5f30f866f9d4ae047eb28f31c977d8bd84c4e4,96f3876370e73338ca929ebc4a8b986bfa03a3cdac3d8f6bddadea85c50fc223
leaf_spot_(40).jpg,Rhizome Healthy Root00072.JPG,Dataset_01_jtttfbx342,Dataset_02_g46dvrcvwn,NEAR_DUPLICATE_PHASH,Hamming=9,9,Leaf_Spot,Rhizome_Healthy_Roots,e0f136f691dd82bf88f5d2cada5f30f866f9d4ae047eb28f31c977d8bd84c4e4,88647d433d4c7cf1504f69be66c4402169220653033190e71046822ad8740fa9
leaf_spot_(40).jpg,Rhizome Healthy Root00073.JPG,Dataset_01_jtttfbx342,Dataset_02_g46dvrcvwn,NEAR_DUPLICATE_PHASH,Hamming=8,8,Leaf_Spot,Rhizome_Healthy_Roots,e0f136f691dd82bf88f5d2cada5f30f866f9d4ae047eb28f31c977d8bd84c4e4,597e73a3a33cee4b8645f726b1de543e925e01294c8443ae39d089b551717fdf
leaf_spot_(40).jpg,Rhizome Healthy Root00104.JPG,Dataset_01_jtttfbx342,Dataset_02_g46dvrcvwn,NEAR_DUPLICATE_PHASH,Hamming=10,10,Leaf_Spot,Rhizome_Healthy_Roots,e0f136f691dd82bf88f5d2cada5f30f866f9d4ae047eb28f31c977d8bd84c4e4,c6e84c358fef466d5d651d6badc72f487938a8971667c64a8b9cd6ba4e2a15f6
leaf_spot_(41).jpg,Dry Leaf00189.JPG,Dataset_01_jtttfbx342,Dataset_02_g46dvrcvwn,NEAR_DUPLICATE_PHASH,Hamming=8,8,Leaf_Spot,Dry_Leaf,1ffe3d8fc10f0e1281b81b0595c259a8fa8573e75fdc20bb9dca99623ccf8ea3,e9931494175e3e5645f934f7f99fdc81a783ad520fb0078cef333cb05cb65fce
leaf_spot_(41).jpg,Leaf Blotch00015.JPG,Dataset_01_jtttfbx342,Dataset_02_g46dvrcvwn,NEAR_DUPLICATE_PHASH,Hamming=10,10,Leaf_Spot,Leaf_Blotch,1ffe3d8fc10f0e1281b81b0595c259a8fa8573e75fdc20bb9dca99623ccf8ea3,4535af09eab55207483d728a2ab8c24ef31f1416940c682d071c8fbbbb57f450
leaf_spot_(41).jpg,Leaf Blotch00017.JPG,Dataset_01_jtttfbx342,Dataset_02_g46dvrcvwn,NEAR_DUPLICATE_PHASH,Hamming=10,10,Leaf_Spot,Leaf_Blotch,1ffe3d8fc10f0e1281b81b0595c259a8fa8573e75fdc20bb9dca99623ccf8ea3,8c20097bfdf8b2f8f1a731941b2eb5ddb58285fdb0cbed95b4bdeb0cc934b77e
leaf_spot_(41).jpg,Rhizome Disease Root00003.JPG,Dataset_01_jtttfbx342,Dataset_02_g46dvrcvwn,NEAR_DUPLICATE_PHASH,Hamming=10,10,Leaf_Spot,Rhizome_Disease_Roots,1ffe3d8fc10f0e1281b81b0595c259a8fa8573e75fdc20bb9dca99623ccf8ea3,e29c7da8f576a1f9ff6bf3f209a3e3115d369e736d80c79bd48d77b6cf4cc3d0
leaf_spot_(41).jpg,Rhizome Disease Root00114.JPG,Dataset_01_jtttfbx342,Dataset_02_g46dvrcvwn,NEAR_DUPLICATE_PHASH,Hamming=8,8,Leaf_Spot,Rhizome_Disease_Roots,1ffe3d8fc10f0e1281b81b0595c259a8fa8573e75fdc20bb9dca99623ccf8ea3,3a652734257559efc017044a527d4be6683a935a05e18c03b9115f80560df8be
leaf_spot_(41).jpg,Rhizome Disease Root00176.JPG,Dataset_01_jtttfbx342,Dataset_02_g46dvrcvwn,NEAR_DUPLICATE_PHASH,Hamming=10,10,Leaf_Spot,Rhizome_Disease_Roots,1ffe3d8fc10f0e1281b81b0595c259a8fa8573e75fdc20bb9dca99623ccf8ea3,4f668ea4799377a46be43218163c55f7774abdc0b33fc941041410a16945444d
leaf_spot_(41).jpg,Rhizome Healthy Root00062.JPG,Dataset_01_jtttfbx342,Dataset_02_g46dvrcvwn,NEAR_DUPLICATE_PHASH,Hamming=10,10,Leaf_Spot,Rhizome_Healthy_Roots,1ffe3d8fc10f0e1281b81b0595c259a8fa8573e75fdc20bb9dca99623ccf8ea3,3ad22b02ea59e7795a5ae53a7447b0eb5076579511944f4a8fad7c758be3290a
leaf_spot_(41).jpg,Rhizome Healthy Root00063.JPG,Dataset_01_jtttfbx342,Dataset_02_g46dvrcvwn,NEAR_DUPLICATE_PHASH,Hamming=10,10,Leaf_Spot,Rhizome_Healthy_Roots,1ffe3d8fc10f0e1281b81b0595c259a8fa8573e75fdc20bb9dca99623ccf8ea3,091c8f767f68ab768690e920095d5c387536213ee9f29b993868190c059893fa
leaf_spot_(41).jpg,Rhizome Healthy Root00071.JPG,Dataset_01_jtttfbx342,Dataset_02_g46dvrcvwn,NEAR_DUPLICATE_PHASH,Hamming=9,9,Leaf_Spot,Rhizome_Healthy_Roots,1ffe3d8fc10f0e1281b81b0595c259a8fa8573e75fdc20bb9dca99623ccf8ea3,96f3876370e73338ca929ebc4a8b986bfa03a3cdac3d8f6bddadea85c50fc223
leaf_spot_(41).jpg,Rhizome Healthy Root00072.JPG,Dataset_01_jtttfbx342,Dataset_02_g46dvrcvwn,NEAR_DUPLICATE_PHASH,Hamming=9,9,Leaf_Spot,Rhizome_Healthy_Roots,1ffe3d8fc10f0e1281b81b0595c259a8fa8573e75fdc20bb9dca99623ccf8ea3,88647d433d4c7cf1504f69be66c4402169220653033190e71046822ad8740fa9
leaf_spot_(41).jpg,Rhizome Healthy Root00073.JPG,Dataset_01_jtttfbx342,Dataset_02_g46dvrcvwn,NEAR_DUPLICATE_PHASH,Hamming=10,10,Leaf_Spot,Rhizome_Healthy_Roots,1ffe3d8fc10f0e1281b81b0595c259a8fa8573e75fdc20bb9dca99623ccf8ea3,597e73a3a33cee4b8645f726b1de543e925e01294c8443ae39d089b551717fdf
leaf_spot_(41).jpg,Rhizome Healthy Root00102.JPG,Dataset_01_jtttfbx342,Dataset_02_g46dvrcvwn,NEAR_DUPLICATE_PHASH,Hamming=9,9,Leaf_Spot,Rhizome_Healthy_Roots,1ffe3d8fc10f0e1281b81b0595c259a8fa8573e75fdc20bb9dca99623ccf8ea3,42ed63fbc1a84d627ef27ec356342cf7d62182b1cfb585f9cbc082ed88702993
leaf_spot_(41).jpg,Rhizome Healthy Root00103.JPG,Dataset_01_jtttfbx342,Dataset_02_g46dvrcvwn,NEAR_DUPLICATE_PHASH,Hamming=9,9,Leaf_Spot,Rhizome_Healthy_Roots,1ffe3d8fc10f0e1281b81b0595c259a8fa8573e75fdc20bb9dca99623ccf8ea3,1a182a290d5ec92d08bc0bb7826ce7992966ad9ac025b6731f8d48f1b0071cec
leaf_spot_(41).jpg,Rhizome Healthy Root00104.JPG,Dataset_01_jtttfbx342,Dataset_02_g46dvrcvwn,NEAR_DUPLICATE_PHASH,Hamming=10,10,Leaf_Spot,Rhizome_Healthy_Roots,1ffe3d8fc10f0e1281b81b0595c259a8fa8573e75fdc20bb9dca99623ccf8ea3,c6e84c358fef466d5d651d6badc72f487938a8971667c64a8b9cd6ba4e2a15f6
leaf_spot_(41).jpg,Rhizome Healthy Root00231.JPG,Dataset_01_jtttfbx342,Dataset_02_g46dvrcvwn,NEAR_DUPLICATE_PHASH,Hamming=10,10,Leaf_Spot,Rhizome_Healthy_Roots,1ffe3d8fc10f0e1281b81b0595c259a8fa8573e75fdc20bb9dca99623ccf8ea3,173ddd1534a3df82138aa24559c71b43a224602176f4c5d40d6408993c002413
leaf_spot_(41).jpg,Rhizome Healthy Root00232.JPG,Dataset_01_jtttfbx342,Dataset_02_g46dvrcvwn,NEAR_DUPLICATE_PHASH,Hamming=8,8,Leaf_Spot,Rhizome_Healthy_Roots,1ffe3d8fc10f0e1281b81b0595c259a8fa8573e75fdc20bb9dca99623ccf8ea3,bc937e060206b7ac479f3eee51788f6e75bc98567118a529ef1b20784b1f366c
leaf_spot_(43).jpg,Dry Leaf00189.JPG,Dataset_01_jtttfbx342,Dataset_02_g46dvrcvwn,NEAR_DUPLICATE_PHASH,Hamming=10,10,Leaf_Spot,Dry_Leaf,b5f123965df93f455648d74a6ba0246ecdb5ed73162c24fec1d6f7c51a4ac489,e9931494175e3e5645f934f7f99fdc81a783ad520fb0078cef333cb05cb65fce
leaf_spot_(43).jpg,Rhizome Disease Root00031.JPG,Dataset_01_jtttfbx342,Dataset_02_g46dvrcvwn,NEAR_DUPLICATE_PHASH,Hamming=10,10,Leaf_Spot,Rhizome_Disease_Roots,b5f123965df93f455648d74a6ba0246ecdb5ed73162c24fec1d6f7c51a4ac489,dedf2d9306dfb93c43063f67c4400508fe0bb5a6138b865bc0149e9e0602865b
leaf_spot_(43).jpg,Rhizome Disease Root00114.JPG,Dataset_01_jtttfbx342,Dataset_02_g46dvrcvwn,NEAR_DUPLICATE_PHASH,Hamming=8,8,Leaf_Spot,Rhizome_Disease_Roots,b5f123965df93f455648d74a6ba0246ecdb5ed73162c24fec1d6f7c51a4ac489,3a652734257559efc017044a527d4be6683a935a05e18c03b9115f80560df8be
leaf_spot_(43).jpg,Rhizome Disease Root00176.JPG,Dataset_01_jtttfbx342,Dataset_02_g46dvrcvwn,NEAR_DUPLICATE_PHASH,Hamming=10,10,Leaf_Spot,Rhizome_Disease_Roots,b5f123965df93f455648d74a6ba0246ecdb5ed73162c24fec1d6f7c51a4ac489,4f668ea4799377a46be43218163c55f7774abdc0b33fc941041410a16945444d
leaf_spot_(43).jpg,Rhizome Healthy Root00102.JPG,Dataset_01_jtttfbx342,Dataset_02_g46dvrcvwn,NEAR_DUPLICATE_PHASH,Hamming=9,9,Leaf_Spot,Rhizome_Healthy_Roots,b5f123965df93f455648d74a6ba0246ecdb5ed73162c24fec1d6f7c51a4ac489,42ed63fbc1a84d627ef27ec356342cf7d62182b1cfb585f9cbc082ed88702993
leaf_spot_(43).jpg,Rhizome Healthy Root00103.JPG,Dataset_01_jtttfbx342,Dataset_02_g46dvrcvwn,NEAR_DUPLICATE_PHASH,Hamming=9,9,Leaf_Spot,Rhizome_Healthy_Roots,b5f123965df93f455648d74a6ba0246ecdb5ed73162c24fec1d6f7c51a4ac489,1a182a290d5ec92d08bc0bb7826ce7992966ad9ac025b6731f8d48f1b0071cec
leaf_spot_(43).jpg,Rhizome Healthy Root00104.JPG,Dataset_01_jtttfbx342,Dataset_02_g46dvrcvwn,NEAR_DUPLICATE_PHASH,Hamming=10,10,Leaf_Spot,Rhizome_Healthy_Roots,b5f123965df93f455648d74a6ba0246ecdb5ed73162c24fec1d6f7c51a4ac489,c6e84c358fef466d5d651d6badc72f487938a8971667c64a8b9cd6ba4e2a15f6
leaf_spot_(43).jpg,Rhizome Healthy Root00232.JPG,Dataset_01_jtttfbx342,Dataset_02_g46dvrcvwn,NEAR_DUPLICATE_PHASH,Hamming=10,10,Leaf_Spot,Rhizome_Healthy_Roots,b5f123965df93f455648d74a6ba0246ecdb5ed73162c24fec1d6f7c51a4ac489,bc937e060206b7ac479f3eee51788f6e75bc98567118a529ef1b20784b1f366c
leaf_spot_(45).jpg,Leaf Blotch00005.JPG,Dataset_01_jtttfbx342,Dataset_02_g46dvrcvwn,NEAR_DUPLICATE_PHASH,Hamming=9,9,Leaf_Spot,Leaf_Blotch,ebf54512aaf1a05e298c682dda2a60fb2f287ebdaeb5377f30f0b2e770000eae,b5226d7c1649a14108ea4d4cb07f7891e66ce892f3f25536e7c1e20665c8d718
leaf_spot_(45).jpg,Rhizome Disease Root00114.JPG,Dataset_01_jtttfbx342,Dataset_02_g46dvrcvwn,NEAR_DUPLICATE_PHASH,Hamming=9,9,Leaf_Spot,Rhizome_Disease_Roots,ebf54512aaf1a05e298c682dda2a60fb2f287ebdaeb5377f30f0b2e770000eae,3a652734257559efc017044a527d4be6683a935a05e18c03b9115f80560df8be
leaf_spot_(45).jpg,Rhizome Healthy Root00302.JPG,Dataset_01_jtttfbx342,Dataset_02_g46dvrcvwn,NEAR_DUPLICATE_PHASH,Hamming=10,10,Leaf_Spot,Rhizome_Healthy_Roots,ebf54512aaf1a05e298c682dda2a60fb2f287ebdaeb5377f30f0b2e770000eae,1b056c0bec593d0fb2c3b1ab4b9d24f80ed054d4ea4c181663cd9794f0288604
leaf_spot_(46).jpg,Dry Leaf00082.JPG,Dataset_01_jtttfbx342,Dataset_02_g46dvrcvwn,NEAR_DUPLICATE_PHASH,Hamming=10,10,Leaf_Spot,Dry_Leaf,a3850575610725413684131768493662782954bd3df1616dbd02f72a73a9dca1,0fef36b29f2c7149a46f1781d1a4edbd110d22d5b39a80b27eba7248551a7943
leaf_spot_(46).jpg,Dry Leaf00122.JPG,Dataset_01_jtttfbx342,Dataset_02_g46dvrcvwn,NEAR_DUPLICATE_PHASH,Hamming=10,10,Leaf_Spot,Dry_Leaf,a3850575610725413684131768493662782954bd3df1616dbd02f72a73a9dca1,f4c98e627b86f34d545dfa70f914b5a3482f9dac29e37e4277a46b7a042753b4
leaf_spot_(46).jpg,Dry Leaf00138.JPG,Dataset_01_jtttfbx342,Dataset_02_g46dvrcvwn,NEAR_DUPLICATE_PHASH,Hamming=10,10,Leaf_Spot,Dry_Leaf,a3850575610725413684131768493662782954bd3df1616dbd02f72a73a9dca1,48a137a521fcf8c5bf0f80670022143942508551f0f3047e9f590ff294fc2316
leaf_spot_(46).jpg,Dry Leaf00143.JPG,Dataset_01_jtttfbx342,Dataset_02_g46dvrcvwn,NEAR_DUPLICATE_PHASH,Hamming=10,10,Leaf_Spot,Dry_Leaf,a3850575610725413684131768493662782954bd3df1616dbd02f72a73a9dca1,264aaf55af985e2d563adbfe4338e6d7666deb78327e547e536cc5a3f2933d56
leaf_spot_(47).jpg,Leaf Blotch00005.JPG,Dataset_01_jtttfbx342,Dataset_02_g46dvrcvwn,NEAR_DUPLICATE_PHASH,Hamming=10,10,Leaf_Spot,Leaf_Blotch,fdddbd13eda06fe5502394a72a700c684f51a66e4e78f143efa18609d2c8a256,b5226d7c1649a14108ea4d4cb07f7891e66ce892f3f25536e7c1e20665c8d718
leaf_spot_(47).jpg,Rhizome Disease Root00114.JPG,Dataset_01_jtttfbx342,Dataset_02_g46dvrcvwn,NEAR_DUPLICATE_PHASH,Hamming=10,10,Leaf_Spot,Rhizome_Disease_Roots,fdddbd13eda06fe5502394a72a700c684f51a66e4e78f143efa18609d2c8a256,3a652734257559efc017044a527d4be6683a935a05e18c03b9115f80560df8be
leaf_spot_(47).jpg,Rhizome Healthy Root00232.JPG,Dataset_01_jtttfbx342,Dataset_02_g46dvrcvwn,NEAR_DUPLICATE_PHASH,Hamming=10,10,Leaf_Spot,Rhizome_Healthy_Roots,fdddbd13eda06fe5502394a72a700c684f51a66e4e78f143efa18609d2c8a256,bc937e060206b7ac479f3eee51788f6e75bc98567118a529ef1b20784b1f366c
leaf_spot_(49).jpg,Rhizome Disease Root00011.JPG,Dataset_01_jtttfbx342,Dataset_02_g46dvrcvwn,NEAR_DUPLICATE_PHASH,Hamming=10,10,Leaf_Spot,Rhizome_Disease_Roots,2f49708dc9e0a1e4fdd4b58df85652fd64acd1c94741dc69d3703bc3b4e7b7b3,9e5b456e10edce65aab601b2f8131f40d6819965e444da5f3f857d82317bfae2
leaf_spot_(5).jpg,Healthy Leaf00045.JPG,Dataset_01_jtttfbx342,Dataset_02_g46dvrcvwn,NEAR_DUPLICATE_PHASH,Hamming=8,8,Leaf_Spot,Healthy_Leaf,4bbce3bb2a090398c01a621b84a0e8d569bd067d41358cf0e2f1c332939569c2,f74d40d200c75118a7faa14c4495759fb690b796c941c2c02659f852db711ec3
leaf_spot_(5).jpg,Healthy Leaf00179.JPG,Dataset_01_jtttfbx342,Dataset_02_g46dvrcvwn,NEAR_DUPLICATE_PHASH,Hamming=9,9,Leaf_Spot,Healthy_Leaf,4bbce3bb2a090398c01a621b84a0e8d569bd067d41358cf0e2f1c332939569c2,ea2617bf3f94d7c0f85d2bef85c842d4e233df0e2393d5ea9a69cdf14c3ad93a
leaf_spot_(5).jpg,Healthy Leaf00186.JPG,Dataset_01_jtttfbx342,Dataset_02_g46dvrcvwn,NEAR_DUPLICATE_PHASH,Hamming=9,9,Leaf_Spot,Healthy_Leaf,4bbce3bb2a090398c01a621b84a0e8d569bd067d41358cf0e2f1c332939569c2,f99497e0754004956fa65209dc0aa94a753bdc8cccaf34066b1286dfb32c2e3a
leaf_spot_(5).jpg,Rhizome Disease Root00011.JPG,Dataset_01_jtttfbx342,Dataset_02_g46dvrcvwn,NEAR_DUPLICATE_PHASH,Hamming=6,6,Leaf_Spot,Rhizome_Disease_Roots,4bbce3bb2a090398c01a621b84a0e8d569bd067d41358cf0e2f1c332939569c2,9e5b456e10edce65aab601b2f8131f40d6819965e444da5f3f857d82317bfae2
leaf_spot_(5).jpg,Rhizome Disease Root00020.JPG,Dataset_01_jtttfbx342,Dataset_02_g46dvrcvwn,NEAR_DUPLICATE_PHASH,Hamming=10,10,Leaf_Spot,Rhizome_Disease_Roots,4bbce3bb2a090398c01a621b84a0e8d569bd067d41358cf0e2f1c332939569c2,c07823be8a3a62bb5183427f4f5e76d24913cbadcc40e6a4cf0a8729f3a3ab22
leaf_spot_(51).jpg,Dry Leaf00021.JPG,Dataset_01_jtttfbx342,Dataset_02_g46dvrcvwn,NEAR_DUPLICATE_PHASH,Hamming=9,9,Leaf_Spot,Dry_Leaf,2ed5014bf72754791262fd4d237e092270ee432951df863442b6559179981450,80b07af320ce31e8a146fc8c36d40920359a994dbb7ce32c5c787d0e269bb363
leaf_spot_(51).jpg,Dry Leaf00122.JPG,Dataset_01_jtttfbx342,Dataset_02_g46dvrcvwn,NEAR_DUPLICATE_PHASH,Hamming=9,9,Leaf_Spot,Dry_Leaf,2ed5014bf72754791262fd4d237e092270ee432951df863442b6559179981450,f4c98e627b86f34d545dfa70f914b5a3482f9dac29e37e4277a46b7a042753b4
leaf_spot_(51).jpg,Dry Leaf00189.JPG,Dataset_01_jtttfbx342,Dataset_02_g46dvrcvwn,NEAR_DUPLICATE_PHASH,Hamming=10,10,Leaf_Spot,Dry_Leaf,2ed5014bf72754791262fd4d237e092270ee432951df863442b6559179981450,e9931494175e3e5645f934f7f99fdc81a783ad520fb0078cef333cb05cb65fce
leaf_spot_(51).jpg,Leaf Blotch00005.JPG,Dataset_01_jtttfbx342,Dataset_02_g46dvrcvwn,NEAR_DUPLICATE_PHASH,Hamming=10,10,Leaf_Spot,Leaf_Blotch,2ed5014bf72754791262fd4d237e092270ee432951df863442b6559179981450,b5226d7c1649a14108ea4d4cb07f7891e66ce892f3f25536e7c1e20665c8d718
leaf_spot_(51).jpg,Rhizome Disease Root00114.JPG,Dataset_01_jtttfbx342,Dataset_02_g46dvrcvwn,NEAR_DUPLICATE_PHASH,Hamming=8,8,Leaf_Spot,Rhizome_Disease_Roots,2ed5014bf72754791262fd4d237e092270ee432951df863442b6559179981450,3a652734257559efc017044a527d4be6683a935a05e18c03b9115f80560df8be
leaf_spot_(51).jpg,Rhizome Disease Root00176.JPG,Dataset_01_jtttfbx342,Dataset_02_g46dvrcvwn,NEAR_DUPLICATE_PHASH,Hamming=10,10,Leaf_Spot,Rhizome_Disease_Roots,2ed5014bf72754791262fd4d237e092270ee432951df863442b6559179981450,4f668ea4799377a46be43218163c55f7774abdc0b33fc941041410a16945444d
leaf_spot_(51).jpg,Rhizome Healthy Root00102.JPG,Dataset_01_jtttfbx342,Dataset_02_g46dvrcvwn,NEAR_DUPLICATE_PHASH,Hamming=7,7,Leaf_Spot,Rhizome_Healthy_Roots,2ed5014bf72754791262fd4d237e092270ee432951df863442b6559179981450,42ed63fbc1a84d627ef27ec356342cf7d62182b1cfb585f9cbc082ed88702993
leaf_spot_(51).jpg,Rhizome Healthy Root00103.JPG,Dataset_01_jtttfbx342,Dataset_02_g46dvrcvwn,NEAR_DUPLICATE_PHASH,Hamming=7,7,Leaf_Spot,Rhizome_Healthy_Roots,2ed5014bf72754791262fd4d237e092270ee432951df863442b6559179981450,1a182a290d5ec92d08bc0bb7826ce7992966ad9ac025b6731f8d48f1b0071cec
leaf_spot_(51).jpg,Rhizome Healthy Root00104.JPG,Dataset_01_jtttfbx342,Dataset_02_g46dvrcvwn,NEAR_DUPLICATE_PHASH,Hamming=8,8,Leaf_Spot,Rhizome_Healthy_Roots,2ed5014bf72754791262fd4d237e092270ee432951df863442b6559179981450,c6e84c358fef466d5d651d6badc72f487938a8971667c64a8b9cd6ba4e2a15f6
leaf_spot_(51).jpg,Rhizome Healthy Root00231.JPG,Dataset_01_jtttfbx342,Dataset_02_g46dvrcvwn,NEAR_DUPLICATE_PHASH,Hamming=10,10,Leaf_Spot,Rhizome_Healthy_Roots,2ed5014bf72754791262fd4d237e092270ee432951df863442b6559179981450,173ddd1534a3df82138aa24559c71b43a224602176f4c5d40d6408993c002413
leaf_spot_(51).jpg,Rhizome Healthy Root00232.JPG,Dataset_01_jtttfbx342,Dataset_02_g46dvrcvwn,NEAR_DUPLICATE_PHASH,Hamming=8,8,Leaf_Spot,Rhizome_Healthy_Roots,2ed5014bf72754791262fd4d237e092270ee432951df863442b6559179981450,bc937e060206b7ac479f3eee51788f6e75bc98567118a529ef1b20784b1f366c
leaf_spot_(52).jpg,Dry Leaf00021.JPG,Dataset_01_jtttfbx342,Dataset_02_g46dvrcvwn,NEAR_DUPLICATE_PHASH,Hamming=10,10,Leaf_Spot,Dry_Leaf,6a92144f74f33ea49e8d9a14a8e32f5d7d5924389deb74fc5980378b31479f3d,80b07af320ce31e8a146fc8c36d40920359a994dbb7ce32c5c787d0e269bb363
leaf_spot_(52).jpg,Dry Leaf00122.JPG,Dataset_01_jtttfbx342,Dataset_02_g46dvrcvwn,NEAR_DUPLICATE_PHASH,Hamming=8,8,Leaf_Spot,Dry_Leaf,6a92144f74f33ea49e8d9a14a8e32f5d7d5924389deb74fc5980378b31479f3d,f4c98e627b86f34d545dfa70f914b5a3482f9dac29e37e4277a46b7a042753b4
leaf_spot_(52).jpg,Dry Leaf00143.JPG,Dataset_01_jtttfbx342,Dataset_02_g46dvrcvwn,NEAR_DUPLICATE_PHASH,Hamming=10,10,Leaf_Spot,Dry_Leaf,6a92144f74f33ea49e8d9a14a8e32f5d7d5924389deb74fc5980378b31479f3d,264aaf55af985e2d563adbfe4338e6d7666deb78327e547e536cc5a3f2933d56
leaf_spot_(52).jpg,Leaf Blotch00004.JPG,Dataset_01_jtttfbx342,Dataset_02_g46dvrcvwn,NEAR_DUPLICATE_PHASH,Hamming=8,8,Leaf_Spot,Leaf_Blotch,6a92144f74f33ea49e8d9a14a8e32f5d7d5924389deb74fc5980378b31479f3d,a96b36433507af73e39df1d2ad9989e773b79c0d27ae1ebfbf5ecc18de823a07
leaf_spot_(52).jpg,Leaf Blotch00005.JPG,Dataset_01_jtttfbx342,Dataset_02_g46dvrcvwn,NEAR_DUPLICATE_PHASH,Hamming=9,9,Leaf_Spot,Leaf_Blotch,6a92144f74f33ea49e8d9a14a8e32f5d7d5924389deb74fc5980378b31479f3d,b5226d7c1649a14108ea4d4cb07f7891e66ce892f3f25536e7c1e20665c8d718
leaf_spot_(52).jpg,Rhizome Disease Root00114.JPG,Dataset_01_jtttfbx342,Dataset_02_g46dvrcvwn,NEAR_DUPLICATE_PHASH,Hamming=7,7,Leaf_Spot,Rhizome_Disease_Roots,6a92144f74f33ea49e8d9a14a8e32f5d7d5924389deb74fc5980378b31479f3d,3a652734257559efc017044a527d4be6683a935a05e18c03b9115f80560df8be
leaf_spot_(52).jpg,Rhizome Healthy Root00102.JPG,Dataset_01_jtttfbx342,Dataset_02_g46dvrcvwn,NEAR_DUPLICATE_PHASH,Hamming=10,10,Leaf_Spot,Rhizome_Healthy_Roots,6a92144f74f33ea49e8d9a14a8e32f5d7d5924389deb74fc5980378b31479f3d,42ed63fbc1a84d627ef27ec356342cf7d62182b1cfb585f9cbc082ed88702993
leaf_spot_(52).jpg,Rhizome Healthy Root00103.JPG,Dataset_01_jtttfbx342,Dataset_02_g46dvrcvwn,NEAR_DUPLICATE_PHASH,Hamming=10,10,Leaf_Spot,Rhizome_Healthy_Roots,6a92144f74f33ea49e8d9a14a8e32f5d7d5924389deb74fc5980378b31479f3d,1a182a290d5ec92d08bc0bb7826ce7992966ad9ac025b6731f8d48f1b0071cec
leaf_spot_(52).jpg,Rhizome Healthy Root00106.JPG,Dataset_01_jtttfbx342,Dataset_02_g46dvrcvwn,NEAR_DUPLICATE_PHASH,Hamming=8,8,Leaf_Spot,Rhizome_Healthy_Roots,6a92144f74f33ea49e8d9a14a8e32f5d7d5924389deb74fc5980378b31479f3d,792099df3f2fb91a62d25fc739635a820e6c5be3fb678f74f5b5b0d40f2c3209
leaf_spot_(52).jpg,Rhizome Healthy Root00231.JPG,Dataset_01_jtttfbx342,Dataset_02_g46dvrcvwn,NEAR_DUPLICATE_PHASH,Hamming=9,9,Leaf_Spot,Rhizome_Healthy_Roots,6a92144f74f33ea49e8d9a14a8e32f5d7d5924389deb74fc5980378b31479f3d,173ddd1534a3df82138aa24559c71b43a224602176f4c5d40d6408993c002413
leaf_spot_(52).jpg,Rhizome Healthy Root00232.JPG,Dataset_01_jtttfbx342,Dataset_02_g46dvrcvwn,NEAR_DUPLICATE_PHASH,Hamming=7,7,Leaf_Spot,Rhizome_Healthy_Roots,6a92144f74f33ea49e8d9a14a8e32f5d7d5924389deb74fc5980378b31479f3d,bc937e060206b7ac479f3eee51788f6e75bc98567118a529ef1b20784b1f366c
leaf_spot_(52).jpg,Rhizome Healthy Root00233.JPG,Dataset_01_jtttfbx342,Dataset_02_g46dvrcvwn,NEAR_DUPLICATE_PHASH,Hamming=8,8,Leaf_Spot,Rhizome_Healthy_Roots,6a92144f74f33ea49e8d9a14a8e32f5d7d5924389deb74fc5980378b31479f3d,13232e929bfb4a08007baaee84be3da112a2bc99edada64ba088c98097387c95
leaf_spot_(52).jpg,Rhizome Healthy Root00302.JPG,Dataset_01_jtttfbx342,Dataset_02_g46dvrcvwn,NEAR_DUPLICATE_PHASH,Hamming=10,10,Leaf_Spot,Rhizome_Healthy_Roots,6a92144f74f33ea49e8d9a14a8e32f5d7d5924389deb74fc5980378b31479f3d,1b056c0bec593d0fb2c3b1ab4b9d24f80ed054d4ea4c181663cd9794f0288604
leaf_spot_(56).jpg,Healthy Leaf00146.JPG,Dataset_01_jtttfbx342,Dataset_02_g46dvrcvwn,NEAR_DUPLICATE_PHASH,Hamming=10,10,Leaf_Spot,Healthy_Leaf,e23ffa7fae9468efe78f34074df4ce7225bd439514e9987e882b430c8690749f,86d6d517c1974df9057443d24f05b999bdf6503dff745c289b86768e20cef20e
leaf_spot_(56).jpg,Rhizome Healthy Root00035.JPG,Dataset_01_jtttfbx342,Dataset_02_g46dvrcvwn,NEAR_DUPLICATE_PHASH,Hamming=10,10,Leaf_Spot,Rhizome_Healthy_Roots,e23ffa7fae9468efe78f34074df4ce7225bd439514e9987e882b430c8690749f,dbe29b31c7b5ac7f086ab20c8bad008e5f5d28cc49fed1358d34676e14c1fa26
leaf_spot_(56).jpg,Rhizome Healthy Root00038.JPG,Dataset_01_jtttfbx342,Dataset_02_g46dvrcvwn,NEAR_DUPLICATE_PHASH,Hamming=9,9,Leaf_Spot,Rhizome_Healthy_Roots,e23ffa7fae9468efe78f34074df4ce7225bd439514e9987e882b430c8690749f,14128371ef1fac3bbd3e39df01f1f666c8f663ee748f99584e4aefdcf1b3d504
leaf_spot_(56).jpg,Rhizome Healthy Root00039.JPG,Dataset_01_jtttfbx342,Dataset_02_g46dvrcvwn,NEAR_DUPLICATE_PHASH,Hamming=10,10,Leaf_Spot,Rhizome_Healthy_Roots,e23ffa7fae9468efe78f34074df4ce7225bd439514e9987e882b430c8690749f,6635d66b3dff44773d4805e742353499e4d16f5ddfc57e38ff2ff1af963285f0
leaf_spot_(192).jpg,Dry Leaf00049.JPG,Dataset_01_jtttfbx342,Dataset_02_g46dvrcvwn,NEAR_DUPLICATE_PHASH,Hamming=8,8,Leaf_Spot,Dry_Leaf,e67293e29f22a84b1bf53184092d4cf3447f1eeba285a53eb311851852e2e1ef,319d981af9df48246c86314c43f6489c9b8020dccdf45288eeeeef33f9cce8ad
leaf_spot_(192).jpg,Healthy Leaf00073.JPG,Dataset_01_jtttfbx342,Dataset_02_g46dvrcvwn,NEAR_DUPLICATE_PHASH,Hamming=10,10,Leaf_Spot,Healthy_Leaf,e67293e29f22a84b1bf53184092d4cf3447f1eeba285a53eb311851852e2e1ef,14099ddcc85f0e8888a5a126d064d51875b1dacabb180459313850a260a8ff37
leaf_spot_(192).jpg,Healthy Leaf00129.JPG,Dataset_01_jtttfbx342,Dataset_02_g46dvrcvwn,NEAR_DUPLICATE_PHASH,Hamming=10,10,Leaf_Spot,Healthy_Leaf,e67293e29f22a84b1bf53184092d4cf3447f1eeba285a53eb311851852e2e1ef,a86787c114d3e40bfcfdbdc85d9f209ca103b80e0da1858f1e646bdc1e89dc69
leaf_spot_(192).jpg,Healthy Leaf00186.JPG,Dataset_01_jtttfbx342,Dataset_02_g46dvrcvwn,NEAR_DUPLICATE_PHASH,Hamming=9,9,Leaf_Spot,Healthy_Leaf,e67293e29f22a84b1bf53184092d4cf3447f1eeba285a53eb311851852e2e1ef,f99497e0754004956fa65209dc0aa94a753bdc8cccaf34066b1286dfb32c2e3a
leaf_spot_(192).jpg,Leaf Blotch00003.JPG,Dataset_01_jtttfbx342,Dataset_02_g46dvrcvwn,NEAR_DUPLICATE_PHASH,Hamming=9,9,Leaf_Spot,Leaf_Blotch,e67293e29f22a84b1bf53184092d4cf3447f1eeba285a53eb311851852e2e1ef,b32906700713e8eab661f5adedfcf256fcb2c9633d8d27425b9d24eb2350640e
leaf_spot_(192).jpg,Leaf Blotch00006.JPG,Dataset_01_jtttfbx342,Dataset_02_g46dvrcvwn,NEAR_DUPLICATE_PHASH,Hamming=9,9,Leaf_Spot,Leaf_Blotch,e67293e29f22a84b1bf53184092d4cf3447f1eeba285a53eb311851852e2e1ef,b0975277450bc6f9f338542e47055ab8a8947999d4a87cd8e2097f23af27f392
leaf_spot_(192).jpg,Leaf Blotch00081.JPG,Dataset_01_jtttfbx342,Dataset_02_g46dvrcvwn,NEAR_DUPLICATE_PHASH,Hamming=10,10,Leaf_Spot,Leaf_Blotch,e67293e29f22a84b1bf53184092d4cf3447f1eeba285a53eb311851852e2e1ef,1e8c6f806722158daa3eb502f5e1308d2cab0d80d6e8df822bf2ed91bb261846
leaf_spot_(192).jpg,Leaf Blotch00083.JPG,Dataset_01_jtttfbx342,Dataset_02_g46dvrcvwn,NEAR_DUPLICATE_PHASH,Hamming=10,10,Leaf_Spot,Leaf_Blotch,e67293e29f22a84b1bf53184092d4cf3447f1eeba285a53eb311851852e2e1ef,948d6e2d7d31ebcfa4bfb8ced4fa769fb06b0612161664c615fa4be8bfed303b
leaf_spot_(192).jpg,Rhizome Disease Root00011.JPG,Dataset_01_jtttfbx342,Dataset_02_g46dvrcvwn,NEAR_DUPLICATE_PHASH,Hamming=6,6,Leaf_Spot,Rhizome_Disease_Roots,e67293e29f22a84b1bf53184092d4cf3447f1eeba285a53eb311851852e2e1ef,9e5b456e10edce65aab601b2f8131f40d6819965e444da5f3f857d82317bfae2
leaf_spot_(192).jpg,Rhizome Disease Root00020.JPG,Dataset_01_jtttfbx342,Dataset_02_g46dvrcvwn,NEAR_DUPLICATE_PHASH,Hamming=8,8,Leaf_Spot,Rhizome_Disease_Roots,e67293e29f22a84b1bf53184092d4cf3447f1eeba285a53eb311851852e2e1ef,c07823be8a3a62bb5183427f4f5e76d24913cbadcc40e6a4cf0a8729f3a3ab22
leaf_spot_(192).jpg,Rhizome Disease Root00034.JPG,Dataset_01_jtttfbx342,Dataset_02_g46dvrcvwn,NEAR_DUPLICATE_PHASH,Hamming=10,10,Leaf_Spot,Rhizome_Disease_Roots,e67293e29f22a84b1bf53184092d4cf3447f1eeba285a53eb311851852e2e1ef,aa22a7c227d716435dd599215eeb8d8ff8fa28e874036f2fead8971a32cced9f
leaf_spot_(54).jpg,Rhizome Healthy Root00232.JPG,Dataset_01_jtttfbx342,Dataset_02_g46dvrcvwn,NEAR_DUPLICATE_PHASH,Hamming=10,10,Leaf_Spot,Rhizome_Healthy_Roots,71735d4fd4fbc17d73cbb31e1a89eac30390221091ec7837d9c753e9e0fd3486,bc937e060206b7ac479f3eee51788f6e75bc98567118a529ef1b20784b1f366c
leaf_spot_(55).jpg,Dry Leaf00049.JPG,Dataset_01_jtttfbx342,Dataset_02_g46dvrcvwn,NEAR_DUPLICATE_PHASH,Hamming=10,10,Leaf_Spot,Dry_Leaf,d764fd4f17f96db9bc5b5600bec56347c67c867ba4333481ffe8c1e737b541bf,319d981af9df48246c86314c43f6489c9b8020dccdf45288eeeeef33f9cce8ad
leaf_spot_(57).jpg,Dry Leaf00021.JPG,Dataset_01_jtttfbx342,Dataset_02_g46dvrcvwn,NEAR_DUPLICATE_PHASH,Hamming=10,10,Leaf_Spot,Dry_Leaf,c02933998a8bf88e2eb60462ad794ab813ebafe840f3b7c36f65ac2ce684d24e,80b07af320ce31e8a146fc8c36d40920359a994dbb7ce32c5c787d0e269bb363
leaf_spot_(57).jpg,Dry Leaf00082.JPG,Dataset_01_jtttfbx342,Dataset_02_g46dvrcvwn,NEAR_DUPLICATE_PHASH,Hamming=10,10,Leaf_Spot,Dry_Leaf,c02933998a8bf88e2eb60462ad794ab813ebafe840f3b7c36f65ac2ce684d24e,0fef36b29f2c7149a46f1781d1a4edbd110d22d5b39a80b27eba7248551a7943
leaf_spot_(57).jpg,Dry Leaf00122.JPG,Dataset_01_jtttfbx342,Dataset_02_g46dvrcvwn,NEAR_DUPLICATE_PHASH,Hamming=10,10,Leaf_Spot,Dry_Leaf,c02933998a8bf88e2eb60462ad794ab813ebafe840f3b7c36f65ac2ce684d24e,f4c98e627b86f34d545dfa70f914b5a3482f9dac29e37e4277a46b7a042753b4
leaf_spot_(57).jpg,Dry Leaf00143.JPG,Dataset_01_jtttfbx342,Dataset_02_g46dvrcvwn,NEAR_DUPLICATE_PHASH,Hamming=10,10,Leaf_Spot,Dry_Leaf,c02933998a8bf88e2eb60462ad794ab813ebafe840f3b7c36f65ac2ce684d24e,264aaf55af985e2d563adbfe4338e6d7666deb78327e547e536cc5a3f2933d56
leaf_spot_(57).jpg,Leaf Blotch00004.JPG,Dataset_01_jtttfbx342,Dataset_02_g46dvrcvwn,NEAR_DUPLICATE_PHASH,Hamming=10,10,Leaf_Spot,Leaf_Blotch,c02933998a8bf88e2eb60462ad794ab813ebafe840f3b7c36f65ac2ce684d24e,a96b36433507af73e39df1d2ad9989e773b79c0d27ae1ebfbf5ecc18de823a07
leaf_spot_(57).jpg,Leaf Blotch00005.JPG,Dataset_01_jtttfbx342,Dataset_02_g46dvrcvwn,NEAR_DUPLICATE_PHASH,Hamming=9,9,Leaf_Spot,Leaf_Blotch,c02933998a8bf88e2eb60462ad794ab813ebafe840f3b7c36f65ac2ce684d24e,b5226d7c1649a14108ea4d4cb07f7891e66ce892f3f25536e7c1e20665c8d718
leaf_spot_(57).jpg,Leaf Blotch00008.JPG,Dataset_01_jtttfbx342,Dataset_02_g46dvrcvwn,NEAR_DUPLICATE_PHASH,Hamming=10,10,Leaf_Spot,Leaf_Blotch,c02933998a8bf88e2eb60462ad794ab813ebafe840f3b7c36f65ac2ce684d24e,c8bc1c36431f8bba388e437313476fdb6e489866cef23a0f4993352654de43ea
leaf_spot_(57).jpg,Leaf Blotch00010.JPG,Dataset_01_jtttfbx342,Dataset_02_g46dvrcvwn,NEAR_DUPLICATE_PHASH,Hamming=10,10,Leaf_Spot,Leaf_Blotch,c02933998a8bf88e2eb60462ad794ab813ebafe840f3b7c36f65ac2ce684d24e,3197e2822de599021d133b9768cc32b77177d96d791f65244880d4b84c54b147
leaf_spot_(57).jpg,Rhizome Disease Root00004.JPG,Dataset_01_jtttfbx342,Dataset_02_g46dvrcvwn,NEAR_DUPLICATE_PHASH,Hamming=9,9,Leaf_Spot,Rhizome_Disease_Roots,c02933998a8bf88e2eb60462ad794ab813ebafe840f3b7c36f65ac2ce684d24e,6f6e64319c0d1bab197b171a1f9a7efdec00a918a246926057b9e33d25fb5eee
leaf_spot_(57).jpg,Rhizome Disease Root00031.JPG,Dataset_01_jtttfbx342,Dataset_02_g46dvrcvwn,NEAR_DUPLICATE_PHASH,Hamming=9,9,Leaf_Spot,Rhizome_Disease_Roots,c02933998a8bf88e2eb60462ad794ab813ebafe840f3b7c36f65ac2ce684d24e,dedf2d9306dfb93c43063f67c4400508fe0bb5a6138b865bc0149e9e0602865b
leaf_spot_(57).jpg,Rhizome Disease Root00106.JPG,Dataset_01_jtttfbx342,Dataset_02_g46dvrcvwn,NEAR_DUPLICATE_PHASH,Hamming=10,10,Leaf_Spot,Rhizome_Disease_Roots,c02933998a8bf88e2eb60462ad794ab813ebafe840f3b7c36f65ac2ce684d24e,609c39bc0b9a56b920bde2aa77eca2b1a4d2b155b15a4ed010ead5dc7e8bcb35
leaf_spot_(57).jpg,Rhizome Disease Root00108.JPG,Dataset_01_jtttfbx342,Dataset_02_g46dvrcvwn,NEAR_DUPLICATE_PHASH,Hamming=9,9,Leaf_Spot,Rhizome_Disease_Roots,c02933998a8bf88e2eb60462ad794ab813ebafe840f3b7c36f65ac2ce684d24e,fa6b8eb8029c35c84b3dd6988ff45733a0cbc5ba5532d4c88d1db7643118aa4a
leaf_spot_(57).jpg,Rhizome Disease Root00109.JPG,Dataset_01_jtttfbx342,Dataset_02_g46dvrcvwn,NEAR_DUPLICATE_PHASH,Hamming=9,9,Leaf_Spot,Rhizome_Disease_Roots,c02933998a8bf88e2eb60462ad794ab813ebafe840f3b7c36f65ac2ce684d24e,f0c627b63b768afb39ae808c03bc62bcc065f94fbbbfb48b32fec6d423d28a8d
leaf_spot_(57).jpg,Rhizome Disease Root00114.JPG,Dataset_01_jtttfbx342,Dataset_02_g46dvrcvwn,NEAR_DUPLICATE_PHASH,Hamming=5,5,Leaf_Spot,Rhizome_Disease_Roots,c02933998a8bf88e2eb60462ad794ab813ebafe840f3b7c36f65ac2ce684d24e,3a652734257559efc017044a527d4be6683a935a05e18c03b9115f80560df8be
leaf_spot_(57).jpg,Rhizome Disease Root00176.JPG,Dataset_01_jtttfbx342,Dataset_02_g46dvrcvwn,NEAR_DUPLICATE_PHASH,Hamming=9,9,Leaf_Spot,Rhizome_Disease_Roots,c02933998a8bf88e2eb60462ad794ab813ebafe840f3b7c36f65ac2ce684d24e,4f668ea4799377a46be43218163c55f7774abdc0b33fc941041410a16945444d
leaf_spot_(57).jpg,Rhizome Healthy Root00024.JPG,Dataset_01_jtttfbx342,Dataset_02_g46dvrcvwn,NEAR_DUPLICATE_PHASH,Hamming=9,9,Leaf_Spot,Rhizome_Healthy_Roots,c02933998a8bf88e2eb60462ad794ab813ebafe840f3b7c36f65ac2ce684d24e,aee3163751aae1c2194e061cc5be15c4ec5e2688c78c5e434db62615e22b0429
leaf_spot_(57).jpg,Rhizome Healthy Root00027.JPG,Dataset_01_jtttfbx342,Dataset_02_g46dvrcvwn,NEAR_DUPLICATE_PHASH,Hamming=9,9,Leaf_Spot,Rhizome_Healthy_Roots,c02933998a8bf88e2eb60462ad794ab813ebafe840f3b7c36f65ac2ce684d24e,581455dd1795265737fcdb0c98151c8efd0e53c4bbdfed210adc16f86b63a000
leaf_spot_(57).jpg,Rhizome Healthy Root00029.JPG,Dataset_01_jtttfbx342,Dataset_02_g46dvrcvwn,NEAR_DUPLICATE_PHASH,Hamming=8,8,Leaf_Spot,Rhizome_Healthy_Roots,c02933998a8bf88e2eb60462ad794ab813ebafe840f3b7c36f65ac2ce684d24e,3835df92135db2ba80f4dc67dd51d4ab10db2fd18fa835a53280dd4318d1c91a
leaf_spot_(57).jpg,Rhizome Healthy Root00030.JPG,Dataset_01_jtttfbx342,Dataset_02_g46dvrcvwn,NEAR_DUPLICATE_PHASH,Hamming=8,8,Leaf_Spot,Rhizome_Healthy_Roots,c02933998a8bf88e2eb60462ad794ab813ebafe840f3b7c36f65ac2ce684d24e,5ce7923d7a7e7b4bd048f205c90e9a9a8d400d2fd8cf48fec15ac85b74cc3468
leaf_spot_(57).jpg,Rhizome Healthy Root00031.JPG,Dataset_01_jtttfbx342,Dataset_02_g46dvrcvwn,NEAR_DUPLICATE_PHASH,Hamming=8,8,Leaf_Spot,Rhizome_Healthy_Roots,c02933998a8bf88e2eb60462ad794ab813ebafe840f3b7c36f65ac2ce684d24e,be1d95036007d6dc54776a298c8ed737b1c2ae0a0b8d9720d368b6fd64dfef46
leaf_spot_(57).jpg,Rhizome Healthy Root00102.JPG,Dataset_01_jtttfbx342,Dataset_02_g46dvrcvwn,NEAR_DUPLICATE_PHASH,Hamming=10,10,Leaf_Spot,Rhizome_Healthy_Roots,c02933998a8bf88e2eb60462ad794ab813ebafe840f3b7c36f65ac2ce684d24e,42ed63fbc1a84d627ef27ec356342cf7d62182b1cfb585f9cbc082ed88702993
leaf_spot_(57).jpg,Rhizome Healthy Root00103.JPG,Dataset_01_jtttfbx342,Dataset_02_g46dvrcvwn,NEAR_DUPLICATE_PHASH,Hamming=10,10,Leaf_Spot,Rhizome_Healthy_Roots,c02933998a8bf88e2eb60462ad794ab813ebafe840f3b7c36f65ac2ce684d24e,1a182a290d5ec92d08bc0bb7826ce7992966ad9ac025b6731f8d48f1b0071cec
leaf_spot_(57).jpg,Rhizome Healthy Root00104.JPG,Dataset_01_jtttfbx342,Dataset_02_g46dvrcvwn,NEAR_DUPLICATE_PHASH,Hamming=9,9,Leaf_Spot,Rhizome_Healthy_Roots,c02933998a8bf88e2eb60462ad794ab813ebafe840f3b7c36f65ac2ce684d24e,c6e84c358fef466d5d651d6badc72f487938a8971667c64a8b9cd6ba4e2a15f6
leaf_spot_(57).jpg,Rhizome Healthy Root00106.JPG,Dataset_01_jtttfbx342,Dataset_02_g46dvrcvwn,NEAR_DUPLICATE_PHASH,Hamming=10,10,Leaf_Spot,Rhizome_Healthy_Roots,c02933998a8bf88e2eb60462ad794ab813ebafe840f3b7c36f65ac2ce684d24e,792099df3f2fb91a62d25fc739635a820e6c5be3fb678f74f5b5b0d40f2c3209
leaf_spot_(57).jpg,Rhizome Healthy Root00197.JPG,Dataset_01_jtttfbx342,Dataset_02_g46dvrcvwn,NEAR_DUPLICATE_PHASH,Hamming=10,10,Leaf_Spot,Rhizome_Healthy_Roots,c02933998a8bf88e2eb60462ad794ab813ebafe840f3b7c36f65ac2ce684d24e,a80da83064e1b58fe8d6e41c454b32d0a111e01d0d2fbe1b50a6d5303b8cf8cb
leaf_spot_(57).jpg,Rhizome Healthy Root00198.JPG,Dataset_01_jtttfbx342,Dataset_02_g46dvrcvwn,NEAR_DUPLICATE_PHASH,Hamming=9,9,Leaf_Spot,Rhizome_Healthy_Roots,c02933998a8bf88e2eb60462ad794ab813ebafe840f3b7c36f65ac2ce684d24e,dcd362ff05f693cd0d5729594d6880236cf0b71b68820e3fd5f3d65483ccde1a
leaf_spot_(57).jpg,Rhizome Healthy Root00257.JPG,Dataset_01_jtttfbx342,Dataset_02_g46dvrcvwn,NEAR_DUPLICATE_PHASH,Hamming=10,10,Leaf_Spot,Rhizome_Healthy_Roots,c02933998a8bf88e2eb60462ad794ab813ebafe840f3b7c36f65ac2ce684d24e,27078ff663c26a35d652cb818332a4af8a42761a7662fd6a5a390f2221ed1f91
leaf_spot_(57).jpg,Rhizome Healthy Root00258.JPG,Dataset_01_jtttfbx342,Dataset_02_g46dvrcvwn,NEAR_DUPLICATE_PHASH,Hamming=9,9,Leaf_Spot,Rhizome_Healthy_Roots,c02933998a8bf88e2eb60462ad794ab813ebafe840f3b7c36f65ac2ce684d24e,741a6e06ca571fd5eea19c54fbb3ea01caa6353c419ec5110589eb77afea706b
leaf_spot_(57).jpg,Rhizome Healthy Root00298.JPG,Dataset_01_jtttfbx342,Dataset_02_g46dvrcvwn,NEAR_DUPLICATE_PHASH,Hamming=9,9,Leaf_Spot,Rhizome_Healthy_Roots,c02933998a8bf88e2eb60462ad794ab813ebafe840f3b7c36f65ac2ce684d24e,2783c1890cd370aeaac62205f04cd2f8e6dbd23c5f0a56b5e3406893bed3c47f
leaf_spot_(57).jpg,Rhizome Healthy Root00302.JPG,Dataset_01_jtttfbx342,Dataset_02_g46dvrcvwn,NEAR_DUPLICATE_PHASH,Hamming=8,8,Leaf_Spot,Rhizome_Healthy_Roots,c02933998a8bf88e2eb60462ad794ab813ebafe840f3b7c36f65ac2ce684d24e,1b056c0bec593d0fb2c3b1ab4b9d24f80ed054d4ea4c181663cd9794f0288604
leaf_spot_(57).jpg,Rhizome Healthy Root00303.JPG,Dataset_01_jtttfbx342,Dataset_02_g46dvrcvwn,NEAR_DUPLICATE_PHASH,Hamming=9,9,Leaf_Spot,Rhizome_Healthy_Roots,c02933998a8bf88e2eb60462ad794ab813ebafe840f3b7c36f65ac2ce684d24e,67b3e63120ef420e06cb311a4b97a1c1cb953fa026bae3e4e864d26264f1d837
leaf_spot_(146).jpg,Dry Leaf00082.JPG,Dataset_01_jtttfbx342,Dataset_02_g46dvrcvwn,NEAR_DUPLICATE_PHASH,Hamming=9,9,Leaf_Spot,Dry_Leaf,6c7b9517ac8fae26394e4e496d22df3a369d358d55800585c6019f0a2e10f24f,0fef36b29f2c7149a46f1781d1a4edbd110d22d5b39a80b27eba7248551a7943
leaf_spot_(146).jpg,Dry Leaf00143.JPG,Dataset_01_jtttfbx342,Dataset_02_g46dvrcvwn,NEAR_DUPLICATE_PHASH,Hamming=7,7,Leaf_Spot,Dry_Leaf,6c7b9517ac8fae26394e4e496d22df3a369d358d55800585c6019f0a2e10f24f,264aaf55af985e2d563adbfe4338e6d7666deb78327e547e536cc5a3f2933d56
leaf_spot_(146).jpg,Leaf Blotch00004.JPG,Dataset_01_jtttfbx342,Dataset_02_g46dvrcvwn,NEAR_DUPLICATE_PHASH,Hamming=9,9,Leaf_Spot,Leaf_Blotch,6c7b9517ac8fae26394e4e496d22df3a369d358d55800585c6019f0a2e10f24f,a96b36433507af73e39df1d2ad9989e773b79c0d27ae1ebfbf5ecc18de823a07
leaf_spot_(146).jpg,Leaf Blotch00005.JPG,Dataset_01_jtttfbx342,Dataset_02_g46dvrcvwn,NEAR_DUPLICATE_PHASH,Hamming=10,10,Leaf_Spot,Leaf_Blotch,6c7b9517ac8fae26394e4e496d22df3a369d358d55800585c6019f0a2e10f24f,b5226d7c1649a14108ea4d4cb07f7891e66ce892f3f25536e7c1e20665c8d718
leaf_spot_(146).jpg,Rhizome Disease Root00004.JPG,Dataset_01_jtttfbx342,Dataset_02_g46dvrcvwn,NEAR_DUPLICATE_PHASH,Hamming=8,8,Leaf_Spot,Rhizome_Disease_Roots,6c7b9517ac8fae26394e4e496d22df3a369d358d55800585c6019f0a2e10f24f,6f6e64319c0d1bab197b171a1f9a7efdec00a918a246926057b9e33d25fb5eee
leaf_spot_(146).jpg,Rhizome Disease Root00006.JPG,Dataset_01_jtttfbx342,Dataset_02_g46dvrcvwn,NEAR_DUPLICATE_PHASH,Hamming=10,10,Leaf_Spot,Rhizome_Disease_Roots,6c7b9517ac8fae26394e4e496d22df3a369d358d55800585c6019f0a2e10f24f,0129ff8b8b8fe7a63d60a3fe2ccc28b91d0f1a360b7870aa34a02097bdb446b3
leaf_spot_(146).jpg,Rhizome Disease Root00107.JPG,Dataset_01_jtttfbx342,Dataset_02_g46dvrcvwn,NEAR_DUPLICATE_PHASH,Hamming=9,9,Leaf_Spot,Rhizome_Disease_Roots,6c7b9517ac8fae26394e4e496d22df3a369d358d55800585c6019f0a2e10f24f,20764c6b0d747374c65cb38dc7b917de2cb9f7b1a2646232c20a1cb9569d8bed
leaf_spot_(146).jpg,Rhizome Disease Root00114.JPG,Dataset_01_jtttfbx342,Dataset_02_g46dvrcvwn,NEAR_DUPLICATE_PHASH,Hamming=8,8,Leaf_Spot,Rhizome_Disease_Roots,6c7b9517ac8fae26394e4e496d22df3a369d358d55800585c6019f0a2e10f24f,3a652734257559efc017044a527d4be6683a935a05e18c03b9115f80560df8be
leaf_spot_(146).jpg,Rhizome Healthy Root00004.JPG,Dataset_01_jtttfbx342,Dataset_02_g46dvrcvwn,NEAR_DUPLICATE_PHASH,Hamming=10,10,Leaf_Spot,Rhizome_Healthy_Roots,6c7b9517ac8fae26394e4e496d22df3a369d358d55800585c6019f0a2e10f24f,0a81762deb6bead8e1213dfbff560937557f7994efe3d47e0eff8a4da99c9839
leaf_spot_(146).jpg,Rhizome Healthy Root00005.JPG,Dataset_01_jtttfbx342,Dataset_02_g46dvrcvwn,NEAR_DUPLICATE_PHASH,Hamming=8,8,Leaf_Spot,Rhizome_Healthy_Roots,6c7b9517ac8fae26394e4e496d22df3a369d358d55800585c6019f0a2e10f24f,02920aea4176a0ea323a01f02ab035392b319a65c8f7716836b65d21ee084010
leaf_spot_(146).jpg,Rhizome Healthy Root00198.JPG,Dataset_01_jtttfbx342,Dataset_02_g46dvrcvwn,NEAR_DUPLICATE_PHASH,Hamming=10,10,Leaf_Spot,Rhizome_Healthy_Roots,6c7b9517ac8fae26394e4e496d22df3a369d358d55800585c6019f0a2e10f24f,dcd362ff05f693cd0d5729594d6880236cf0b71b68820e3fd5f3d65483ccde1a
leaf_spot_(146).jpg,Rhizome Healthy Root00232.JPG,Dataset_01_jtttfbx342,Dataset_02_g46dvrcvwn,NEAR_DUPLICATE_PHASH,Hamming=10,10,Leaf_Spot,Rhizome_Healthy_Roots,6c7b9517ac8fae26394e4e496d22df3a369d358d55800585c6019f0a2e10f24f,bc937e060206b7ac479f3eee51788f6e75bc98567118a529ef1b20784b1f366c
leaf_spot_(59).jpg,Dry Leaf00049.JPG,Dataset_01_jtttfbx342,Dataset_02_g46dvrcvwn,NEAR_DUPLICATE_PHASH,Hamming=10,10,Leaf_Spot,Dry_Leaf,4519019366fb966d53c93e56368053e5e0711b1db062bf2cdf6349068df1c228,319d981af9df48246c86314c43f6489c9b8020dccdf45288eeeeef33f9cce8ad
leaf_spot_(59).jpg,Rhizome Disease Root00011.JPG,Dataset_01_jtttfbx342,Dataset_02_g46dvrcvwn,NEAR_DUPLICATE_PHASH,Hamming=10,10,Leaf_Spot,Rhizome_Disease_Roots,4519019366fb966d53c93e56368053e5e0711b1db062bf2cdf6349068df1c228,9e5b456e10edce65aab601b2f8131f40d6819965e444da5f3f857d82317bfae2
leaf_spot_(58).jpg,Dry Leaf00049.JPG,Dataset_01_jtttfbx342,Dataset_02_g46dvrcvwn,NEAR_DUPLICATE_PHASH,Hamming=4,4,Leaf_Spot,Dry_Leaf,a9d49726d059c9fc910c525a49a2579517f3b018ba72c32492a2abd2483a477e,319d981af9df48246c86314c43f6489c9b8020dccdf45288eeeeef33f9cce8ad
leaf_spot_(6).jpg,Dry Leaf00046.JPG,Dataset_01_jtttfbx342,Dataset_02_g46dvrcvwn,NEAR_DUPLICATE_PHASH,Hamming=10,10,Leaf_Spot,Dry_Leaf,edb7ec2b8501d625b8adf58b4a5db761cf162abc6cc1f6f3e3f4480581cdf257,384058d51292ecb2f5be2d5707461e9c11ca60ffd9ab8343b6f84ec535e5558b
leaf_spot_(6).jpg,Dry Leaf00049.JPG,Dataset_01_jtttfbx342,Dataset_02_g46dvrcvwn,NEAR_DUPLICATE_PHASH,Hamming=8,8,Leaf_Spot,Dry_Leaf,edb7ec2b8501d625b8adf58b4a5db761cf162abc6cc1f6f3e3f4480581cdf257,319d981af9df48246c86314c43f6489c9b8020dccdf45288eeeeef33f9cce8ad
leaf_spot_(6).jpg,Leaf Blotch00083.JPG,Dataset_01_jtttfbx342,Dataset_02_g46dvrcvwn,NEAR_DUPLICATE_PHASH,Hamming=10,10,Leaf_Spot,Leaf_Blotch,edb7ec2b8501d625b8adf58b4a5db761cf162abc6cc1f6f3e3f4480581cdf257,948d6e2d7d31ebcfa4bfb8ced4fa769fb06b0612161664c615fa4be8bfed303b
leaf_spot_(6).jpg,Rhizome Disease Root00011.JPG,Dataset_01_jtttfbx342,Dataset_02_g46dvrcvwn,NEAR_DUPLICATE_PHASH,Hamming=8,8,Leaf_Spot,Rhizome_Disease_Roots,edb7ec2b8501d625b8adf58b4a5db761cf162abc6cc1f6f3e3f4480581cdf257,9e5b456e10edce65aab601b2f8131f40d6819965e444da5f3f857d82317bfae2
leaf_spot_(6).jpg,Rhizome Disease Root00020.JPG,Dataset_01_jtttfbx342,Dataset_02_g46dvrcvwn,NEAR_DUPLICATE_PHASH,Hamming=8,8,Leaf_Spot,Rhizome_Disease_Roots,edb7ec2b8501d625b8adf58b4a5db761cf162abc6cc1f6f3e3f4480581cdf257,c07823be8a3a62bb5183427f4f5e76d24913cbadcc40e6a4cf0a8729f3a3ab22
leaf_spot_(6).jpg,Rhizome Disease Root00028.JPG,Dataset_01_jtttfbx342,Dataset_02_g46dvrcvwn,NEAR_DUPLICATE_PHASH,Hamming=9,9,Leaf_Spot,Rhizome_Disease_Roots,edb7ec2b8501d625b8adf58b4a5db761cf162abc6cc1f6f3e3f4480581cdf257,09971cb9908c8b32091b30bea37f7116445acb82da1bcb375b12461587956150
leaf_spot_(61).jpg,Dry Leaf00049.JPG,Dataset_01_jtttfbx342,Dataset_02_g46dvrcvwn,NEAR_DUPLICATE_PHASH,Hamming=3,3,Leaf_Spot,Dry_Leaf,5e8c53804a059aad2f0032416873635efab167c987534c48c3cf807813fb37a4,319d981af9df48246c86314c43f6489c9b8020dccdf45288eeeeef33f9cce8ad
leaf_spot_(60).jpg,Dry Leaf00049.JPG,Dataset_01_jtttfbx342,Dataset_02_g46dvrcvwn,NEAR_DUPLICATE_PHASH,Hamming=7,7,Leaf_Spot,Dry_Leaf,9ce5c88648c049b04125469117173a13c5915123838af0b2ae886552ad5f0634,319d981af9df48246c86314c43f6489c9b8020dccdf45288eeeeef33f9cce8ad
leaf_spot_(63).jpg,Rhizome Healthy Root00102.JPG,Dataset_01_jtttfbx342,Dataset_02_g46dvrcvwn,NEAR_DUPLICATE_PHASH,Hamming=10,10,Leaf_Spot,Rhizome_Healthy_Roots,6477dd0d1ed7e144ac40921ceafbfabbde0f36c0b7e036d20d448fec8e2b84de,42ed63fbc1a84d627ef27ec356342cf7d62182b1cfb585f9cbc082ed88702993
leaf_spot_(63).jpg,Rhizome Healthy Root00103.JPG,Dataset_01_jtttfbx342,Dataset_02_g46dvrcvwn,NEAR_DUPLICATE_PHASH,Hamming=10,10,Leaf_Spot,Rhizome_Healthy_Roots,6477dd0d1ed7e144ac40921ceafbfabbde0f36c0b7e036d20d448fec8e2b84de,1a182a290d5ec92d08bc0bb7826ce7992966ad9ac025b6731f8d48f1b0071cec
leaf_spot_(63).jpg,Rhizome Healthy Root00232.JPG,Dataset_01_jtttfbx342,Dataset_02_g46dvrcvwn,NEAR_DUPLICATE_PHASH,Hamming=9,9,Leaf_Spot,Rhizome_Healthy_Roots,6477dd0d1ed7e144ac40921ceafbfabbde0f36c0b7e036d20d448fec8e2b84de,bc937e060206b7ac479f3eee51788f6e75bc98567118a529ef1b20784b1f366c
leaf_spot_(64).jpg,Dry Leaf00021.JPG,Dataset_01_jtttfbx342,Dataset_02_g46dvrcvwn,NEAR_DUPLICATE_PHASH,Hamming=9,9,Leaf_Spot,Dry_Leaf,9e806acb33f97a54eccc4314d6e5d9a120b25f6ce3d3710efdcb0d02037e24d9,80b07af320ce31e8a146fc8c36d40920359a994dbb7ce32c5c787d0e269bb363
leaf_spot_(64).jpg,Leaf Blotch00005.JPG,Dataset_01_jtttfbx342,Dataset_02_g46dvrcvwn,NEAR_DUPLICATE_PHASH,Hamming=10,10,Leaf_Spot,Leaf_Blotch,9e806acb33f97a54eccc4314d6e5d9a120b25f6ce3d3710efdcb0d02037e24d9,b5226d7c1649a14108ea4d4cb07f7891e66ce892f3f25536e7c1e20665c8d718
leaf_spot_(64).jpg,Rhizome Disease Root00004.JPG,Dataset_01_jtttfbx342,Dataset_02_g46dvrcvwn,NEAR_DUPLICATE_PHASH,Hamming=10,10,Leaf_Spot,Rhizome_Disease_Roots,9e806acb33f97a54eccc4314d6e5d9a120b25f6ce3d3710efdcb0d02037e24d9,6f6e64319c0d1bab197b171a1f9a7efdec00a918a246926057b9e33d25fb5eee
leaf_spot_(64).jpg,Rhizome Disease Root00114.JPG,Dataset_01_jtttfbx342,Dataset_02_g46dvrcvwn,NEAR_DUPLICATE_PHASH,Hamming=8,8,Leaf_Spot,Rhizome_Disease_Roots,9e806acb33f97a54eccc4314d6e5d9a120b25f6ce3d3710efdcb0d02037e24d9,3a652734257559efc017044a527d4be6683a935a05e18c03b9115f80560df8be
leaf_spot_(64).jpg,Rhizome Disease Root00176.JPG,Dataset_01_jtttfbx342,Dataset_02_g46dvrcvwn,NEAR_DUPLICATE_PHASH,Hamming=10,10,Leaf_Spot,Rhizome_Disease_Roots,9e806acb33f97a54eccc4314d6e5d9a120b25f6ce3d3710efdcb0d02037e24d9,4f668ea4799377a46be43218163c55f7774abdc0b33fc941041410a16945444d
leaf_spot_(64).jpg,Rhizome Healthy Root00104.JPG,Dataset_01_jtttfbx342,Dataset_02_g46dvrcvwn,NEAR_DUPLICATE_PHASH,Hamming=10,10,Leaf_Spot,Rhizome_Healthy_Roots,9e806acb33f97a54eccc4314d6e5d9a120b25f6ce3d3710efdcb0d02037e24d9,c6e84c358fef466d5d651d6badc72f487938a8971667c64a8b9cd6ba4e2a15f6
leaf_spot_(64).jpg,Rhizome Healthy Root00170.JPG,Dataset_01_jtttfbx342,Dataset_02_g46dvrcvwn,NEAR_DUPLICATE_PHASH,Hamming=10,10,Leaf_Spot,Rhizome_Healthy_Roots,9e806acb33f97a54eccc4314d6e5d9a120b25f6ce3d3710efdcb0d02037e24d9,0bd4445ddc953c49186ebd7e4646ec0ac242195b69554e1f227ba131cf802d63
leaf_spot_(64).jpg,Rhizome Healthy Root00171.JPG,Dataset_01_jtttfbx342,Dataset_02_g46dvrcvwn,NEAR_DUPLICATE_PHASH,Hamming=10,10,Leaf_Spot,Rhizome_Healthy_Roots,9e806acb33f97a54eccc4314d6e5d9a120b25f6ce3d3710efdcb0d02037e24d9,fcad9f22937f50f0a2d974e0e70b60ac1f80460bbd9d1193f7a7cd7959e310d1
leaf_spot_(64).jpg,Rhizome Healthy Root00172.JPG,Dataset_01_jtttfbx342,Dataset_02_g46dvrcvwn,NEAR_DUPLICATE_PHASH,Hamming=10,10,Leaf_Spot,Rhizome_Healthy_Roots,9e806acb33f97a54eccc4314d6e5d9a120b25f6ce3d3710efdcb0d02037e24d9,edc68d95029d0702c151bb55825e48a559a18eea52be340a7c48f1729cca08f7
leaf_spot_(64).jpg,Rhizome Healthy Root00173.JPG,Dataset_01_jtttfbx342,Dataset_02_g46dvrcvwn,NEAR_DUPLICATE_PHASH,Hamming=10,10,Leaf_Spot,Rhizome_Healthy_Roots,9e806acb33f97a54eccc4314d6e5d9a120b25f6ce3d3710efdcb0d02037e24d9,47706a04449487505eb6bf9354a9d3c333c42c724b6c84d4da898ebb31e14afd
leaf_spot_(64).jpg,Rhizome Healthy Root00232.JPG,Dataset_01_jtttfbx342,Dataset_02_g46dvrcvwn,NEAR_DUPLICATE_PHASH,Hamming=10,10,Leaf_Spot,Rhizome_Healthy_Roots,9e806acb33f97a54eccc4314d6e5d9a120b25f6ce3d3710efdcb0d02037e24d9,bc937e060206b7ac479f3eee51788f6e75bc98567118a529ef1b20784b1f366c
leaf_spot_(67).jpg,Dry Leaf00131.JPG,Dataset_01_jtttfbx342,Dataset_02_g46dvrcvwn,NEAR_DUPLICATE_PHASH,Hamming=10,10,Leaf_Spot,Dry_Leaf,53e9435d92e6ab01c0a4cd3a5f27626449055ea27c0aec0c1ee65e8b03d3bbbd,5d4c316a9b661303adaa934b238fde8158ea2b540bddbac7a7aea465bf45b0d8
leaf_spot_(67).jpg,Dry Leaf00132.JPG,Dataset_01_jtttfbx342,Dataset_02_g46dvrcvwn,NEAR_DUPLICATE_PHASH,Hamming=10,10,Leaf_Spot,Dry_Leaf,53e9435d92e6ab01c0a4cd3a5f27626449055ea27c0aec0c1ee65e8b03d3bbbd,6ad1984ab2f5869d796580739ddc3fde3e5a24608a21d4b99e04304fa8f4d850
leaf_spot_(67).jpg,Dry Leaf00166.JPG,Dataset_01_jtttfbx342,Dataset_02_g46dvrcvwn,NEAR_DUPLICATE_PHASH,Hamming=9,9,Leaf_Spot,Dry_Leaf,53e9435d92e6ab01c0a4cd3a5f27626449055ea27c0aec0c1ee65e8b03d3bbbd,341e4a4b2a7b5c4078cf6a0572b646c20b9ff7c3f84cebb8f4ac7c43a462eff0
leaf_spot_(67).jpg,Dry Leaf00183.JPG,Dataset_01_jtttfbx342,Dataset_02_g46dvrcvwn,NEAR_DUPLICATE_PHASH,Hamming=9,9,Leaf_Spot,Dry_Leaf,53e9435d92e6ab01c0a4cd3a5f27626449055ea27c0aec0c1ee65e8b03d3bbbd,6c977e13b65a6bd5c7bedbf38061458669ae4c4c1095f287f17fa0c76c892336
leaf_spot_(68).jpg,Dry Leaf00082.JPG,Dataset_01_jtttfbx342,Dataset_02_g46dvrcvwn,NEAR_DUPLICATE_PHASH,Hamming=6,6,Leaf_Spot,Dry_Leaf,2823bef80d4ca2caa45bebd0a713cce57cd227d1b3893b9039a8131b60ad834d,0fef36b29f2c7149a46f1781d1a4edbd110d22d5b39a80b27eba7248551a7943
leaf_spot_(68).jpg,Dry Leaf00103.JPG,Dataset_01_jtttfbx342,Dataset_02_g46dvrcvwn,NEAR_DUPLICATE_PHASH,Hamming=10,10,Leaf_Spot,Dry_Leaf,2823bef80d4ca2caa45bebd0a713cce57cd227d1b3893b9039a8131b60ad834d,bbfb3df38cb3490b790738984ea414551d8babc594859e0349b9edea546188c8
leaf_spot_(68).jpg,Dry Leaf00122.JPG,Dataset_01_jtttfbx342,Dataset_02_g46dvrcvwn,NEAR_DUPLICATE_PHASH,Hamming=10,10,Leaf_Spot,Dry_Leaf,2823bef80d4ca2caa45bebd0a713cce57cd227d1b3893b9039a8131b60ad834d,f4c98e627b86f34d545dfa70f914b5a3482f9dac29e37e4277a46b7a042753b4
leaf_spot_(68).jpg,Dry Leaf00143.JPG,Dataset_01_jtttfbx342,Dataset_02_g46dvrcvwn,NEAR_DUPLICATE_PHASH,Hamming=6,6,Leaf_Spot,Dry_Leaf,2823bef80d4ca2caa45bebd0a713cce57cd227d1b3893b9039a8131b60ad834d,264aaf55af985e2d563adbfe4338e6d7666deb78327e547e536cc5a3f2933d56
leaf_spot_(68).jpg,Leaf Blotch00004.JPG,Dataset_01_jtttfbx342,Dataset_02_g46dvrcvwn,NEAR_DUPLICATE_PHASH,Hamming=10,10,Leaf_Spot,Leaf_Blotch,2823bef80d4ca2caa45bebd0a713cce57cd227d1b3893b9039a8131b60ad834d,a96b36433507af73e39df1d2ad9989e773b79c0d27ae1ebfbf5ecc18de823a07
leaf_spot_(68).jpg,Rhizome Disease Root00114.JPG,Dataset_01_jtttfbx342,Dataset_02_g46dvrcvwn,NEAR_DUPLICATE_PHASH,Hamming=9,9,Leaf_Spot,Rhizome_Disease_Roots,2823bef80d4ca2caa45bebd0a713cce57cd227d1b3893b9039a8131b60ad834d,3a652734257559efc017044a527d4be6683a935a05e18c03b9115f80560df8be
leaf_spot_(68).jpg,Rhizome Disease Root00177.JPG,Dataset_01_jtttfbx342,Dataset_02_g46dvrcvwn,NEAR_DUPLICATE_PHASH,Hamming=9,9,Leaf_Spot,Rhizome_Disease_Roots,2823bef80d4ca2caa45bebd0a713cce57cd227d1b3893b9039a8131b60ad834d,276b2fbf8fb4aa22e2e4620de638eae23b77e0cdd258724c9381c92bbe0b0c0d
leaf_spot_(68).jpg,Rhizome Healthy Root00029.JPG,Dataset_01_jtttfbx342,Dataset_02_g46dvrcvwn,NEAR_DUPLICATE_PHASH,Hamming=10,10,Leaf_Spot,Rhizome_Healthy_Roots,2823bef80d4ca2caa45bebd0a713cce57cd227d1b3893b9039a8131b60ad834d,3835df92135db2ba80f4dc67dd51d4ab10db2fd18fa835a53280dd4318d1c91a
leaf_spot_(68).jpg,Rhizome Healthy Root00030.JPG,Dataset_01_jtttfbx342,Dataset_02_g46dvrcvwn,NEAR_DUPLICATE_PHASH,Hamming=10,10,Leaf_Spot,Rhizome_Healthy_Roots,2823bef80d4ca2caa45bebd0a713cce57cd227d1b3893b9039a8131b60ad834d,5ce7923d7a7e7b4bd048f205c90e9a9a8d400d2fd8cf48fec15ac85b74cc3468
leaf_spot_(68).jpg,Rhizome Healthy Root00031.JPG,Dataset_01_jtttfbx342,Dataset_02_g46dvrcvwn,NEAR_DUPLICATE_PHASH,Hamming=10,10,Leaf_Spot,Rhizome_Healthy_Roots,2823bef80d4ca2caa45bebd0a713cce57cd227d1b3893b9039a8131b60ad834d,be1d95036007d6dc54776a298c8ed737b1c2ae0a0b8d9720d368b6fd64dfef46
leaf_spot_(68).jpg,Rhizome Healthy Root00106.JPG,Dataset_01_jtttfbx342,Dataset_02_g46dvrcvwn,NEAR_DUPLICATE_PHASH,Hamming=10,10,Leaf_Spot,Rhizome_Healthy_Roots,2823bef80d4ca2caa45bebd0a713cce57cd227d1b3893b9039a8131b60ad834d,792099df3f2fb91a62d25fc739635a820e6c5be3fb678f74f5b5b0d40f2c3209
leaf_spot_(68).jpg,Rhizome Healthy Root00302.JPG,Dataset_01_jtttfbx342,Dataset_02_g46dvrcvwn,NEAR_DUPLICATE_PHASH,Hamming=10,10,Leaf_Spot,Rhizome_Healthy_Roots,2823bef80d4ca2caa45bebd0a713cce57cd227d1b3893b9039a8131b60ad834d,1b056c0bec593d0fb2c3b1ab4b9d24f80ed054d4ea4c181663cd9794f0288604
leaf_spot_(69).jpg,Dry Leaf00082.JPG,Dataset_01_jtttfbx342,Dataset_02_g46dvrcvwn,NEAR_DUPLICATE_PHASH,Hamming=10,10,Leaf_Spot,Dry_Leaf,4a02bf0efa9fdb9f2d75a02d3dc051e0739129d78cfcd1fb118cd3a0cd021699,0fef36b29f2c7149a46f1781d1a4edbd110d22d5b39a80b27eba7248551a7943
leaf_spot_(69).jpg,Dry Leaf00122.JPG,Dataset_01_jtttfbx342,Dataset_02_g46dvrcvwn,NEAR_DUPLICATE_PHASH,Hamming=10,10,Leaf_Spot,Dry_Leaf,4a02bf0efa9fdb9f2d75a02d3dc051e0739129d78cfcd1fb118cd3a0cd021699,f4c98e627b86f34d545dfa70f914b5a3482f9dac29e37e4277a46b7a042753b4
leaf_spot_(69).jpg,Rhizome Disease Root00114.JPG,Dataset_01_jtttfbx342,Dataset_02_g46dvrcvwn,NEAR_DUPLICATE_PHASH,Hamming=9,9,Leaf_Spot,Rhizome_Disease_Roots,4a02bf0efa9fdb9f2d75a02d3dc051e0739129d78cfcd1fb118cd3a0cd021699,3a652734257559efc017044a527d4be6683a935a05e18c03b9115f80560df8be
leaf_spot_(69).jpg,Rhizome Healthy Root00102.JPG,Dataset_01_jtttfbx342,Dataset_02_g46dvrcvwn,NEAR_DUPLICATE_PHASH,Hamming=10,10,Leaf_Spot,Rhizome_Healthy_Roots,4a02bf0efa9fdb9f2d75a02d3dc051e0739129d78cfcd1fb118cd3a0cd021699,42ed63fbc1a84d627ef27ec356342cf7d62182b1cfb585f9cbc082ed88702993
leaf_spot_(69).jpg,Rhizome Healthy Root00103.JPG,Dataset_01_jtttfbx342,Dataset_02_g46dvrcvwn,NEAR_DUPLICATE_PHASH,Hamming=10,10,Leaf_Spot,Rhizome_Healthy_Roots,4a02bf0efa9fdb9f2d75a02d3dc051e0739129d78cfcd1fb118cd3a0cd021699,1a182a290d5ec92d08bc0bb7826ce7992966ad9ac025b6731f8d48f1b0071cec
leaf_spot_(69).jpg,Rhizome Healthy Root00302.JPG,Dataset_01_jtttfbx342,Dataset_02_g46dvrcvwn,NEAR_DUPLICATE_PHASH,Hamming=10,10,Leaf_Spot,Rhizome_Healthy_Roots,4a02bf0efa9fdb9f2d75a02d3dc051e0739129d78cfcd1fb118cd3a0cd021699,1b056c0bec593d0fb2c3b1ab4b9d24f80ed054d4ea4c181663cd9794f0288604
leaf_spot_(70).jpg,Dry Leaf00082.JPG,Dataset_01_jtttfbx342,Dataset_02_g46dvrcvwn,NEAR_DUPLICATE_PHASH,Hamming=10,10,Leaf_Spot,Dry_Leaf,e18e91218a62daf1b1a451753241b7071d2c8a01905246e7ba4aa103d81e183c,0fef36b29f2c7149a46f1781d1a4edbd110d22d5b39a80b27eba7248551a7943
leaf_spot_(70).jpg,Dry Leaf00122.JPG,Dataset_01_jtttfbx342,Dataset_02_g46dvrcvwn,NEAR_DUPLICATE_PHASH,Hamming=10,10,Leaf_Spot,Dry_Leaf,e18e91218a62daf1b1a451753241b7071d2c8a01905246e7ba4aa103d81e183c,f4c98e627b86f34d545dfa70f914b5a3482f9dac29e37e4277a46b7a042753b4
leaf_spot_(70).jpg,Dry Leaf00143.JPG,Dataset_01_jtttfbx342,Dataset_02_g46dvrcvwn,NEAR_DUPLICATE_PHASH,Hamming=10,10,Leaf_Spot,Dry_Leaf,e18e91218a62daf1b1a451753241b7071d2c8a01905246e7ba4aa103d81e183c,264aaf55af985e2d563adbfe4338e6d7666deb78327e547e536cc5a3f2933d56
leaf_spot_(70).jpg,Leaf Blotch00004.JPG,Dataset_01_jtttfbx342,Dataset_02_g46dvrcvwn,NEAR_DUPLICATE_PHASH,Hamming=10,10,Leaf_Spot,Leaf_Blotch,e18e91218a62daf1b1a451753241b7071d2c8a01905246e7ba4aa103d81e183c,a96b36433507af73e39df1d2ad9989e773b79c0d27ae1ebfbf5ecc18de823a07
leaf_spot_(70).jpg,Leaf Blotch00005.JPG,Dataset_01_jtttfbx342,Dataset_02_g46dvrcvwn,NEAR_DUPLICATE_PHASH,Hamming=9,9,Leaf_Spot,Leaf_Blotch,e18e91218a62daf1b1a451753241b7071d2c8a01905246e7ba4aa103d81e183c,b5226d7c1649a14108ea4d4cb07f7891e66ce892f3f25536e7c1e20665c8d718
leaf_spot_(70).jpg,Leaf Blotch00008.JPG,Dataset_01_jtttfbx342,Dataset_02_g46dvrcvwn,NEAR_DUPLICATE_PHASH,Hamming=10,10,Leaf_Spot,Leaf_Blotch,e18e91218a62daf1b1a451753241b7071d2c8a01905246e7ba4aa103d81e183c,c8bc1c36431f8bba388e437313476fdb6e489866cef23a0f4993352654de43ea
leaf_spot_(70).jpg,Leaf Blotch00010.JPG,Dataset_01_jtttfbx342,Dataset_02_g46dvrcvwn,NEAR_DUPLICATE_PHASH,Hamming=10,10,Leaf_Spot,Leaf_Blotch,e18e91218a62daf1b1a451753241b7071d2c8a01905246e7ba4aa103d81e183c,3197e2822de599021d133b9768cc32b77177d96d791f65244880d4b84c54b147
leaf_spot_(70).jpg,Rhizome Disease Root00004.JPG,Dataset_01_jtttfbx342,Dataset_02_g46dvrcvwn,NEAR_DUPLICATE_PHASH,Hamming=9,9,Leaf_Spot,Rhizome_Disease_Roots,e18e91218a62daf1b1a451753241b7071d2c8a01905246e7ba4aa103d81e183c,6f6e64319c0d1bab197b171a1f9a7efdec00a918a246926057b9e33d25fb5eee
leaf_spot_(70).jpg,Rhizome Disease Root00031.JPG,Dataset_01_jtttfbx342,Dataset_02_g46dvrcvwn,NEAR_DUPLICATE_PHASH,Hamming=9,9,Leaf_Spot,Rhizome_Disease_Roots,e18e91218a62daf1b1a451753241b7071d2c8a01905246e7ba4aa103d81e183c,dedf2d9306dfb93c43063f67c4400508fe0bb5a6138b865bc0149e9e0602865b
leaf_spot_(70).jpg,Rhizome Disease Root00106.JPG,Dataset_01_jtttfbx342,Dataset_02_g46dvrcvwn,NEAR_DUPLICATE_PHASH,Hamming=10,10,Leaf_Spot,Rhizome_Disease_Roots,e18e91218a62daf1b1a451753241b7071d2c8a01905246e7ba4aa103d81e183c,609c39bc0b9a56b920bde2aa77eca2b1a4d2b155b15a4ed010ead5dc7e8bcb35
leaf_spot_(70).jpg,Rhizome Disease Root00114.JPG,Dataset_01_jtttfbx342,Dataset_02_g46dvrcvwn,NEAR_DUPLICATE_PHASH,Hamming=7,7,Leaf_Spot,Rhizome_Disease_Roots,e18e91218a62daf1b1a451753241b7071d2c8a01905246e7ba4aa103d81e183c,3a652734257559efc017044a527d4be6683a935a05e18c03b9115f80560df8be
leaf_spot_(70).jpg,Rhizome Healthy Root00029.JPG,Dataset_01_jtttfbx342,Dataset_02_g46dvrcvwn,NEAR_DUPLICATE_PHASH,Hamming=10,10,Leaf_Spot,Rhizome_Healthy_Roots,e18e91218a62daf1b1a451753241b7071d2c8a01905246e7ba4aa103d81e183c,3835df92135db2ba80f4dc67dd51d4ab10db2fd18fa835a53280dd4318d1c91a
leaf_spot_(70).jpg,Rhizome Healthy Root00030.JPG,Dataset_01_jtttfbx342,Dataset_02_g46dvrcvwn,NEAR_DUPLICATE_PHASH,Hamming=10,10,Leaf_Spot,Rhizome_Healthy_Roots,e18e91218a62daf1b1a451753241b7071d2c8a01905246e7ba4aa103d81e183c,5ce7923d7a7e7b4bd048f205c90e9a9a8d400d2fd8cf48fec15ac85b74cc3468
leaf_spot_(70).jpg,Rhizome Healthy Root00031.JPG,Dataset_01_jtttfbx342,Dataset_02_g46dvrcvwn,NEAR_DUPLICATE_PHASH,Hamming=10,10,Leaf_Spot,Rhizome_Healthy_Roots,e18e91218a62daf1b1a451753241b7071d2c8a01905246e7ba4aa103d81e183c,be1d95036007d6dc54776a298c8ed737b1c2ae0a0b8d9720d368b6fd64dfef46
leaf_spot_(70).jpg,Rhizome Healthy Root00106.JPG,Dataset_01_jtttfbx342,Dataset_02_g46dvrcvwn,NEAR_DUPLICATE_PHASH,Hamming=10,10,Leaf_Spot,Rhizome_Healthy_Roots,e18e91218a62daf1b1a451753241b7071d2c8a01905246e7ba4aa103d81e183c,792099df3f2fb91a62d25fc739635a820e6c5be3fb678f74f5b5b0d40f2c3209
leaf_spot_(70).jpg,Rhizome Healthy Root00197.JPG,Dataset_01_jtttfbx342,Dataset_02_g46dvrcvwn,NEAR_DUPLICATE_PHASH,Hamming=10,10,Leaf_Spot,Rhizome_Healthy_Roots,e18e91218a62daf1b1a451753241b7071d2c8a01905246e7ba4aa103d81e183c,a80da83064e1b58fe8d6e41c454b32d0a111e01d0d2fbe1b50a6d5303b8cf8cb
leaf_spot_(70).jpg,Rhizome Healthy Root00198.JPG,Dataset_01_jtttfbx342,Dataset_02_g46dvrcvwn,NEAR_DUPLICATE_PHASH,Hamming=9,9,Leaf_Spot,Rhizome_Healthy_Roots,e18e91218a62daf1b1a451753241b7071d2c8a01905246e7ba4aa103d81e183c,dcd362ff05f693cd0d5729594d6880236cf0b71b68820e3fd5f3d65483ccde1a
leaf_spot_(70).jpg,Rhizome Healthy Root00292.JPG,Dataset_01_jtttfbx342,Dataset_02_g46dvrcvwn,NEAR_DUPLICATE_PHASH,Hamming=10,10,Leaf_Spot,Rhizome_Healthy_Roots,e18e91218a62daf1b1a451753241b7071d2c8a01905246e7ba4aa103d81e183c,0fcf7b1826e15adbff0cc25cb6b499e297fc3cfcf6d0ea3c400f0ba34ca9f4c5
leaf_spot_(70).jpg,Rhizome Healthy Root00298.JPG,Dataset_01_jtttfbx342,Dataset_02_g46dvrcvwn,NEAR_DUPLICATE_PHASH,Hamming=9,9,Leaf_Spot,Rhizome_Healthy_Roots,e18e91218a62daf1b1a451753241b7071d2c8a01905246e7ba4aa103d81e183c,2783c1890cd370aeaac62205f04cd2f8e6dbd23c5f0a56b5e3406893bed3c47f
leaf_spot_(70).jpg,Rhizome Healthy Root00302.JPG,Dataset_01_jtttfbx342,Dataset_02_g46dvrcvwn,NEAR_DUPLICATE_PHASH,Hamming=8,8,Leaf_Spot,Rhizome_Healthy_Roots,e18e91218a62daf1b1a451753241b7071d2c8a01905246e7ba4aa103d81e183c,1b056c0bec593d0fb2c3b1ab4b9d24f80ed054d4ea4c181663cd9794f0288604
leaf_spot_(70).jpg,Rhizome Healthy Root00303.JPG,Dataset_01_jtttfbx342,Dataset_02_g46dvrcvwn,NEAR_DUPLICATE_PHASH,Hamming=9,9,Leaf_Spot,Rhizome_Healthy_Roots,e18e91218a62daf1b1a451753241b7071d2c8a01905246e7ba4aa103d81e183c,67b3e63120ef420e06cb311a4b97a1c1cb953fa026bae3e4e864d26264f1d837
leaf_spot_(71).jpg,Dry Leaf00082.JPG,Dataset_01_jtttfbx342,Dataset_02_g46dvrcvwn,NEAR_DUPLICATE_PHASH,Hamming=9,9,Leaf_Spot,Dry_Leaf,41e314c43c24e023e890fa186f289bcfd394c7b91851a855d7322138621df3e9,0fef36b29f2c7149a46f1781d1a4edbd110d22d5b39a80b27eba7248551a7943
leaf_spot_(71).jpg,Dry Leaf00143.JPG,Dataset_01_jtttfbx342,Dataset_02_g46dvrcvwn,NEAR_DUPLICATE_PHASH,Hamming=9,9,Leaf_Spot,Dry_Leaf,41e314c43c24e023e890fa186f289bcfd394c7b91851a855d7322138621df3e9,264aaf55af985e2d563adbfe4338e6d7666deb78327e547e536cc5a3f2933d56
leaf_spot_(72).jpg,Dry Leaf00082.JPG,Dataset_01_jtttfbx342,Dataset_02_g46dvrcvwn,NEAR_DUPLICATE_PHASH,Hamming=7,7,Leaf_Spot,Dry_Leaf,ceea04b51494c9b00db56cc4cbe1a4dc06d6764a8abcbdae748ba8cd9faa9cfc,0fef36b29f2c7149a46f1781d1a4edbd110d22d5b39a80b27eba7248551a7943
leaf_spot_(72).jpg,Dry Leaf00106.JPG,Dataset_01_jtttfbx342,Dataset_02_g46dvrcvwn,NEAR_DUPLICATE_PHASH,Hamming=10,10,Leaf_Spot,Dry_Leaf,ceea04b51494c9b00db56cc4cbe1a4dc06d6764a8abcbdae748ba8cd9faa9cfc,bf51d86e769f79565126a609d7663982a5939e707036279be63053b07f71726b
leaf_spot_(72).jpg,Dry Leaf00143.JPG,Dataset_01_jtttfbx342,Dataset_02_g46dvrcvwn,NEAR_DUPLICATE_PHASH,Hamming=9,9,Leaf_Spot,Dry_Leaf,ceea04b51494c9b00db56cc4cbe1a4dc06d6764a8abcbdae748ba8cd9faa9cfc,264aaf55af985e2d563adbfe4338e6d7666deb78327e547e536cc5a3f2933d56
leaf_spot_(74).jpg,Dry Leaf00049.JPG,Dataset_01_jtttfbx342,Dataset_02_g46dvrcvwn,NEAR_DUPLICATE_PHASH,Hamming=8,8,Leaf_Spot,Dry_Leaf,08039ad22abb5be6e7faf43257424503fd4074fe463237422fb2a21ef4c02c84,319d981af9df48246c86314c43f6489c9b8020dccdf45288eeeeef33f9cce8ad
leaf_spot_(75).jpg,Dry Leaf00082.JPG,Dataset_01_jtttfbx342,Dataset_02_g46dvrcvwn,NEAR_DUPLICATE_PHASH,Hamming=8,8,Leaf_Spot,Dry_Leaf,025ad6440ec0541b24c4ccd69f221713b17acbb802743360207aec225e6323ef,0fef36b29f2c7149a46f1781d1a4edbd110d22d5b39a80b27eba7248551a7943
leaf_spot_(75).jpg,Dry Leaf00143.JPG,Dataset_01_jtttfbx342,Dataset_02_g46dvrcvwn,NEAR_DUPLICATE_PHASH,Hamming=10,10,Leaf_Spot,Dry_Leaf,025ad6440ec0541b24c4ccd69f221713b17acbb802743360207aec225e6323ef,264aaf55af985e2d563adbfe4338e6d7666deb78327e547e536cc5a3f2933d56
leaf_spot_(75).jpg,Rhizome Healthy Root00029.JPG,Dataset_01_jtttfbx342,Dataset_02_g46dvrcvwn,NEAR_DUPLICATE_PHASH,Hamming=10,10,Leaf_Spot,Rhizome_Healthy_Roots,025ad6440ec0541b24c4ccd69f221713b17acbb802743360207aec225e6323ef,3835df92135db2ba80f4dc67dd51d4ab10db2fd18fa835a53280dd4318d1c91a
leaf_spot_(75).jpg,Rhizome Healthy Root00030.JPG,Dataset_01_jtttfbx342,Dataset_02_g46dvrcvwn,NEAR_DUPLICATE_PHASH,Hamming=10,10,Leaf_Spot,Rhizome_Healthy_Roots,025ad6440ec0541b24c4ccd69f221713b17acbb802743360207aec225e6323ef,5ce7923d7a7e7b4bd048f205c90e9a9a8d400d2fd8cf48fec15ac85b74cc3468
leaf_spot_(75).jpg,Rhizome Healthy Root00031.JPG,Dataset_01_jtttfbx342,Dataset_02_g46dvrcvwn,NEAR_DUPLICATE_PHASH,Hamming=10,10,Leaf_Spot,Rhizome_Healthy_Roots,025ad6440ec0541b24c4ccd69f221713b17acbb802743360207aec225e6323ef,be1d95036007d6dc54776a298c8ed737b1c2ae0a0b8d9720d368b6fd64dfef46
leaf_spot_(76).jpg,Dry Leaf00049.JPG,Dataset_01_jtttfbx342,Dataset_02_g46dvrcvwn,NEAR_DUPLICATE_PHASH,Hamming=9,9,Leaf_Spot,Dry_Leaf,612a3a374365783954327ed95953b3c45ae7649cf2cc73cf262ab4ffd5f13c69,319d981af9df48246c86314c43f6489c9b8020dccdf45288eeeeef33f9cce8ad
leaf_spot_(79).jpg,Dry Leaf00082.JPG,Dataset_01_jtttfbx342,Dataset_02_g46dvrcvwn,NEAR_DUPLICATE_PHASH,Hamming=9,9,Leaf_Spot,Dry_Leaf,cb8af5b255070a1009b307020657c239194d03b705262827f20ea86982cadd40,0fef36b29f2c7149a46f1781d1a4edbd110d22d5b39a80b27eba7248551a7943
leaf_spot_(79).jpg,Leaf Blotch00005.JPG,Dataset_01_jtttfbx342,Dataset_02_g46dvrcvwn,NEAR_DUPLICATE_PHASH,Hamming=10,10,Leaf_Spot,Leaf_Blotch,cb8af5b255070a1009b307020657c239194d03b705262827f20ea86982cadd40,b5226d7c1649a14108ea4d4cb07f7891e66ce892f3f25536e7c1e20665c8d718
leaf_spot_(79).jpg,Rhizome Disease Root00004.JPG,Dataset_01_jtttfbx342,Dataset_02_g46dvrcvwn,NEAR_DUPLICATE_PHASH,Hamming=10,10,Leaf_Spot,Rhizome_Disease_Roots,cb8af5b255070a1009b307020657c239194d03b705262827f20ea86982cadd40,6f6e64319c0d1bab197b171a1f9a7efdec00a918a246926057b9e33d25fb5eee
leaf_spot_(79).jpg,Rhizome Disease Root00108.JPG,Dataset_01_jtttfbx342,Dataset_02_g46dvrcvwn,NEAR_DUPLICATE_PHASH,Hamming=8,8,Leaf_Spot,Rhizome_Disease_Roots,cb8af5b255070a1009b307020657c239194d03b705262827f20ea86982cadd40,fa6b8eb8029c35c84b3dd6988ff45733a0cbc5ba5532d4c88d1db7643118aa4a
leaf_spot_(79).jpg,Rhizome Disease Root00109.JPG,Dataset_01_jtttfbx342,Dataset_02_g46dvrcvwn,NEAR_DUPLICATE_PHASH,Hamming=10,10,Leaf_Spot,Rhizome_Disease_Roots,cb8af5b255070a1009b307020657c239194d03b705262827f20ea86982cadd40,f0c627b63b768afb39ae808c03bc62bcc065f94fbbbfb48b32fec6d423d28a8d
leaf_spot_(79).jpg,Rhizome Disease Root00114.JPG,Dataset_01_jtttfbx342,Dataset_02_g46dvrcvwn,NEAR_DUPLICATE_PHASH,Hamming=8,8,Leaf_Spot,Rhizome_Disease_Roots,cb8af5b255070a1009b307020657c239194d03b705262827f20ea86982cadd40,3a652734257559efc017044a527d4be6683a935a05e18c03b9115f80560df8be
leaf_spot_(79).jpg,Rhizome Disease Root00122.JPG,Dataset_01_jtttfbx342,Dataset_02_g46dvrcvwn,NEAR_DUPLICATE_PHASH,Hamming=10,10,Leaf_Spot,Rhizome_Disease_Roots,cb8af5b255070a1009b307020657c239194d03b705262827f20ea86982cadd40,ee9ac8de7a3d02ea275700cbbd3b3a68a3ec4f5cb8d9bdd44a484d2076307258
leaf_spot_(79).jpg,Rhizome Disease Root00142.JPG,Dataset_01_jtttfbx342,Dataset_02_g46dvrcvwn,NEAR_DUPLICATE_PHASH,Hamming=10,10,Leaf_Spot,Rhizome_Disease_Roots,cb8af5b255070a1009b307020657c239194d03b705262827f20ea86982cadd40,023c744af8d4d739f8c54334ab3150d02fad1c29fb8ddd8db5fcb87a4ce7a6b7
leaf_spot_(79).jpg,Rhizome Healthy Root00005.JPG,Dataset_01_jtttfbx342,Dataset_02_g46dvrcvwn,NEAR_DUPLICATE_PHASH,Hamming=10,10,Leaf_Spot,Rhizome_Healthy_Roots,cb8af5b255070a1009b307020657c239194d03b705262827f20ea86982cadd40,02920aea4176a0ea323a01f02ab035392b319a65c8f7716836b65d21ee084010
leaf_spot_(79).jpg,Rhizome Healthy Root00024.JPG,Dataset_01_jtttfbx342,Dataset_02_g46dvrcvwn,NEAR_DUPLICATE_PHASH,Hamming=10,10,Leaf_Spot,Rhizome_Healthy_Roots,cb8af5b255070a1009b307020657c239194d03b705262827f20ea86982cadd40,aee3163751aae1c2194e061cc5be15c4ec5e2688c78c5e434db62615e22b0429
leaf_spot_(79).jpg,Rhizome Healthy Root00027.JPG,Dataset_01_jtttfbx342,Dataset_02_g46dvrcvwn,NEAR_DUPLICATE_PHASH,Hamming=10,10,Leaf_Spot,Rhizome_Healthy_Roots,cb8af5b255070a1009b307020657c239194d03b705262827f20ea86982cadd40,581455dd1795265737fcdb0c98151c8efd0e53c4bbdfed210adc16f86b63a000
leaf_spot_(79).jpg,Rhizome Healthy Root00029.JPG,Dataset_01_jtttfbx342,Dataset_02_g46dvrcvwn,NEAR_DUPLICATE_PHASH,Hamming=9,9,Leaf_Spot,Rhizome_Healthy_Roots,cb8af5b255070a1009b307020657c239194d03b705262827f20ea86982cadd40,3835df92135db2ba80f4dc67dd51d4ab10db2fd18fa835a53280dd4318d1c91a
leaf_spot_(79).jpg,Rhizome Healthy Root00030.JPG,Dataset_01_jtttfbx342,Dataset_02_g46dvrcvwn,NEAR_DUPLICATE_PHASH,Hamming=9,9,Leaf_Spot,Rhizome_Healthy_Roots,cb8af5b255070a1009b307020657c239194d03b705262827f20ea86982cadd40,5ce7923d7a7e7b4bd048f205c90e9a9a8d400d2fd8cf48fec15ac85b74cc3468
leaf_spot_(79).jpg,Rhizome Healthy Root00031.JPG,Dataset_01_jtttfbx342,Dataset_02_g46dvrcvwn,NEAR_DUPLICATE_PHASH,Hamming=9,9,Leaf_Spot,Rhizome_Healthy_Roots,cb8af5b255070a1009b307020657c239194d03b705262827f20ea86982cadd40,be1d95036007d6dc54776a298c8ed737b1c2ae0a0b8d9720d368b6fd64dfef46
leaf_spot_(79).jpg,Rhizome Healthy Root00104.JPG,Dataset_01_jtttfbx342,Dataset_02_g46dvrcvwn,NEAR_DUPLICATE_PHASH,Hamming=10,10,Leaf_Spot,Rhizome_Healthy_Roots,cb8af5b255070a1009b307020657c239194d03b705262827f20ea86982cadd40,c6e84c358fef466d5d651d6badc72f487938a8971667c64a8b9cd6ba4e2a15f6
leaf_spot_(79).jpg,Rhizome Healthy Root00258.JPG,Dataset_01_jtttfbx342,Dataset_02_g46dvrcvwn,NEAR_DUPLICATE_PHASH,Hamming=10,10,Leaf_Spot,Rhizome_Healthy_Roots,cb8af5b255070a1009b307020657c239194d03b705262827f20ea86982cadd40,741a6e06ca571fd5eea19c54fbb3ea01caa6353c419ec5110589eb77afea706b
leaf_spot_(79).jpg,Rhizome Healthy Root00298.JPG,Dataset_01_jtttfbx342,Dataset_02_g46dvrcvwn,NEAR_DUPLICATE_PHASH,Hamming=8,8,Leaf_Spot,Rhizome_Healthy_Roots,cb8af5b255070a1009b307020657c239194d03b705262827f20ea86982cadd40,2783c1890cd370aeaac62205f04cd2f8e6dbd23c5f0a56b5e3406893bed3c47f
leaf_spot_(79).jpg,Rhizome Healthy Root00302.JPG,Dataset_01_jtttfbx342,Dataset_02_g46dvrcvwn,NEAR_DUPLICATE_PHASH,Hamming=7,7,Leaf_Spot,Rhizome_Healthy_Roots,cb8af5b255070a1009b307020657c239194d03b705262827f20ea86982cadd40,1b056c0bec593d0fb2c3b1ab4b9d24f80ed054d4ea4c181663cd9794f0288604
leaf_spot_(79).jpg,Rhizome Healthy Root00303.JPG,Dataset_01_jtttfbx342,Dataset_02_g46dvrcvwn,NEAR_DUPLICATE_PHASH,Hamming=8,8,Leaf_Spot,Rhizome_Healthy_Roots,cb8af5b255070a1009b307020657c239194d03b705262827f20ea86982cadd40,67b3e63120ef420e06cb311a4b97a1c1cb953fa026bae3e4e864d26264f1d837
leaf_spot_(8).jpg,Dry Leaf00049.JPG,Dataset_01_jtttfbx342,Dataset_02_g46dvrcvwn,NEAR_DUPLICATE_PHASH,Hamming=9,9,Leaf_Spot,Dry_Leaf,453b88e7ff66883ecc12b70a4272a36aec4ebc6890ab757d239c58af6cac6039,319d981af9df48246c86314c43f6489c9b8020dccdf45288eeeeef33f9cce8ad
leaf_spot_(8).jpg,Rhizome Disease Root00011.JPG,Dataset_01_jtttfbx342,Dataset_02_g46dvrcvwn,NEAR_DUPLICATE_PHASH,Hamming=9,9,Leaf_Spot,Rhizome_Disease_Roots,453b88e7ff66883ecc12b70a4272a36aec4ebc6890ab757d239c58af6cac6039,9e5b456e10edce65aab601b2f8131f40d6819965e444da5f3f857d82317bfae2
leaf_spot_(8).jpg,Rhizome Disease Root00028.JPG,Dataset_01_jtttfbx342,Dataset_02_g46dvrcvwn,NEAR_DUPLICATE_PHASH,Hamming=10,10,Leaf_Spot,Rhizome_Disease_Roots,453b88e7ff66883ecc12b70a4272a36aec4ebc6890ab757d239c58af6cac6039,09971cb9908c8b32091b30bea37f7116445acb82da1bcb375b12461587956150
leaf_spot_(8).jpg,Rhizome Disease Root00051.JPG,Dataset_01_jtttfbx342,Dataset_02_g46dvrcvwn,NEAR_DUPLICATE_PHASH,Hamming=5,5,Leaf_Spot,Rhizome_Disease_Roots,453b88e7ff66883ecc12b70a4272a36aec4ebc6890ab757d239c58af6cac6039,c3fee4901f93ea15d70163a5bbe7fd3322016fa8a17e023c1438c8c0121432e5
leaf_spot_(8).jpg,Rhizome Disease Root00059.JPG,Dataset_01_jtttfbx342,Dataset_02_g46dvrcvwn,NEAR_DUPLICATE_PHASH,Hamming=10,10,Leaf_Spot,Rhizome_Disease_Roots,453b88e7ff66883ecc12b70a4272a36aec4ebc6890ab757d239c58af6cac6039,1316ad563be1efa326c56b5d5e1babc3e95aedfdd28d355c8414896ec8c30226
leaf_spot_(82).jpg,Dry Leaf00049.JPG,Dataset_01_jtttfbx342,Dataset_02_g46dvrcvwn,NEAR_DUPLICATE_PHASH,Hamming=7,7,Leaf_Spot,Dry_Leaf,299153b0cc37336503e57ce616158425970ab3e28203da62fbf2f9dc0318add2,319d981af9df48246c86314c43f6489c9b8020dccdf45288eeeeef33f9cce8ad
blotch_(181).jpg,Rhizome Disease Root00114.JPG,Dataset_01_jtttfbx342,Dataset_02_g46dvrcvwn,NEAR_DUPLICATE_PHASH,Hamming=10,10,Blotch,Rhizome_Disease_Roots,146edf6b29a68140b112b5aa259cb844706d5a82e53b957ed3827ad46e53ff03,3a652734257559efc017044a527d4be6683a935a05e18c03b9115f80560df8be
blotch_(181).jpg,Rhizome Healthy Root00104.JPG,Dataset_01_jtttfbx342,Dataset_02_g46dvrcvwn,NEAR_DUPLICATE_PHASH,Hamming=10,10,Blotch,Rhizome_Healthy_Roots,146edf6b29a68140b112b5aa259cb844706d5a82e53b957ed3827ad46e53ff03,c6e84c358fef466d5d651d6badc72f487938a8971667c64a8b9cd6ba4e2a15f6
leaf_spot_(83).jpg,Dry Leaf00049.JPG,Dataset_01_jtttfbx342,Dataset_02_g46dvrcvwn,NEAR_DUPLICATE_PHASH,Hamming=5,5,Leaf_Spot,Dry_Leaf,2ed9bc62fd7ed9dd77366cf767addbf0a27ec295a545ce4234c4dd6b4bfd01ce,319d981af9df48246c86314c43f6489c9b8020dccdf45288eeeeef33f9cce8ad
leaf_spot_(83).jpg,Rhizome Disease Root00011.JPG,Dataset_01_jtttfbx342,Dataset_02_g46dvrcvwn,NEAR_DUPLICATE_PHASH,Hamming=9,9,Leaf_Spot,Rhizome_Disease_Roots,2ed9bc62fd7ed9dd77366cf767addbf0a27ec295a545ce4234c4dd6b4bfd01ce,9e5b456e10edce65aab601b2f8131f40d6819965e444da5f3f857d82317bfae2
leaf_spot_(84).jpg,Dry Leaf00132.JPG,Dataset_01_jtttfbx342,Dataset_02_g46dvrcvwn,NEAR_DUPLICATE_PHASH,Hamming=10,10,Leaf_Spot,Dry_Leaf,6159829aa6f1e904e8921ef25312b7fbf8932efba8f0b25d1f3fd49718237eef,6ad1984ab2f5869d796580739ddc3fde3e5a24608a21d4b99e04304fa8f4d850
leaf_spot_(85).jpg,Dry Leaf00079.JPG,Dataset_01_jtttfbx342,Dataset_02_g46dvrcvwn,NEAR_DUPLICATE_PHASH,Hamming=10,10,Leaf_Spot,Dry_Leaf,06f00bfed2b22e4f12c4e36711189c698b96d6ce475bcc9548a1cf1df76e2f9e,1f6e087d7212035df77783d7de4752f7700ec05b7df4e4a76f3f7282d7157451
leaf_spot_(85).jpg,Dry Leaf00183.JPG,Dataset_01_jtttfbx342,Dataset_02_g46dvrcvwn,NEAR_DUPLICATE_PHASH,Hamming=9,9,Leaf_Spot,Dry_Leaf,06f00bfed2b22e4f12c4e36711189c698b96d6ce475bcc9548a1cf1df76e2f9e,6c977e13b65a6bd5c7bedbf38061458669ae4c4c1095f287f17fa0c76c892336
leaf_spot_(86).jpg,Dry Leaf00021.JPG,Dataset_01_jtttfbx342,Dataset_02_g46dvrcvwn,NEAR_DUPLICATE_PHASH,Hamming=10,10,Leaf_Spot,Dry_Leaf,862f943d0d62ba5b10daf4bd0228e2f4ea7f89362a935ed66637f401874e9708,80b07af320ce31e8a146fc8c36d40920359a994dbb7ce32c5c787d0e269bb363
leaf_spot_(86).jpg,Dry Leaf00023.JPG,Dataset_01_jtttfbx342,Dataset_02_g46dvrcvwn,NEAR_DUPLICATE_PHASH,Hamming=10,10,Leaf_Spot,Dry_Leaf,862f943d0d62ba5b10daf4bd0228e2f4ea7f89362a935ed66637f401874e9708,c5c842e23075cf1d7f635e7b91eeb0d4581960cf85b77eb65e0e23551d42e8e4
leaf_spot_(86).jpg,Dry Leaf00100.JPG,Dataset_01_jtttfbx342,Dataset_02_g46dvrcvwn,NEAR_DUPLICATE_PHASH,Hamming=10,10,Leaf_Spot,Dry_Leaf,862f943d0d62ba5b10daf4bd0228e2f4ea7f89362a935ed66637f401874e9708,b59ac801dc168808d912a67b0bef41184f32dbaf6a28275e3499663538cb2fb2
leaf_spot_(86).jpg,Dry Leaf00132.JPG,Dataset_01_jtttfbx342,Dataset_02_g46dvrcvwn,NEAR_DUPLICATE_PHASH,Hamming=9,9,Leaf_Spot,Dry_Leaf,862f943d0d62ba5b10daf4bd0228e2f4ea7f89362a935ed66637f401874e9708,6ad1984ab2f5869d796580739ddc3fde3e5a24608a21d4b99e04304fa8f4d850
leaf_spot_(86).jpg,Rhizome Disease Root00114.JPG,Dataset_01_jtttfbx342,Dataset_02_g46dvrcvwn,NEAR_DUPLICATE_PHASH,Hamming=9,9,Leaf_Spot,Rhizome_Disease_Roots,862f943d0d62ba5b10daf4bd0228e2f4ea7f89362a935ed66637f401874e9708,3a652734257559efc017044a527d4be6683a935a05e18c03b9115f80560df8be
leaf_spot_(86).jpg,Rhizome Healthy Root00102.JPG,Dataset_01_jtttfbx342,Dataset_02_g46dvrcvwn,NEAR_DUPLICATE_PHASH,Hamming=10,10,Leaf_Spot,Rhizome_Healthy_Roots,862f943d0d62ba5b10daf4bd0228e2f4ea7f89362a935ed66637f401874e9708,42ed63fbc1a84d627ef27ec356342cf7d62182b1cfb585f9cbc082ed88702993
leaf_spot_(86).jpg,Rhizome Healthy Root00103.JPG,Dataset_01_jtttfbx342,Dataset_02_g46dvrcvwn,NEAR_DUPLICATE_PHASH,Hamming=10,10,Leaf_Spot,Rhizome_Healthy_Roots,862f943d0d62ba5b10daf4bd0228e2f4ea7f89362a935ed66637f401874e9708,1a182a290d5ec92d08bc0bb7826ce7992966ad9ac025b6731f8d48f1b0071cec
leaf_spot_(86).jpg,Rhizome Healthy Root00104.JPG,Dataset_01_jtttfbx342,Dataset_02_g46dvrcvwn,NEAR_DUPLICATE_PHASH,Hamming=9,9,Leaf_Spot,Rhizome_Healthy_Roots,862f943d0d62ba5b10daf4bd0228e2f4ea7f89362a935ed66637f401874e9708,c6e84c358fef466d5d651d6badc72f487938a8971667c64a8b9cd6ba4e2a15f6
leaf_spot_(9).jpg,Dry Leaf00095.JPG,Dataset_01_jtttfbx342,Dataset_02_g46dvrcvwn,NEAR_DUPLICATE_PHASH,Hamming=10,10,Leaf_Spot,Dry_Leaf,311a667edf97beb3e140dafd297b8298ec66c7cf79d3b7ee60347996822b3244,32797dc9e1652dd994245c66ada8d17b1a327517264386f58089b50c95c27411
leaf_spot_(9).jpg,Dry Leaf00183.JPG,Dataset_01_jtttfbx342,Dataset_02_g46dvrcvwn,NEAR_DUPLICATE_PHASH,Hamming=10,10,Leaf_Spot,Dry_Leaf,311a667edf97beb3e140dafd297b8298ec66c7cf79d3b7ee60347996822b3244,6c977e13b65a6bd5c7bedbf38061458669ae4c4c1095f287f17fa0c76c892336
leaf_spot_(9).jpg,Dry Leaf00201.JPG,Dataset_01_jtttfbx342,Dataset_02_g46dvrcvwn,NEAR_DUPLICATE_PHASH,Hamming=10,10,Leaf_Spot,Dry_Leaf,311a667edf97beb3e140dafd297b8298ec66c7cf79d3b7ee60347996822b3244,656bff8b27643badbfd3e15617668c2a8fe58a712cb89ef3822ab82e56a639e1
leaf_spot_(9).jpg,Healthy Leaf00007.JPG,Dataset_01_jtttfbx342,Dataset_02_g46dvrcvwn,NEAR_DUPLICATE_PHASH,Hamming=10,10,Leaf_Spot,Healthy_Leaf,311a667edf97beb3e140dafd297b8298ec66c7cf79d3b7ee60347996822b3244,d6f9a25aa871a9af685f8162658608a0a0eba5b0cde7ee41a7adc6390f0d6cf1
leaf_spot_(9).jpg,Healthy Leaf00032.JPG,Dataset_01_jtttfbx342,Dataset_02_g46dvrcvwn,NEAR_DUPLICATE_PHASH,Hamming=8,8,Leaf_Spot,Healthy_Leaf,311a667edf97beb3e140dafd297b8298ec66c7cf79d3b7ee60347996822b3244,85e16dcfec198f4e5cf0472005e99921bf752a1214bbbd68758cbf4cbe4858bd
leaf_spot_(9).jpg,Healthy Leaf00073.JPG,Dataset_01_jtttfbx342,Dataset_02_g46dvrcvwn,NEAR_DUPLICATE_PHASH,Hamming=9,9,Leaf_Spot,Healthy_Leaf,311a667edf97beb3e140dafd297b8298ec66c7cf79d3b7ee60347996822b3244,14099ddcc85f0e8888a5a126d064d51875b1dacabb180459313850a260a8ff37
leaf_spot_(9).jpg,Leaf Blotch00001.JPG,Dataset_01_jtttfbx342,Dataset_02_g46dvrcvwn,NEAR_DUPLICATE_PHASH,Hamming=10,10,Leaf_Spot,Leaf_Blotch,311a667edf97beb3e140dafd297b8298ec66c7cf79d3b7ee60347996822b3244,f461942049356cd766f3c3d99a694b69dc0861a87e650f004c6e580385152328
leaf_spot_(9).jpg,Rhizome Disease Root00011.JPG,Dataset_01_jtttfbx342,Dataset_02_g46dvrcvwn,NEAR_DUPLICATE_PHASH,Hamming=7,7,Leaf_Spot,Rhizome_Disease_Roots,311a667edf97beb3e140dafd297b8298ec66c7cf79d3b7ee60347996822b3244,9e5b456e10edce65aab601b2f8131f40d6819965e444da5f3f857d82317bfae2
leaf_spot_(90).jpg,Dry Leaf00010.JPG,Dataset_01_jtttfbx342,Dataset_02_g46dvrcvwn,NEAR_DUPLICATE_PHASH,Hamming=9,9,Leaf_Spot,Dry_Leaf,d6a81e88dfc06aaa3acc53f9d4981a257d241f99591adb91cbfc6cb3f266dcd7,5b5bb6467d6edf8ee4f941dc057cad4c0753833fec7761b431fb27543026dcc5
leaf_spot_(90).jpg,Dry Leaf00038.JPG,Dataset_01_jtttfbx342,Dataset_02_g46dvrcvwn,NEAR_DUPLICATE_PHASH,Hamming=10,10,Leaf_Spot,Dry_Leaf,d6a81e88dfc06aaa3acc53f9d4981a257d241f99591adb91cbfc6cb3f266dcd7,8de0c82821b424e0dcb5f7f7f94f9cf28de9be2cd6d5351a3d237b60ede72f75
leaf_spot_(90).jpg,Rhizome Disease Root00104.JPG,Dataset_01_jtttfbx342,Dataset_02_g46dvrcvwn,NEAR_DUPLICATE_PHASH,Hamming=9,9,Leaf_Spot,Rhizome_Disease_Roots,d6a81e88dfc06aaa3acc53f9d4981a257d241f99591adb91cbfc6cb3f266dcd7,a905597c339e72f33825988e552f738b456b023b15f02a23546a7d5ccccbf7fe
leaf_spot_(90).jpg,Rhizome Disease Root00106.JPG,Dataset_01_jtttfbx342,Dataset_02_g46dvrcvwn,NEAR_DUPLICATE_PHASH,Hamming=9,9,Leaf_Spot,Rhizome_Disease_Roots,d6a81e88dfc06aaa3acc53f9d4981a257d241f99591adb91cbfc6cb3f266dcd7,609c39bc0b9a56b920bde2aa77eca2b1a4d2b155b15a4ed010ead5dc7e8bcb35
leaf_spot_(90).jpg,Rhizome Disease Root00108.JPG,Dataset_01_jtttfbx342,Dataset_02_g46dvrcvwn,NEAR_DUPLICATE_PHASH,Hamming=8,8,Leaf_Spot,Rhizome_Disease_Roots,d6a81e88dfc06aaa3acc53f9d4981a257d241f99591adb91cbfc6cb3f266dcd7,fa6b8eb8029c35c84b3dd6988ff45733a0cbc5ba5532d4c88d1db7643118aa4a
leaf_spot_(90).jpg,Rhizome Disease Root00109.JPG,Dataset_01_jtttfbx342,Dataset_02_g46dvrcvwn,NEAR_DUPLICATE_PHASH,Hamming=10,10,Leaf_Spot,Rhizome_Disease_Roots,d6a81e88dfc06aaa3acc53f9d4981a257d241f99591adb91cbfc6cb3f266dcd7,f0c627b63b768afb39ae808c03bc62bcc065f94fbbbfb48b32fec6d423d28a8d
leaf_spot_(90).jpg,Rhizome Disease Root00114.JPG,Dataset_01_jtttfbx342,Dataset_02_g46dvrcvwn,NEAR_DUPLICATE_PHASH,Hamming=8,8,Leaf_Spot,Rhizome_Disease_Roots,d6a81e88dfc06aaa3acc53f9d4981a257d241f99591adb91cbfc6cb3f266dcd7,3a652734257559efc017044a527d4be6683a935a05e18c03b9115f80560df8be
leaf_spot_(90).jpg,Rhizome Disease Root00122.JPG,Dataset_01_jtttfbx342,Dataset_02_g46dvrcvwn,NEAR_DUPLICATE_PHASH,Hamming=10,10,Leaf_Spot,Rhizome_Disease_Roots,d6a81e88dfc06aaa3acc53f9d4981a257d241f99591adb91cbfc6cb3f266dcd7,ee9ac8de7a3d02ea275700cbbd3b3a68a3ec4f5cb8d9bdd44a484d2076307258
leaf_spot_(90).jpg,Rhizome Disease Root00128.JPG,Dataset_01_jtttfbx342,Dataset_02_g46dvrcvwn,NEAR_DUPLICATE_PHASH,Hamming=9,9,Leaf_Spot,Rhizome_Disease_Roots,d6a81e88dfc06aaa3acc53f9d4981a257d241f99591adb91cbfc6cb3f266dcd7,68d483181a90dbd0b825ad82c4ba563f3403d1e784bf5b19ba34d81299b924e5
leaf_spot_(90).jpg,Rhizome Disease Root00135.JPG,Dataset_01_jtttfbx342,Dataset_02_g46dvrcvwn,NEAR_DUPLICATE_PHASH,Hamming=10,10,Leaf_Spot,Rhizome_Disease_Roots,d6a81e88dfc06aaa3acc53f9d4981a257d241f99591adb91cbfc6cb3f266dcd7,8e91e44e52bc868ee19f622f2ce3184f57305d6db34af7bc650a337cb30b0fde
leaf_spot_(90).jpg,Rhizome Disease Root00174.JPG,Dataset_01_jtttfbx342,Dataset_02_g46dvrcvwn,NEAR_DUPLICATE_PHASH,Hamming=10,10,Leaf_Spot,Rhizome_Disease_Roots,d6a81e88dfc06aaa3acc53f9d4981a257d241f99591adb91cbfc6cb3f266dcd7,ecfb7eb332f9325f118c4febd130514cf65ed231d12141528bdc38f53c4e84e0
leaf_spot_(90).jpg,Rhizome Disease Root00180.JPG,Dataset_01_jtttfbx342,Dataset_02_g46dvrcvwn,NEAR_DUPLICATE_PHASH,Hamming=9,9,Leaf_Spot,Rhizome_Disease_Roots,d6a81e88dfc06aaa3acc53f9d4981a257d241f99591adb91cbfc6cb3f266dcd7,24396f5ae47cf2c6aabacc2b8f481d2b66240f018f70f63b3b030d6e6d61d58c
leaf_spot_(90).jpg,Rhizome Healthy Root00024.JPG,Dataset_01_jtttfbx342,Dataset_02_g46dvrcvwn,NEAR_DUPLICATE_PHASH,Hamming=8,8,Leaf_Spot,Rhizome_Healthy_Roots,d6a81e88dfc06aaa3acc53f9d4981a257d241f99591adb91cbfc6cb3f266dcd7,aee3163751aae1c2194e061cc5be15c4ec5e2688c78c5e434db62615e22b0429
leaf_spot_(90).jpg,Rhizome Healthy Root00027.JPG,Dataset_01_jtttfbx342,Dataset_02_g46dvrcvwn,NEAR_DUPLICATE_PHASH,Hamming=8,8,Leaf_Spot,Rhizome_Healthy_Roots,d6a81e88dfc06aaa3acc53f9d4981a257d241f99591adb91cbfc6cb3f266dcd7,581455dd1795265737fcdb0c98151c8efd0e53c4bbdfed210adc16f86b63a000
leaf_spot_(90).jpg,Rhizome Healthy Root00029.JPG,Dataset_01_jtttfbx342,Dataset_02_g46dvrcvwn,NEAR_DUPLICATE_PHASH,Hamming=7,7,Leaf_Spot,Rhizome_Healthy_Roots,d6a81e88dfc06aaa3acc53f9d4981a257d241f99591adb91cbfc6cb3f266dcd7,3835df92135db2ba80f4dc67dd51d4ab10db2fd18fa835a53280dd4318d1c91a
leaf_spot_(90).jpg,Rhizome Healthy Root00030.JPG,Dataset_01_jtttfbx342,Dataset_02_g46dvrcvwn,NEAR_DUPLICATE_PHASH,Hamming=7,7,Leaf_Spot,Rhizome_Healthy_Roots,d6a81e88dfc06aaa3acc53f9d4981a257d241f99591adb91cbfc6cb3f266dcd7,5ce7923d7a7e7b4bd048f205c90e9a9a8d400d2fd8cf48fec15ac85b74cc3468
leaf_spot_(90).jpg,Rhizome Healthy Root00031.JPG,Dataset_01_jtttfbx342,Dataset_02_g46dvrcvwn,NEAR_DUPLICATE_PHASH,Hamming=7,7,Leaf_Spot,Rhizome_Healthy_Roots,d6a81e88dfc06aaa3acc53f9d4981a257d241f99591adb91cbfc6cb3f266dcd7,be1d95036007d6dc54776a298c8ed737b1c2ae0a0b8d9720d368b6fd64dfef46
leaf_spot_(90).jpg,Rhizome Healthy Root00258.JPG,Dataset_01_jtttfbx342,Dataset_02_g46dvrcvwn,NEAR_DUPLICATE_PHASH,Hamming=10,10,Leaf_Spot,Rhizome_Healthy_Roots,d6a81e88dfc06aaa3acc53f9d4981a257d241f99591adb91cbfc6cb3f266dcd7,741a6e06ca571fd5eea19c54fbb3ea01caa6353c419ec5110589eb77afea706b
leaf_spot_(90).jpg,Rhizome Healthy Root00279.JPG,Dataset_01_jtttfbx342,Dataset_02_g46dvrcvwn,NEAR_DUPLICATE_PHASH,Hamming=10,10,Leaf_Spot,Rhizome_Healthy_Roots,d6a81e88dfc06aaa3acc53f9d4981a257d241f99591adb91cbfc6cb3f266dcd7,97a26b9d2ee6ac615c57f888738dd4ede40f799fb65686dcf6ba1958b86eff48
leaf_spot_(90).jpg,Rhizome Healthy Root00280.JPG,Dataset_01_jtttfbx342,Dataset_02_g46dvrcvwn,NEAR_DUPLICATE_PHASH,Hamming=10,10,Leaf_Spot,Rhizome_Healthy_Roots,d6a81e88dfc06aaa3acc53f9d4981a257d241f99591adb91cbfc6cb3f266dcd7,d9a71f80077fa2eabdb4058ffc6feab0203557641e7d1dd0c423982ee4f385c7
leaf_spot_(90).jpg,Rhizome Healthy Root00281.JPG,Dataset_01_jtttfbx342,Dataset_02_g46dvrcvwn,NEAR_DUPLICATE_PHASH,Hamming=10,10,Leaf_Spot,Rhizome_Healthy_Roots,d6a81e88dfc06aaa3acc53f9d4981a257d241f99591adb91cbfc6cb3f266dcd7,ca63a8e20a20ef7821ec2db1ea71e4c4c929571bf22458f59d8d37c772e6c58b
leaf_spot_(90).jpg,Rhizome Healthy Root00289.JPG,Dataset_01_jtttfbx342,Dataset_02_g46dvrcvwn,NEAR_DUPLICATE_PHASH,Hamming=10,10,Leaf_Spot,Rhizome_Healthy_Roots,d6a81e88dfc06aaa3acc53f9d4981a257d241f99591adb91cbfc6cb3f266dcd7,03e7edbda1927228f0ff7011ff44e3d3a9b78937dac23f0a7e1a86cf22b4fb6c
leaf_spot_(90).jpg,Rhizome Healthy Root00298.JPG,Dataset_01_jtttfbx342,Dataset_02_g46dvrcvwn,NEAR_DUPLICATE_PHASH,Hamming=8,8,Leaf_Spot,Rhizome_Healthy_Roots,d6a81e88dfc06aaa3acc53f9d4981a257d241f99591adb91cbfc6cb3f266dcd7,2783c1890cd370aeaac62205f04cd2f8e6dbd23c5f0a56b5e3406893bed3c47f
leaf_spot_(90).jpg,Rhizome Healthy Root00302.JPG,Dataset_01_jtttfbx342,Dataset_02_g46dvrcvwn,NEAR_DUPLICATE_PHASH,Hamming=9,9,Leaf_Spot,Rhizome_Healthy_Roots,d6a81e88dfc06aaa3acc53f9d4981a257d241f99591adb91cbfc6cb3f266dcd7,1b056c0bec593d0fb2c3b1ab4b9d24f80ed054d4ea4c181663cd9794f0288604
leaf_spot_(90).jpg,Rhizome Healthy Root00303.JPG,Dataset_01_jtttfbx342,Dataset_02_g46dvrcvwn,NEAR_DUPLICATE_PHASH,Hamming=10,10,Leaf_Spot,Rhizome_Healthy_Roots,d6a81e88dfc06aaa3acc53f9d4981a257d241f99591adb91cbfc6cb3f266dcd7,67b3e63120ef420e06cb311a4b97a1c1cb953fa026bae3e4e864d26264f1d837
leaf_spot_(92).jpg,Rhizome Healthy Root00102.JPG,Dataset_01_jtttfbx342,Dataset_02_g46dvrcvwn,NEAR_DUPLICATE_PHASH,Hamming=10,10,Leaf_Spot,Rhizome_Healthy_Roots,e5749ed5d21ddaf8a70516c1b7fefb4072644ab25553e6023a34040038395605,42ed63fbc1a84d627ef27ec356342cf7d62182b1cfb585f9cbc082ed88702993
leaf_spot_(92).jpg,Rhizome Healthy Root00103.JPG,Dataset_01_jtttfbx342,Dataset_02_g46dvrcvwn,NEAR_DUPLICATE_PHASH,Hamming=10,10,Leaf_Spot,Rhizome_Healthy_Roots,e5749ed5d21ddaf8a70516c1b7fefb4072644ab25553e6023a34040038395605,1a182a290d5ec92d08bc0bb7826ce7992966ad9ac025b6731f8d48f1b0071cec
leaf_spot_(92).jpg,Rhizome Healthy Root00232.JPG,Dataset_01_jtttfbx342,Dataset_02_g46dvrcvwn,NEAR_DUPLICATE_PHASH,Hamming=9,9,Leaf_Spot,Rhizome_Healthy_Roots,e5749ed5d21ddaf8a70516c1b7fefb4072644ab25553e6023a34040038395605,bc937e060206b7ac479f3eee51788f6e75bc98567118a529ef1b20784b1f366c
leaf_spot_(97).jpg,Rhizome Disease Root00104.JPG,Dataset_01_jtttfbx342,Dataset_02_g46dvrcvwn,NEAR_DUPLICATE_PHASH,Hamming=10,10,Leaf_Spot,Rhizome_Disease_Roots,bca0432352e2ca6db78d0866d7fb1c74d4f139a0a0684d244cdfdf0fe45e94db,a905597c339e72f33825988e552f738b456b023b15f02a23546a7d5ccccbf7fe
leaf_spot_(97).jpg,Rhizome Disease Root00106.JPG,Dataset_01_jtttfbx342,Dataset_02_g46dvrcvwn,NEAR_DUPLICATE_PHASH,Hamming=8,8,Leaf_Spot,Rhizome_Disease_Roots,bca0432352e2ca6db78d0866d7fb1c74d4f139a0a0684d244cdfdf0fe45e94db,609c39bc0b9a56b920bde2aa77eca2b1a4d2b155b15a4ed010ead5dc7e8bcb35
leaf_spot_(97).jpg,Rhizome Disease Root00108.JPG,Dataset_01_jtttfbx342,Dataset_02_g46dvrcvwn,NEAR_DUPLICATE_PHASH,Hamming=7,7,Leaf_Spot,Rhizome_Disease_Roots,bca0432352e2ca6db78d0866d7fb1c74d4f139a0a0684d244cdfdf0fe45e94db,fa6b8eb8029c35c84b3dd6988ff45733a0cbc5ba5532d4c88d1db7643118aa4a
leaf_spot_(97).jpg,Rhizome Disease Root00109.JPG,Dataset_01_jtttfbx342,Dataset_02_g46dvrcvwn,NEAR_DUPLICATE_PHASH,Hamming=9,9,Leaf_Spot,Rhizome_Disease_Roots,bca0432352e2ca6db78d0866d7fb1c74d4f139a0a0684d244cdfdf0fe45e94db,f0c627b63b768afb39ae808c03bc62bcc065f94fbbbfb48b32fec6d423d28a8d
leaf_spot_(97).jpg,Rhizome Disease Root00135.JPG,Dataset_01_jtttfbx342,Dataset_02_g46dvrcvwn,NEAR_DUPLICATE_PHASH,Hamming=9,9,Leaf_Spot,Rhizome_Disease_Roots,bca0432352e2ca6db78d0866d7fb1c74d4f139a0a0684d244cdfdf0fe45e94db,8e91e44e52bc868ee19f622f2ce3184f57305d6db34af7bc650a337cb30b0fde
leaf_spot_(97).jpg,Rhizome Disease Root00142.JPG,Dataset_01_jtttfbx342,Dataset_02_g46dvrcvwn,NEAR_DUPLICATE_PHASH,Hamming=9,9,Leaf_Spot,Rhizome_Disease_Roots,bca0432352e2ca6db78d0866d7fb1c74d4f139a0a0684d244cdfdf0fe45e94db,023c744af8d4d739f8c54334ab3150d02fad1c29fb8ddd8db5fcb87a4ce7a6b7
leaf_spot_(97).jpg,Rhizome Healthy Root00302.JPG,Dataset_01_jtttfbx342,Dataset_02_g46dvrcvwn,NEAR_DUPLICATE_PHASH,Hamming=10,10,Leaf_Spot,Rhizome_Healthy_Roots,bca0432352e2ca6db78d0866d7fb1c74d4f139a0a0684d244cdfdf0fe45e94db,1b056c0bec593d0fb2c3b1ab4b9d24f80ed054d4ea4c181663cd9794f0288604
leaf_spot_(96).jpg,Dry Leaf00049.JPG,Dataset_01_jtttfbx342,Dataset_02_g46dvrcvwn,NEAR_DUPLICATE_PHASH,Hamming=8,8,Leaf_Spot,Dry_Leaf,847fc225a961ae99fd8e4524d767d83c4c3c87488d3ca2f343cf7f838a002cc5,319d981af9df48246c86314c43f6489c9b8020dccdf45288eeeeef33f9cce8ad
leaf_spot_(99).jpg,Dry Leaf00049.JPG,Dataset_01_jtttfbx342,Dataset_02_g46dvrcvwn,NEAR_DUPLICATE_PHASH,Hamming=6,6,Leaf_Spot,Dry_Leaf,ecde4f90c3bb525dc0b7822e104f18a34ebd4b3289889365609732be7f6110e0,319d981af9df48246c86314c43f6489c9b8020dccdf45288eeeeef33f9cce8ad
leaf_spot_(99).jpg,Dry Leaf00106.JPG,Dataset_01_jtttfbx342,Dataset_02_g46dvrcvwn,NEAR_DUPLICATE_PHASH,Hamming=10,10,Leaf_Spot,Dry_Leaf,ecde4f90c3bb525dc0b7822e104f18a34ebd4b3289889365609732be7f6110e0,bf51d86e769f79565126a609d7663982a5939e707036279be63053b07f71726b
leaf_spot_(99).jpg,Healthy Leaf00129.JPG,Dataset_01_jtttfbx342,Dataset_02_g46dvrcvwn,NEAR_DUPLICATE_PHASH,Hamming=10,10,Leaf_Spot,Healthy_Leaf,ecde4f90c3bb525dc0b7822e104f18a34ebd4b3289889365609732be7f6110e0,a86787c114d3e40bfcfdbdc85d9f209ca103b80e0da1858f1e646bdc1e89dc69
leaf_spot_(99).jpg,Leaf Blotch00003.JPG,Dataset_01_jtttfbx342,Dataset_02_g46dvrcvwn,NEAR_DUPLICATE_PHASH,Hamming=9,9,Leaf_Spot,Leaf_Blotch,ecde4f90c3bb525dc0b7822e104f18a34ebd4b3289889365609732be7f6110e0,b32906700713e8eab661f5adedfcf256fcb2c9633d8d27425b9d24eb2350640e
leaf_spot_(99).jpg,Leaf Blotch00006.JPG,Dataset_01_jtttfbx342,Dataset_02_g46dvrcvwn,NEAR_DUPLICATE_PHASH,Hamming=9,9,Leaf_Spot,Leaf_Blotch,ecde4f90c3bb525dc0b7822e104f18a34ebd4b3289889365609732be7f6110e0,b0975277450bc6f9f338542e47055ab8a8947999d4a87cd8e2097f23af27f392
leaf_spot_(99).jpg,Rhizome Disease Root00011.JPG,Dataset_01_jtttfbx342,Dataset_02_g46dvrcvwn,NEAR_DUPLICATE_PHASH,Hamming=6,6,Leaf_Spot,Rhizome_Disease_Roots,ecde4f90c3bb525dc0b7822e104f18a34ebd4b3289889365609732be7f6110e0,9e5b456e10edce65aab601b2f8131f40d6819965e444da5f3f857d82317bfae2
leaf_spot_(99).jpg,Rhizome Disease Root00020.JPG,Dataset_01_jtttfbx342,Dataset_02_g46dvrcvwn,NEAR_DUPLICATE_PHASH,Hamming=10,10,Leaf_Spot,Rhizome_Disease_Roots,ecde4f90c3bb525dc0b7822e104f18a34ebd4b3289889365609732be7f6110e0,c07823be8a3a62bb5183427f4f5e76d24913cbadcc40e6a4cf0a8729f3a3ab22
leaf_spot_(98).jpg,Dry Leaf00049.JPG,Dataset_01_jtttfbx342,Dataset_02_g46dvrcvwn,NEAR_DUPLICATE_PHASH,Hamming=9,9,Leaf_Spot,Dry_Leaf,02eae9c87d40a5adfef9929935628a76944d4ccfd5f0a41149e0d61b46de6c5c,319d981af9df48246c86314c43f6489c9b8020dccdf45288eeeeef33f9cce8ad
leaf_spot_(80).jpg,Dry Leaf00049.JPG,Dataset_01_jtttfbx342,Dataset_02_g46dvrcvwn,NEAR_DUPLICATE_PHASH,Hamming=8,8,Leaf_Spot,Dry_Leaf,6bc27c6bd3fd3b520adbf94b026bf39d922746a88a8eb3db94cc51e304443aa4,319d981af9df48246c86314c43f6489c9b8020dccdf45288eeeeef33f9cce8ad
