dataset,filename,split,class_label,folder_id,sha256_api,sha256_actual,sha256_match,phash,size_bytes,created_date,download_status,local_path,download_url
Dataset_01_jtttfbx342,aphids_disease_(102).jpg,original,Aphids_Disease,ccc522cc-7cfa-4650-aef7-3bc36c66f6cb,f883de88463acdd4420c088d9c97567a7248a5e64baf27335282743fab87e29d,f883de88463acdd4420c088d9c97567a7248a5e64baf27335282743fab87e29d,YES,ffffc100c3fff0e0,3776811,2024-12-30T20:16:05.981Z,SUCCESS,D:\curuma\turmeric_datasets\dataset_01\original\Aphids_Disease\aphids_disease_(102).jpg,https://data.mendeley.com/public-files/datasets/jtttfbx342/files/d7581580-00fa-4966-bf52-7c5dd81a226b/file_downloaded
Dataset_01_jtttfbx342,aphids_disease_(1).jpg,original,Aphids_Disease,ccc522cc-7cfa-4650-aef7-3bc36c66f6cb,6aae7da3aa5069b56e9d27279ec15d40e7591f4f26fb288d43668f38d031cda6,6aae7da3aa5069b56e9d27279ec15d40e7591f4f26fb288d43668f38d031cda6,YES,ffff0700c3fffffc,3664345,2024-12-30T20:15:56.198Z,SUCCESS,D:\curuma\turmeric_datasets\dataset_01\original\Aphids_Disease\aphids_disease_(1).jpg,https://data.mendeley.com/public-files/datasets/jtttfbx342/files/c560d08a-bc51-45f4-b837-f724c74b65ba/file_downloaded
Dataset_01_jtttfbx342,aphids_disease_(10).jpg,original,Aphids_Disease,ccc522cc-7cfa-4650-aef7-3bc36c66f6cb,338a7b2dcfcf1784acb5cb6a84a6e6ed30780de10a8c598d70b515a0ad7cf3e1,338a7b2dcfcf1784acb5cb6a84a6e6ed30780de10a8c598d70b515a0ad7cf3e1,YES,ffffffc180e4e0c0,3613968,2024-12-30T20:16:09.18Z,SUCCESS,D:\curuma\turmeric_datasets\dataset_01\original\Aphids_Disease\aphids_disease_(10).jpg,https://data.mendeley.com/public-files/datasets/jtttfbx342/files/d80e33d2-2ea4-407c-90cf-8215d89b1516/file_downloaded
Dataset_01_jtttfbx342,aphids_disease_(101).jpg,original,Aphids_Disease,ccc522cc-7cfa-4650-aef7-3bc36c66f6cb,07b1e91326390d0323b30a1be764cb6567606425ffef2f3887d81bef83b5807d,07b1e91326390d0323b30a1be764cb6567606425ffef2f3887d81bef83b5807d,YES,ffffef81c0fce000,3710009,2024-12-30T20:16:07.32Z,SUCCESS,D:\curuma\turmeric_datasets\dataset_01\original\Aphids_Disease\aphids_disease_(101).jpg,https://data.mendeley.com/public-files/datasets/jtttfbx342/files/ba8dc3b0-5d03-4885-bbc2-8b543e0b72e4/file_downloaded
Dataset_01_jtttfbx342,aphids_disease_(103).jpg,original,Aphids_Disease,ccc522cc-7cfa-4650-aef7-3bc36c66f6cb,6e54d79829a83e9c06894160c48b5e0511515cc423b0872d232cba83dfcdf152,6e54d79829a83e9c06894160c48b5e0511515cc423b0872d232cba83dfcdf152,YES,ffff8f00c1fd0000,3764843,2024-12-30T20:16:09.888Z,SUCCESS,D:\curuma\turmeric_datasets\dataset_01\original\Aphids_Disease\aphids_disease_(103).jpg,https://data.mendeley.com/public-files/datasets/jtttfbx342/files/65cfc3c4-0b44-46d6-ac78-45dc2944660b/file_downloaded
Dataset_01_jtttfbx342,aphids_disease_(100).jpg,original,Aphids_Disease,ccc522cc-7cfa-4650-aef7-3bc36c66f6cb,72113d51fb553795bb8fd46201281a2c8987835a30523e6a4eeb3370af4517be,72113d51fb553795bb8fd46201281a2c8987835a30523e6a4eeb3370af4517be,YES,ffffc381fff7f040,3575363,2024-12-30T20:16:03.266Z,SUCCESS,D:\curuma\turmeric_datasets\dataset_01\original\Aphids_Disease\aphids_disease_(100).jpg,https://data.mendeley.com/public-files/datasets/jtttfbx342/files/83c85242-8564-4ff5-8d08-8fba7d706737/file_downloaded
Dataset_01_jtttfbx342,aphids_disease_(104).jpg,original,Aphids_Disease,ccc522cc-7cfa-4650-aef7-3bc36c66f6cb,1602764f78409aff5d59a73ae640dcfb30e1f3898b721ec7a96a518c15078b0b,1602764f78409aff5d59a73ae640dcfb30e1f3898b721ec7a96a518c15078b0b,YES,ffffc781c0fff9f8,3768910,2024-12-30T20:16:10.429Z,SUCCESS,D:\curuma\turmeric_datasets\dataset_01\original\Aphids_Disease\aphids_disease_(104).jpg,https://data.mendeley.com/public-files/datasets/jtttfbx342/files/9119fd76-303b-4e10-a9a7-a8a57b85e6e0/file_downloaded
Dataset_01_jtttfbx342,aphids_disease_(107).jpg,original,Aphids_Disease,ccc522cc-7cfa-4650-aef7-3bc36c66f6cb,74a348890e7968a3dd3f5f7223d11f11158523c5337cc96b48898c239bbd60d9,74a348890e7968a3dd3f5f7223d11f11158523c5337cc96b48898c239bbd60d9,YES,fff78381c3fffff0,3994500,2024-12-30T20:16:06.233Z,SUCCESS,D:\curuma\turmeric_datasets\dataset_01\original\Aphids_Disease\aphids_disease_(107).jpg,https://data.mendeley.com/public-files/datasets/jtttfbx342/files/449b74f4-95dc-4807-94b2-a9fdf934b6c2/file_downloaded
Dataset_01_jtttfbx342,aphids_disease_(105).jpg,original,Aphids_Disease,ccc522cc-7cfa-4650-aef7-3bc36c66f6cb,5b1fcdcb4902a48c4bd17e1f798a7d95c57e3327efcf3d7224eeed21d558eb7f,5b1fcdcb4902a48c4bd17e1f798a7d95c57e3327efcf3d7224eeed21d558eb7f,YES,ffff8180fffff0e0,3688669,2024-12-30T20:16:08.466Z,SUCCESS,D:\curuma\turmeric_datasets\dataset_01\original\Aphids_Disease\aphids_disease_(105).jpg,https://data.mendeley.com/public-files/datasets/jtttfbx342/files/1ad2738a-93bb-4b85-a662-bbf14955765b/file_downloaded
Dataset_01_jtttfbx342,aphids_disease_(106).jpg,original,Aphids_Disease,ccc522cc-7cfa-4650-aef7-3bc36c66f6cb,86c084f38f2dbc2c0c9a8115a8b36b69ab157d09b927acbbd871f327b02bc86f,86c084f38f2dbc2c0c9a8115a8b36b69ab157d09b927acbbd871f327b02bc86f,YES,ffffef80c0ffe400,3708192,2024-12-30T20:16:08.644Z,SUCCESS,D:\curuma\turmeric_datasets\dataset_01\original\Aphids_Disease\aphids_disease_(106).jpg,https://data.mendeley.com/public-files/datasets/jtttfbx342/files/fe06e52d-4c2b-48ec-a6de-1483a1f4ec80/file_downloaded
Dataset_01_jtttfbx342,aphids_disease_(108).jpg,original,Aphids_Disease,ccc522cc-7cfa-4650-aef7-3bc36c66f6cb,bcc43c7b1451d8a3fe7c6d515206b1ec7e0d38b74b7d82473056c9e6c7d21718,bcc43c7b1451d8a3fe7c6d515206b1ec7e0d38b74b7d82473056c9e6c7d21718,YES,ffffcf8383c4f8c0,3811464,2024-12-30T20:16:11.978Z,SUCCESS,D:\curuma\turmeric_datasets\dataset_01\original\Aphids_Disease\aphids_disease_(108).jpg,https://data.mendeley.com/public-files/datasets/jtttfbx342/files/8874f926-ea25-48bb-992c-7181b4a34256/file_downloaded
Dataset_01_jtttfbx342,aphids_disease_(11).jpg,original,Aphids_Disease,ccc522cc-7cfa-4650-aef7-3bc36c66f6cb,58cd7f3e2c59ecaa42ab9b48b275fd28621138106067128fd7f1fff957384092,58cd7f3e2c59ecaa42ab9b48b275fd28621138106067128fd7f1fff957384092,YES,ffff0000fffffffe,3826154,2024-12-30T20:16:17.711Z,SUCCESS,D:\curuma\turmeric_datasets\dataset_01\original\Aphids_Disease\aphids_disease_(11).jpg,https://data.mendeley.com/public-files/datasets/jtttfbx342/files/890f290b-2123-4d47-8e21-3dab49914929/file_downloaded
Dataset_01_jtttfbx342,aphids_disease_(109).jpg,original,Aphids_Disease,ccc522cc-7cfa-4650-aef7-3bc36c66f6cb,dcaa0c99a174011109495d0a0e2d35beac06e3033fd55a914cf3006c8f559d53,dcaa0c99a174011109495d0a0e2d35beac06e3033fd55a914cf3006c8f559d53,YES,ffffc381c1e1fffd,3897683,2024-12-30T20:16:15.835Z,SUCCESS,D:\curuma\turmeric_datasets\dataset_01\original\Aphids_Disease\aphids_disease_(109).jpg,https://data.mendeley.com/public-files/datasets/jtttfbx342/files/3f3fe948-f640-4ece-b118-9189c9aca410/file_downloaded
Dataset_01_jtttfbx342,aphids_disease_(110).jpg,original,Aphids_Disease,ccc522cc-7cfa-4650-aef7-3bc36c66f6cb,a0e25d99b71c7991fc779313ae387d8faee7421e3c713cc3d32b904af3b5b97f,a0e25d99b71c7991fc779313ae387d8faee7421e3c713cc3d32b904af3b5b97f,YES,ffe78181e3fff400,3844933,2024-12-30T20:16:17.909Z,SUCCESS,D:\curuma\turmeric_datasets\dataset_01\original\Aphids_Disease\aphids_disease_(110).jpg,https://data.mendeley.com/public-files/datasets/jtttfbx342/files/ef834c2e-d0d0-4882-94aa-abe633259e66/file_downloaded
Dataset_01_jtttfbx342,aphids_disease_(111).jpg,original,Aphids_Disease,ccc522cc-7cfa-4650-aef7-3bc36c66f6cb,832ff4660886ad7d9697a159e186f73efad49159d8b8cdcfe9db60d6b61c8411,832ff4660886ad7d9697a159e186f73efad49159d8b8cdcfe9db60d6b61c8411,YES,ffffe781c1e1fec4,3912470,2024-12-30T20:16:19.308Z,SUCCESS,D:\curuma\turmeric_datasets\dataset_01\original\Aphids_Disease\aphids_disease_(111).jpg,https://data.mendeley.com/public-files/datasets/jtttfbx342/files/4e55c025-0f76-41d4-b06c-8c3f5dc19e56/file_downloaded
Dataset_01_jtttfbx342,aphids_disease_(112).jpg,original,Aphids_Disease,ccc522cc-7cfa-4650-aef7-3bc36c66f6cb,194493cccf363918eb29fda48548c03652f9e0369fb671bfb6e95b16743d2163,194493cccf363918eb29fda48548c03652f9e0369fb671bfb6e95b16743d2163,YES,ffffc1c1f3fdf0c0,3682909,2024-12-30T20:16:19.488Z,SUCCESS,D:\curuma\turmeric_datasets\dataset_01\original\Aphids_Disease\aphids_disease_(112).jpg,https://data.mendeley.com/public-files/datasets/jtttfbx342/files/570e66d3-12a9-4351-a9a9-7b0d73fcd071/file_downloaded
Dataset_01_jtttfbx342,aphids_disease_(113).jpg,original,Aphids_Disease,ccc522cc-7cfa-4650-aef7-3bc36c66f6cb,996e1ed290cad31e8cbe24a2568c3984b02c84a002d626d8870e58c63f92a9a2,996e1ed290cad31e8cbe24a2568c3984b02c84a002d626d8870e58c63f92a9a2,YES,ffffcf8180f8c080,3784935,2024-12-30T20:16:19.684Z,SUCCESS,D:\curuma\turmeric_datasets\dataset_01\original\Aphids_Disease\aphids_disease_(113).jpg,https://data.mendeley.com/public-files/datasets/jtttfbx342/files/d6e4b69e-c526-431a-9a9a-2cc26dec8f6e/file_downloaded
Dataset_01_jtttfbx342,aphids_disease_(114).jpg,original,Aphids_Disease,ccc522cc-7cfa-4650-aef7-3bc36c66f6cb,7b8fb67ebd6ce485af8d5a86967c3d516e07852248472b3b66cac1ba486d5506,7b8fb67ebd6ce485af8d5a86967c3d516e07852248472b3b66cac1ba486d5506,YES,ffffc381c1fffff8,3844579,2024-12-30T20:16:19.943Z,SUCCESS,D:\curuma\turmeric_datasets\dataset_01\original\Aphids_Disease\aphids_disease_(114).jpg,https://data.mendeley.com/public-files/datasets/jtttfbx342/files/107dbb5f-4df3-43fe-8dc4-bfc984f97bc0/file_downloaded
Dataset_01_jtttfbx342,aphids_disease_(116).jpg,original,Aphids_Disease,ccc522cc-7cfa-4650-aef7-3bc36c66f6cb,e13a9febbc3708bfccd4e8c8fa1f7bfc25bf49e00a6c7d5340a908eea43edf81,e13a9febbc3708bfccd4e8c8fa1f7bfc25bf49e00a6c7d5340a908eea43edf81,YES,ffffc381c0fee4c0,3862437,2024-12-30T20:16:20.24Z,SUCCESS,D:\curuma\turmeric_datasets\dataset_01\original\Aphids_Disease\aphids_disease_(116).jpg,https://data.mendeley.com/public-files/datasets/jtttfbx342/files/dbb5faf8-0881-4b3d-b74d-76b2e22b4a7e/file_downloaded
Dataset_01_jtttfbx342,aphids_disease_(115).jpg,original,Aphids_Disease,ccc522cc-7cfa-4650-aef7-3bc36c66f6cb,73b9eed328af55f1171ef31de3deece667a68e72bf4ebc77393991a6882d428f,73b9eed328af55f1171ef31de3deece667a68e72bf4ebc77393991a6882d428f,YES,ffff8181fff7f000,3815637,2024-12-30T20:16:19.969Z,SUCCESS,D:\curuma\turmeric_datasets\dataset_01\original\Aphids_Disease\aphids_disease_(115).jpg,https://data.mendeley.com/public-files/datasets/jtttfbx342/files/5c155c4d-5d6e-406f-b325-b8724bc9fffe/file_downloaded
Dataset_01_jtttfbx342,aphids_disease_(117).jpg,original,Aphids_Disease,ccc522cc-7cfa-4650-aef7-3bc36c66f6cb,70cd23ca12a2d83d5f41fd8b04565dc23f2b559538a82c465524f9e9865e15f0,70cd23ca12a2d83d5f41fd8b04565dc23f2b559538a82c465524f9e9865e15f0,YES,ffff8180f3fff4f0,3941989,2024-12-30T20:16:20.951Z,SUCCESS,D:\curuma\turmeric_datasets\dataset_01\original\Aphids_Disease\aphids_disease_(117).jpg,https://data.mendeley.com/public-files/datasets/jtttfbx342/files/f5514841-7ae4-4d1f-8779-3e3c337afa02/file_downloaded
Dataset_01_jtttfbx342,aphids_disease_(118).jpg,original,Aphids_Disease,ccc522cc-7cfa-4650-aef7-3bc36c66f6cb,995aa977589c5b877b908d514f992fcbfa7eec30e5b81dd0d25d5ff9434eda93,995aa977589c5b877b908d514f992fcbfa7eec30e5b81dd0d25d5ff9434eda93,YES,ffffff8100c2fcf8,3963406,2024-12-30T20:16:22.113Z,SUCCESS,D:\curuma\turmeric_datasets\dataset_01\original\Aphids_Disease\aphids_disease_(118).jpg,https://data.mendeley.com/public-files/datasets/jtttfbx342/files/8701b502-73d0-47de-943e-2e90599a832f/file_downloaded
Dataset_01_jtttfbx342,aphids_disease_(119).jpg,original,Aphids_Disease,ccc522cc-7cfa-4650-aef7-3bc36c66f6cb,2973ee28432ddda3d26fbf4cb7b77daca256e6b1c0e3b3e0aeb7d863b392d8ac,2973ee28432ddda3d26fbf4cb7b77daca256e6b1c0e3b3e0aeb7d863b392d8ac,YES,ffffe70100e3fffe,3960961,2024-12-30T20:16:25.802Z,SUCCESS,D:\curuma\turmeric_datasets\dataset_01\original\Aphids_Disease\aphids_disease_(119).jpg,https://data.mendeley.com/public-files/datasets/jtttfbx342/files/85ba77af-7722-445f-816f-682ff8aa09f0/file_downloaded
Dataset_01_jtttfbx342,aphids_disease_(12).jpg,original,Aphids_Disease,ccc522cc-7cfa-4650-aef7-3bc36c66f6cb,5b08a62af8347f2c0fb2275d6ef06316d013a994e9dcfe1257b8b0d83de36994,5b08a62af8347f2c0fb2275d6ef06316d013a994e9dcfe1257b8b0d83de36994,YES,ffff8701c0fffffc,3833167,2024-12-30T20:16:24.105Z,SUCCESS,D:\curuma\turmeric_datasets\dataset_01\original\Aphids_Disease\aphids_disease_(12).jpg,https://data.mendeley.com/public-files/datasets/jtttfbx342/files/7ad75f1d-4608-48dd-8727-c0c3a1504f75/file_downloaded
Dataset_01_jtttfbx342,aphids_disease_(120).jpg,original,Aphids_Disease,ccc522cc-7cfa-4650-aef7-3bc36c66f6cb,a691e68cc0a416260f72de31a477d0126ae1db5e2bf1bfbdc73c2af082834475,a691e68cc0a416260f72de31a477d0126ae1db5e2bf1bfbdc73c2af082834475,YES,ffff8100c3fff4e0,3916418,2024-12-30T20:16:27.525Z,SUCCESS,D:\curuma\turmeric_datasets\dataset_01\original\Aphids_Disease\aphids_disease_(120).jpg,https://data.mendeley.com/public-files/datasets/jtttfbx342/files/766a1670-1bcf-4bf4-8fa1-c9420a7c7a2a/file_downloaded
Dataset_01_jtttfbx342,aphids_disease_(121).jpg,original,Aphids_Disease,ccc522cc-7cfa-4650-aef7-3bc36c66f6cb,ff1b9446d80245a062d6bfbffe7cd33fe9e7714fbbcbc1cd7a840b11d04d7a87,ff1b9446d80245a062d6bfbffe7cd33fe9e7714fbbcbc1cd7a840b11d04d7a87,YES,ffffe78180e3ffc4,3915787,2024-12-30T20:16:28.228Z,SUCCESS,D:\curuma\turmeric_datasets\dataset_01\original\Aphids_Disease\aphids_disease_(121).jpg,https://data.mendeley.com/public-files/datasets/jtttfbx342/files/0b468fd0-eb8a-4f48-b18e-dba618fbd9d9/file_downloaded
Dataset_01_jtttfbx342,aphids_disease_(122).jpg,original,Aphids_Disease,ccc522cc-7cfa-4650-aef7-3bc36c66f6cb,c11241b959dba62a08c43b5676b3a6532212ea39739e18e724dfceeef1137900,c11241b959dba62a08c43b5676b3a6532212ea39739e18e724dfceeef1137900,YES,ffffc1c0e3fff0e0,3690087,2024-12-30T20:16:28.146Z,SUCCESS,D:\curuma\turmeric_datasets\dataset_01\original\Aphids_Disease\aphids_disease_(122).jpg,https://data.mendeley.com/public-files/datasets/jtttfbx342/files/0a401011-4d3d-4c35-8a54-1277fabc4acc/file_downloaded
Dataset_01_jtttfbx342,aphids_disease_(124).jpg,original,Aphids_Disease,ccc522cc-7cfa-4650-aef7-3bc36c66f6cb,57dbbdaad64e8b1597bdd662b1eb52422d9335f18912592bf3d66d040c6c40ba,57dbbdaad64e8b1597bdd662b1eb52422d9335f18912592bf3d66d040c6c40ba,YES,ffffc381c1f3fffc,3704298,2024-12-30T20:16:28.41Z,SUCCESS,D:\curuma\turmeric_datasets\dataset_01\original\Aphids_Disease\aphids_disease_(124).jpg,https://data.mendeley.com/public-files/datasets/jtttfbx342/files/9790b59f-9075-4c1b-b14d-bf27173fec50/file_downloaded
Dataset_01_jtttfbx342,aphids_disease_(123).jpg,original,Aphids_Disease,ccc522cc-7cfa-4650-aef7-3bc36c66f6cb,7e3e48e5632053dd1e7ed8b6bfa2a78fc1effbde87b701452836a4bdfd914b34,7e3e48e5632053dd1e7ed8b6bfa2a78fc1effbde87b701452836a4bdfd914b34,YES,ffffcf8280ccf0c0,3790015,2024-12-30T20:16:28.369Z,SUCCESS,D:\curuma\turmeric_datasets\dataset_01\original\Aphids_Disease\aphids_disease_(123).jpg,https://data.mendeley.com/public-files/datasets/jtttfbx342/files/5e283a89-8b3f-4a92-b063-21ec2c0315eb/file_downloaded
Dataset_01_jtttfbx342,aphids_disease_(125).jpg,original,Aphids_Disease,ccc522cc-7cfa-4650-aef7-3bc36c66f6cb,830d14b983f49bfa1b8c2651664906549241d103f7b28b29b9b47b03750fe139,830d14b983f49bfa1b8c2651664906549241d103f7b28b29b9b47b03750fe139,YES,ffffc381c3fff0e0,3754015,2024-12-30T20:16:28.448Z,SUCCESS,D:\curuma\turmeric_datasets\dataset_01\original\Aphids_Disease\aphids_disease_(125).jpg,https://data.mendeley.com/public-files/datasets/jtttfbx342/files/e2d5c45f-b5a5-44c1-9493-898b166eaa22/file_downloaded
Dataset_01_jtttfbx342,aphids_disease_(126).jpg,original,Aphids_Disease,ccc522cc-7cfa-4650-aef7-3bc36c66f6cb,bf9baa1d7e39aa3c539918799a1b19012c2111a0499fe96805e62d18d37895ee,bf9baa1d7e39aa3c539918799a1b19012c2111a0499fe96805e62d18d37895ee,YES,ffffe781c0f5f4c0,3797657,2024-12-30T20:16:28.898Z,SUCCESS,D:\curuma\turmeric_datasets\dataset_01\original\Aphids_Disease\aphids_disease_(126).jpg,https://data.mendeley.com/public-files/datasets/jtttfbx342/files/a93bf433-db1e-4783-8de6-9075c1fb4401/file_downloaded
Dataset_01_jtttfbx342,aphids_disease_(127).jpg,original,Aphids_Disease,ccc522cc-7cfa-4650-aef7-3bc36c66f6cb,419a17c31479c8e8fe8f744f7066a609dbd3b0ee0ab109963edec2d334d18f28,419a17c31479c8e8fe8f744f7066a609dbd3b0ee0ab109963edec2d334d18f28,YES,ffff0180e0ffffe0,4175709,2024-12-30T20:16:29.41Z,SUCCESS,D:\curuma\turmeric_datasets\dataset_01\original\Aphids_Disease\aphids_disease_(127).jpg,https://data.mendeley.com/public-files/datasets/jtttfbx342/files/d4f614b5-cb82-44fc-94e1-c901380174c6/file_downloaded
Dataset_01_jtttfbx342,aphids_disease_(128).jpg,original,Aphids_Disease,ccc522cc-7cfa-4650-aef7-3bc36c66f6cb,6cdb3e4665c152c7244fd41a5e8f1eff39b2d85c9224de8a1cc39c58478c3679,6cdb3e4665c152c7244fd41a5e8f1eff39b2d85c9224de8a1cc39c58478c3679,YES,ffffc70080c7ffc1,4180334,2024-12-30T20:16:30.056Z,SUCCESS,D:\curuma\turmeric_datasets\dataset_01\original\Aphids_Disease\aphids_disease_(128).jpg,https://data.mendeley.com/public-files/datasets/jtttfbx342/files/474c448e-3bc1-42ca-bcc2-405fa1bfc78e/file_downloaded
Dataset_01_jtttfbx342,aphids_disease_(129).jpg,original,Aphids_Disease,ccc522cc-7cfa-4650-aef7-3bc36c66f6cb,a56192b36102dd182966eaad6c64f249bee4171393dc017833264f875fe09f34,a56192b36102dd182966eaad6c64f249bee4171393dc017833264f875fe09f34,YES,ffffc70180c1ffff,4134968,2024-12-30T20:16:30.352Z,SUCCESS,D:\curuma\turmeric_datasets\dataset_01\original\Aphids_Disease\aphids_disease_(129).jpg,https://data.mendeley.com/public-files/datasets/jtttfbx342/files/ea4ff8d7-826a-494b-bff2-aa0a6e3acfd0/file_downloaded
Dataset_01_jtttfbx342,aphids_disease_(13).jpg,original,Aphids_Disease,ccc522cc-7cfa-4650-aef7-3bc36c66f6cb,2e490c1b7c71ec3ac6e4e53b337b9608bfe240b35330fdf3831c663e2dad5d17,2e490c1b7c71ec3ac6e4e53b337b9608bfe240b35330fdf3831c663e2dad5d17,YES,ffffff8000ffffff,3843189,2024-12-30T20:16:35.205Z,SUCCESS,D:\curuma\turmeric_datasets\dataset_01\original\Aphids_Disease\aphids_disease_(13).jpg,https://data.mendeley.com/public-files/datasets/jtttfbx342/files/80bf1687-1499-40f7-9bdf-3d2565ed81e6/file_downloaded
Dataset_01_jtttfbx342,aphids_disease_(130).jpg,original,Aphids_Disease,ccc522cc-7cfa-4650-aef7-3bc36c66f6cb,1c034aa1966abc33a10b44987c3f14d2ea20959a2fb4fa3fbba799695bd868ff,1c034aa1966abc33a10b44987c3f14d2ea20959a2fb4fa3fbba799695bd868ff,YES,ffff0100c1fffff4,4151354,2024-12-30T20:16:37.308Z,SUCCESS,D:\curuma\turmeric_datasets\dataset_01\original\Aphids_Disease\aphids_disease_(130).jpg,https://data.mendeley.com/public-files/datasets/jtttfbx342/files/d329bbf8-04e4-46c2-a155-929d9e3ece2a/file_downloaded
Dataset_01_jtttfbx342,aphids_disease_(133).jpg,original,Aphids_Disease,ccc522cc-7cfa-4650-aef7-3bc36c66f6cb,0a83d4f9b5f891639756aad29ecebefbe0b5e4c936b7d7bec3684ca3dfe286f1,0a83d4f9b5f891639756aad29ecebefbe0b5e4c936b7d7bec3684ca3dfe286f1,YES,ffffff8280ecf0c0,3685948,2024-12-30T20:16:33.705Z,SUCCESS,D:\curuma\turmeric_datasets\dataset_01\original\Aphids_Disease\aphids_disease_(133).jpg,https://data.mendeley.com/public-files/datasets/jtttfbx342/files/70582123-f596-4700-a510-0399025e843f/file_downloaded
Dataset_01_jtttfbx342,aphids_disease_(132).jpg,original,Aphids_Disease,ccc522cc-7cfa-4650-aef7-3bc36c66f6cb,fe03d5a06635141b8e956a1496db5d7ba7c6f7818efdf1a629ac340be6e7edea,fe03d5a06635141b8e956a1496db5d7ba7c6f7818efdf1a629ac340be6e7edea,YES,ffffc3c1e3fcf0e0,3717769,2024-12-30T20:16:36.411Z,SUCCESS,D:\curuma\turmeric_datasets\dataset_01\original\Aphids_Disease\aphids_disease_(132).jpg,https://data.mendeley.com/public-files/datasets/jtttfbx342/files/7cde2cd2-eabd-4084-97f0-5e004b41a975/file_downloaded
Dataset_01_jtttfbx342,aphids_disease_(131).jpg,original,Aphids_Disease,ccc522cc-7cfa-4650-aef7-3bc36c66f6cb,2e7ac8c2b8e28fcde49a4f9c116860afcb62aab2590c8d277da39f7dca3eaf4c,2e7ac8c2b8e28fcde49a4f9c116860afcb62aab2590c8d277da39f7dca3eaf4c,YES,ffffff8080c1ffe0,3981128,2024-12-30T20:16:32.493Z,SUCCESS,D:\curuma\turmeric_datasets\dataset_01\original\Aphids_Disease\aphids_disease_(131).jpg,https://data.mendeley.com/public-files/datasets/jtttfbx342/files/d0fd56aa-92e8-4bc4-b985-f6d5fb429be0/file_downloaded
Dataset_01_jtttfbx342,aphids_disease_(134).jpg,original,Aphids_Disease,ccc522cc-7cfa-4650-aef7-3bc36c66f6cb,62c3666fd0a2f1d04d8c2497aa9e85d34ae0b87331397f4ea55ae50b93a18da7,62c3666fd0a2f1d04d8c2497aa9e85d34ae0b87331397f4ea55ae50b93a18da7,YES,fffff781c1f3fbd0,3684680,2024-12-30T20:16:37.234Z,SUCCESS,D:\curuma\turmeric_datasets\dataset_01\original\Aphids_Disease\aphids_disease_(134).jpg,https://data.mendeley.com/public-files/datasets/jtttfbx342/files/f046f545-145f-42ae-9330-09090f187f01/file_downloaded
Dataset_01_jtttfbx342,aphids_disease_(135).jpg,original,Aphids_Disease,ccc522cc-7cfa-4650-aef7-3bc36c66f6cb,a37d4077250c835699de02a130ec41a3f8cadc15b0f29df3961fd887cca4b82b,a37d4077250c835699de02a130ec41a3f8cadc15b0f29df3961fd887cca4b82b,YES,ffffe381c3fef0c0,3717114,2024-12-30T20:16:36.877Z,SUCCESS,D:\curuma\turmeric_datasets\dataset_01\original\Aphids_Disease\aphids_disease_(135).jpg,https://data.mendeley.com/public-files/datasets/jtttfbx342/files/0769df9e-448a-4411-a906-eab647a47ba0/file_downloaded
Dataset_01_jtttfbx342,aphids_disease_(136).jpg,original,Aphids_Disease,ccc522cc-7cfa-4650-aef7-3bc36c66f6cb,5f320fa3c57aa02485e6ebd74861f3e1d142a9f7693983e8cec4c0d1c5a28c22,5f320fa3c57aa02485e6ebd74861f3e1d142a9f7693983e8cec4c0d1c5a28c22,YES,ffffe380c0fce0c0,3748827,2024-12-30T20:16:37.594Z,SUCCESS,D:\curuma\turmeric_datasets\dataset_01\original\Aphids_Disease\aphids_disease_(136).jpg,https://data.mendeley.com/public-files/datasets/jtttfbx342/files/19e1e44f-8e8b-4b00-a405-20b06bd98b7f/file_downloaded
Dataset_01_jtttfbx342,aphids_disease_(138).jpg,original,Aphids_Disease,ccc522cc-7cfa-4650-aef7-3bc36c66f6cb,1c62ac8bf7ad72246ad2acc99c8d0734cf394f10b553fe488d756940b06a04bf,1c62ac8bf7ad72246ad2acc99c8d0734cf394f10b553fe488d756940b06a04bf,YES,ffffe78081c7ffff,3945250,2024-12-30T20:16:37.479Z,SUCCESS,D:\curuma\turmeric_datasets\dataset_01\original\Aphids_Disease\aphids_disease_(138).jpg,https://data.mendeley.com/public-files/datasets/jtttfbx342/files/339db5f7-6640-4020-bb2b-fc1b7e07a30b/file_downloaded
Dataset_01_jtttfbx342,aphids_disease_(14).jpg,original,Aphids_Disease,ccc522cc-7cfa-4650-aef7-3bc36c66f6cb,f8334d3f31070865c8b7206c65bb51d071b65aa4ae824cdaee2273e120f60852,f8334d3f31070865c8b7206c65bb51d071b65aa4ae824cdaee2273e120f60852,YES,ffff8100c3fffffe,3750471,2024-12-30T20:16:38.565Z,SUCCESS,D:\curuma\turmeric_datasets\dataset_01\original\Aphids_Disease\aphids_disease_(14).jpg,https://data.mendeley.com/public-files/datasets/jtttfbx342/files/3498a1ab-687c-452c-a276-0689f2e5f599/file_downloaded
Dataset_01_jtttfbx342,aphids_disease_(137).jpg,original,Aphids_Disease,ccc522cc-7cfa-4650-aef7-3bc36c66f6cb,d7da8e88bd6083fa17ed1598f4db64c78e49abeadd19ea451ecee043acc5373c,d7da8e88bd6083fa17ed1598f4db64c78e49abeadd19ea451ecee043acc5373c,YES,ffff8100e1ffffe0,4002759,2024-12-30T20:16:37.274Z,SUCCESS,D:\curuma\turmeric_datasets\dataset_01\original\Aphids_Disease\aphids_disease_(137).jpg,https://data.mendeley.com/public-files/datasets/jtttfbx342/files/c228e265-8b83-475e-85f7-b743b62acd6b/file_downloaded
Dataset_01_jtttfbx342,aphids_disease_(139).jpg,original,Aphids_Disease,ccc522cc-7cfa-4650-aef7-3bc36c66f6cb,e986880396b127ba4cea01df15803f90283516ee66d986efa44132933feccc1e,e986880396b127ba4cea01df15803f90283516ee66d986efa44132933feccc1e,YES,ffffe30080e3fffe,4048540,2024-12-30T20:16:38.391Z,SUCCESS,D:\curuma\turmeric_datasets\dataset_01\original\Aphids_Disease\aphids_disease_(139).jpg,https://data.mendeley.com/public-files/datasets/jtttfbx342/files/2004d49f-ed1b-470a-b7e3-9a7c49702e78/file_downloaded
Dataset_01_jtttfbx342,aphids_disease_(140).jpg,original,Aphids_Disease,ccc522cc-7cfa-4650-aef7-3bc36c66f6cb,79fa9d88b7ab75b29e7e92a5e932b81553ddb942b6cb6eac25ae424d80649344,79fa9d88b7ab75b29e7e92a5e932b81553ddb942b6cb6eac25ae424d80649344,YES,ffffc10081f7fff4,4066105,2024-12-30T20:16:39.49Z,SUCCESS,D:\curuma\turmeric_datasets\dataset_01\original\Aphids_Disease\aphids_disease_(140).jpg,https://data.mendeley.com/public-files/datasets/jtttfbx342/files/207a2d83-ba5b-40eb-b5c6-78c4cdb1349b/file_downloaded
Dataset_01_jtttfbx342,aphids_disease_(141).jpg,original,Aphids_Disease,ccc522cc-7cfa-4650-aef7-3bc36c66f6cb,89cabfdf72789b9541f15daf6d78aba241f5cda1a0eddd594e717ce91a8af3e8,89cabfdf72789b9541f15daf6d78aba241f5cda1a0eddd594e717ce91a8af3e8,YES,fffff78080c1ffe0,3955714,2024-12-30T20:16:41.061Z,SUCCESS,D:\curuma\turmeric_datasets\dataset_01\original\Aphids_Disease\aphids_disease_(141).jpg,https://data.mendeley.com/public-files/datasets/jtttfbx342/files/90923378-056d-48d3-8007-0f223f5707d7/file_downloaded
Dataset_01_jtttfbx342,aphids_disease_(142).jpg,original,Aphids_Disease,ccc522cc-7cfa-4650-aef7-3bc36c66f6cb,a5e3a04c0f19c40a96c33c3ef6a82714966bd9fc0162f80f26e8b0497427275b,a5e3a04c0f19c40a96c33c3ef6a82714966bd9fc0162f80f26e8b0497427275b,YES,ffffc381e1fff0f0,3695635,2024-12-30T20:16:41.537Z,SUCCESS,D:\curuma\turmeric_datasets\dataset_01\original\Aphids_Disease\aphids_disease_(142).jpg,https://data.mendeley.com/public-files/datasets/jtttfbx342/files/d47a4abd-330c-4696-987f-e36dafbd71d6/file_downloaded
Dataset_01_jtttfbx342,aphids_disease_(143).jpg,original,Aphids_Disease,ccc522cc-7cfa-4650-aef7-3bc36c66f6cb,8cd58072a8c4ccb9021b8823dbf05030df18b9483ec74380016ddf8f0c8a7f2a,8cd58072a8c4ccb9021b8823dbf05030df18b9483ec74380016ddf8f0c8a7f2a,YES,ffffff8180c4f0c0,3735732,2024-12-30T20:16:42.271Z,SUCCESS,D:\curuma\turmeric_datasets\dataset_01\original\Aphids_Disease\aphids_disease_(143).jpg,https://data.mendeley.com/public-files/datasets/jtttfbx342/files/4e704a2d-0547-4e1b-845c-51386bbc39a5/file_downloaded
Dataset_01_jtttfbx342,aphids_disease_(145).jpg,original,Aphids_Disease,ccc522cc-7cfa-4650-aef7-3bc36c66f6cb,4c5c160496775f199d1455a0cf2e699dcbbce888afc03b84f31e8c74ebfea635,4c5c160496775f199d1455a0cf2e699dcbbce888afc03b84f31e8c74ebfea635,YES,ffffff8181f7f8f0,3731299,2024-12-30T20:16:42.298Z,SUCCESS,D:\curuma\turmeric_datasets\dataset_01\original\Aphids_Disease\aphids_disease_(145).jpg,https://data.mendeley.com/public-files/datasets/jtttfbx342/files/60e50a6d-b0e5-494c-8700-6b6fbcbbb7f1/file_downloaded
Dataset_01_jtttfbx342,aphids_disease_(144).jpg,original,Aphids_Disease,ccc522cc-7cfa-4650-aef7-3bc36c66f6cb,baae1f0643836f23065ae8285ab406d5d71451c1544a5be4d6c8b11b6b0e0a51,baae1f0643836f23065ae8285ab406d5d71451c1544a5be4d6c8b11b6b0e0a51,YES,ffffff83c1e3fff8,3752614,2024-12-30T20:16:42.244Z,SUCCESS,D:\curuma\turmeric_datasets\dataset_01\original\Aphids_Disease\aphids_disease_(144).jpg,https://data.mendeley.com/public-files/datasets/jtttfbx342/files/e66ff5b9-f63c-4707-94bf-989ce95baaff/file_downloaded
Dataset_01_jtttfbx342,aphids_disease_(146).jpg,original,Aphids_Disease,ccc522cc-7cfa-4650-aef7-3bc36c66f6cb,ef46adf602f518b1c6d91fa7043d7bece7fc3f2436f5cc0aeeff5717ea6bd2a6,ef46adf602f518b1c6d91fa7043d7bece7fc3f2436f5cc0aeeff5717ea6bd2a6,YES,ffffffc380c0fcc0,3757842,2024-12-30T20:16:42.463Z,SUCCESS,D:\curuma\turmeric_datasets\dataset_01\original\Aphids_Disease\aphids_disease_(146).jpg,https://data.mendeley.com/public-files/datasets/jtttfbx342/files/318657a4-42f5-4255-9dbd-9d85d3c3f45c/file_downloaded
Dataset_01_jtttfbx342,aphids_disease_(147).jpg,original,Aphids_Disease,ccc522cc-7cfa-4650-aef7-3bc36c66f6cb,ce6563cb7a2856d0879e0ff4745c6a7a7e5462f88ae9024ab6e6a75e03e95a7c,ce6563cb7a2856d0879e0ff4745c6a7a7e5462f88ae9024ab6e6a75e03e95a7c,YES,ffc70080e1fffff4,4115288,2024-12-30T20:16:42.652Z,SUCCESS,D:\curuma\turmeric_datasets\dataset_01\original\Aphids_Disease\aphids_disease_(147).jpg,https://data.mendeley.com/public-files/datasets/jtttfbx342/files/a9bb302d-81d2-48d9-aa2b-b60b33ddb172/file_downloaded
Dataset_01_jtttfbx342,aphids_disease_(148).jpg,original,Aphids_Disease,ccc522cc-7cfa-4650-aef7-3bc36c66f6cb,e2e924ef1cb9a87aa1579c28616bd147408b8b437ab5ee7b5505372c4c5a23b5,e2e924ef1cb9a87aa1579c28616bd147408b8b437ab5ee7b5505372c4c5a23b5,YES,ffffdf810081e7ff,4180603,2024-12-30T20:16:43.048Z,SUCCESS,D:\curuma\turmeric_datasets\dataset_01\original\Aphids_Disease\aphids_disease_(148).jpg,https://data.mendeley.com/public-files/datasets/jtttfbx342/files/978850d6-6508-4cea-912d-53b76f6d39b4/file_downloaded
Dataset_01_jtttfbx342,aphids_disease_(149).jpg,original,Aphids_Disease,ccc522cc-7cfa-4650-aef7-3bc36c66f6cb,33beb571c1a1747bc5315d31b6fc4f3ed7b210a41ac081f56cc809a3126f551e,33beb571c1a1747bc5315d31b6fc4f3ed7b210a41ac081f56cc809a3126f551e,YES,ffffc781c0e1ffff,4368236,2024-12-30T20:16:43.299Z,SUCCESS,D:\curuma\turmeric_datasets\dataset_01\original\Aphids_Disease\aphids_disease_(149).jpg,https://data.mendeley.com/public-files/datasets/jtttfbx342/files/e148747a-f949-4c77-8915-035f3689a7b6/file_downloaded
Dataset_01_jtttfbx342,aphids_disease_(15).jpg,original,Aphids_Disease,ccc522cc-7cfa-4650-aef7-3bc36c66f6cb,3a23c09a41db192435bbbc5bee80f60385529c86ff6054d4fa82d18d65ed7513,3a23c09a41db192435bbbc5bee80f60385529c86ff6054d4fa82d18d65ed7513,YES,ffffff8080fffefe,3580567,2024-12-30T20:16:43.271Z,SUCCESS,D:\curuma\turmeric_datasets\dataset_01\original\Aphids_Disease\aphids_disease_(15).jpg,https://data.mendeley.com/public-files/datasets/jtttfbx342/files/dfb49a1d-6201-444d-aa92-ca9f89d59159/file_downloaded
Dataset_01_jtttfbx342,aphids_disease_(151).jpg,original,Aphids_Disease,ccc522cc-7cfa-4650-aef7-3bc36c66f6cb,7bde5715f1bc467acced088f9c52a6f2700f73b8b45d2d3acad3f15d3b4069df,7bde5715f1bc467acced088f9c52a6f2700f73b8b45d2d3acad3f15d3b4069df,YES,ffffef8180c1f7c4,4046445,2024-12-30T20:16:44.353Z,SUCCESS,D:\curuma\turmeric_datasets\dataset_01\original\Aphids_Disease\aphids_disease_(151).jpg,https://data.mendeley.com/public-files/datasets/jtttfbx342/files/13bed8d8-a284-4be1-b98d-bdbf8cc21dd6/file_downloaded
Dataset_01_jtttfbx342,aphids_disease_(152).jpg,original,Aphids_Disease,ccc522cc-7cfa-4650-aef7-3bc36c66f6cb,439ca606053401a1c645e916fb288702c69d7ffd513caf822aef8a1c8260fdce,439ca606053401a1c645e916fb288702c69d7ffd513caf822aef8a1c8260fdce,YES,ffff8380c1fffffc,4011699,2024-12-30T20:16:45.427Z,SUCCESS,D:\curuma\turmeric_datasets\dataset_01\original\Aphids_Disease\aphids_disease_(152).jpg,https://data.mendeley.com/public-files/datasets/jtttfbx342/files/067fa73a-61ab-4fc3-8ab4-1df834be41f7/file_downloaded
Dataset_01_jtttfbx342,aphids_disease_(150).jpg,original,Aphids_Disease,ccc522cc-7cfa-4650-aef7-3bc36c66f6cb,4665adfc2878a3bd7c998803af2d56f78505b8bdaed8645b85d67fd606fab9dc,4665adfc2878a3bd7c998803af2d56f78505b8bdaed8645b85d67fd606fab9dc,YES,ffffc78080e1fff0,4179573,2024-12-30T20:16:43.98Z,SUCCESS,D:\curuma\turmeric_datasets\dataset_01\original\Aphids_Disease\aphids_disease_(150).jpg,https://data.mendeley.com/public-files/datasets/jtttfbx342/files/f431497d-3956-4d72-9435-b59838ab4eaa/file_downloaded
Dataset_01_jtttfbx342,aphids_disease_(153).jpg,original,Aphids_Disease,ccc522cc-7cfa-4650-aef7-3bc36c66f6cb,edc751c0983e265e3aa31222ff08ac76d5622fd718ad1edeb7c3ad1d31f9329c,edc751c0983e265e3aa31222ff08ac76d5622fd718ad1edeb7c3ad1d31f9329c,YES,ffffe78000efffff,4022732,2024-12-30T20:16:47.086Z,SUCCESS,D:\curuma\turmeric_datasets\dataset_01\original\Aphids_Disease\aphids_disease_(153).jpg,https://data.mendeley.com/public-files/datasets/jtttfbx342/files/b12c716a-28cf-47a0-9bb9-62b56f5c002e/file_downloaded
Dataset_01_jtttfbx342,aphids_disease_(154).jpg,original,Aphids_Disease,ccc522cc-7cfa-4650-aef7-3bc36c66f6cb,0c8e3b21b37f4e4921f9076f5f7b4ffe8889fdb08f68b27497bbbea57b019602,0c8e3b21b37f4e4921f9076f5f7b4ffe8889fdb08f68b27497bbbea57b019602,YES,ffffe30180e1ffff,4259069,2024-12-30T20:16:47.369Z,SUCCESS,D:\curuma\turmeric_datasets\dataset_01\original\Aphids_Disease\aphids_disease_(154).jpg,https://data.mendeley.com/public-files/datasets/jtttfbx342/files/60ff1655-5175-4bc0-a730-143a85917c3f/file_downloaded
Dataset_01_jtttfbx342,aphids_disease_(155).jpg,original,Aphids_Disease,ccc522cc-7cfa-4650-aef7-3bc36c66f6cb,8c0957866c45f8a653ecd723f705fbfc2a4fe9a171c009f94a8cc432e8e5029a,8c0957866c45f8a653ecd723f705fbfc2a4fe9a171c009f94a8cc432e8e5029a,YES,ffffe38083fff8f0,3987223,2024-12-30T20:16:46.998Z,SUCCESS,D:\curuma\turmeric_datasets\dataset_01\original\Aphids_Disease\aphids_disease_(155).jpg,https://data.mendeley.com/public-files/datasets/jtttfbx342/files/a35d41d6-1476-4325-ab95-a3e01290ec11/file_downloaded
Dataset_01_jtttfbx342,aphids_disease_(156).jpg,original,Aphids_Disease,ccc522cc-7cfa-4650-aef7-3bc36c66f6cb,96711ed05cac56b71368b34d59b7f046a80dff1e2fd406dc5caf5087690e81d1,96711ed05cac56b71368b34d59b7f046a80dff1e2fd406dc5caf5087690e81d1,YES,ffffc38080ffffc0,4116168,2024-12-30T20:16:47.43Z,SUCCESS,D:\curuma\turmeric_datasets\dataset_01\original\Aphids_Disease\aphids_disease_(156).jpg,https://data.mendeley.com/public-files/datasets/jtttfbx342/files/cc2f6ab8-2fb2-45b5-bbcc-561be5b56fe6/file_downloaded
Dataset_01_jtttfbx342,aphids_disease_(157).jpg,original,Aphids_Disease,ccc522cc-7cfa-4650-aef7-3bc36c66f6cb,60bb067f6a6d1fc2daa3fb6cdb161a93a0e881b9fe5c541d76107370a7b00369,60bb067f6a6d1fc2daa3fb6cdb161a93a0e881b9fe5c541d76107370a7b00369,YES,ffff8380c1fffff4,3967008,2024-12-30T20:16:48.209Z,SUCCESS,D:\curuma\turmeric_datasets\dataset_01\original\Aphids_Disease\aphids_disease_(157).jpg,https://data.mendeley.com/public-files/datasets/jtttfbx342/files/eafd564f-9162-4c1c-b09e-89cb84ccff2f/file_downloaded
Dataset_01_jtttfbx342,aphids_disease_(158).jpg,original,Aphids_Disease,ccc522cc-7cfa-4650-aef7-3bc36c66f6cb,5d09e3bff273f965b456326d0d31a3acea446b749db1a96683e881739ec4ae15,5d09e3bff273f965b456326d0d31a3acea446b749db1a96683e881739ec4ae15,YES,ffff8f0080e3ffe0,3995837,2024-12-30T20:16:48.262Z,SUCCESS,D:\curuma\turmeric_datasets\dataset_01\original\Aphids_Disease\aphids_disease_(158).jpg,https://data.mendeley.com/public-files/datasets/jtttfbx342/files/759a9f5a-23cc-4b82-b94b-fb1d54cb2e98/file_downloaded
Dataset_01_jtttfbx342,aphids_disease_(159).jpg,original,Aphids_Disease,ccc522cc-7cfa-4650-aef7-3bc36c66f6cb,a2335c9d458c5f233a88d3272839d0c462e1765ef9390dd4b6378be2ed2a7dbe,a2335c9d458c5f233a88d3272839d0c462e1765ef9390dd4b6378be2ed2a7dbe,YES,ffffc78181e3fffe,4089143,2024-12-30T20:16:47.927Z,SUCCESS,D:\curuma\turmeric_datasets\dataset_01\original\Aphids_Disease\aphids_disease_(159).jpg,https://data.mendeley.com/public-files/datasets/jtttfbx342/files/90c974ba-4cc8-4aef-b3dc-a8af593bc29a/file_downloaded
Dataset_01_jtttfbx342,aphids_disease_(16).jpg,original,Aphids_Disease,ccc522cc-7cfa-4650-aef7-3bc36c66f6cb,04ca23e27e66e4bdd80633b80265bd03b17e2cd9e744c9b5cc90a529d1154cc7,04ca23e27e66e4bdd80633b80265bd03b17e2cd9e744c9b5cc90a529d1154cc7,YES,ffff0700f0ffbf07,3713681,2024-12-30T20:16:48.156Z,SUCCESS,D:\curuma\turmeric_datasets\dataset_01\original\Aphids_Disease\aphids_disease_(16).jpg,https://data.mendeley.com/public-files/datasets/jtttfbx342/files/fdbe0df0-9b43-451c-85f6-fb12fdb817ca/file_downloaded
Dataset_01_jtttfbx342,aphids_disease_(160).jpg,original,Aphids_Disease,ccc522cc-7cfa-4650-aef7-3bc36c66f6cb,539778f8c6894160788e27df704cc8bb39814ff566138aabe7b451375babe8de,539778f8c6894160788e27df704cc8bb39814ff566138aabe7b451375babe8de,YES,ffffc38081fffffe,4130969,2024-12-30T20:16:48.361Z,SUCCESS,D:\curuma\turmeric_datasets\dataset_01\original\Aphids_Disease\aphids_disease_(160).jpg,https://data.mendeley.com/public-files/datasets/jtttfbx342/files/97701315-d2d5-4118-9bea-b7cb264c519c/file_downloaded
Dataset_01_jtttfbx342,aphids_disease_(161).jpg,original,Aphids_Disease,ccc522cc-7cfa-4650-aef7-3bc36c66f6cb,6e977ec500331fb47c917593eae1b51c17ab0f60fc8d449a09241c9e4ddbc3ed,6e977ec500331fb47c917593eae1b51c17ab0f60fc8d449a09241c9e4ddbc3ed,YES,ffffff8380c1fce0,3931572,2024-12-30T20:16:48.709Z,SUCCESS,D:\curuma\turmeric_datasets\dataset_01\original\Aphids_Disease\aphids_disease_(161).jpg,https://data.mendeley.com/public-files/datasets/jtttfbx342/files/b042b70e-6d30-4493-bcc8-6a09f549cff5/file_downloaded
Dataset_01_jtttfbx342,aphids_disease_(162).jpg,original,Aphids_Disease,ccc522cc-7cfa-4650-aef7-3bc36c66f6cb,41f5d4e69aec021393dc6a9956a5d5c99d233593bbbc43f3273fa8310065dfd4,41f5d4e69aec021393dc6a9956a5d5c99d233593bbbc43f3273fa8310065dfd4,YES,ffff8180c3fffff4,3928553,2024-12-30T20:16:50.483Z,SUCCESS,D:\curuma\turmeric_datasets\dataset_01\original\Aphids_Disease\aphids_disease_(162).jpg,https://data.mendeley.com/public-files/datasets/jtttfbx342/files/ed466a3a-59c7-496b-8333-a37ec2ba703f/file_downloaded
Dataset_01_jtttfbx342,aphids_disease_(163).jpg,original,Aphids_Disease,ccc522cc-7cfa-4650-aef7-3bc36c66f6cb,7f2f2091e0f2ef701aba4eddc041c606547adf0bc651f86093dd62a9ca1f4a5c,7f2f2091e0f2ef701aba4eddc041c606547adf0bc651f86093dd62a9ca1f4a5c,YES,ffffc70183efff6f,3861015,2024-12-30T20:16:49.802Z,SUCCESS,D:\curuma\turmeric_datasets\dataset_01\original\Aphids_Disease\aphids_disease_(163).jpg,https://data.mendeley.com/public-files/datasets/jtttfbx342/files/aa634c48-1caa-4a5e-828f-00b29121963a/file_downloaded
Dataset_01_jtttfbx342,aphids_disease_(164).jpg,original,Aphids_Disease,ccc522cc-7cfa-4650-aef7-3bc36c66f6cb,6801f2fe5bd1d09b299a870b751bee69b5138e4957667865bb8eb8d360077257,6801f2fe5bd1d09b299a870b751bee69b5138e4957667865bb8eb8d360077257,YES,ffffe381c0e1ffff,3890921,2024-12-30T20:16:51.615Z,SUCCESS,D:\curuma\turmeric_datasets\dataset_01\original\Aphids_Disease\aphids_disease_(164).jpg,https://data.mendeley.com/public-files/datasets/jtttfbx342/files/15280507-61dd-48f1-a1c6-8ee1039e78f6/file_downloaded
Dataset_01_jtttfbx342,aphids_disease_(166).jpg,original,Aphids_Disease,ccc522cc-7cfa-4650-aef7-3bc36c66f6cb,938f0f1cf188a9485715b0f0cbbe675851a60499333f403497511a042bd25b45,938f0f1cf188a9485715b0f0cbbe675851a60499333f403497511a042bd25b45,YES,ffffc381c1ffff60,3825899,2024-12-30T20:16:52.684Z,SUCCESS,D:\curuma\turmeric_datasets\dataset_01\original\Aphids_Disease\aphids_disease_(166).jpg,https://data.mendeley.com/public-files/datasets/jtttfbx342/files/bd598b7e-8677-4421-bcf0-12ffe37b741f/file_downloaded
Dataset_01_jtttfbx342,aphids_disease_(165).jpg,original,Aphids_Disease,ccc522cc-7cfa-4650-aef7-3bc36c66f6cb,1cb9483ff9623cb1112d9282ccad91056ccc2a1d0798b287d43961f4e43afdc1,1cb9483ff9623cb1112d9282ccad91056ccc2a1d0798b287d43961f4e43afdc1,YES,ffff8101c3fffff0,3847560,2024-12-30T20:16:51.646Z,SUCCESS,D:\curuma\turmeric_datasets\dataset_01\original\Aphids_Disease\aphids_disease_(165).jpg,https://data.mendeley.com/public-files/datasets/jtttfbx342/files/0bfd311d-9741-45ca-a6a4-d3ac042f5520/file_downloaded
Dataset_01_jtttfbx342,aphids_disease_(168).jpg,original,Aphids_Disease,ccc522cc-7cfa-4650-aef7-3bc36c66f6cb,ca175ca96efcf8678ca14057652a84479ffa967b55503d0f685737b592782ae0,ca175ca96efcf8678ca14057652a84479ffa967b55503d0f685737b592782ae0,YES,ffffff8181c7ff60,3836887,2024-12-30T20:16:53.799Z,SUCCESS,D:\curuma\turmeric_datasets\dataset_01\original\Aphids_Disease\aphids_disease_(168).jpg,https://data.mendeley.com/public-files/datasets/jtttfbx342/files/ddeb7034-a9dd-4fde-9bcf-b2f7dd48a615/file_downloaded
Dataset_01_jtttfbx342,aphids_disease_(169).jpg,original,Aphids_Disease,ccc522cc-7cfa-4650-aef7-3bc36c66f6cb,033978578d47a2f17533d3f8b6fa5bbf6760f73ceba4ceca110084b0c40efb44,033978578d47a2f17533d3f8b6fa5bbf6760f73ceba4ceca110084b0c40efb44,YES,ffffe381c0f3ff78,3901054,2024-12-30T20:16:53.826Z,SUCCESS,D:\curuma\turmeric_datasets\dataset_01\original\Aphids_Disease\aphids_disease_(169).jpg,https://data.mendeley.com/public-files/datasets/jtttfbx342/files/662141ff-96c9-4fd3-bd3a-536fa154730d/file_downloaded
Dataset_01_jtttfbx342,aphids_disease_(17).jpg,original,Aphids_Disease,ccc522cc-7cfa-4650-aef7-3bc36c66f6cb,732f7e7b9d52a6749fd0b8553c5534f3de79d13d721e9b72e66140f30da39d79,732f7e7b9d52a6749fd0b8553c5534f3de79d13d721e9b72e66140f30da39d79,YES,ffff1f0080ff8300,3720533,2024-12-30T20:16:53.639Z,SUCCESS,D:\curuma\turmeric_datasets\dataset_01\original\Aphids_Disease\aphids_disease_(17).jpg,https://data.mendeley.com/public-files/datasets/jtttfbx342/files/462aa3f9-6b4f-4467-b335-9134a7a0a602/file_downloaded
Dataset_01_jtttfbx342,aphids_disease_(170).jpg,original,Aphids_Disease,ccc522cc-7cfa-4650-aef7-3bc36c66f6cb,062d98802c413366c60b4aaf525d1aeddf4b099a7e00db325908fb3084ddad52,062d98802c413366c60b4aaf525d1aeddf4b099a7e00db325908fb3084ddad52,YES,ffffc181e3fff0f0,3903994,2024-12-30T20:16:53.855Z,SUCCESS,D:\curuma\turmeric_datasets\dataset_01\original\Aphids_Disease\aphids_disease_(170).jpg,https://data.mendeley.com/public-files/datasets/jtttfbx342/files/841c216e-9c7d-4c4a-a8af-03c1da621bae/file_downloaded
Dataset_01_jtttfbx342,aphids_disease_(171).jpg,original,Aphids_Disease,ccc522cc-7cfa-4650-aef7-3bc36c66f6cb,1e4388a2fcb1b1cc779ada026043a60e2ecdf96531418b29e0193bc2fe517b94,1e4388a2fcb1b1cc779ada026043a60e2ecdf96531418b29e0193bc2fe517b94,YES,ffffe381c1fcd400,3843667,2024-12-30T20:16:54.247Z,SUCCESS,D:\curuma\turmeric_datasets\dataset_01\original\Aphids_Disease\aphids_disease_(171).jpg,https://data.mendeley.com/public-files/datasets/jtttfbx342/files/14093a89-04b7-4917-8db7-57c5f3789021/file_downloaded
Dataset_01_jtttfbx342,aphids_disease_(172).jpg,original,Aphids_Disease,ccc522cc-7cfa-4650-aef7-3bc36c66f6cb,1ddd9db7ddf9eb673901016116885b0ef710c1af5919682f1aa6331f49b93a85,1ddd9db7ddf9eb673901016116885b0ef710c1af5919682f1aa6331f49b93a85,YES,ffffc781c1fffcf0,3838183,2024-12-30T20:16:54.704Z,SUCCESS,D:\curuma\turmeric_datasets\dataset_01\original\Aphids_Disease\aphids_disease_(172).jpg,https://data.mendeley.com/public-files/datasets/jtttfbx342/files/869344de-6b33-4ebe-a3aa-38d26175234b/file_downloaded
Dataset_01_jtttfbx342,aphids_disease_(173).jpg,original,Aphids_Disease,ccc522cc-7cfa-4650-aef7-3bc36c66f6cb,281709f5abfb1c8801460ddcd8f8d93e8bd12068bd2421a3480678f09a0530be,281709f5abfb1c8801460ddcd8f8d93e8bd12068bd2421a3480678f09a0530be,YES,ffffe78183ff3080,3740479,2024-12-30T20:16:55.787Z,SUCCESS,D:\curuma\turmeric_datasets\dataset_01\original\Aphids_Disease\aphids_disease_(173).jpg,https://data.mendeley.com/public-files/datasets/jtttfbx342/files/e30997ef-901e-4886-8c0c-d1723c96a321/file_downloaded
Dataset_01_jtttfbx342,aphids_disease_(174).jpg,original,Aphids_Disease,ccc522cc-7cfa-4650-aef7-3bc36c66f6cb,1731264d84a00c323bb80ad71763f9753339fb71fef11b5f424a186e4d40725a,1731264d84a00c323bb80ad71763f9753339fb71fef11b5f424a186e4d40725a,YES,fffff38181f3ffff,3673101,2024-12-30T20:16:55.724Z,SUCCESS,D:\curuma\turmeric_datasets\dataset_01\original\Aphids_Disease\aphids_disease_(174).jpg,https://data.mendeley.com/public-files/datasets/jtttfbx342/files/e37f3a4b-1296-4548-adfb-57ac71dc33c7/file_downloaded
Dataset_01_jtttfbx342,aphids_disease_(176).jpg,original,Aphids_Disease,ccc522cc-7cfa-4650-aef7-3bc36c66f6cb,50cb0c4b3f13fbb7b86b285557f2b2a70635e1239e7d8731e745298d1967be5a,50cb0c4b3f13fbb7b86b285557f2b2a70635e1239e7d8731e745298d1967be5a,YES,fffff38181fef800,3721996,2024-12-30T20:16:59.466Z,SUCCESS,D:\curuma\turmeric_datasets\dataset_01\original\Aphids_Disease\aphids_disease_(176).jpg,https://data.mendeley.com/public-files/datasets/jtttfbx342/files/243c9130-4525-46e5-a2c6-7d26f1664a46/file_downloaded
Dataset_01_jtttfbx342,aphids_disease_(175).jpg,original,Aphids_Disease,ccc522cc-7cfa-4650-aef7-3bc36c66f6cb,a6cbe9f2421055d215ed3607123995062a1257ed4081a21ab800ae119ff4d00a,a6cbe9f2421055d215ed3607123995062a1257ed4081a21ab800ae119ff4d00a,YES,ffffe181c3fff7f0,3810814,2024-12-30T20:16:58.144Z,SUCCESS,D:\curuma\turmeric_datasets\dataset_01\original\Aphids_Disease\aphids_disease_(175).jpg,https://data.mendeley.com/public-files/datasets/jtttfbx342/files/66a8ec91-a848-4ffb-b461-4432801d82be/file_downloaded
Dataset_01_jtttfbx342,aphids_disease_(177).jpg,original,Aphids_Disease,ccc522cc-7cfa-4650-aef7-3bc36c66f6cb,39aef4298b62b2a6d1ae7ba32bd1f284afab49c82a0bfde0eb831a9c719b0931,39aef4298b62b2a6d1ae7ba32bd1f284afab49c82a0bfde0eb831a9c719b0931,YES,ffffe781c1fffcf0,3801068,2024-12-30T20:17:00.887Z,SUCCESS,D:\curuma\turmeric_datasets\dataset_01\original\Aphids_Disease\aphids_disease_(177).jpg,https://data.mendeley.com/public-files/datasets/jtttfbx342/files/dace511f-bf0a-426e-883e-2cf5a5dac9b9/file_downloaded
Dataset_01_jtttfbx342,aphids_disease_(178).jpg,original,Aphids_Disease,ccc522cc-7cfa-4650-aef7-3bc36c66f6cb,7b2292919495bb3d0e22ef10d7a8df6ba15b7687f3761b0a07bf6516055702f7,7b2292919495bb3d0e22ef10d7a8df6ba15b7687f3761b0a07bf6516055702f7,YES,ffffc78183ef3000,3721409,2024-12-30T20:17:01.841Z,SUCCESS,D:\curuma\turmeric_datasets\dataset_01\original\Aphids_Disease\aphids_disease_(178).jpg,https://data.mendeley.com/public-files/datasets/jtttfbx342/files/bd35cb36-18d0-455e-a94f-11abc293fd4f/file_downloaded
Dataset_01_jtttfbx342,aphids_disease_(179).jpg,original,Aphids_Disease,ccc522cc-7cfa-4650-aef7-3bc36c66f6cb,b2e594ef2f0d22e74bf535c56f6c779f653cf3bd4411d5a5606414c2b823d4cb,b2e594ef2f0d22e74bf535c56f6c779f653cf3bd4411d5a5606414c2b823d4cb,YES,ffffc781c1f3fff8,3728452,2024-12-30T20:17:02.188Z,SUCCESS,D:\curuma\turmeric_datasets\dataset_01\original\Aphids_Disease\aphids_disease_(179).jpg,https://data.mendeley.com/public-files/datasets/jtttfbx342/files/bfd14f75-0062-4126-807b-9f0c2bec951d/file_downloaded
Dataset_01_jtttfbx342,aphids_disease_(18).jpg,original,Aphids_Disease,ccc522cc-7cfa-4650-aef7-3bc36c66f6cb,2f9084848e533c49923b6ab2174a4e08f97776d130afed1892602512e3735fcd,2f9084848e533c49923b6ab2174a4e08f97776d130afed1892602512e3735fcd,YES,ffffff0000fff0c0,3809024,2024-12-30T20:17:02.215Z,SUCCESS,D:\curuma\turmeric_datasets\dataset_01\original\Aphids_Disease\aphids_disease_(18).jpg,https://data.mendeley.com/public-files/datasets/jtttfbx342/files/d5c8c65e-a71a-49a2-a0c7-e733518d6fbc/file_downloaded
Dataset_01_jtttfbx342,aphids_disease_(180).jpg,original,Aphids_Disease,ccc522cc-7cfa-4650-aef7-3bc36c66f6cb,34703e7198936eb43d8f1ab9475e70fb10c14a258415e8ec8c5eecbeb75ba7af,34703e7198936eb43d8f1ab9475e70fb10c14a258415e8ec8c5eecbeb75ba7af,YES,ffff8381e3fff4f0,3672427,2024-12-30T20:17:02.413Z,SUCCESS,D:\curuma\turmeric_datasets\dataset_01\original\Aphids_Disease\aphids_disease_(180).jpg,https://data.mendeley.com/public-files/datasets/jtttfbx342/files/46a4c7a0-76c2-48d9-ab83-f93d949a5ec5/file_downloaded
Dataset_01_jtttfbx342,aphids_disease_(182).jpg,original,Aphids_Disease,ccc522cc-7cfa-4650-aef7-3bc36c66f6cb,6086126d3ce2db0e7a0127dbcdf3c23ec78f8821cc7e89e8494fdf116c86dd38,6086126d3ce2db0e7a0127dbcdf3c23ec78f8821cc7e89e8494fdf116c86dd38,YES,ffffc381c3fff4f0,3784773,2024-12-30T20:17:03.858Z,SUCCESS,D:\curuma\turmeric_datasets\dataset_01\original\Aphids_Disease\aphids_disease_(182).jpg,https://data.mendeley.com/public-files/datasets/jtttfbx342/files/639133e3-8568-4446-ac6f-00bcf6f419b2/file_downloaded
Dataset_01_jtttfbx342,aphids_disease_(181).jpg,original,Aphids_Disease,ccc522cc-7cfa-4650-aef7-3bc36c66f6cb,eecb83315ca3bccbb92b6efd6c08c56706ec5f6c3a50b5508ee7b66f98836b4b,eecb83315ca3bccbb92b6efd6c08c56706ec5f6c3a50b5508ee7b66f98836b4b,YES,ffffffc181e6fc00,3708303,2024-12-30T20:17:03.202Z,SUCCESS,D:\curuma\turmeric_datasets\dataset_01\original\Aphids_Disease\aphids_disease_(181).jpg,https://data.mendeley.com/public-files/datasets/jtttfbx342/files/8d7a95c9-f2ad-4bd5-b3ce-a666760cf0fc/file_downloaded
Dataset_01_jtttfbx342,aphids_disease_(183).jpg,original,Aphids_Disease,ccc522cc-7cfa-4650-aef7-3bc36c66f6cb,6288b8c6ad2210890cf0f1642aaf0ed21bfaf3ae276c8d1373b4fee1cc9321fc,6288b8c6ad2210890cf0f1642aaf0ed21bfaf3ae276c8d1373b4fee1cc9321fc,YES,ffffef8383c77800,3640640,2024-12-30T20:17:03.816Z,SUCCESS,D:\curuma\turmeric_datasets\dataset_01\original\Aphids_Disease\aphids_disease_(183).jpg,https://data.mendeley.com/public-files/datasets/jtttfbx342/files/a6e5250d-1e47-4ca2-b590-a6b3ea9a1d20/file_downloaded
Dataset_01_jtttfbx342,aphids_disease_(184).jpg,original,Aphids_Disease,ccc522cc-7cfa-4650-aef7-3bc36c66f6cb,26dd0b48f8fea9b2e13d8837d4ae7e17f709cda7a835c93ab2ae5832a4132bf2,26dd0b48f8fea9b2e13d8837d4ae7e17f709cda7a835c93ab2ae5832a4132bf2,YES,ffffe3c1e1f3fffa,3645184,2024-12-30T20:17:06.161Z,SUCCESS,D:\curuma\turmeric_datasets\dataset_01\original\Aphids_Disease\aphids_disease_(184).jpg,https://data.mendeley.com/public-files/datasets/jtttfbx342/files/837b91ff-2124-4207-ba56-471aeaaa0a22/file_downloaded
Dataset_01_jtttfbx342,aphids_disease_(185).jpg,original,Aphids_Disease,ccc522cc-7cfa-4650-aef7-3bc36c66f6cb,e248cc01ea2497d0ebce352e90e731cb32a7236a3c75fa11628f654b566b41ac,e248cc01ea2497d0ebce352e90e731cb32a7236a3c75fa11628f654b566b41ac,YES,ffffc381e3fff040,3638761,2024-12-30T20:17:07.475Z,SUCCESS,D:\curuma\turmeric_datasets\dataset_01\original\Aphids_Disease\aphids_disease_(185).jpg,https://data.mendeley.com/public-files/datasets/jtttfbx342/files/1fc398d3-8387-4b8c-b0e5-4b537be0b1d5/file_downloaded
Dataset_01_jtttfbx342,aphids_disease_(186).jpg,original,Aphids_Disease,ccc522cc-7cfa-4650-aef7-3bc36c66f6cb,ae5acafcb08cbf2782912b8d7411383af20ca731bfc30024fd29e195970a9deb,ae5acafcb08cbf2782912b8d7411383af20ca731bfc30024fd29e195970a9deb,YES,ffffe7c1c1e2fe40,3665787,2024-12-30T20:17:10.512Z,SUCCESS,D:\curuma\turmeric_datasets\dataset_01\original\Aphids_Disease\aphids_disease_(186).jpg,https://data.mendeley.com/public-files/datasets/jtttfbx342/files/ae26761a-b064-44e0-8988-a704b6ce30af/file_downloaded
Dataset_01_jtttfbx342,aphids_disease_(187).jpg,original,Aphids_Disease,ccc522cc-7cfa-4650-aef7-3bc36c66f6cb,78528d971b218610d43c125bc6142788367c4603e09865ed518eef5a6e1bb720,78528d971b218610d43c125bc6142788367c4603e09865ed518eef5a6e1bb720,YES,ffffe7c3e3fff040,3560714,2024-12-30T20:17:12.542Z,SUCCESS,D:\curuma\turmeric_datasets\dataset_01\original\Aphids_Disease\aphids_disease_(187).jpg,https://data.mendeley.com/public-files/datasets/jtttfbx342/files/69460e6b-6e53-42be-9ece-5a51fd685fad/file_downloaded
Dataset_01_jtttfbx342,aphids_disease_(188).jpg,original,Aphids_Disease,ccc522cc-7cfa-4650-aef7-3bc36c66f6cb,a3bb2781061f6469f227524094f341d22cb93442577062ba7d1f0735be63310e,a3bb2781061f6469f227524094f341d22cb93442577062ba7d1f0735be63310e,YES,ffffff8787cfff0f,3590166,2024-12-30T20:17:13.366Z,SUCCESS,D:\curuma\turmeric_datasets\dataset_01\original\Aphids_Disease\aphids_disease_(188).jpg,https://data.mendeley.com/public-files/datasets/jtttfbx342/files/118578dc-5429-450e-812b-b1942f025603/file_downloaded
Dataset_01_jtttfbx342,aphids_disease_(19).jpg,original,Aphids_Disease,ccc522cc-7cfa-4650-aef7-3bc36c66f6cb,3421114deb71b433c72fbb83fd2ac4b9b3e47bf2f281c890e422d0b8565dfb64,3421114deb71b433c72fbb83fd2ac4b9b3e47bf2f281c890e422d0b8565dfb64,YES,ffffffcc0007ff00,3750353,2024-12-30T20:17:14.08Z,SUCCESS,D:\curuma\turmeric_datasets\dataset_01\original\Aphids_Disease\aphids_disease_(19).jpg,https://data.mendeley.com/public-files/datasets/jtttfbx342/files/42efa2dd-e609-4595-8fc6-edc7c4646922/file_downloaded
Dataset_01_jtttfbx342,aphids_disease_(189).jpg,original,Aphids_Disease,ccc522cc-7cfa-4650-aef7-3bc36c66f6cb,0348fa486221680db2b008c640fcbd37b0b9109b5fcbc47fff5f95e42ea5bd7a,0348fa486221680db2b008c640fcbd37b0b9109b5fcbc47fff5f95e42ea5bd7a,YES,ffffffc1c1e3fef8,3583160,2024-12-30T20:17:13.677Z,SUCCESS,D:\curuma\turmeric_datasets\dataset_01\original\Aphids_Disease\aphids_disease_(189).jpg,https://data.mendeley.com/public-files/datasets/jtttfbx342/files/d2ee1c8c-5918-4588-9731-44688738062f/file_downloaded
Dataset_01_jtttfbx342,aphids_disease_(190).jpg,original,Aphids_Disease,ccc522cc-7cfa-4650-aef7-3bc36c66f6cb,6f4840b2f9c79b60ba05f99b5999f16e88ba8951a3a4ff850b1fc136d2030778,6f4840b2f9c79b60ba05f99b5999f16e88ba8951a3a4ff850b1fc136d2030778,YES,ffffc783c3ff7400,3646720,2024-12-30T20:17:14.862Z,SUCCESS,D:\curuma\turmeric_datasets\dataset_01\original\Aphids_Disease\aphids_disease_(190).jpg,https://data.mendeley.com/public-files/datasets/jtttfbx342/files/05c2183e-c3d0-4f42-aa7e-e636a3d514f8/file_downloaded
Dataset_01_jtttfbx342,aphids_disease_(191).jpg,original,Aphids_Disease,ccc522cc-7cfa-4650-aef7-3bc36c66f6cb,ebae31527d216a0c1ceefcb96e80e3183a9e7cb729ef9b1847d9722a0687ae26,ebae31527d216a0c1ceefcb96e80e3183a9e7cb729ef9b1847d9722a0687ae26,YES,ffffe781c0fcf400,3677729,2024-12-30T20:17:15.551Z,SUCCESS,D:\curuma\turmeric_datasets\dataset_01\original\Aphids_Disease\aphids_disease_(191).jpg,https://data.mendeley.com/public-files/datasets/jtttfbx342/files/1d83feea-a676-4e57-846e-25d359ea2b7e/file_downloaded
Dataset_01_jtttfbx342,aphids_disease_(192).jpg,original,Aphids_Disease,ccc522cc-7cfa-4650-aef7-3bc36c66f6cb,b33d82158a4dd5ac7cb1cac4bcda91e3d0fc4f1def2cfd2807989269b760a3a6,b33d82158a4dd5ac7cb1cac4bcda91e3d0fc4f1def2cfd2807989269b760a3a6,YES,ffff8180c1fffffe,3931904,2024-12-30T20:17:15.718Z,SUCCESS,D:\curuma\turmeric_datasets\dataset_01\original\Aphids_Disease\aphids_disease_(192).jpg,https://data.mendeley.com/public-files/datasets/jtttfbx342/files/b7ecaa93-e933-448f-9be0-557bd99c4977/file_downloaded
Dataset_01_jtttfbx342,aphids_disease_(193).jpg,original,Aphids_Disease,ccc522cc-7cfa-4650-aef7-3bc36c66f6cb,fbd061e8b79ce3c49a0b641242456f0adfcf3c55a7ef7c87ebc2fb32c05e56e2,fbd061e8b79ce3c49a0b641242456f0adfcf3c55a7ef7c87ebc2fb32c05e56e2,YES,ffffef8101c3ffff,3959976,2024-12-30T20:17:16.77Z,SUCCESS,D:\curuma\turmeric_datasets\dataset_01\original\Aphids_Disease\aphids_disease_(193).jpg,https://data.mendeley.com/public-files/datasets/jtttfbx342/files/5418e6f5-6777-433b-ae5a-2404ad0f4c00/file_downloaded
Dataset_01_jtttfbx342,aphids_disease_(194).jpg,original,Aphids_Disease,ccc522cc-7cfa-4650-aef7-3bc36c66f6cb,d1862425b89d39e65037287dfb98ce95410206748eefcfd38d00d97805caad72,d1862425b89d39e65037287dfb98ce95410206748eefcfd38d00d97805caad72,YES,ffffc381c1f3fffa,3910682,2024-12-30T20:17:17.603Z,SUCCESS,D:\curuma\turmeric_datasets\dataset_01\original\Aphids_Disease\aphids_disease_(194).jpg,https://data.mendeley.com/public-files/datasets/jtttfbx342/files/e1049a63-ee31-4c7a-9d21-54b3fa554777/file_downloaded
Dataset_01_jtttfbx342,aphids_disease_(196).jpg,original,Aphids_Disease,ccc522cc-7cfa-4650-aef7-3bc36c66f6cb,dfc664c922ff928cbb07afe0417a083fc74a96cbad6298b20d15c86fc4467dec,dfc664c922ff928cbb07afe0417a083fc74a96cbad6298b20d15c86fc4467dec,YES,ffffc38181ffffff,3875059,2024-12-30T20:17:24.554Z,SUCCESS,D:\curuma\turmeric_datasets\dataset_01\original\Aphids_Disease\aphids_disease_(196).jpg,https://data.mendeley.com/public-files/datasets/jtttfbx342/files/d077d6e9-1e27-44d2-8162-0c4ef3bb5467/file_downloaded
Dataset_01_jtttfbx342,aphids_disease_(197).jpg,original,Aphids_Disease,ccc522cc-7cfa-4650-aef7-3bc36c66f6cb,20c57bf22b47f603be55d5e4c04a470ec9f1bd00d68dec9665445d2c314d0061,20c57bf22b47f603be55d5e4c04a470ec9f1bd00d68dec9665445d2c314d0061,YES,ffffc080f9fff8f0,3725358,2024-12-30T20:17:26.332Z,SUCCESS,D:\curuma\turmeric_datasets\dataset_01\original\Aphids_Disease\aphids_disease_(197).jpg,https://data.mendeley.com/public-files/datasets/jtttfbx342/files/4b7958ff-9429-486f-998a-df65ba9ae618/file_downloaded
Dataset_01_jtttfbx342,aphids_disease_(198).jpg,original,Aphids_Disease,ccc522cc-7cfa-4650-aef7-3bc36c66f6cb,4fc993de6dfa2aba314cfe83bb68f9d0c0362d7450f029da348df6914fc9daf4,4fc993de6dfa2aba314cfe83bb68f9d0c0362d7450f029da348df6914fc9daf4,YES,ffffff81008fff2f,3733032,2024-12-30T20:17:26.363Z,SUCCESS,D:\curuma\turmeric_datasets\dataset_01\original\Aphids_Disease\aphids_disease_(198).jpg,https://data.mendeley.com/public-files/datasets/jtttfbx342/files/3314abcd-edae-4d8f-bd7b-962ff28debe4/file_downloaded
Dataset_01_jtttfbx342,aphids_disease_(195).jpg,original,Aphids_Disease,ccc522cc-7cfa-4650-aef7-3bc36c66f6cb,6dfd5198de08ee65dcc7ff500426d9ace1c878fa6fd3983da23f8c1afea20564,6dfd5198de08ee65dcc7ff500426d9ace1c878fa6fd3983da23f8c1afea20564,YES,ffffc181c3fffff0,3869746,2024-12-30T20:17:21.106Z,SUCCESS,D:\curuma\turmeric_datasets\dataset_01\original\Aphids_Disease\aphids_disease_(195).jpg,https://data.mendeley.com/public-files/datasets/jtttfbx342/files/e35e4af7-4e53-495b-9edb-55b65ec2cd36/file_downloaded
Dataset_01_jtttfbx342,aphids_disease_(199).jpg,original,Aphids_Disease,ccc522cc-7cfa-4650-aef7-3bc36c66f6cb,3b9ff4e74c0230a78fb1047c2970957c63b310e8948af873b13840a0eb41b981,3b9ff4e74c0230a78fb1047c2970957c63b310e8948af873b13840a0eb41b981,YES,ffffc70181e3fff9,3958534,2024-12-30T20:17:26.923Z,SUCCESS,D:\curuma\turmeric_datasets\dataset_01\original\Aphids_Disease\aphids_disease_(199).jpg,https://data.mendeley.com/public-files/datasets/jtttfbx342/files/52920397-2afd-4318-bc2c-f5b9157570bb/file_downloaded
Dataset_01_jtttfbx342,aphids_disease_(2).jpg,original,Aphids_Disease,ccc522cc-7cfa-4650-aef7-3bc36c66f6cb,cbfdbe546f146274587a8538952d8fc262fb102baf63aaf36a017e1347a56ca1,cbfdbe546f146274587a8538952d8fc262fb102baf63aaf36a017e1347a56ca1,YES,ffffff8000fffffe,3643995,2024-12-30T20:17:27.578Z,SUCCESS,D:\curuma\turmeric_datasets\dataset_01\original\Aphids_Disease\aphids_disease_(2).jpg,https://data.mendeley.com/public-files/datasets/jtttfbx342/files/8d3620b8-672e-4afe-9568-487c77c73824/file_downloaded
Dataset_01_jtttfbx342,aphids_disease_(20).jpg,original,Aphids_Disease,ccc522cc-7cfa-4650-aef7-3bc36c66f6cb,0caa526ffb6cefe6072da12fe1361422fea1b34d92faf13f8606a6d33081eb98,0caa526ffb6cefe6072da12fe1361422fea1b34d92faf13f8606a6d33081eb98,YES,ffffff0003ff0100,3626848,2024-12-30T20:17:27.871Z,SUCCESS,D:\curuma\turmeric_datasets\dataset_01\original\Aphids_Disease\aphids_disease_(20).jpg,https://data.mendeley.com/public-files/datasets/jtttfbx342/files/c4b7992f-1084-4e8f-8255-545f3017e9f0/file_downloaded
Dataset_01_jtttfbx342,aphids_disease_(200).jpg,original,Aphids_Disease,ccc522cc-7cfa-4650-aef7-3bc36c66f6cb,3e36df715baa370e0efa7f684fea8891fbecaa57dd25f80865ed5d50b64e6f5b,3e36df715baa370e0efa7f684fea8891fbecaa57dd25f80865ed5d50b64e6f5b,YES,ffffe70183fff770,3786067,2024-12-30T20:17:28.05Z,SUCCESS,D:\curuma\turmeric_datasets\dataset_01\original\Aphids_Disease\aphids_disease_(200).jpg,https://data.mendeley.com/public-files/datasets/jtttfbx342/files/4c30b1d4-f5cd-40cc-b772-feaaa2107f79/file_downloaded
Dataset_01_jtttfbx342,aphids_disease_(201).jpg,original,Aphids_Disease,ccc522cc-7cfa-4650-aef7-3bc36c66f6cb,13bb90ba0c63d79182cce9d7fc3a7a171f60cd7c81a81719fcf56ecd1e163b68,13bb90ba0c63d79182cce9d7fc3a7a171f60cd7c81a81719fcf56ecd1e163b68,YES,ffffffc180e7fe72,3894081,2024-12-30T20:17:28.479Z,SUCCESS,D:\curuma\turmeric_datasets\dataset_01\original\Aphids_Disease\aphids_disease_(201).jpg,https://data.mendeley.com/public-files/datasets/jtttfbx342/files/3ec9fd1a-d15d-4fc6-898f-e7bf31aa77c2/file_downloaded
Dataset_01_jtttfbx342,aphids_disease_(202).jpg,original,Aphids_Disease,ccc522cc-7cfa-4650-aef7-3bc36c66f6cb,b000fe3f905cd72eed6b7eb96c37d0a2dc5fe8cf5e96fed3ae23bfc164ca432a,b000fe3f905cd72eed6b7eb96c37d0a2dc5fe8cf5e96fed3ae23bfc164ca432a,YES,ffff8180e1fffff4,3876892,2024-12-30T20:17:28.882Z,SUCCESS,D:\curuma\turmeric_datasets\dataset_01\original\Aphids_Disease\aphids_disease_(202).jpg,https://data.mendeley.com/public-files/datasets/jtttfbx342/files/ad557020-3bb9-4081-99e5-93cc3f9bb885/file_downloaded
Dataset_01_jtttfbx342,aphids_disease_(203).jpg,original,Aphids_Disease,ccc522cc-7cfa-4650-aef7-3bc36c66f6cb,0264c0574ec94271274563bd2d0139d03713f8fba288b719bfb9475130c03fc3,0264c0574ec94271274563bd2d0139d03713f8fba288b719bfb9475130c03fc3,YES,ffffcf0002ffff78,3892562,2024-12-30T20:17:30.611Z,SUCCESS,D:\curuma\turmeric_datasets\dataset_01\original\Aphids_Disease\aphids_disease_(203).jpg,https://data.mendeley.com/public-files/datasets/jtttfbx342/files/26ed330a-c033-4add-893d-cb7641865cac/file_downloaded
Dataset_01_jtttfbx342,aphids_disease_(204).jpg,original,Aphids_Disease,ccc522cc-7cfa-4650-aef7-3bc36c66f6cb,17142b4f6fd5e806d2ef44caaa5a026f03c0750b33c210d13e4d02fc8c70caaa,17142b4f6fd5e806d2ef44caaa5a026f03c0750b33c210d13e4d02fc8c70caaa,YES,ffffe78181c3ffff,4002720,2024-12-30T20:17:33.272Z,SUCCESS,D:\curuma\turmeric_datasets\dataset_01\original\Aphids_Disease\aphids_disease_(204).jpg,https://data.mendeley.com/public-files/datasets/jtttfbx342/files/6c7bf063-776c-4790-b520-11ec9e5c5531/file_downloaded
Dataset_01_jtttfbx342,aphids_disease_(206).jpg,original,Aphids_Disease,ccc522cc-7cfa-4650-aef7-3bc36c66f6cb,380edc2266ba81c32dbb4068bd095223f599530f7265f6d96afcb12c1894e729,380edc2266ba81c32dbb4068bd095223f599530f7265f6d96afcb12c1894e729,YES,ffffff8180fff400,3910607,2024-12-30T20:17:37.077Z,SUCCESS,D:\curuma\turmeric_datasets\dataset_01\original\Aphids_Disease\aphids_disease_(206).jpg,https://data.mendeley.com/public-files/datasets/jtttfbx342/files/2dfe2ca0-8fa6-4a92-8a95-c6f125a114a2/file_downloaded
Dataset_01_jtttfbx342,aphids_disease_(205).jpg,original,Aphids_Disease,ccc522cc-7cfa-4650-aef7-3bc36c66f6cb,a453d4b6b792bd58900d679d24d77cd777bc554bb6c91786e136378e53373c90,a453d4b6b792bd58900d679d24d77cd777bc554bb6c91786e136378e53373c90,YES,ffffc18083fffff4,3841746,2024-12-30T20:17:36.266Z,SUCCESS,D:\curuma\turmeric_datasets\dataset_01\original\Aphids_Disease\aphids_disease_(205).jpg,https://data.mendeley.com/public-files/datasets/jtttfbx342/files/48756999-1b0a-4aaa-80cd-742fa55e3970/file_downloaded
Dataset_01_jtttfbx342,aphids_disease_(207).jpg,original,Aphids_Disease,ccc522cc-7cfa-4650-aef7-3bc36c66f6cb,8e33b5454705700783c1a97398ec0f15638c25d98d9799f4ad7b70cf61200f73,8e33b5454705700783c1a97398ec0f15638c25d98d9799f4ad7b70cf61200f73,YES,ffff8180c3fffff0,3704350,2024-12-30T20:17:36.933Z,SUCCESS,D:\curuma\turmeric_datasets\dataset_01\original\Aphids_Disease\aphids_disease_(207).jpg,https://data.mendeley.com/public-files/datasets/jtttfbx342/files/e131f517-460e-4c25-b287-ac5c0f81efe1/file_downloaded
Dataset_01_jtttfbx342,aphids_disease_(208).jpg,original,Aphids_Disease,ccc522cc-7cfa-4650-aef7-3bc36c66f6cb,811c9faae55143f2a91b5a786ff5f312d970748df9e91d6afbc70e4dfbc9f8ef,811c9faae55143f2a91b5a786ff5f312d970748df9e91d6afbc70e4dfbc9f8ef,YES,ffffff8101c3fffc,3957966,2024-12-30T20:17:38.64Z,SUCCESS,D:\curuma\turmeric_datasets\dataset_01\original\Aphids_Disease\aphids_disease_(208).jpg,https://data.mendeley.com/public-files/datasets/jtttfbx342/files/68749db9-a8d6-4111-af96-07cc56bd165e/file_downloaded
Dataset_01_jtttfbx342,aphids_disease_(209).jpg,original,Aphids_Disease,ccc522cc-7cfa-4650-aef7-3bc36c66f6cb,6a0bb2e3f4b061008a850d96dbfcb38c1d3a77ff71818be2876fd470a432c6f9,6a0bb2e3f4b061008a850d96dbfcb38c1d3a77ff71818be2876fd470a432c6f9,YES,fffff78180e1fffe,3904508,2024-12-30T20:17:39.193Z,SUCCESS,D:\curuma\turmeric_datasets\dataset_01\original\Aphids_Disease\aphids_disease_(209).jpg,https://data.mendeley.com/public-files/datasets/jtttfbx342/files/6c54f1ee-293e-40a0-8a2d-ab4e9045b8ae/file_downloaded
Dataset_01_jtttfbx342,aphids_disease_(21).jpg,original,Aphids_Disease,ccc522cc-7cfa-4650-aef7-3bc36c66f6cb,cca972e0a1a4becb1def24b12eac897005054ebc07c3db3e1c6d10af3d69fd7e,cca972e0a1a4becb1def24b12eac897005054ebc07c3db3e1c6d10af3d69fd7e,YES,7fffcf81c3ffffff,3492494,2024-12-30T20:17:38.734Z,SUCCESS,D:\curuma\turmeric_datasets\dataset_01\original\Aphids_Disease\aphids_disease_(21).jpg,https://data.mendeley.com/public-files/datasets/jtttfbx342/files/f202f044-0944-4fb9-931b-f48982ca290d/file_downloaded
Dataset_01_jtttfbx342,aphids_disease_(210).jpg,original,Aphids_Disease,ccc522cc-7cfa-4650-aef7-3bc36c66f6cb,01fd58770b76e8309afc10a1c34b64f71e29efc8afd6ecc92087df1c5c9aab70,01fd58770b76e8309afc10a1c34b64f71e29efc8afd6ecc92087df1c5c9aab70,YES,ffffc100c1fffff0,3918166,2024-12-30T20:17:39.797Z,SUCCESS,D:\curuma\turmeric_datasets\dataset_01\original\Aphids_Disease\aphids_disease_(210).jpg,https://data.mendeley.com/public-files/datasets/jtttfbx342/files/f610a74b-14d5-4e83-8880-18e8df91d286/file_downloaded
Dataset_01_jtttfbx342,aphids_disease_(212).jpg,original,Aphids_Disease,ccc522cc-7cfa-4650-aef7-3bc36c66f6cb,d869d3c136bab3e5b25c989f2f4ff962ca3bb70d560cd88379411d9e506ae121,d869d3c136bab3e5b25c989f2f4ff962ca3bb70d560cd88379411d9e506ae121,YES,ffffc381c1fffff0,3693654,2024-12-30T20:17:40.514Z,SUCCESS,D:\curuma\turmeric_datasets\dataset_01\original\Aphids_Disease\aphids_disease_(212).jpg,https://data.mendeley.com/public-files/datasets/jtttfbx342/files/7d21db36-017c-430b-b4bb-cf14a2a552de/file_downloaded
Dataset_01_jtttfbx342,aphids_disease_(211).jpg,original,Aphids_Disease,ccc522cc-7cfa-4650-aef7-3bc36c66f6cb,c24003fe5289167fa8b2ea1d0313d351d6ef825fe1b59c2e294bb6d95f279662,c24003fe5289167fa8b2ea1d0313d351d6ef825fe1b59c2e294bb6d95f279662,YES,ffffff8101e3ff40,3809795,2024-12-30T20:17:40.234Z,SUCCESS,D:\curuma\turmeric_datasets\dataset_01\original\Aphids_Disease\aphids_disease_(211).jpg,https://data.mendeley.com/public-files/datasets/jtttfbx342/files/b75a971e-2f6f-4ea4-8c71-cc3ef5a34b77/file_downloaded
Dataset_01_jtttfbx342,aphids_disease_(213).jpg,original,Aphids_Disease,ccc522cc-7cfa-4650-aef7-3bc36c66f6cb,3094657506f0262be4ce5ea66ec7511d6bdad0ad4028775539139fe270a6601b,3094657506f0262be4ce5ea66ec7511d6bdad0ad4028775539139fe270a6601b,YES,ffffef8383c7fe78,3811202,2024-12-30T20:17:42.022Z,SUCCESS,D:\curuma\turmeric_datasets\dataset_01\original\Aphids_Disease\aphids_disease_(213).jpg,https://data.mendeley.com/public-files/datasets/jtttfbx342/files/09a3a102-7c49-4271-b354-4134a2627837/file_downloaded
Dataset_01_jtttfbx342,aphids_disease_(214).jpg,original,Aphids_Disease,ccc522cc-7cfa-4650-aef7-3bc36c66f6cb,e0b9e8a7e53c0575955ba655ca75c238aaa9b24d95be775ae08183614d7634b4,e0b9e8a7e53c0575955ba655ca75c238aaa9b24d95be775ae08183614d7634b4,YES,fffff78181c1ffff,3749839,2024-12-30T20:17:45.434Z,SUCCESS,D:\curuma\turmeric_datasets\dataset_01\original\Aphids_Disease\aphids_disease_(214).jpg,https://data.mendeley.com/public-files/datasets/jtttfbx342/files/439516a9-7406-45a4-bcda-ad57a23436a8/file_downloaded
Dataset_01_jtttfbx342,aphids_disease_(215).jpg,original,Aphids_Disease,ccc522cc-7cfa-4650-aef7-3bc36c66f6cb,a32ab9effe8251164ea7ad332268657fbbe4d5d76931696fd55b5913f7a24dfa,a32ab9effe8251164ea7ad332268657fbbe4d5d76931696fd55b5913f7a24dfa,YES,ffffff8181e7fcf0,3823463,2024-12-30T20:17:46.492Z,SUCCESS,D:\curuma\turmeric_datasets\dataset_01\original\Aphids_Disease\aphids_disease_(215).jpg,https://data.mendeley.com/public-files/datasets/jtttfbx342/files/a7379e86-a899-4145-b91b-9702dcce79ce/file_downloaded
Dataset_01_jtttfbx342,aphids_disease_(216).jpg,original,Aphids_Disease,ccc522cc-7cfa-4650-aef7-3bc36c66f6cb,e02ab087c86a9ca28b88f2e65d59c9c73fdffab185f0de57c9a0fd1a53215f69,e02ab087c86a9ca28b88f2e65d59c9c73fdffab185f0de57c9a0fd1a53215f69,YES,ffffff8181e7fc00,3790448,2024-12-30T20:17:47.196Z,SUCCESS,D:\curuma\turmeric_datasets\dataset_01\original\Aphids_Disease\aphids_disease_(216).jpg,https://data.mendeley.com/public-files/datasets/jtttfbx342/files/553b85b4-39a4-4ec8-9fd9-4ecdec3452eb/file_downloaded
Dataset_01_jtttfbx342,aphids_disease_(217).jpg,original,Aphids_Disease,ccc522cc-7cfa-4650-aef7-3bc36c66f6cb,6b11a63cc4e3ae8e0a36f9c2a5cfd92b7d6c40028c96c4dc6e584b3cdd702095,6b11a63cc4e3ae8e0a36f9c2a5cfd92b7d6c40028c96c4dc6e584b3cdd702095,YES,ffff8300c1fffcf0,3818123,2024-12-30T20:17:48.831Z,SUCCESS,D:\curuma\turmeric_datasets\dataset_01\original\Aphids_Disease\aphids_disease_(217).jpg,https://data.mendeley.com/public-files/datasets/jtttfbx342/files/3034660b-fd0c-4673-90fc-89fecc812e9a/file_downloaded
Dataset_01_jtttfbx342,aphids_disease_(218).jpg,original,Aphids_Disease,ccc522cc-7cfa-4650-aef7-3bc36c66f6cb,0298c9ae664a06f318a86fee7b3b8f027f8a7852a72e429fda303eb01656b46f,0298c9ae664a06f318a86fee7b3b8f027f8a7852a72e429fda303eb01656b46f,YES,ffffc38103edf8c0,3960607,2024-12-30T20:17:49.182Z,SUCCESS,D:\curuma\turmeric_datasets\dataset_01\original\Aphids_Disease\aphids_disease_(218).jpg,https://data.mendeley.com/public-files/datasets/jtttfbx342/files/310843b5-f651-44e3-82dd-6e2f97e180ba/file_downloaded
Dataset_01_jtttfbx342,aphids_disease_(22).jpg,original,Aphids_Disease,ccc522cc-7cfa-4650-aef7-3bc36c66f6cb,8c4ad5a1683496b3f3e6dafe68c879e0e0d5ce674ddc38b41918b6fe78054b1c,8c4ad5a1683496b3f3e6dafe68c879e0e0d5ce674ddc38b41918b6fe78054b1c,YES,feffff8783e7bf0f,3425628,2024-12-30T20:17:49.318Z,SUCCESS,D:\curuma\turmeric_datasets\dataset_01\original\Aphids_Disease\aphids_disease_(22).jpg,https://data.mendeley.com/public-files/datasets/jtttfbx342/files/3e2c084d-16ae-4e81-861e-6cba0f7a063a/file_downloaded
Dataset_01_jtttfbx342,aphids_disease_(220).jpg,original,Aphids_Disease,ccc522cc-7cfa-4650-aef7-3bc36c66f6cb,47709354b927f2be421fa39549f80954109aa043127467059982b36c43dfddeb,47709354b927f2be421fa39549f80954109aa043127467059982b36c43dfddeb,YES,ffffc181c3fff7f0,3887144,2024-12-30T20:17:50.285Z,SUCCESS,D:\curuma\turmeric_datasets\dataset_01\original\Aphids_Disease\aphids_disease_(220).jpg,https://data.mendeley.com/public-files/datasets/jtttfbx342/files/b4fd9303-954f-4c2d-beba-1293d416695e/file_downloaded
Dataset_01_jtttfbx342,aphids_disease_(221).jpg,original,Aphids_Disease,ccc522cc-7cfa-4650-aef7-3bc36c66f6cb,0264e224707297d23f1beb482c1e9ea4473e674bdac92b96034fe4bdb67e35d6,0264e224707297d23f1beb482c1e9ea4473e674bdac92b96034fe4bdb67e35d6,YES,fffff78181e3fcc0,3885152,2024-12-30T20:17:50.412Z,SUCCESS,D:\curuma\turmeric_datasets\dataset_01\original\Aphids_Disease\aphids_disease_(221).jpg,https://data.mendeley.com/public-files/datasets/jtttfbx342/files/2b531ff3-e535-47c1-bdd1-abd2aa471616/file_downloaded
Dataset_01_jtttfbx342,aphids_disease_(23).jpg,original,Aphids_Disease,ccc522cc-7cfa-4650-aef7-3bc36c66f6cb,e89d14393113f9e5e0aa77251f3104090c8ddc6bbdbc3b3048a7e87cdb4fae29,e89d14393113f9e5e0aa77251f3104090c8ddc6bbdbc3b3048a7e87cdb4fae29,YES,7fffffcf80ccf8f0,3623934,2024-12-30T20:17:50.769Z,SUCCESS,D:\curuma\turmeric_datasets\dataset_01\original\Aphids_Disease\aphids_disease_(23).jpg,https://data.mendeley.com/public-files/datasets/jtttfbx342/files/72e7eacb-2527-4a87-af93-bb716c87b805/file_downloaded
Dataset_01_jtttfbx342,aphids_disease_(24).jpg,original,Aphids_Disease,ccc522cc-7cfa-4650-aef7-3bc36c66f6cb,843555b1ebe0b37c54b7242b39f617669ed2ef373b4c6b4357ad46b6a14fc563,843555b1ebe0b37c54b7242b39f617669ed2ef373b4c6b4357ad46b6a14fc563,YES,c0ffff81c3ffffff,3506609,2024-12-30T20:17:52.297Z,SUCCESS,D:\curuma\turmeric_datasets\dataset_01\original\Aphids_Disease\aphids_disease_(24).jpg,https://data.mendeley.com/public-files/datasets/jtttfbx342/files/ec05e75b-c98d-47e3-8440-03e6c8d10cb5/file_downloaded
Dataset_01_jtttfbx342,aphids_disease_(25).jpg,original,Aphids_Disease,ccc522cc-7cfa-4650-aef7-3bc36c66f6cb,a238c019362fa194b2440904b0d935856f7c029f5d7da29e24b27283c8fd049a,a238c019362fa194b2440904b0d935856f7c029f5d7da29e24b27283c8fd049a,YES,ffffffc781e7ffe1,3386832,2024-12-30T20:17:52.713Z,SUCCESS,D:\curuma\turmeric_datasets\dataset_01\original\Aphids_Disease\aphids_disease_(25).jpg,https://data.mendeley.com/public-files/datasets/jtttfbx342/files/25e10328-12c9-4dd9-9dab-cf49884ded61/file_downloaded
Dataset_01_jtttfbx342,aphids_disease_(26).jpg,original,Aphids_Disease,ccc522cc-7cfa-4650-aef7-3bc36c66f6cb,6fb8277dc9714e13b325c846a988aee248ee20189099b500e5923b0c690185ab,6fb8277dc9714e13b325c846a988aee248ee20189099b500e5923b0c690185ab,YES,ffff0000ffffffff,3740835,2024-12-30T20:17:53.723Z,SUCCESS,D:\curuma\turmeric_datasets\dataset_01\original\Aphids_Disease\aphids_disease_(26).jpg,https://data.mendeley.com/public-files/datasets/jtttfbx342/files/6511a03f-2494-405a-8fae-e6fdb41a196f/file_downloaded
Dataset_01_jtttfbx342,aphids_disease_(27).jpg,original,Aphids_Disease,ccc522cc-7cfa-4650-aef7-3bc36c66f6cb,db64e364d5552153741af70c3e5c51944bf444c6437997d703d05e70bbb3c39c,db64e364d5552153741af70c3e5c51944bf444c6437997d703d05e70bbb3c39c,YES,ffffc70000ffffff,3888703,2024-12-30T20:17:55.582Z,SUCCESS,D:\curuma\turmeric_datasets\dataset_01\original\Aphids_Disease\aphids_disease_(27).jpg,https://data.mendeley.com/public-files/datasets/jtttfbx342/files/6a380662-566a-426a-8e96-7edb5337ab24/file_downloaded
Dataset_01_jtttfbx342,aphids_disease_(28).jpg,original,Aphids_Disease,ccc522cc-7cfa-4650-aef7-3bc36c66f6cb,09c711a6c9e061ce6d3fc6f0d081a0b56563e45d3bcadf8909f93d9f504fdae6,09c711a6c9e061ce6d3fc6f0d081a0b56563e45d3bcadf8909f93d9f504fdae6,YES,7fffff8100c1ffff,3814555,2024-12-30T20:17:56.104Z,SUCCESS,D:\curuma\turmeric_datasets\dataset_01\original\Aphids_Disease\aphids_disease_(28).jpg,https://data.mendeley.com/public-files/datasets/jtttfbx342/files/e075da43-a8b3-41ee-8af7-55cea8d271bb/file_downloaded
Dataset_01_jtttfbx342,aphids_disease_(29).jpg,original,Aphids_Disease,ccc522cc-7cfa-4650-aef7-3bc36c66f6cb,1f32d943447b5357d1bb3d613c9e1876dc456d3f971d63aa0a6485404a73c394,1f32d943447b5357d1bb3d613c9e1876dc456d3f971d63aa0a6485404a73c394,YES,ffff8000ffffffff,3750237,2024-12-30T20:17:56.034Z,SUCCESS,D:\curuma\turmeric_datasets\dataset_01\original\Aphids_Disease\aphids_disease_(29).jpg,https://data.mendeley.com/public-files/datasets/jtttfbx342/files/626352ee-50fa-40c3-ac74-6d764c24a01b/file_downloaded
Dataset_01_jtttfbx342,aphids_disease_(30).jpg,original,Aphids_Disease,ccc522cc-7cfa-4650-aef7-3bc36c66f6cb,3976a6e7b8493db14d2e5294756eb12877cd4157df7aba5178c9fc7710a0b8c2,3976a6e7b8493db14d2e5294756eb12877cd4157df7aba5178c9fc7710a0b8c2,YES,efe7e7e7e7e7e7e7,181216,2024-12-30T20:17:52.544Z,SUCCESS,D:\curuma\turmeric_datasets\dataset_01\original\Aphids_Disease\aphids_disease_(30).jpg,https://data.mendeley.com/public-files/datasets/jtttfbx342/files/e51e90f0-ea09-45b5-b76b-4a0f1ab19ed5/file_downloaded
Dataset_01_jtttfbx342,aphids_disease_(3).jpg,original,Aphids_Disease,ccc522cc-7cfa-4650-aef7-3bc36c66f6cb,88d6881cf5d91d156a7021f23352e15cd06d0690abbd253ed64a4fad6b396fa4,88d6881cf5d91d156a7021f23352e15cd06d0690abbd253ed64a4fad6b396fa4,YES,ffffc70180fffffb,3684839,2024-12-30T20:17:56.189Z,SUCCESS,D:\curuma\turmeric_datasets\dataset_01\original\Aphids_Disease\aphids_disease_(3).jpg,https://data.mendeley.com/public-files/datasets/jtttfbx342/files/2523f2a8-616b-4641-a27d-3a8ea75cc09c/file_downloaded
Dataset_01_jtttfbx342,aphids_disease_(31).jpg,original,Aphids_Disease,ccc522cc-7cfa-4650-aef7-3bc36c66f6cb,f658585b64663d546000197f94ce5bdde4cbc5b045bdd6946f2f9226e7c6af23,f658585b64663d546000197f94ce5bdde4cbc5b045bdd6946f2f9226e7c6af23,YES,ffffff8000ffffff,3730201,2024-12-30T20:17:56.515Z,SUCCESS,D:\curuma\turmeric_datasets\dataset_01\original\Aphids_Disease\aphids_disease_(31).jpg,https://data.mendeley.com/public-files/datasets/jtttfbx342/files/4f64048e-1e29-47d6-b22f-1c07cd7e6217/file_downloaded
Dataset_01_jtttfbx342,aphids_disease_(32).jpg,original,Aphids_Disease,ccc522cc-7cfa-4650-aef7-3bc36c66f6cb,aa27f134de61352de73035c6c134f3a3b5b4f216301b8f98a5b57804668f7919,aa27f134de61352de73035c6c134f3a3b5b4f216301b8f98a5b57804668f7919,YES,ffff010080ffffff,4068646,2024-12-30T20:17:56.947Z,SUCCESS,D:\curuma\turmeric_datasets\dataset_01\original\Aphids_Disease\aphids_disease_(32).jpg,https://data.mendeley.com/public-files/datasets/jtttfbx342/files/bf1ee116-3c1f-45a5-b9f4-333d5e71cc6d/file_downloaded
Dataset_01_jtttfbx342,aphids_disease_(33).jpg,original,Aphids_Disease,ccc522cc-7cfa-4650-aef7-3bc36c66f6cb,b35fdf46b9e9d623b0521b89e03ed205898c60d6ecea582c75dbe596c2f59ff0,b35fdf46b9e9d623b0521b89e03ed205898c60d6ecea582c75dbe596c2f59ff0,YES,ffff87010080ffff,4277837,2024-12-30T20:17:57.905Z,SUCCESS,D:\curuma\turmeric_datasets\dataset_01\original\Aphids_Disease\aphids_disease_(33).jpg,https://data.mendeley.com/public-files/datasets/jtttfbx342/files/d3bc60b6-1f4c-4b89-85ba-e371ec04e009/file_downloaded
Dataset_01_jtttfbx342,aphids_disease_(34).jpg,original,Aphids_Disease,ccc522cc-7cfa-4650-aef7-3bc36c66f6cb,b2b0330f81bf76508d02ac3533216eff57b79b8be908983f4da5f477b6c52922,b2b0330f81bf76508d02ac3533216eff57b79b8be908983f4da5f477b6c52922,YES,ffffff010080f7ff,4167957,2024-12-30T20:17:58.026Z,SUCCESS,D:\curuma\turmeric_datasets\dataset_01\original\Aphids_Disease\aphids_disease_(34).jpg,https://data.mendeley.com/public-files/datasets/jtttfbx342/files/fa0d441f-fb20-4e4d-9353-c053f98b3601/file_downloaded
Dataset_01_jtttfbx342,aphids_disease_(35).jpg,original,Aphids_Disease,ccc522cc-7cfa-4650-aef7-3bc36c66f6cb,4ba16e41abeed14368e71585d690f13809ff9d3b042cf002835173b485704ef4,4ba16e41abeed14368e71585d690f13809ff9d3b042cf002835173b485704ef4,YES,ffff0000c0ffffff,4097216,2024-12-30T20:17:57.934Z,SUCCESS,D:\curuma\turmeric_datasets\dataset_01\original\Aphids_Disease\aphids_disease_(35).jpg,https://data.mendeley.com/public-files/datasets/jtttfbx342/files/ab4bdfd8-2528-4faa-b33b-d2bb4552b0fb/file_downloaded
Dataset_01_jtttfbx342,aphids_disease_(36).jpg,original,Aphids_Disease,ccc522cc-7cfa-4650-aef7-3bc36c66f6cb,36dc4d5c77ab6602808bec4791a6a2910d6ad4e84bc58f234feac984755802c0,36dc4d5c77ab6602808bec4791a6a2910d6ad4e84bc58f234feac984755802c0,YES,ffffff830081ffff,3780175,2024-12-30T20:17:58.229Z,SUCCESS,D:\curuma\turmeric_datasets\dataset_01\original\Aphids_Disease\aphids_disease_(36).jpg,https://data.mendeley.com/public-files/datasets/jtttfbx342/files/ed8c05d1-2955-4658-a75e-6dd428fa2c75/file_downloaded
Dataset_01_jtttfbx342,aphids_disease_(37).jpg,original,Aphids_Disease,ccc522cc-7cfa-4650-aef7-3bc36c66f6cb,1a3b231253a7d73f31a5e25f834fe065f0408f16a321beff4e1b609badef4847,1a3b231253a7d73f31a5e25f834fe065f0408f16a321beff4e1b609badef4847,YES,ffff0300c3ffffff,3712695,2024-12-30T20:17:59.505Z,SUCCESS,D:\curuma\turmeric_datasets\dataset_01\original\Aphids_Disease\aphids_disease_(37).jpg,https://data.mendeley.com/public-files/datasets/jtttfbx342/files/e1a78198-e837-4d96-a237-e0fd75343ac2/file_downloaded
Dataset_01_jtttfbx342,aphids_disease_(38).jpg,original,Aphids_Disease,ccc522cc-7cfa-4650-aef7-3bc36c66f6cb,a9e5f9e6b4daefa96b7b7bd8e7db191b775f213ccbbd1aa428936ff09f2045f2,a9e5f9e6b4daefa96b7b7bd8e7db191b775f213ccbbd1aa428936ff09f2045f2,YES,feffff0100e3ffff,3617952,2024-12-30T20:17:59.809Z,SUCCESS,D:\curuma\turmeric_datasets\dataset_01\original\Aphids_Disease\aphids_disease_(38).jpg,https://data.mendeley.com/public-files/datasets/jtttfbx342/files/35835851-dcc0-47dd-89a1-d37294c61995/file_downloaded
Dataset_01_jtttfbx342,aphids_disease_(39).jpg,original,Aphids_Disease,ccc522cc-7cfa-4650-aef7-3bc36c66f6cb,ee03b4c62d7d45f59cf94bb2ee7552416f987498e39e72bdda6c494df21253c1,ee03b4c62d7d45f59cf94bb2ee7552416f987498e39e72bdda6c494df21253c1,YES,7fffffc30081ffff,3684285,2024-12-30T20:17:59.948Z,SUCCESS,D:\curuma\turmeric_datasets\dataset_01\original\Aphids_Disease\aphids_disease_(39).jpg,https://data.mendeley.com/public-files/datasets/jtttfbx342/files/85e8b810-51ee-467b-be90-a1fc06e67df3/file_downloaded
Dataset_01_jtttfbx342,aphids_disease_(4).jpg,original,Aphids_Disease,ccc522cc-7cfa-4650-aef7-3bc36c66f6cb,71580610ba788b1b244a51ea09ff41252c6945b03895fa4c75c7b5eeaf55a74a,71580610ba788b1b244a51ea09ff41252c6945b03895fa4c75c7b5eeaf55a74a,YES,ffff8100effffff8,3728745,2024-12-30T20:18:00.081Z,SUCCESS,D:\curuma\turmeric_datasets\dataset_01\original\Aphids_Disease\aphids_disease_(4).jpg,https://data.mendeley.com/public-files/datasets/jtttfbx342/files/a00b428a-1fdf-4c62-8db5-5cbe6410bb64/file_downloaded
Dataset_01_jtttfbx342,aphids_disease_(41).jpg,original,Aphids_Disease,ccc522cc-7cfa-4650-aef7-3bc36c66f6cb,a8a82ddceca29506b988bf3fcc6c5d82e74db62ba50cccf746b0c7ec3ad813ca,a8a82ddceca29506b988bf3fcc6c5d82e74db62ba50cccf746b0c7ec3ad813ca,YES,ffffff0100efffff,3783309,2024-12-30T20:18:00.83Z,SUCCESS,D:\curuma\turmeric_datasets\dataset_01\original\Aphids_Disease\aphids_disease_(41).jpg,https://data.mendeley.com/public-files/datasets/jtttfbx342/files/b8b3b534-1f4e-42fe-b5cb-1d8f75d733fe/file_downloaded
Dataset_01_jtttfbx342,aphids_disease_(40).jpg,original,Aphids_Disease,ccc522cc-7cfa-4650-aef7-3bc36c66f6cb,07a9ae6d8e090fecd37cc3478a081695ff2ddba24c0bb69c3307ec93379197b4,07a9ae6d8e090fecd37cc3478a081695ff2ddba24c0bb69c3307ec93379197b4,YES,ffffc000cfffffff,3776424,2024-12-30T20:18:00.336Z,SUCCESS,D:\curuma\turmeric_datasets\dataset_01\original\Aphids_Disease\aphids_disease_(40).jpg,https://data.mendeley.com/public-files/datasets/jtttfbx342/files/334397d0-1f9a-4530-9876-225fea74b588/file_downloaded
Dataset_01_jtttfbx342,aphids_disease_(42).jpg,original,Aphids_Disease,ccc522cc-7cfa-4650-aef7-3bc36c66f6cb,d62cafa1ef620802e4e0385481d8389aa70af5c988bbbe07eef31d8c40dcb2d4,d62cafa1ef620802e4e0385481d8389aa70af5c988bbbe07eef31d8c40dcb2d4,YES,ffffe30187ffffff,3542593,2024-12-30T20:18:03.107Z,SUCCESS,D:\curuma\turmeric_datasets\dataset_01\original\Aphids_Disease\aphids_disease_(42).jpg,https://data.mendeley.com/public-files/datasets/jtttfbx342/files/ed942303-92e3-46d3-8cda-8f698380b94e/file_downloaded
Dataset_01_jtttfbx342,aphids_disease_(43).jpg,original,Aphids_Disease,ccc522cc-7cfa-4650-aef7-3bc36c66f6cb,cb7dff332cd208c5e3cbac7b7b3b3beb1435fc0f1440ecb9d3931c071b2d1e9e,cb7dff332cd208c5e3cbac7b7b3b3beb1435fc0f1440ecb9d3931c071b2d1e9e,YES,ffffff81c0e3ffff,3541305,2024-12-30T20:18:03.582Z,SUCCESS,D:\curuma\turmeric_datasets\dataset_01\original\Aphids_Disease\aphids_disease_(43).jpg,https://data.mendeley.com/public-files/datasets/jtttfbx342/files/86f2475a-304f-4045-8998-1f3e85c02fb8/file_downloaded
Dataset_01_jtttfbx342,aphids_disease_(45).jpg,original,Aphids_Disease,ccc522cc-7cfa-4650-aef7-3bc36c66f6cb,5b6a6e6a563e4984dedff2cd147170cc36aeaebd16c8aebd940f8ff11567a11b,5b6a6e6a563e4984dedff2cd147170cc36aeaebd16c8aebd940f8ff11567a11b,YES,ffffffc181e7ffff,3556012,2024-12-30T20:18:04.016Z,SUCCESS,D:\curuma\turmeric_datasets\dataset_01\original\Aphids_Disease\aphids_disease_(45).jpg,https://data.mendeley.com/public-files/datasets/jtttfbx342/files/3bb0f3f6-a5cd-4aa5-8c95-fdeed08c30d8/file_downloaded
Dataset_01_jtttfbx342,aphids_disease_(46).jpg,original,Aphids_Disease,ccc522cc-7cfa-4650-aef7-3bc36c66f6cb,001d6d11a095f09f17e1acb23156524973d28bbe2b6501381abfcdb5d112edef,001d6d11a095f09f17e1acb23156524973d28bbe2b6501381abfcdb5d112edef,YES,ffff0300c3ffffff,3766535,2024-12-30T20:18:05.845Z,SUCCESS,D:\curuma\turmeric_datasets\dataset_01\original\Aphids_Disease\aphids_disease_(46).jpg,https://data.mendeley.com/public-files/datasets/jtttfbx342/files/e9c1b658-2cde-4dbb-9946-c54352137f8c/file_downloaded
Dataset_01_jtttfbx342,aphids_disease_(44).jpg,original,Aphids_Disease,ccc522cc-7cfa-4650-aef7-3bc36c66f6cb,b6ddce9d7a7a80669839682ef1f501a1521f086493395d1b4871c237f22e1b6c,b6ddce9d7a7a80669839682ef1f501a1521f086493395d1b4871c237f22e1b6c,YES,7fffffc18386fefe,3620132,2024-12-30T20:18:04.113Z,SUCCESS,D:\curuma\turmeric_datasets\dataset_01\original\Aphids_Disease\aphids_disease_(44).jpg,https://data.mendeley.com/public-files/datasets/jtttfbx342/files/d99e0d3b-f0e5-4a39-ae62-1fd96925b9bc/file_downloaded
Dataset_01_jtttfbx342,aphids_disease_(47).jpg,original,Aphids_Disease,ccc522cc-7cfa-4650-aef7-3bc36c66f6cb,4483eee64b91b508e89716397109e9bbb5ca7fb15d12fbfa2380332ea7d68d0d,4483eee64b91b508e89716397109e9bbb5ca7fb15d12fbfa2380332ea7d68d0d,YES,ffff0701c0ffffff,3924563,2024-12-30T20:18:06.74Z,SUCCESS,D:\curuma\turmeric_datasets\dataset_01\original\Aphids_Disease\aphids_disease_(47).jpg,https://data.mendeley.com/public-files/datasets/jtttfbx342/files/f545eaeb-4dbb-4243-9e65-c2ba0d62da29/file_downloaded
Dataset_01_jtttfbx342,aphids_disease_(48).jpg,original,Aphids_Disease,ccc522cc-7cfa-4650-aef7-3bc36c66f6cb,b3eb0a26ead781d731b5eb2e73377e0c0e64678c0d38348bf71b488be115a81c,b3eb0a26ead781d731b5eb2e73377e0c0e64678c0d38348bf71b488be115a81c,YES,ffffff8301c3ffff,3694426,2024-12-30T20:18:06.67Z,SUCCESS,D:\curuma\turmeric_datasets\dataset_01\original\Aphids_Disease\aphids_disease_(48).jpg,https://data.mendeley.com/public-files/datasets/jtttfbx342/files/fe3c7524-d127-43c4-b57d-abff78694bee/file_downloaded
Dataset_01_jtttfbx342,aphids_disease_(5).jpg,original,Aphids_Disease,ccc522cc-7cfa-4650-aef7-3bc36c66f6cb,563971f9582f55f10eac9dbaf0a54fecf10b0e7ef1e774853b2968c1bd2ec150,563971f9582f55f10eac9dbaf0a54fecf10b0e7ef1e774853b2968c1bd2ec150,YES,ffffff8180e6fee2,3748641,2024-12-30T20:18:07.773Z,SUCCESS,D:\curuma\turmeric_datasets\dataset_01\original\Aphids_Disease\aphids_disease_(5).jpg,https://data.mendeley.com/public-files/datasets/jtttfbx342/files/5d2d7e6d-f5ba-4423-8926-304bd055533b/file_downloaded
Dataset_01_jtttfbx342,aphids_disease_(49).jpg,original,Aphids_Disease,ccc522cc-7cfa-4650-aef7-3bc36c66f6cb,bcacd45893c71aed6a9c04a5803109b2de25ced366a228621344e39ef3be7bd8,bcacd45893c71aed6a9c04a5803109b2de25ced366a228621344e39ef3be7bd8,YES,ffff8000efffffff,3613640,2024-12-30T20:18:07.718Z,SUCCESS,D:\curuma\turmeric_datasets\dataset_01\original\Aphids_Disease\aphids_disease_(49).jpg,https://data.mendeley.com/public-files/datasets/jtttfbx342/files/6185efdf-c7f7-42e8-a7cb-dc41a2ff56ad/file_downloaded
Dataset_01_jtttfbx342,aphids_disease_(51).jpg,original,Aphids_Disease,ccc522cc-7cfa-4650-aef7-3bc36c66f6cb,4956e7ed37e185188daf19250313bcaeeb5d1635accc0c0ebba15e6d5d28ad44,4956e7ed37e185188daf19250313bcaeeb5d1635accc0c0ebba15e6d5d28ad44,YES,ffff8100f3ffffff,3693447,2024-12-30T20:18:08.43Z,SUCCESS,D:\curuma\turmeric_datasets\dataset_01\original\Aphids_Disease\aphids_disease_(51).jpg,https://data.mendeley.com/public-files/datasets/jtttfbx342/files/e54b7ff9-56b1-4e2e-8ed2-167c8f9a80a1/file_downloaded
Dataset_01_jtttfbx342,aphids_disease_(52).jpg,original,Aphids_Disease,ccc522cc-7cfa-4650-aef7-3bc36c66f6cb,686d0e2b3336c725cd66f63c751fd31e8d1dc3acfb1f6e2f6c68f4c4ed01803d,686d0e2b3336c725cd66f63c751fd31e8d1dc3acfb1f6e2f6c68f4c4ed01803d,YES,ffff0f0180c3ffff,4037126,2024-12-30T20:18:09.084Z,SUCCESS,D:\curuma\turmeric_datasets\dataset_01\original\Aphids_Disease\aphids_disease_(52).jpg,https://data.mendeley.com/public-files/datasets/jtttfbx342/files/84be5644-992a-41c3-b1cc-4129b3f5e9c7/file_downloaded
Dataset_01_jtttfbx342,aphids_disease_(53).jpg,original,Aphids_Disease,ccc522cc-7cfa-4650-aef7-3bc36c66f6cb,bd3d2db0550172384a233925d96c528fe7602dfa9bf8e3ee38ead94bbaf44bbc,bd3d2db0550172384a233925d96c528fe7602dfa9bf8e3ee38ead94bbaf44bbc,YES,ffffff800083ffff,3834710,2024-12-30T20:18:09.242Z,SUCCESS,D:\curuma\turmeric_datasets\dataset_01\original\Aphids_Disease\aphids_disease_(53).jpg,https://data.mendeley.com/public-files/datasets/jtttfbx342/files/8e288fea-a041-46f1-992a-b53e0db29f49/file_downloaded
Dataset_01_jtttfbx342,aphids_disease_(50).jpg,original,Aphids_Disease,ccc522cc-7cfa-4650-aef7-3bc36c66f6cb,27a521e71ff45155e447c5ab6c700003639b3607274529f289a13255e4c307f0,27a521e71ff45155e447c5ab6c700003639b3607274529f289a13255e4c307f0,YES,ffffff8101c3ffff,3749208,2024-12-30T20:18:07.748Z,SUCCESS,D:\curuma\turmeric_datasets\dataset_01\original\Aphids_Disease\aphids_disease_(50).jpg,https://data.mendeley.com/public-files/datasets/jtttfbx342/files/c90528b0-3921-40bc-ad08-fc1ff7c6bbb6/file_downloaded
Dataset_01_jtttfbx342,aphids_disease_(54).jpg,original,Aphids_Disease,ccc522cc-7cfa-4650-aef7-3bc36c66f6cb,7e1571e53fe2088b022c1495c155811eafa007806be5f6108b62a8f59a1a3e15,7e1571e53fe2088b022c1495c155811eafa007806be5f6108b62a8f59a1a3e15,YES,feff0080ffffffff,3828812,2024-12-30T20:18:09.271Z,SUCCESS,D:\curuma\turmeric_datasets\dataset_01\original\Aphids_Disease\aphids_disease_(54).jpg,https://data.mendeley.com/public-files/datasets/jtttfbx342/files/2aed90db-a8be-4df2-b0b4-762f7365d08d/file_downloaded
Dataset_01_jtttfbx342,aphids_disease_(55).jpg,original,Aphids_Disease,ccc522cc-7cfa-4650-aef7-3bc36c66f6cb,5cfb25b067681d42f974e842ed7aff68938e55753e62a0396debd078afc376e4,5cfb25b067681d42f974e842ed7aff68938e55753e62a0396debd078afc376e4,YES,ffffff8300c1ffff,3856686,2024-12-30T20:18:10.52Z,SUCCESS,D:\curuma\turmeric_datasets\dataset_01\original\Aphids_Disease\aphids_disease_(55).jpg,https://data.mendeley.com/public-files/datasets/jtttfbx342/files/c00188a6-a298-4104-88f4-abec166c043b/file_downloaded
Dataset_01_jtttfbx342,aphids_disease_(56).jpg,original,Aphids_Disease,ccc522cc-7cfa-4650-aef7-3bc36c66f6cb,2e03dbee1d15cd3d591d2a7e08f15cd821f4c7639d21ae5290902fca9d9c20e6,2e03dbee1d15cd3d591d2a7e08f15cd821f4c7639d21ae5290902fca9d9c20e6,YES,ffff8380c3ffffff,3774222,2024-12-30T20:18:11.383Z,SUCCESS,D:\curuma\turmeric_datasets\dataset_01\original\Aphids_Disease\aphids_disease_(56).jpg,https://data.mendeley.com/public-files/datasets/jtttfbx342/files/81ef9be8-0fb8-4743-92a8-bdc78b8bd94e/file_downloaded
Dataset_01_jtttfbx342,aphids_disease_(57).jpg,original,Aphids_Disease,ccc522cc-7cfa-4650-aef7-3bc36c66f6cb,81863d56740a3f3397dcacceacf88942e170000a61b038a794af6d21d056835c,81863d56740a3f3397dcacceacf88942e170000a61b038a794af6d21d056835c,YES,ffffc381c1f3ffff,3771489,2024-12-30T20:18:11.629Z,SUCCESS,D:\curuma\turmeric_datasets\dataset_01\original\Aphids_Disease\aphids_disease_(57).jpg,https://data.mendeley.com/public-files/datasets/jtttfbx342/files/38013758-a763-44b8-b5f2-8158d206c0d2/file_downloaded
Dataset_01_jtttfbx342,aphids_disease_(58).jpg,original,Aphids_Disease,ccc522cc-7cfa-4650-aef7-3bc36c66f6cb,b367a1a2c5b37b982ec74075ca4af46ae49926946cd212be5ebe0dd9a5ee5f90,b367a1a2c5b37b982ec74075ca4af46ae49926946cd212be5ebe0dd9a5ee5f90,YES,ffffef87018dffff,3738014,2024-12-30T20:18:12.697Z,SUCCESS,D:\curuma\turmeric_datasets\dataset_01\original\Aphids_Disease\aphids_disease_(58).jpg,https://data.mendeley.com/public-files/datasets/jtttfbx342/files/01e3594e-44fd-4d76-8c9e-a9ab15750be2/file_downloaded
Dataset_01_jtttfbx342,aphids_disease_(60).jpg,original,Aphids_Disease,ccc522cc-7cfa-4650-aef7-3bc36c66f6cb,dc4a63f73cc55fac3499f67db6e985a85c00bc8868f8b37c02af7ee5734c4438,dc4a63f73cc55fac3499f67db6e985a85c00bc8868f8b37c02af7ee5734c4438,YES,ffffffc3c1ffffc7,3463064,2024-12-30T20:18:13.101Z,SUCCESS,D:\curuma\turmeric_datasets\dataset_01\original\Aphids_Disease\aphids_disease_(60).jpg,https://data.mendeley.com/public-files/datasets/jtttfbx342/files/c77e1534-63be-4556-8c49-01f88b483d14/file_downloaded
Dataset_01_jtttfbx342,aphids_disease_(59).jpg,original,Aphids_Disease,ccc522cc-7cfa-4650-aef7-3bc36c66f6cb,7e1e196c0809671f1674d5715861be606da04f97cd172e16feb31da97dbf7500,7e1e196c0809671f1674d5715861be606da04f97cd172e16feb31da97dbf7500,YES,ffff0100e7ffffff,3752392,2024-12-30T20:18:12.779Z,SUCCESS,D:\curuma\turmeric_datasets\dataset_01\original\Aphids_Disease\aphids_disease_(59).jpg,https://data.mendeley.com/public-files/datasets/jtttfbx342/files/7e13ea0e-5ab9-4680-bb73-f10f043f5378/file_downloaded
Dataset_01_jtttfbx342,aphids_disease_(61).jpg,original,Aphids_Disease,ccc522cc-7cfa-4650-aef7-3bc36c66f6cb,c921ac93d53fe95536c82474cc30cc913e519a612c444c647cb10332d6266ff5,c921ac93d53fe95536c82474cc30cc913e519a612c444c647cb10332d6266ff5,YES,3fff8181ffffffff,3523919,2024-12-30T20:18:13.632Z,SUCCESS,D:\curuma\turmeric_datasets\dataset_01\original\Aphids_Disease\aphids_disease_(61).jpg,https://data.mendeley.com/public-files/datasets/jtttfbx342/files/c9e9771b-a3bf-4795-96f3-b51fb8cdf0f1/file_downloaded
Dataset_01_jtttfbx342,aphids_disease_(63).jpg,original,Aphids_Disease,ccc522cc-7cfa-4650-aef7-3bc36c66f6cb,a9827782b86e522becf86cc1d6bfe45362c1afa1975e0acc896de0c7ac4e2cb6,a9827782b86e522becf86cc1d6bfe45362c1afa1975e0acc896de0c7ac4e2cb6,YES,ffffff8383cffee0,3622356,2024-12-30T20:18:13.822Z,SUCCESS,D:\curuma\turmeric_datasets\dataset_01\original\Aphids_Disease\aphids_disease_(63).jpg,https://data.mendeley.com/public-files/datasets/jtttfbx342/files/5dec5c8b-4ec6-44ba-a67d-4ac7cfb9fd2e/file_downloaded
Dataset_01_jtttfbx342,aphids_disease_(62).jpg,original,Aphids_Disease,ccc522cc-7cfa-4650-aef7-3bc36c66f6cb,333989a7410db378c2b798cdc1dc3b5d82694d2aa1a499499794c004ee05a180,333989a7410db378c2b798cdc1dc3b5d82694d2aa1a499499794c004ee05a180,YES,ffffffc181e1ffff,3636902,2024-12-30T20:18:13.888Z,SUCCESS,D:\curuma\turmeric_datasets\dataset_01\original\Aphids_Disease\aphids_disease_(62).jpg,https://data.mendeley.com/public-files/datasets/jtttfbx342/files/4ad6c955-5b4c-47dd-b159-6d9df7b5fa73/file_downloaded
Dataset_01_jtttfbx342,aphids_disease_(6).jpg,original,Aphids_Disease,ccc522cc-7cfa-4650-aef7-3bc36c66f6cb,7bfee0020d750235ccfec3253ca180faad15f7ea3c3895a0983a8837363da289,7bfee0020d750235ccfec3253ca180faad15f7ea3c3895a0983a8837363da289,YES,ffff8101fffff8f0,3639764,2024-12-30T20:18:12.726Z,SUCCESS,D:\curuma\turmeric_datasets\dataset_01\original\Aphids_Disease\aphids_disease_(6).jpg,https://data.mendeley.com/public-files/datasets/jtttfbx342/files/d4fe35f8-a92f-476b-add5-74f17a0f913a/file_downloaded
Dataset_01_jtttfbx342,aphids_disease_(64).jpg,original,Aphids_Disease,ccc522cc-7cfa-4650-aef7-3bc36c66f6cb,7488b5b51a237850d6dcb84350f166e61f788a0982086ff42cdb810943752fb4,7488b5b51a237850d6dcb84350f166e61f788a0982086ff42cdb810943752fb4,YES,00ff8181e7ffffff,3764542,2024-12-30T20:18:14.427Z,SUCCESS,D:\curuma\turmeric_datasets\dataset_01\original\Aphids_Disease\aphids_disease_(64).jpg,https://data.mendeley.com/public-files/datasets/jtttfbx342/files/fbd5df80-74e4-4efc-8e64-39cb204ae65f/file_downloaded
Dataset_01_jtttfbx342,aphids_disease_(66).jpg,original,Aphids_Disease,ccc522cc-7cfa-4650-aef7-3bc36c66f6cb,40cb596997dd52a84591ea70ba44994d8b2e7cca4db9918e29463027920ec8b2,40cb596997dd52a84591ea70ba44994d8b2e7cca4db9918e29463027920ec8b2,YES,7fff0000c3ffffff,3851805,2024-12-30T20:18:15.311Z,SUCCESS,D:\curuma\turmeric_datasets\dataset_01\original\Aphids_Disease\aphids_disease_(66).jpg,https://data.mendeley.com/public-files/datasets/jtttfbx342/files/e16a3467-6355-4429-a092-1e685e3db0f2/file_downloaded
Dataset_01_jtttfbx342,aphids_disease_(67).jpg,original,Aphids_Disease,ccc522cc-7cfa-4650-aef7-3bc36c66f6cb,dbc4a54834f75d3f45dc01b8958d8ed3f97ae6555d30974cf189254f95fd9461,dbc4a54834f75d3f45dc01b8958d8ed3f97ae6555d30974cf189254f95fd9461,YES,ffffc30100cfffff,3917103,2024-12-30T20:18:17.157Z,SUCCESS,D:\curuma\turmeric_datasets\dataset_01\original\Aphids_Disease\aphids_disease_(67).jpg,https://data.mendeley.com/public-files/datasets/jtttfbx342/files/19b883cd-6d6b-4eab-9b45-fa416ecbfc03/file_downloaded
Dataset_01_jtttfbx342,aphids_disease_(65).jpg,original,Aphids_Disease,ccc522cc-7cfa-4650-aef7-3bc36c66f6cb,f90593b696acfd0d79c6214da6ca05b5a222dea4e38bef9deacf862bc5a4b4a2,f90593b696acfd0d79c6214da6ca05b5a222dea4e38bef9deacf862bc5a4b4a2,YES,ffffff8181e7ffe0,3637350,2024-12-30T20:18:14.875Z,SUCCESS,D:\curuma\turmeric_datasets\dataset_01\original\Aphids_Disease\aphids_disease_(65).jpg,https://data.mendeley.com/public-files/datasets/jtttfbx342/files/f76caf51-efc8-452e-ac2a-ef3a0872e018/file_downloaded
Dataset_01_jtttfbx342,aphids_disease_(68).jpg,original,Aphids_Disease,ccc522cc-7cfa-4650-aef7-3bc36c66f6cb,09d37851487ceb48248d23860e864f4cdbdc9948c526807ab7b7a3b78c259635,09d37851487ceb48248d23860e864f4cdbdc9948c526807ab7b7a3b78c259635,YES,7fffff81008ffffe,3712020,2024-12-30T20:18:17.1Z,SUCCESS,D:\curuma\turmeric_datasets\dataset_01\original\Aphids_Disease\aphids_disease_(68).jpg,https://data.mendeley.com/public-files/datasets/jtttfbx342/files/295e103f-775b-4d25-8455-846a8632f943/file_downloaded
Dataset_01_jtttfbx342,aphids_disease_(69).jpg,original,Aphids_Disease,ccc522cc-7cfa-4650-aef7-3bc36c66f6cb,5f4be2c53d6d6da1a670a1a9bcf354804d151fd11eb54b47c4b52ca5a5b5ba4e,5f4be2c53d6d6da1a670a1a9bcf354804d151fd11eb54b47c4b52ca5a5b5ba4e,YES,7fff8000ffffffff,3815697,2024-12-30T20:18:17.128Z,SUCCESS,D:\curuma\turmeric_datasets\dataset_01\original\Aphids_Disease\aphids_disease_(69).jpg,https://data.mendeley.com/public-files/datasets/jtttfbx342/files/b934cd78-ac7a-4cce-941f-be7e1272d4f4/file_downloaded
Dataset_01_jtttfbx342,aphids_disease_(7).jpg,original,Aphids_Disease,ccc522cc-7cfa-4650-aef7-3bc36c66f6cb,de112d96935c56167fe5fa44864f0d303e51c549ea6f9f3e7ba7301c1c5986bd,de112d96935c56167fe5fa44864f0d303e51c549ea6f9f3e7ba7301c1c5986bd,YES,ffffff8301c3fffb,3482942,2024-12-30T20:18:17.525Z,SUCCESS,D:\curuma\turmeric_datasets\dataset_01\original\Aphids_Disease\aphids_disease_(7).jpg,https://data.mendeley.com/public-files/datasets/jtttfbx342/files/91a1736a-8891-45a2-bd24-26bf080d4228/file_downloaded
Dataset_01_jtttfbx342,aphids_disease_(70).jpg,original,Aphids_Disease,ccc522cc-7cfa-4650-aef7-3bc36c66f6cb,e5c7703e02be2664fcf87f4fd156bb712ce83e7b998d5bf997df1df6d93d00cb,e5c7703e02be2664fcf87f4fd156bb712ce83e7b998d5bf997df1df6d93d00cb,YES,ffffff8100f7ffff,3741010,2024-12-30T20:18:18.151Z,SUCCESS,D:\curuma\turmeric_datasets\dataset_01\original\Aphids_Disease\aphids_disease_(70).jpg,https://data.mendeley.com/public-files/datasets/jtttfbx342/files/0dc14e12-345f-46e1-9f1b-c64f83d76fbd/file_downloaded
Dataset_01_jtttfbx342,aphids_disease_(71).jpg,original,Aphids_Disease,ccc522cc-7cfa-4650-aef7-3bc36c66f6cb,67133d8ef36689dfc990f7460b2998c8de35a31b4a4e240ef384f88b94454259,67133d8ef36689dfc990f7460b2998c8de35a31b4a4e240ef384f88b94454259,YES,ffff0300c3ffffff,3757500,2024-12-30T20:18:18.302Z,SUCCESS,D:\curuma\turmeric_datasets\dataset_01\original\Aphids_Disease\aphids_disease_(71).jpg,https://data.mendeley.com/public-files/datasets/jtttfbx342/files/a2452ef4-4772-449b-9a9b-fec99c228f66/file_downloaded
Dataset_01_jtttfbx342,aphids_disease_(73).jpg,original,Aphids_Disease,ccc522cc-7cfa-4650-aef7-3bc36c66f6cb,ffaebae344c187fc3fbdd705f8558be487a7b5d23f8620093164ce48b65e09ea,ffaebae344c187fc3fbdd705f8558be487a7b5d23f8620093164ce48b65e09ea,YES,7fffffc180c7fffe,3680335,2024-12-30T20:18:18.622Z,SUCCESS,D:\curuma\turmeric_datasets\dataset_01\original\Aphids_Disease\aphids_disease_(73).jpg,https://data.mendeley.com/public-files/datasets/jtttfbx342/files/e1d17208-9b1d-4e0a-9524-d96fcafd6e46/file_downloaded
Dataset_01_jtttfbx342,aphids_disease_(72).jpg,original,Aphids_Disease,ccc522cc-7cfa-4650-aef7-3bc36c66f6cb,1e21bc4d1f1802627849189168227a86a5f1bbcc85433d047962218e0368da43,1e21bc4d1f1802627849189168227a86a5f1bbcc85433d047962218e0368da43,YES,ffff0100efffffff,3360270,2024-12-30T20:18:18.179Z,SUCCESS,D:\curuma\turmeric_datasets\dataset_01\original\Aphids_Disease\aphids_disease_(72).jpg,https://data.mendeley.com/public-files/datasets/jtttfbx342/files/588b6b6c-bc73-454c-bddd-e64de41f522a/file_downloaded
Dataset_01_jtttfbx342,aphids_disease_(75).jpg,original,Aphids_Disease,ccc522cc-7cfa-4650-aef7-3bc36c66f6cb,97991a86655f4b88dbab7dc03f010c939cdbc3c92fc30a5dd28e57fc82c032f5,97991a86655f4b88dbab7dc03f010c939cdbc3c92fc30a5dd28e57fc82c032f5,YES,00ffff0081ffffff,3879063,2024-12-30T20:18:19.452Z,SUCCESS,D:\curuma\turmeric_datasets\dataset_01\original\Aphids_Disease\aphids_disease_(75).jpg,https://data.mendeley.com/public-files/datasets/jtttfbx342/files/40388f87-dcb8-4581-ab91-fcf7bb37cd35/file_downloaded
Dataset_01_jtttfbx342,aphids_disease_(74).jpg,original,Aphids_Disease,ccc522cc-7cfa-4650-aef7-3bc36c66f6cb,c47f07be637b58f6f84ed156845b3d87060c85f082b20d0aef589c622702abdc,c47f07be637b58f6f84ed156845b3d87060c85f082b20d0aef589c622702abdc,YES,ffffef0181e3ffff,3848457,2024-12-30T20:18:18.948Z,SUCCESS,D:\curuma\turmeric_datasets\dataset_01\original\Aphids_Disease\aphids_disease_(74).jpg,https://data.mendeley.com/public-files/datasets/jtttfbx342/files/3679d1df-2e20-4bc1-ba71-a489d63cf12a/file_downloaded
Dataset_01_jtttfbx342,aphids_disease_(76).jpg,original,Aphids_Disease,ccc522cc-7cfa-4650-aef7-3bc36c66f6cb,84cc75d16f2978fbb79de5b5702e5bef215d3dd8ca3e23a4489e27cb9ec751ae,84cc75d16f2978fbb79de5b5702e5bef215d3dd8ca3e23a4489e27cb9ec751ae,YES,fffff70183ffffe0,3735427,2024-12-30T20:18:21.977Z,SUCCESS,D:\curuma\turmeric_datasets\dataset_01\original\Aphids_Disease\aphids_disease_(76).jpg,https://data.mendeley.com/public-files/datasets/jtttfbx342/files/a791e969-eeb1-46b8-a5e2-022681d98668/file_downloaded
Dataset_01_jtttfbx342,aphids_disease_(77).jpg,original,Aphids_Disease,ccc522cc-7cfa-4650-aef7-3bc36c66f6cb,799f2682ff19bf0efe4ebc2e0469ed5a8d445b29b45a81659b735aab1fb6cc1a,799f2682ff19bf0efe4ebc2e0469ed5a8d445b29b45a81659b735aab1fb6cc1a,YES,7fffc00001ffffff,3929788,2024-12-30T20:18:22.34Z,SUCCESS,D:\curuma\turmeric_datasets\dataset_01\original\Aphids_Disease\aphids_disease_(77).jpg,https://data.mendeley.com/public-files/datasets/jtttfbx342/files/685db63b-df59-4314-8f3f-ab633566f0e9/file_downloaded
Dataset_01_jtttfbx342,aphids_disease_(78).jpg,original,Aphids_Disease,ccc522cc-7cfa-4650-aef7-3bc36c66f6cb,b9b2938c685f26612e380e4c4b7d22db5a97559e94fc582cfdabf3d28e334dae,b9b2938c685f26612e380e4c4b7d22db5a97559e94fc582cfdabf3d28e334dae,YES,ffffc301c0e0ffff,3963208,2024-12-30T20:18:22.229Z,SUCCESS,D:\curuma\turmeric_datasets\dataset_01\original\Aphids_Disease\aphids_disease_(78).jpg,https://data.mendeley.com/public-files/datasets/jtttfbx342/files/a0398477-d2b7-4386-8d21-6a80249bad68/file_downloaded
Dataset_01_jtttfbx342,aphids_disease_(79).jpg,original,Aphids_Disease,ccc522cc-7cfa-4650-aef7-3bc36c66f6cb,92c06bccc21333ed9fcf1f32e93d8a9e61bea45d93272c69d546791bb7ca2012,92c06bccc21333ed9fcf1f32e93d8a9e61bea45d93272c69d546791bb7ca2012,YES,ffffff8000ffffff,3906260,2024-12-30T20:18:23.05Z,SUCCESS,D:\curuma\turmeric_datasets\dataset_01\original\Aphids_Disease\aphids_disease_(79).jpg,https://data.mendeley.com/public-files/datasets/jtttfbx342/files/cc288e54-d247-4529-a6fa-b8bd60f181a6/file_downloaded
Dataset_01_jtttfbx342,aphids_disease_(8).jpg,original,Aphids_Disease,ccc522cc-7cfa-4650-aef7-3bc36c66f6cb,907f95420a0374c8e8edf07ce4cfce3c33b2e32855fbdfbecce9bdc20d20872b,907f95420a0374c8e8edf07ce4cfce3c33b2e32855fbdfbecce9bdc20d20872b,YES,ffffffe08082fce0,3585015,2024-12-30T20:18:23.872Z,SUCCESS,D:\curuma\turmeric_datasets\dataset_01\original\Aphids_Disease\aphids_disease_(8).jpg,https://data.mendeley.com/public-files/datasets/jtttfbx342/files/a6c32121-ff0e-4d4c-a39b-8d7fd1c0b4c7/file_downloaded
Dataset_01_jtttfbx342,aphids_disease_(80).jpg,original,Aphids_Disease,ccc522cc-7cfa-4650-aef7-3bc36c66f6cb,3bfaa8c3107a1500d4bbfd6a95e92799f077aee39e3f024213d6c9ba404e343a,3bfaa8c3107a1500d4bbfd6a95e92799f077aee39e3f024213d6c9ba404e343a,YES,00ffc70080ffffff,3947427,2024-12-30T20:18:24.519Z,SUCCESS,D:\curuma\turmeric_datasets\dataset_01\original\Aphids_Disease\aphids_disease_(80).jpg,https://data.mendeley.com/public-files/datasets/jtttfbx342/files/47b39c3e-352f-4d9f-97c7-be4cc16d25d3/file_downloaded
Dataset_01_jtttfbx342,aphids_disease_(82).jpg,original,Aphids_Disease,ccc522cc-7cfa-4650-aef7-3bc36c66f6cb,4af89997d3b61e54a2950dabfc6a9002cabc90d060180a596eeea422e0238ffc,4af89997d3b61e54a2950dabfc6a9002cabc90d060180a596eeea422e0238ffc,YES,fffff78181c3ffff,3837603,2024-12-30T20:18:25.334Z,SUCCESS,D:\curuma\turmeric_datasets\dataset_01\original\Aphids_Disease\aphids_disease_(82).jpg,https://data.mendeley.com/public-files/datasets/jtttfbx342/files/e4a03bf4-22ef-4d9f-b846-75c7f523fb2d/file_downloaded
Dataset_01_jtttfbx342,aphids_disease_(81).jpg,original,Aphids_Disease,ccc522cc-7cfa-4650-aef7-3bc36c66f6cb,8dbb8e66da7c33587d3c1bff0faec6573088277fb68de701571c47b18e348d18,8dbb8e66da7c33587d3c1bff0faec6573088277fb68de701571c47b18e348d18,YES,ffffcf0000ffffff,3898035,2024-12-30T20:18:24.551Z,SUCCESS,D:\curuma\turmeric_datasets\dataset_01\original\Aphids_Disease\aphids_disease_(81).jpg,https://data.mendeley.com/public-files/datasets/jtttfbx342/files/8cf3aa89-e037-4770-896f-5e81fb272e0c/file_downloaded
Dataset_01_jtttfbx342,aphids_disease_(84).jpg,original,Aphids_Disease,ccc522cc-7cfa-4650-aef7-3bc36c66f6cb,d76af23c27b6c1bac309470ac6826cf852caf49b1b81bab74d4b11cf924bfb4d,d76af23c27b6c1bac309470ac6826cf852caf49b1b81bab74d4b11cf924bfb4d,YES,ffffdf878187fef8,3612590,2024-12-30T20:18:25.933Z,SUCCESS,D:\curuma\turmeric_datasets\dataset_01\original\Aphids_Disease\aphids_disease_(84).jpg,https://data.mendeley.com/public-files/datasets/jtttfbx342/files/d2da7dae-ffde-4ac3-930f-fe6310575eaf/file_downloaded
Dataset_01_jtttfbx342,aphids_disease_(83).jpg,original,Aphids_Disease,ccc522cc-7cfa-4650-aef7-3bc36c66f6cb,ac9416ee5edbc63353f0b6b8eb42c1b2ed8510557f13165dfb86a8d3dc592768,ac9416ee5edbc63353f0b6b8eb42c1b2ed8510557f13165dfb86a8d3dc592768,YES,ffff8781c0c3ffff,3974457,2024-12-30T20:18:25.75Z,SUCCESS,D:\curuma\turmeric_datasets\dataset_01\original\Aphids_Disease\aphids_disease_(83).jpg,https://data.mendeley.com/public-files/datasets/jtttfbx342/files/4a7e75d5-0536-4909-a55c-50ffd32d2d3e/file_downloaded
Dataset_01_jtttfbx342,aphids_disease_(86).jpg,original,Aphids_Disease,ccc522cc-7cfa-4650-aef7-3bc36c66f6cb,0f0dcbafb0b927ab616a8f60c2fb4817bd9863bb119e620d23a45a247dd642ee,0f0dcbafb0b927ab616a8f60c2fb4817bd9863bb119e620d23a45a247dd642ee,YES,ffffff8381c3ffff,3787698,2024-12-30T20:18:29.304Z,SUCCESS,D:\curuma\turmeric_datasets\dataset_01\original\Aphids_Disease\aphids_disease_(86).jpg,https://data.mendeley.com/public-files/datasets/jtttfbx342/files/bd556fed-39f9-44a2-a99d-417d6815d1ec/file_downloaded
Dataset_01_jtttfbx342,aphids_disease_(85).jpg,original,Aphids_Disease,ccc522cc-7cfa-4650-aef7-3bc36c66f6cb,badfd0d4769d4b4b8fb01a5d27512eaef25a9ab7c0a2b475c48a5312b53647de,badfd0d4769d4b4b8fb01a5d27512eaef25a9ab7c0a2b475c48a5312b53647de,YES,ffffc70181cfffff,3678575,2024-12-30T20:18:28.987Z,SUCCESS,D:\curuma\turmeric_datasets\dataset_01\original\Aphids_Disease\aphids_disease_(85).jpg,https://data.mendeley.com/public-files/datasets/jtttfbx342/files/e1ddcbec-34da-4419-9063-340740693dca/file_downloaded
Dataset_01_jtttfbx342,aphids_disease_(88).jpg,original,Aphids_Disease,ccc522cc-7cfa-4650-aef7-3bc36c66f6cb,7bbdd7fdd065836aa80bb44fcb8c84c34c5950c7f0abafd9fec6532785a06779,7bbdd7fdd065836aa80bb44fcb8c84c34c5950c7f0abafd9fec6532785a06779,YES,ffffef8080fef868,3772560,2024-12-30T20:18:30.087Z,SUCCESS,D:\curuma\turmeric_datasets\dataset_01\original\Aphids_Disease\aphids_disease_(88).jpg,https://data.mendeley.com/public-files/datasets/jtttfbx342/files/0e17347d-303f-4b67-b58c-042fbc8231fe/file_downloaded
Dataset_01_jtttfbx342,aphids_disease_(87).jpg,original,Aphids_Disease,ccc522cc-7cfa-4650-aef7-3bc36c66f6cb,93a9cafb5790146fafd767d19d3152780af895c4702cd0a2d442337bedd7d191,93a9cafb5790146fafd767d19d3152780af895c4702cd0a2d442337bedd7d191,YES,ffff81c1f3fff0f0,3616279,2024-12-30T20:18:29.129Z,SUCCESS,D:\curuma\turmeric_datasets\dataset_01\original\Aphids_Disease\aphids_disease_(87).jpg,https://data.mendeley.com/public-files/datasets/jtttfbx342/files/fada0c91-469e-4817-a2e2-8b21a43b896c/file_downloaded
Dataset_01_jtttfbx342,aphids_disease_(89).jpg,original,Aphids_Disease,ccc522cc-7cfa-4650-aef7-3bc36c66f6cb,8939b400ec92ee14ad7d5a74662a4fe334846002fbf2003ae3602077c4fe9651,8939b400ec92ee14ad7d5a74662a4fe334846002fbf2003ae3602077c4fe9651,YES,ffffc381c1f7fffd,3804125,2024-12-30T20:18:31.067Z,SUCCESS,D:\curuma\turmeric_datasets\dataset_01\original\Aphids_Disease\aphids_disease_(89).jpg,https://data.mendeley.com/public-files/datasets/jtttfbx342/files/087baa1f-36f9-47e0-8b6f-08ab3809a70b/file_downloaded
Dataset_01_jtttfbx342,aphids_disease_(9).jpg,original,Aphids_Disease,ccc522cc-7cfa-4650-aef7-3bc36c66f6cb,e54499daf9a7e8638de0e6683a5933e6d058e1deb5c737a87367fd955ff6b227,e54499daf9a7e8638de0e6683a5933e6d058e1deb5c737a87367fd955ff6b227,YES,ffffff0081fffcf0,3572793,2024-12-30T20:18:31.407Z,SUCCESS,D:\curuma\turmeric_datasets\dataset_01\original\Aphids_Disease\aphids_disease_(9).jpg,https://data.mendeley.com/public-files/datasets/jtttfbx342/files/ecb31b9f-0c34-4809-a84b-b0b947f20c3f/file_downloaded
Dataset_01_jtttfbx342,aphids_disease_(90).jpg,original,Aphids_Disease,ccc522cc-7cfa-4650-aef7-3bc36c66f6cb,788b3880f2ba483d15f699970a293dc84d60476705b29440cd5685e8b159d7ee,788b3880f2ba483d15f699970a293dc84d60476705b29440cd5685e8b159d7ee,YES,ffff8380e7fff0e0,3567007,2024-12-30T20:18:31.375Z,SUCCESS,D:\curuma\turmeric_datasets\dataset_01\original\Aphids_Disease\aphids_disease_(90).jpg,https://data.mendeley.com/public-files/datasets/jtttfbx342/files/8f9d6113-8e5c-4787-b0dd-1b09c4a25e35/file_downloaded
Dataset_01_jtttfbx342,aphids_disease_(91).jpg,original,Aphids_Disease,ccc522cc-7cfa-4650-aef7-3bc36c66f6cb,db730ed1e5d35442dbcc3efa1a39aff683f665961a264452dc83f9966deefca1,db730ed1e5d35442dbcc3efa1a39aff683f665961a264452dc83f9966deefca1,YES,ffffe781c0fce000,3618108,2024-12-30T20:18:31.785Z,SUCCESS,D:\curuma\turmeric_datasets\dataset_01\original\Aphids_Disease\aphids_disease_(91).jpg,https://data.mendeley.com/public-files/datasets/jtttfbx342/files/ad6a1147-4486-4177-a03d-3d3940c39e20/file_downloaded
Dataset_01_jtttfbx342,aphids_disease_(92).jpg,original,Aphids_Disease,ccc522cc-7cfa-4650-aef7-3bc36c66f6cb,730ebd25a46b84a7b7201830b91dcfeab56ba27cc40559a728aa3f9215ff6755,730ebd25a46b84a7b7201830b91dcfeab56ba27cc40559a728aa3f9215ff6755,YES,ffff8781c1fff4f0,3735971,2024-12-30T20:18:32.154Z,SUCCESS,D:\curuma\turmeric_datasets\dataset_01\original\Aphids_Disease\aphids_disease_(92).jpg,https://data.mendeley.com/public-files/datasets/jtttfbx342/files/b30460ab-8942-4db7-a5ae-3bcf7a4b4945/file_downloaded
Dataset_01_jtttfbx342,aphids_disease_(93).jpg,original,Aphids_Disease,ccc522cc-7cfa-4650-aef7-3bc36c66f6cb,bb544263f97b78bd76903751f457bb957e189399d742974b657efa3f457e70e1,bb544263f97b78bd76903751f457bb957e189399d742974b657efa3f457e70e1,YES,ffffff8381e6fc60,3755526,2024-12-30T20:18:32.404Z,SUCCESS,D:\curuma\turmeric_datasets\dataset_01\original\Aphids_Disease\aphids_disease_(93).jpg,https://data.mendeley.com/public-files/datasets/jtttfbx342/files/f93afad0-72b9-4f25-b480-3d53deb65213/file_downloaded
Dataset_01_jtttfbx342,aphids_disease_(94).jpg,original,Aphids_Disease,ccc522cc-7cfa-4650-aef7-3bc36c66f6cb,cef8a0f7b74a9dfb5a5c60301ec3750e6483da702dfd0b32d27491d66a83c141,cef8a0f7b74a9dfb5a5c60301ec3750e6483da702dfd0b32d27491d66a83c141,YES,ffffff81c1e1fffc,3794707,2024-12-30T20:18:34.453Z,SUCCESS,D:\curuma\turmeric_datasets\dataset_01\original\Aphids_Disease\aphids_disease_(94).jpg,https://data.mendeley.com/public-files/datasets/jtttfbx342/files/0430a11e-9baa-4c5c-8761-63e5ce2c13aa/file_downloaded
Dataset_01_jtttfbx342,aphids_disease_(95).jpg,original,Aphids_Disease,ccc522cc-7cfa-4650-aef7-3bc36c66f6cb,08a568f3243fdc30301df9a264acb7b8c6611815c9bf828caa15f6024a4cd4c9,08a568f3243fdc30301df9a264acb7b8c6611815c9bf828caa15f6024a4cd4c9,YES,ffffe781c1fff0e0,3761387,2024-12-30T20:18:34.825Z,SUCCESS,D:\curuma\turmeric_datasets\dataset_01\original\Aphids_Disease\aphids_disease_(95).jpg,https://data.mendeley.com/public-files/datasets/jtttfbx342/files/872bb124-e261-4d89-bb19-a9d944c790dd/file_downloaded
Dataset_01_jtttfbx342,aphids_disease_(96).jpg,original,Aphids_Disease,ccc522cc-7cfa-4650-aef7-3bc36c66f6cb,11640cb4f403b44a913fda9c9e81659515ed88294d93da2ae92039e9c6ced363,11640cb4f403b44a913fda9c9e81659515ed88294d93da2ae92039e9c6ced363,YES,ffffe781c1fcf000,3760472,2024-12-30T20:18:35.055Z,SUCCESS,D:\curuma\turmeric_datasets\dataset_01\original\Aphids_Disease\aphids_disease_(96).jpg,https://data.mendeley.com/public-files/datasets/jtttfbx342/files/1e6ed77f-26bc-4ee8-80f2-afcefd4d72c8/file_downloaded
Dataset_01_jtttfbx342,aphids_disease_(98).jpg,original,Aphids_Disease,ccc522cc-7cfa-4650-aef7-3bc36c66f6cb,5751a27d4a9bb4d401511a6167e8c25199dceb3a1b47fef6df3656865d2cca01,5751a27d4a9bb4d401511a6167e8c25199dceb3a1b47fef6df3656865d2cca01,YES,ffffff8480fef840,3731955,2024-12-30T20:18:37.286Z,SUCCESS,D:\curuma\turmeric_datasets\dataset_01\original\Aphids_Disease\aphids_disease_(98).jpg,https://data.mendeley.com/public-files/datasets/jtttfbx342/files/9ba28094-f425-4f7c-bea4-d3912ad56cf7/file_downloaded
Dataset_01_jtttfbx342,aphids_disease_(97).jpg,original,Aphids_Disease,ccc522cc-7cfa-4650-aef7-3bc36c66f6cb,b15625e5f8bbf7c4896968d87ce318c1e311ac8b9d587ab4eb6354f4b2fe3024,b15625e5f8bbf7c4896968d87ce318c1e311ac8b9d587ab4eb6354f4b2fe3024,YES,ffffe3c1f3fff0c0,3688417,2024-12-30T20:18:35.842Z,SUCCESS,D:\curuma\turmeric_datasets\dataset_01\original\Aphids_Disease\aphids_disease_(97).jpg,https://data.mendeley.com/public-files/datasets/jtttfbx342/files/d790df92-72e6-4003-a8ac-41b719b349d2/file_downloaded
Dataset_01_jtttfbx342,aphids_disease_(99).jpg,original,Aphids_Disease,ccc522cc-7cfa-4650-aef7-3bc36c66f6cb,d777c1c8ea55e817ecd42653092fa697e71cfa8bedd05555dbcddb4ba5dae795,d777c1c8ea55e817ecd42653092fa697e71cfa8bedd05555dbcddb4ba5dae795,YES,fffff7c1c1f3fffc,3647353,2024-12-30T20:18:37.721Z,SUCCESS,D:\curuma\turmeric_datasets\dataset_01\original\Aphids_Disease\aphids_disease_(99).jpg,https://data.mendeley.com/public-files/datasets/jtttfbx342/files/e719043b-dc0c-4296-8ab1-80c728d122aa/file_downloaded
Dataset_01_jtttfbx342,blotch_(1).jpg,original,Blotch,333d6deb-fe48-4bab-b987-0e38443c8857,d0a26638fdc1355ac4e5767a5d4a42c965e2b4c5364a6c078342c3ee0cbb5f8a,d0a26638fdc1355ac4e5767a5d4a42c965e2b4c5364a6c078342c3ee0cbb5f8a,YES,ffff830080e3fff9,4194677,2024-12-30T20:18:38.431Z,SUCCESS,D:\curuma\turmeric_datasets\dataset_01\original\Blotch\blotch_(1).jpg,https://data.mendeley.com/public-files/datasets/jtttfbx342/files/1ddcf3c8-a39b-4dd1-b1e4-989f2c58b0ae/file_downloaded
Dataset_01_jtttfbx342,blotch_(100).jpg,original,Blotch,333d6deb-fe48-4bab-b987-0e38443c8857,bcc06d18f1831ae319f4f00da7c8278e101e4f7a33f4c026fc80408809931bdb,bcc06d18f1831ae319f4f00da7c8278e101e4f7a33f4c026fc80408809931bdb,YES,ffdf81c3fff3f0e0,3506586,2024-12-30T20:18:38.203Z,SUCCESS,D:\curuma\turmeric_datasets\dataset_01\original\Blotch\blotch_(100).jpg,https://data.mendeley.com/public-files/datasets/jtttfbx342/files/c7bb458e-96aa-43c2-a3b1-36d39cb4d2d5/file_downloaded
Dataset_01_jtttfbx342,blotch_(10).jpg,original,Blotch,333d6deb-fe48-4bab-b987-0e38443c8857,7a68b5abb7e0eda38dcc971bfec0396a6a680c995071a5aebc3e3dcc5134c0f5,7a68b5abb7e0eda38dcc971bfec0396a6a680c995071a5aebc3e3dcc5134c0f5,YES,ffff01c3fffffef0,3595267,2024-12-30T20:18:38.016Z,SUCCESS,D:\curuma\turmeric_datasets\dataset_01\original\Blotch\blotch_(10).jpg,https://data.mendeley.com/public-files/datasets/jtttfbx342/files/dbc0d326-4770-4a97-9212-c6729d9646a0/file_downloaded
Dataset_01_jtttfbx342,blotch_(101).jpg,original,Blotch,333d6deb-fe48-4bab-b987-0e38443c8857,5a9df51980ae3c562a1a15d81e702ad85d2a39ae1d6d60ac179143f6b47081fa,5a9df51980ae3c562a1a15d81e702ad85d2a39ae1d6d60ac179143f6b47081fa,YES,ffff1f07c3e2fefe,3720384,2024-12-30T20:18:38.649Z,SUCCESS,D:\curuma\turmeric_datasets\dataset_01\original\Blotch\blotch_(101).jpg,https://data.mendeley.com/public-files/datasets/jtttfbx342/files/03ab6af0-b675-4379-b21e-6391688ebff1/file_downloaded
Dataset_01_jtttfbx342,blotch_(102).jpg,original,Blotch,333d6deb-fe48-4bab-b987-0e38443c8857,61dc369c0fcede5ba2c94cd7a2912375b7245928ecfe944b3fe75fda5a4d0c59,61dc369c0fcede5ba2c94cd7a2912375b7245928ecfe944b3fe75fda5a4d0c59,YES,7fffff9cc0e0f0e0,3647382,2024-12-30T20:18:40.19Z,SUCCESS,D:\curuma\turmeric_datasets\dataset_01\original\Blotch\blotch_(102).jpg,https://data.mendeley.com/public-files/datasets/jtttfbx342/files/0378bb30-849a-4a2c-89f4-66b6c4aa32db/file_downloaded
Dataset_01_jtttfbx342,blotch_(104).jpg,original,Blotch,333d6deb-fe48-4bab-b987-0e38443c8857,b70e64553d4cfd52b4433b3a131b764ea249326ca92bc470a6387c6b360ef634,b70e64553d4cfd52b4433b3a131b764ea249326ca92bc470a6387c6b360ef634,YES,fffff78181c7ffef,3973404,2024-12-30T20:18:41.046Z,SUCCESS,D:\curuma\turmeric_datasets\dataset_01\original\Blotch\blotch_(104).jpg,https://data.mendeley.com/public-files/datasets/jtttfbx342/files/f7a793c9-647b-440a-8ec0-ddc011cd700a/file_downloaded
Dataset_01_jtttfbx342,blotch_(105).jpg,original,Blotch,333d6deb-fe48-4bab-b987-0e38443c8857,d8cd2e97eed259100d927726cbaec6581a1eef220416eb4bf5839e3ddc4c676e,d8cd2e97eed259100d927726cbaec6581a1eef220416eb4bf5839e3ddc4c676e,YES,ffff8181c7fffffc,3926831,2024-12-30T20:18:41.852Z,SUCCESS,D:\curuma\turmeric_datasets\dataset_01\original\Blotch\blotch_(105).jpg,https://data.mendeley.com/public-files/datasets/jtttfbx342/files/0f056af6-191a-4f2e-a60b-bf6729986e9e/file_downloaded
Dataset_01_jtttfbx342,blotch_(106).jpg,original,Blotch,333d6deb-fe48-4bab-b987-0e38443c8857,cc89a902e21acab337e34da2c07fb6a86facc0ea3712bb40b00691c3fa2666f3,cc89a902e21acab337e34da2c07fb6a86facc0ea3712bb40b00691c3fa2666f3,YES,ffff83c1c1e7ffff,3950760,2024-12-30T20:18:43.195Z,SUCCESS,D:\curuma\turmeric_datasets\dataset_01\original\Blotch\blotch_(106).jpg,https://data.mendeley.com/public-files/datasets/jtttfbx342/files/1e64b69b-efda-4484-a569-483c1b497830/file_downloaded
Dataset_01_jtttfbx342,blotch_(103).jpg,original,Blotch,333d6deb-fe48-4bab-b987-0e38443c8857,bd96d595dc6cc26f3dae2052ed03eaa5c8759243de75b02b0883bc03177de07c,bd96d595dc6cc26f3dae2052ed03eaa5c8759243de75b02b0883bc03177de07c,YES,f0f6ff8ec0f2f0e0,3685061,2024-12-30T20:18:40.521Z,SUCCESS,D:\curuma\turmeric_datasets\dataset_01\original\Blotch\blotch_(103).jpg,https://data.mendeley.com/public-files/datasets/jtttfbx342/files/f203bf25-1c5f-4e4f-89ef-28e17e92f2e4/file_downloaded
Dataset_01_jtttfbx342,blotch_(107).jpg,original,Blotch,333d6deb-fe48-4bab-b987-0e38443c8857,66cb2e514a12f2542447d7f04582af204a8456c415c3f0862f1c41c3f5464b1c,66cb2e514a12f2542447d7f04582af204a8456c415c3f0862f1c41c3f5464b1c,YES,ffffe78080ccf0e0,3851001,2024-12-30T20:18:43.679Z,SUCCESS,D:\curuma\turmeric_datasets\dataset_01\original\Blotch\blotch_(107).jpg,https://data.mendeley.com/public-files/datasets/jtttfbx342/files/ee3f46f0-8afe-454e-9985-3648a3703345/file_downloaded
Dataset_01_jtttfbx342,blotch_(108).jpg,original,Blotch,333d6deb-fe48-4bab-b987-0e38443c8857,3fb4b5064dbab2f7d6376ea006a047cbd1757baa2e27eff0a5258b089a188038,3fb4b5064dbab2f7d6376ea006a047cbd1757baa2e27eff0a5258b089a188038,YES,fffff70381c7ffe0,3947400,2024-12-30T20:18:44.105Z,SUCCESS,D:\curuma\turmeric_datasets\dataset_01\original\Blotch\blotch_(108).jpg,https://data.mendeley.com/public-files/datasets/jtttfbx342/files/67c92643-8743-41c5-bcd8-070cea64cd9c/file_downloaded
Dataset_01_jtttfbx342,blotch_(11).jpg,original,Blotch,333d6deb-fe48-4bab-b987-0e38443c8857,2aeaaafe8ab8bacbbe61a27abab10b8f231d5bcf8f81a9ba50c94c8aac7835b1,2aeaaafe8ab8bacbbe61a27abab10b8f231d5bcf8f81a9ba50c94c8aac7835b1,YES,ffff8781c1fffbfb,3700131,2024-12-30T20:18:44.148Z,SUCCESS,D:\curuma\turmeric_datasets\dataset_01\original\Blotch\blotch_(11).jpg,https://data.mendeley.com/public-files/datasets/jtttfbx342/files/8a8668f8-e6ec-4226-97ef-d32c6606b67c/file_downloaded
Dataset_01_jtttfbx342,blotch_(109).jpg,original,Blotch,333d6deb-fe48-4bab-b987-0e38443c8857,ba0259fbee93a2eeff0bc50fcb61acdcc20484bcff8f9985d9903779f93aadc3,ba0259fbee93a2eeff0bc50fcb61acdcc20484bcff8f9985d9903779f93aadc3,YES,ffffff8100e7fdef,3757256,2024-12-30T20:18:44.077Z,SUCCESS,D:\curuma\turmeric_datasets\dataset_01\original\Blotch\blotch_(109).jpg,https://data.mendeley.com/public-files/datasets/jtttfbx342/files/9c9ee25a-3a94-43c8-8061-bd808620e264/file_downloaded
Dataset_01_jtttfbx342,blotch_(110).jpg,original,Blotch,333d6deb-fe48-4bab-b987-0e38443c8857,8ef16b5c4a776db8e5849dba68da19d0e68ee9872b3012ea4f00ef6b5c3535ff,8ef16b5c4a776db8e5849dba68da19d0e68ee9872b3012ea4f00ef6b5c3535ff,YES,ffff8100c3ffffff,3808567,2024-12-30T20:18:44.339Z,SUCCESS,D:\curuma\turmeric_datasets\dataset_01\original\Blotch\blotch_(110).jpg,https://data.mendeley.com/public-files/datasets/jtttfbx342/files/1fd2c806-94a2-492f-be47-5d0bba1c5f10/file_downloaded
Dataset_01_jtttfbx342,blotch_(111).jpg,original,Blotch,333d6deb-fe48-4bab-b987-0e38443c8857,d44ef069db9f7bdcaac4eed6bf777b0a01e9b938206731b3e52acf941d9d6a34,d44ef069db9f7bdcaac4eed6bf777b0a01e9b938206731b3e52acf941d9d6a34,YES,ffffe70100e7ffff,3769589,2024-12-30T20:18:44.884Z,SUCCESS,D:\curuma\turmeric_datasets\dataset_01\original\Blotch\blotch_(111).jpg,https://data.mendeley.com/public-files/datasets/jtttfbx342/files/878d6da7-b6b0-4f97-8561-4bcc6fb47650/file_downloaded
Dataset_01_jtttfbx342,blotch_(112).jpg,original,Blotch,333d6deb-fe48-4bab-b987-0e38443c8857,f7006659e6e9c52685a778121249bafac8197d198f2b804bc8a57f796a73933b,f7006659e6e9c52685a778121249bafac8197d198f2b804bc8a57f796a73933b,YES,ffffff8000cff0e1,3780807,2024-12-30T20:18:45.275Z,SUCCESS,D:\curuma\turmeric_datasets\dataset_01\original\Blotch\blotch_(112).jpg,https://data.mendeley.com/public-files/datasets/jtttfbx342/files/3e2489f4-136f-4bd7-ad12-08cec62c4763/file_downloaded
Dataset_01_jtttfbx342,blotch_(113).jpg,original,Blotch,333d6deb-fe48-4bab-b987-0e38443c8857,1986cf699312e2001d9255fea970eed9b636f99bdb2ce0db31dd9ab4b12cfa18,1986cf699312e2001d9255fea970eed9b636f99bdb2ce0db31dd9ab4b12cfa18,YES,ffffff8100c7ffe0,3815649,2024-12-30T20:18:45.42Z,SUCCESS,D:\curuma\turmeric_datasets\dataset_01\original\Blotch\blotch_(113).jpg,https://data.mendeley.com/public-files/datasets/jtttfbx342/files/1c513bd8-6c51-4f3d-830b-fe54c575a955/file_downloaded
Dataset_01_jtttfbx342,blotch_(114).jpg,original,Blotch,333d6deb-fe48-4bab-b987-0e38443c8857,d43a53d9f3ebf93fa12c643631f1efcf57784c9038e1d3c17f05e015135f07a0,d43a53d9f3ebf93fa12c643631f1efcf57784c9038e1d3c17f05e015135f07a0,YES,ffffe38180f2feff,3782598,2024-12-30T20:18:45.621Z,SUCCESS,D:\curuma\turmeric_datasets\dataset_01\original\Blotch\blotch_(114).jpg,https://data.mendeley.com/public-files/datasets/jtttfbx342/files/7a43a198-5e79-4cc3-9631-cdfa0c39d90b/file_downloaded
Dataset_01_jtttfbx342,blotch_(115).jpg,original,Blotch,333d6deb-fe48-4bab-b987-0e38443c8857,6743a0f602b91dbe32f504c80b73c15995fb0b4d99973e5f606dbb207d5eb84e,6743a0f602b91dbe32f504c80b73c15995fb0b4d99973e5f606dbb207d5eb84e,YES,ffff830083f7ffff,3821349,2024-12-30T20:18:47.614Z,SUCCESS,D:\curuma\turmeric_datasets\dataset_01\original\Blotch\blotch_(115).jpg,https://data.mendeley.com/public-files/datasets/jtttfbx342/files/d7a99e1c-7554-4cda-9b97-25234483ee99/file_downloaded
Dataset_01_jtttfbx342,blotch_(116).jpg,original,Blotch,333d6deb-fe48-4bab-b987-0e38443c8857,d4eb8c6d530c117c991c1353be5da210689505a3c3b681f7c02d5c92b5b57026,d4eb8c6d530c117c991c1353be5da210689505a3c3b681f7c02d5c92b5b57026,YES,ffff838181f3ffff,3701644,2024-12-30T20:18:49.575Z,SUCCESS,D:\curuma\turmeric_datasets\dataset_01\original\Blotch\blotch_(116).jpg,https://data.mendeley.com/public-files/datasets/jtttfbx342/files/f92100c9-be14-4e97-981a-103991389111/file_downloaded
Dataset_01_jtttfbx342,blotch_(117).jpg,original,Blotch,333d6deb-fe48-4bab-b987-0e38443c8857,20780fc2b8f1c06e4afee3e64db83ebe09a0b96599d325fff0e96447a68bb5b6,20780fc2b8f1c06e4afee3e64db83ebe09a0b96599d325fff0e96447a68bb5b6,YES,ffffe78180e4f8f0,3856271,2024-12-30T20:18:50.233Z,SUCCESS,D:\curuma\turmeric_datasets\dataset_01\original\Blotch\blotch_(117).jpg,https://data.mendeley.com/public-files/datasets/jtttfbx342/files/270ceef2-0df8-4fe6-9bf6-01e2aa5d4a0a/file_downloaded
Dataset_01_jtttfbx342,blotch_(118).jpg,original,Blotch,333d6deb-fe48-4bab-b987-0e38443c8857,96ac2d26216f11d98f0534417ee9e2ac0b6bc21635eb1e6b208abfeae6c84634,96ac2d26216f11d98f0534417ee9e2ac0b6bc21635eb1e6b208abfeae6c84634,YES,ffffe78181f7ffe0,3858923,2024-12-30T20:18:50.686Z,SUCCESS,D:\curuma\turmeric_datasets\dataset_01\original\Blotch\blotch_(118).jpg,https://data.mendeley.com/public-files/datasets/jtttfbx342/files/6757e322-b9bf-460b-a0e5-78079c20bd99/file_downloaded
Dataset_01_jtttfbx342,blotch_(119).jpg,original,Blotch,333d6deb-fe48-4bab-b987-0e38443c8857,3a0747b16ee7005359bc0947197fdbe3c881189693de0906cf5a0944e1557230,3a0747b16ee7005359bc0947197fdbe3c881189693de0906cf5a0944e1557230,YES,ffff8381e3f8f4e6,3596614,2024-12-30T20:18:50.403Z,SUCCESS,D:\curuma\turmeric_datasets\dataset_01\original\Blotch\blotch_(119).jpg,https://data.mendeley.com/public-files/datasets/jtttfbx342/files/1f6ce0f7-2818-4408-a04c-e6ded665292e/file_downloaded
Dataset_01_jtttfbx342,blotch_(12).jpg,original,Blotch,333d6deb-fe48-4bab-b987-0e38443c8857,82171ff135454b54520e0a6b53f2373cd93b23210b74f17e6038dee4f03a08ac,82171ff135454b54520e0a6b53f2373cd93b23210b74f17e6038dee4f03a08ac,YES,fffffe0080fcf0e0,3596905,2024-12-30T20:18:50.871Z,SUCCESS,D:\curuma\turmeric_datasets\dataset_01\original\Blotch\blotch_(12).jpg,https://data.mendeley.com/public-files/datasets/jtttfbx342/files/4ea4799b-a6ab-4d91-b16d-b4f5afe30c1d/file_downloaded
Dataset_01_jtttfbx342,blotch_(120).jpg,original,Blotch,333d6deb-fe48-4bab-b987-0e38443c8857,bfbf0a3dc89fbf7c06752a5edf3f1fd1d39d32faf1243a0d0d6c2c0a4835b862,bfbf0a3dc89fbf7c06752a5edf3f1fd1d39d32faf1243a0d0d6c2c0a4835b862,YES,ffff8381e7fff8f0,3573369,2024-12-30T20:18:51.881Z,SUCCESS,D:\curuma\turmeric_datasets\dataset_01\original\Blotch\blotch_(120).jpg,https://data.mendeley.com/public-files/datasets/jtttfbx342/files/5ddf87b7-c6b8-47c8-84d5-fa4c3c6ccfb9/file_downloaded
Dataset_01_jtttfbx342,blotch_(122).jpg,original,Blotch,333d6deb-fe48-4bab-b987-0e38443c8857,11939e74ac1abc385de0141159215b317861a4a95b6a16375657e1d5be668837,11939e74ac1abc385de0141159215b317861a4a95b6a16375657e1d5be668837,YES,ffffff8080f8e0e0,3517163,2024-12-30T20:18:52.095Z,SUCCESS,D:\curuma\turmeric_datasets\dataset_01\original\Blotch\blotch_(122).jpg,https://data.mendeley.com/public-files/datasets/jtttfbx342/files/7162fc7d-d194-4722-b7ca-7b195a0ef2c9/file_downloaded
Dataset_01_jtttfbx342,blotch_(123).jpg,original,Blotch,333d6deb-fe48-4bab-b987-0e38443c8857,88849ca6200e67d7a077015094e9ddc61c558335a27edf1565c649ea8293700f,88849ca6200e67d7a077015094e9ddc61c558335a27edf1565c649ea8293700f,YES,fffcff8183fff7e0,3525189,2024-12-30T20:18:52.71Z,SUCCESS,D:\curuma\turmeric_datasets\dataset_01\original\Blotch\blotch_(123).jpg,https://data.mendeley.com/public-files/datasets/jtttfbx342/files/46077a42-883e-4ef7-abb4-e1e9d85c494d/file_downloaded
Dataset_01_jtttfbx342,blotch_(124).jpg,original,Blotch,333d6deb-fe48-4bab-b987-0e38443c8857,b6bf6ad693d3035a863eee833777bfeae72f36fb12eb221c8d4372eff08e38d2,b6bf6ad693d3035a863eee833777bfeae72f36fb12eb221c8d4372eff08e38d2,YES,ffffffc3c0e4f4e6,3120914,2024-12-30T20:18:52.739Z,SUCCESS,D:\curuma\turmeric_datasets\dataset_01\original\Blotch\blotch_(124).jpg,https://data.mendeley.com/public-files/datasets/jtttfbx342/files/4c5e789b-7bcc-4223-94a2-371d4202de01/file_downloaded
Dataset_01_jtttfbx342,blotch_(121).jpg,original,Blotch,333d6deb-fe48-4bab-b987-0e38443c8857,32d9963714876dc957f00cac0f57d8a29186bd9ab984a584ad5af4548fddd818,32d9963714876dc957f00cac0f57d8a29186bd9ab984a584ad5af4548fddd818,YES,ffffc781c1fff3ff,3515810,2024-12-30T20:18:51.98Z,SUCCESS,D:\curuma\turmeric_datasets\dataset_01\original\Blotch\blotch_(121).jpg,https://data.mendeley.com/public-files/datasets/jtttfbx342/files/c3823d7a-6608-47bd-a6d0-5d8a1f2a295b/file_downloaded
Dataset_01_jtttfbx342,blotch_(125).jpg,original,Blotch,333d6deb-fe48-4bab-b987-0e38443c8857,2c8eb406dd286df6ea240ff6e44ea20fb2d13441c711a98c652e52bf9e542045,2c8eb406dd286df6ea240ff6e44ea20fb2d13441c711a98c652e52bf9e542045,YES,ffffc783e7fff0e0,3606061,2024-12-30T20:18:55.313Z,SUCCESS,D:\curuma\turmeric_datasets\dataset_01\original\Blotch\blotch_(125).jpg,https://data.mendeley.com/public-files/datasets/jtttfbx342/files/ee814edd-dd1d-4a87-ab93-58b785c18e98/file_downloaded
Dataset_01_jtttfbx342,blotch_(126).jpg,original,Blotch,333d6deb-fe48-4bab-b987-0e38443c8857,d787a50ec3e16167d9a10f596ae97b6478593b735ca4dd6766c87a8fdf6e685d,d787a50ec3e16167d9a10f596ae97b6478593b735ca4dd6766c87a8fdf6e685d,YES,ffffe7c3c3e7fbff,3556565,2024-12-30T20:18:57.522Z,SUCCESS,D:\curuma\turmeric_datasets\dataset_01\original\Blotch\blotch_(126).jpg,https://data.mendeley.com/public-files/datasets/jtttfbx342/files/8e4f6379-dba3-47c2-be6c-cc8d8c85cab9/file_downloaded
Dataset_01_jtttfbx342,blotch_(127).jpg,original,Blotch,333d6deb-fe48-4bab-b987-0e38443c8857,11b65651d4e85e933acfd959ded552242433c3bcb5757e0168c590a8fcd7c7cd,11b65651d4e85e933acfd959ded552242433c3bcb5757e0168c590a8fcd7c7cd,YES,ffffe7c2c0f8e0e0,3604255,2024-12-30T20:18:58.172Z,SUCCESS,D:\curuma\turmeric_datasets\dataset_01\original\Blotch\blotch_(127).jpg,https://data.mendeley.com/public-files/datasets/jtttfbx342/files/e8ec6a30-ed80-4c08-a02a-b30231239e19/file_downloaded
Dataset_01_jtttfbx342,blotch_(128).jpg,original,Blotch,333d6deb-fe48-4bab-b987-0e38443c8857,da417db864053f498bc10a11f191968daff336397775c75a2e1c65d710aaf955,da417db864053f498bc10a11f191968daff336397775c75a2e1c65d710aaf955,YES,fcfeffc783e7ffc0,3483836,2024-12-30T20:18:59.47Z,SUCCESS,D:\curuma\turmeric_datasets\dataset_01\original\Blotch\blotch_(128).jpg,https://data.mendeley.com/public-files/datasets/jtttfbx342/files/a23dda22-5675-4bbc-981d-7cf2ee765294/file_downloaded
Dataset_01_jtttfbx342,blotch_(129).jpg,original,Blotch,333d6deb-fe48-4bab-b987-0e38443c8857,722ab8ef03f1339d2271693ca22ba4d28c11769cc4b440d05176fc4e2e8bdf56,722ab8ef03f1339d2271693ca22ba4d28c11769cc4b440d05176fc4e2e8bdf56,YES,ffffff8180f4f0c6,3704018,2024-12-30T20:18:58.882Z,SUCCESS,D:\curuma\turmeric_datasets\dataset_01\original\Blotch\blotch_(129).jpg,https://data.mendeley.com/public-files/datasets/jtttfbx342/files/c0b23027-9996-497d-b761-980b3b5e4e65/file_downloaded
Dataset_01_jtttfbx342,blotch_(13).jpg,original,Blotch,333d6deb-fe48-4bab-b987-0e38443c8857,fcd85ea5c39b922c9b5e21005a4c8d11510db3bbba83f5f15fcc455e7ff2a26e,fcd85ea5c39b922c9b5e21005a4c8d11510db3bbba83f5f15fcc455e7ff2a26e,YES,fff780f9fffbf0e0,3546952,2024-12-30T20:19:00.331Z,SUCCESS,D:\curuma\turmeric_datasets\dataset_01\original\Blotch\blotch_(13).jpg,https://data.mendeley.com/public-files/datasets/jtttfbx342/files/c969b38d-8499-4e08-af0f-ef5414311174/file_downloaded
Dataset_01_jtttfbx342,blotch_(130).jpg,original,Blotch,333d6deb-fe48-4bab-b987-0e38443c8857,1798e4ea4fc2121411bfbdd2d2178e3f247106623117dc8ac87db8f84ecd878c,1798e4ea4fc2121411bfbdd2d2178e3f247106623117dc8ac87db8f84ecd878c,YES,ffff0f81c3fffff0,3669266,2024-12-30T20:19:00.539Z,SUCCESS,D:\curuma\turmeric_datasets\dataset_01\original\Blotch\blotch_(130).jpg,https://data.mendeley.com/public-files/datasets/jtttfbx342/files/4dff1708-e315-424a-9db9-436f2844fff4/file_downloaded
Dataset_01_jtttfbx342,blotch_(131).jpg,original,Blotch,333d6deb-fe48-4bab-b987-0e38443c8857,f1110a91d11e33c53733ce8fcd88a5ecb8b39e4bda55169b632d4cafdf557815,f1110a91d11e33c53733ce8fcd88a5ecb8b39e4bda55169b632d4cafdf557815,YES,ffffff83c1e3fbfb,3651735,2024-12-30T20:19:00.722Z,SUCCESS,D:\curuma\turmeric_datasets\dataset_01\original\Blotch\blotch_(131).jpg,https://data.mendeley.com/public-files/datasets/jtttfbx342/files/b2d0e964-513f-40dd-b7b9-42d6b8e7b788/file_downloaded
Dataset_01_jtttfbx342,blotch_(132).jpg,original,Blotch,333d6deb-fe48-4bab-b987-0e38443c8857,db06ee16c52da89418c4a43b4c0ab41af35d0098350e6d263b700a320b82645b,db06ee16c52da89418c4a43b4c0ab41af35d0098350e6d263b700a320b82645b,YES,ffffff0080f8e040,3670001,2024-12-30T20:19:01.102Z,SUCCESS,D:\curuma\turmeric_datasets\dataset_01\original\Blotch\blotch_(132).jpg,https://data.mendeley.com/public-files/datasets/jtttfbx342/files/fceb83fb-9816-4b3d-be99-fdd9773300f7/file_downloaded
Dataset_01_jtttfbx342,blotch_(134).jpg,original,Blotch,333d6deb-fe48-4bab-b987-0e38443c8857,c7eb82a7a172018eec6e58c07ae7214bd51874bdaa1c70bef1f1b317fedde099,c7eb82a7a172018eec6e58c07ae7214bd51874bdaa1c70bef1f1b317fedde099,YES,ffffff8180fcfce6,3717049,2024-12-30T20:19:02.192Z,SUCCESS,D:\curuma\turmeric_datasets\dataset_01\original\Blotch\blotch_(134).jpg,https://data.mendeley.com/public-files/datasets/jtttfbx342/files/4d2685a7-a0ba-417f-91ec-c03f5f434522/file_downloaded
Dataset_01_jtttfbx342,blotch_(133).jpg,original,Blotch,333d6deb-fe48-4bab-b987-0e38443c8857,fc221247d9a2007aac7eb575656e170507031aef4654c89a448fec214c3b166a,fc221247d9a2007aac7eb575656e170507031aef4654c89a448fec214c3b166a,YES,fffcffff8083ffc0,3584770,2024-12-30T20:19:00.974Z,SUCCESS,D:\curuma\turmeric_datasets\dataset_01\original\Blotch\blotch_(133).jpg,https://data.mendeley.com/public-files/datasets/jtttfbx342/files/b080da72-32ff-4453-909d-f0b04019d269/file_downloaded
Dataset_01_jtttfbx342,blotch_(136).jpg,original,Blotch,333d6deb-fe48-4bab-b987-0e38443c8857,524d0a58ab9a8f787bf20643daac01e1026b012a1f0081fd7cc6d41032a6bc7a,524d0a58ab9a8f787bf20643daac01e1026b012a1f0081fd7cc6d41032a6bc7a,YES,ffffc781c1fffbff,3608949,2024-12-30T20:19:04.242Z,SUCCESS,D:\curuma\turmeric_datasets\dataset_01\original\Blotch\blotch_(136).jpg,https://data.mendeley.com/public-files/datasets/jtttfbx342/files/28d19579-e362-4795-b640-f2b96f9f28ff/file_downloaded
Dataset_01_jtttfbx342,blotch_(137).jpg,original,Blotch,333d6deb-fe48-4bab-b987-0e38443c8857,b8b30d92cc32c50ccc5426daafd3e41c4d069f5cbcee41e26613ca22f6ee5f3a,b8b30d92cc32c50ccc5426daafd3e41c4d069f5cbcee41e26613ca22f6ee5f3a,YES,ffffff8084f8f0e0,3671495,2024-12-30T20:19:05.209Z,SUCCESS,D:\curuma\turmeric_datasets\dataset_01\original\Blotch\blotch_(137).jpg,https://data.mendeley.com/public-files/datasets/jtttfbx342/files/732d4178-b8c3-4d78-9d7a-a5df99a0f6dc/file_downloaded
Dataset_01_jtttfbx342,blotch_(138).jpg,original,Blotch,333d6deb-fe48-4bab-b987-0e38443c8857,87856d5cd77a46cc5ba03c3aa75209b794175fa3db22997a6d3a151736c809fd,87856d5cd77a46cc5ba03c3aa75209b794175fa3db22997a6d3a151736c809fd,YES,ffffff8180ffffc0,3762057,2024-12-30T20:19:06.244Z,SUCCESS,D:\curuma\turmeric_datasets\dataset_01\original\Blotch\blotch_(138).jpg,https://data.mendeley.com/public-files/datasets/jtttfbx342/files/7ca9f390-bf68-4a56-a96d-36ae791b8c08/file_downloaded
Dataset_01_jtttfbx342,blotch_(139).jpg,original,Blotch,333d6deb-fe48-4bab-b987-0e38443c8857,fac362c3b88019419b4e971502ede8c22596967d1ea5216f8dbace5af4780747,fac362c3b88019419b4e971502ede8c22596967d1ea5216f8dbace5af4780747,YES,ffffc38181f7ffff,3889410,2024-12-30T20:19:08.09Z,SUCCESS,D:\curuma\turmeric_datasets\dataset_01\original\Blotch\blotch_(139).jpg,https://data.mendeley.com/public-files/datasets/jtttfbx342/files/0aef3727-0572-421f-a451-6036605f85a5/file_downloaded
Dataset_01_jtttfbx342,blotch_(140).jpg,original,Blotch,333d6deb-fe48-4bab-b987-0e38443c8857,6d6d1be43418b4ec56f2d58199ed98cb0052258dea396acc18569820198fa22f,6d6d1be43418b4ec56f2d58199ed98cb0052258dea396acc18569820198fa22f,YES,ffc70100e3ffffff,3863666,2024-12-30T20:19:08.359Z,SUCCESS,D:\curuma\turmeric_datasets\dataset_01\original\Blotch\blotch_(140).jpg,https://data.mendeley.com/public-files/datasets/jtttfbx342/files/1a32b20f-dee4-4c6a-9067-3be2b3b45ed3/file_downloaded
Dataset_01_jtttfbx342,blotch_(14).jpg,original,Blotch,333d6deb-fe48-4bab-b987-0e38443c8857,8c9bedebf5c57363e6cd308e662245d0d2b181807cb438056b1a3268aa4e1c55,8c9bedebf5c57363e6cd308e662245d0d2b181807cb438056b1a3268aa4e1c55,YES,ffffff8181ccf0e0,3643465,2024-12-30T20:19:07.897Z,SUCCESS,D:\curuma\turmeric_datasets\dataset_01\original\Blotch\blotch_(14).jpg,https://data.mendeley.com/public-files/datasets/jtttfbx342/files/e7059c25-8b5d-48d6-a092-c330326872d7/file_downloaded
Dataset_01_jtttfbx342,blotch_(141).jpg,original,Blotch,333d6deb-fe48-4bab-b987-0e38443c8857,a7e3f48e71f8c471773b3ad51ab70f2fcff222bf041e0b87df8c5015b957d77a,a7e3f48e71f8c471773b3ad51ab70f2fcff222bf041e0b87df8c5015b957d77a,YES,fff7c381c1f3ffff,3936802,2024-12-30T20:19:08.61Z,SUCCESS,D:\curuma\turmeric_datasets\dataset_01\original\Blotch\blotch_(141).jpg,https://data.mendeley.com/public-files/datasets/jtttfbx342/files/b08676d3-bad5-4106-9c00-56684cd1dc99/file_downloaded
Dataset_01_jtttfbx342,blotch_(142).jpg,original,Blotch,333d6deb-fe48-4bab-b987-0e38443c8857,0c230be2d317b70ca5dd64db9722b6598817b413936fa6baaf527a995e3f66bd,0c230be2d317b70ca5dd64db9722b6598817b413936fa6baaf527a995e3f66bd,YES,ffefc38180efffff,3943414,2024-12-30T20:19:08.636Z,SUCCESS,D:\curuma\turmeric_datasets\dataset_01\original\Blotch\blotch_(142).jpg,https://data.mendeley.com/public-files/datasets/jtttfbx342/files/2ca24678-c381-4960-a72d-3567577e06f6/file_downloaded
Dataset_01_jtttfbx342,blotch_(143).jpg,original,Blotch,333d6deb-fe48-4bab-b987-0e38443c8857,d6b2e396ffac0dd0995ad279b22147f98c005cc5fcc3306a6b62af8498ba78e1,d6b2e396ffac0dd0995ad279b22147f98c005cc5fcc3306a6b62af8498ba78e1,YES,ffffe78301c1ffe2,3912616,2024-12-30T20:19:09.129Z,SUCCESS,D:\curuma\turmeric_datasets\dataset_01\original\Blotch\blotch_(143).jpg,https://data.mendeley.com/public-files/datasets/jtttfbx342/files/ec2e6a26-63fe-43c0-bd0b-503134191348/file_downloaded
Dataset_01_jtttfbx342,blotch_(144).jpg,original,Blotch,333d6deb-fe48-4bab-b987-0e38443c8857,0f95c4bc6503846008f1b6f419946a7a1f43b13d0ee524d7314ad5d930de06dd,0f95c4bc6503846008f1b6f419946a7a1f43b13d0ee524d7314ad5d930de06dd,YES,ffffff8183f90000,3662986,2024-12-30T20:19:09.876Z,SUCCESS,D:\curuma\turmeric_datasets\dataset_01\original\Blotch\blotch_(144).jpg,https://data.mendeley.com/public-files/datasets/jtttfbx342/files/3ab7346f-92d0-485b-8a13-4b5652ad44b9/file_downloaded
Dataset_01_jtttfbx342,blotch_(145).jpg,original,Blotch,333d6deb-fe48-4bab-b987-0e38443c8857,615391520ca1a1d20571e7a30ddc7bad4e6a47c262586aa093d8fa30a3417b1f,615391520ca1a1d20571e7a30ddc7bad4e6a47c262586aa093d8fa30a3417b1f,YES,ffff81c3ffe7e180,3644103,2024-12-30T20:19:10.117Z,SUCCESS,D:\curuma\turmeric_datasets\dataset_01\original\Blotch\blotch_(145).jpg,https://data.mendeley.com/public-files/datasets/jtttfbx342/files/3dd282bd-fff8-45cb-b903-8b7ddcb8ae69/file_downloaded
Dataset_01_jtttfbx342,blotch_(146).jpg,original,Blotch,333d6deb-fe48-4bab-b987-0e38443c8857,b855dbd394d44360e83403d33729d5ea23af37776fc4687d24f19c1bbb852445,b855dbd394d44360e83403d33729d5ea23af37776fc4687d24f19c1bbb852445,YES,ffffbf81c37f3732,3683793,2024-12-30T20:19:10.649Z,SUCCESS,D:\curuma\turmeric_datasets\dataset_01\original\Blotch\blotch_(146).jpg,https://data.mendeley.com/public-files/datasets/jtttfbx342/files/ebcab97e-49c5-4f47-9f71-fd06d5cf08dc/file_downloaded
Dataset_01_jtttfbx342,blotch_(147).jpg,original,Blotch,333d6deb-fe48-4bab-b987-0e38443c8857,1b6c1333858ffa12e109f9ab6f9e0f062e8a3720657c62ef25ad3f76508c61ee,1b6c1333858ffa12e109f9ab6f9e0f062e8a3720657c62ef25ad3f76508c61ee,YES,fffffc0183f8c0c0,3722264,2024-12-30T20:19:11.456Z,SUCCESS,D:\curuma\turmeric_datasets\dataset_01\original\Blotch\blotch_(147).jpg,https://data.mendeley.com/public-files/datasets/jtttfbx342/files/bfe44490-efa0-488d-86a5-fbeac544e504/file_downloaded
Dataset_01_jtttfbx342,blotch_(148).jpg,original,Blotch,333d6deb-fe48-4bab-b987-0e38443c8857,0f6f2fdcdc2b7a453d7c2054aa2864f4866cc60dc25cdf1f42ecabe31a5ea71a,0f6f2fdcdc2b7a453d7c2054aa2864f4866cc60dc25cdf1f42ecabe31a5ea71a,YES,ffffffff01871f00,3637251,2024-12-30T20:19:14.586Z,SUCCESS,D:\curuma\turmeric_datasets\dataset_01\original\Blotch\blotch_(148).jpg,https://data.mendeley.com/public-files/datasets/jtttfbx342/files/ce425330-2397-437b-889a-9d8608f5a13b/file_downloaded
Dataset_01_jtttfbx342,blotch_(149).jpg,original,Blotch,333d6deb-fe48-4bab-b987-0e38443c8857,7ad4b7b50bd3fb4c352fcd7ef756d84aff7e7a3e3dcea8a0db2f090754274683,7ad4b7b50bd3fb4c352fcd7ef756d84aff7e7a3e3dcea8a0db2f090754274683,YES,ffffff8181fd8000,3625712,2024-12-30T20:19:14.418Z,SUCCESS,D:\curuma\turmeric_datasets\dataset_01\original\Blotch\blotch_(149).jpg,https://data.mendeley.com/public-files/datasets/jtttfbx342/files/c7ef713d-c0bd-4413-82d1-eb633b41ebff/file_downloaded
Dataset_01_jtttfbx342,blotch_(15).jpg,original,Blotch,333d6deb-fe48-4bab-b987-0e38443c8857,af2f021920122630a313dcafd8db337ade9fd09d5a8f2da21247c181445455ce,af2f021920122630a313dcafd8db337ade9fd09d5a8f2da21247c181445455ce,YES,ffff878087fffffc,3696991,2024-12-30T20:19:14.476Z,SUCCESS,D:\curuma\turmeric_datasets\dataset_01\original\Blotch\blotch_(15).jpg,https://data.mendeley.com/public-files/datasets/jtttfbx342/files/b8f03e0c-f8f1-466c-8f72-c8e62e3250ea/file_downloaded
Dataset_01_jtttfbx342,blotch_(150).jpg,original,Blotch,333d6deb-fe48-4bab-b987-0e38443c8857,7b87aa59194134dd3a0d25b0a8561d794f287e69a00c1c0754fd08f533d36815,7b87aa59194134dd3a0d25b0a8561d794f287e69a00c1c0754fd08f533d36815,YES,ffffff0087ffe0e0,3643035,2024-12-30T20:19:14.387Z,SUCCESS,D:\curuma\turmeric_datasets\dataset_01\original\Blotch\blotch_(150).jpg,https://data.mendeley.com/public-files/datasets/jtttfbx342/files/c0d5a319-b043-47af-bd97-a76d3b51befb/file_downloaded
Dataset_01_jtttfbx342,blotch_(151).jpg,original,Blotch,333d6deb-fe48-4bab-b987-0e38443c8857,403ad75544955f53fe1c30be6faad02930489697852c3b53c22f1a62b78294d4,403ad75544955f53fe1c30be6faad02930489697852c3b53c22f1a62b78294d4,YES,ffffff01817f3f7f,3645368,2024-12-30T20:19:14.529Z,SUCCESS,D:\curuma\turmeric_datasets\dataset_01\original\Blotch\blotch_(151).jpg,https://data.mendeley.com/public-files/datasets/jtttfbx342/files/d8fd3090-182c-4c2f-856c-2ef65f561751/file_downloaded
Dataset_01_jtttfbx342,blotch_(152).jpg,original,Blotch,333d6deb-fe48-4bab-b987-0e38443c8857,48b4892cc3ae0bf7718eec53968dd61b198d6d19b47ff5be498fe21e50f0f88f,48b4892cc3ae0bf7718eec53968dd61b198d6d19b47ff5be498fe21e50f0f88f,YES,fffffe8080f8f0e0,3624218,2024-12-30T20:19:14.557Z,SUCCESS,D:\curuma\turmeric_datasets\dataset_01\original\Blotch\blotch_(152).jpg,https://data.mendeley.com/public-files/datasets/jtttfbx342/files/e9cf53b8-8b58-4e89-997d-0fd91d7ad951/file_downloaded
Dataset_01_jtttfbx342,blotch_(153).jpg,original,Blotch,333d6deb-fe48-4bab-b987-0e38443c8857,2a86e3cc7e5143307fe667d1444cb0ccc25b3d39d1edd8d5285a1478598e0b64,2a86e3cc7e5143307fe667d1444cb0ccc25b3d39d1edd8d5285a1478598e0b64,YES,ffffff0101ffe780,3727483,2024-12-30T20:19:14.502Z,SUCCESS,D:\curuma\turmeric_datasets\dataset_01\original\Blotch\blotch_(153).jpg,https://data.mendeley.com/public-files/datasets/jtttfbx342/files/9bbc8dbe-3ca6-4f20-83e6-c65cef09158a/file_downloaded
Dataset_01_jtttfbx342,blotch_(154).jpg,original,Blotch,333d6deb-fe48-4bab-b987-0e38443c8857,244d6138ed35b77fbf4fda472f0e5818803885d4a893e3cb480136ade7fd6318,244d6138ed35b77fbf4fda472f0e5818803885d4a893e3cb480136ade7fd6318,YES,ffffff8180fc8004,3606060,2024-12-30T20:19:14.446Z,SUCCESS,D:\curuma\turmeric_datasets\dataset_01\original\Blotch\blotch_(154).jpg,https://data.mendeley.com/public-files/datasets/jtttfbx342/files/93ef0ab9-7767-4b7a-8776-1ebf948ef307/file_downloaded
Dataset_01_jtttfbx342,blotch_(135).jpg,original,Blotch,333d6deb-fe48-4bab-b987-0e38443c8857,3ebe5026b068d6d92891427150246aa223539e37c80f811dc86ecea41ee752a2,3ebe5026b068d6d92891427150246aa223539e37c80f811dc86ecea41ee752a2,YES,ffff0380fffffff8,3627758,2024-12-30T20:19:03.664Z,SUCCESS,D:\curuma\turmeric_datasets\dataset_01\original\Blotch\blotch_(135).jpg,https://data.mendeley.com/public-files/datasets/jtttfbx342/files/36481f63-4b69-4458-aa93-81b5140302c4/file_downloaded
Dataset_01_jtttfbx342,blotch_(155).jpg,original,Blotch,333d6deb-fe48-4bab-b987-0e38443c8857,8883b150f94d3cef5e273b77c961d3fb7e9a168e898fe79aaf985b58bd10fc9b,8883b150f94d3cef5e273b77c961d3fb7e9a168e898fe79aaf985b58bd10fc9b,YES,ffff8781e3ffe0c0,3529869,2024-12-30T20:19:14.614Z,SUCCESS,D:\curuma\turmeric_datasets\dataset_01\original\Blotch\blotch_(155).jpg,https://data.mendeley.com/public-files/datasets/jtttfbx342/files/e42df5ee-54b0-4708-8422-0f2d2ebfe708/file_downloaded
Dataset_01_jtttfbx342,aphids_disease_(167).jpg,original,Aphids_Disease,ccc522cc-7cfa-4650-aef7-3bc36c66f6cb,d7f590d9fd8ada143158fbe3ec637c094591b7cb56650e42064cd93406a676f8,d7f590d9fd8ada143158fbe3ec637c094591b7cb56650e42064cd93406a676f8,YES,ffffc380c1fff0c0,3734844,2024-12-30T20:16:53.128Z,SUCCESS,D:\curuma\turmeric_datasets\dataset_01\original\Aphids_Disease\aphids_disease_(167).jpg,https://data.mendeley.com/public-files/datasets/jtttfbx342/files/afe68fc7-cd9e-42a5-8934-d22d9b443164/file_downloaded
Dataset_01_jtttfbx342,aphids_disease_(219).jpg,original,Aphids_Disease,ccc522cc-7cfa-4650-aef7-3bc36c66f6cb,1bb0d87d7da31693351120018b0c8dcc0e58666e14fbdee5c3a6e62e7c64a7f8,1bb0d87d7da31693351120018b0c8dcc0e58666e14fbdee5c3a6e62e7c64a7f8,YES,ffffc38181f3ffff,3943785,2024-12-30T20:17:49.625Z,SUCCESS,D:\curuma\turmeric_datasets\dataset_01\original\Aphids_Disease\aphids_disease_(219).jpg,https://data.mendeley.com/public-files/datasets/jtttfbx342/files/cec32bcd-112e-4fc9-a6f1-140b28e413f0/file_downloaded
Dataset_01_jtttfbx342,blotch_(156).jpg,original,Blotch,333d6deb-fe48-4bab-b987-0e38443c8857,ead9152b9b3786bd7e6fc165748f4890d7f1d6accecda2668e27c3497c195baf,ead9152b9b3786bd7e6fc165748f4890d7f1d6accecda2668e27c3497c195baf,YES,ffff8783e13f7b79,3531334,2024-12-30T20:19:14.653Z,SUCCESS,D:\curuma\turmeric_datasets\dataset_01\original\Blotch\blotch_(156).jpg,https://data.mendeley.com/public-files/datasets/jtttfbx342/files/3d9533c7-ce01-4cda-8bea-68eebc961124/file_downloaded
Dataset_01_jtttfbx342,blotch_(158).jpg,original,Blotch,333d6deb-fe48-4bab-b987-0e38443c8857,611f93c1acb4c54ba750c2b73ae774e881665d3b1c1e736646665d1c1abf0fdf,611f93c1acb4c54ba750c2b73ae774e881665d3b1c1e736646665d1c1abf0fdf,YES,ffffff8781ffe600,3590515,2024-12-30T20:19:19.573Z,SUCCESS,D:\curuma\turmeric_datasets\dataset_01\original\Blotch\blotch_(158).jpg,https://data.mendeley.com/public-files/datasets/jtttfbx342/files/3499950b-13a8-4e4d-94d5-be8476e6c678/file_downloaded
Dataset_01_jtttfbx342,blotch_(157).jpg,original,Blotch,333d6deb-fe48-4bab-b987-0e38443c8857,994b1c437a2cef7e46ddaf5b12caf958a2f58bb309df8b545152df5c6015dabc,994b1c437a2cef7e46ddaf5b12caf958a2f58bb309df8b545152df5c6015dabc,YES,ffffff8080f0e0e0,3619710,2024-12-30T20:19:15.887Z,SUCCESS,D:\curuma\turmeric_datasets\dataset_01\original\Blotch\blotch_(157).jpg,https://data.mendeley.com/public-files/datasets/jtttfbx342/files/b6bf01cd-bca8-44f0-847e-7701536f71ae/file_downloaded
Dataset_01_jtttfbx342,blotch_(159).jpg,original,Blotch,333d6deb-fe48-4bab-b987-0e38443c8857,19234d22229e48564a13c30cfa58e254244b60c8e6e56fb2479404c92c0e5f9e,19234d22229e48564a13c30cfa58e254244b60c8e6e56fb2479404c92c0e5f9e,YES,ffffffc3c1e4f8c0,3677026,2024-12-30T20:19:19.964Z,SUCCESS,D:\curuma\turmeric_datasets\dataset_01\original\Blotch\blotch_(159).jpg,https://data.mendeley.com/public-files/datasets/jtttfbx342/files/a715472f-3b31-450a-87b9-7f853bc0db9d/file_downloaded
Dataset_01_jtttfbx342,blotch_(16).jpg,original,Blotch,333d6deb-fe48-4bab-b987-0e38443c8857,88480dd440e25bbed57537cd3ab3ee4979145d1e0ad844c7db99a7a49434fca9,88480dd440e25bbed57537cd3ab3ee4979145d1e0ad844c7db99a7a49434fca9,YES,ffffdf8381c1c7fb,3941581,2024-12-30T20:19:19.808Z,SUCCESS,D:\curuma\turmeric_datasets\dataset_01\original\Blotch\blotch_(16).jpg,https://data.mendeley.com/public-files/datasets/jtttfbx342/files/e0951e3f-a3d8-4877-80ba-14926ddac61b/file_downloaded
Dataset_01_jtttfbx342,blotch_(160).jpg,original,Blotch,333d6deb-fe48-4bab-b987-0e38443c8857,2a2af709edb0d23679d988acb8f6997636a1b4862b6e5b3dc0c88345696f8636,2a2af709edb0d23679d988acb8f6997636a1b4862b6e5b3dc0c88345696f8636,YES,ffffc381c7fffdf0,3759122,2024-12-30T20:19:19.934Z,SUCCESS,D:\curuma\turmeric_datasets\dataset_01\original\Blotch\blotch_(160).jpg,https://data.mendeley.com/public-files/datasets/jtttfbx342/files/feee94a4-0c00-4a2d-9f0a-e07fd1290a34/file_downloaded
Dataset_01_jtttfbx342,blotch_(161).jpg,original,Blotch,333d6deb-fe48-4bab-b987-0e38443c8857,323c90a2a702dfd37a229da2dae81d8a7bf60fa73f46bd22a672ef3e2a7ab254,323c90a2a702dfd37a229da2dae81d8a7bf60fa73f46bd22a672ef3e2a7ab254,YES,ffffe78383c7fffa,3761618,2024-12-30T20:19:19.907Z,SUCCESS,D:\curuma\turmeric_datasets\dataset_01\original\Blotch\blotch_(161).jpg,https://data.mendeley.com/public-files/datasets/jtttfbx342/files/8c870976-c794-4edd-bee0-a9598310dd8a/file_downloaded
Dataset_01_jtttfbx342,blotch_(162).jpg,original,Blotch,333d6deb-fe48-4bab-b987-0e38443c8857,2c607ef3acd2b79d267743ec04b8c8968bcc4842e64a3e90894428c37834de8d,2c607ef3acd2b79d267743ec04b8c8968bcc4842e64a3e90894428c37834de8d,YES,ffffc78380fcf040,3693298,2024-12-30T20:19:19.708Z,SUCCESS,D:\curuma\turmeric_datasets\dataset_01\original\Blotch\blotch_(162).jpg,https://data.mendeley.com/public-files/datasets/jtttfbx342/files/6de43fd6-ce16-4ed9-9380-183996cd3d0a/file_downloaded
Dataset_01_jtttfbx342,blotch_(164).jpg,original,Blotch,333d6deb-fe48-4bab-b987-0e38443c8857,50a22b4fe8d71821a74656fd1e2502eb1461089b865866d67f7bf9fd936a8b59,50a22b4fe8d71821a74656fd1e2502eb1461089b865866d67f7bf9fd936a8b59,YES,ffffffe3c1c1fec0,3716642,2024-12-30T20:19:19.846Z,SUCCESS,D:\curuma\turmeric_datasets\dataset_01\original\Blotch\blotch_(164).jpg,https://data.mendeley.com/public-files/datasets/jtttfbx342/files/8ac088de-d2f3-4fb2-9628-faef6e5c2e87/file_downloaded
Dataset_01_jtttfbx342,blotch_(165).jpg,original,Blotch,333d6deb-fe48-4bab-b987-0e38443c8857,2fa628011ce3ce4ed9095cab87af7221f9191158f2c87ae74f7dec18544868be,2fa628011ce3ce4ed9095cab87af7221f9191158f2c87ae74f7dec18544868be,YES,fffff7c180c6fcc6,3897300,2024-12-30T20:19:20.625Z,SUCCESS,D:\curuma\turmeric_datasets\dataset_01\original\Blotch\blotch_(165).jpg,https://data.mendeley.com/public-files/datasets/jtttfbx342/files/cc2f8725-d456-424d-a50e-d335f7b7b96c/file_downloaded
Dataset_01_jtttfbx342,blotch_(166).jpg,original,Blotch,333d6deb-fe48-4bab-b987-0e38443c8857,b1f89c8e6372c47eebe426efa1c3bb01e318cfa826970ca11308244d9a448710,b1f89c8e6372c47eebe426efa1c3bb01e318cfa826970ca11308244d9a448710,YES,ffffe3810183ffff,4077496,2024-12-30T20:19:20.596Z,SUCCESS,D:\curuma\turmeric_datasets\dataset_01\original\Blotch\blotch_(166).jpg,https://data.mendeley.com/public-files/datasets/jtttfbx342/files/6a782c97-7f44-4f09-b91d-f8ef2b70d6ce/file_downloaded
Dataset_01_jtttfbx342,blotch_(167).jpg,original,Blotch,333d6deb-fe48-4bab-b987-0e38443c8857,76b4963a138231a3a2fd1524642b5eeece8c64c8f3ec0b913dd256491f3ba98e,76b4963a138231a3a2fd1524642b5eeece8c64c8f3ec0b913dd256491f3ba98e,YES,ffffef8000c7feff,3882883,2024-12-30T20:19:21.198Z,SUCCESS,D:\curuma\turmeric_datasets\dataset_01\original\Blotch\blotch_(167).jpg,https://data.mendeley.com/public-files/datasets/jtttfbx342/files/ea2f88b8-fb3f-4323-9f45-79e6b147638a/file_downloaded
Dataset_01_jtttfbx342,blotch_(163).jpg,original,Blotch,333d6deb-fe48-4bab-b987-0e38443c8857,508acc01415d551df7c18c1b52fab330548237770ec5c31d153210a998771f8a,508acc01415d551df7c18c1b52fab330548237770ec5c31d153210a998771f8a,YES,ffffe78383c7ffc0,3724229,2024-12-30T20:19:19.992Z,SUCCESS,D:\curuma\turmeric_datasets\dataset_01\original\Blotch\blotch_(163).jpg,https://data.mendeley.com/public-files/datasets/jtttfbx342/files/6d6ca0c1-dd85-4b91-bdd8-91300badfc2d/file_downloaded
Dataset_01_jtttfbx342,blotch_(168).jpg,original,Blotch,333d6deb-fe48-4bab-b987-0e38443c8857,4433a2dc657f9e25d11077edf2ed53dd5825ab82df2b242ba71a879bb75f135a,4433a2dc657f9e25d11077edf2ed53dd5825ab82df2b242ba71a879bb75f135a,YES,ffffffc181e7ffc0,3911849,2024-12-30T20:19:27.471Z,SUCCESS,D:\curuma\turmeric_datasets\dataset_01\original\Blotch\blotch_(168).jpg,https://data.mendeley.com/public-files/datasets/jtttfbx342/files/f454a5f2-da7d-4318-8070-53d4e7fb5a8c/file_downloaded
Dataset_01_jtttfbx342,blotch_(169).jpg,original,Blotch,333d6deb-fe48-4bab-b987-0e38443c8857,ebc05b6770403bfef64a5f8fa7647192b571c29fbc3665909310312103cd4455,ebc05b6770403bfef64a5f8fa7647192b571c29fbc3665909310312103cd4455,YES,ffffc78181e7ffff,3820074,2024-12-30T20:19:27.562Z,SUCCESS,D:\curuma\turmeric_datasets\dataset_01\original\Blotch\blotch_(169).jpg,https://data.mendeley.com/public-files/datasets/jtttfbx342/files/280fd22a-cbcd-4988-837f-4d0828e2b26e/file_downloaded
Dataset_01_jtttfbx342,blotch_(17).jpg,original,Blotch,333d6deb-fe48-4bab-b987-0e38443c8857,fbae6ea5d25138dcec9dad0d611e2d06a200eac4c5cbe414676750f17215ba25,fbae6ea5d25138dcec9dad0d611e2d06a200eac4c5cbe414676750f17215ba25,YES,ffffff00809efcfc,3786349,2024-12-30T20:19:27.531Z,SUCCESS,D:\curuma\turmeric_datasets\dataset_01\original\Blotch\blotch_(17).jpg,https://data.mendeley.com/public-files/datasets/jtttfbx342/files/7c65575b-d8bd-41fb-98c8-fe1813cb0de4/file_downloaded
Dataset_01_jtttfbx342,blotch_(170).jpg,original,Blotch,333d6deb-fe48-4bab-b987-0e38443c8857,9f5a1ab1e1ceaa3829b2aff4a8d69ddb3ac70a659fa26fd653857d4a773ac906,9f5a1ab1e1ceaa3829b2aff4a8d69ddb3ac70a659fa26fd653857d4a773ac906,YES,ffffc381c7fffff0,3781684,2024-12-30T20:19:27.503Z,SUCCESS,D:\curuma\turmeric_datasets\dataset_01\original\Blotch\blotch_(170).jpg,https://data.mendeley.com/public-files/datasets/jtttfbx342/files/2b4d8f3d-2093-44fa-b38c-0c3230973c30/file_downloaded
Dataset_01_jtttfbx342,blotch_(171).jpg,original,Blotch,333d6deb-fe48-4bab-b987-0e38443c8857,21f5ffb58b83ed396f2ad31c4e756f3fdd06170fa3a6d6b3da1f9dabfd1a187d,21f5ffb58b83ed396f2ad31c4e756f3fdd06170fa3a6d6b3da1f9dabfd1a187d,YES,ffffc38181e7ffff,3585084,2024-12-30T20:19:27.26Z,SUCCESS,D:\curuma\turmeric_datasets\dataset_01\original\Blotch\blotch_(171).jpg,https://data.mendeley.com/public-files/datasets/jtttfbx342/files/24f53a4b-9780-4f25-9cb8-ed6a69489b6a/file_downloaded
Dataset_01_jtttfbx342,blotch_(172).jpg,original,Blotch,333d6deb-fe48-4bab-b987-0e38443c8857,adb6d82bca822ae0ac8802e6987a60cb770ff5f3395897a918cc767bebfb0504,adb6d82bca822ae0ac8802e6987a60cb770ff5f3395897a918cc767bebfb0504,YES,ffffc78382cef8fc,3816425,2024-12-30T20:19:27.743Z,SUCCESS,D:\curuma\turmeric_datasets\dataset_01\original\Blotch\blotch_(172).jpg,https://data.mendeley.com/public-files/datasets/jtttfbx342/files/6f835cc0-cbc9-4d6f-8c0f-caa1156e5a70/file_downloaded
Dataset_01_jtttfbx342,blotch_(173).jpg,original,Blotch,333d6deb-fe48-4bab-b987-0e38443c8857,25d844b08ed5e4761e4c4028d3da383730cea82129fd7b60ee46e726bd481636,25d844b08ed5e4761e4c4028d3da383730cea82129fd7b60ee46e726bd481636,YES,fffff7c3c1c3ffc0,3639811,2024-12-30T20:19:27.674Z,SUCCESS,D:\curuma\turmeric_datasets\dataset_01\original\Blotch\blotch_(173).jpg,https://data.mendeley.com/public-files/datasets/jtttfbx342/files/7337b977-169a-4180-bd5b-bbda4d0f2968/file_downloaded
Dataset_01_jtttfbx342,blotch_(174).jpg,original,Blotch,333d6deb-fe48-4bab-b987-0e38443c8857,22a37cc8a38be2bd0a3e68610e2a3664f3155fbcf5967201909dbcaac871d686,22a37cc8a38be2bd0a3e68610e2a3664f3155fbcf5967201909dbcaac871d686,YES,ffffe38081c3ffff,4076311,2024-12-30T20:19:28.432Z,SUCCESS,D:\curuma\turmeric_datasets\dataset_01\original\Blotch\blotch_(174).jpg,https://data.mendeley.com/public-files/datasets/jtttfbx342/files/a13a87c1-6545-4147-a22f-cc4b5883aeb4/file_downloaded
Dataset_01_jtttfbx342,blotch_(175).jpg,original,Blotch,333d6deb-fe48-4bab-b987-0e38443c8857,ebaefd7a4255be811cd908216790604d872cd62b015b594aa8b890acb207ad18,ebaefd7a4255be811cd908216790604d872cd62b015b594aa8b890acb207ad18,YES,ffffe78001c3ffff,4083159,2024-12-30T20:19:28.401Z,SUCCESS,D:\curuma\turmeric_datasets\dataset_01\original\Blotch\blotch_(175).jpg,https://data.mendeley.com/public-files/datasets/jtttfbx342/files/32ad316a-d88a-4338-96ea-3e9d0390ac28/file_downloaded
Dataset_01_jtttfbx342,blotch_(176).jpg,original,Blotch,333d6deb-fe48-4bab-b987-0e38443c8857,f58390c37f779b312f8cb7edc3569e9a0feb30f462ec379101fce590b851229a,f58390c37f779b312f8cb7edc3569e9a0feb30f462ec379101fce590b851229a,YES,ffffe7810187fffe,3958181,2024-12-30T20:19:28.46Z,SUCCESS,D:\curuma\turmeric_datasets\dataset_01\original\Blotch\blotch_(176).jpg,https://data.mendeley.com/public-files/datasets/jtttfbx342/files/e09dd583-46ef-46b9-a550-9e7317562f5b/file_downloaded
Dataset_01_jtttfbx342,blotch_(178).jpg,original,Blotch,333d6deb-fe48-4bab-b987-0e38443c8857,f9547782661a63acbce547bc7c85aaa970a013c585b2f81310888e60867c1a38,f9547782661a63acbce547bc7c85aaa970a013c585b2f81310888e60867c1a38,YES,ffffe7c18183ffc7,4036412,2024-12-30T20:19:33.002Z,SUCCESS,D:\curuma\turmeric_datasets\dataset_01\original\Blotch\blotch_(178).jpg,https://data.mendeley.com/public-files/datasets/jtttfbx342/files/fa9dab94-d730-43f5-8b8d-897b450cd5d9/file_downloaded
Dataset_01_jtttfbx342,blotch_(177).jpg,original,Blotch,333d6deb-fe48-4bab-b987-0e38443c8857,4d9b50d3b2f333941dfbc9f4fd04d391d3d5591c4700e1cbe37559e9da9367dd,4d9b50d3b2f333941dfbc9f4fd04d391d3d5591c4700e1cbe37559e9da9367dd,YES,ffffe78180c7ffff,4016710,2024-12-30T20:19:30.989Z,SUCCESS,D:\curuma\turmeric_datasets\dataset_01\original\Blotch\blotch_(177).jpg,https://data.mendeley.com/public-files/datasets/jtttfbx342/files/ed29ad20-c4ef-48f4-ada0-9d8f0859bfb9/file_downloaded
Dataset_01_jtttfbx342,blotch_(179).jpg,original,Blotch,333d6deb-fe48-4bab-b987-0e38443c8857,c03d6cc5798e39792e393b5c93e7930c148806c24214face8537aa28bf9ca0a3,c03d6cc5798e39792e393b5c93e7930c148806c24214face8537aa28bf9ca0a3,YES,fffff78180efffc7,3807604,2024-12-30T20:19:34.593Z,SUCCESS,D:\curuma\turmeric_datasets\dataset_01\original\Blotch\blotch_(179).jpg,https://data.mendeley.com/public-files/datasets/jtttfbx342/files/4c20f1dc-9b8f-47d4-bf13-665a04dc12f6/file_downloaded
Dataset_01_jtttfbx342,blotch_(18).jpg,original,Blotch,333d6deb-fe48-4bab-b987-0e38443c8857,ec451feb61074267c5691914adf419236730daef7ceb5134d9587daa9233ec2f,ec451feb61074267c5691914adf419236730daef7ceb5134d9587daa9233ec2f,YES,ffffff3f0080dffc,3793089,2024-12-30T20:19:34.564Z,SUCCESS,D:\curuma\turmeric_datasets\dataset_01\original\Blotch\blotch_(18).jpg,https://data.mendeley.com/public-files/datasets/jtttfbx342/files/bb1d5c4d-7c97-405d-aaae-e933db44c810/file_downloaded
Dataset_01_jtttfbx342,blotch_(180).jpg,original,Blotch,333d6deb-fe48-4bab-b987-0e38443c8857,64b83d1d8a37d83f21a12128f294a4a2571e7bdc46a774b9e5b81a80c625e9e6,64b83d1d8a37d83f21a12128f294a4a2571e7bdc46a774b9e5b81a80c625e9e6,YES,ffffc70187fff7e0,3808369,2024-12-30T20:19:34.623Z,SUCCESS,D:\curuma\turmeric_datasets\dataset_01\original\Blotch\blotch_(180).jpg,https://data.mendeley.com/public-files/datasets/jtttfbx342/files/91e5be5f-ba4a-401e-bcee-203cbb889deb/file_downloaded
Dataset_01_jtttfbx342,blotch_(182).jpg,original,Blotch,333d6deb-fe48-4bab-b987-0e38443c8857,84b56779ceb4954a73f4145de8faf48921e82d603fe2727b05086916edd90d15,84b56779ceb4954a73f4145de8faf48921e82d603fe2727b05086916edd90d15,YES,ffffffc180cefcfc,3803425,2024-12-30T20:19:34.533Z,SUCCESS,D:\curuma\turmeric_datasets\dataset_01\original\Blotch\blotch_(182).jpg,https://data.mendeley.com/public-files/datasets/jtttfbx342/files/37ccf9a5-07a0-4103-8440-731178eef2e6/file_downloaded
Dataset_01_jtttfbx342,blotch_(183).jpg,original,Blotch,333d6deb-fe48-4bab-b987-0e38443c8857,de305da15743d29f5879176b02a2b926e3b06e650cceb17dcd137e10d5445d3c,de305da15743d29f5879176b02a2b926e3b06e650cceb17dcd137e10d5445d3c,YES,ffffffc38187ffc0,3695116,2024-12-30T20:19:35.061Z,SUCCESS,D:\curuma\turmeric_datasets\dataset_01\original\Blotch\blotch_(183).jpg,https://data.mendeley.com/public-files/datasets/jtttfbx342/files/640b2034-de12-48cb-a814-2e3373f66155/file_downloaded
Dataset_01_jtttfbx342,blotch_(184).jpg,original,Blotch,333d6deb-fe48-4bab-b987-0e38443c8857,8e89ab08446b6c7d0169b78fdea31f77dd2aa07d23fe878e6d9ae63d6d1d2eff,8e89ab08446b6c7d0169b78fdea31f77dd2aa07d23fe878e6d9ae63d6d1d2eff,YES,ffffffc380c0e0c0,3654599,2024-12-30T20:19:35.031Z,SUCCESS,D:\curuma\turmeric_datasets\dataset_01\original\Blotch\blotch_(184).jpg,https://data.mendeley.com/public-files/datasets/jtttfbx342/files/4612a867-cce9-414d-b470-835b84a56b30/file_downloaded
Dataset_01_jtttfbx342,blotch_(185).jpg,original,Blotch,333d6deb-fe48-4bab-b987-0e38443c8857,ba5817fbd863a5abda213ab29b8f90579158ac9cee064f9c6d60478ebaaa1c1b,ba5817fbd863a5abda213ab29b8f90579158ac9cee064f9c6d60478ebaaa1c1b,YES,ffff8f81c1fff0c0,3519448,2024-12-30T20:19:34.931Z,SUCCESS,D:\curuma\turmeric_datasets\dataset_01\original\Blotch\blotch_(185).jpg,https://data.mendeley.com/public-files/datasets/jtttfbx342/files/3791f108-a68f-4633-98a0-3cc717adb70e/file_downloaded
Dataset_01_jtttfbx342,blotch_(187).jpg,original,Blotch,333d6deb-fe48-4bab-b987-0e38443c8857,d35bcaa937ba009c48413a65499e025d75976d9040be1c9c557c4672a6262a5c,d35bcaa937ba009c48413a65499e025d75976d9040be1c9c557c4672a6262a5c,YES,ffffffc700c0ffc2,3745196,2024-12-30T20:19:35.825Z,SUCCESS,D:\curuma\turmeric_datasets\dataset_01\original\Blotch\blotch_(187).jpg,https://data.mendeley.com/public-files/datasets/jtttfbx342/files/e62d99ef-cab7-4760-af32-0c70917937c3/file_downloaded
Dataset_01_jtttfbx342,blotch_(186).jpg,original,Blotch,333d6deb-fe48-4bab-b987-0e38443c8857,f6448aacde8a7137e6c51365db7c6900a65796ea7be7b5392e06aa16ef2ff406,f6448aacde8a7137e6c51365db7c6900a65796ea7be7b5392e06aa16ef2ff406,YES,ffffffc381c1ffd0,3628202,2024-12-30T20:19:35.521Z,SUCCESS,D:\curuma\turmeric_datasets\dataset_01\original\Blotch\blotch_(186).jpg,https://data.mendeley.com/public-files/datasets/jtttfbx342/files/3560bec7-5a04-4bfa-8c88-4bce2b84866c/file_downloaded
Dataset_01_jtttfbx342,blotch_(188).jpg,original,Blotch,333d6deb-fe48-4bab-b987-0e38443c8857,d8e26ae8b89fc9a5d77d511812d0ac7b1badc676b7e9f90d6f3475187c73d284,d8e26ae8b89fc9a5d77d511812d0ac7b1badc676b7e9f90d6f3475187c73d284,YES,ffffffc38187f7c0,3632057,2024-12-30T20:19:38.275Z,SUCCESS,D:\curuma\turmeric_datasets\dataset_01\original\Blotch\blotch_(188).jpg,https://data.mendeley.com/public-files/datasets/jtttfbx342/files/9936cc50-9555-4233-877b-ddbcde7c5aee/file_downloaded
Dataset_01_jtttfbx342,blotch_(189).jpg,original,Blotch,333d6deb-fe48-4bab-b987-0e38443c8857,bac8b79b3dce42d26dcbaa13d04b1858ce1dc1525f071c5dc14d97664b8ee22c,bac8b79b3dce42d26dcbaa13d04b1858ce1dc1525f071c5dc14d97664b8ee22c,YES,ffffffc180fc8080,3639459,2024-12-30T20:19:40.154Z,SUCCESS,D:\curuma\turmeric_datasets\dataset_01\original\Blotch\blotch_(189).jpg,https://data.mendeley.com/public-files/datasets/jtttfbx342/files/3f324983-629a-46b0-96bd-ca645f8779e1/file_downloaded
Dataset_01_jtttfbx342,blotch_(19).jpg,original,Blotch,333d6deb-fe48-4bab-b987-0e38443c8857,7dce9a7132ea4466fc38d706b3ab747b086c3a12ba9c0ba9b61dc4541086baf1,7dce9a7132ea4466fc38d706b3ab747b086c3a12ba9c0ba9b61dc4541086baf1,YES,ffffffc080fce0c0,3585199,2024-12-30T20:19:40.861Z,SUCCESS,D:\curuma\turmeric_datasets\dataset_01\original\Blotch\blotch_(19).jpg,https://data.mendeley.com/public-files/datasets/jtttfbx342/files/40926a47-8803-47cf-9dae-dde13bb2c98b/file_downloaded
Dataset_01_jtttfbx342,blotch_(190).jpg,original,Blotch,333d6deb-fe48-4bab-b987-0e38443c8857,248dd6863bb54ae1538b6f081428434ff7086c371ba272fee9a245668ad9c01e,248dd6863bb54ae1538b6f081428434ff7086c371ba272fee9a245668ad9c01e,YES,fffff781c5ffc080,3645534,2024-12-30T20:19:41.164Z,SUCCESS,D:\curuma\turmeric_datasets\dataset_01\original\Blotch\blotch_(190).jpg,https://data.mendeley.com/public-files/datasets/jtttfbx342/files/53eccc2d-31c3-4709-a143-7d4a272d6afc/file_downloaded
Dataset_01_jtttfbx342,blotch_(191).jpg,original,Blotch,333d6deb-fe48-4bab-b987-0e38443c8857,1ab711fdb7912ff2fe307a17ae7d46ef739433216afefb73e8e2329205886457,1ab711fdb7912ff2fe307a17ae7d46ef739433216afefb73e8e2329205886457,YES,ffffff8381f7f3b3,3623992,2024-12-30T20:19:41.037Z,SUCCESS,D:\curuma\turmeric_datasets\dataset_01\original\Blotch\blotch_(191).jpg,https://data.mendeley.com/public-files/datasets/jtttfbx342/files/e7619b37-d964-4cb7-86bb-6af8c3c6045c/file_downloaded
Dataset_01_jtttfbx342,blotch_(192).jpg,original,Blotch,333d6deb-fe48-4bab-b987-0e38443c8857,57a8436058aab0f6fc4e74c2f0e50374c3dc538170511e7a964d8923f1edb363,57a8436058aab0f6fc4e74c2f0e50374c3dc538170511e7a964d8923f1edb363,YES,ffffff8080fc8480,3667425,2024-12-30T20:19:41.625Z,SUCCESS,D:\curuma\turmeric_datasets\dataset_01\original\Blotch\blotch_(192).jpg,https://data.mendeley.com/public-files/datasets/jtttfbx342/files/6ebc530d-6eba-45dc-a2fa-cb3e95a2af0b/file_downloaded
Dataset_01_jtttfbx342,blotch_(193).jpg,original,Blotch,333d6deb-fe48-4bab-b987-0e38443c8857,020249da7c42d3f3080b158bf7955a3429eaf8a4544956a7f9eccef02b50da9e,020249da7c42d3f3080b158bf7955a3429eaf8a4544956a7f9eccef02b50da9e,YES,feffffe383ffc280,3664414,2024-12-30T20:19:41.481Z,SUCCESS,D:\curuma\turmeric_datasets\dataset_01\original\Blotch\blotch_(193).jpg,https://data.mendeley.com/public-files/datasets/jtttfbx342/files/b4e8c8af-0355-473f-ac9a-793f3d945efa/file_downloaded
Dataset_01_jtttfbx342,blotch_(194).jpg,original,Blotch,333d6deb-fe48-4bab-b987-0e38443c8857,f86720373cc3a12390a49e55f07dc9058bc8118a5e12ac509796a7c6f330c0a5,f86720373cc3a12390a49e55f07dc9058bc8118a5e12ac509796a7c6f330c0a5,YES,fffff781c1fde0c0,3673039,2024-12-30T20:19:41.566Z,SUCCESS,D:\curuma\turmeric_datasets\dataset_01\original\Blotch\blotch_(194).jpg,https://data.mendeley.com/public-files/datasets/jtttfbx342/files/7df2d9c9-22a1-42dc-a7c6-471167400c06/file_downloaded
Dataset_01_jtttfbx342,blotch_(195).jpg,original,Blotch,333d6deb-fe48-4bab-b987-0e38443c8857,f08f906918c8d5453b05307a2674e507e6b863398474736e91351b2a3d445f80,f08f906918c8d5453b05307a2674e507e6b863398474736e91351b2a3d445f80,YES,fffff780c3fffff0,3738443,2024-12-30T20:19:41.848Z,SUCCESS,D:\curuma\turmeric_datasets\dataset_01\original\Blotch\blotch_(195).jpg,https://data.mendeley.com/public-files/datasets/jtttfbx342/files/27b0f94d-4be7-48f0-b19c-869108d1cbb9/file_downloaded
Dataset_01_jtttfbx342,blotch_(196).jpg,original,Blotch,333d6deb-fe48-4bab-b987-0e38443c8857,adf93677617687a1dedcb60f4ee1cf53e586f1f6018114acfdbca631d03540d3,adf93677617687a1dedcb60f4ee1cf53e586f1f6018114acfdbca631d03540d3,YES,ffffffc181e3fff3,3705862,2024-12-30T20:19:41.926Z,SUCCESS,D:\curuma\turmeric_datasets\dataset_01\original\Blotch\blotch_(196).jpg,https://data.mendeley.com/public-files/datasets/jtttfbx342/files/a5c4f5a7-6e3e-4006-a519-5b3689860936/file_downloaded
Dataset_01_jtttfbx342,blotch_(197).jpg,original,Blotch,333d6deb-fe48-4bab-b987-0e38443c8857,556e2017669e7263fac66e4cb48defaf16a4947d32513a5dabb470abc0b201eb,556e2017669e7263fac66e4cb48defaf16a4947d32513a5dabb470abc0b201eb,YES,ffffff8380cef8ce,3715911,2024-12-30T20:19:42.423Z,SUCCESS,D:\curuma\turmeric_datasets\dataset_01\original\Blotch\blotch_(197).jpg,https://data.mendeley.com/public-files/datasets/jtttfbx342/files/0ffb5315-3cce-43c6-98d1-312bbabc8898/file_downloaded
Dataset_01_jtttfbx342,blotch_(198).jpg,original,Blotch,333d6deb-fe48-4bab-b987-0e38443c8857,6d735d6b59809225a35b97f863d093eb98df529429ae26fb296fabdb6d4371f7,6d735d6b59809225a35b97f863d093eb98df529429ae26fb296fabdb6d4371f7,YES,fffffff781c3ffc0,3780615,2024-12-30T20:19:43.049Z,SUCCESS,D:\curuma\turmeric_datasets\dataset_01\original\Blotch\blotch_(198).jpg,https://data.mendeley.com/public-files/datasets/jtttfbx342/files/ee969a79-3157-4875-8f3f-0dfa84962764/file_downloaded
Dataset_01_jtttfbx342,blotch_(199).jpg,original,Blotch,333d6deb-fe48-4bab-b987-0e38443c8857,fc68eebd5daee531a339d28be5370d382d636c00f945f965d5b07f132a726022,fc68eebd5daee531a339d28be5370d382d636c00f945f965d5b07f132a726022,YES,fffff7c38181ffe5,3786583,2024-12-30T20:19:46.051Z,SUCCESS,D:\curuma\turmeric_datasets\dataset_01\original\Blotch\blotch_(199).jpg,https://data.mendeley.com/public-files/datasets/jtttfbx342/files/9d4b423e-4a87-46a8-b37b-eb41c3256421/file_downloaded
Dataset_01_jtttfbx342,blotch_(2).jpg,original,Blotch,333d6deb-fe48-4bab-b987-0e38443c8857,9b90e483d457e8637e4de33c70c63293b1cb2cfd21167bdfd3930beb55a98be9,9b90e483d457e8637e4de33c70c63293b1cb2cfd21167bdfd3930beb55a98be9,YES,ffffc7000087f9f8,4092678,2024-12-30T20:19:47.037Z,SUCCESS,D:\curuma\turmeric_datasets\dataset_01\original\Blotch\blotch_(2).jpg,https://data.mendeley.com/public-files/datasets/jtttfbx342/files/9c02a1b2-cf50-4c90-bd60-5cacc98fba3c/file_downloaded
Dataset_01_jtttfbx342,blotch_(20).jpg,original,Blotch,333d6deb-fe48-4bab-b987-0e38443c8857,524e41e64f802dc07f309156f79bb95ea327877c28187d57e26ce244b0a1d83e,524e41e64f802dc07f309156f79bb95ea327877c28187d57e26ce244b0a1d83e,YES,ffffc381fff3e0e0,3673710,2024-12-30T20:19:46.823Z,SUCCESS,D:\curuma\turmeric_datasets\dataset_01\original\Blotch\blotch_(20).jpg,https://data.mendeley.com/public-files/datasets/jtttfbx342/files/d0558a67-7e2b-4fb2-939c-3e76fe8bacd3/file_downloaded
Dataset_01_jtttfbx342,blotch_(201).jpg,original,Blotch,333d6deb-fe48-4bab-b987-0e38443c8857,7eb5e47d9eedcf8e401015e70223600fb663bf9071143366ee043e684bf5a21e,7eb5e47d9eedcf8e401015e70223600fb663bf9071143366ee043e684bf5a21e,YES,ffffcf8180e7ffff,3721694,2024-12-30T20:19:47.313Z,SUCCESS,D:\curuma\turmeric_datasets\dataset_01\original\Blotch\blotch_(201).jpg,https://data.mendeley.com/public-files/datasets/jtttfbx342/files/4132d9d8-4ec1-4be8-9ad6-00643762e1db/file_downloaded
Dataset_01_jtttfbx342,blotch_(202).jpg,original,Blotch,333d6deb-fe48-4bab-b987-0e38443c8857,fa89814e20734f74af9db4ab819884675f9e18ce69469cfb36e008fd0872d128,fa89814e20734f74af9db4ab819884675f9e18ce69469cfb36e008fd0872d128,YES,ffffffc38181ffe1,3753885,2024-12-30T20:19:47.444Z,SUCCESS,D:\curuma\turmeric_datasets\dataset_01\original\Blotch\blotch_(202).jpg,https://data.mendeley.com/public-files/datasets/jtttfbx342/files/3a65939a-6316-4dcd-be3d-d2a0acea8c31/file_downloaded
Dataset_01_jtttfbx342,blotch_(200).jpg,original,Blotch,333d6deb-fe48-4bab-b987-0e38443c8857,61dbce0f9a8b4c6b62c4dabede2bda89416a5729c4fbc435c21a12f44e9715a2,61dbce0f9a8b4c6b62c4dabede2bda89416a5729c4fbc435c21a12f44e9715a2,YES,ffffe3c1c0f1ffff,3829786,2024-12-30T20:19:47.342Z,SUCCESS,D:\curuma\turmeric_datasets\dataset_01\original\Blotch\blotch_(200).jpg,https://data.mendeley.com/public-files/datasets/jtttfbx342/files/44344539-0209-4884-b5fe-a2f18198482a/file_downloaded
Dataset_01_jtttfbx342,blotch_(204).jpg,original,Blotch,333d6deb-fe48-4bab-b987-0e38443c8857,8683da382292e51b043591c1310641f4edc564f92c98dcb1e32e00ae3272b2ca,8683da382292e51b043591c1310641f4edc564f92c98dcb1e32e00ae3272b2ca,YES,ffffffc180fcc0c0,3662201,2024-12-30T20:19:47.561Z,SUCCESS,D:\curuma\turmeric_datasets\dataset_01\original\Blotch\blotch_(204).jpg,https://data.mendeley.com/public-files/datasets/jtttfbx342/files/410546ad-b423-4c9a-a87d-aa9b530e6a2e/file_downloaded
Dataset_01_jtttfbx342,blotch_(203).jpg,original,Blotch,333d6deb-fe48-4bab-b987-0e38443c8857,ae1a7e428079f157148eafb89be70d336c6d0bae18c945d479b5200311a2faf9,ae1a7e428079f157148eafb89be70d336c6d0bae18c945d479b5200311a2faf9,YES,ffe70180f7ffffff,3879647,2024-12-30T20:19:47.633Z,SUCCESS,D:\curuma\turmeric_datasets\dataset_01\original\Blotch\blotch_(203).jpg,https://data.mendeley.com/public-files/datasets/jtttfbx342/files/e6428878-7595-49b7-b788-a6656c38fe20/file_downloaded
Dataset_01_jtttfbx342,blotch_(206).jpg,original,Blotch,333d6deb-fe48-4bab-b987-0e38443c8857,6ce6c657e02776d4b6978eaa7357c640293604befd3d6fbf96c03f4c2df14c5a,6ce6c657e02776d4b6978eaa7357c640293604befd3d6fbf96c03f4c2df14c5a,YES,ffffff8181fffbfb,3665714,2024-12-30T20:19:47.863Z,SUCCESS,D:\curuma\turmeric_datasets\dataset_01\original\Blotch\blotch_(206).jpg,https://data.mendeley.com/public-files/datasets/jtttfbx342/files/8d13094f-9580-4069-8100-6e2088507716/file_downloaded
Dataset_01_jtttfbx342,blotch_(207).jpg,original,Blotch,333d6deb-fe48-4bab-b987-0e38443c8857,4b0079fbc2134c8466cb5773cab87813e42c1d117182acb9e3e1f194ac42c079,4b0079fbc2134c8466cb5773cab87813e42c1d117182acb9e3e1f194ac42c079,YES,ffffff8080fce0c0,3646098,2024-12-30T20:19:48.218Z,SUCCESS,D:\curuma\turmeric_datasets\dataset_01\original\Blotch\blotch_(207).jpg,https://data.mendeley.com/public-files/datasets/jtttfbx342/files/e767ac1d-22f0-4591-9ad9-6bdc99a0d219/file_downloaded
Dataset_01_jtttfbx342,blotch_(205).jpg,original,Blotch,333d6deb-fe48-4bab-b987-0e38443c8857,d2325b7cfa47b9b4546b0b3a3fd6c4cbc398c707a77abd584dc9d12ad7d6ff61,d2325b7cfa47b9b4546b0b3a3fd6c4cbc398c707a77abd584dc9d12ad7d6ff61,YES,ffffc100fffbf0e0,3703901,2024-12-30T20:19:47.769Z,SUCCESS,D:\curuma\turmeric_datasets\dataset_01\original\Blotch\blotch_(205).jpg,https://data.mendeley.com/public-files/datasets/jtttfbx342/files/17a286f3-c2c7-4ee9-b6d0-3eb952742401/file_downloaded
Dataset_01_jtttfbx342,blotch_(208).jpg,original,Blotch,333d6deb-fe48-4bab-b987-0e38443c8857,38fca5b910a7db95034c2b7c410c6c1c09464714525a694c83e6bffa53de314a,38fca5b910a7db95034c2b7c410c6c1c09464714525a694c83e6bffa53de314a,YES,ffffffc380e7f7c0,3725945,2024-12-30T20:19:49.37Z,SUCCESS,D:\curuma\turmeric_datasets\dataset_01\original\Blotch\blotch_(208).jpg,https://data.mendeley.com/public-files/datasets/jtttfbx342/files/055aa5ef-5557-4e4e-9443-c73d7958e289/file_downloaded
Dataset_01_jtttfbx342,blotch_(21).jpg,original,Blotch,333d6deb-fe48-4bab-b987-0e38443c8857,0a062440a99ce9eda0e57559fe0086b95f288bb5db869a6bdd8f18aa9c5fee9c,0a062440a99ce9eda0e57559fe0086b95f288bb5db869a6bdd8f18aa9c5fee9c,YES,ffffff8181e3c1e0,3641100,2024-12-30T20:19:53.619Z,SUCCESS,D:\curuma\turmeric_datasets\dataset_01\original\Blotch\blotch_(21).jpg,https://data.mendeley.com/public-files/datasets/jtttfbx342/files/7e89c010-de3b-479b-aa86-81b9237e1405/file_downloaded
Dataset_01_jtttfbx342,blotch_(209).jpg,original,Blotch,333d6deb-fe48-4bab-b987-0e38443c8857,cd8844274303796afd52fc1cda49fc7469068947d795aeaf3e1230bc4132a4e4,cd8844274303796afd52fc1cda49fc7469068947d795aeaf3e1230bc4132a4e4,YES,ffffffc300c0fcc4,3651414,2024-12-30T20:19:52.024Z,SUCCESS,D:\curuma\turmeric_datasets\dataset_01\original\Blotch\blotch_(209).jpg,https://data.mendeley.com/public-files/datasets/jtttfbx342/files/de58ed78-47e1-4331-866c-7ceecaf192af/file_downloaded
Dataset_01_jtttfbx342,blotch_(210).jpg,original,Blotch,333d6deb-fe48-4bab-b987-0e38443c8857,5b7919c2589235715bc5e5c82b79872350cae69526054fda6da36f2cb4dc3d2b,5b7919c2589235715bc5e5c82b79872350cae69526054fda6da36f2cb4dc3d2b,YES,ffffff0101fff1f0,3649590,2024-12-30T20:19:53.461Z,SUCCESS,D:\curuma\turmeric_datasets\dataset_01\original\Blotch\blotch_(210).jpg,https://data.mendeley.com/public-files/datasets/jtttfbx342/files/8e46f3ae-aae3-4c8a-980c-1907beb5a461/file_downloaded
Dataset_01_jtttfbx342,blotch_(211).jpg,original,Blotch,333d6deb-fe48-4bab-b987-0e38443c8857,64b5044dc673b724231f538db7c2744eb6e6704d854ad739a19d0b29f4ecc620,64b5044dc673b724231f538db7c2744eb6e6704d854ad739a19d0b29f4ecc620,YES,ffffff8181f3fff1,3696361,2024-12-30T20:19:53.971Z,SUCCESS,D:\curuma\turmeric_datasets\dataset_01\original\Blotch\blotch_(211).jpg,https://data.mendeley.com/public-files/datasets/jtttfbx342/files/a3ed4584-204e-4786-ba46-3eb32b8a7efb/file_downloaded
Dataset_01_jtttfbx342,blotch_(212).jpg,original,Blotch,333d6deb-fe48-4bab-b987-0e38443c8857,bdec7f02bf03e999637f6904a6ace739b7251faebc5beedc721d9c0471d995f7,bdec7f02bf03e999637f6904a6ace739b7251faebc5beedc721d9c0471d995f7,YES,ffffff8080fce0c0,3774276,2024-12-30T20:19:53.675Z,SUCCESS,D:\curuma\turmeric_datasets\dataset_01\original\Blotch\blotch_(212).jpg,https://data.mendeley.com/public-files/datasets/jtttfbx342/files/cd1d1962-f2ff-49a7-bb43-4dacd1504474/file_downloaded
Dataset_01_jtttfbx342,blotch_(213).jpg,original,Blotch,333d6deb-fe48-4bab-b987-0e38443c8857,f726852304fe4d5dd4e5ffbb06de410cf29942748f6d22e91bdd4801114ecfa1,f726852304fe4d5dd4e5ffbb06de410cf29942748f6d22e91bdd4801114ecfa1,YES,ffffffff8180ffc0,3584628,2024-12-30T20:19:53.388Z,SUCCESS,D:\curuma\turmeric_datasets\dataset_01\original\Blotch\blotch_(213).jpg,https://data.mendeley.com/public-files/datasets/jtttfbx342/files/b5dbf57e-8925-4cac-8f88-8544e7d9ffcf/file_downloaded
Dataset_01_jtttfbx342,blotch_(215).jpg,original,Blotch,333d6deb-fe48-4bab-b987-0e38443c8857,c80591b65048c7ac160fd8743de7b822fde78b66fc446f76b03b61c4cae9c75c,c80591b65048c7ac160fd8743de7b822fde78b66fc446f76b03b61c4cae9c75c,YES,ecffff8183fff3e0,3755087,2024-12-30T20:19:53.648Z,SUCCESS,D:\curuma\turmeric_datasets\dataset_01\original\Blotch\blotch_(215).jpg,https://data.mendeley.com/public-files/datasets/jtttfbx342/files/227177c8-f599-4dc0-8870-b1b7f7fbe118/file_downloaded
Dataset_01_jtttfbx342,blotch_(216).jpg,original,Blotch,333d6deb-fe48-4bab-b987-0e38443c8857,ecedb270df2b34fff42f9c0eab933dfe660dd2b158fabf0731281246139bfe1b,ecedb270df2b34fff42f9c0eab933dfe660dd2b158fabf0731281246139bfe1b,YES,ffffff8183c7ffff,3806285,2024-12-30T20:19:53.927Z,SUCCESS,D:\curuma\turmeric_datasets\dataset_01\original\Blotch\blotch_(216).jpg,https://data.mendeley.com/public-files/datasets/jtttfbx342/files/d7712c4e-5ac4-4078-8fe9-76db2c44c69e/file_downloaded
Dataset_01_jtttfbx342,blotch_(214).jpg,original,Blotch,333d6deb-fe48-4bab-b987-0e38443c8857,c6823b58adacf99c1d6326ebb1e6b539c401cade32c53a994907cf1a95a7c28c,c6823b58adacf99c1d6326ebb1e6b539c401cade32c53a994907cf1a95a7c28c,YES,ffffff8183ece6c6,3768422,2024-12-30T20:19:53.848Z,SUCCESS,D:\curuma\turmeric_datasets\dataset_01\original\Blotch\blotch_(214).jpg,https://data.mendeley.com/public-files/datasets/jtttfbx342/files/5fe73f27-9e19-4579-a000-304397f0247a/file_downloaded
Dataset_01_jtttfbx342,blotch_(217).jpg,original,Blotch,333d6deb-fe48-4bab-b987-0e38443c8857,6239776b565ac26ebe6a1b1d55d1b45d08b7d279c40915ceab9f1c469771529e,6239776b565ac26ebe6a1b1d55d1b45d08b7d279c40915ceab9f1c469771529e,YES,fffffdc180c8f0c0,3740604,2024-12-30T20:19:54.225Z,SUCCESS,D:\curuma\turmeric_datasets\dataset_01\original\Blotch\blotch_(217).jpg,https://data.mendeley.com/public-files/datasets/jtttfbx342/files/d9f9e091-c8bb-4c1c-ac98-24e5304a6848/file_downloaded
Dataset_01_jtttfbx342,blotch_(219).jpg,original,Blotch,333d6deb-fe48-4bab-b987-0e38443c8857,d4e9277158b8a8a01aeb797b92720e247632567bda7bf50c64fc6c177b3dd7c1,d4e9277158b8a8a01aeb797b92720e247632567bda7bf50c64fc6c177b3dd7c1,YES,ffff9fc0c1fce0c0,3758693,2024-12-30T20:19:55.314Z,SUCCESS,D:\curuma\turmeric_datasets\dataset_01\original\Blotch\blotch_(219).jpg,https://data.mendeley.com/public-files/datasets/jtttfbx342/files/5a507983-5f58-468d-83a8-5609d9a10d42/file_downloaded
Dataset_01_jtttfbx342,blotch_(218).jpg,original,Blotch,333d6deb-fe48-4bab-b987-0e38443c8857,3c3e720c960c12046cd743bef3d2fec5eb571bfdc3f800f1c3b9e5672f52670a,3c3e720c960c12046cd743bef3d2fec5eb571bfdc3f800f1c3b9e5672f52670a,YES,feffffec81c7ffc0,3682215,2024-12-30T20:19:54.518Z,SUCCESS,D:\curuma\turmeric_datasets\dataset_01\original\Blotch\blotch_(218).jpg,https://data.mendeley.com/public-files/datasets/jtttfbx342/files/0e000317-2e32-49d6-a3bc-9b0bc73ffd06/file_downloaded
Dataset_01_jtttfbx342,blotch_(22).jpg,original,Blotch,333d6deb-fe48-4bab-b987-0e38443c8857,1f0ed7305fdf25c57cd6842ae727e2964cdd96c76deb78cd09fad124a30df408,1f0ed7305fdf25c57cd6842ae727e2964cdd96c76deb78cd09fad124a30df408,YES,ffffff8380f8e0c0,3632388,2024-12-30T20:20:00.198Z,SUCCESS,D:\curuma\turmeric_datasets\dataset_01\original\Blotch\blotch_(22).jpg,https://data.mendeley.com/public-files/datasets/jtttfbx342/files/7f0a6965-c3b8-4f00-94f7-43faf9a9ad1a/file_downloaded
Dataset_01_jtttfbx342,blotch_(220).jpg,original,Blotch,333d6deb-fe48-4bab-b987-0e38443c8857,bad9288c89300b00dea891b64013cf6b6f365ab5e1910204680a833e58e59a53,bad9288c89300b00dea891b64013cf6b6f365ab5e1910204680a833e58e59a53,YES,feff83c1fffff7f0,3595693,2024-12-30T20:20:00.534Z,SUCCESS,D:\curuma\turmeric_datasets\dataset_01\original\Blotch\blotch_(220).jpg,https://data.mendeley.com/public-files/datasets/jtttfbx342/files/45443d05-1f6e-4f7e-9e19-473e69a84b33/file_downloaded
Dataset_01_jtttfbx342,blotch_(221).jpg,original,Blotch,333d6deb-fe48-4bab-b987-0e38443c8857,2edaa85f2e262d6c6b98e88616fe7b90e2391bb3357f782a99d00c3974271f65,2edaa85f2e262d6c6b98e88616fe7b90e2391bb3357f782a99d00c3974271f65,YES,ffbf9fcfc1c3fbf7,3668550,2024-12-30T20:20:00.732Z,SUCCESS,D:\curuma\turmeric_datasets\dataset_01\original\Blotch\blotch_(221).jpg,https://data.mendeley.com/public-files/datasets/jtttfbx342/files/0b54bade-939a-4def-b058-2a3b0b801db6/file_downloaded
Dataset_01_jtttfbx342,blotch_(223).jpg,original,Blotch,333d6deb-fe48-4bab-b987-0e38443c8857,2f54eb6c79aa1b5edda0afc6b74a79461bd0d7f7b0d317113dd756aa91803306,2f54eb6c79aa1b5edda0afc6b74a79461bd0d7f7b0d317113dd756aa91803306,YES,ffffbf9fc1c3ff80,3650339,2024-12-30T20:20:00.76Z,SUCCESS,D:\curuma\turmeric_datasets\dataset_01\original\Blotch\blotch_(223).jpg,https://data.mendeley.com/public-files/datasets/jtttfbx342/files/d8f4333b-f9f8-41e9-b430-7b7f508d877d/file_downloaded
Dataset_01_jtttfbx342,blotch_(222).jpg,original,Blotch,333d6deb-fe48-4bab-b987-0e38443c8857,6ca364653d24c134543583b7a32b2eef55028f4808f2a4996efe2a96b1e0ed7e,6ca364653d24c134543583b7a32b2eef55028f4808f2a4996efe2a96b1e0ed7e,YES,ffffbf8080e0f0c2,3606451,2024-12-30T20:20:00.624Z,SUCCESS,D:\curuma\turmeric_datasets\dataset_01\original\Blotch\blotch_(222).jpg,https://data.mendeley.com/public-files/datasets/jtttfbx342/files/29c0e1de-3f8e-4396-88e0-48f7711e3090/file_downloaded
Dataset_01_jtttfbx342,blotch_(224).jpg,original,Blotch,333d6deb-fe48-4bab-b987-0e38443c8857,2a946550503d6711f6db4cc7c822602ea07a509a773dce16fb28727e836716b5,2a946550503d6711f6db4cc7c822602ea07a509a773dce16fb28727e836716b5,YES,ffffffc181e7fcc6,3793263,2024-12-30T20:20:00.841Z,SUCCESS,D:\curuma\turmeric_datasets\dataset_01\original\Blotch\blotch_(224).jpg,https://data.mendeley.com/public-files/datasets/jtttfbx342/files/21d695a9-f843-4d4c-a5ac-f7db2eb9f4a0/file_downloaded
Dataset_01_jtttfbx342,blotch_(225).jpg,original,Blotch,333d6deb-fe48-4bab-b987-0e38443c8857,aaee8ee1637c0603cc79cb77370fbd9160cc1fb087bd09afc2ae800087d4cb22,aaee8ee1637c0603cc79cb77370fbd9160cc1fb087bd09afc2ae800087d4cb22,YES,ffffffc181e3fffe,3736591,2024-12-30T20:20:01.113Z,SUCCESS,D:\curuma\turmeric_datasets\dataset_01\original\Blotch\blotch_(225).jpg,https://data.mendeley.com/public-files/datasets/jtttfbx342/files/7c6a933f-88ef-4137-aa20-6da48f34e32e/file_downloaded
Dataset_01_jtttfbx342,blotch_(226).jpg,original,Blotch,333d6deb-fe48-4bab-b987-0e38443c8857,60002cb2e3316d116b291a7e0ef7eae397be9cb4892b9768b86c68e624bb3750,60002cb2e3316d116b291a7e0ef7eae397be9cb4892b9768b86c68e624bb3750,YES,ffff8181e7fffffe,3756178,2024-12-30T20:20:01.251Z,SUCCESS,D:\curuma\turmeric_datasets\dataset_01\original\Blotch\blotch_(226).jpg,https://data.mendeley.com/public-files/datasets/jtttfbx342/files/52def20f-06dc-4c1f-a869-0b47a25a8236/file_downloaded
Dataset_01_jtttfbx342,blotch_(227).jpg,original,Blotch,333d6deb-fe48-4bab-b987-0e38443c8857,74e102fb70c8a4247a14f9812dc7abebf722c8bd27443d81f9c80cc0eafd815f,74e102fb70c8a4247a14f9812dc7abebf722c8bd27443d81f9c80cc0eafd815f,YES,ffffffc382c6f8ee,3770225,2024-12-30T20:20:01.334Z,SUCCESS,D:\curuma\turmeric_datasets\dataset_01\original\Blotch\blotch_(227).jpg,https://data.mendeley.com/public-files/datasets/jtttfbx342/files/48900ecd-5dce-4575-b5c6-811b07bd57b4/file_downloaded
Dataset_01_jtttfbx342,blotch_(229).jpg,original,Blotch,333d6deb-fe48-4bab-b987-0e38443c8857,597c641a75868b71371716a7e79a786f668003e0b09c142d6364482e309edac2,597c641a75868b71371716a7e79a786f668003e0b09c142d6364482e309edac2,YES,ffffffc0c0f3eec6,3823082,2024-12-30T20:20:02.086Z,SUCCESS,D:\curuma\turmeric_datasets\dataset_01\original\Blotch\blotch_(229).jpg,https://data.mendeley.com/public-files/datasets/jtttfbx342/files/4752d8a4-eff5-4f95-804d-b6fd28730a73/file_downloaded
Dataset_01_jtttfbx342,blotch_(23).jpg,original,Blotch,333d6deb-fe48-4bab-b987-0e38443c8857,0bb74dfeb5c172c52dcf740da3272105db178d5267c8d3df8ebf999c5d6b199b,0bb74dfeb5c172c52dcf740da3272105db178d5267c8d3df8ebf999c5d6b199b,YES,feffff81c1ffe700,3717860,2024-12-30T20:20:07.193Z,SUCCESS,D:\curuma\turmeric_datasets\dataset_01\original\Blotch\blotch_(23).jpg,https://data.mendeley.com/public-files/datasets/jtttfbx342/files/93495ef6-0d41-458e-a245-932cafeb88fa/file_downloaded
Dataset_01_jtttfbx342,blotch_(230).jpg,original,Blotch,333d6deb-fe48-4bab-b987-0e38443c8857,05b28fa29a85eac11898cb0d0b0d11b2227a519dc203cbef9afe76aad6f7ea2b,05b28fa29a85eac11898cb0d0b0d11b2227a519dc203cbef9afe76aad6f7ea2b,YES,fffff380c0fffdf8,3853453,2024-12-30T20:20:07.697Z,SUCCESS,D:\curuma\turmeric_datasets\dataset_01\original\Blotch\blotch_(230).jpg,https://data.mendeley.com/public-files/datasets/jtttfbx342/files/fd9379dd-ee97-4358-81b1-e4c3dbf2a991/file_downloaded
Dataset_01_jtttfbx342,blotch_(231).jpg,original,Blotch,333d6deb-fe48-4bab-b987-0e38443c8857,8fee1bd21aa2125ad4deda68123b87089150c5588681980772d4a02814587221,8fee1bd21aa2125ad4deda68123b87089150c5588681980772d4a02814587221,YES,ffffffc780c0feff,3897983,2024-12-30T20:20:07.753Z,SUCCESS,D:\curuma\turmeric_datasets\dataset_01\original\Blotch\blotch_(231).jpg,https://data.mendeley.com/public-files/datasets/jtttfbx342/files/264f0376-6fb9-4b8f-be2a-f101d918f143/file_downloaded
Dataset_01_jtttfbx342,blotch_(232).jpg,original,Blotch,333d6deb-fe48-4bab-b987-0e38443c8857,08c77d35cf636f04118187b777584fc95af9b503b0301027e238d58f2b67f6c4,08c77d35cf636f04118187b777584fc95af9b503b0301027e238d58f2b67f6c4,YES,ffffffc300f1ffff,3761387,2024-12-30T20:20:07.667Z,SUCCESS,D:\curuma\turmeric_datasets\dataset_01\original\Blotch\blotch_(232).jpg,https://data.mendeley.com/public-files/datasets/jtttfbx342/files/b01cbb93-fa2b-41d3-abbc-8d2819d8d95a/file_downloaded
Dataset_01_jtttfbx342,blotch_(233).jpg,original,Blotch,333d6deb-fe48-4bab-b987-0e38443c8857,e06d77c209baeaa23ee844b7b239f7f64654a7eef3ef058ba375f3d2b98f92b8,e06d77c209baeaa23ee844b7b239f7f64654a7eef3ef058ba375f3d2b98f92b8,YES,ffffffc380f3ff00,3826246,2024-12-30T20:20:07.725Z,SUCCESS,D:\curuma\turmeric_datasets\dataset_01\original\Blotch\blotch_(233).jpg,https://data.mendeley.com/public-files/datasets/jtttfbx342/files/c4fa158e-6c47-484f-bd8a-71d9b3547449/file_downloaded
Dataset_01_jtttfbx342,blotch_(234).jpg,original,Blotch,333d6deb-fe48-4bab-b987-0e38443c8857,7a8c2af68fc7b293834b32c9ba9fd3e1206300da0833c4a4593ed18239026dc6,7a8c2af68fc7b293834b32c9ba9fd3e1206300da0833c4a4593ed18239026dc6,YES,ffffffe180c3fdcf,3691609,2024-12-30T20:20:08.221Z,SUCCESS,D:\curuma\turmeric_datasets\dataset_01\original\Blotch\blotch_(234).jpg,https://data.mendeley.com/public-files/datasets/jtttfbx342/files/503152db-2501-44df-9efb-0ac908815a7b/file_downloaded
Dataset_01_jtttfbx342,blotch_(235).jpg,original,Blotch,333d6deb-fe48-4bab-b987-0e38443c8857,17a041c24c463899f6384b906326899cb51f7a0945bbc96276ec6da564264141,17a041c24c463899f6384b906326899cb51f7a0945bbc96276ec6da564264141,YES,fffff7c181033f7b,3772979,2024-12-30T20:20:08.381Z,SUCCESS,D:\curuma\turmeric_datasets\dataset_01\original\Blotch\blotch_(235).jpg,https://data.mendeley.com/public-files/datasets/jtttfbx342/files/ec5da51f-2f64-407a-80c8-5e461e04027a/file_downloaded
Dataset_01_jtttfbx342,blotch_(236).jpg,original,Blotch,333d6deb-fe48-4bab-b987-0e38443c8857,53d8fa063f364a1a1ae3b6d6b3df2ae10fb8032ded46d09b997f86c5f59ad3df,53d8fa063f364a1a1ae3b6d6b3df2ae10fb8032ded46d09b997f86c5f59ad3df,YES,ffffffc08186f9e5,3677165,2024-12-30T20:20:08.323Z,SUCCESS,D:\curuma\turmeric_datasets\dataset_01\original\Blotch\blotch_(236).jpg,https://data.mendeley.com/public-files/datasets/jtttfbx342/files/a8209978-386c-427a-b593-4e229b435dab/file_downloaded
Dataset_01_jtttfbx342,blotch_(237).jpg,original,Blotch,333d6deb-fe48-4bab-b987-0e38443c8857,96dc635b4fe86711f67172b9d2fee94196a3723af175389b37c82a61de6d90ec,96dc635b4fe86711f67172b9d2fee94196a3723af175389b37c82a61de6d90ec,YES,ffffffe78083efc1,3655423,2024-12-30T20:20:08.352Z,SUCCESS,D:\curuma\turmeric_datasets\dataset_01\original\Blotch\blotch_(237).jpg,https://data.mendeley.com/public-files/datasets/jtttfbx342/files/11cd7570-7e2a-4c36-8a4a-4bafa438ac2d/file_downloaded
Dataset_01_jtttfbx342,blotch_(238).jpg,original,Blotch,333d6deb-fe48-4bab-b987-0e38443c8857,cece1d1aa30b8133fd8b1bbdf4a7219cb1f111460a7fa5ec02a0ca83dfd32133,cece1d1aa30b8133fd8b1bbdf4a7219cb1f111460a7fa5ec02a0ca83dfd32133,YES,ffffe78183effff2,3684175,2024-12-30T20:20:08.409Z,SUCCESS,D:\curuma\turmeric_datasets\dataset_01\original\Blotch\blotch_(238).jpg,https://data.mendeley.com/public-files/datasets/jtttfbx342/files/3aee01d2-645a-46eb-b322-d9106f673328/file_downloaded
Dataset_01_jtttfbx342,blotch_(24).jpg,original,Blotch,333d6deb-fe48-4bab-b987-0e38443c8857,cbcbf405d7b7dac437c06a8d7fb5205d9b2391f735364d988bee67ae4687af3d,cbcbf405d7b7dac437c06a8d7fb5205d9b2391f735364d988bee67ae4687af3d,YES,ffffff8081fce0c0,3730612,2024-12-30T20:20:09.066Z,SUCCESS,D:\curuma\turmeric_datasets\dataset_01\original\Blotch\blotch_(24).jpg,https://data.mendeley.com/public-files/datasets/jtttfbx342/files/c79a5783-def2-4893-9434-ade6dd24861b/file_downloaded
Dataset_01_jtttfbx342,blotch_(25).jpg,original,Blotch,333d6deb-fe48-4bab-b987-0e38443c8857,5ac1ce208b7aa74d180aed8bd537b818e5eb78b5cde296204c07af688f1cf25b,5ac1ce208b7aa74d180aed8bd537b818e5eb78b5cde296204c07af688f1cf25b,YES,ffff0083fffff7e0,3702746,2024-12-30T20:20:12.649Z,SUCCESS,D:\curuma\turmeric_datasets\dataset_01\original\Blotch\blotch_(25).jpg,https://data.mendeley.com/public-files/datasets/jtttfbx342/files/aa74deb9-1e3a-4c59-91d5-64629c71ad9d/file_downloaded
Dataset_01_jtttfbx342,blotch_(27).jpg,original,Blotch,333d6deb-fe48-4bab-b987-0e38443c8857,c5d26e8a8b3b09c2fedb08b86acb2518ec0406f69d8fad03e86cbf69df347590,c5d26e8a8b3b09c2fedb08b86acb2518ec0406f69d8fad03e86cbf69df347590,YES,ffffff8001fef4fe,3761135,2024-12-30T20:20:13.174Z,SUCCESS,D:\curuma\turmeric_datasets\dataset_01\original\Blotch\blotch_(27).jpg,https://data.mendeley.com/public-files/datasets/jtttfbx342/files/9e78f1a6-1c00-411f-82d0-454b9768a129/file_downloaded
Dataset_01_jtttfbx342,blotch_(29).jpg,original,Blotch,333d6deb-fe48-4bab-b987-0e38443c8857,fa28e1f6dbce29b983f1f0b55d9e09240b4b1650b70972c781b5705fd592d2c1,fa28e1f6dbce29b983f1f0b55d9e09240b4b1650b70972c781b5705fd592d2c1,YES,ffffff8080fce0c0,3678299,2024-12-30T20:20:14.107Z,SUCCESS,D:\curuma\turmeric_datasets\dataset_01\original\Blotch\blotch_(29).jpg,https://data.mendeley.com/public-files/datasets/jtttfbx342/files/086c80bf-63b0-43a2-b6ee-3833bdc90c97/file_downloaded
Dataset_01_jtttfbx342,blotch_(28).jpg,original,Blotch,333d6deb-fe48-4bab-b987-0e38443c8857,222f1e8f89f150f12e7eaa95316871ea7e198c993fec245462409c3140b599df,222f1e8f89f150f12e7eaa95316871ea7e198c993fec245462409c3140b599df,YES,ffffff8000efffe0,3649055,2024-12-30T20:20:13.085Z,SUCCESS,D:\curuma\turmeric_datasets\dataset_01\original\Blotch\blotch_(28).jpg,https://data.mendeley.com/public-files/datasets/jtttfbx342/files/974836cb-e4a6-4a1e-a2e2-0ca3186cfde5/file_downloaded
Dataset_01_jtttfbx342,blotch_(26).jpg,original,Blotch,333d6deb-fe48-4bab-b987-0e38443c8857,a27b492684fdde9623619f6e1de2672796b4ebab1ea01f254cc94b143eb61ba2,a27b492684fdde9623619f6e1de2672796b4ebab1ea01f254cc94b143eb61ba2,YES,ffffff0001fffbf8,3649230,2024-12-30T20:20:12.988Z,SUCCESS,D:\curuma\turmeric_datasets\dataset_01\original\Blotch\blotch_(26).jpg,https://data.mendeley.com/public-files/datasets/jtttfbx342/files/78cea105-3ab9-4c32-9e50-8eafe47c41f7/file_downloaded
Dataset_01_jtttfbx342,blotch_(3).jpg,original,Blotch,333d6deb-fe48-4bab-b987-0e38443c8857,71c9bed779f1cfb752d402c0852866d98893466672757e41de2ffcd61cd30881,71c9bed779f1cfb752d402c0852866d98893466672757e41de2ffcd61cd30881,YES,ffff0100c3ffffe0,4053633,2024-12-30T20:20:14.337Z,SUCCESS,D:\curuma\turmeric_datasets\dataset_01\original\Blotch\blotch_(3).jpg,https://data.mendeley.com/public-files/datasets/jtttfbx342/files/a14140fc-b5c0-4302-b276-ab900ad16d90/file_downloaded
Dataset_01_jtttfbx342,blotch_(30).jpg,original,Blotch,333d6deb-fe48-4bab-b987-0e38443c8857,a8707a255b99ffd4e803733a3407fd2b8937358361b46cf3d31dc5bfa0ccfcfb,a8707a255b99ffd4e803733a3407fd2b8937358361b46cf3d31dc5bfa0ccfcfb,YES,ffffff00f9fff9f0,3683421,2024-12-30T20:20:14.268Z,SUCCESS,D:\curuma\turmeric_datasets\dataset_01\original\Blotch\blotch_(30).jpg,https://data.mendeley.com/public-files/datasets/jtttfbx342/files/f1f5c7d1-23d3-4fbc-9fbd-a1e04d741135/file_downloaded
Dataset_01_jtttfbx342,blotch_(31).jpg,original,Blotch,333d6deb-fe48-4bab-b987-0e38443c8857,9f1b4f696b655c4166ec3cd1e5f08360362c9e500af4ec2e6b1ad4e453bb0816,9f1b4f696b655c4166ec3cd1e5f08360362c9e500af4ec2e6b1ad4e453bb0816,YES,ffffff0380fffffb,3665200,2024-12-30T20:20:14.238Z,SUCCESS,D:\curuma\turmeric_datasets\dataset_01\original\Blotch\blotch_(31).jpg,https://data.mendeley.com/public-files/datasets/jtttfbx342/files/d2a51df2-fc46-4aa0-97db-d1afe4aaf991/file_downloaded
Dataset_01_jtttfbx342,blotch_(32).jpg,original,Blotch,333d6deb-fe48-4bab-b987-0e38443c8857,74582e1e7d837456bf7ce3cc75ade5c392d7c0d35c938ff0a79b0c8b05a6d0cc,74582e1e7d837456bf7ce3cc75ade5c392d7c0d35c938ff0a79b0c8b05a6d0cc,YES,ffffff0000fef0f0,3673452,2024-12-30T20:20:14.298Z,SUCCESS,D:\curuma\turmeric_datasets\dataset_01\original\Blotch\blotch_(32).jpg,https://data.mendeley.com/public-files/datasets/jtttfbx342/files/35b2a320-07f9-4cee-82b0-eca93c249a36/file_downloaded
Dataset_01_jtttfbx342,blotch_(33).jpg,original,Blotch,333d6deb-fe48-4bab-b987-0e38443c8857,bbba9a13d45b725987744627c4e72ab0dff7e329475ddcd7ce27f51a1bf2c0d6,bbba9a13d45b725987744627c4e72ab0dff7e329475ddcd7ce27f51a1bf2c0d6,YES,fcfeffff00f0ffe0,3726486,2024-12-30T20:20:14.426Z,SUCCESS,D:\curuma\turmeric_datasets\dataset_01\original\Blotch\blotch_(33).jpg,https://data.mendeley.com/public-files/datasets/jtttfbx342/files/c5adee57-c0b6-4a67-811f-72999f397890/file_downloaded
Dataset_01_jtttfbx342,blotch_(34).jpg,original,Blotch,333d6deb-fe48-4bab-b987-0e38443c8857,087477ec869701fa2b093bb2337ed5d1ce889862ce7ed5353ad90211534a0da9,087477ec869701fa2b093bb2337ed5d1ce889862ce7ed5353ad90211534a0da9,YES,ffffff8081ecf0e0,3774635,2024-12-30T20:20:15.803Z,SUCCESS,D:\curuma\turmeric_datasets\dataset_01\original\Blotch\blotch_(34).jpg,https://data.mendeley.com/public-files/datasets/jtttfbx342/files/a6318eff-2f4c-4e14-b66c-aed26004dfb0/file_downloaded
Dataset_01_jtttfbx342,blotch_(35).jpg,original,Blotch,333d6deb-fe48-4bab-b987-0e38443c8857,fcbfb5e81d1a8f019ea3dd0750715f4b512710ea070b1967ca48e452ba00fc09,fcbfb5e81d1a8f019ea3dd0750715f4b512710ea070b1967ca48e452ba00fc09,YES,ffffc001effffff8,3695221,2024-12-30T20:20:16.797Z,SUCCESS,D:\curuma\turmeric_datasets\dataset_01\original\Blotch\blotch_(35).jpg,https://data.mendeley.com/public-files/datasets/jtttfbx342/files/af4ef896-5b4c-4a31-997d-e28cae4efd8a/file_downloaded
Dataset_01_jtttfbx342,blotch_(36).jpg,original,Blotch,333d6deb-fe48-4bab-b987-0e38443c8857,d8d846fd504bf19ad11cdfc8f6b214370195887e2cc1e0db312228213aedbde0,d8d846fd504bf19ad11cdfc8f6b214370195887e2cc1e0db312228213aedbde0,YES,ffffff0181e7fbfb,3833240,2024-12-30T20:20:17.151Z,SUCCESS,D:\curuma\turmeric_datasets\dataset_01\original\Blotch\blotch_(36).jpg,https://data.mendeley.com/public-files/datasets/jtttfbx342/files/3fda1a7e-01b6-4235-9686-8babb5699be8/file_downloaded
Dataset_01_jtttfbx342,blotch_(37).jpg,original,Blotch,333d6deb-fe48-4bab-b987-0e38443c8857,f677c89f73a26b288adc84134dbbca59324834d9c981bcd630b142aaa54ba3fb,f677c89f73a26b288adc84134dbbca59324834d9c981bcd630b142aaa54ba3fb,YES,ffffff8700c7fcf8,3623202,2024-12-30T20:20:17.206Z,SUCCESS,D:\curuma\turmeric_datasets\dataset_01\original\Blotch\blotch_(37).jpg,https://data.mendeley.com/public-files/datasets/jtttfbx342/files/55cd36a6-a102-4207-a76f-8cda72872643/file_downloaded
Dataset_01_jtttfbx342,blotch_(38).jpg,original,Blotch,333d6deb-fe48-4bab-b987-0e38443c8857,c3a7d87f0e7b1b1285a1038b275bc0d7c2d14ef9c1e1ca061475abd81a682d02,c3a7d87f0e7b1b1285a1038b275bc0d7c2d14ef9c1e1ca061475abd81a682d02,YES,ffffffc380c7ffc0,3820906,2024-12-30T20:20:18.725Z,SUCCESS,D:\curuma\turmeric_datasets\dataset_01\original\Blotch\blotch_(38).jpg,https://data.mendeley.com/public-files/datasets/jtttfbx342/files/76e4d715-c264-46c7-899e-672739cd7a55/file_downloaded
Dataset_01_jtttfbx342,blotch_(39).jpg,original,Blotch,333d6deb-fe48-4bab-b987-0e38443c8857,827dae6387d35cf55f3008f41dfc534d18468f59264f7d99dc86346cc6a5df68,827dae6387d35cf55f3008f41dfc534d18468f59264f7d99dc86346cc6a5df68,YES,ffffffc1c0d0e0c0,3722323,2024-12-30T20:20:18.763Z,SUCCESS,D:\curuma\turmeric_datasets\dataset_01\original\Blotch\blotch_(39).jpg,https://data.mendeley.com/public-files/datasets/jtttfbx342/files/69b07d75-c5e8-40dc-9ba2-5a4ccf07aba9/file_downloaded
Dataset_01_jtttfbx342,blotch_(4).jpg,original,Blotch,333d6deb-fe48-4bab-b987-0e38443c8857,24dea5a100c05e987c66498553b8d4ab73b9d8733faa3fd0152151ebf904613f,24dea5a100c05e987c66498553b8d4ab73b9d8733faa3fd0152151ebf904613f,YES,ffffff8180fffde4,3769049,2024-12-30T20:20:18.839Z,SUCCESS,D:\curuma\turmeric_datasets\dataset_01\original\Blotch\blotch_(4).jpg,https://data.mendeley.com/public-files/datasets/jtttfbx342/files/91688f11-78f8-4ed6-82d4-2d8c5c286da8/file_downloaded
Dataset_01_jtttfbx342,blotch_(40).jpg,original,Blotch,333d6deb-fe48-4bab-b987-0e38443c8857,298b378b53a71ffeb44e60afc7a9362d474ed7bb84718aa9266ffed3ea677f97,298b378b53a71ffeb44e60afc7a9362d474ed7bb84718aa9266ffed3ea677f97,YES,feffc781bff3f0f0,3673997,2024-12-30T20:20:18.869Z,SUCCESS,D:\curuma\turmeric_datasets\dataset_01\original\Blotch\blotch_(40).jpg,https://data.mendeley.com/public-files/datasets/jtttfbx342/files/1f4b25ff-f499-44fb-a429-b903a6591f70/file_downloaded
Dataset_01_jtttfbx342,blotch_(41).jpg,original,Blotch,333d6deb-fe48-4bab-b987-0e38443c8857,7c09c3be16c293a82e257df10959ee43d689c4a72b79276b270e8d3ac72e82e7,7c09c3be16c293a82e257df10959ee43d689c4a72b79276b270e8d3ac72e82e7,YES,ffffffc3c1c1e1f0,3700706,2024-12-30T20:20:18.923Z,SUCCESS,D:\curuma\turmeric_datasets\dataset_01\original\Blotch\blotch_(41).jpg,https://data.mendeley.com/public-files/datasets/jtttfbx342/files/8ffe9a08-4713-4176-9275-5b562c6aa457/file_downloaded
Dataset_01_jtttfbx342,blotch_(42).jpg,original,Blotch,333d6deb-fe48-4bab-b987-0e38443c8857,2252729e2a29a08ab618e4756f3f34e443b2d45f832b635169d382b5a37da9ab,2252729e2a29a08ab618e4756f3f34e443b2d45f832b635169d382b5a37da9ab,YES,fffffecc80b0e0c0,3687108,2024-12-30T20:20:18.895Z,SUCCESS,D:\curuma\turmeric_datasets\dataset_01\original\Blotch\blotch_(42).jpg,https://data.mendeley.com/public-files/datasets/jtttfbx342/files/00d81649-40d1-4d03-90e5-5ff4a0a8087b/file_downloaded
Dataset_01_jtttfbx342,blotch_(44).jpg,original,Blotch,333d6deb-fe48-4bab-b987-0e38443c8857,70c9747f868a0e0385820633eb42c7cee7341809190e33c6cd083506b2f5e945,70c9747f868a0e0385820633eb42c7cee7341809190e33c6cd083506b2f5e945,YES,ffffff8381c7fdc4,3776290,2024-12-30T20:20:19.847Z,SUCCESS,D:\curuma\turmeric_datasets\dataset_01\original\Blotch\blotch_(44).jpg,https://data.mendeley.com/public-files/datasets/jtttfbx342/files/1fe8c79f-7e7d-48ff-a0dc-194bf9a13c51/file_downloaded
Dataset_01_jtttfbx342,blotch_(46).jpg,original,Blotch,333d6deb-fe48-4bab-b987-0e38443c8857,16d6f576443030b0cb17e40872fb64bf52975016ca30f77d97f41c2aea16f12e,16d6f576443030b0cb17e40872fb64bf52975016ca30f77d97f41c2aea16f12e,YES,ffffc78181c3ffff,3810751,2024-12-30T20:20:19.99Z,SUCCESS,D:\curuma\turmeric_datasets\dataset_01\original\Blotch\blotch_(46).jpg,https://data.mendeley.com/public-files/datasets/jtttfbx342/files/9d57ed1e-ab58-4d26-8d6c-e0da2e2e81e7/file_downloaded
Dataset_01_jtttfbx342,blotch_(45).jpg,original,Blotch,333d6deb-fe48-4bab-b987-0e38443c8857,17f1d582275467068c619ed20663cbf5ffe529563d00d9681ce26453533922d8,17f1d582275467068c619ed20663cbf5ffe529563d00d9681ce26453533922d8,YES,ffff0100c7ffffff,3864768,2024-12-30T20:20:19.959Z,SUCCESS,D:\curuma\turmeric_datasets\dataset_01\original\Blotch\blotch_(45).jpg,https://data.mendeley.com/public-files/datasets/jtttfbx342/files/7119b861-20f2-460f-90bc-725d5e0ad9d7/file_downloaded
Dataset_01_jtttfbx342,blotch_(47).jpg,original,Blotch,333d6deb-fe48-4bab-b987-0e38443c8857,698d16b127db7b87d2cfe564b285be967d2e4a1db25f201327bf63f23fed87dc,698d16b127db7b87d2cfe564b285be967d2e4a1db25f201327bf63f23fed87dc,YES,ffffff00069cf8f8,3835577,2024-12-30T20:20:22.916Z,SUCCESS,D:\curuma\turmeric_datasets\dataset_01\original\Blotch\blotch_(47).jpg,https://data.mendeley.com/public-files/datasets/jtttfbx342/files/c85889a9-dae0-4dc6-a5e4-5354903de1e1/file_downloaded
Dataset_01_jtttfbx342,blotch_(48).jpg,original,Blotch,333d6deb-fe48-4bab-b987-0e38443c8857,348b1a04d3d75794afd9cfb0a58d01c185dd84ea680c8821989df7c57b8cf82c,348b1a04d3d75794afd9cfb0a58d01c185dd84ea680c8821989df7c57b8cf82c,YES,ffffff8f0181fff2,3732287,2024-12-30T20:20:23.142Z,SUCCESS,D:\curuma\turmeric_datasets\dataset_01\original\Blotch\blotch_(48).jpg,https://data.mendeley.com/public-files/datasets/jtttfbx342/files/dc2942c2-d6fa-4f12-9ba4-16b6dde9c2f3/file_downloaded
Dataset_01_jtttfbx342,blotch_(49).jpg,original,Blotch,333d6deb-fe48-4bab-b987-0e38443c8857,03e9c7896cbcfba2651a4b98e095608c6baa8e1839e262684c1726694b63c798,03e9c7896cbcfba2651a4b98e095608c6baa8e1839e262684c1726694b63c798,YES,ffffe7c081c3ffff,4059316,2024-12-30T20:20:24.116Z,SUCCESS,D:\curuma\turmeric_datasets\dataset_01\original\Blotch\blotch_(49).jpg,https://data.mendeley.com/public-files/datasets/jtttfbx342/files/ebc679b3-001d-430f-8ccd-77f696ba016e/file_downloaded
Dataset_01_jtttfbx342,blotch_(5).jpg,original,Blotch,333d6deb-fe48-4bab-b987-0e38443c8857,3431bec9201125d7ec9f68e243571f5ade943a58b5cfd0009c9e4ba84ea22db6,3431bec9201125d7ec9f68e243571f5ade943a58b5cfd0009c9e4ba84ea22db6,YES,ffff0100fffffffc,3858286,2024-12-30T20:20:24.086Z,SUCCESS,D:\curuma\turmeric_datasets\dataset_01\original\Blotch\blotch_(5).jpg,https://data.mendeley.com/public-files/datasets/jtttfbx342/files/b9159f39-5937-4b6d-aaef-62b0067cd627/file_downloaded
Dataset_01_jtttfbx342,blotch_(50).jpg,original,Blotch,333d6deb-fe48-4bab-b987-0e38443c8857,2d189f3ca6cf2a796c1989fccfd5ba03bf545e821ac77c421e327254397be2bb,2d189f3ca6cf2a796c1989fccfd5ba03bf545e821ac77c421e327254397be2bb,YES,ffff8001c3ffffff,4137692,2024-12-30T20:20:24.279Z,SUCCESS,D:\curuma\turmeric_datasets\dataset_01\original\Blotch\blotch_(50).jpg,https://data.mendeley.com/public-files/datasets/jtttfbx342/files/4121b21b-986b-40dd-95ae-874404d98ea5/file_downloaded
Dataset_01_jtttfbx342,blotch_(51).jpg,original,Blotch,333d6deb-fe48-4bab-b987-0e38443c8857,9d9117cf702bac19f1736373c04105f5cc28289214526a0a952beb5513de4660,9d9117cf702bac19f1736373c04105f5cc28289214526a0a952beb5513de4660,YES,ffffe3c08001f3ff,4186032,2024-12-30T20:20:24.337Z,SUCCESS,D:\curuma\turmeric_datasets\dataset_01\original\Blotch\blotch_(51).jpg,https://data.mendeley.com/public-files/datasets/jtttfbx342/files/37646071-563f-46fe-ab20-da909fa27bd5/file_downloaded
Dataset_01_jtttfbx342,blotch_(53).jpg,original,Blotch,333d6deb-fe48-4bab-b987-0e38443c8857,717f3e8211a76ab2b57d5330bc966a1632816049d565c499666f6541bafe415c,717f3e8211a76ab2b57d5330bc966a1632816049d565c499666f6541bafe415c,YES,ffffffc3800067ff,4114257,2024-12-30T20:20:26.725Z,SUCCESS,D:\curuma\turmeric_datasets\dataset_01\original\Blotch\blotch_(53).jpg,https://data.mendeley.com/public-files/datasets/jtttfbx342/files/0bf4ffd9-abe2-4a0b-9f95-60d7f21f87a1/file_downloaded
Dataset_01_jtttfbx342,blotch_(52).jpg,original,Blotch,333d6deb-fe48-4bab-b987-0e38443c8857,b277d5bb6e085c460c79f2a0dd8229d80cb6c0ef5739ee1b0003126384e51ec7,b277d5bb6e085c460c79f2a0dd8229d80cb6c0ef5739ee1b0003126384e51ec7,YES,ffffc78001c7ffff,4134174,2024-12-30T20:20:24.973Z,SUCCESS,D:\curuma\turmeric_datasets\dataset_01\original\Blotch\blotch_(52).jpg,https://data.mendeley.com/public-files/datasets/jtttfbx342/files/f850cf39-c3fc-4f3b-a0fd-f7eef9a72595/file_downloaded
Dataset_01_jtttfbx342,blotch_(54).jpg,original,Blotch,333d6deb-fe48-4bab-b987-0e38443c8857,a9b789791125f342043143a232920798592a04cc0dc19b0653b73813153977f7,a9b789791125f342043143a232920798592a04cc0dc19b0653b73813153977f7,YES,ffffffc381c7ffc7,3856495,2024-12-30T20:20:25.378Z,SUCCESS,D:\curuma\turmeric_datasets\dataset_01\original\Blotch\blotch_(54).jpg,https://data.mendeley.com/public-files/datasets/jtttfbx342/files/341d6de4-90ca-452c-b600-18c7095ced47/file_downloaded
Dataset_01_jtttfbx342,blotch_(55).jpg,original,Blotch,333d6deb-fe48-4bab-b987-0e38443c8857,6026d4d49a204962525c245e19622ab5a90c727d6a108a3f7461135146997337,6026d4d49a204962525c245e19622ab5a90c727d6a108a3f7461135146997337,YES,ffffc180c3fffffc,3888860,2024-12-30T20:20:25.408Z,SUCCESS,D:\curuma\turmeric_datasets\dataset_01\original\Blotch\blotch_(55).jpg,https://data.mendeley.com/public-files/datasets/jtttfbx342/files/3778ae28-720c-4af1-8bea-7171cc50f70b/file_downloaded
Dataset_01_jtttfbx342,blotch_(56).jpg,original,Blotch,333d6deb-fe48-4bab-b987-0e38443c8857,4ae4872665366d6221f555e6ce503df0a28da057ffedd3f9715643bdea598491,4ae4872665366d6221f555e6ce503df0a28da057ffedd3f9715643bdea598491,YES,ffffe38181c3ffff,4119433,2024-12-30T20:20:28.56Z,SUCCESS,D:\curuma\turmeric_datasets\dataset_01\original\Blotch\blotch_(56).jpg,https://data.mendeley.com/public-files/datasets/jtttfbx342/files/0727160a-26cc-49b3-8122-cf4bcd00e2f7/file_downloaded
Dataset_01_jtttfbx342,blotch_(57).jpg,original,Blotch,333d6deb-fe48-4bab-b987-0e38443c8857,ea95b3160e65d59f575b330364475baff7cc55a862cd18d2121b075c7a13f525,ea95b3160e65d59f575b330364475baff7cc55a862cd18d2121b075c7a13f525,YES,ffffe78180c4f8fe,3884886,2024-12-30T20:20:28.69Z,SUCCESS,D:\curuma\turmeric_datasets\dataset_01\original\Blotch\blotch_(57).jpg,https://data.mendeley.com/public-files/datasets/jtttfbx342/files/e4e6c7f6-0ac5-49f4-9256-6b198f2a7a9f/file_downloaded
Dataset_01_jtttfbx342,blotch_(59).jpg,original,Blotch,333d6deb-fe48-4bab-b987-0e38443c8857,319a398eddd79cb4763199350899480dd19937e091e0882cf51e4936c1436722,319a398eddd79cb4763199350899480dd19937e091e0882cf51e4936c1436722,YES,ffffff8181c4fce6,3703475,2024-12-30T20:20:32.346Z,SUCCESS,D:\curuma\turmeric_datasets\dataset_01\original\Blotch\blotch_(59).jpg,https://data.mendeley.com/public-files/datasets/jtttfbx342/files/e290b549-6326-4a6e-a34f-a4d8c796b3df/file_downloaded
Dataset_01_jtttfbx342,blotch_(58).jpg,original,Blotch,333d6deb-fe48-4bab-b987-0e38443c8857,ed07c1f491fa9887acf9ccc03b6f7d6341c7d325afae7eca7b60efcd300a3182,ed07c1f491fa9887acf9ccc03b6f7d6341c7d325afae7eca7b60efcd300a3182,YES,ffffffe78181e7ff,3956376,2024-12-30T20:20:32.723Z,SUCCESS,D:\curuma\turmeric_datasets\dataset_01\original\Blotch\blotch_(58).jpg,https://data.mendeley.com/public-files/datasets/jtttfbx342/files/a974f995-de82-41ef-bcd3-d3a61ac06b9d/file_downloaded
Dataset_01_jtttfbx342,blotch_(6).jpg,original,Blotch,333d6deb-fe48-4bab-b987-0e38443c8857,a4616ee4c7ecbc0517f1ef248dc5c7e478508a69cd1c1c1fec3650f3ba37694b,a4616ee4c7ecbc0517f1ef248dc5c7e478508a69cd1c1c1fec3650f3ba37694b,YES,ffffc30080ffffff,3868726,2024-12-30T20:20:33.288Z,SUCCESS,D:\curuma\turmeric_datasets\dataset_01\original\Blotch\blotch_(6).jpg,https://data.mendeley.com/public-files/datasets/jtttfbx342/files/1f765fbe-aeec-4cd7-8b6d-7763eb7af7b4/file_downloaded
Dataset_01_jtttfbx342,blotch_(60).jpg,original,Blotch,333d6deb-fe48-4bab-b987-0e38443c8857,9e7278cc65072a01bd84da40d779932b5840752a9f6a28f1fe14bbe9c30fbbb2,9e7278cc65072a01bd84da40d779932b5840752a9f6a28f1fe14bbe9c30fbbb2,YES,ffffc381c3fffff0,3730114,2024-12-30T20:20:33.32Z,SUCCESS,D:\curuma\turmeric_datasets\dataset_01\original\Blotch\blotch_(60).jpg,https://data.mendeley.com/public-files/datasets/jtttfbx342/files/e3e237c4-fd28-4d59-9401-ab343e4f83a4/file_downloaded
Dataset_01_jtttfbx342,blotch_(61).jpg,original,Blotch,333d6deb-fe48-4bab-b987-0e38443c8857,76d54f4ba6bd6da593789246687e187b0d9e1e9f3481b63b52dc36501be30190,76d54f4ba6bd6da593789246687e187b0d9e1e9f3481b63b52dc36501be30190,YES,ffffffc381c3ffff,3702374,2024-12-30T20:20:35.508Z,SUCCESS,D:\curuma\turmeric_datasets\dataset_01\original\Blotch\blotch_(61).jpg,https://data.mendeley.com/public-files/datasets/jtttfbx342/files/6da50cca-c708-41de-b3c8-ee4b3f43248f/file_downloaded
Dataset_01_jtttfbx342,blotch_(62).jpg,original,Blotch,333d6deb-fe48-4bab-b987-0e38443c8857,3fb3ddc3564bfef8754c13efa7bb423550cd9113de6fa0fdde2e3caa0806a0a8,3fb3ddc3564bfef8754c13efa7bb423550cd9113de6fa0fdde2e3caa0806a0a8,YES,ffffffc380c4f8e0,3671403,2024-12-30T20:20:35.459Z,SUCCESS,D:\curuma\turmeric_datasets\dataset_01\original\Blotch\blotch_(62).jpg,https://data.mendeley.com/public-files/datasets/jtttfbx342/files/e0db4060-d250-4f69-8e89-23c2443735b8/file_downloaded
Dataset_01_jtttfbx342,blotch_(63).jpg,original,Blotch,333d6deb-fe48-4bab-b987-0e38443c8857,819bbfdb1531a5951221c226ca7fb5bcdce827a20eb71d28d2058279e3c69f4f,819bbfdb1531a5951221c226ca7fb5bcdce827a20eb71d28d2058279e3c69f4f,YES,fff7ff8381c3ffe7,3730078,2024-12-30T20:20:35.549Z,SUCCESS,D:\curuma\turmeric_datasets\dataset_01\original\Blotch\blotch_(63).jpg,https://data.mendeley.com/public-files/datasets/jtttfbx342/files/307768d7-3ef1-4de0-9090-dba5bcf08457/file_downloaded
Dataset_01_jtttfbx342,blotch_(64).jpg,original,Blotch,333d6deb-fe48-4bab-b987-0e38443c8857,8f50fe27144258e680170c67237219a01c225da2291a4745dff6f79df10de383,8f50fe27144258e680170c67237219a01c225da2291a4745dff6f79df10de383,YES,ffffef8181e4f0e4,3567176,2024-12-30T20:20:35.721Z,SUCCESS,D:\curuma\turmeric_datasets\dataset_01\original\Blotch\blotch_(64).jpg,https://data.mendeley.com/public-files/datasets/jtttfbx342/files/966652e6-c835-4630-b2e1-e9e0c055b074/file_downloaded
Dataset_01_jtttfbx342,blotch_(65).jpg,original,Blotch,333d6deb-fe48-4bab-b987-0e38443c8857,7deb168437099e826f04c232cf9d19b03e4e78164c25538a23cace035360e65c,7deb168437099e826f04c232cf9d19b03e4e78164c25538a23cace035360e65c,YES,ffffc100c3fffff8,3751342,2024-12-30T20:20:37.165Z,SUCCESS,D:\curuma\turmeric_datasets\dataset_01\original\Blotch\blotch_(65).jpg,https://data.mendeley.com/public-files/datasets/jtttfbx342/files/bc7434d8-5c5d-4497-aa38-b12a92287259/file_downloaded
Dataset_01_jtttfbx342,blotch_(66).jpg,original,Blotch,333d6deb-fe48-4bab-b987-0e38443c8857,23aa75f58ac8ecab88d156f81a6b3098bf41a5832f4456f9af4a889dd8d10bdb,23aa75f58ac8ecab88d156f81a6b3098bf41a5832f4456f9af4a889dd8d10bdb,YES,ffffe78181c3ffff,3715253,2024-12-30T20:20:37.246Z,SUCCESS,D:\curuma\turmeric_datasets\dataset_01\original\Blotch\blotch_(66).jpg,https://data.mendeley.com/public-files/datasets/jtttfbx342/files/8b7bff1a-4c75-4a66-a065-3c31bb48c4c2/file_downloaded
Dataset_01_jtttfbx342,blotch_(67).jpg,original,Blotch,333d6deb-fe48-4bab-b987-0e38443c8857,e4a222f75a75b2325f3fe0dba65824a840ebacdc650b5542911392d85b9e8635,e4a222f75a75b2325f3fe0dba65824a840ebacdc650b5542911392d85b9e8635,YES,ffffffc780c3ffc0,3647453,2024-12-30T20:20:40.203Z,SUCCESS,D:\curuma\turmeric_datasets\dataset_01\original\Blotch\blotch_(67).jpg,https://data.mendeley.com/public-files/datasets/jtttfbx342/files/8f17f257-41f4-4ac8-9126-85f9c0a6f593/file_downloaded
Dataset_01_jtttfbx342,blotch_(68).jpg,original,Blotch,333d6deb-fe48-4bab-b987-0e38443c8857,e33b05288c719aa6022943f3622150d5eee85d723a384b5c2b26c86f2d0a7074,e33b05288c719aa6022943f3622150d5eee85d723a384b5c2b26c86f2d0a7074,YES,ffffff8701c6f8c0,3754169,2024-12-30T20:20:40.776Z,SUCCESS,D:\curuma\turmeric_datasets\dataset_01\original\Blotch\blotch_(68).jpg,https://data.mendeley.com/public-files/datasets/jtttfbx342/files/48b14196-3915-4c8f-874a-8d4e62c1e44d/file_downloaded
Dataset_01_jtttfbx342,blotch_(69).jpg,original,Blotch,333d6deb-fe48-4bab-b987-0e38443c8857,662d87aa35db90558f7c8fa4cf8a56f06e36500d1fd753ab34f555d6fd099c6e,662d87aa35db90558f7c8fa4cf8a56f06e36500d1fd753ab34f555d6fd099c6e,YES,fffff78180e3fdef,3886367,2024-12-30T20:20:41.467Z,SUCCESS,D:\curuma\turmeric_datasets\dataset_01\original\Blotch\blotch_(69).jpg,https://data.mendeley.com/public-files/datasets/jtttfbx342/files/6eb5956e-5ef6-4715-9947-fdfcdbc202ea/file_downloaded
Dataset_01_jtttfbx342,blotch_(7).jpg,original,Blotch,333d6deb-fe48-4bab-b987-0e38443c8857,4c6b9fe596184c058cd35b918007d0eee2db4a80a2e9b07a9b0085a5b1e0e424,4c6b9fe596184c058cd35b918007d0eee2db4a80a2e9b07a9b0085a5b1e0e424,YES,ffffe70000fffcff,4016894,2024-12-30T20:20:41.677Z,SUCCESS,D:\curuma\turmeric_datasets\dataset_01\original\Blotch\blotch_(7).jpg,https://data.mendeley.com/public-files/datasets/jtttfbx342/files/c6157b9d-5404-46e2-8fb6-7a0a814916d4/file_downloaded
Dataset_01_jtttfbx342,blotch_(70).jpg,original,Blotch,333d6deb-fe48-4bab-b987-0e38443c8857,d7cee48d1f727862cc0f605e7c6afdd8b9915e4990a1bead3dbc5d8927492ac8,d7cee48d1f727862cc0f605e7c6afdd8b9915e4990a1bead3dbc5d8927492ac8,YES,ffff8100e3ffffff,3851228,2024-12-30T20:20:44.054Z,SUCCESS,D:\curuma\turmeric_datasets\dataset_01\original\Blotch\blotch_(70).jpg,https://data.mendeley.com/public-files/datasets/jtttfbx342/files/879a3345-530e-4903-a30a-9643283bf5ab/file_downloaded
Dataset_01_jtttfbx342,blotch_(71).jpg,original,Blotch,333d6deb-fe48-4bab-b987-0e38443c8857,b8555c89922a2bd5c848739e8c1cbb632a396bb376ed38dea0979cac2170ed8c,b8555c89922a2bd5c848739e8c1cbb632a396bb376ed38dea0979cac2170ed8c,YES,ffffd70301c1f7ff,3970414,2024-12-30T20:20:44.266Z,SUCCESS,D:\curuma\turmeric_datasets\dataset_01\original\Blotch\blotch_(71).jpg,https://data.mendeley.com/public-files/datasets/jtttfbx342/files/6a8879f6-f1e4-4b5d-872e-99b835eb9ece/file_downloaded
Dataset_01_jtttfbx342,blotch_(72).jpg,original,Blotch,333d6deb-fe48-4bab-b987-0e38443c8857,fd73285a4250a85c1d761c840da59379d7ca7dc87b70f392d61f877f8a0990e7,fd73285a4250a85c1d761c840da59379d7ca7dc87b70f392d61f877f8a0990e7,YES,ffffc78180cffcff,3883029,2024-12-30T20:20:44.094Z,SUCCESS,D:\curuma\turmeric_datasets\dataset_01\original\Blotch\blotch_(72).jpg,https://data.mendeley.com/public-files/datasets/jtttfbx342/files/fbc5e782-d7d3-4230-b65c-ecf1f3553b16/file_downloaded
Dataset_01_jtttfbx342,blotch_(73).jpg,original,Blotch,333d6deb-fe48-4bab-b987-0e38443c8857,e4ff0c0f9d52cf0566fb1934cb3306b291c29d593bb368eb4577372115cf267f,e4ff0c0f9d52cf0566fb1934cb3306b291c29d593bb368eb4577372115cf267f,YES,ffffffc30080ffff,3981241,2024-12-30T20:20:44.453Z,SUCCESS,D:\curuma\turmeric_datasets\dataset_01\original\Blotch\blotch_(73).jpg,https://data.mendeley.com/public-files/datasets/jtttfbx342/files/63f99ff5-ec79-4032-bf52-1fa1c02ce159/file_downloaded
Dataset_01_jtttfbx342,blotch_(74).jpg,original,Blotch,333d6deb-fe48-4bab-b987-0e38443c8857,168f3c4b41494a25a96557d6a1bfd5ce15c42e3e73008baa6d067ecf55599357,168f3c4b41494a25a96557d6a1bfd5ce15c42e3e73008baa6d067ecf55599357,YES,ffffe781f0e0e0c0,3576289,2024-12-30T20:20:44.772Z,SUCCESS,D:\curuma\turmeric_datasets\dataset_01\original\Blotch\blotch_(74).jpg,https://data.mendeley.com/public-files/datasets/jtttfbx342/files/0e807645-e2a9-40a5-b043-b6602f3b1c25/file_downloaded
Dataset_01_jtttfbx342,blotch_(76).jpg,original,Blotch,333d6deb-fe48-4bab-b987-0e38443c8857,6678ca64dea9e8fdc2c72d5335c42dd91107d0e6787a5826360130090a46ba07,6678ca64dea9e8fdc2c72d5335c42dd91107d0e6787a5826360130090a46ba07,YES,ffffc70120c7e3f9,3684168,2024-12-30T20:20:46.244Z,SUCCESS,D:\curuma\turmeric_datasets\dataset_01\original\Blotch\blotch_(76).jpg,https://data.mendeley.com/public-files/datasets/jtttfbx342/files/2c0196f6-28be-4a3e-b7c3-85498387ab81/file_downloaded
Dataset_01_jtttfbx342,blotch_(75).jpg,original,Blotch,333d6deb-fe48-4bab-b987-0e38443c8857,10b323f1d5a056d4e4b0b4c6b11939e2f67f14b5145138cf93999c961787f8bf,10b323f1d5a056d4e4b0b4c6b11939e2f67f14b5145138cf93999c961787f8bf,YES,feff0180fffff0f0,3585212,2024-12-30T20:20:44.843Z,SUCCESS,D:\curuma\turmeric_datasets\dataset_01\original\Blotch\blotch_(75).jpg,https://data.mendeley.com/public-files/datasets/jtttfbx342/files/6ecea251-95d8-468e-bc8d-ed09c2b18d7e/file_downloaded
Dataset_01_jtttfbx342,blotch_(77).jpg,original,Blotch,333d6deb-fe48-4bab-b987-0e38443c8857,71a55537e8ed3d38a40eeaedfd1f427a0cf3c58fa4d3b9838cc0809e6798e373,71a55537e8ed3d38a40eeaedfd1f427a0cf3c58fa4d3b9838cc0809e6798e373,YES,ffffc300fcf0e0e0,3683239,2024-12-30T20:20:46.591Z,SUCCESS,D:\curuma\turmeric_datasets\dataset_01\original\Blotch\blotch_(77).jpg,https://data.mendeley.com/public-files/datasets/jtttfbx342/files/2d7bc2c0-1785-416d-8a71-2df390c6e9ea/file_downloaded
Dataset_01_jtttfbx342,blotch_(79).jpg,original,Blotch,333d6deb-fe48-4bab-b987-0e38443c8857,9184e0f7a2f3f8927376c45df42fe4dde7317018a845568a8828081654fde96a,9184e0f7a2f3f8927376c45df42fe4dde7317018a845568a8828081654fde96a,YES,ffffffe1c0e0fcf2,3629584,2024-12-30T20:20:47.219Z,SUCCESS,D:\curuma\turmeric_datasets\dataset_01\original\Blotch\blotch_(79).jpg,https://data.mendeley.com/public-files/datasets/jtttfbx342/files/2ff4ac33-cd86-4f00-875f-19ac48cd1b4c/file_downloaded
Dataset_01_jtttfbx342,blotch_(78).jpg,original,Blotch,333d6deb-fe48-4bab-b987-0e38443c8857,5bab9af1dc1f30cda420e3eb570d55b030358e852fd73453214bc845781ccb13,5bab9af1dc1f30cda420e3eb570d55b030358e852fd73453214bc845781ccb13,YES,f8fcff8100ffe7c0,3732303,2024-12-30T20:20:47.19Z,SUCCESS,D:\curuma\turmeric_datasets\dataset_01\original\Blotch\blotch_(78).jpg,https://data.mendeley.com/public-files/datasets/jtttfbx342/files/cd3123b2-05ba-40c5-9bc9-bfef8a644507/file_downloaded
Dataset_01_jtttfbx342,blotch_(8).jpg,original,Blotch,333d6deb-fe48-4bab-b987-0e38443c8857,6880873d083ee19c8163f1017de15fb5983e62ba019408d8b9a8666b9cd2adbb,6880873d083ee19c8163f1017de15fb5983e62ba019408d8b9a8666b9cd2adbb,YES,ffff8000c7fffff0,3923515,2024-12-30T20:20:51.072Z,SUCCESS,D:\curuma\turmeric_datasets\dataset_01\original\Blotch\blotch_(8).jpg,https://data.mendeley.com/public-files/datasets/jtttfbx342/files/6de440d3-6038-4bf7-815e-ad2397001dc1/file_downloaded
Dataset_01_jtttfbx342,blotch_(80).jpg,original,Blotch,333d6deb-fe48-4bab-b987-0e38443c8857,ba3efa7966504f7f92c2efc806367f47b14bcd559301724897c7851078170141,ba3efa7966504f7f92c2efc806367f47b14bcd559301724897c7851078170141,YES,ffffc781c3fffff0,3686048,2024-12-30T20:20:50.852Z,SUCCESS,D:\curuma\turmeric_datasets\dataset_01\original\Blotch\blotch_(80).jpg,https://data.mendeley.com/public-files/datasets/jtttfbx342/files/3c16eb43-822c-42ad-affa-3bfdef18ac2f/file_downloaded
Dataset_01_jtttfbx342,blotch_(81).jpg,original,Blotch,333d6deb-fe48-4bab-b987-0e38443c8857,085af786a7e219a7f2244a51f66e26e71223c991b711677347293f5d84c6a48d,085af786a7e219a7f2244a51f66e26e71223c991b711677347293f5d84c6a48d,YES,ffffffc383c3fffa,3541811,2024-12-30T20:20:50.813Z,SUCCESS,D:\curuma\turmeric_datasets\dataset_01\original\Blotch\blotch_(81).jpg,https://data.mendeley.com/public-files/datasets/jtttfbx342/files/80d5f234-b0a8-4d81-a43d-8f500cf76ec0/file_downloaded
Dataset_01_jtttfbx342,blotch_(82).jpg,original,Blotch,333d6deb-fe48-4bab-b987-0e38443c8857,f97fbb4a4bbdad192c3e51a13451a0690deefc7ee4e30547899571968157b15a,f97fbb4a4bbdad192c3e51a13451a0690deefc7ee4e30547899571968157b15a,YES,fffffec080c8f0e0,3729998,2024-12-30T20:20:51.36Z,SUCCESS,D:\curuma\turmeric_datasets\dataset_01\original\Blotch\blotch_(82).jpg,https://data.mendeley.com/public-files/datasets/jtttfbx342/files/8b33414d-9855-46bc-b04a-8d2a406500e8/file_downloaded
Dataset_01_jtttfbx342,blotch_(83).jpg,original,Blotch,333d6deb-fe48-4bab-b987-0e38443c8857,5fe672cbc05e34d87537abe29d5226e7300974555c6e0a1dbb705b4aef9b99ba,5fe672cbc05e34d87537abe29d5226e7300974555c6e0a1dbb705b4aef9b99ba,YES,f4f6ffc781c7fee0,3544266,2024-12-30T20:20:51.852Z,SUCCESS,D:\curuma\turmeric_datasets\dataset_01\original\Blotch\blotch_(83).jpg,https://data.mendeley.com/public-files/datasets/jtttfbx342/files/0c3b538c-34c0-44ba-857d-87c696284506/file_downloaded
Dataset_01_jtttfbx342,blotch_(85).jpg,original,Blotch,333d6deb-fe48-4bab-b987-0e38443c8857,38fb8939ba1e8fa0f0f6e821d9c20eda4b63cbaaacf2101a2d705b301960aa7f,38fb8939ba1e8fa0f0f6e821d9c20eda4b63cbaaacf2101a2d705b301960aa7f,YES,ffff8180e1fffffc,3805674,2024-12-30T20:20:53.175Z,SUCCESS,D:\curuma\turmeric_datasets\dataset_01\original\Blotch\blotch_(85).jpg,https://data.mendeley.com/public-files/datasets/jtttfbx342/files/4edbe77f-620d-4643-afe5-d5bcbeed8c7f/file_downloaded
Dataset_01_jtttfbx342,blotch_(84).jpg,original,Blotch,333d6deb-fe48-4bab-b987-0e38443c8857,29ada7b3473724825db3b93991a552c7bb85516914fc7d05dbabd7cc671dec0f,29ada7b3473724825db3b93991a552c7bb85516914fc7d05dbabd7cc671dec0f,YES,fffff380c0e8f4f6,3844813,2024-12-30T20:20:52.173Z,SUCCESS,D:\curuma\turmeric_datasets\dataset_01\original\Blotch\blotch_(84).jpg,https://data.mendeley.com/public-files/datasets/jtttfbx342/files/81dd8b83-ba51-4f19-a07c-a2123ed05a59/file_downloaded
Dataset_01_jtttfbx342,blotch_(86).jpg,original,Blotch,333d6deb-fe48-4bab-b987-0e38443c8857,5acf8844379d03f6e98b2c68b642060f7c35ba0fb787deb56ee6bde38a90690b,5acf8844379d03f6e98b2c68b642060f7c35ba0fb787deb56ee6bde38a90690b,YES,ffff8381c0f6fefe,3803304,2024-12-30T20:20:53.654Z,SUCCESS,D:\curuma\turmeric_datasets\dataset_01\original\Blotch\blotch_(86).jpg,https://data.mendeley.com/public-files/datasets/jtttfbx342/files/ebd62856-73e7-4ba4-9afa-38283510f598/file_downloaded
Dataset_01_jtttfbx342,blotch_(87).jpg,original,Blotch,333d6deb-fe48-4bab-b987-0e38443c8857,7193e441b528e89f8a28f926ad048d359a066aa2f274913a34f94b28b8868aec,7193e441b528e89f8a28f926ad048d359a066aa2f274913a34f94b28b8868aec,YES,ffffff8380c0fce0,3906803,2024-12-30T20:20:54.284Z,SUCCESS,D:\curuma\turmeric_datasets\dataset_01\original\Blotch\blotch_(87).jpg,https://data.mendeley.com/public-files/datasets/jtttfbx342/files/862d4734-68fc-417e-a70e-86df8933a1f7/file_downloaded
Dataset_01_jtttfbx342,blotch_(88).jpg,original,Blotch,333d6deb-fe48-4bab-b987-0e38443c8857,1fb604da46fe78a2635292467408c79fd67b5fe0c575fbd78a3c35737e8416b0,1fb604da46fe78a2635292467408c79fd67b5fe0c575fbd78a3c35737e8416b0,YES,ffffd380c0fffec0,3946652,2024-12-30T20:20:54.347Z,SUCCESS,D:\curuma\turmeric_datasets\dataset_01\original\Blotch\blotch_(88).jpg,https://data.mendeley.com/public-files/datasets/jtttfbx342/files/cd02d902-6f07-4287-af9f-3197ac75950f/file_downloaded
Dataset_01_jtttfbx342,blotch_(89).jpg,original,Blotch,333d6deb-fe48-4bab-b987-0e38443c8857,1ee67395b2b00c95794595db852e931d666fb76de6e656a1262eb78ed09a9904,1ee67395b2b00c95794595db852e931d666fb76de6e656a1262eb78ed09a9904,YES,ffffff8080f2fef6,3761497,2024-12-30T20:20:57.622Z,SUCCESS,D:\curuma\turmeric_datasets\dataset_01\original\Blotch\blotch_(89).jpg,https://data.mendeley.com/public-files/datasets/jtttfbx342/files/579abc9c-28a3-4ba1-b7bb-a7ac7bed091c/file_downloaded
Dataset_01_jtttfbx342,blotch_(90).jpg,original,Blotch,333d6deb-fe48-4bab-b987-0e38443c8857,86d08c9b631e2151efdcbb80027f1528e0584a86ba1bee08ca5cadc9c9a0e538,86d08c9b631e2151efdcbb80027f1528e0584a86ba1bee08ca5cadc9c9a0e538,YES,ffff0081fffffff8,3773596,2024-12-30T20:20:58.077Z,SUCCESS,D:\curuma\turmeric_datasets\dataset_01\original\Blotch\blotch_(90).jpg,https://data.mendeley.com/public-files/datasets/jtttfbx342/files/ee83f96e-de79-4fe3-93e5-c402d292dbcf/file_downloaded
Dataset_01_jtttfbx342,blotch_(9).jpg,original,Blotch,333d6deb-fe48-4bab-b987-0e38443c8857,01bb35fd4c265df729a662a4994abfc5ec81b1204c1801e447cc9e1d97705a99,01bb35fd4c265df729a662a4994abfc5ec81b1204c1801e447cc9e1d97705a99,YES,ffff8f80c0f0e0e0,3692862,2024-12-30T20:20:57.652Z,SUCCESS,D:\curuma\turmeric_datasets\dataset_01\original\Blotch\blotch_(9).jpg,https://data.mendeley.com/public-files/datasets/jtttfbx342/files/1dae3eb7-b215-476d-aa62-6ac94b9e880e/file_downloaded
Dataset_01_jtttfbx342,blotch_(91).jpg,original,Blotch,333d6deb-fe48-4bab-b987-0e38443c8857,a0bf65e22280cd2d6b003f335b264f48de9417d5dab65bd02f2914f5ac2f1911,a0bf65e22280cd2d6b003f335b264f48de9417d5dab65bd02f2914f5ac2f1911,YES,ffff0f0081ffffff,3754085,2024-12-30T20:20:58.259Z,SUCCESS,D:\curuma\turmeric_datasets\dataset_01\original\Blotch\blotch_(91).jpg,https://data.mendeley.com/public-files/datasets/jtttfbx342/files/39a14d06-daac-4cd7-8475-83cc8e5778c0/file_downloaded
Dataset_01_jtttfbx342,blotch_(92).jpg,original,Blotch,333d6deb-fe48-4bab-b987-0e38443c8857,dff1d7a06952d2c5432f617f4fc77ac97cc4c299c0c5f23268afdb2355abcc42,dff1d7a06952d2c5432f617f4fc77ac97cc4c299c0c5f23268afdb2355abcc42,YES,ffffe000c4f8f0c0,3744455,2024-12-30T20:20:58.844Z,SUCCESS,D:\curuma\turmeric_datasets\dataset_01\original\Blotch\blotch_(92).jpg,https://data.mendeley.com/public-files/datasets/jtttfbx342/files/3ac1a622-aedd-4788-b292-796711922934/file_downloaded
Dataset_01_jtttfbx342,blotch_(93).jpg,original,Blotch,333d6deb-fe48-4bab-b987-0e38443c8857,39d107de8b8b61926f87637ebbd89b5414b4a422efedbee6ba70fe0af80fdd36,39d107de8b8b61926f87637ebbd89b5414b4a422efedbee6ba70fe0af80fdd36,YES,ffffff0080fffce0,3812638,2024-12-30T20:20:58.943Z,SUCCESS,D:\curuma\turmeric_datasets\dataset_01\original\Blotch\blotch_(93).jpg,https://data.mendeley.com/public-files/datasets/jtttfbx342/files/f9a26341-367e-41dd-9287-fe1a5a0c8987/file_downloaded
Dataset_01_jtttfbx342,blotch_(94).jpg,original,Blotch,333d6deb-fe48-4bab-b987-0e38443c8857,3ebbe24b92f92aeff5472883d6695fc7dd895466f1f8d26b11b3e952bb29f394,3ebbe24b92f92aeff5472883d6695fc7dd895466f1f8d26b11b3e952bb29f394,YES,ffffe38080f0e0e6,3624544,2024-12-30T20:20:59.354Z,SUCCESS,D:\curuma\turmeric_datasets\dataset_01\original\Blotch\blotch_(94).jpg,https://data.mendeley.com/public-files/datasets/jtttfbx342/files/1e71733a-ecd1-4def-ad20-41ff1b0ecf40/file_downloaded
Dataset_01_jtttfbx342,blotch_(95).jpg,original,Blotch,333d6deb-fe48-4bab-b987-0e38443c8857,a21b42f90513b2beb1b794a37786d7a75e62ababdf8711a499e48163451cfd73,a21b42f90513b2beb1b794a37786d7a75e62ababdf8711a499e48163451cfd73,YES,feffc301fffff2f0,3652917,2024-12-30T20:20:59.653Z,SUCCESS,D:\curuma\turmeric_datasets\dataset_01\original\Blotch\blotch_(95).jpg,https://data.mendeley.com/public-files/datasets/jtttfbx342/files/8c627023-4a54-4852-9c49-798bc33e41d2/file_downloaded
Dataset_01_jtttfbx342,blotch_(96).jpg,original,Blotch,333d6deb-fe48-4bab-b987-0e38443c8857,e2255816ed22b46800a8cbb026a68f04182fe2eb759505f9fa354da529941213,e2255816ed22b46800a8cbb026a68f04182fe2eb759505f9fa354da529941213,YES,ffffe781817ffefe,3662390,2024-12-30T20:21:00.074Z,SUCCESS,D:\curuma\turmeric_datasets\dataset_01\original\Blotch\blotch_(96).jpg,https://data.mendeley.com/public-files/datasets/jtttfbx342/files/2902f835-e08a-4032-804c-f60fa5e98485/file_downloaded
Dataset_01_jtttfbx342,blotch_(97).jpg,original,Blotch,333d6deb-fe48-4bab-b987-0e38443c8857,e52793a73e8fa609a37be5c2b6c8ace21bd163150d8cfa25b8349d44bd9f62b4,e52793a73e8fa609a37be5c2b6c8ace21bd163150d8cfa25b8349d44bd9f62b4,YES,fffefec080f8e0c0,3680273,2024-12-30T20:21:00.108Z,SUCCESS,D:\curuma\turmeric_datasets\dataset_01\original\Blotch\blotch_(97).jpg,https://data.mendeley.com/public-files/datasets/jtttfbx342/files/090094af-d956-4f39-a1ff-ff3736cfb087/file_downloaded
Dataset_01_jtttfbx342,blotch_(99).jpg,original,Blotch,333d6deb-fe48-4bab-b987-0e38443c8857,31b46f7e98e3691f1e8853c9973514054496a12c0803064ea441f84b0e00e346,31b46f7e98e3691f1e8853c9973514054496a12c0803064ea441f84b0e00e346,YES,ffffff80c0e0e0e2,3692892,2024-12-30T20:21:03.306Z,SUCCESS,D:\curuma\turmeric_datasets\dataset_01\original\Blotch\blotch_(99).jpg,https://data.mendeley.com/public-files/datasets/jtttfbx342/files/501f0ae9-13f0-489e-99e6-7a7cbe1718bd/file_downloaded
Dataset_01_jtttfbx342,blotch_(98).jpg,original,Blotch,333d6deb-fe48-4bab-b987-0e38443c8857,f4c79db4820feccbacf312caf6d0bf773a5a1f2d2365e8e078f65c77b9fb814b,f4c79db4820feccbacf312caf6d0bf773a5a1f2d2365e8e078f65c77b9fb814b,YES,f0f4fee3c0e6f0c0,3653994,2024-12-30T20:21:03.226Z,SUCCESS,D:\curuma\turmeric_datasets\dataset_01\original\Blotch\blotch_(98).jpg,https://data.mendeley.com/public-files/datasets/jtttfbx342/files/38078d6b-47a2-4d9a-9694-42b4b72d0057/file_downloaded
Dataset_01_jtttfbx342,healthy_(1).jpg,original,Healthy_Leaf,d1519e26-8018-4bbe-aa05-9e13a6bbaa78,7695925806b45988bb4215f41d30aeac52b4aa6e4638da48817e91ff476e4ba0,7695925806b45988bb4215f41d30aeac52b4aa6e4638da48817e91ff476e4ba0,YES,ffff0100c3ffffe0,4050507,2024-12-30T20:21:04.523Z,SUCCESS,D:\curuma\turmeric_datasets\dataset_01\original\Healthy_Leaf\healthy_(1).jpg,https://data.mendeley.com/public-files/datasets/jtttfbx342/files/d71a2b0c-207d-4b09-810b-3a42dd46da4c/file_downloaded
Dataset_01_jtttfbx342,healthy_(10).jpg,original,Healthy_Leaf,d1519e26-8018-4bbe-aa05-9e13a6bbaa78,e1c4e05f1900b2bdef99545ad302571963f888be181eec81c376eb54d84a0954,e1c4e05f1900b2bdef99545ad302571963f888be181eec81c376eb54d84a0954,YES,ffffef0181e79cc0,3904832,2024-12-30T20:21:04.671Z,SUCCESS,D:\curuma\turmeric_datasets\dataset_01\original\Healthy_Leaf\healthy_(10).jpg,https://data.mendeley.com/public-files/datasets/jtttfbx342/files/1b3b3dac-f3bb-459a-9b08-3109baa21752/file_downloaded
Dataset_01_jtttfbx342,healthy_(100).jpg,original,Healthy_Leaf,d1519e26-8018-4bbe-aa05-9e13a6bbaa78,d34b544c317965dd9004ee41956f68ef8733004a4dfdef20279fbc1fb3925e50,d34b544c317965dd9004ee41956f68ef8733004a4dfdef20279fbc1fb3925e50,YES,00470180ffffffff,3773712,2024-12-30T20:21:05.458Z,SUCCESS,D:\curuma\turmeric_datasets\dataset_01\original\Healthy_Leaf\healthy_(100).jpg,https://data.mendeley.com/public-files/datasets/jtttfbx342/files/8bfc6a00-22da-4391-926d-4e140342eaf2/file_downloaded
Dataset_01_jtttfbx342,healthy_(101).jpg,original,Healthy_Leaf,d1519e26-8018-4bbe-aa05-9e13a6bbaa78,2eab14647c7acbe6a743a509872a49e1558d10ba048f8e00c1a15f26c98e1537,2eab14647c7acbe6a743a509872a49e1558d10ba048f8e00c1a15f26c98e1537,YES,00039f0381ffffff,3702157,2024-12-30T20:21:05.428Z,SUCCESS,D:\curuma\turmeric_datasets\dataset_01\original\Healthy_Leaf\healthy_(101).jpg,https://data.mendeley.com/public-files/datasets/jtttfbx342/files/34b35cf0-6141-40c9-91e9-7b5cc3fbafca/file_downloaded
Dataset_01_jtttfbx342,healthy_(102).jpg,original,Healthy_Leaf,d1519e26-8018-4bbe-aa05-9e13a6bbaa78,d83e3916446f97ea559260511f6ee2708c9c546a1054441146c81985275e5104,d83e3916446f97ea559260511f6ee2708c9c546a1054441146c81985275e5104,YES,02830000c3ffffff,4518431,2024-12-30T20:21:06.834Z,SUCCESS,D:\curuma\turmeric_datasets\dataset_01\original\Healthy_Leaf\healthy_(102).jpg,https://data.mendeley.com/public-files/datasets/jtttfbx342/files/b8e6c50b-db69-4d62-9cd7-d1f8d450e840/file_downloaded
Dataset_01_jtttfbx342,healthy_(103).jpg,original,Healthy_Leaf,d1519e26-8018-4bbe-aa05-9e13a6bbaa78,a0935ce7ee8335ddd85e77a0f79c37420d9e6152f317fb2d18fbabe8eab59958,a0935ce7ee8335ddd85e77a0f79c37420d9e6152f317fb2d18fbabe8eab59958,YES,077fc30000c3ffff,3825867,2024-12-30T20:21:06.265Z,SUCCESS,D:\curuma\turmeric_datasets\dataset_01\original\Healthy_Leaf\healthy_(103).jpg,https://data.mendeley.com/public-files/datasets/jtttfbx342/files/42649966-f662-4464-93e5-6d81b3fd0bef/file_downloaded
Dataset_01_jtttfbx342,healthy_(104).jpg,original,Healthy_Leaf,d1519e26-8018-4bbe-aa05-9e13a6bbaa78,da1f337c9c4e1d05411eb97faa3710d715886badc9b7a6c3fcc10d583592f451,da1f337c9c4e1d05411eb97faa3710d715886badc9b7a6c3fcc10d583592f451,YES,e0ff8100c1ffffff,4436923,2024-12-30T20:21:07.629Z,SUCCESS,D:\curuma\turmeric_datasets\dataset_01\original\Healthy_Leaf\healthy_(104).jpg,https://data.mendeley.com/public-files/datasets/jtttfbx342/files/ea9f26ab-70da-4df3-a045-6ccbc29bb797/file_downloaded
Dataset_01_jtttfbx342,healthy_(105).jpg,original,Healthy_Leaf,d1519e26-8018-4bbe-aa05-9e13a6bbaa78,b799d927d03d85d753013cff288770e568008f0dd241a9bebb4d9f1fe13470fe,b799d927d03d85d753013cff288770e568008f0dd241a9bebb4d9f1fe13470fe,YES,07c10000cfffffff,4579838,2024-12-30T20:21:07.659Z,SUCCESS,D:\curuma\turmeric_datasets\dataset_01\original\Healthy_Leaf\healthy_(105).jpg,https://data.mendeley.com/public-files/datasets/jtttfbx342/files/0316c7b0-0311-443e-8cb8-33d55d7354fd/file_downloaded
Dataset_01_jtttfbx342,healthy_(106).jpg,original,Healthy_Leaf,d1519e26-8018-4bbe-aa05-9e13a6bbaa78,995f59225aa2d60a32daf42132a7b36d393aa2bfb7f191d3f257cf54284295f4,995f59225aa2d60a32daf42132a7b36d393aa2bfb7f191d3f257cf54284295f4,YES,007fc70180efffff,4558706,2024-12-30T20:21:11.13Z,SUCCESS,D:\curuma\turmeric_datasets\dataset_01\original\Healthy_Leaf\healthy_(106).jpg,https://data.mendeley.com/public-files/datasets/jtttfbx342/files/ef23eed6-b85d-4044-8e4d-7dbe2dbd9919/file_downloaded
Dataset_01_jtttfbx342,healthy_(107).jpg,original,Healthy_Leaf,d1519e26-8018-4bbe-aa05-9e13a6bbaa78,3e837846b653b27f66798d9f057fddefc8d8605362a1ee455a90daf3105597f8,3e837846b653b27f66798d9f057fddefc8d8605362a1ee455a90daf3105597f8,YES,00ff810081ffffff,3796605,2024-12-30T20:21:09.933Z,SUCCESS,D:\curuma\turmeric_datasets\dataset_01\original\Healthy_Leaf\healthy_(107).jpg,https://data.mendeley.com/public-files/datasets/jtttfbx342/files/3504124a-a5b4-4de2-bf15-33bed637ea2f/file_downloaded
Dataset_01_jtttfbx342,healthy_(108).jpg,original,Healthy_Leaf,d1519e26-8018-4bbe-aa05-9e13a6bbaa78,80c34c628cd96aec690659a080d79bd5d401e3fbe2184ddcf7f1f3e56cedfc73,80c34c628cd96aec690659a080d79bd5d401e3fbe2184ddcf7f1f3e56cedfc73,YES,077fc7010083ffff,3942434,2024-12-30T20:21:12.256Z,SUCCESS,D:\curuma\turmeric_datasets\dataset_01\original\Healthy_Leaf\healthy_(108).jpg,https://data.mendeley.com/public-files/datasets/jtttfbx342/files/94d1b073-b13b-4124-8bd8-59d843d544a8/file_downloaded
Dataset_01_jtttfbx342,healthy_(109).jpg,original,Healthy_Leaf,d1519e26-8018-4bbe-aa05-9e13a6bbaa78,f6d02ca46ad1b55c5f8e4b0c294ba29edf34318e994e7a4befc07b2d7807c013,f6d02ca46ad1b55c5f8e4b0c294ba29edf34318e994e7a4befc07b2d7807c013,YES,e0ff810080e3ffff,4522631,2024-12-30T20:21:13.256Z,SUCCESS,D:\curuma\turmeric_datasets\dataset_01\original\Healthy_Leaf\healthy_(109).jpg,https://data.mendeley.com/public-files/datasets/jtttfbx342/files/4b468b4f-8b8d-4cf4-9d74-3336241381f1/file_downloaded
Dataset_01_jtttfbx342,healthy_(11).jpg,original,Healthy_Leaf,d1519e26-8018-4bbe-aa05-9e13a6bbaa78,53097517be6a312358a9b71f2a62aea0d7d9fccef0e4389043df8d2e793062b4,53097517be6a312358a9b71f2a62aea0d7d9fccef0e4389043df8d2e793062b4,YES,ffff8380c0f3fff4,4009848,2024-12-30T20:21:13.668Z,SUCCESS,D:\curuma\turmeric_datasets\dataset_01\original\Healthy_Leaf\healthy_(11).jpg,https://data.mendeley.com/public-files/datasets/jtttfbx342/files/b5ac062a-04cf-4a47-bea0-2c19bc739514/file_downloaded
Dataset_01_jtttfbx342,healthy_(110).jpg,original,Healthy_Leaf,d1519e26-8018-4bbe-aa05-9e13a6bbaa78,9a7b983b360992f7b9813d1466d4acc37e183bb70de2048ffe75ddcd309c20b1,9a7b983b360992f7b9813d1466d4acc37e183bb70de2048ffe75ddcd309c20b1,YES,07f1000081ffffff,4772552,2024-12-30T20:21:14.747Z,SUCCESS,D:\curuma\turmeric_datasets\dataset_01\original\Healthy_Leaf\healthy_(110).jpg,https://data.mendeley.com/public-files/datasets/jtttfbx342/files/1f0e1df4-d761-48fd-aceb-711ac6daf5b5/file_downloaded
Dataset_01_jtttfbx342,healthy_(111).jpg,original,Healthy_Leaf,d1519e26-8018-4bbe-aa05-9e13a6bbaa78,1805c921f3169d46166512b7d4d94775b1932491637ad9bb0040eee97c9a43d6,1805c921f3169d46166512b7d4d94775b1932491637ad9bb0040eee97c9a43d6,YES,017fc30080c7ffff,4119847,2024-12-30T20:21:14.88Z,SUCCESS,D:\curuma\turmeric_datasets\dataset_01\original\Healthy_Leaf\healthy_(111).jpg,https://data.mendeley.com/public-files/datasets/jtttfbx342/files/688a9870-59be-4c5c-aa22-dcb27b8a6e6e/file_downloaded
Dataset_01_jtttfbx342,healthy_(112).jpg,original,Healthy_Leaf,d1519e26-8018-4bbe-aa05-9e13a6bbaa78,27e0a72729f121348b58ae54c66592c9710da987353cb70bf035683fdb780502,27e0a72729f121348b58ae54c66592c9710da987353cb70bf035683fdb780502,YES,00ff010080e7ffff,4250694,2024-12-30T20:21:15.543Z,SUCCESS,D:\curuma\turmeric_datasets\dataset_01\original\Healthy_Leaf\healthy_(112).jpg,https://data.mendeley.com/public-files/datasets/jtttfbx342/files/6faa97b1-f466-4988-bb51-2a16e0e1c97c/file_downloaded
Dataset_01_jtttfbx342,healthy_(114).jpg,original,Healthy_Leaf,d1519e26-8018-4bbe-aa05-9e13a6bbaa78,90f380da18b5ad360d53018b8f0ae04e1a4271a45f47699f1fc957299a8aa4bd,90f380da18b5ad360d53018b8f0ae04e1a4271a45f47699f1fc957299a8aa4bd,YES,f0ff810080e1ffff,4480245,2024-12-30T20:21:16.434Z,SUCCESS,D:\curuma\turmeric_datasets\dataset_01\original\Healthy_Leaf\healthy_(114).jpg,https://data.mendeley.com/public-files/datasets/jtttfbx342/files/151231b3-0177-4ddc-8827-0fc82248906e/file_downloaded
Dataset_01_jtttfbx342,healthy_(113).jpg,original,Healthy_Leaf,d1519e26-8018-4bbe-aa05-9e13a6bbaa78,b51f295ee6e2421aeaf747f547d8cd6f522c4c8e4bfccad4e9ec4339ef98c3c8,b51f295ee6e2421aeaf747f547d8cd6f522c4c8e4bfccad4e9ec4339ef98c3c8,YES,077fc7010083ffff,4684368,2024-12-30T20:21:16.679Z,SUCCESS,D:\curuma\turmeric_datasets\dataset_01\original\Healthy_Leaf\healthy_(113).jpg,https://data.mendeley.com/public-files/datasets/jtttfbx342/files/63892ef8-d5c0-4c12-90de-17872aa6ae91/file_downloaded
Dataset_01_jtttfbx342,healthy_(115).jpg,original,Healthy_Leaf,d1519e26-8018-4bbe-aa05-9e13a6bbaa78,2deacebd6d75c5db4f727589ad4c04e85382111fb86cd848a31058e598608442,2deacebd6d75c5db4f727589ad4c04e85382111fb86cd848a31058e598608442,YES,00e7000081ffffff,4172805,2024-12-30T20:21:17.667Z,SUCCESS,D:\curuma\turmeric_datasets\dataset_01\original\Healthy_Leaf\healthy_(115).jpg,https://data.mendeley.com/public-files/datasets/jtttfbx342/files/84dcc200-744f-4b91-84a5-9f69a2d42dc8/file_downloaded
Dataset_01_jtttfbx342,healthy_(116).jpg,original,Healthy_Leaf,d1519e26-8018-4bbe-aa05-9e13a6bbaa78,cc10a9707c7c4169a5737b850cea674b1e7a8b25d4e4e6da3cb25ec472b73c6a,cc10a9707c7c4169a5737b850cea674b1e7a8b25d4e4e6da3cb25ec472b73c6a,YES,007f810081ffffff,4069735,2024-12-30T20:21:18.518Z,SUCCESS,D:\curuma\turmeric_datasets\dataset_01\original\Healthy_Leaf\healthy_(116).jpg,https://data.mendeley.com/public-files/datasets/jtttfbx342/files/f48c30cd-4530-42da-b956-d1773b2462d3/file_downloaded
Dataset_01_jtttfbx342,healthy_(117).jpg,original,Healthy_Leaf,d1519e26-8018-4bbe-aa05-9e13a6bbaa78,e0ec93a229e93c28d85dbfb9d73029775ac4e117e96b9a9a24137a8b5553b15e,e0ec93a229e93c28d85dbfb9d73029775ac4e117e96b9a9a24137a8b5553b15e,YES,01ff80018fffffff,3813694,2024-12-30T20:21:19.271Z,SUCCESS,D:\curuma\turmeric_datasets\dataset_01\original\Healthy_Leaf\healthy_(117).jpg,https://data.mendeley.com/public-files/datasets/jtttfbx342/files/35aecf7b-6deb-47dd-b0c0-ecb4cd8fb977/file_downloaded
Dataset_01_jtttfbx342,healthy_(118).jpg,original,Healthy_Leaf,d1519e26-8018-4bbe-aa05-9e13a6bbaa78,9b06debf211feae1dd25248be575be68f68e4622822ff36a8674214dec110f48,9b06debf211feae1dd25248be575be68f68e4622822ff36a8674214dec110f48,YES,1f7fc10001cfffff,4024276,2024-12-30T20:21:20.463Z,SUCCESS,D:\curuma\turmeric_datasets\dataset_01\original\Healthy_Leaf\healthy_(118).jpg,https://data.mendeley.com/public-files/datasets/jtttfbx342/files/c4ef7396-6afa-4861-85c4-ae48ed9ac799/file_downloaded
Dataset_01_jtttfbx342,healthy_(119).jpg,original,Healthy_Leaf,d1519e26-8018-4bbe-aa05-9e13a6bbaa78,64faa2c8f08063f49c2c9e66f59f2f73c4a5f697d8711aa9db29ff0263c03c87,64faa2c8f08063f49c2c9e66f59f2f73c4a5f697d8711aa9db29ff0263c03c87,YES,f0ff830080f7ffff,3946391,2024-12-30T20:21:20.95Z,SUCCESS,D:\curuma\turmeric_datasets\dataset_01\original\Healthy_Leaf\healthy_(119).jpg,https://data.mendeley.com/public-files/datasets/jtttfbx342/files/e89dbe9e-3a28-4bc5-b175-3900c80698e2/file_downloaded
Dataset_01_jtttfbx342,healthy_(12).jpg,original,Healthy_Leaf,d1519e26-8018-4bbe-aa05-9e13a6bbaa78,e051048ac4432d0024ccbf8b1c7c5f49498ab9a7250a9da1003b966d26a8a7d3,e051048ac4432d0024ccbf8b1c7c5f49498ab9a7250a9da1003b966d26a8a7d3,YES,ffffc70081c7ffef,3980302,2024-12-30T20:21:21.988Z,SUCCESS,D:\curuma\turmeric_datasets\dataset_01\original\Healthy_Leaf\healthy_(12).jpg,https://data.mendeley.com/public-files/datasets/jtttfbx342/files/c8596f41-1123-4181-9c45-7d8ef7f061d6/file_downloaded
Dataset_01_jtttfbx342,healthy_(120).jpg,original,Healthy_Leaf,d1519e26-8018-4bbe-aa05-9e13a6bbaa78,8463bdc6ff58fa94e1b0068c92469b061396b79384485119b565eb3e228d3de8,8463bdc6ff58fa94e1b0068c92469b061396b79384485119b565eb3e228d3de8,YES,07f70000e7ffffff,3933344,2024-12-30T20:21:22.107Z,SUCCESS,D:\curuma\turmeric_datasets\dataset_01\original\Healthy_Leaf\healthy_(120).jpg,https://data.mendeley.com/public-files/datasets/jtttfbx342/files/9bf98393-c586-4a05-875f-37bf724bafe3/file_downloaded
Dataset_01_jtttfbx342,healthy_(121).jpg,original,Healthy_Leaf,d1519e26-8018-4bbe-aa05-9e13a6bbaa78,5ea3f7f9398d31eb2f336f3252175fc19bd65025a042d003f5cab84561cc971b,5ea3f7f9398d31eb2f336f3252175fc19bd65025a042d003f5cab84561cc971b,YES,011fff8100e3ffff,3870055,2024-12-30T20:21:22.506Z,SUCCESS,D:\curuma\turmeric_datasets\dataset_01\original\Healthy_Leaf\healthy_(121).jpg,https://data.mendeley.com/public-files/datasets/jtttfbx342/files/8e7ff5eb-e208-4d99-b1ce-a2d4f813ac6c/file_downloaded
Dataset_01_jtttfbx342,healthy_(122).jpg,original,Healthy_Leaf,d1519e26-8018-4bbe-aa05-9e13a6bbaa78,cd9298588e79f3efe3c7158f94b13d843f84ee3a15cbb551ed39734ee407077b,cd9298588e79f3efe3c7158f94b13d843f84ee3a15cbb551ed39734ee407077b,YES,01ff030081c7ffff,3894699,2024-12-30T20:21:23.273Z,SUCCESS,D:\curuma\turmeric_datasets\dataset_01\original\Healthy_Leaf\healthy_(122).jpg,https://data.mendeley.com/public-files/datasets/jtttfbx342/files/4d72ae09-c3e1-4b04-a333-040514c751a2/file_downloaded
Dataset_01_jtttfbx342,healthy_(123).jpg,original,Healthy_Leaf,d1519e26-8018-4bbe-aa05-9e13a6bbaa78,5a9271f7e9c65268e01c636ff86f51b9712a859767318ecdeb3604fc717b0251,5a9271f7e9c65268e01c636ff86f51b9712a859767318ecdeb3604fc717b0251,YES,1f7fc7830183e7ff,4532213,2024-12-30T20:21:24.118Z,SUCCESS,D:\curuma\turmeric_datasets\dataset_01\original\Healthy_Leaf\healthy_(123).jpg,https://data.mendeley.com/public-files/datasets/jtttfbx342/files/7d957864-ed47-495e-bc44-2c8e7e8ccb24/file_downloaded
Dataset_01_jtttfbx342,healthy_(124).jpg,original,Healthy_Leaf,d1519e26-8018-4bbe-aa05-9e13a6bbaa78,12d6751e3a3ce3c096d3a266dc6bdfd8dace0283d60e062d0f559f9501764b5e,12d6751e3a3ce3c096d3a266dc6bdfd8dace0283d60e062d0f559f9501764b5e,YES,ffffc38180c1ffff,4510203,2024-12-30T20:21:25.143Z,SUCCESS,D:\curuma\turmeric_datasets\dataset_01\original\Healthy_Leaf\healthy_(124).jpg,https://data.mendeley.com/public-files/datasets/jtttfbx342/files/f55df97b-bb6c-4075-88a3-a424cdef8dfc/file_downloaded
Dataset_01_jtttfbx342,healthy_(125).jpg,original,Healthy_Leaf,d1519e26-8018-4bbe-aa05-9e13a6bbaa78,af5d1b416cd6738923b261e5ddb279c4b0ee62de49c323a94750ca1efc2a0dd6,af5d1b416cd6738923b261e5ddb279c4b0ee62de49c323a94750ca1efc2a0dd6,YES,00ef810081ffffff,4051359,2024-12-30T20:21:25.221Z,SUCCESS,D:\curuma\turmeric_datasets\dataset_01\original\Healthy_Leaf\healthy_(125).jpg,https://data.mendeley.com/public-files/datasets/jtttfbx342/files/0e492183-d1cb-43be-b65f-095b1c38c137/file_downloaded
Dataset_01_jtttfbx342,healthy_(126).jpg,original,Healthy_Leaf,d1519e26-8018-4bbe-aa05-9e13a6bbaa78,95d1b9ae57f91e4e1b15e4d625259f635af807cbd7f535b4628254149f42ebf8,95d1b9ae57f91e4e1b15e4d625259f635af807cbd7f535b4628254149f42ebf8,YES,3fffc30101c3ffff,3930550,2024-12-30T20:21:25.756Z,SUCCESS,D:\curuma\turmeric_datasets\dataset_01\original\Healthy_Leaf\healthy_(126).jpg,https://data.mendeley.com/public-files/datasets/jtttfbx342/files/fa047dfb-4cdf-4571-a812-76dc91a0d5a6/file_downloaded
Dataset_01_jtttfbx342,healthy_(127).jpg,original,Healthy_Leaf,d1519e26-8018-4bbe-aa05-9e13a6bbaa78,950eeb23765b0fee321cfc1085327e62518e2fc745a447fdc85f7e01f60a1cb0,950eeb23765b0fee321cfc1085327e62518e2fc745a447fdc85f7e01f60a1cb0,YES,01ff830001ffffff,4569465,2024-12-30T20:21:27.773Z,SUCCESS,D:\curuma\turmeric_datasets\dataset_01\original\Healthy_Leaf\healthy_(127).jpg,https://data.mendeley.com/public-files/datasets/jtttfbx342/files/680ca4e5-f6ad-42b8-b558-e530d1935049/file_downloaded
Dataset_01_jtttfbx342,healthy_(128).jpg,original,Healthy_Leaf,d1519e26-8018-4bbe-aa05-9e13a6bbaa78,dbe1db8feff41ece3cddfc4ac04e1f5e9ad2e6dc3cccef30a2552e938855becf,dbe1db8feff41ece3cddfc4ac04e1f5e9ad2e6dc3cccef30a2552e938855becf,YES,f8ffe78000c1ffff,4283148,2024-12-30T20:21:27.961Z,SUCCESS,D:\curuma\turmeric_datasets\dataset_01\original\Healthy_Leaf\healthy_(128).jpg,https://data.mendeley.com/public-files/datasets/jtttfbx342/files/b73664c1-a0b0-4ad2-8020-b27b4fe3f077/file_downloaded
Dataset_01_jtttfbx342,healthy_(129).jpg,original,Healthy_Leaf,d1519e26-8018-4bbe-aa05-9e13a6bbaa78,27b6a9fa905137c7111b51e4b568f9231a8946f28f024766728b49b89b65f5e7,27b6a9fa905137c7111b51e4b568f9231a8946f28f024766728b49b89b65f5e7,YES,0f7fc7810183ffff,4193835,2024-12-30T20:21:29.23Z,SUCCESS,D:\curuma\turmeric_datasets\dataset_01\original\Healthy_Leaf\healthy_(129).jpg,https://data.mendeley.com/public-files/datasets/jtttfbx342/files/1b669800-3c51-4b30-9357-e93e2f7e6479/file_downloaded
Dataset_01_jtttfbx342,healthy_(13).jpg,original,Healthy_Leaf,d1519e26-8018-4bbe-aa05-9e13a6bbaa78,483637f103732c9ac867946cdb98aa2bf86bdbc4fcdccf37b50303e3c4ef5ee4,483637f103732c9ac867946cdb98aa2bf86bdbc4fcdccf37b50303e3c4ef5ee4,YES,ffff830080e3ffff,4037228,2024-12-30T20:21:29.201Z,SUCCESS,D:\curuma\turmeric_datasets\dataset_01\original\Healthy_Leaf\healthy_(13).jpg,https://data.mendeley.com/public-files/datasets/jtttfbx342/files/f27b6165-650d-46d7-affa-7a641ca47f08/file_downloaded
Dataset_01_jtttfbx342,healthy_(130).jpg,original,Healthy_Leaf,d1519e26-8018-4bbe-aa05-9e13a6bbaa78,c45bee7b2f828e487dff38a4b55b52f98bd69b6c1149245151f0462bd294c735,c45bee7b2f828e487dff38a4b55b52f98bd69b6c1149245151f0462bd294c735,YES,1fff8100c1ffffff,4121027,2024-12-30T20:21:29.39Z,SUCCESS,D:\curuma\turmeric_datasets\dataset_01\original\Healthy_Leaf\healthy_(130).jpg,https://data.mendeley.com/public-files/datasets/jtttfbx342/files/d42bcd7c-71bf-4807-8543-4b7c815d4e66/file_downloaded
Dataset_01_jtttfbx342,healthy_(131).jpg,original,Healthy_Leaf,d1519e26-8018-4bbe-aa05-9e13a6bbaa78,9ffa83e6c3fcff64511e23769cf0eb9b90ffcfa0bc886e449421bdabfbf8c291,9ffa83e6c3fcff64511e23769cf0eb9b90ffcfa0bc886e449421bdabfbf8c291,YES,3fffc70181c3ffff,4114524,2024-12-30T20:21:29.961Z,SUCCESS,D:\curuma\turmeric_datasets\dataset_01\original\Healthy_Leaf\healthy_(131).jpg,https://data.mendeley.com/public-files/datasets/jtttfbx342/files/150a15a8-d761-4eae-97a3-14f5a0dffc8a/file_downloaded
Dataset_01_jtttfbx342,healthy_(132).jpg,original,Healthy_Leaf,d1519e26-8018-4bbe-aa05-9e13a6bbaa78,3cafa0407dc40d9495211617359496804ff3e819c19e79e1ef7027fe2782cda3,3cafa0407dc40d9495211617359496804ff3e819c19e79e1ef7027fe2782cda3,YES,03ff830081ffffff,4129647,2024-12-30T20:21:30.616Z,SUCCESS,D:\curuma\turmeric_datasets\dataset_01\original\Healthy_Leaf\healthy_(132).jpg,https://data.mendeley.com/public-files/datasets/jtttfbx342/files/d7be0f3b-7e7e-4fc3-878d-326b7c6047c8/file_downloaded
Dataset_01_jtttfbx342,healthy_(133).jpg,original,Healthy_Leaf,d1519e26-8018-4bbe-aa05-9e13a6bbaa78,570c7aa4e7cbb00998c87bc0b1b04a7f5b457e3791d509ff23b4f20a138b0722,570c7aa4e7cbb00998c87bc0b1b04a7f5b457e3791d509ff23b4f20a138b0722,YES,1f7fdf000183ffff,4576105,2024-12-30T20:21:31.967Z,SUCCESS,D:\curuma\turmeric_datasets\dataset_01\original\Healthy_Leaf\healthy_(133).jpg,https://data.mendeley.com/public-files/datasets/jtttfbx342/files/f85d0e0b-2f45-423a-a874-b5ca3ef40b59/file_downloaded
Dataset_01_jtttfbx342,healthy_(134).jpg,original,Healthy_Leaf,d1519e26-8018-4bbe-aa05-9e13a6bbaa78,eb13c3c1e8e734e1bf36aa35b27dda0a0a59d1bbc91c8e0b99b402dcf59fe67a,eb13c3c1e8e734e1bf36aa35b27dda0a0a59d1bbc91c8e0b99b402dcf59fe67a,YES,ff030180c0ffffff,4638606,2024-12-30T20:21:32.004Z,SUCCESS,D:\curuma\turmeric_datasets\dataset_01\original\Healthy_Leaf\healthy_(134).jpg,https://data.mendeley.com/public-files/datasets/jtttfbx342/files/5f78b523-23f3-43ac-88fa-21fdf12d628a/file_downloaded
Dataset_01_jtttfbx342,healthy_(136).jpg,original,Healthy_Leaf,d1519e26-8018-4bbe-aa05-9e13a6bbaa78,f899e5d50bc3b9c85a4671311cc3362bbefe5e232c17e28e08f20642d5b8b1bd,f899e5d50bc3b9c85a4671311cc3362bbefe5e232c17e28e08f20642d5b8b1bd,YES,077fcf0381c3ffff,3871907,2024-12-30T20:21:33.148Z,SUCCESS,D:\curuma\turmeric_datasets\dataset_01\original\Healthy_Leaf\healthy_(136).jpg,https://data.mendeley.com/public-files/datasets/jtttfbx342/files/886cfd35-44c8-4efa-a6ad-c2b7f550cf2e/file_downloaded
Dataset_01_jtttfbx342,healthy_(135).jpg,original,Healthy_Leaf,d1519e26-8018-4bbe-aa05-9e13a6bbaa78,223af929f2b70f1ddd2ae9fa421e3184db69e3f0f75b48784103e0023c46e458,223af929f2b70f1ddd2ae9fa421e3184db69e3f0f75b48784103e0023c46e458,YES,1fe3010183ffffff,4185675,2024-12-30T20:21:31.93Z,SUCCESS,D:\curuma\turmeric_datasets\dataset_01\original\Healthy_Leaf\healthy_(135).jpg,https://data.mendeley.com/public-files/datasets/jtttfbx342/files/7e8dadff-8b6c-412b-8d84-2347e26114e3/file_downloaded
Dataset_01_jtttfbx342,healthy_(137).jpg,original,Healthy_Leaf,d1519e26-8018-4bbe-aa05-9e13a6bbaa78,dd2eeb72064a5fab320a5c6565d23e551009dcfb04bacf5a93ca01ce1e29d843,dd2eeb72064a5fab320a5c6565d23e551009dcfb04bacf5a93ca01ce1e29d843,YES,3fe3810083ffffff,4195626,2024-12-30T20:21:33.569Z,SUCCESS,D:\curuma\turmeric_datasets\dataset_01\original\Healthy_Leaf\healthy_(137).jpg,https://data.mendeley.com/public-files/datasets/jtttfbx342/files/510627b8-e082-49e3-a14d-5aa528b87aa4/file_downloaded
Dataset_01_jtttfbx342,healthy_(138).jpg,original,Healthy_Leaf,d1519e26-8018-4bbe-aa05-9e13a6bbaa78,81741eb6a8b5c631cc7846d049f656fc3b8498b95715d38a8d86d432afd3af83,81741eb6a8b5c631cc7846d049f656fc3b8498b95715d38a8d86d432afd3af83,YES,ffffc18101c3ffff,4009455,2024-12-30T20:21:34.881Z,SUCCESS,D:\curuma\turmeric_datasets\dataset_01\original\Healthy_Leaf\healthy_(138).jpg,https://data.mendeley.com/public-files/datasets/jtttfbx342/files/fcb14faf-cc11-445e-8467-8378c3d943e8/file_downloaded
Dataset_01_jtttfbx342,healthy_(139).jpg,original,Healthy_Leaf,d1519e26-8018-4bbe-aa05-9e13a6bbaa78,b297d271b5073f94ac4b04d481496aff50ce1ca78d2d3bc21c5c912f24faefdd,b297d271b5073f94ac4b04d481496aff50ce1ca78d2d3bc21c5c912f24faefdd,YES,1f7fcf010387ffff,4026785,2024-12-30T20:21:34.911Z,SUCCESS,D:\curuma\turmeric_datasets\dataset_01\original\Healthy_Leaf\healthy_(139).jpg,https://data.mendeley.com/public-files/datasets/jtttfbx342/files/509e9b73-195b-4d92-9829-40960bbc3203/file_downloaded
Dataset_01_jtttfbx342,healthy_(14).jpg,original,Healthy_Leaf,d1519e26-8018-4bbe-aa05-9e13a6bbaa78,2c6d076e10f35f9b002867f5d9f3b72f004981777f885922343be24245b276c9,2c6d076e10f35f9b002867f5d9f3b72f004981777f885922343be24245b276c9,YES,ffff810083fffff4,3697693,2024-12-30T20:21:34.816Z,SUCCESS,D:\curuma\turmeric_datasets\dataset_01\original\Healthy_Leaf\healthy_(14).jpg,https://data.mendeley.com/public-files/datasets/jtttfbx342/files/31d04c4e-aab6-47f6-ac88-d25bb6e6d08c/file_downloaded
Dataset_01_jtttfbx342,healthy_(140).jpg,original,Healthy_Leaf,d1519e26-8018-4bbe-aa05-9e13a6bbaa78,0a5ee44f6ca7e450cdffd7f1d898ced9cc890738e7e7fd2c1fc98e84b82197df,0a5ee44f6ca7e450cdffd7f1d898ced9cc890738e7e7fd2c1fc98e84b82197df,YES,1fe7810083ffffff,4741925,2024-12-30T20:21:35.57Z,SUCCESS,D:\curuma\turmeric_datasets\dataset_01\original\Healthy_Leaf\healthy_(140).jpg,https://data.mendeley.com/public-files/datasets/jtttfbx342/files/4d34e126-2b2a-47aa-837a-8084a6226fa1/file_downloaded
Dataset_01_jtttfbx342,healthy_(141).jpg,original,Healthy_Leaf,d1519e26-8018-4bbe-aa05-9e13a6bbaa78,2194ea06c736187a9dc2fb4a1e413a0f48e520b97ea06f049a4332bc00de314e,2194ea06c736187a9dc2fb4a1e413a0f48e520b97ea06f049a4332bc00de314e,YES,1fffe7810183ffff,4050786,2024-12-30T20:21:35.525Z,SUCCESS,D:\curuma\turmeric_datasets\dataset_01\original\Healthy_Leaf\healthy_(141).jpg,https://data.mendeley.com/public-files/datasets/jtttfbx342/files/aea41977-493c-475b-967e-c094c831e506/file_downloaded
Dataset_01_jtttfbx342,healthy_(142).jpg,original,Healthy_Leaf,d1519e26-8018-4bbe-aa05-9e13a6bbaa78,2892b571d4a04c34ef36dfdc1277229dba3829be1076ffbf7afc6859b2cade39,2892b571d4a04c34ef36dfdc1277229dba3829be1076ffbf7afc6859b2cade39,YES,03ff030081ffffff,4633442,2024-12-30T20:21:36.793Z,SUCCESS,D:\curuma\turmeric_datasets\dataset_01\original\Healthy_Leaf\healthy_(142).jpg,https://data.mendeley.com/public-files/datasets/jtttfbx342/files/3d0edc13-761b-4825-8f66-7b018773d376/file_downloaded
Dataset_01_jtttfbx342,healthy_(143).jpg,original,Healthy_Leaf,d1519e26-8018-4bbe-aa05-9e13a6bbaa78,ae7eda05b72a0ec8f2f4238bd8174571d8af8f46a88e3ab3980a8b5c3569db79,ae7eda05b72a0ec8f2f4238bd8174571d8af8f46a88e3ab3980a8b5c3569db79,YES,fcff070180e1ffff,4513570,2024-12-30T20:21:36.706Z,SUCCESS,D:\curuma\turmeric_datasets\dataset_01\original\Healthy_Leaf\healthy_(143).jpg,https://data.mendeley.com/public-files/datasets/jtttfbx342/files/56a2d494-4736-402c-b5d9-adcce444c4e5/file_downloaded
Dataset_01_jtttfbx342,healthy_(144).jpg,original,Healthy_Leaf,d1519e26-8018-4bbe-aa05-9e13a6bbaa78,15c921a9e16fb61865eccf0e1b5de209fb1a1ae37b0d6c938f0da238974cefc0,15c921a9e16fb61865eccf0e1b5de209fb1a1ae37b0d6c938f0da238974cefc0,YES,0f3fff870183ffff,4511134,2024-12-30T20:21:36.735Z,SUCCESS,D:\curuma\turmeric_datasets\dataset_01\original\Healthy_Leaf\healthy_(144).jpg,https://data.mendeley.com/public-files/datasets/jtttfbx342/files/639a6c94-ce73-4bc3-a627-a9a33c775ccc/file_downloaded
Dataset_01_jtttfbx342,healthy_(145).jpg,original,Healthy_Leaf,d1519e26-8018-4bbe-aa05-9e13a6bbaa78,5d5b417c885a29014c8d1fa1d58bb60005a4f7a6ea10c0b5cf83470d07e61ff9,5d5b417c885a29014c8d1fa1d58bb60005a4f7a6ea10c0b5cf83470d07e61ff9,YES,0f3fff8f0183ffff,3101195,2024-12-30T20:21:36.558Z,SUCCESS,D:\curuma\turmeric_datasets\dataset_01\original\Healthy_Leaf\healthy_(145).jpg,https://data.mendeley.com/public-files/datasets/jtttfbx342/files/4d538920-d922-4ba0-85c1-ce6460acbf5c/file_downloaded
Dataset_01_jtttfbx342,healthy_(146).jpg,original,Healthy_Leaf,d1519e26-8018-4bbe-aa05-9e13a6bbaa78,325211c2e5da3ca2680842376e6cae4af6f3eb58b364d3ef62fd87c14c22f6fe,325211c2e5da3ca2680842376e6cae4af6f3eb58b364d3ef62fd87c14c22f6fe,YES,01ff810081ffffff,4705625,2024-12-30T20:21:38.188Z,SUCCESS,D:\curuma\turmeric_datasets\dataset_01\original\Healthy_Leaf\healthy_(146).jpg,https://data.mendeley.com/public-files/datasets/jtttfbx342/files/ac44016a-dbac-4bfc-b103-f1169f1d5765/file_downloaded
Dataset_01_jtttfbx342,healthy_(147).jpg,original,Healthy_Leaf,d1519e26-8018-4bbe-aa05-9e13a6bbaa78,0cb81c4dab02e3187bff8a32d22fd512071a228f552b626d3b6ac2bd9869387d,0cb81c4dab02e3187bff8a32d22fd512071a228f552b626d3b6ac2bd9869387d,YES,0fffff0101c3ffff,4519455,2024-12-30T20:21:39.623Z,SUCCESS,D:\curuma\turmeric_datasets\dataset_01\original\Healthy_Leaf\healthy_(147).jpg,https://data.mendeley.com/public-files/datasets/jtttfbx342/files/9ed6429c-76b3-4676-8f29-92d3cff2569d/file_downloaded
Dataset_01_jtttfbx342,healthy_(148).jpg,original,Healthy_Leaf,d1519e26-8018-4bbe-aa05-9e13a6bbaa78,d28990343fefd1c4fed9fb50d3afca044d1ddfa7ea63b4c632d76edda075d347,d28990343fefd1c4fed9fb50d3afca044d1ddfa7ea63b4c632d76edda075d347,YES,00ff830183ffffff,4289307,2024-12-30T20:21:39.504Z,SUCCESS,D:\curuma\turmeric_datasets\dataset_01\original\Healthy_Leaf\healthy_(148).jpg,https://data.mendeley.com/public-files/datasets/jtttfbx342/files/837556d0-6c80-474b-9cb7-fb403954920b/file_downloaded
Dataset_01_jtttfbx342,healthy_(149).jpg,original,Healthy_Leaf,d1519e26-8018-4bbe-aa05-9e13a6bbaa78,9c1bd7e421e33966c0ead3152612530ef1c094003e82f221b54ee8f2985f456d,9c1bd7e421e33966c0ead3152612530ef1c094003e82f221b54ee8f2985f456d,YES,f8ff8781c1e1ffff,4319971,2024-12-30T20:21:39.595Z,SUCCESS,D:\curuma\turmeric_datasets\dataset_01\original\Healthy_Leaf\healthy_(149).jpg,https://data.mendeley.com/public-files/datasets/jtttfbx342/files/31c5af9e-6c36-407d-8540-ad69e1a526d0/file_downloaded
Dataset_01_jtttfbx342,healthy_(15).jpg,original,Healthy_Leaf,d1519e26-8018-4bbe-aa05-9e13a6bbaa78,b772cb8536f15989fd57ad959d429c806ffcd81aa150a32a2966725890effbce,b772cb8536f15989fd57ad959d429c806ffcd81aa150a32a2966725890effbce,YES,ffffff8181c37fc0,3935235,2024-12-30T20:21:40.102Z,SUCCESS,D:\curuma\turmeric_datasets\dataset_01\original\Healthy_Leaf\healthy_(15).jpg,https://data.mendeley.com/public-files/datasets/jtttfbx342/files/879c8dcb-3ba9-4660-8dbb-e3aef58c4668/file_downloaded
Dataset_01_jtttfbx342,healthy_(151).jpg,original,Healthy_Leaf,d1519e26-8018-4bbe-aa05-9e13a6bbaa78,c98f8054f65fa0beef7d139d02633727688e50a228abc129e1cabfafbe2f0178,c98f8054f65fa0beef7d139d02633727688e50a228abc129e1cabfafbe2f0178,YES,00ffc101c3ffffff,4242528,2024-12-30T20:21:41.068Z,SUCCESS,D:\curuma\turmeric_datasets\dataset_01\original\Healthy_Leaf\healthy_(151).jpg,https://data.mendeley.com/public-files/datasets/jtttfbx342/files/a7389111-f990-40df-974f-f724f32751a6/file_downloaded
Dataset_01_jtttfbx342,healthy_(150).jpg,original,Healthy_Leaf,d1519e26-8018-4bbe-aa05-9e13a6bbaa78,0aeb19fb8756e54b53be73c63657509defc7474623b50f789db99f0c905e10ba,0aeb19fb8756e54b53be73c63657509defc7474623b50f789db99f0c905e10ba,YES,0f3fff8f0387ffff,4027505,2024-12-30T20:21:40.131Z,SUCCESS,D:\curuma\turmeric_datasets\dataset_01\original\Healthy_Leaf\healthy_(150).jpg,https://data.mendeley.com/public-files/datasets/jtttfbx342/files/4ef58d68-22ba-4c4e-9994-1c71f28a05d3/file_downloaded
Dataset_01_jtttfbx342,healthy_(152).jpg,original,Healthy_Leaf,d1519e26-8018-4bbe-aa05-9e13a6bbaa78,231d77d88b18ff9cd98193a762bc1651435662e6c6aa15f0f53b7853e248bac8,231d77d88b18ff9cd98193a762bc1651435662e6c6aa15f0f53b7853e248bac8,YES,077fff8381c3ffff,4525120,2024-12-30T20:21:41.434Z,SUCCESS,D:\curuma\turmeric_datasets\dataset_01\original\Healthy_Leaf\healthy_(152).jpg,https://data.mendeley.com/public-files/datasets/jtttfbx342/files/0bd2438c-8a90-447b-af20-b8d8d8e0ce19/file_downloaded
Dataset_01_jtttfbx342,healthy_(154).jpg,original,Healthy_Leaf,d1519e26-8018-4bbe-aa05-9e13a6bbaa78,21c88807d664cb320c0302f131bd93089865203bdbaf97660368afbaa8ecd00e,21c88807d664cb320c0302f131bd93089865203bdbaf97660368afbaa8ecd00e,YES,1f7fff070187ffff,4385512,2024-12-30T20:21:41.405Z,SUCCESS,D:\curuma\turmeric_datasets\dataset_01\original\Healthy_Leaf\healthy_(154).jpg,https://data.mendeley.com/public-files/datasets/jtttfbx342/files/d96fa094-3121-4f09-991c-0460ab2d393e/file_downloaded
Dataset_01_jtttfbx342,healthy_(153).jpg,original,Healthy_Leaf,d1519e26-8018-4bbe-aa05-9e13a6bbaa78,f88b7086b85e418e5b900bc43d7e7bc1f22d09ba4d34a12a734567c6df854610,f88b7086b85e418e5b900bc43d7e7bc1f22d09ba4d34a12a734567c6df854610,YES,01ff0300c3ffffff,4296868,2024-12-30T20:21:41.378Z,SUCCESS,D:\curuma\turmeric_datasets\dataset_01\original\Healthy_Leaf\healthy_(153).jpg,https://data.mendeley.com/public-files/datasets/jtttfbx342/files/934c5ae9-5c38-4915-9cb6-abe5c60b4a31/file_downloaded
Dataset_01_jtttfbx342,healthy_(155).jpg,original,Healthy_Leaf,d1519e26-8018-4bbe-aa05-9e13a6bbaa78,893b23274576dd0cc2521173547c7cc610b614fd03d119f45a7848b174e5fc27,893b23274576dd0cc2521173547c7cc610b614fd03d119f45a7848b174e5fc27,YES,f8ffc38181e3ffff,3860147,2024-12-30T20:21:41.824Z,SUCCESS,D:\curuma\turmeric_datasets\dataset_01\original\Healthy_Leaf\healthy_(155).jpg,https://data.mendeley.com/public-files/datasets/jtttfbx342/files/086895d9-438a-49bb-8b76-514885a15b79/file_downloaded
Dataset_01_jtttfbx342,healthy_(156).jpg,original,Healthy_Leaf,d1519e26-8018-4bbe-aa05-9e13a6bbaa78,c10f80aa48fcc0f7b7e196f619e0fb77cdeac1b84cfc190ccb1dbe396fe70135,c10f80aa48fcc0f7b7e196f619e0fb77cdeac1b84cfc190ccb1dbe396fe70135,YES,00ff0101ffffffff,4404510,2024-12-30T20:21:44.136Z,SUCCESS,D:\curuma\turmeric_datasets\dataset_01\original\Healthy_Leaf\healthy_(156).jpg,https://data.mendeley.com/public-files/datasets/jtttfbx342/files/7cd77c88-63d0-471c-b7be-d793bca220c0/file_downloaded
Dataset_01_jtttfbx342,healthy_(157).jpg,original,Healthy_Leaf,d1519e26-8018-4bbe-aa05-9e13a6bbaa78,e1f4f2fbfbd41b35476b1b7d77dda1f9301fe501d772ea25cac636732f31f126,e1f4f2fbfbd41b35476b1b7d77dda1f9301fe501d772ea25cac636732f31f126,YES,1f7fef8181efffff,4531072,2024-12-30T20:21:45.139Z,SUCCESS,D:\curuma\turmeric_datasets\dataset_01\original\Healthy_Leaf\healthy_(157).jpg,https://data.mendeley.com/public-files/datasets/jtttfbx342/files/40c9d962-d397-453f-a066-1c5ba3ea33fb/file_downloaded
Dataset_01_jtttfbx342,healthy_(158).jpg,original,Healthy_Leaf,d1519e26-8018-4bbe-aa05-9e13a6bbaa78,3da59b319efc612265ac440cb3b4493fe47d78f5e486dfd076eb261a7dfb0a45,3da59b319efc612265ac440cb3b4493fe47d78f5e486dfd076eb261a7dfb0a45,YES,00ffc30081ffffff,4667476,2024-12-30T20:21:45.653Z,SUCCESS,D:\curuma\turmeric_datasets\dataset_01\original\Healthy_Leaf\healthy_(158).jpg,https://data.mendeley.com/public-files/datasets/jtttfbx342/files/b7ad7383-7010-4f6e-a359-9ce9407b99d1/file_downloaded
Dataset_01_jtttfbx342,healthy_(159).jpg,original,Healthy_Leaf,d1519e26-8018-4bbe-aa05-9e13a6bbaa78,b5500c265b6890c3375337c000ae000f23a5590064362023ee1d445c9c18999a,b5500c265b6890c3375337c000ae000f23a5590064362023ee1d445c9c18999a,YES,feffc30080c1ffff,4820991,2024-12-30T20:21:46.271Z,SUCCESS,D:\curuma\turmeric_datasets\dataset_01\original\Healthy_Leaf\healthy_(159).jpg,https://data.mendeley.com/public-files/datasets/jtttfbx342/files/ab01cbc7-aba5-4c10-a42f-bfce4aa288e4/file_downloaded
Dataset_01_jtttfbx342,healthy_(16).jpg,original,Healthy_Leaf,d1519e26-8018-4bbe-aa05-9e13a6bbaa78,76ab8daf58d8db48149c3f6c4acaa48dd1f008532d5ce2e554e216b10ad580f2,76ab8daf58d8db48149c3f6c4acaa48dd1f008532d5ce2e554e216b10ad580f2,YES,ffffe10001fffde0,3858577,2024-12-30T20:21:44.33Z,SUCCESS,D:\curuma\turmeric_datasets\dataset_01\original\Healthy_Leaf\healthy_(16).jpg,https://data.mendeley.com/public-files/datasets/jtttfbx342/files/fb30d1a3-380a-4c7a-85b2-f2d6f15f9128/file_downloaded
Dataset_01_jtttfbx342,healthy_(160).jpg,original,Healthy_Leaf,d1519e26-8018-4bbe-aa05-9e13a6bbaa78,5bf1e45fd6c41f5f7563fb57e32d2bda0b28a51c83ad2dddeb31f10c6f5eba5c,5bf1e45fd6c41f5f7563fb57e32d2bda0b28a51c83ad2dddeb31f10c6f5eba5c,YES,1f7fcf030187ffff,4457425,2024-12-30T20:21:47.798Z,SUCCESS,D:\curuma\turmeric_datasets\dataset_01\original\Healthy_Leaf\healthy_(160).jpg,https://data.mendeley.com/public-files/datasets/jtttfbx342/files/53eca956-7941-4680-ab7a-1828d6ca7e89/file_downloaded
Dataset_01_jtttfbx342,healthy_(161).jpg,original,Healthy_Leaf,d1519e26-8018-4bbe-aa05-9e13a6bbaa78,99a4bfb91291507475732c0276949b8f0e8429e41c44ad2d97b48d4fe8664f8d,99a4bfb91291507475732c0276949b8f0e8429e41c44ad2d97b48d4fe8664f8d,YES,00ffc10083ffffff,4406474,2024-12-30T20:21:48.526Z,SUCCESS,D:\curuma\turmeric_datasets\dataset_01\original\Healthy_Leaf\healthy_(161).jpg,https://data.mendeley.com/public-files/datasets/jtttfbx342/files/bf3efb1a-7e5b-4280-ae99-8cbdbcecf584/file_downloaded
Dataset_01_jtttfbx342,healthy_(162).jpg,original,Healthy_Leaf,d1519e26-8018-4bbe-aa05-9e13a6bbaa78,6d1bd377beb930c08e8db239f7bde9f2537c5c828d7678e3fe888c9662664197,6d1bd377beb930c08e8db239f7bde9f2537c5c828d7678e3fe888c9662664197,YES,3fffc78100c3ffff,4443378,2024-12-30T20:21:48.569Z,SUCCESS,D:\curuma\turmeric_datasets\dataset_01\original\Healthy_Leaf\healthy_(162).jpg,https://data.mendeley.com/public-files/datasets/jtttfbx342/files/afbe1d64-13bc-45f3-a561-fa27eab2ca5e/file_downloaded
Dataset_01_jtttfbx342,healthy_(163).jpg,original,Healthy_Leaf,d1519e26-8018-4bbe-aa05-9e13a6bbaa78,d9e04904265e86ae3a632c2c258e2703d0df4e7a8770c9e0b455cca7b86033a0,d9e04904265e86ae3a632c2c258e2703d0df4e7a8770c9e0b455cca7b86033a0,YES,00ff830080e7ffff,3916770,2024-12-30T20:21:48.036Z,SUCCESS,D:\curuma\turmeric_datasets\dataset_01\original\Healthy_Leaf\healthy_(163).jpg,https://data.mendeley.com/public-files/datasets/jtttfbx342/files/0c0b7abc-85ab-415e-8227-da5a2a0ec904/file_downloaded
Dataset_01_jtttfbx342,healthy_(164).jpg,original,Healthy_Leaf,d1519e26-8018-4bbe-aa05-9e13a6bbaa78,f3b602da6d5f513822688ee444c026b2c882a9028a0cb24baa20056a8f2890db,f3b602da6d5f513822688ee444c026b2c882a9028a0cb24baa20056a8f2890db,YES,0f7fc70001c7ffff,4544294,2024-12-30T20:21:49.322Z,SUCCESS,D:\curuma\turmeric_datasets\dataset_01\original\Healthy_Leaf\healthy_(164).jpg,https://data.mendeley.com/public-files/datasets/jtttfbx342/files/8013ec86-3bd6-447a-89a0-6276fa9014b7/file_downloaded
Dataset_01_jtttfbx342,healthy_(165).jpg,original,Healthy_Leaf,d1519e26-8018-4bbe-aa05-9e13a6bbaa78,a532de22c415a84f3a7823ac94aecf451b21c45292649703ad5e736bdef4b9db,a532de22c415a84f3a7823ac94aecf451b21c45292649703ad5e736bdef4b9db,YES,fccf81c0e0f1ffff,4059841,2024-12-30T20:21:52.081Z,SUCCESS,D:\curuma\turmeric_datasets\dataset_01\original\Healthy_Leaf\healthy_(165).jpg,https://data.mendeley.com/public-files/datasets/jtttfbx342/files/5b04bf5c-8f1d-4341-ae2d-7b71d7219d50/file_downloaded
Dataset_01_jtttfbx342,healthy_(167).jpg,original,Healthy_Leaf,d1519e26-8018-4bbe-aa05-9e13a6bbaa78,b96e4fccf04e76a4b6f53fa56b28e9196933c8bcae7775098cea77bd6b149c09,b96e4fccf04e76a4b6f53fa56b28e9196933c8bcae7775098cea77bd6b149c09,YES,3f3f7f0101037f3f,4236961,2024-12-30T20:21:52.789Z,SUCCESS,D:\curuma\turmeric_datasets\dataset_01\original\Healthy_Leaf\healthy_(167).jpg,https://data.mendeley.com/public-files/datasets/jtttfbx342/files/9b975548-54e1-4dab-a079-bd6003eedd56/file_downloaded
Dataset_01_jtttfbx342,healthy_(168).jpg,original,Healthy_Leaf,d1519e26-8018-4bbe-aa05-9e13a6bbaa78,cf135bf3b8b4d08e97d0414a4e5061087e7bcc41cb06dd23df51f486dbc0b81d,cf135bf3b8b4d08e97d0414a4e5061087e7bcc41cb06dd23df51f486dbc0b81d,YES,1f7f070081ffffff,3849136,2024-12-30T20:21:52.758Z,SUCCESS,D:\curuma\turmeric_datasets\dataset_01\original\Healthy_Leaf\healthy_(168).jpg,https://data.mendeley.com/public-files/datasets/jtttfbx342/files/0e2a8dda-4509-47e0-9506-02e3bac6ebc2/file_downloaded
Dataset_01_jtttfbx342,healthy_(169).jpg,original,Healthy_Leaf,d1519e26-8018-4bbe-aa05-9e13a6bbaa78,19051cc5d4b5b0031763e03295b404edcda2ae17cc6f2c880b1110315fb8d8ec,19051cc5d4b5b0031763e03295b404edcda2ae17cc6f2c880b1110315fb8d8ec,YES,3f3f7f03030f3f3f,3967483,2024-12-30T20:21:53.279Z,SUCCESS,D:\curuma\turmeric_datasets\dataset_01\original\Healthy_Leaf\healthy_(169).jpg,https://data.mendeley.com/public-files/datasets/jtttfbx342/files/a6633fa4-e8fb-4d77-b073-3057c26b7f69/file_downloaded
Dataset_01_jtttfbx342,healthy_(17).jpg,original,Healthy_Leaf,d1519e26-8018-4bbe-aa05-9e13a6bbaa78,a2ed143dcf611ac8a371f0e7bea83cf989095928a50563ff0b6d0bbd874e6a00,a2ed143dcf611ac8a371f0e7bea83cf989095928a50563ff0b6d0bbd874e6a00,YES,ffffff000083ffe7,3881328,2024-12-30T20:21:54.017Z,SUCCESS,D:\curuma\turmeric_datasets\dataset_01\original\Healthy_Leaf\healthy_(17).jpg,https://data.mendeley.com/public-files/datasets/jtttfbx342/files/976ecf45-ccf5-46dc-a18d-a205e2180ee9/file_downloaded
Dataset_01_jtttfbx342,healthy_(171).jpg,original,Healthy_Leaf,d1519e26-8018-4bbe-aa05-9e13a6bbaa78,5e30594761ddbd8e5c0e8abdbdaab912c34d8a222cd7cf48664a9d9e90ad9e06,5e30594761ddbd8e5c0e8abdbdaab912c34d8a222cd7cf48664a9d9e90ad9e06,YES,0f3f6f0101ffffff,4064263,2024-12-30T20:21:54.559Z,SUCCESS,D:\curuma\turmeric_datasets\dataset_01\original\Healthy_Leaf\healthy_(171).jpg,https://data.mendeley.com/public-files/datasets/jtttfbx342/files/d646b2d6-1382-4cfb-8326-7d1ef0ef7b53/file_downloaded
Dataset_01_jtttfbx342,healthy_(170).jpg,original,Healthy_Leaf,d1519e26-8018-4bbe-aa05-9e13a6bbaa78,dfb9fd7fdedc9843e33e7e1bc7f2dd5b7699ea32e740407dea507e15671aecca,dfb9fd7fdedc9843e33e7e1bc7f2dd5b7699ea32e740407dea507e15671aecca,YES,7f7f7f0101731f03,4060526,2024-12-30T20:21:54.218Z,SUCCESS,D:\curuma\turmeric_datasets\dataset_01\original\Healthy_Leaf\healthy_(170).jpg,https://data.mendeley.com/public-files/datasets/jtttfbx342/files/d2181519-c4d5-4cea-a01d-edda3cd17ae7/file_downloaded
Dataset_01_jtttfbx342,healthy_(172).jpg,original,Healthy_Leaf,d1519e26-8018-4bbe-aa05-9e13a6bbaa78,e12e88853611ae6dbeef9f7e671928a25ffbc7e403b6e413c7e916b580d0c8d5,e12e88853611ae6dbeef9f7e671928a25ffbc7e403b6e413c7e916b580d0c8d5,YES,3f3f3f0f03433f3f,4148958,2024-12-30T20:21:54.607Z,SUCCESS,D:\curuma\turmeric_datasets\dataset_01\original\Healthy_Leaf\healthy_(172).jpg,https://data.mendeley.com/public-files/datasets/jtttfbx342/files/1ce43857-47b3-4792-85d8-8f6ba93c974f/file_downloaded
Dataset_01_jtttfbx342,healthy_(173).jpg,original,Healthy_Leaf,d1519e26-8018-4bbe-aa05-9e13a6bbaa78,3bbfc37aa06280cfeac6e56d22a8b0a1f9a38b2f63af9f5164ad31809f8c98ec,3bbfc37aa06280cfeac6e56d22a8b0a1f9a38b2f63af9f5164ad31809f8c98ec,YES,ffff8100c3ffffe0,3714555,2024-12-30T20:21:54.636Z,SUCCESS,D:\curuma\turmeric_datasets\dataset_01\original\Healthy_Leaf\healthy_(173).jpg,https://data.mendeley.com/public-files/datasets/jtttfbx342/files/eba8235f-fa4d-4da2-a1e7-248d0a7aa423/file_downloaded
Dataset_01_jtttfbx342,healthy_(174).jpg,original,Healthy_Leaf,d1519e26-8018-4bbe-aa05-9e13a6bbaa78,64dbfdafecaaed134c20e93600c15e03642d7e0948a9cc3a6552e18584c05b27,64dbfdafecaaed134c20e93600c15e03642d7e0948a9cc3a6552e18584c05b27,YES,ffffffc081c7ffff,3789149,2024-12-30T20:21:55.843Z,SUCCESS,D:\curuma\turmeric_datasets\dataset_01\original\Healthy_Leaf\healthy_(174).jpg,https://data.mendeley.com/public-files/datasets/jtttfbx342/files/531ab9ea-e753-4291-8b42-ecf44224deb7/file_downloaded
Dataset_01_jtttfbx342,healthy_(175).jpg,original,Healthy_Leaf,d1519e26-8018-4bbe-aa05-9e13a6bbaa78,a9b38dda19704016cefb426c114bd17c02f40cccaf04813c276f9aacde154be5,a9b38dda19704016cefb426c114bd17c02f40cccaf04813c276f9aacde154be5,YES,ffff870181f3ffff,3798107,2024-12-30T20:21:57.106Z,SUCCESS,D:\curuma\turmeric_datasets\dataset_01\original\Healthy_Leaf\healthy_(175).jpg,https://data.mendeley.com/public-files/datasets/jtttfbx342/files/950d68a5-145f-4384-b5ac-4105f1a78e9e/file_downloaded
Dataset_01_jtttfbx342,healthy_(176).jpg,original,Healthy_Leaf,d1519e26-8018-4bbe-aa05-9e13a6bbaa78,be8d08e380551bd610e04bc939d44891170dd08e9f1660b44677bd3231cecb3a,be8d08e380551bd610e04bc939d44891170dd08e9f1660b44677bd3231cecb3a,YES,feff810083ffffff,3740305,2024-12-30T20:21:57.87Z,SUCCESS,D:\curuma\turmeric_datasets\dataset_01\original\Healthy_Leaf\healthy_(176).jpg,https://data.mendeley.com/public-files/datasets/jtttfbx342/files/d28b9bbe-2603-429d-b062-c9c4487918cb/file_downloaded
Dataset_01_jtttfbx342,healthy_(177).jpg,original,Healthy_Leaf,d1519e26-8018-4bbe-aa05-9e13a6bbaa78,8915dac7850bc511ae1ad78113e2c8d63385a742713047ff1a2c83372545b84c,8915dac7850bc511ae1ad78113e2c8d63385a742713047ff1a2c83372545b84c,YES,fffff38081ffffc0,3791724,2024-12-30T20:21:58.005Z,SUCCESS,D:\curuma\turmeric_datasets\dataset_01\original\Healthy_Leaf\healthy_(177).jpg,https://data.mendeley.com/public-files/datasets/jtttfbx342/files/a54ac87c-a482-42a7-9486-ea2f6133c5c5/file_downloaded
Dataset_01_jtttfbx342,healthy_(178).jpg,original,Healthy_Leaf,d1519e26-8018-4bbe-aa05-9e13a6bbaa78,28bf82643dc38c2eb1c8f959114cb8da1c3c6f7b271c20c426ff312bbd4cc023,28bf82643dc38c2eb1c8f959114cb8da1c3c6f7b271c20c426ff312bbd4cc023,YES,ffffc380c1fff8f0,3655892,2024-12-30T20:21:58.05Z,SUCCESS,D:\curuma\turmeric_datasets\dataset_01\original\Healthy_Leaf\healthy_(178).jpg,https://data.mendeley.com/public-files/datasets/jtttfbx342/files/e3c37436-d4a2-4357-9854-652651e5abc8/file_downloaded
Dataset_01_jtttfbx342,healthy_(179).jpg,original,Healthy_Leaf,d1519e26-8018-4bbe-aa05-9e13a6bbaa78,613f69bb92adba95f3d20697f85e6898a84db36cff5ef9c360f6efc6f374011b,613f69bb92adba95f3d20697f85e6898a84db36cff5ef9c360f6efc6f374011b,YES,ffffc100c1fffff8,3755554,2024-12-30T20:21:58.704Z,SUCCESS,D:\curuma\turmeric_datasets\dataset_01\original\Healthy_Leaf\healthy_(179).jpg,https://data.mendeley.com/public-files/datasets/jtttfbx342/files/81dfa040-0094-406c-a8f7-e5f7098a57d1/file_downloaded
Dataset_01_jtttfbx342,healthy_(18).jpg,original,Healthy_Leaf,d1519e26-8018-4bbe-aa05-9e13a6bbaa78,9ccd3b660cb91a23c441189c30aa731f19950b38302708112184e74269506199,9ccd3b660cb91a23c441189c30aa731f19950b38302708112184e74269506199,YES,ffff870080e1fffe,3977010,2024-12-30T20:21:59.128Z,SUCCESS,D:\curuma\turmeric_datasets\dataset_01\original\Healthy_Leaf\healthy_(18).jpg,https://data.mendeley.com/public-files/datasets/jtttfbx342/files/d76c6b0d-c17f-4ddc-8be7-4adc03f5bede/file_downloaded
Dataset_01_jtttfbx342,healthy_(180).jpg,original,Healthy_Leaf,d1519e26-8018-4bbe-aa05-9e13a6bbaa78,089c66a4669a07d2e8b0bf10101e2303f18dbfb5c6f66e0e4a365ded1f087946,089c66a4669a07d2e8b0bf10101e2303f18dbfb5c6f66e0e4a365ded1f087946,YES,ffffff8181f6f0e0,3664080,2024-12-30T20:21:59.212Z,SUCCESS,D:\curuma\turmeric_datasets\dataset_01\original\Healthy_Leaf\healthy_(180).jpg,https://data.mendeley.com/public-files/datasets/jtttfbx342/files/af5788db-504f-4f0b-aacb-5be920d4fb9b/file_downloaded
Dataset_01_jtttfbx342,healthy_(181).jpg,original,Healthy_Leaf,d1519e26-8018-4bbe-aa05-9e13a6bbaa78,3c36558b38f2a417dfc4c87d0965c1d338a4827f12d52bc0bcad64dfcd2776a1,3c36558b38f2a417dfc4c87d0965c1d338a4827f12d52bc0bcad64dfcd2776a1,YES,ffff8781e1fbf7f3,3730472,2024-12-30T20:21:59.246Z,SUCCESS,D:\curuma\turmeric_datasets\dataset_01\original\Healthy_Leaf\healthy_(181).jpg,https://data.mendeley.com/public-files/datasets/jtttfbx342/files/2dee7b80-1691-49b1-89b3-f5065bbefcff/file_downloaded
Dataset_01_jtttfbx342,healthy_(182).jpg,original,Healthy_Leaf,d1519e26-8018-4bbe-aa05-9e13a6bbaa78,f1bce603e48aba147e90fa2dfd658119373a33304d086513c2ed20757b28ea75,f1bce603e48aba147e90fa2dfd658119373a33304d086513c2ed20757b28ea75,YES,ffffe781c1ffe1c0,3657244,2024-12-30T20:21:59.274Z,SUCCESS,D:\curuma\turmeric_datasets\dataset_01\original\Healthy_Leaf\healthy_(182).jpg,https://data.mendeley.com/public-files/datasets/jtttfbx342/files/ec361997-5b15-4e12-b4b8-4d1a72b693b4/file_downloaded
Dataset_01_jtttfbx342,healthy_(183).jpg,original,Healthy_Leaf,d1519e26-8018-4bbe-aa05-9e13a6bbaa78,3cd3d064741aa4b7cc8bb71d7585970c844c8b0de65b548aabe328a38d80f4b9,3cd3d064741aa4b7cc8bb71d7585970c844c8b0de65b548aabe328a38d80f4b9,YES,ffffe70181e7fffc,3713447,2024-12-30T20:21:59.441Z,SUCCESS,D:\curuma\turmeric_datasets\dataset_01\original\Healthy_Leaf\healthy_(183).jpg,https://data.mendeley.com/public-files/datasets/jtttfbx342/files/c82fce36-c03f-4928-b4d8-b58e520e14aa/file_downloaded
Dataset_01_jtttfbx342,healthy_(184).jpg,original,Healthy_Leaf,d1519e26-8018-4bbe-aa05-9e13a6bbaa78,aaa4cc90ac0f45534a91ab980807dac6c3a9a2b8463898ab7dce91719ac8db92,aaa4cc90ac0f45534a91ab980807dac6c3a9a2b8463898ab7dce91719ac8db92,YES,ffffffc383c2fcc0,3625494,2024-12-30T20:22:00.098Z,SUCCESS,D:\curuma\turmeric_datasets\dataset_01\original\Healthy_Leaf\healthy_(184).jpg,https://data.mendeley.com/public-files/datasets/jtttfbx342/files/abb7a5f3-8faa-441f-86ea-29c6cd270dcd/file_downloaded
Dataset_01_jtttfbx342,healthy_(185).jpg,original,Healthy_Leaf,d1519e26-8018-4bbe-aa05-9e13a6bbaa78,7d328c4d9ab993c8f3f3635c135e32091d2698e005b55caced9f747c8b7d5369,7d328c4d9ab993c8f3f3635c135e32091d2698e005b55caced9f747c8b7d5369,YES,ffffff8381e3fffb,3559643,2024-12-30T20:22:00.657Z,SUCCESS,D:\curuma\turmeric_datasets\dataset_01\original\Healthy_Leaf\healthy_(185).jpg,https://data.mendeley.com/public-files/datasets/jtttfbx342/files/14952f42-da62-4150-aaed-d21624c8a996/file_downloaded
Dataset_01_jtttfbx342,healthy_(186).jpg,original,Healthy_Leaf,d1519e26-8018-4bbe-aa05-9e13a6bbaa78,fb8d83903f3437c0a727526757501efdc48501686c0ab162d586d07da2dd37a2,fb8d83903f3437c0a727526757501efdc48501686c0ab162d586d07da2dd37a2,YES,fffff78181fff9f0,3617315,2024-12-30T20:22:00.903Z,SUCCESS,D:\curuma\turmeric_datasets\dataset_01\original\Healthy_Leaf\healthy_(186).jpg,https://data.mendeley.com/public-files/datasets/jtttfbx342/files/5bba257a-7221-454b-861a-909ec850cc64/file_downloaded
Dataset_01_jtttfbx342,healthy_(187).jpg,original,Healthy_Leaf,d1519e26-8018-4bbe-aa05-9e13a6bbaa78,eb0f59301d3d1663fc414c535c6f85437f293aab702884598238c55dfea6e917,eb0f59301d3d1663fc414c535c6f85437f293aab702884598238c55dfea6e917,YES,ffffff8181c0fec0,3776528,2024-12-30T20:22:01.076Z,SUCCESS,D:\curuma\turmeric_datasets\dataset_01\original\Healthy_Leaf\healthy_(187).jpg,https://data.mendeley.com/public-files/datasets/jtttfbx342/files/41cd6f92-cd31-4a8b-8e10-ed333f080223/file_downloaded
Dataset_01_jtttfbx342,healthy_(188).jpg,original,Healthy_Leaf,d1519e26-8018-4bbe-aa05-9e13a6bbaa78,f75cbe2cd44da07cc68eaaebaffb922a1335524c5554862ef4732a048388002c,f75cbe2cd44da07cc68eaaebaffb922a1335524c5554862ef4732a048388002c,YES,ffffc30180e3ffe3,3799857,2024-12-30T20:22:02.159Z,SUCCESS,D:\curuma\turmeric_datasets\dataset_01\original\Healthy_Leaf\healthy_(188).jpg,https://data.mendeley.com/public-files/datasets/jtttfbx342/files/4ebecbad-5c75-4c50-8f8b-a6c05b58fd22/file_downloaded
Dataset_01_jtttfbx342,healthy_(189).jpg,original,Healthy_Leaf,d1519e26-8018-4bbe-aa05-9e13a6bbaa78,fb4957a52f59047853717e801915d1647e5373882742b06d4a5e59931cc494b6,fb4957a52f59047853717e801915d1647e5373882742b06d4a5e59931cc494b6,YES,ffffffc380c1ffff,3771144,2024-12-30T20:22:03.181Z,SUCCESS,D:\curuma\turmeric_datasets\dataset_01\original\Healthy_Leaf\healthy_(189).jpg,https://data.mendeley.com/public-files/datasets/jtttfbx342/files/5138e17f-021d-49ed-a840-fdea40a3905e/file_downloaded
Dataset_01_jtttfbx342,healthy_(19).jpg,original,Healthy_Leaf,d1519e26-8018-4bbe-aa05-9e13a6bbaa78,46fb766adea91584dc811392137b8de7c6262e36396fcbcfa3557af95f4c4785,46fb766adea91584dc811392137b8de7c6262e36396fcbcfa3557af95f4c4785,YES,ffff810083ffffe0,4029297,2024-12-30T20:22:03.145Z,SUCCESS,D:\curuma\turmeric_datasets\dataset_01\original\Healthy_Leaf\healthy_(19).jpg,https://data.mendeley.com/public-files/datasets/jtttfbx342/files/2cee0ccf-00d3-41f0-9c8b-b1bfa7e53369/file_downloaded
Dataset_01_jtttfbx342,healthy_(190).jpg,original,Healthy_Leaf,d1519e26-8018-4bbe-aa05-9e13a6bbaa78,a1fbb1976bf7ac49a5e734827096d4321df548e6cf32aae124146c6856513fcf,a1fbb1976bf7ac49a5e734827096d4321df548e6cf32aae124146c6856513fcf,YES,ffffff8381e1fffb,3579302,2024-12-30T20:22:03.652Z,SUCCESS,D:\curuma\turmeric_datasets\dataset_01\original\Healthy_Leaf\healthy_(190).jpg,https://data.mendeley.com/public-files/datasets/jtttfbx342/files/32e5bce5-76fc-45cd-901d-9ac35cb7148e/file_downloaded
Dataset_01_jtttfbx342,healthy_(191).jpg,original,Healthy_Leaf,d1519e26-8018-4bbe-aa05-9e13a6bbaa78,7dcf8e75e1309424dc4cd790495accd1eb505ebc1c016e94ef4649607e3d52d3,7dcf8e75e1309424dc4cd790495accd1eb505ebc1c016e94ef4649607e3d52d3,YES,ffffc70081fffff8,3707977,2024-12-30T20:22:03.622Z,SUCCESS,D:\curuma\turmeric_datasets\dataset_01\original\Healthy_Leaf\healthy_(191).jpg,https://data.mendeley.com/public-files/datasets/jtttfbx342/files/cee0933a-7042-4394-9485-2f0ed9262ad3/file_downloaded
Dataset_01_jtttfbx342,healthy_(192).jpg,original,Healthy_Leaf,d1519e26-8018-4bbe-aa05-9e13a6bbaa78,22a4184048ad71d2e56085c82dda3ba291c7865e343de1d1a4eb6a928aa44793,22a4184048ad71d2e56085c82dda3ba291c7865e343de1d1a4eb6a928aa44793,YES,ffffe380c1f7fee2,3711184,2024-12-30T20:22:03.836Z,SUCCESS,D:\curuma\turmeric_datasets\dataset_01\original\Healthy_Leaf\healthy_(192).jpg,https://data.mendeley.com/public-files/datasets/jtttfbx342/files/e1b30776-5491-4ea8-b3a4-e7b56cd51b94/file_downloaded
Dataset_01_jtttfbx342,healthy_(193).jpg,original,Healthy_Leaf,d1519e26-8018-4bbe-aa05-9e13a6bbaa78,5151df9b9f1f0bc231c22746666a07287bfe569accf292b46de5f0e0a9b692a7,5151df9b9f1f0bc231c22746666a07287bfe569accf292b46de5f0e0a9b692a7,YES,ffff8381c3ffe3e0,3528161,2024-12-30T20:22:04.019Z,SUCCESS,D:\curuma\turmeric_datasets\dataset_01\original\Healthy_Leaf\healthy_(193).jpg,https://data.mendeley.com/public-files/datasets/jtttfbx342/files/6b736ea1-fd62-472c-b466-6359bf674eca/file_downloaded
Dataset_01_jtttfbx342,healthy_(194).jpg,original,Healthy_Leaf,d1519e26-8018-4bbe-aa05-9e13a6bbaa78,d0873ec2d9aa47d98b2febaf8755464336a90826c481e34cabacfb0f78ca8a04,d0873ec2d9aa47d98b2febaf8755464336a90826c481e34cabacfb0f78ca8a04,YES,ffffffc381c3fff2,3755195,2024-12-30T20:22:04.557Z,SUCCESS,D:\curuma\turmeric_datasets\dataset_01\original\Healthy_Leaf\healthy_(194).jpg,https://data.mendeley.com/public-files/datasets/jtttfbx342/files/7f6937e3-932a-4512-8ca9-efcdb3e56275/file_downloaded
Dataset_01_jtttfbx342,healthy_(195).jpg,original,Healthy_Leaf,d1519e26-8018-4bbe-aa05-9e13a6bbaa78,56b12b38c828067e470624f550cbf983c92d399afdcac7b97062bad6353734af,56b12b38c828067e470624f550cbf983c92d399afdcac7b97062bad6353734af,YES,ffffe781c1e3fffb,3564141,2024-12-30T20:22:04.652Z,SUCCESS,D:\curuma\turmeric_datasets\dataset_01\original\Healthy_Leaf\healthy_(195).jpg,https://data.mendeley.com/public-files/datasets/jtttfbx342/files/1920fb2a-99c4-4b3f-9ca3-bee3426374ff/file_downloaded
Dataset_01_jtttfbx342,healthy_(196).jpg,original,Healthy_Leaf,d1519e26-8018-4bbe-aa05-9e13a6bbaa78,5ff2cd138f135f770119871c1d9aeae2deff632d7ffb397f36baebfdc7a46263,5ff2cd138f135f770119871c1d9aeae2deff632d7ffb397f36baebfdc7a46263,YES,ffffc78183fffbf0,3577274,2024-12-30T20:22:04.759Z,SUCCESS,D:\curuma\turmeric_datasets\dataset_01\original\Healthy_Leaf\healthy_(196).jpg,https://data.mendeley.com/public-files/datasets/jtttfbx342/files/8d0b6edb-734a-4986-8517-eb0e13bf1dec/file_downloaded
Dataset_01_jtttfbx342,healthy_(197).jpg,original,Healthy_Leaf,d1519e26-8018-4bbe-aa05-9e13a6bbaa78,b389683d7cfab5dfd64dc87fed1a40f3e342b5d736e3165431be6db341eaad69,b389683d7cfab5dfd64dc87fed1a40f3e342b5d736e3165431be6db341eaad69,YES,ffffc381c1fefef2,3760928,2024-12-30T20:22:05.539Z,SUCCESS,D:\curuma\turmeric_datasets\dataset_01\original\Healthy_Leaf\healthy_(197).jpg,https://data.mendeley.com/public-files/datasets/jtttfbx342/files/b05eb5f7-40e1-463b-9832-22bdbd0742d5/file_downloaded
Dataset_01_jtttfbx342,healthy_(198).jpg,original,Healthy_Leaf,d1519e26-8018-4bbe-aa05-9e13a6bbaa78,7b71b44e5bde06589820bd49044124b39d1334f39a0e01ae494ce1ff6b04e320,7b71b44e5bde06589820bd49044124b39d1334f39a0e01ae494ce1ff6b04e320,YES,ffff8100c1fffffe,3739912,2024-12-30T20:22:07.232Z,SUCCESS,D:\curuma\turmeric_datasets\dataset_01\original\Healthy_Leaf\healthy_(198).jpg,https://data.mendeley.com/public-files/datasets/jtttfbx342/files/33eb9ba7-32eb-47f8-9a49-445ab083256f/file_downloaded
Dataset_01_jtttfbx342,healthy_(199).jpg,original,Healthy_Leaf,d1519e26-8018-4bbe-aa05-9e13a6bbaa78,d8811f3365cd7e789ce9be6ab0446db8a50d46585c8ab853cadbc3830b1c24b1,d8811f3365cd7e789ce9be6ab0446db8a50d46585c8ab853cadbc3830b1c24b1,YES,ffffc38183fffffe,3740318,2024-12-30T20:22:07.455Z,SUCCESS,D:\curuma\turmeric_datasets\dataset_01\original\Healthy_Leaf\healthy_(199).jpg,https://data.mendeley.com/public-files/datasets/jtttfbx342/files/7065e67a-f43f-42ef-af9f-31c9d1e3ba70/file_downloaded
Dataset_01_jtttfbx342,blotch_(43).jpg,original,Blotch,333d6deb-fe48-4bab-b987-0e38443c8857,d7c80d71b94419837cae02adedb8e5675b07772646f95d1b70b14f8b530044c0,d7c80d71b94419837cae02adedb8e5675b07772646f95d1b70b14f8b530044c0,YES,f0feffffc380f8c0,3752496,2024-12-30T20:20:19.439Z,SUCCESS,D:\curuma\turmeric_datasets\dataset_01\original\Blotch\blotch_(43).jpg,https://data.mendeley.com/public-files/datasets/jtttfbx342/files/2053894a-2844-43dd-837c-b934b61754fa/file_downloaded
Dataset_01_jtttfbx342,healthy_(2).jpg,original,Healthy_Leaf,d1519e26-8018-4bbe-aa05-9e13a6bbaa78,f08ae5fce20787b276ae05316982648aabffe469044e4092e6587a7bb00f0304,f08ae5fce20787b276ae05316982648aabffe469044e4092e6587a7bb00f0304,YES,ffffc7000087f9f8,4089552,2024-12-30T20:22:08.478Z,SUCCESS,D:\curuma\turmeric_datasets\dataset_01\original\Healthy_Leaf\healthy_(2).jpg,https://data.mendeley.com/public-files/datasets/jtttfbx342/files/193f6a6c-6ba1-41a3-b2ec-b1507def7253/file_downloaded
Dataset_01_jtttfbx342,healthy_(20).jpg,original,Healthy_Leaf,d1519e26-8018-4bbe-aa05-9e13a6bbaa78,65927a98a2df3bc0f6c164bd87c83098ad550c312be77a5989d975d50477770d,65927a98a2df3bc0f6c164bd87c83098ad550c312be77a5989d975d50477770d,YES,ffffff0100c37f00,3829662,2024-12-30T20:22:08.363Z,SUCCESS,D:\curuma\turmeric_datasets\dataset_01\original\Healthy_Leaf\healthy_(20).jpg,https://data.mendeley.com/public-files/datasets/jtttfbx342/files/bc3401bb-a24c-4d23-80e0-c61623352d10/file_downloaded
Dataset_01_jtttfbx342,healthy_(200).jpg,original,Healthy_Leaf,d1519e26-8018-4bbe-aa05-9e13a6bbaa78,8ced1a10286358a5011af848f7dd2e19748fce6933da60aa0d8afcf4c0181659,8ced1a10286358a5011af848f7dd2e19748fce6933da60aa0d8afcf4c0181659,YES,ffff8381c1ffffff,3574123,2024-12-30T20:22:08.399Z,SUCCESS,D:\curuma\turmeric_datasets\dataset_01\original\Healthy_Leaf\healthy_(200).jpg,https://data.mendeley.com/public-files/datasets/jtttfbx342/files/814d1ad6-f222-441b-8706-855352faba94/file_downloaded
Dataset_01_jtttfbx342,healthy_(166).jpg,original,Healthy_Leaf,d1519e26-8018-4bbe-aa05-9e13a6bbaa78,7d9aa4ca3956350040cbaa63940ed17f502ec5944c76a4c9096093e87a55b06d,7d9aa4ca3956350040cbaa63940ed17f502ec5944c76a4c9096093e87a55b06d,YES,06f3010081ffffff,4251875,2024-12-30T20:21:52.502Z,SUCCESS,D:\curuma\turmeric_datasets\dataset_01\original\Healthy_Leaf\healthy_(166).jpg,https://data.mendeley.com/public-files/datasets/jtttfbx342/files/6de4cba3-ea62-4aa3-a660-bbb2ead2beb7/file_downloaded
Dataset_01_jtttfbx342,healthy_(201).jpg,original,Healthy_Leaf,d1519e26-8018-4bbe-aa05-9e13a6bbaa78,6a03b2df8235d0b40e358438189bf4da6851368432d6e91671d77f79b1ec24ad,6a03b2df8235d0b40e358438189bf4da6851368432d6e91671d77f79b1ec24ad,YES,ffff0181ffffffe0,3677128,2024-12-30T20:22:08.661Z,SUCCESS,D:\curuma\turmeric_datasets\dataset_01\original\Healthy_Leaf\healthy_(201).jpg,https://data.mendeley.com/public-files/datasets/jtttfbx342/files/a408ed7a-5791-4773-886a-762c848068e1/file_downloaded
Dataset_01_jtttfbx342,healthy_(202).jpg,original,Healthy_Leaf,d1519e26-8018-4bbe-aa05-9e13a6bbaa78,c46b8c3693333ac1b845c77bf54c6c297036652be835eb3a8be911682e24ef9d,c46b8c3693333ac1b845c77bf54c6c297036652be835eb3a8be911682e24ef9d,YES,ffffe78181e7ffe7,3801487,2024-12-30T20:22:09.282Z,SUCCESS,D:\curuma\turmeric_datasets\dataset_01\original\Healthy_Leaf\healthy_(202).jpg,https://data.mendeley.com/public-files/datasets/jtttfbx342/files/d20cc37c-0f68-40e5-be67-40a2ff727095/file_downloaded
Dataset_01_jtttfbx342,healthy_(203).jpg,original,Healthy_Leaf,d1519e26-8018-4bbe-aa05-9e13a6bbaa78,21d5e0de9e8df1216c3e02ad4563eb7d1a06e4d412e673a442202b42a088ce47,21d5e0de9e8df1216c3e02ad4563eb7d1a06e4d412e673a442202b42a088ce47,YES,ffff0180ffffffe0,3717567,2024-12-30T20:22:09.254Z,SUCCESS,D:\curuma\turmeric_datasets\dataset_01\original\Healthy_Leaf\healthy_(203).jpg,https://data.mendeley.com/public-files/datasets/jtttfbx342/files/55709cee-60ad-4529-9d72-386641c61bec/file_downloaded
Dataset_01_jtttfbx342,blotch_(228).jpg,original,Blotch,333d6deb-fe48-4bab-b987-0e38443c8857,e9fadba7a6a9967c32d642d65987d1a4d4174636d34d91ab2cdccfc969491d8a,e9fadba7a6a9967c32d642d65987d1a4d4174636d34d91ab2cdccfc969491d8a,YES,ffffffe38183ff07,3797517,2024-12-30T20:20:01.422Z,SUCCESS,D:\curuma\turmeric_datasets\dataset_01\original\Blotch\blotch_(228).jpg,https://data.mendeley.com/public-files/datasets/jtttfbx342/files/30b44626-8694-46ae-bd80-05902dafb0c6/file_downloaded
Dataset_01_jtttfbx342,healthy_(206).jpg,original,Healthy_Leaf,d1519e26-8018-4bbe-aa05-9e13a6bbaa78,c100d47d4eb93b02902550de81957ec35aab6a1f9f0869dee35404d09d745a3c,c100d47d4eb93b02902550de81957ec35aab6a1f9f0869dee35404d09d745a3c,YES,ffffc70180f3ffff,3782951,2024-12-30T20:22:09.876Z,SUCCESS,D:\curuma\turmeric_datasets\dataset_01\original\Healthy_Leaf\healthy_(206).jpg,https://data.mendeley.com/public-files/datasets/jtttfbx342/files/9d3cf43a-2efe-43dc-8bfa-c568b2b4cf3a/file_downloaded
Dataset_01_jtttfbx342,healthy_(205).jpg,original,Healthy_Leaf,d1519e26-8018-4bbe-aa05-9e13a6bbaa78,59183d1e156a064143e7198210aea858233c8ed54e0b99b1557920470d52c102,59183d1e156a064143e7198210aea858233c8ed54e0b99b1557920470d52c102,YES,ffffe78183ffff0e,3223869,2024-12-30T20:22:09.311Z,SUCCESS,D:\curuma\turmeric_datasets\dataset_01\original\Healthy_Leaf\healthy_(205).jpg,https://data.mendeley.com/public-files/datasets/jtttfbx342/files/f303ceee-a238-4cc0-9d26-28398dafbf06/file_downloaded
Dataset_01_jtttfbx342,healthy_(204).jpg,original,Healthy_Leaf,d1519e26-8018-4bbe-aa05-9e13a6bbaa78,d911f0017f530bf9b50dac33ade2611f4b83a261c84b3fddf453576653007f8b,d911f0017f530bf9b50dac33ade2611f4b83a261c84b3fddf453576653007f8b,YES,ffffe78183ffff0e,3648255,2024-12-30T20:22:09.215Z,SUCCESS,D:\curuma\turmeric_datasets\dataset_01\original\Healthy_Leaf\healthy_(204).jpg,https://data.mendeley.com/public-files/datasets/jtttfbx342/files/c028990b-7a81-4c07-a304-bb8a6a2a36a7/file_downloaded
Dataset_01_jtttfbx342,healthy_(208).jpg,original,Healthy_Leaf,d1519e26-8018-4bbe-aa05-9e13a6bbaa78,f7eefee9b5b02ca0d4925fbc154f1c16eecf368830c2bee127f92644606e1e1e,f7eefee9b5b02ca0d4925fbc154f1c16eecf368830c2bee127f92644606e1e1e,YES,ffffff8080e7fcc0,3738407,2024-12-30T20:22:12.828Z,SUCCESS,D:\curuma\turmeric_datasets\dataset_01\original\Healthy_Leaf\healthy_(208).jpg,https://data.mendeley.com/public-files/datasets/jtttfbx342/files/0ca8b907-61d4-4356-9f4e-2d51693ea8c9/file_downloaded
Dataset_01_jtttfbx342,healthy_(207).jpg,original,Healthy_Leaf,d1519e26-8018-4bbe-aa05-9e13a6bbaa78,5e4ad2213455f74acacc52fb2d4609677e6a9398b4d983bd6ab5d90a0daaa014,5e4ad2213455f74acacc52fb2d4609677e6a9398b4d983bd6ab5d90a0daaa014,YES,ffffc10081fffff8,3741650,2024-12-30T20:22:10.148Z,SUCCESS,D:\curuma\turmeric_datasets\dataset_01\original\Healthy_Leaf\healthy_(207).jpg,https://data.mendeley.com/public-files/datasets/jtttfbx342/files/34d92863-eb7d-410f-a518-5135aba07973/file_downloaded
Dataset_01_jtttfbx342,healthy_(21).jpg,original,Healthy_Leaf,d1519e26-8018-4bbe-aa05-9e13a6bbaa78,5c21a12d41438d4e22da5681c8d015b68e70aea4169bfcd09fadec98227cbaf5,5c21a12d41438d4e22da5681c8d015b68e70aea4169bfcd09fadec98227cbaf5,YES,ffff0000c1fffef0,3983274,2024-12-30T20:22:12.922Z,SUCCESS,D:\curuma\turmeric_datasets\dataset_01\original\Healthy_Leaf\healthy_(21).jpg,https://data.mendeley.com/public-files/datasets/jtttfbx342/files/1e27e98f-f87b-481d-a7d1-bee3f1336469/file_downloaded
Dataset_01_jtttfbx342,healthy_(209).jpg,original,Healthy_Leaf,d1519e26-8018-4bbe-aa05-9e13a6bbaa78,96ad5ea1f2a7de00a35690c45782ac1a991afbe69b31743f1f41bc79177c84e8,96ad5ea1f2a7de00a35690c45782ac1a991afbe69b31743f1f41bc79177c84e8,YES,ffff8381c3ffffe0,3676395,2024-12-30T20:22:12.797Z,SUCCESS,D:\curuma\turmeric_datasets\dataset_01\original\Healthy_Leaf\healthy_(209).jpg,https://data.mendeley.com/public-files/datasets/jtttfbx342/files/130e399d-31b2-42d0-9f67-507a77bbe077/file_downloaded
Dataset_01_jtttfbx342,healthy_(210).jpg,original,Healthy_Leaf,d1519e26-8018-4bbe-aa05-9e13a6bbaa78,6203eb52e339bfe8e4a44f9ad9108677e97dedb635df445e16f8b603de0c48b9,6203eb52e339bfe8e4a44f9ad9108677e97dedb635df445e16f8b603de0c48b9,YES,ffffff8382ccfefc,3546646,2024-12-30T20:22:12.73Z,SUCCESS,D:\curuma\turmeric_datasets\dataset_01\original\Healthy_Leaf\healthy_(210).jpg,https://data.mendeley.com/public-files/datasets/jtttfbx342/files/bb854d9a-e778-4e57-8923-72d1fcca80c6/file_downloaded
Dataset_01_jtttfbx342,healthy_(211).jpg,original,Healthy_Leaf,d1519e26-8018-4bbe-aa05-9e13a6bbaa78,53ec0fe670631e3687b596fa0c0d867b6ea38c1c8fa7928af6e5ecec4a3f1687,53ec0fe670631e3687b596fa0c0d867b6ea38c1c8fa7928af6e5ecec4a3f1687,YES,ffffff8181e3ffff,3570763,2024-12-30T20:22:13.512Z,SUCCESS,D:\curuma\turmeric_datasets\dataset_01\original\Healthy_Leaf\healthy_(211).jpg,https://data.mendeley.com/public-files/datasets/jtttfbx342/files/1241d688-6aad-46f9-b346-78590c430fe8/file_downloaded
Dataset_01_jtttfbx342,healthy_(212).jpg,original,Healthy_Leaf,d1519e26-8018-4bbe-aa05-9e13a6bbaa78,7300df35951e4e4f38978655c243af722645af812fdcfb06f70c723b3aa9a91f,7300df35951e4e4f38978655c243af722645af812fdcfb06f70c723b3aa9a91f,YES,ffffc181c3fffff0,3710895,2024-12-30T20:22:13.658Z,SUCCESS,D:\curuma\turmeric_datasets\dataset_01\original\Healthy_Leaf\healthy_(212).jpg,https://data.mendeley.com/public-files/datasets/jtttfbx342/files/7d3b1550-e6f6-46ae-ada3-b7da452f307e/file_downloaded
Dataset_01_jtttfbx342,healthy_(213).jpg,original,Healthy_Leaf,d1519e26-8018-4bbe-aa05-9e13a6bbaa78,eb5b39033228fd5385d44faf25ee4a39856b073456d873e160118d5ea218806f,eb5b39033228fd5385d44faf25ee4a39856b073456d873e160118d5ea218806f,YES,ffffffc181e3fcc0,3611965,2024-12-30T20:22:13.614Z,SUCCESS,D:\curuma\turmeric_datasets\dataset_01\original\Healthy_Leaf\healthy_(213).jpg,https://data.mendeley.com/public-files/datasets/jtttfbx342/files/eff58ab2-8902-4d68-a9f0-12233c4e1320/file_downloaded
Dataset_01_jtttfbx342,healthy_(22).jpg,original,Healthy_Leaf,d1519e26-8018-4bbe-aa05-9e13a6bbaa78,8e46e935fd2707e60b73420609ada90a46c1aafef776b0c9841256e6b49ef308,8e46e935fd2707e60b73420609ada90a46c1aafef776b0c9841256e6b49ef308,YES,ffffcf0100e1fec0,3974083,2024-12-30T20:22:13.788Z,SUCCESS,D:\curuma\turmeric_datasets\dataset_01\original\Healthy_Leaf\healthy_(22).jpg,https://data.mendeley.com/public-files/datasets/jtttfbx342/files/10804813-f6c4-4aad-babc-08796718baba/file_downloaded
Dataset_01_jtttfbx342,healthy_(23).jpg,original,Healthy_Leaf,d1519e26-8018-4bbe-aa05-9e13a6bbaa78,cffaad842758d74115460894985f9cb8a38f33469d4539c0a7454e1da523d6ab,cffaad842758d74115460894985f9cb8a38f33469d4539c0a7454e1da523d6ab,YES,ffff8300c0fbfff8,4028916,2024-12-30T20:22:13.989Z,SUCCESS,D:\curuma\turmeric_datasets\dataset_01\original\Healthy_Leaf\healthy_(23).jpg,https://data.mendeley.com/public-files/datasets/jtttfbx342/files/cb52fa2f-8b67-4e9b-bb8b-232034fa6705/file_downloaded
Dataset_01_jtttfbx342,healthy_(24).jpg,original,Healthy_Leaf,d1519e26-8018-4bbe-aa05-9e13a6bbaa78,6fe2ef08a378ce30d2d10ca42a31863e04d399d8091472060178e475c3861576,6fe2ef08a378ce30d2d10ca42a31863e04d399d8091472060178e475c3861576,YES,ffff8100e3fff6f0,3925129,2024-12-30T20:22:13.962Z,SUCCESS,D:\curuma\turmeric_datasets\dataset_01\original\Healthy_Leaf\healthy_(24).jpg,https://data.mendeley.com/public-files/datasets/jtttfbx342/files/c7de62f3-6300-4f81-bc41-9bc764a1ba0b/file_downloaded
Dataset_01_jtttfbx342,healthy_(25).jpg,original,Healthy_Leaf,d1519e26-8018-4bbe-aa05-9e13a6bbaa78,8e756bf3f40cc8e216d25eee7f24038e09e0c2774eb7bde03cb34ecdbe5c6f7c,8e756bf3f40cc8e216d25eee7f24038e09e0c2774eb7bde03cb34ecdbe5c6f7c,YES,fffff78000c7fce0,4022934,2024-12-30T20:22:15.695Z,SUCCESS,D:\curuma\turmeric_datasets\dataset_01\original\Healthy_Leaf\healthy_(25).jpg,https://data.mendeley.com/public-files/datasets/jtttfbx342/files/27a66980-1e53-435e-9acb-8e7fde428db7/file_downloaded
Dataset_01_jtttfbx342,healthy_(26).jpg,original,Healthy_Leaf,d1519e26-8018-4bbe-aa05-9e13a6bbaa78,43f46a61c0c3c1535ae84232fcce131b126db132cedece5d182e15a370f85f82,43f46a61c0c3c1535ae84232fcce131b126db132cedece5d182e15a370f85f82,YES,ff830080c1fffffe,4041999,2024-12-30T20:22:17.682Z,SUCCESS,D:\curuma\turmeric_datasets\dataset_01\original\Healthy_Leaf\healthy_(26).jpg,https://data.mendeley.com/public-files/datasets/jtttfbx342/files/7c1989ac-2587-402a-a7a8-09f17420a691/file_downloaded
Dataset_01_jtttfbx342,healthy_(27).jpg,original,Healthy_Leaf,d1519e26-8018-4bbe-aa05-9e13a6bbaa78,57c665e7e0b493477c45d01e0fde6cd8ead863030e3ce25235ba91845a41b2fb,57c665e7e0b493477c45d01e0fde6cd8ead863030e3ce25235ba91845a41b2fb,YES,ffffef810081efff,3982944,2024-12-30T20:22:17.651Z,SUCCESS,D:\curuma\turmeric_datasets\dataset_01\original\Healthy_Leaf\healthy_(27).jpg,https://data.mendeley.com/public-files/datasets/jtttfbx342/files/762d4bad-de51-43e5-9d89-cfaf1d07c712/file_downloaded
Dataset_01_jtttfbx342,healthy_(28).jpg,original,Healthy_Leaf,d1519e26-8018-4bbe-aa05-9e13a6bbaa78,92366457c6767e9d4209cd56dd7dac18c28c4bb4a001ea261a062d7b8ce0579b,92366457c6767e9d4209cd56dd7dac18c28c4bb4a001ea261a062d7b8ce0579b,YES,ffffc30000c1ffff,3996599,2024-12-30T20:22:18.251Z,SUCCESS,D:\curuma\turmeric_datasets\dataset_01\original\Healthy_Leaf\healthy_(28).jpg,https://data.mendeley.com/public-files/datasets/jtttfbx342/files/852ad320-f65b-410f-9dd2-5d9db31f7ff1/file_downloaded
Dataset_01_jtttfbx342,healthy_(29).jpg,original,Healthy_Leaf,d1519e26-8018-4bbe-aa05-9e13a6bbaa78,32951e510541c778a7d3b5e3276350f5bf12fa2ddc838f98ab57e45305a9b03e,32951e510541c778a7d3b5e3276350f5bf12fa2ddc838f98ab57e45305a9b03e,YES,ffff8100e3fffffc,3900699,2024-12-30T20:22:20.085Z,SUCCESS,D:\curuma\turmeric_datasets\dataset_01\original\Healthy_Leaf\healthy_(29).jpg,https://data.mendeley.com/public-files/datasets/jtttfbx342/files/01fd6116-b30a-426f-a20c-ce67f284d8cd/file_downloaded
Dataset_01_jtttfbx342,healthy_(3).jpg,original,Healthy_Leaf,d1519e26-8018-4bbe-aa05-9e13a6bbaa78,12598557825366cf5d6786d17f882def19f1b3487e84dce7acc17d236c6062ea,12598557825366cf5d6786d17f882def19f1b3487e84dce7acc17d236c6062ea,YES,ffff830080e3fff9,4191551,2024-12-30T20:22:20.775Z,SUCCESS,D:\curuma\turmeric_datasets\dataset_01\original\Healthy_Leaf\healthy_(3).jpg,https://data.mendeley.com/public-files/datasets/jtttfbx342/files/53ebf35f-2d15-4fff-96f7-b11c7610ea67/file_downloaded
Dataset_01_jtttfbx342,healthy_(30).jpg,original,Healthy_Leaf,d1519e26-8018-4bbe-aa05-9e13a6bbaa78,dd6c3df837cebc7b5e88b6565bbead0b47aba4d6a31b2ea275a15acb476263be,dd6c3df837cebc7b5e88b6565bbead0b47aba4d6a31b2ea275a15acb476263be,YES,ffffff810183fee0,3946470,2024-12-30T20:22:20.519Z,SUCCESS,D:\curuma\turmeric_datasets\dataset_01\original\Healthy_Leaf\healthy_(30).jpg,https://data.mendeley.com/public-files/datasets/jtttfbx342/files/75c12977-c417-4e9c-b0bc-ed6a8a8c0695/file_downloaded
Dataset_01_jtttfbx342,healthy_(31).jpg,original,Healthy_Leaf,d1519e26-8018-4bbe-aa05-9e13a6bbaa78,e170f384693e292aa08533d67c17e921c4cd0bff277f4a5086586ff6c9df6046,e170f384693e292aa08533d67c17e921c4cd0bff277f4a5086586ff6c9df6046,YES,ffff0000fbfffde0,3911422,2024-12-30T20:22:20.703Z,SUCCESS,D:\curuma\turmeric_datasets\dataset_01\original\Healthy_Leaf\healthy_(31).jpg,https://data.mendeley.com/public-files/datasets/jtttfbx342/files/afc8d278-ebe1-42f3-b18c-e72a79518af3/file_downloaded
Dataset_01_jtttfbx342,healthy_(32).jpg,original,Healthy_Leaf,d1519e26-8018-4bbe-aa05-9e13a6bbaa78,60d0c0ed4a8ef1c0d324ff1c2ab79969b582ee8bff80b95db7a908430d86b750,60d0c0ed4a8ef1c0d324ff1c2ab79969b582ee8bff80b95db7a908430d86b750,YES,ffffeb0000c3ffe0,4026024,2024-12-30T20:22:21.385Z,SUCCESS,D:\curuma\turmeric_datasets\dataset_01\original\Healthy_Leaf\healthy_(32).jpg,https://data.mendeley.com/public-files/datasets/jtttfbx342/files/fbb3eb4c-4642-4cae-8bdc-3bd897b2b103/file_downloaded
Dataset_01_jtttfbx342,healthy_(33).jpg,original,Healthy_Leaf,d1519e26-8018-4bbe-aa05-9e13a6bbaa78,fa9423f931838f2f37855fb0483b436cd62b1a0b41c3d793c1fb268fe7f2d05c,fa9423f931838f2f37855fb0483b436cd62b1a0b41c3d793c1fb268fe7f2d05c,YES,ffffc30080e3fffa,4095832,2024-12-30T20:22:21.47Z,SUCCESS,D:\curuma\turmeric_datasets\dataset_01\original\Healthy_Leaf\healthy_(33).jpg,https://data.mendeley.com/public-files/datasets/jtttfbx342/files/7db193d0-7994-43dc-88de-dc0a8f942527/file_downloaded
Dataset_01_jtttfbx342,healthy_(34).jpg,original,Healthy_Leaf,d1519e26-8018-4bbe-aa05-9e13a6bbaa78,5e5dfc3402393e15f186e8ad820d2867572a7ad796e6f2adfae9ce453d0553d6,5e5dfc3402393e15f186e8ad820d2867572a7ad796e6f2adfae9ce453d0553d6,YES,ffff0000c7fffff4,3980915,2024-12-30T20:22:23.026Z,SUCCESS,D:\curuma\turmeric_datasets\dataset_01\original\Healthy_Leaf\healthy_(34).jpg,https://data.mendeley.com/public-files/datasets/jtttfbx342/files/ca36049e-c128-4a62-8bb8-9105488ce888/file_downloaded
Dataset_01_jtttfbx342,healthy_(35).jpg,original,Healthy_Leaf,d1519e26-8018-4bbe-aa05-9e13a6bbaa78,9051f2084dfb66577e646a8702b0c1aaf7f8a9cc54a364c2ad39bd4b2ddec3f0,9051f2084dfb66577e646a8702b0c1aaf7f8a9cc54a364c2ad39bd4b2ddec3f0,YES,ffffff8000c7fec0,4039518,2024-12-30T20:22:24.973Z,SUCCESS,D:\curuma\turmeric_datasets\dataset_01\original\Healthy_Leaf\healthy_(35).jpg,https://data.mendeley.com/public-files/datasets/jtttfbx342/files/bb4854e9-f2b1-4674-8cc4-651e92f21189/file_downloaded
Dataset_01_jtttfbx342,healthy_(36).jpg,original,Healthy_Leaf,d1519e26-8018-4bbe-aa05-9e13a6bbaa78,791053696efcc85a7d06627be9dd3993ca4765ef5ec81f054f867e3acd343d35,791053696efcc85a7d06627be9dd3993ca4765ef5ec81f054f867e3acd343d35,YES,ffff810081ffffe8,3990335,2024-12-30T20:22:24.907Z,SUCCESS,D:\curuma\turmeric_datasets\dataset_01\original\Healthy_Leaf\healthy_(36).jpg,https://data.mendeley.com/public-files/datasets/jtttfbx342/files/f6ab961e-c04e-4cbf-9e87-444631e7dbd0/file_downloaded
Dataset_01_jtttfbx342,healthy_(37).jpg,original,Healthy_Leaf,d1519e26-8018-4bbe-aa05-9e13a6bbaa78,3133f686306cf084a7ce72d93e70bc7038e5526a481242e06195788de848a3d9,3133f686306cf084a7ce72d93e70bc7038e5526a481242e06195788de848a3d9,YES,ffffe7800087ffe7,3897092,2024-12-30T20:22:25.232Z,SUCCESS,D:\curuma\turmeric_datasets\dataset_01\original\Healthy_Leaf\healthy_(37).jpg,https://data.mendeley.com/public-files/datasets/jtttfbx342/files/11b1555d-e585-4b75-8ca5-ed78e004d571/file_downloaded
Dataset_01_jtttfbx342,healthy_(38).jpg,original,Healthy_Leaf,d1519e26-8018-4bbe-aa05-9e13a6bbaa78,ae92ee8f30815ff5e7b4ca4e8446498c607592a6f6f2c7390e957f54fe7bf44b,ae92ee8f30815ff5e7b4ca4e8446498c607592a6f6f2c7390e957f54fe7bf44b,YES,ffffc7010083fffe,4071265,2024-12-30T20:22:27.758Z,SUCCESS,D:\curuma\turmeric_datasets\dataset_01\original\Healthy_Leaf\healthy_(38).jpg,https://data.mendeley.com/public-files/datasets/jtttfbx342/files/9d66482f-5d01-4044-ae21-d82ef9e2f906/file_downloaded
Dataset_01_jtttfbx342,healthy_(39).jpg,original,Healthy_Leaf,d1519e26-8018-4bbe-aa05-9e13a6bbaa78,e4769761accb165aa6621fee50568b15904f408015a0421584ed363f2250f5d0,e4769761accb165aa6621fee50568b15904f408015a0421584ed363f2250f5d0,YES,ffffc00003fffff8,3880546,2024-12-30T20:22:28.14Z,SUCCESS,D:\curuma\turmeric_datasets\dataset_01\original\Healthy_Leaf\healthy_(39).jpg,https://data.mendeley.com/public-files/datasets/jtttfbx342/files/82959595-3709-4c20-b211-297034b53920/file_downloaded
Dataset_01_jtttfbx342,healthy_(4).jpg,original,Healthy_Leaf,d1519e26-8018-4bbe-aa05-9e13a6bbaa78,ab5eba9cb2b657c98dd29dfd474bcbf4a527e27be2629156b0fd1ebf62462bdb,ab5eba9cb2b657c98dd29dfd474bcbf4a527e27be2629156b0fd1ebf62462bdb,YES,ffff010083fffff4,4072371,2024-12-30T20:22:28.604Z,SUCCESS,D:\curuma\turmeric_datasets\dataset_01\original\Healthy_Leaf\healthy_(4).jpg,https://data.mendeley.com/public-files/datasets/jtttfbx342/files/aa83dd81-1626-4a34-b232-fff0b7611e38/file_downloaded
Dataset_01_jtttfbx342,healthy_(40).jpg,original,Healthy_Leaf,d1519e26-8018-4bbe-aa05-9e13a6bbaa78,21edb823e283edfaf5667127d767de22855b922f25ff841b9b4be629fddf7c66,21edb823e283edfaf5667127d767de22855b922f25ff841b9b4be629fddf7c66,YES,ffffffc10007fce0,3897869,2024-12-30T20:22:28.38Z,SUCCESS,D:\curuma\turmeric_datasets\dataset_01\original\Healthy_Leaf\healthy_(40).jpg,https://data.mendeley.com/public-files/datasets/jtttfbx342/files/d1993421-e420-46f0-bf40-0946e53c8289/file_downloaded
Dataset_01_jtttfbx342,healthy_(41).jpg,original,Healthy_Leaf,d1519e26-8018-4bbe-aa05-9e13a6bbaa78,b6573cf3454ba91776279ef47ee78286d3282e4d59e77860877ca73a5d50216d,b6573cf3454ba91776279ef47ee78286d3282e4d59e77860877ca73a5d50216d,YES,ffff8380c0f3fef0,3962625,2024-12-30T20:22:29.013Z,SUCCESS,D:\curuma\turmeric_datasets\dataset_01\original\Healthy_Leaf\healthy_(41).jpg,https://data.mendeley.com/public-files/datasets/jtttfbx342/files/9535dfff-36f1-4875-9a08-5f0e3ecfe79a/file_downloaded
Dataset_01_jtttfbx342,healthy_(42).jpg,original,Healthy_Leaf,d1519e26-8018-4bbe-aa05-9e13a6bbaa78,b033815b5a24f74f373974214c10bcdbb8cbdccf8a7eeeac01588adc692e7e67,b033815b5a24f74f373974214c10bcdbb8cbdccf8a7eeeac01588adc692e7e67,YES,ffff830081ffffe0,4036884,2024-12-30T20:22:29.13Z,SUCCESS,D:\curuma\turmeric_datasets\dataset_01\original\Healthy_Leaf\healthy_(42).jpg,https://data.mendeley.com/public-files/datasets/jtttfbx342/files/8b96af76-6af3-4d89-909b-a5b2bca8dc93/file_downloaded
Dataset_01_jtttfbx342,healthy_(43).jpg,original,Healthy_Leaf,d1519e26-8018-4bbe-aa05-9e13a6bbaa78,43adffe4df7f9591a3624f52b60d9e7c4e392b741bfb4b1c6e42aa4c524b5ac8,43adffe4df7f9591a3624f52b60d9e7c4e392b741bfb4b1c6e42aa4c524b5ac8,YES,ffffc70100c1fff8,4057253,2024-12-30T20:22:29.796Z,SUCCESS,D:\curuma\turmeric_datasets\dataset_01\original\Healthy_Leaf\healthy_(43).jpg,https://data.mendeley.com/public-files/datasets/jtttfbx342/files/050be79f-eca2-4878-98b4-eea9d3c3b90f/file_downloaded
Dataset_01_jtttfbx342,healthy_(45).jpg,original,Healthy_Leaf,d1519e26-8018-4bbe-aa05-9e13a6bbaa78,d3e978bf533938c1073fa91956678bbb1eea90e90f6d258f099b69c04cd3655c,d3e978bf533938c1073fa91956678bbb1eea90e90f6d258f099b69c04cd3655c,YES,ffffff8101c3fce0,3987855,2024-12-30T20:22:31.045Z,SUCCESS,D:\curuma\turmeric_datasets\dataset_01\original\Healthy_Leaf\healthy_(45).jpg,https://data.mendeley.com/public-files/datasets/jtttfbx342/files/a1b2585b-800b-4531-9e96-0672894256a3/file_downloaded
Dataset_01_jtttfbx342,healthy_(46).jpg,original,Healthy_Leaf,d1519e26-8018-4bbe-aa05-9e13a6bbaa78,56b38767971f7042ac943f6947ec258962bd09796c5027eb15f25396336d8c71,56b38767971f7042ac943f6947ec258962bd09796c5027eb15f25396336d8c71,YES,fff30000c1fffffc,4217704,2024-12-30T20:22:31.517Z,SUCCESS,D:\curuma\turmeric_datasets\dataset_01\original\Healthy_Leaf\healthy_(46).jpg,https://data.mendeley.com/public-files/datasets/jtttfbx342/files/a8f69c6c-516a-4ebb-8af9-839dbaa0e5b4/file_downloaded
Dataset_01_jtttfbx342,healthy_(47).jpg,original,Healthy_Leaf,d1519e26-8018-4bbe-aa05-9e13a6bbaa78,e3c06f0b0c0f8e9cfe3e43c85e1c9627f827614114ad6a43cd3439460ddbd819,e3c06f0b0c0f8e9cfe3e43c85e1c9627f827614114ad6a43cd3439460ddbd819,YES,ffff830000c1ffff,4205349,2024-12-30T20:22:34.345Z,SUCCESS,D:\curuma\turmeric_datasets\dataset_01\original\Healthy_Leaf\healthy_(47).jpg,https://data.mendeley.com/public-files/datasets/jtttfbx342/files/a55d93ef-6924-4e51-b31e-c524d12f1d7e/file_downloaded
Dataset_01_jtttfbx342,healthy_(44).jpg,original,Healthy_Leaf,d1519e26-8018-4bbe-aa05-9e13a6bbaa78,2d4fe7b225fc166e456e5ddf36764fa1f4e0fd76313805bd549a3eaadbd76b6b,2d4fe7b225fc166e456e5ddf36764fa1f4e0fd76313805bd549a3eaadbd76b6b,YES,ffffff8180c1fce0,3992217,2024-12-30T20:22:31.014Z,SUCCESS,D:\curuma\turmeric_datasets\dataset_01\original\Healthy_Leaf\healthy_(44).jpg,https://data.mendeley.com/public-files/datasets/jtttfbx342/files/3e10dc7c-86da-4d82-9f24-94b591a1983c/file_downloaded
Dataset_01_jtttfbx342,healthy_(48).jpg,original,Healthy_Leaf,d1519e26-8018-4bbe-aa05-9e13a6bbaa78,ef4e355a9fb1d779acdf29622ec6b9b1a86917250f91fa1f64e7e63bba8980cb,ef4e355a9fb1d779acdf29622ec6b9b1a86917250f91fa1f64e7e63bba8980cb,YES,ffcf010080e1ffff,4867271,2024-12-30T20:22:35.814Z,SUCCESS,D:\curuma\turmeric_datasets\dataset_01\original\Healthy_Leaf\healthy_(48).jpg,https://data.mendeley.com/public-files/datasets/jtttfbx342/files/3460be0a-39cc-49e0-867f-fdfb6d07464c/file_downloaded
Dataset_01_jtttfbx342,healthy_(5).jpg,original,Healthy_Leaf,d1519e26-8018-4bbe-aa05-9e13a6bbaa78,f083c46db390275cefce1372102a93924b1a95f46edd938165ad0d3fb8488db0,f083c46db390275cefce1372102a93924b1a95f46edd938165ad0d3fb8488db0,YES,ffffe70100c3fde0,4048216,2024-12-30T20:22:35.622Z,SUCCESS,D:\curuma\turmeric_datasets\dataset_01\original\Healthy_Leaf\healthy_(5).jpg,https://data.mendeley.com/public-files/datasets/jtttfbx342/files/6276c53e-896d-4342-bbc4-0c93519a9371/file_downloaded
Dataset_01_jtttfbx342,healthy_(49).jpg,original,Healthy_Leaf,d1519e26-8018-4bbe-aa05-9e13a6bbaa78,b83d909adb4893f60173e2d2bc85e9d22b00eedca807bb3a56a8e61ce39e833a,b83d909adb4893f60173e2d2bc85e9d22b00eedca807bb3a56a8e61ce39e833a,YES,ffc10000c1ffffff,4341825,2024-12-30T20:22:35.592Z,SUCCESS,D:\curuma\turmeric_datasets\dataset_01\original\Healthy_Leaf\healthy_(49).jpg,https://data.mendeley.com/public-files/datasets/jtttfbx342/files/865d2bbf-a6c9-434f-9f49-8a3901c16783/file_downloaded
Dataset_01_jtttfbx342,healthy_(50).jpg,original,Healthy_Leaf,d1519e26-8018-4bbe-aa05-9e13a6bbaa78,4dd89fc736c92317ffbe01d3e14bdf6b2ad7035abfb89e6fdf2fe86422799444,4dd89fc736c92317ffbe01d3e14bdf6b2ad7035abfb89e6fdf2fe86422799444,YES,ffffc38080c3fff0,4097361,2024-12-30T20:22:35.88Z,SUCCESS,D:\curuma\turmeric_datasets\dataset_01\original\Healthy_Leaf\healthy_(50).jpg,https://data.mendeley.com/public-files/datasets/jtttfbx342/files/5241548b-3b4e-4493-a78c-65feedc0c369/file_downloaded
Dataset_01_jtttfbx342,healthy_(52).jpg,original,Healthy_Leaf,d1519e26-8018-4bbe-aa05-9e13a6bbaa78,a0e503e47f6aa59901231a5ad4dfa1861e2b0877ca47fa94af124ecf23f5d049,a0e503e47f6aa59901231a5ad4dfa1861e2b0877ca47fa94af124ecf23f5d049,YES,070f7f8383c7ffff,4260191,2024-12-30T20:22:36.605Z,SUCCESS,D:\curuma\turmeric_datasets\dataset_01\original\Healthy_Leaf\healthy_(52).jpg,https://data.mendeley.com/public-files/datasets/jtttfbx342/files/8a8b0d82-2b87-431a-9dd0-845664ce3efd/file_downloaded
Dataset_01_jtttfbx342,healthy_(53).jpg,original,Healthy_Leaf,d1519e26-8018-4bbe-aa05-9e13a6bbaa78,d0144525b86430b395b503cbe7b73cb317ea2504a8ca09b403ffdbf0a9233826,d0144525b86430b395b503cbe7b73cb317ea2504a8ca09b403ffdbf0a9233826,YES,00f9ff8181e3ffff,4279179,2024-12-30T20:22:37.288Z,SUCCESS,D:\curuma\turmeric_datasets\dataset_01\original\Healthy_Leaf\healthy_(53).jpg,https://data.mendeley.com/public-files/datasets/jtttfbx342/files/b8a3899c-78ce-473b-9b34-9a065b750e24/file_downloaded
Dataset_01_jtttfbx342,healthy_(54).jpg,original,Healthy_Leaf,d1519e26-8018-4bbe-aa05-9e13a6bbaa78,203f62388236489f6b40fb013e3b638d8abf1f04ea6bfa1d6c2200980da2d965,203f62388236489f6b40fb013e3b638d8abf1f04ea6bfa1d6c2200980da2d965,YES,0007ff8181ffffff,4388023,2024-12-30T20:22:37.369Z,SUCCESS,D:\curuma\turmeric_datasets\dataset_01\original\Healthy_Leaf\healthy_(54).jpg,https://data.mendeley.com/public-files/datasets/jtttfbx342/files/747a9362-7c7e-493c-840c-3263b8df734f/file_downloaded
Dataset_01_jtttfbx342,healthy_(51).jpg,original,Healthy_Leaf,d1519e26-8018-4bbe-aa05-9e13a6bbaa78,964fa82a7dd770c22904358a23f33b786797361a74d0116e0937a3c374bb8a48,964fa82a7dd770c22904358a23f33b786797361a74d0116e0937a3c374bb8a48,YES,003fff8181dfffff,4350727,2024-12-30T20:22:36.162Z,SUCCESS,D:\curuma\turmeric_datasets\dataset_01\original\Healthy_Leaf\healthy_(51).jpg,https://data.mendeley.com/public-files/datasets/jtttfbx342/files/42d6e715-9e74-44ea-a649-8aacfc664fab/file_downloaded
Dataset_01_jtttfbx342,healthy_(56).jpg,original,Healthy_Leaf,d1519e26-8018-4bbe-aa05-9e13a6bbaa78,e9a5fabb80e078cc3f0b07ef04f62552f18f116861d1b340c005412e5ef95534,e9a5fabb80e078cc3f0b07ef04f62552f18f116861d1b340c005412e5ef95534,YES,007fc00083ffffff,4388634,2024-12-30T20:22:41.196Z,SUCCESS,D:\curuma\turmeric_datasets\dataset_01\original\Healthy_Leaf\healthy_(56).jpg,https://data.mendeley.com/public-files/datasets/jtttfbx342/files/ce2bbd27-90aa-4edd-8a16-d4c015c5bd35/file_downloaded
Dataset_01_jtttfbx342,healthy_(55).jpg,original,Healthy_Leaf,d1519e26-8018-4bbe-aa05-9e13a6bbaa78,26458b362ac8521bf4c4a9b5f2483b9d9f850c8eab309be4bd0cbd9ff0d5243b,26458b362ac8521bf4c4a9b5f2483b9d9f850c8eab309be4bd0cbd9ff0d5243b,YES,003fff8181ffffff,4235971,2024-12-30T20:22:37.463Z,SUCCESS,D:\curuma\turmeric_datasets\dataset_01\original\Healthy_Leaf\healthy_(55).jpg,https://data.mendeley.com/public-files/datasets/jtttfbx342/files/ebc23c2a-94a1-4b85-9338-45690f8c252a/file_downloaded
Dataset_01_jtttfbx342,healthy_(57).jpg,original,Healthy_Leaf,d1519e26-8018-4bbe-aa05-9e13a6bbaa78,c5e854f61daece79ce800db4d1bacbc8beab0c7143f888e33f597abeca4b01ac,c5e854f61daece79ce800db4d1bacbc8beab0c7143f888e33f597abeca4b01ac,YES,0f7f8301008fffff,4391876,2024-12-30T20:22:47.205Z,SUCCESS,D:\curuma\turmeric_datasets\dataset_01\original\Healthy_Leaf\healthy_(57).jpg,https://data.mendeley.com/public-files/datasets/jtttfbx342/files/73372d62-ce2e-4041-ab95-d6c2f5297092/file_downloaded
Dataset_01_jtttfbx342,healthy_(58).jpg,original,Healthy_Leaf,d1519e26-8018-4bbe-aa05-9e13a6bbaa78,caec246c2a1ed3565df27b6d7e6ebcc912915ec0ef26c8b70cb5ea72bb8e8bdf,caec246c2a1ed3565df27b6d7e6ebcc912915ec0ef26c8b70cb5ea72bb8e8bdf,YES,e0ffc30080e3ffff,4094355,2024-12-30T20:22:46.688Z,SUCCESS,D:\curuma\turmeric_datasets\dataset_01\original\Healthy_Leaf\healthy_(58).jpg,https://data.mendeley.com/public-files/datasets/jtttfbx342/files/6c900b83-7c0a-4a08-89dd-c059336f529d/file_downloaded
Dataset_01_jtttfbx342,healthy_(59).jpg,original,Healthy_Leaf,d1519e26-8018-4bbe-aa05-9e13a6bbaa78,956e8dd39793dfe8fac396bffbf6c1b1163f67f7351c9d01a7bc006af6182471,956e8dd39793dfe8fac396bffbf6c1b1163f67f7351c9d01a7bc006af6182471,YES,00ff800087ffffff,3985308,2024-12-30T20:22:47.844Z,SUCCESS,D:\curuma\turmeric_datasets\dataset_01\original\Healthy_Leaf\healthy_(59).jpg,https://data.mendeley.com/public-files/datasets/jtttfbx342/files/415640bd-0b10-4456-b288-328c01a8ef8a/file_downloaded
Dataset_01_jtttfbx342,healthy_(6).jpg,original,Healthy_Leaf,d1519e26-8018-4bbe-aa05-9e13a6bbaa78,3f42c0807be000c465c87ad7197329cfdad2cafa47e559ba07c860651a8c400d,3f42c0807be000c465c87ad7197329cfdad2cafa47e559ba07c860651a8c400d,YES,ffff8100f3fff0e0,3905738,2024-12-30T20:22:47.607Z,SUCCESS,D:\curuma\turmeric_datasets\dataset_01\original\Healthy_Leaf\healthy_(6).jpg,https://data.mendeley.com/public-files/datasets/jtttfbx342/files/ab82886d-0498-4a4e-a7ec-e196ee11f939/file_downloaded
Dataset_01_jtttfbx342,healthy_(60).jpg,original,Healthy_Leaf,d1519e26-8018-4bbe-aa05-9e13a6bbaa78,532450abf7734dad4db519b57ef419a26242aeefd1c64e595dd9bf4c9ee4cfe8,532450abf7734dad4db519b57ef419a26242aeefd1c64e595dd9bf4c9ee4cfe8,YES,017fc10003ffffff,4059213,2024-12-30T20:22:48.474Z,SUCCESS,D:\curuma\turmeric_datasets\dataset_01\original\Healthy_Leaf\healthy_(60).jpg,https://data.mendeley.com/public-files/datasets/jtttfbx342/files/d77fc914-d773-45fd-9fbb-a26ef4af5546/file_downloaded
Dataset_01_jtttfbx342,healthy_(61).jpg,original,Healthy_Leaf,d1519e26-8018-4bbe-aa05-9e13a6bbaa78,4e7a5fb532a9f2de9b01ba422a1d03863091a880e037c3a1c38b93bc40862c3b,4e7a5fb532a9f2de9b01ba422a1d03863091a880e037c3a1c38b93bc40862c3b,YES,003f8100c3ffffff,4012875,2024-12-30T20:22:49.078Z,SUCCESS,D:\curuma\turmeric_datasets\dataset_01\original\Healthy_Leaf\healthy_(61).jpg,https://data.mendeley.com/public-files/datasets/jtttfbx342/files/5c06710f-6c7d-4bf2-9f4a-c613190d223c/file_downloaded
Dataset_01_jtttfbx342,healthy_(62).jpg,original,Healthy_Leaf,d1519e26-8018-4bbe-aa05-9e13a6bbaa78,6af419e5e2ad11a3bf09b09a1259f0f740bc8ded1b26ac4c6c3156dce3023a7d,6af419e5e2ad11a3bf09b09a1259f0f740bc8ded1b26ac4c6c3156dce3023a7d,YES,073fe78001c3ffff,4517010,2024-12-30T20:22:50.634Z,SUCCESS,D:\curuma\turmeric_datasets\dataset_01\original\Healthy_Leaf\healthy_(62).jpg,https://data.mendeley.com/public-files/datasets/jtttfbx342/files/01895fcf-480f-4269-8541-228e806ebdf9/file_downloaded
Dataset_01_jtttfbx342,healthy_(63).jpg,original,Healthy_Leaf,d1519e26-8018-4bbe-aa05-9e13a6bbaa78,15149af2cfbafc0d4ffb76a79565cb0264c18d5cdcb1955f78596abcf4452ccf,15149af2cfbafc0d4ffb76a79565cb0264c18d5cdcb1955f78596abcf4452ccf,YES,c0ffc300c1fbffff,4219121,2024-12-30T20:22:50.308Z,SUCCESS,D:\curuma\turmeric_datasets\dataset_01\original\Healthy_Leaf\healthy_(63).jpg,https://data.mendeley.com/public-files/datasets/jtttfbx342/files/7d01b7bd-6559-4467-a413-c082632df01a/file_downloaded
Dataset_01_jtttfbx342,healthy_(65).jpg,original,Healthy_Leaf,d1519e26-8018-4bbe-aa05-9e13a6bbaa78,49794f01b400988a0c03cd3a1299e17bb623dff1cb508d07ed68b21181c7e0ea,49794f01b400988a0c03cd3a1299e17bb623dff1cb508d07ed68b21181c7e0ea,YES,001ff78101e7ffff,3962076,2024-12-30T20:22:52.448Z,SUCCESS,D:\curuma\turmeric_datasets\dataset_01\original\Healthy_Leaf\healthy_(65).jpg,https://data.mendeley.com/public-files/datasets/jtttfbx342/files/283aaa85-85ac-4f0a-b30d-874a16ad0d3d/file_downloaded
Dataset_01_jtttfbx342,healthy_(64).jpg,original,Healthy_Leaf,d1519e26-8018-4bbe-aa05-9e13a6bbaa78,242dbfda85b8f159086db3cca57cd9ab8c65fec934ccb51a1f7d02ed8a63c7b9,242dbfda85b8f159086db3cca57cd9ab8c65fec934ccb51a1f7d02ed8a63c7b9,YES,00778001c3ffffff,3777410,2024-12-30T20:22:49.831Z,SUCCESS,D:\curuma\turmeric_datasets\dataset_01\original\Healthy_Leaf\healthy_(64).jpg,https://data.mendeley.com/public-files/datasets/jtttfbx342/files/cd45114d-467f-445d-b756-8445f3897b2a/file_downloaded
Dataset_01_jtttfbx342,healthy_(66).jpg,original,Healthy_Leaf,d1519e26-8018-4bbe-aa05-9e13a6bbaa78,7222b4d0c1ed1e6179b7a1813648c8351889e782898ce92fc1886260a2343b0d,7222b4d0c1ed1e6179b7a1813648c8351889e782898ce92fc1886260a2343b0d,YES,00ff810083ffffff,4024843,2024-12-30T20:22:57.448Z,SUCCESS,D:\curuma\turmeric_datasets\dataset_01\original\Healthy_Leaf\healthy_(66).jpg,https://data.mendeley.com/public-files/datasets/jtttfbx342/files/4cfe5e12-2983-4b28-aad4-d8cb0694bdcb/file_downloaded
Dataset_01_jtttfbx342,healthy_(67).jpg,original,Healthy_Leaf,d1519e26-8018-4bbe-aa05-9e13a6bbaa78,36179f0859af58efa6c486c3ff76bd70c5096e0dc46740c657cc8b329cae1e9d,36179f0859af58efa6c486c3ff76bd70c5096e0dc46740c657cc8b329cae1e9d,YES,073fc78381c3ffff,4548232,2024-12-30T20:22:58.995Z,SUCCESS,D:\curuma\turmeric_datasets\dataset_01\original\Healthy_Leaf\healthy_(67).jpg,https://data.mendeley.com/public-files/datasets/jtttfbx342/files/b40bcedb-d341-43f2-9300-8a02909b9952/file_downloaded
Dataset_01_jtttfbx342,healthy_(68).jpg,original,Healthy_Leaf,d1519e26-8018-4bbe-aa05-9e13a6bbaa78,e39d5fde583a389698d50942dcdc6564874a4349460d431079a308920e96c7c5,e39d5fde583a389698d50942dcdc6564874a4349460d431079a308920e96c7c5,YES,00ffe381c1f3ffff,4396626,2024-12-30T20:22:59.214Z,SUCCESS,D:\curuma\turmeric_datasets\dataset_01\original\Healthy_Leaf\healthy_(68).jpg,https://data.mendeley.com/public-files/datasets/jtttfbx342/files/8e8ad655-f0ba-4c80-840a-0eba1b2170ab/file_downloaded
Dataset_01_jtttfbx342,healthy_(69).jpg,original,Healthy_Leaf,d1519e26-8018-4bbe-aa05-9e13a6bbaa78,bc0f48a36a2da56bc1a970c80bae2a635aa35178b8f853cddae3ca15114e3f45,bc0f48a36a2da56bc1a970c80bae2a635aa35178b8f853cddae3ca15114e3f45,YES,00778080e1ffffff,3949492,2024-12-30T20:22:58.898Z,SUCCESS,D:\curuma\turmeric_datasets\dataset_01\original\Healthy_Leaf\healthy_(69).jpg,https://data.mendeley.com/public-files/datasets/jtttfbx342/files/f53d06dc-db81-41cf-b760-3cd728473d6a/file_downloaded
Dataset_01_jtttfbx342,healthy_(7).jpg,original,Healthy_Leaf,d1519e26-8018-4bbe-aa05-9e13a6bbaa78,9cd5754ef9a1d8ca907509d43220b040722f21fed52b21b9c8bae2bcf35c6a68,9cd5754ef9a1d8ca907509d43220b040722f21fed52b21b9c8bae2bcf35c6a68,YES,ffffff0000c7e0e0,3902306,2024-12-30T20:22:59.341Z,SUCCESS,D:\curuma\turmeric_datasets\dataset_01\original\Healthy_Leaf\healthy_(7).jpg,https://data.mendeley.com/public-files/datasets/jtttfbx342/files/bd453c8f-62e2-48f5-abbe-a287374b4295/file_downloaded
Dataset_01_jtttfbx342,healthy_(70).jpg,original,Healthy_Leaf,d1519e26-8018-4bbe-aa05-9e13a6bbaa78,0db014f91dc88a3410f46f711b9a259569cc4ba7992a0eb7b00984233551ec61,0db014f91dc88a3410f46f711b9a259569cc4ba7992a0eb7b00984233551ec61,YES,001fe38181e7ffff,4116713,2024-12-30T20:22:59.939Z,SUCCESS,D:\curuma\turmeric_datasets\dataset_01\original\Healthy_Leaf\healthy_(70).jpg,https://data.mendeley.com/public-files/datasets/jtttfbx342/files/3f902ab5-2dc9-4a31-97c1-52ec53d8dc82/file_downloaded
Dataset_01_jtttfbx342,healthy_(71).jpg,original,Healthy_Leaf,d1519e26-8018-4bbe-aa05-9e13a6bbaa78,6f652ab3c72c6bd91a25ccfeda3f42da4f674f930e0e52ab1fa9faeb66424bc0,6f652ab3c72c6bd91a25ccfeda3f42da4f674f930e0e52ab1fa9faeb66424bc0,YES,00870100c3ffffff,4689987,2024-12-30T20:23:01.019Z,SUCCESS,D:\curuma\turmeric_datasets\dataset_01\original\Healthy_Leaf\healthy_(71).jpg,https://data.mendeley.com/public-files/datasets/jtttfbx342/files/a8ee589b-bdf1-4f6f-b53a-04d1bdaba20e/file_downloaded
Dataset_01_jtttfbx342,healthy_(72).jpg,original,Healthy_Leaf,d1519e26-8018-4bbe-aa05-9e13a6bbaa78,ba4ac7e43a436d4035a9851bf93b7396b5be659d690aef9f89df7c891e0b04ee,ba4ac7e43a436d4035a9851bf93b7396b5be659d690aef9f89df7c891e0b04ee,YES,073fef810181ffff,4667046,2024-12-30T20:23:01.364Z,SUCCESS,D:\curuma\turmeric_datasets\dataset_01\original\Healthy_Leaf\healthy_(72).jpg,https://data.mendeley.com/public-files/datasets/jtttfbx342/files/32537840-f14b-420e-8174-5e1571f88e2a/file_downloaded
Dataset_01_jtttfbx342,healthy_(73).jpg,original,Healthy_Leaf,d1519e26-8018-4bbe-aa05-9e13a6bbaa78,482cffeef5097fcde3289874270ea4bb258174f83944b281ed6785acd434b0da,482cffeef5097fcde3289874270ea4bb258174f83944b281ed6785acd434b0da,YES,f0ff830081e3ffff,4620179,2024-12-30T20:23:01.464Z,SUCCESS,D:\curuma\turmeric_datasets\dataset_01\original\Healthy_Leaf\healthy_(73).jpg,https://data.mendeley.com/public-files/datasets/jtttfbx342/files/552000c7-d930-44ea-8a3e-4dfd9188e3f1/file_downloaded
Dataset_01_jtttfbx342,healthy_(74).jpg,original,Healthy_Leaf,d1519e26-8018-4bbe-aa05-9e13a6bbaa78,3b149304cd80c5d7336284fa7d38c1bcf361524c1fdb416e4228ee805d814d9d,3b149304cd80c5d7336284fa7d38c1bcf361524c1fdb416e4228ee805d814d9d,YES,00ef000083ffffff,4652414,2024-12-30T20:23:02.032Z,SUCCESS,D:\curuma\turmeric_datasets\dataset_01\original\Healthy_Leaf\healthy_(74).jpg,https://data.mendeley.com/public-files/datasets/jtttfbx342/files/4fc2f350-f0e6-4d08-a976-b7070fe8a190/file_downloaded
Dataset_01_jtttfbx342,healthy_(75).jpg,original,Healthy_Leaf,d1519e26-8018-4bbe-aa05-9e13a6bbaa78,5c270e93f9ccd6b509e9d9e8ef66fc5e81c2c15f642fd2d05de09f143d57a126,5c270e93f9ccd6b509e9d9e8ef66fc5e81c2c15f642fd2d05de09f143d57a126,YES,013fe70101c3ffff,4897895,2024-12-30T20:23:05.549Z,SUCCESS,D:\curuma\turmeric_datasets\dataset_01\original\Healthy_Leaf\healthy_(75).jpg,https://data.mendeley.com/public-files/datasets/jtttfbx342/files/d93b82ef-4073-4070-b85e-5d0b7aab8743/file_downloaded
Dataset_01_jtttfbx342,healthy_(77).jpg,original,Healthy_Leaf,d1519e26-8018-4bbe-aa05-9e13a6bbaa78,cf6b91956b219dc1785ee62cefb072e9a00dce09cc7ebd5e9a82608becd0cf07,cf6b91956b219dc1785ee62cefb072e9a00dce09cc7ebd5e9a82608becd0cf07,YES,070f7f8783c7ffff,4117923,2024-12-30T20:23:06.96Z,SUCCESS,D:\curuma\turmeric_datasets\dataset_01\original\Healthy_Leaf\healthy_(77).jpg,https://data.mendeley.com/public-files/datasets/jtttfbx342/files/0e23c7ac-bab0-4480-8a6e-fa0d76e81604/file_downloaded
Dataset_01_jtttfbx342,healthy_(76).jpg,original,Healthy_Leaf,d1519e26-8018-4bbe-aa05-9e13a6bbaa78,7af914f02b28095eb7218f744b45d24d39ee26d1c7ffe7ce7744a57643239134,7af914f02b28095eb7218f744b45d24d39ee26d1c7ffe7ce7744a57643239134,YES,007f8301c3ffffff,3982937,2024-12-30T20:23:06.497Z,SUCCESS,D:\curuma\turmeric_datasets\dataset_01\original\Healthy_Leaf\healthy_(76).jpg,https://data.mendeley.com/public-files/datasets/jtttfbx342/files/07b44beb-afbc-4e1b-b9c1-001f26cd5a18/file_downloaded
Dataset_01_jtttfbx342,healthy_(78).jpg,original,Healthy_Leaf,d1519e26-8018-4bbe-aa05-9e13a6bbaa78,93f1fca6023123cbcb4e0716d1a1492e0a008f03960724325af78c695bbba312,93f1fca6023123cbcb4e0716d1a1492e0a008f03960724325af78c695bbba312,YES,070f7f8783c7ffff,2928981,2024-12-30T20:23:05.242Z,SUCCESS,D:\curuma\turmeric_datasets\dataset_01\original\Healthy_Leaf\healthy_(78).jpg,https://data.mendeley.com/public-files/datasets/jtttfbx342/files/0f37f660-6e1c-488e-af2b-3d6dec9b81bf/file_downloaded
Dataset_01_jtttfbx342,healthy_(79).jpg,original,Healthy_Leaf,d1519e26-8018-4bbe-aa05-9e13a6bbaa78,5836ea8c2194d0d2cdd7862f41eeef4a7677f604aa7b6ad5d2e6484a60284b99,5836ea8c2194d0d2cdd7862f41eeef4a7677f604aa7b6ad5d2e6484a60284b99,YES,00ffe78181e3ffff,4292064,2024-12-30T20:23:07.718Z,SUCCESS,D:\curuma\turmeric_datasets\dataset_01\original\Healthy_Leaf\healthy_(79).jpg,https://data.mendeley.com/public-files/datasets/jtttfbx342/files/36470cd5-17e6-4b39-ab9e-d803712110a3/file_downloaded
Dataset_01_jtttfbx342,healthy_(8).jpg,original,Healthy_Leaf,d1519e26-8018-4bbe-aa05-9e13a6bbaa78,63669ff0cb05008f6241c0b737d1bd927c5e883ebddf3543ed96a6482d2a4731,63669ff0cb05008f6241c0b737d1bd927c5e883ebddf3543ed96a6482d2a4731,YES,ffff8380c1777ff8,4023450,2024-12-30T20:23:08.352Z,SUCCESS,D:\curuma\turmeric_datasets\dataset_01\original\Healthy_Leaf\healthy_(8).jpg,https://data.mendeley.com/public-files/datasets/jtttfbx342/files/69ab425f-18d3-4078-b826-1cdc13c41397/file_downloaded
Dataset_01_jtttfbx342,healthy_(80).jpg,original,Healthy_Leaf,d1519e26-8018-4bbe-aa05-9e13a6bbaa78,4d19cebf94ba8a6634c8fadf1e89a943caa78e4c96ba8913a1308069360af924,4d19cebf94ba8a6634c8fadf1e89a943caa78e4c96ba8913a1308069360af924,YES,007fc10183ffffff,4364269,2024-12-30T20:23:09.77Z,SUCCESS,D:\curuma\turmeric_datasets\dataset_01\original\Healthy_Leaf\healthy_(80).jpg,https://data.mendeley.com/public-files/datasets/jtttfbx342/files/d9591306-51de-4a46-894d-0d09e85d82b8/file_downloaded
Dataset_01_jtttfbx342,healthy_(81).jpg,original,Healthy_Leaf,d1519e26-8018-4bbe-aa05-9e13a6bbaa78,ed57ace3258e4401d630f6091ec234b965070ea7758dd377eac9ea8b078980bd,ed57ace3258e4401d630f6091ec234b965070ea7758dd377eac9ea8b078980bd,YES,003fc78183ffffff,4098245,2024-12-30T20:23:09.798Z,SUCCESS,D:\curuma\turmeric_datasets\dataset_01\original\Healthy_Leaf\healthy_(81).jpg,https://data.mendeley.com/public-files/datasets/jtttfbx342/files/81dba300-5473-42aa-bdd2-82b47d6875c8/file_downloaded
Dataset_01_jtttfbx342,healthy_(82).jpg,original,Healthy_Leaf,d1519e26-8018-4bbe-aa05-9e13a6bbaa78,1533285c8eed7d036f4885dc563cf783000ba6dc22cf33b90eb9a9329daff940,1533285c8eed7d036f4885dc563cf783000ba6dc22cf33b90eb9a9329daff940,YES,00ef010081ffffff,4120708,2024-12-30T20:23:09.938Z,SUCCESS,D:\curuma\turmeric_datasets\dataset_01\original\Healthy_Leaf\healthy_(82).jpg,https://data.mendeley.com/public-files/datasets/jtttfbx342/files/e643fe5f-cbf7-4536-9c56-08ea7a024fb9/file_downloaded
Dataset_01_jtttfbx342,healthy_(83).jpg,original,Healthy_Leaf,d1519e26-8018-4bbe-aa05-9e13a6bbaa78,105a79b64babd83f1e352014424a98bdaf1420759b0b4d848060b375d35a4e82,105a79b64babd83f1e352014424a98bdaf1420759b0b4d848060b375d35a4e82,YES,077fc7010083ffff,4565158,2024-12-30T20:23:10.772Z,SUCCESS,D:\curuma\turmeric_datasets\dataset_01\original\Healthy_Leaf\healthy_(83).jpg,https://data.mendeley.com/public-files/datasets/jtttfbx342/files/b9e7c066-ba80-4b59-ae4c-10bf57775b44/file_downloaded
Dataset_01_jtttfbx342,healthy_(84).jpg,original,Healthy_Leaf,d1519e26-8018-4bbe-aa05-9e13a6bbaa78,036254c2ec48882f6c5978dfa42221fa47c5708f0647ddb89b1144ef889e9bd5,036254c2ec48882f6c5978dfa42221fa47c5708f0647ddb89b1144ef889e9bd5,YES,e0ff830080e3ffff,4686739,2024-12-30T20:23:13.586Z,SUCCESS,D:\curuma\turmeric_datasets\dataset_01\original\Healthy_Leaf\healthy_(84).jpg,https://data.mendeley.com/public-files/datasets/jtttfbx342/files/bcbed704-110b-4527-92fd-516ff3168623/file_downloaded
Dataset_01_jtttfbx342,healthy_(85).jpg,original,Healthy_Leaf,d1519e26-8018-4bbe-aa05-9e13a6bbaa78,b22d37131c84c28350787ddba45d1aeef55affed452d3340c383620224692234,b22d37131c84c28350787ddba45d1aeef55affed452d3340c383620224692234,YES,00ff810081ffffff,4001385,2024-12-30T20:23:13.002Z,SUCCESS,D:\curuma\turmeric_datasets\dataset_01\original\Healthy_Leaf\healthy_(85).jpg,https://data.mendeley.com/public-files/datasets/jtttfbx342/files/587afeaa-abd3-43fc-b581-cb67e75def8c/file_downloaded
Dataset_01_jtttfbx342,healthy_(86).jpg,original,Healthy_Leaf,d1519e26-8018-4bbe-aa05-9e13a6bbaa78,1254d0fff4c1dc58bbc04ab9b599def1ca066a866f525ad023a099efcc2ccb06,1254d0fff4c1dc58bbc04ab9b599def1ca066a866f525ad023a099efcc2ccb06,YES,003fc30181e7ffff,4643838,2024-12-30T20:23:14.667Z,SUCCESS,D:\curuma\turmeric_datasets\dataset_01\original\Healthy_Leaf\healthy_(86).jpg,https://data.mendeley.com/public-files/datasets/jtttfbx342/files/33a02919-cde9-47b5-9076-e329f1367935/file_downloaded
Dataset_01_jtttfbx342,healthy_(87).jpg,original,Healthy_Leaf,d1519e26-8018-4bbe-aa05-9e13a6bbaa78,b3240c50152f808ae7d6b501b9289efbfead8e73ad132f1aaa4814ff86f828a1,b3240c50152f808ae7d6b501b9289efbfead8e73ad132f1aaa4814ff86f828a1,YES,00ff838080c3ffff,4423980,2024-12-30T20:23:14.797Z,SUCCESS,D:\curuma\turmeric_datasets\dataset_01\original\Healthy_Leaf\healthy_(87).jpg,https://data.mendeley.com/public-files/datasets/jtttfbx342/files/81099489-eff9-4b5a-ae7b-998a2feecee0/file_downloaded
Dataset_01_jtttfbx342,healthy_(88).jpg,original,Healthy_Leaf,d1519e26-8018-4bbe-aa05-9e13a6bbaa78,8618c3308494accba1b5d863bf1deb7d0584fdd77cb6347599b0c888998da3b0,8618c3308494accba1b5d863bf1deb7d0584fdd77cb6347599b0c888998da3b0,YES,60ffe3c1c1e3ffff,4449006,2024-12-30T20:23:15.239Z,SUCCESS,D:\curuma\turmeric_datasets\dataset_01\original\Healthy_Leaf\healthy_(88).jpg,https://data.mendeley.com/public-files/datasets/jtttfbx342/files/4b7ba395-e353-45a9-8f3a-61cddad11a83/file_downloaded
Dataset_01_jtttfbx342,healthy_(9).jpg,original,Healthy_Leaf,d1519e26-8018-4bbe-aa05-9e13a6bbaa78,1e3941bbce9b9664642aacf89bdd8a7e4afaf64929b720be85edb2a8f1454f06,1e3941bbce9b9664642aacf89bdd8a7e4afaf64929b720be85edb2a8f1454f06,YES,ffff010083fff7f0,4013632,2024-12-30T20:23:16.517Z,SUCCESS,D:\curuma\turmeric_datasets\dataset_01\original\Healthy_Leaf\healthy_(9).jpg,https://data.mendeley.com/public-files/datasets/jtttfbx342/files/b0ca3a7c-a71d-4c3e-9cd0-a40bde409170/file_downloaded
Dataset_01_jtttfbx342,healthy_(89).jpg,original,Healthy_Leaf,d1519e26-8018-4bbe-aa05-9e13a6bbaa78,46e6db88ee9a059acb8288289eedae880eeee7ee844982134de71bb8f6ce3d5b,46e6db88ee9a059acb8288289eedae880eeee7ee844982134de71bb8f6ce3d5b,YES,073fc78383c7ffff,4347772,2024-12-30T20:23:15.507Z,SUCCESS,D:\curuma\turmeric_datasets\dataset_01\original\Healthy_Leaf\healthy_(89).jpg,https://data.mendeley.com/public-files/datasets/jtttfbx342/files/179a89fe-d3a7-4e31-991d-36a775318d4e/file_downloaded
Dataset_01_jtttfbx342,healthy_(91).jpg,original,Healthy_Leaf,d1519e26-8018-4bbe-aa05-9e13a6bbaa78,0e7183ec5ea00850d193dd171cedc93b920b403bb71440c08e6ac9b42b2dbcb2,0e7183ec5ea00850d193dd171cedc93b920b403bb71440c08e6ac9b42b2dbcb2,YES,107fc38181e7ffff,4555940,2024-12-30T20:23:17.173Z,SUCCESS,D:\curuma\turmeric_datasets\dataset_01\original\Healthy_Leaf\healthy_(91).jpg,https://data.mendeley.com/public-files/datasets/jtttfbx342/files/b5c64664-a6b6-4256-8693-5672860fac8f/file_downloaded
Dataset_01_jtttfbx342,healthy_(90).jpg,original,Healthy_Leaf,d1519e26-8018-4bbe-aa05-9e13a6bbaa78,c506ea0cbae3472eb9bdf782155cd8727a9a078c974adc12a5c91b10e7f6bdd8,c506ea0cbae3472eb9bdf782155cd8727a9a078c974adc12a5c91b10e7f6bdd8,YES,00e3810183ffffff,4371280,2024-12-30T20:23:16.935Z,SUCCESS,D:\curuma\turmeric_datasets\dataset_01\original\Healthy_Leaf\healthy_(90).jpg,https://data.mendeley.com/public-files/datasets/jtttfbx342/files/3ed7cfac-49d8-414f-85f5-3de02cde6ae6/file_downloaded
Dataset_01_jtttfbx342,healthy_(92).jpg,original,Healthy_Leaf,d1519e26-8018-4bbe-aa05-9e13a6bbaa78,c5b4c73c8981a2629a3d58faf6d9e4188634b2227561162dd895c76fcda35bdd,c5b4c73c8981a2629a3d58faf6d9e4188634b2227561162dd895c76fcda35bdd,YES,0087810083ffffff,4635558,2024-12-30T20:23:17.97Z,SUCCESS,D:\curuma\turmeric_datasets\dataset_01\original\Healthy_Leaf\healthy_(92).jpg,https://data.mendeley.com/public-files/datasets/jtttfbx342/files/9bfad0f2-3f42-4b84-ab62-5962c0b6d990/file_downloaded
Dataset_01_jtttfbx342,healthy_(93).jpg,original,Healthy_Leaf,d1519e26-8018-4bbe-aa05-9e13a6bbaa78,39d8e300c616e6d5c55d6c3b3304be01472da1d65183275839ae29c4c6faf0e2,39d8e300c616e6d5c55d6c3b3304be01472da1d65183275839ae29c4c6faf0e2,YES,f8ff810081e3ffff,4727521,2024-12-30T20:23:20.027Z,SUCCESS,D:\curuma\turmeric_datasets\dataset_01\original\Healthy_Leaf\healthy_(93).jpg,https://data.mendeley.com/public-files/datasets/jtttfbx342/files/5cc95ebd-b177-4c48-9608-b67e8040d37b/file_downloaded
Dataset_01_jtttfbx342,healthy_(94).jpg,original,Healthy_Leaf,d1519e26-8018-4bbe-aa05-9e13a6bbaa78,9b12f1cee2617cf1d596abf78f9a22ed54b7576afd55b34055590043309a5b85,9b12f1cee2617cf1d596abf78f9a22ed54b7576afd55b34055590043309a5b85,YES,077f870381c3ffff,4406942,2024-12-30T20:23:20.326Z,SUCCESS,D:\curuma\turmeric_datasets\dataset_01\original\Healthy_Leaf\healthy_(94).jpg,https://data.mendeley.com/public-files/datasets/jtttfbx342/files/9198a087-824e-4c0a-a057-87a932866ad8/file_downloaded
Dataset_01_jtttfbx342,healthy_(97).jpg,original,Healthy_Leaf,d1519e26-8018-4bbe-aa05-9e13a6bbaa78,b86d74664321e23e28b4e728c4998e8315efe1b8f35a4d6373f52349a2a4082a,b86d74664321e23e28b4e728c4998e8315efe1b8f35a4d6373f52349a2a4082a,YES,003fc10083ffffff,3863392,2024-12-30T20:23:21.463Z,SUCCESS,D:\curuma\turmeric_datasets\dataset_01\original\Healthy_Leaf\healthy_(97).jpg,https://data.mendeley.com/public-files/datasets/jtttfbx342/files/35e603b8-1794-4a4a-be82-0a9b6bf59117/file_downloaded
Dataset_01_jtttfbx342,healthy_(95).jpg,original,Healthy_Leaf,d1519e26-8018-4bbe-aa05-9e13a6bbaa78,f7486871317a681c31a2f4c548b6fbb7cbfb5541428b60ea90d037523b129de9,f7486871317a681c31a2f4c548b6fbb7cbfb5541428b60ea90d037523b129de9,YES,06f38100c1ffffff,4763786,2024-12-30T20:23:21.842Z,SUCCESS,D:\curuma\turmeric_datasets\dataset_01\original\Healthy_Leaf\healthy_(95).jpg,https://data.mendeley.com/public-files/datasets/jtttfbx342/files/3c79e619-1e1b-42cd-b6fb-dc057f540e03/file_downloaded
Dataset_01_jtttfbx342,healthy_(96).jpg,original,Healthy_Leaf,d1519e26-8018-4bbe-aa05-9e13a6bbaa78,557aab98c5a14022190d2ee033abaedad700f8253a13d514182c0ea2caf43726,557aab98c5a14022190d2ee033abaedad700f8253a13d514182c0ea2caf43726,YES,003fc38181e3ffff,3933026,2024-12-30T20:23:21.156Z,SUCCESS,D:\curuma\turmeric_datasets\dataset_01\original\Healthy_Leaf\healthy_(96).jpg,https://data.mendeley.com/public-files/datasets/jtttfbx342/files/3c4e7881-4a6c-4e42-9f38-bcff15ae2948/file_downloaded
Dataset_01_jtttfbx342,healthy_(98).jpg,original,Healthy_Leaf,d1519e26-8018-4bbe-aa05-9e13a6bbaa78,e1ca994acd4f38902c70a4a1276b5282fe58947d522fb25b97647b3bd09e18c0,e1ca994acd4f38902c70a4a1276b5282fe58947d522fb25b97647b3bd09e18c0,YES,00cc0381e1ffffff,3836977,2024-12-30T20:23:21.665Z,SUCCESS,D:\curuma\turmeric_datasets\dataset_01\original\Healthy_Leaf\healthy_(98).jpg,https://data.mendeley.com/public-files/datasets/jtttfbx342/files/deaa2ae2-e33e-410d-9ab7-6564ba8e22f5/file_downloaded
Dataset_01_jtttfbx342,healthy_(99).jpg,original,Healthy_Leaf,d1519e26-8018-4bbe-aa05-9e13a6bbaa78,fdc2bd4543571d88755b489581da495ad82ee060d84d542281d909c56c188c73,fdc2bd4543571d88755b489581da495ad82ee060d84d542281d909c56c188c73,YES,030f7f0d01c7ffff,3623708,2024-12-30T20:23:22.707Z,SUCCESS,D:\curuma\turmeric_datasets\dataset_01\original\Healthy_Leaf\healthy_(99).jpg,https://data.mendeley.com/public-files/datasets/jtttfbx342/files/8cd35754-1f09-4bea-8525-291225366e86/file_downloaded
Dataset_01_jtttfbx342,leaf_spot_(1).jpg,original,Leaf_Spot,553e456f-d885-4985-8c9c-2fdf371f80e5,ec1012d4decca1aeb1a2d7bc735972b507e6c6768889427c2d38da75927f9c61,ec1012d4decca1aeb1a2d7bc735972b507e6c6768889427c2d38da75927f9c61,YES,ffffc78080e7ffff,3832987,2024-12-30T20:23:23.641Z,SUCCESS,D:\curuma\turmeric_datasets\dataset_01\original\Leaf_Spot\leaf_spot_(1).jpg,https://data.mendeley.com/public-files/datasets/jtttfbx342/files/2f6a2671-4ed7-4662-8f73-104b29c008f0/file_downloaded
Dataset_01_jtttfbx342,leaf_spot_(10).jpg,original,Leaf_Spot,553e456f-d885-4985-8c9c-2fdf371f80e5,099d13a7aeb690bab808eb59eed1f75d90d03ca5352c0b31722f077d0949b5a2,099d13a7aeb690bab808eb59eed1f75d90d03ca5352c0b31722f077d0949b5a2,YES,ffffffc1e3f0f0e0,3538664,2024-12-30T20:23:23.67Z,SUCCESS,D:\curuma\turmeric_datasets\dataset_01\original\Leaf_Spot\leaf_spot_(10).jpg,https://data.mendeley.com/public-files/datasets/jtttfbx342/files/de05f1ec-f358-41a3-baf8-c6872a444d9e/file_downloaded
Dataset_01_jtttfbx342,leaf_spot_(100).jpg,original,Leaf_Spot,553e456f-d885-4985-8c9c-2fdf371f80e5,7e611a19588a8135d0b517eb8535816e8e6b60161a5bf6165bc13511a7c31bdd,7e611a19588a8135d0b517eb8535816e8e6b60161a5bf6165bc13511a7c31bdd,YES,fbffffe30081fff0,3909538,2024-12-30T20:23:24.607Z,SUCCESS,D:\curuma\turmeric_datasets\dataset_01\original\Leaf_Spot\leaf_spot_(100).jpg,https://data.mendeley.com/public-files/datasets/jtttfbx342/files/cde728d2-a5b4-4604-bdaa-66d100a7d2f3/file_downloaded
Dataset_01_jtttfbx342,leaf_spot_(101).jpg,original,Leaf_Spot,553e456f-d885-4985-8c9c-2fdf371f80e5,4c9aaa0be3c62f63467be387579631ea8d4b41de02fb3adc6e096a5372fb6634,4c9aaa0be3c62f63467be387579631ea8d4b41de02fb3adc6e096a5372fb6634,YES,ffff8101c1ffffff,3911971,2024-12-30T20:23:26.969Z,SUCCESS,D:\curuma\turmeric_datasets\dataset_01\original\Leaf_Spot\leaf_spot_(101).jpg,https://data.mendeley.com/public-files/datasets/jtttfbx342/files/6a7a566a-d1a9-442b-8744-877b0a27f5ca/file_downloaded
Dataset_01_jtttfbx342,leaf_spot_(102).jpg,original,Leaf_Spot,553e456f-d885-4985-8c9c-2fdf371f80e5,62cb42abaf27c590b3217d8462a2f330a5ba7a5b8449ce197765178c8d58d37e,62cb42abaf27c590b3217d8462a2f330a5ba7a5b8449ce197765178c8d58d37e,YES,ffffffc18082feee,3732703,2024-12-30T20:23:27.232Z,SUCCESS,D:\curuma\turmeric_datasets\dataset_01\original\Leaf_Spot\leaf_spot_(102).jpg,https://data.mendeley.com/public-files/datasets/jtttfbx342/files/7dc23f50-4b23-435b-bc08-82a180d03b2a/file_downloaded
Dataset_01_jtttfbx342,leaf_spot_(103).jpg,original,Leaf_Spot,553e456f-d885-4985-8c9c-2fdf371f80e5,b9adefb643979ded71251b973f3950dca639531eaebcbf3b80b15ee7b78b2147,b9adefb643979ded71251b973f3950dca639531eaebcbf3b80b15ee7b78b2147,YES,ffffffc10001fffb,3809691,2024-12-30T20:23:28.889Z,SUCCESS,D:\curuma\turmeric_datasets\dataset_01\original\Leaf_Spot\leaf_spot_(103).jpg,https://data.mendeley.com/public-files/datasets/jtttfbx342/files/557fbf16-f17a-4b35-9294-91a19998a6bc/file_downloaded
Dataset_01_jtttfbx342,leaf_spot_(104).jpg,original,Leaf_Spot,553e456f-d885-4985-8c9c-2fdf371f80e5,4f79d4e23f8d43618c75e80f6b6c82c5997a9345107224b5f89eaf6b5479abba,4f79d4e23f8d43618c75e80f6b6c82c5997a9345107224b5f89eaf6b5479abba,YES,fffff78001fff7f0,3808506,2024-12-30T20:23:30.081Z,SUCCESS,D:\curuma\turmeric_datasets\dataset_01\original\Leaf_Spot\leaf_spot_(104).jpg,https://data.mendeley.com/public-files/datasets/jtttfbx342/files/66484487-c2eb-40c5-b90d-f771631bcee5/file_downloaded
Dataset_01_jtttfbx342,leaf_spot_(105).jpg,original,Leaf_Spot,553e456f-d885-4985-8c9c-2fdf371f80e5,337cf7f102685a6c4bba15982f3ae8306572aa65b472507564797c8d5e1d0dd5,337cf7f102685a6c4bba15982f3ae8306572aa65b472507564797c8d5e1d0dd5,YES,fffff38080fff7f6,3858534,2024-12-30T20:23:30.655Z,SUCCESS,D:\curuma\turmeric_datasets\dataset_01\original\Leaf_Spot\leaf_spot_(105).jpg,https://data.mendeley.com/public-files/datasets/jtttfbx342/files/95d93982-2734-4f3b-b1d5-fadf769bc15d/file_downloaded
Dataset_01_jtttfbx342,leaf_spot_(106).jpg,original,Leaf_Spot,553e456f-d885-4985-8c9c-2fdf371f80e5,a7d15ea2a83b9193ae82cb200dd21720e4de0fce7f01b8b400298e033addfc41,a7d15ea2a83b9193ae82cb200dd21720e4de0fce7f01b8b400298e033addfc41,YES,7fffc30083ffffff,3577810,2024-12-30T20:23:30.384Z,SUCCESS,D:\curuma\turmeric_datasets\dataset_01\original\Leaf_Spot\leaf_spot_(106).jpg,https://data.mendeley.com/public-files/datasets/jtttfbx342/files/fdee2cd6-9bbb-41d6-a545-ffa14b00ad61/file_downloaded
Dataset_01_jtttfbx342,leaf_spot_(107).jpg,original,Leaf_Spot,553e456f-d885-4985-8c9c-2fdf371f80e5,8a4e9da21efee291c507c2204a5193852bc8437e90b5f39c7efefc0d7126276d,8a4e9da21efee291c507c2204a5193852bc8437e90b5f39c7efefc0d7126276d,YES,ffffef8381c3ffff,3957949,2024-12-30T20:23:31.384Z,SUCCESS,D:\curuma\turmeric_datasets\dataset_01\original\Leaf_Spot\leaf_spot_(107).jpg,https://data.mendeley.com/public-files/datasets/jtttfbx342/files/41fed04a-ab72-4aeb-97b5-f88ad08d68fd/file_downloaded
Dataset_01_jtttfbx342,leaf_spot_(108).jpg,original,Leaf_Spot,553e456f-d885-4985-8c9c-2fdf371f80e5,136f2d17628f1a3099e6355a7645ca66e0e5f4b2e6fa74662019dbd069fc8c94,136f2d17628f1a3099e6355a7645ca66e0e5f4b2e6fa74662019dbd069fc8c94,YES,7fff8380c1ffffff,3721453,2024-12-30T20:23:31.694Z,SUCCESS,D:\curuma\turmeric_datasets\dataset_01\original\Leaf_Spot\leaf_spot_(108).jpg,https://data.mendeley.com/public-files/datasets/jtttfbx342/files/9ab88d70-693b-4411-9815-220e82345214/file_downloaded
Dataset_01_jtttfbx342,leaf_spot_(11).jpg,original,Leaf_Spot,553e456f-d885-4985-8c9c-2fdf371f80e5,63405e5375d0713c1a10758cc1746adff49c8aca4127ac5d2aa0b37a440d26a6,63405e5375d0713c1a10758cc1746adff49c8aca4127ac5d2aa0b37a440d26a6,YES,fffafcc0c0f0f0e0,3407282,2024-12-30T20:23:31.765Z,SUCCESS,D:\curuma\turmeric_datasets\dataset_01\original\Leaf_Spot\leaf_spot_(11).jpg,https://data.mendeley.com/public-files/datasets/jtttfbx342/files/166353ff-7313-42b8-9c59-db765c5b5174/file_downloaded
Dataset_01_jtttfbx342,leaf_spot_(109).jpg,original,Leaf_Spot,553e456f-d885-4985-8c9c-2fdf371f80e5,9cb3b13baa28246ca3ea5c07eee0e7a25164dbb342256156e89cc18094e51fdd,9cb3b13baa28246ca3ea5c07eee0e7a25164dbb342256156e89cc18094e51fdd,YES,ffffc78181e7fffe,3633163,2024-12-30T20:23:31.62Z,SUCCESS,D:\curuma\turmeric_datasets\dataset_01\original\Leaf_Spot\leaf_spot_(109).jpg,https://data.mendeley.com/public-files/datasets/jtttfbx342/files/15981357-f9e7-4eee-8f67-52a91fba5ec6/file_downloaded
Dataset_01_jtttfbx342,leaf_spot_(110).jpg,original,Leaf_Spot,553e456f-d885-4985-8c9c-2fdf371f80e5,7660dd6178fc793cef64293bc4a92692e617f265016ca5470b663f71980349d5,7660dd6178fc793cef64293bc4a92692e617f265016ca5470b663f71980349d5,YES,ffffcf8383c7fffe,3714860,2024-12-30T20:23:33.148Z,SUCCESS,D:\curuma\turmeric_datasets\dataset_01\original\Leaf_Spot\leaf_spot_(110).jpg,https://data.mendeley.com/public-files/datasets/jtttfbx342/files/9f8f6982-811a-4777-8ebb-bbad464a2a85/file_downloaded
Dataset_01_jtttfbx342,leaf_spot_(111).jpg,original,Leaf_Spot,553e456f-d885-4985-8c9c-2fdf371f80e5,ebdeb290b0a2792c6666df840eb8a0d5a32c56d0620bb039643fb14451e3ae70,ebdeb290b0a2792c6666df840eb8a0d5a32c56d0620bb039643fb14451e3ae70,YES,ffff8180c1ffffff,3784550,2024-12-30T20:23:33.551Z,SUCCESS,D:\curuma\turmeric_datasets\dataset_01\original\Leaf_Spot\leaf_spot_(111).jpg,https://data.mendeley.com/public-files/datasets/jtttfbx342/files/02be468e-f543-40b1-85d0-0d88d81111df/file_downloaded
Dataset_01_jtttfbx342,leaf_spot_(112).jpg,original,Leaf_Spot,553e456f-d885-4985-8c9c-2fdf371f80e5,8d8dc0804b93c1781cda3518e95c19fe0299df58899a2b92f60d2e4086f45d65,8d8dc0804b93c1781cda3518e95c19fe0299df58899a2b92f60d2e4086f45d65,YES,ffffff8181f3fcf8,3727182,2024-12-30T20:23:34.856Z,SUCCESS,D:\curuma\turmeric_datasets\dataset_01\original\Leaf_Spot\leaf_spot_(112).jpg,https://data.mendeley.com/public-files/datasets/jtttfbx342/files/501cb743-4eaf-46bc-a161-5b47a793f478/file_downloaded
Dataset_01_jtttfbx342,leaf_spot_(113).jpg,original,Leaf_Spot,553e456f-d885-4985-8c9c-2fdf371f80e5,2f93afaaa3912d225011afd65e03e257b5cb375a334fb8e5bc24906ff59ee783,2f93afaaa3912d225011afd65e03e257b5cb375a334fb8e5bc24906ff59ee783,YES,ffffcf8383c7ffff,3717166,2024-12-30T20:23:36.575Z,SUCCESS,D:\curuma\turmeric_datasets\dataset_01\original\Leaf_Spot\leaf_spot_(113).jpg,https://data.mendeley.com/public-files/datasets/jtttfbx342/files/a280ee38-5f57-4bdc-8ab0-5732d473348c/file_downloaded
Dataset_01_jtttfbx342,leaf_spot_(114).jpg,original,Leaf_Spot,553e456f-d885-4985-8c9c-2fdf371f80e5,2216abb8711119ec58cbfcb475e24efaa2959bc6a4cace17b175451123c2efc6,2216abb8711119ec58cbfcb475e24efaa2959bc6a4cace17b175451123c2efc6,YES,7fffc380c1ffffff,3755559,2024-12-30T20:23:37.106Z,SUCCESS,D:\curuma\turmeric_datasets\dataset_01\original\Leaf_Spot\leaf_spot_(114).jpg,https://data.mendeley.com/public-files/datasets/jtttfbx342/files/14896eef-808f-4d5c-a71e-e98b6da394e8/file_downloaded
Dataset_01_jtttfbx342,leaf_spot_(115).jpg,original,Leaf_Spot,553e456f-d885-4985-8c9c-2fdf371f80e5,b10a90cb5bba42aea873a440e461c886fa9ec5175df6850c09923ad96dd83424,b10a90cb5bba42aea873a440e461c886fa9ec5175df6850c09923ad96dd83424,YES,ffff8181c3ffffff,3795170,2024-12-30T20:23:37.404Z,SUCCESS,D:\curuma\turmeric_datasets\dataset_01\original\Leaf_Spot\leaf_spot_(115).jpg,https://data.mendeley.com/public-files/datasets/jtttfbx342/files/d5ddf710-df66-4463-89fd-2c03162d8848/file_downloaded
Dataset_01_jtttfbx342,leaf_spot_(116).jpg,original,Leaf_Spot,553e456f-d885-4985-8c9c-2fdf371f80e5,6edb5fffab7e5e576bb5fd40efae623ef0624eceaa2638a0415a91158b495e77,6edb5fffab7e5e576bb5fd40efae623ef0624eceaa2638a0415a91158b495e77,YES,ffffc78083c7fefc,3677185,2024-12-30T20:23:38.023Z,SUCCESS,D:\curuma\turmeric_datasets\dataset_01\original\Leaf_Spot\leaf_spot_(116).jpg,https://data.mendeley.com/public-files/datasets/jtttfbx342/files/32cfeb9a-93bc-4329-a295-e74c9e7ef1ed/file_downloaded
Dataset_01_jtttfbx342,leaf_spot_(117).jpg,original,Leaf_Spot,553e456f-d885-4985-8c9c-2fdf371f80e5,602ade085712920ed8d89b58242a405eec3a33f36bedb72c8999afee6322761c,602ade085712920ed8d89b58242a405eec3a33f36bedb72c8999afee6322761c,YES,ffffff8300c3fffe,3654825,2024-12-30T20:23:38.252Z,SUCCESS,D:\curuma\turmeric_datasets\dataset_01\original\Leaf_Spot\leaf_spot_(117).jpg,https://data.mendeley.com/public-files/datasets/jtttfbx342/files/9ef590aa-6f81-47a3-a80a-f7938faa393f/file_downloaded
Dataset_01_jtttfbx342,leaf_spot_(118).jpg,original,Leaf_Spot,553e456f-d885-4985-8c9c-2fdf371f80e5,3af18933377bd5b295801062485b40c4d9dca724d50a0f6482066725a0261c72,3af18933377bd5b295801062485b40c4d9dca724d50a0f6482066725a0261c72,YES,ffffff8381c3fefc,3861967,2024-12-30T20:23:38.448Z,SUCCESS,D:\curuma\turmeric_datasets\dataset_01\original\Leaf_Spot\leaf_spot_(118).jpg,https://data.mendeley.com/public-files/datasets/jtttfbx342/files/0dfe2d05-fd8f-4e43-b635-581ff0fafd86/file_downloaded
Dataset_01_jtttfbx342,leaf_spot_(119).jpg,original,Leaf_Spot,553e456f-d885-4985-8c9c-2fdf371f80e5,1e1e9c8ab4a648ff3ce5873b8464f888b74cffb2946d3439b0fe4aad5eb96490,1e1e9c8ab4a648ff3ce5873b8464f888b74cffb2946d3439b0fe4aad5eb96490,YES,ffff8180c0f7ffff,3957212,2024-12-30T20:23:38.543Z,SUCCESS,D:\curuma\turmeric_datasets\dataset_01\original\Leaf_Spot\leaf_spot_(119).jpg,https://data.mendeley.com/public-files/datasets/jtttfbx342/files/0347d95c-02cf-49e1-9e0d-1fa9f3d1da61/file_downloaded
Dataset_01_jtttfbx342,leaf_spot_(12).jpg,original,Leaf_Spot,553e456f-d885-4985-8c9c-2fdf371f80e5,ba8452789a593e052f45ba09aeb1d2685e470d452eb187b5c232d0eb1c4cd7f3,ba8452789a593e052f45ba09aeb1d2685e470d452eb187b5c232d0eb1c4cd7f3,YES,fefcffc281c3ffc1,3739984,2024-12-30T20:23:39.19Z,SUCCESS,D:\curuma\turmeric_datasets\dataset_01\original\Leaf_Spot\leaf_spot_(12).jpg,https://data.mendeley.com/public-files/datasets/jtttfbx342/files/e8ce4a28-47a3-4395-808c-e4079dd0d315/file_downloaded
Dataset_01_jtttfbx342,leaf_spot_(120).jpg,original,Leaf_Spot,553e456f-d885-4985-8c9c-2fdf371f80e5,8b4b291218193b406be9cf527f81f8e9396680ce1bc3f6173cd0c2b234797f6e,8b4b291218193b406be9cf527f81f8e9396680ce1bc3f6173cd0c2b234797f6e,YES,ffef870183cfffff,3877310,2024-12-30T20:23:39.521Z,SUCCESS,D:\curuma\turmeric_datasets\dataset_01\original\Leaf_Spot\leaf_spot_(120).jpg,https://data.mendeley.com/public-files/datasets/jtttfbx342/files/2fbc957d-2c7c-4f05-8a81-48152740f695/file_downloaded
Dataset_01_jtttfbx342,leaf_spot_(121).jpg,original,Leaf_Spot,553e456f-d885-4985-8c9c-2fdf371f80e5,376a0b9040f5bd30bbe294aa400198dae4dee26a7c7ab02213ac2ae6695a9705,376a0b9040f5bd30bbe294aa400198dae4dee26a7c7ab02213ac2ae6695a9705,YES,ffff878183cfffff,3815968,2024-12-30T20:23:40.185Z,SUCCESS,D:\curuma\turmeric_datasets\dataset_01\original\Leaf_Spot\leaf_spot_(121).jpg,https://data.mendeley.com/public-files/datasets/jtttfbx342/files/8b81a5d4-6781-45fa-9adb-cd2fb364646c/file_downloaded
Dataset_01_jtttfbx342,leaf_spot_(122).jpg,original,Leaf_Spot,553e456f-d885-4985-8c9c-2fdf371f80e5,db38d460eb5f9bc0a0c6c81cfb1a5ef7ea3d278c5dcdd9eff749f093c992a0bd,db38d460eb5f9bc0a0c6c81cfb1a5ef7ea3d278c5dcdd9eff749f093c992a0bd,YES,ffff810183ffffff,3958289,2024-12-30T20:23:42.178Z,SUCCESS,D:\curuma\turmeric_datasets\dataset_01\original\Leaf_Spot\leaf_spot_(122).jpg,https://data.mendeley.com/public-files/datasets/jtttfbx342/files/e50458b4-859b-4d8d-b6bf-22338c1cf25f/file_downloaded
Dataset_01_jtttfbx342,leaf_spot_(123).jpg,original,Leaf_Spot,553e456f-d885-4985-8c9c-2fdf371f80e5,7b5f10ab5c2e9044341bbd0e529aef9b6aeee088c5cffc5100d05246b336c94c,7b5f10ab5c2e9044341bbd0e529aef9b6aeee088c5cffc5100d05246b336c94c,YES,ffffe78181c3ffff,3951393,2024-12-30T20:23:43.169Z,SUCCESS,D:\curuma\turmeric_datasets\dataset_01\original\Leaf_Spot\leaf_spot_(123).jpg,https://data.mendeley.com/public-files/datasets/jtttfbx342/files/0c40af2b-9a2f-4057-b2dc-421a97f8a323/file_downloaded
Dataset_01_jtttfbx342,leaf_spot_(124).jpg,original,Leaf_Spot,553e456f-d885-4985-8c9c-2fdf371f80e5,34a72791883b8c24f47ecee2cb01a15092eb4eb769f495cc8a761b12cdbe8c6f,34a72791883b8c24f47ecee2cb01a15092eb4eb769f495cc8a761b12cdbe8c6f,YES,ffffc38181c3ffff,4024667,2024-12-30T20:23:44.032Z,SUCCESS,D:\curuma\turmeric_datasets\dataset_01\original\Leaf_Spot\leaf_spot_(124).jpg,https://data.mendeley.com/public-files/datasets/jtttfbx342/files/bc6c37e7-f37b-499f-8acf-ece753af5622/file_downloaded
Dataset_01_jtttfbx342,leaf_spot_(125).jpg,original,Leaf_Spot,553e456f-d885-4985-8c9c-2fdf371f80e5,258aa820cc456d6900529713c5b0fb853f9eb9eb1500780bbff2786c0d973d2d,258aa820cc456d6900529713c5b0fb853f9eb9eb1500780bbff2786c0d973d2d,YES,ffff810081ffffff,3982788,2024-12-30T20:23:44.937Z,SUCCESS,D:\curuma\turmeric_datasets\dataset_01\original\Leaf_Spot\leaf_spot_(125).jpg,https://data.mendeley.com/public-files/datasets/jtttfbx342/files/44a2ec51-e4d2-4b28-a98e-054cfadf9648/file_downloaded
Dataset_01_jtttfbx342,leaf_spot_(126).jpg,original,Leaf_Spot,553e456f-d885-4985-8c9c-2fdf371f80e5,2deed469b6cf4306d68f2845c0297da2a91a5b0c7a2c834e750a4fd13e98a3f4,2deed469b6cf4306d68f2845c0297da2a91a5b0c7a2c834e750a4fd13e98a3f4,YES,ffffc7830087fffe,3833923,2024-12-30T20:23:45.612Z,SUCCESS,D:\curuma\turmeric_datasets\dataset_01\original\Leaf_Spot\leaf_spot_(126).jpg,https://data.mendeley.com/public-files/datasets/jtttfbx342/files/00fedc8f-55ba-4627-ba45-a945d345ba48/file_downloaded
Dataset_01_jtttfbx342,leaf_spot_(127).jpg,original,Leaf_Spot,553e456f-d885-4985-8c9c-2fdf371f80e5,02ca62b0600d60e2aabbc787e1b8818f1c5d490f5d041ecfde2e5a03bbba1593,02ca62b0600d60e2aabbc787e1b8818f1c5d490f5d041ecfde2e5a03bbba1593,YES,ffffc30001c7ffff,3985333,2024-12-30T20:23:46.152Z,SUCCESS,D:\curuma\turmeric_datasets\dataset_01\original\Leaf_Spot\leaf_spot_(127).jpg,https://data.mendeley.com/public-files/datasets/jtttfbx342/files/36ad8360-b93b-4878-aeba-f53b1ed77a49/file_downloaded
Dataset_01_jtttfbx342,leaf_spot_(129).jpg,original,Leaf_Spot,553e456f-d885-4985-8c9c-2fdf371f80e5,e444d907f55022c96f053574b8f1ac8b843bbc0b2e4e94d377e718063fcfbbd0,e444d907f55022c96f053574b8f1ac8b843bbc0b2e4e94d377e718063fcfbbd0,YES,ffffe78101c3ffff,3993282,2024-12-30T20:23:46.638Z,SUCCESS,D:\curuma\turmeric_datasets\dataset_01\original\Leaf_Spot\leaf_spot_(129).jpg,https://data.mendeley.com/public-files/datasets/jtttfbx342/files/c3167866-f1d2-4916-81f2-a0e5ff7216b5/file_downloaded
Dataset_01_jtttfbx342,leaf_spot_(128).jpg,original,Leaf_Spot,553e456f-d885-4985-8c9c-2fdf371f80e5,390b02721440845e2f8be3954164528fcba06584c0929bf8f3a14782e0413c12,390b02721440845e2f8be3954164528fcba06584c0929bf8f3a14782e0413c12,YES,ffff0300c1ffffff,3725749,2024-12-30T20:23:45.919Z,SUCCESS,D:\curuma\turmeric_datasets\dataset_01\original\Leaf_Spot\leaf_spot_(128).jpg,https://data.mendeley.com/public-files/datasets/jtttfbx342/files/32c47764-5f6a-4bd3-8b86-4a9c08f9e8e8/file_downloaded
Dataset_01_jtttfbx342,leaf_spot_(13).jpg,original,Leaf_Spot,553e456f-d885-4985-8c9c-2fdf371f80e5,2e6bbd93b7ffb81cdb69901319c25e98d1bc02635efb85378d1159ebec89158b,2e6bbd93b7ffb81cdb69901319c25e98d1bc02635efb85378d1159ebec89158b,YES,ffff810081ffffff,3644119,2024-12-30T20:23:46.561Z,SUCCESS,D:\curuma\turmeric_datasets\dataset_01\original\Leaf_Spot\leaf_spot_(13).jpg,https://data.mendeley.com/public-files/datasets/jtttfbx342/files/ee2da563-8ef0-4e3b-b8ec-ea94af90128d/file_downloaded
Dataset_01_jtttfbx342,leaf_spot_(130).jpg,original,Leaf_Spot,553e456f-d885-4985-8c9c-2fdf371f80e5,5c63ece055b3dd20f446b13556e878761f313bd4742be6c1d006ae4b4ec866ad,5c63ece055b3dd20f446b13556e878761f313bd4742be6c1d006ae4b4ec866ad,YES,ffff8f0381c7ffff,3788476,2024-12-30T20:23:47.32Z,SUCCESS,D:\curuma\turmeric_datasets\dataset_01\original\Leaf_Spot\leaf_spot_(130).jpg,https://data.mendeley.com/public-files/datasets/jtttfbx342/files/ab625231-b19e-4129-920f-237f87928613/file_downloaded
Dataset_01_jtttfbx342,leaf_spot_(131).jpg,original,Leaf_Spot,553e456f-d885-4985-8c9c-2fdf371f80e5,48695cff0a088bedd5fbcf1ec765ea5ab7a1ff8e6cbe3970e3ffb1ba705d75e3,48695cff0a088bedd5fbcf1ec765ea5ab7a1ff8e6cbe3970e3ffb1ba705d75e3,YES,ffffc78181c7ffff,3834628,2024-12-30T20:23:50.092Z,SUCCESS,D:\curuma\turmeric_datasets\dataset_01\original\Leaf_Spot\leaf_spot_(131).jpg,https://data.mendeley.com/public-files/datasets/jtttfbx342/files/ef876972-e622-4342-acb6-0b20121974c9/file_downloaded
Dataset_01_jtttfbx342,leaf_spot_(133).jpg,original,Leaf_Spot,553e456f-d885-4985-8c9c-2fdf371f80e5,65c91fcf8b6724c1c817c3c8f1d8cf5f32efab85ab9f4dd6f4f5f39229086253,65c91fcf8b6724c1c817c3c8f1d8cf5f32efab85ab9f4dd6f4f5f39229086253,YES,ffff8180c1ffffff,3871289,2024-12-30T20:23:54.465Z,SUCCESS,D:\curuma\turmeric_datasets\dataset_01\original\Leaf_Spot\leaf_spot_(133).jpg,https://data.mendeley.com/public-files/datasets/jtttfbx342/files/0205132e-15bc-45cf-89ca-9b57cea9fa0d/file_downloaded
Dataset_01_jtttfbx342,leaf_spot_(132).jpg,original,Leaf_Spot,553e456f-d885-4985-8c9c-2fdf371f80e5,80d804c764862a20175b96cad825a52089d168a4732c167277cdd5980d75b631,80d804c764862a20175b96cad825a52089d168a4732c167277cdd5980d75b631,YES,ffff8300c1ffffff,3841449,2024-12-30T20:23:52.414Z,SUCCESS,D:\curuma\turmeric_datasets\dataset_01\original\Leaf_Spot\leaf_spot_(132).jpg,https://data.mendeley.com/public-files/datasets/jtttfbx342/files/c7cbebf3-e93b-4e70-ba35-87685f43fda8/file_downloaded
Dataset_01_jtttfbx342,leaf_spot_(134).jpg,original,Leaf_Spot,553e456f-d885-4985-8c9c-2fdf371f80e5,ec9c68eced800415583bfc1d2e87897999f1c6651714f28c1fa99f19dfff45aa,ec9c68eced800415583bfc1d2e87897999f1c6651714f28c1fa99f19dfff45aa,YES,ffffff8301c3ffff,3887057,2024-12-30T20:23:57.059Z,SUCCESS,D:\curuma\turmeric_datasets\dataset_01\original\Leaf_Spot\leaf_spot_(134).jpg,https://data.mendeley.com/public-files/datasets/jtttfbx342/files/4c306f05-a913-49ed-adc1-602513251b51/file_downloaded
Dataset_01_jtttfbx342,leaf_spot_(135).jpg,original,Leaf_Spot,553e456f-d885-4985-8c9c-2fdf371f80e5,398095e4e2c6b5da0cf46949f121a1560edc0cf8608eb0068e0bbd6ef2da6419,398095e4e2c6b5da0cf46949f121a1560edc0cf8608eb0068e0bbd6ef2da6419,YES,ffffc381c3ffc3c0,3724956,2024-12-30T20:23:57.291Z,SUCCESS,D:\curuma\turmeric_datasets\dataset_01\original\Leaf_Spot\leaf_spot_(135).jpg,https://data.mendeley.com/public-files/datasets/jtttfbx342/files/90179d55-2f59-4567-9835-29e4b9291ac3/file_downloaded
Dataset_01_jtttfbx342,leaf_spot_(136).jpg,original,Leaf_Spot,553e456f-d885-4985-8c9c-2fdf371f80e5,4c1ef0d741574b1d306d1242c03b7a6e69a404427d89cff562a3765be9316f17,4c1ef0d741574b1d306d1242c03b7a6e69a404427d89cff562a3765be9316f17,YES,ffffc381c1fff9f0,3749460,2024-12-30T20:23:57.742Z,SUCCESS,D:\curuma\turmeric_datasets\dataset_01\original\Leaf_Spot\leaf_spot_(136).jpg,https://data.mendeley.com/public-files/datasets/jtttfbx342/files/5a5cdc6f-fe39-4669-bafc-89f852b64a72/file_downloaded
Dataset_01_jtttfbx342,leaf_spot_(137).jpg,original,Leaf_Spot,553e456f-d885-4985-8c9c-2fdf371f80e5,a4211847c72bdbe5079a951b84d1a3e358b3410dc5a0b5af82fc0e4ecddd0c56,a4211847c72bdbe5079a951b84d1a3e358b3410dc5a0b5af82fc0e4ecddd0c56,YES,ffffef8381fffffc,3687665,2024-12-30T20:23:57.947Z,SUCCESS,D:\curuma\turmeric_datasets\dataset_01\original\Leaf_Spot\leaf_spot_(137).jpg,https://data.mendeley.com/public-files/datasets/jtttfbx342/files/98a3cff7-ba9d-442c-92d5-bb780b867aad/file_downloaded
Dataset_01_jtttfbx342,leaf_spot_(138).jpg,original,Leaf_Spot,553e456f-d885-4985-8c9c-2fdf371f80e5,f9558ea6284bd345d6d19b2277905e5df5b00a5203ffe43c186282b1fdb77628,f9558ea6284bd345d6d19b2277905e5df5b00a5203ffe43c186282b1fdb77628,YES,7fffe38183ffffff,3667766,2024-12-30T20:23:58.537Z,SUCCESS,D:\curuma\turmeric_datasets\dataset_01\original\Leaf_Spot\leaf_spot_(138).jpg,https://data.mendeley.com/public-files/datasets/jtttfbx342/files/1a1f3973-919d-45b9-b2c4-fc43b244be6d/file_downloaded
Dataset_01_jtttfbx342,leaf_spot_(139).jpg,original,Leaf_Spot,553e456f-d885-4985-8c9c-2fdf371f80e5,af5b01f17b15dee05169656d2263938707ea957b4c68015b2c27245da37f02bc,af5b01f17b15dee05169656d2263938707ea957b4c68015b2c27245da37f02bc,YES,ffffff8381e7ffe0,3755358,2024-12-30T20:23:58.684Z,SUCCESS,D:\curuma\turmeric_datasets\dataset_01\original\Leaf_Spot\leaf_spot_(139).jpg,https://data.mendeley.com/public-files/datasets/jtttfbx342/files/278ff948-7c3f-4f55-a39a-56fce2af4839/file_downloaded
Dataset_01_jtttfbx342,leaf_spot_(14).jpg,original,Leaf_Spot,553e456f-d885-4985-8c9c-2fdf371f80e5,1866dca46dd4e663ef8d73449ae5337b43a19d8b6f8dcfea7f96081a03cca2ff,1866dca46dd4e663ef8d73449ae5337b43a19d8b6f8dcfea7f96081a03cca2ff,YES,fffffe8081e6fcd8,3814787,2024-12-30T20:23:58.983Z,SUCCESS,D:\curuma\turmeric_datasets\dataset_01\original\Leaf_Spot\leaf_spot_(14).jpg,https://data.mendeley.com/public-files/datasets/jtttfbx342/files/203fba26-5ae2-4ba7-9382-9745f50b17a1/file_downloaded
Dataset_01_jtttfbx342,leaf_spot_(140).jpg,original,Leaf_Spot,553e456f-d885-4985-8c9c-2fdf371f80e5,ed918efd9b47167cc749a4ea4040811b37c6e34a7abc249492b5982416a4f23e,ed918efd9b47167cc749a4ea4040811b37c6e34a7abc249492b5982416a4f23e,YES,ffffffc381c7fcf0,3753703,2024-12-30T20:23:59.57Z,SUCCESS,D:\curuma\turmeric_datasets\dataset_01\original\Leaf_Spot\leaf_spot_(140).jpg,https://data.mendeley.com/public-files/datasets/jtttfbx342/files/f3007125-3a31-435f-a622-2875050a58f4/file_downloaded
Dataset_01_jtttfbx342,leaf_spot_(141).jpg,original,Leaf_Spot,553e456f-d885-4985-8c9c-2fdf371f80e5,39ccca52fede74b1f190ce7e1d385497e0a5eac559be0a2218b01184c44fd257,39ccca52fede74b1f190ce7e1d385497e0a5eac559be0a2218b01184c44fd257,YES,ffffc10081c3fffc,4053310,2024-12-30T20:24:00.931Z,SUCCESS,D:\curuma\turmeric_datasets\dataset_01\original\Leaf_Spot\leaf_spot_(141).jpg,https://data.mendeley.com/public-files/datasets/jtttfbx342/files/cf0f5b31-6253-4aa5-a675-e519f4c44a33/file_downloaded
Dataset_01_jtttfbx342,leaf_spot_(142).jpg,original,Leaf_Spot,553e456f-d885-4985-8c9c-2fdf371f80e5,7157dea0d57eb6a42242145ddc67ca4082d366190a022097bed49f6bfa2122e6,7157dea0d57eb6a42242145ddc67ca4082d366190a022097bed49f6bfa2122e6,YES,ffffffc78180e1ff,3820579,2024-12-30T20:24:01.619Z,SUCCESS,D:\curuma\turmeric_datasets\dataset_01\original\Leaf_Spot\leaf_spot_(142).jpg,https://data.mendeley.com/public-files/datasets/jtttfbx342/files/adffadd1-0453-4cb5-959c-769102fe60ab/file_downloaded
Dataset_01_jtttfbx342,leaf_spot_(143).jpg,original,Leaf_Spot,553e456f-d885-4985-8c9c-2fdf371f80e5,4219c0bb33579d572dfa4fd9b032ceff680312ef5607b966bd6595e8f9c711a3,4219c0bb33579d572dfa4fd9b032ceff680312ef5607b966bd6595e8f9c711a3,YES,ffffcf830387ffff,3831559,2024-12-30T20:24:04.92Z,SUCCESS,D:\curuma\turmeric_datasets\dataset_01\original\Leaf_Spot\leaf_spot_(143).jpg,https://data.mendeley.com/public-files/datasets/jtttfbx342/files/270177f6-761d-4a20-b429-4ff29fa96a22/file_downloaded
Dataset_01_jtttfbx342,leaf_spot_(144).jpg,original,Leaf_Spot,553e456f-d885-4985-8c9c-2fdf371f80e5,30aa6e512eade9798ff7668463fe961f4c60bc071fd4c3a5999c52d9efb05d33,30aa6e512eade9798ff7668463fe961f4c60bc071fd4c3a5999c52d9efb05d33,YES,ffff810081ffffff,3944684,2024-12-30T20:24:05.567Z,SUCCESS,D:\curuma\turmeric_datasets\dataset_01\original\Leaf_Spot\leaf_spot_(144).jpg,https://data.mendeley.com/public-files/datasets/jtttfbx342/files/83c6a966-6791-4670-ba4f-c9ec115af15a/file_downloaded
Dataset_01_jtttfbx342,leaf_spot_(145).jpg,original,Leaf_Spot,553e456f-d885-4985-8c9c-2fdf371f80e5,03da1c916e369f220fa3b8be96108df68c1cb2e9aa0567945a50c7e1d9ec1d88,03da1c916e369f220fa3b8be96108df68c1cb2e9aa0567945a50c7e1d9ec1d88,YES,ffffe78381c3ffff,3916678,2024-12-30T20:24:06.213Z,SUCCESS,D:\curuma\turmeric_datasets\dataset_01\original\Leaf_Spot\leaf_spot_(145).jpg,https://data.mendeley.com/public-files/datasets/jtttfbx342/files/cf9f3efb-3a8c-40b6-a996-4b69029e05dc/file_downloaded
Dataset_01_jtttfbx342,leaf_spot_(147).jpg,original,Leaf_Spot,553e456f-d885-4985-8c9c-2fdf371f80e5,12026eb12b8ae6701d776e9cabb0fe34925cc532fd1028e84b8dc0f71b044dc5,12026eb12b8ae6701d776e9cabb0fe34925cc532fd1028e84b8dc0f71b044dc5,YES,ffffffc381c0e0fe,3939206,2024-12-30T20:24:07.065Z,SUCCESS,D:\curuma\turmeric_datasets\dataset_01\original\Leaf_Spot\leaf_spot_(147).jpg,https://data.mendeley.com/public-files/datasets/jtttfbx342/files/80616106-82e0-482b-80f7-2b2c5c36b867/file_downloaded
Dataset_01_jtttfbx342,leaf_spot_(148).jpg,original,Leaf_Spot,553e456f-d885-4985-8c9c-2fdf371f80e5,75e79fbc58271b781f2b78e22e253bc9a82915dd302aa7816d3a94266ebd75ec,75e79fbc58271b781f2b78e22e253bc9a82915dd302aa7816d3a94266ebd75ec,YES,ffffc78383c7ffff,3792430,2024-12-30T20:24:07.033Z,SUCCESS,D:\curuma\turmeric_datasets\dataset_01\original\Leaf_Spot\leaf_spot_(148).jpg,https://data.mendeley.com/public-files/datasets/jtttfbx342/files/a88c733a-7b3f-4a9a-bcc1-c74d1544b817/file_downloaded
Dataset_01_jtttfbx342,leaf_spot_(149).jpg,original,Leaf_Spot,553e456f-d885-4985-8c9c-2fdf371f80e5,e7b2dffdb309a07423c39fb773e5ed9982bf3baed77fd323252a28905238eac4,e7b2dffdb309a07423c39fb773e5ed9982bf3baed77fd323252a28905238eac4,YES,7fffe38081c7ffff,3804733,2024-12-30T20:24:07.095Z,SUCCESS,D:\curuma\turmeric_datasets\dataset_01\original\Leaf_Spot\leaf_spot_(149).jpg,https://data.mendeley.com/public-files/datasets/jtttfbx342/files/a66b2547-5fcc-469f-a860-295cfaed8966/file_downloaded
Dataset_01_jtttfbx342,leaf_spot_(150).jpg,original,Leaf_Spot,553e456f-d885-4985-8c9c-2fdf371f80e5,833d58b0db60599cfd26d45da7ea52220a388317665b0254fe62f61b56250cac,833d58b0db60599cfd26d45da7ea52220a388317665b0254fe62f61b56250cac,YES,ffff8180c1ffffff,3784686,2024-12-30T20:24:07.87Z,SUCCESS,D:\curuma\turmeric_datasets\dataset_01\original\Leaf_Spot\leaf_spot_(150).jpg,https://data.mendeley.com/public-files/datasets/jtttfbx342/files/f414288c-4ffd-4545-b3bc-32d6f17ce6c9/file_downloaded
Dataset_01_jtttfbx342,leaf_spot_(15).jpg,original,Leaf_Spot,553e456f-d885-4985-8c9c-2fdf371f80e5,218a91879462a38447aca9774d85776e76447b815701a683f1ad24f8a7be2cac,218a91879462a38447aca9774d85776e76447b815701a683f1ad24f8a7be2cac,YES,ffffffc18183ffff,3699383,2024-12-30T20:24:07.201Z,SUCCESS,D:\curuma\turmeric_datasets\dataset_01\original\Leaf_Spot\leaf_spot_(15).jpg,https://data.mendeley.com/public-files/datasets/jtttfbx342/files/681a27d5-d08d-41cc-8fa9-053cd62db5d5/file_downloaded
Dataset_01_jtttfbx342,leaf_spot_(152).jpg,original,Leaf_Spot,553e456f-d885-4985-8c9c-2fdf371f80e5,849c03b269aeba22ce9382887768394f62343c6b92021b5cd606dbd19da712a5,849c03b269aeba22ce9382887768394f62343c6b92021b5cd606dbd19da712a5,YES,ffff8381c0e1ffff,4035024,2024-12-30T20:24:09.768Z,SUCCESS,D:\curuma\turmeric_datasets\dataset_01\original\Leaf_Spot\leaf_spot_(152).jpg,https://data.mendeley.com/public-files/datasets/jtttfbx342/files/5c1d6d4e-fde6-45f5-8345-3c3c70a02bd9/file_downloaded
Dataset_01_jtttfbx342,leaf_spot_(151).jpg,original,Leaf_Spot,553e456f-d885-4985-8c9c-2fdf371f80e5,d56efa9a3e2ceba304b81c39b549beef4e965601cd319dcd30fbb1b2897db794,d56efa9a3e2ceba304b81c39b549beef4e965601cd319dcd30fbb1b2897db794,YES,ffffe38181c3fef8,3925189,2024-12-30T20:24:08.05Z,SUCCESS,D:\curuma\turmeric_datasets\dataset_01\original\Leaf_Spot\leaf_spot_(151).jpg,https://data.mendeley.com/public-files/datasets/jtttfbx342/files/38a22710-5d7c-4077-bb13-b87dd8d355c9/file_downloaded
Dataset_01_jtttfbx342,leaf_spot_(154).jpg,original,Leaf_Spot,553e456f-d885-4985-8c9c-2fdf371f80e5,819bbbbbdccaedbdafa807bddf2c7871f43c96e373695f1ec0b2dc085395b07c,819bbbbbdccaedbdafa807bddf2c7871f43c96e373695f1ec0b2dc085395b07c,YES,ffff8101c3ffffff,3774245,2024-12-30T20:24:11.512Z,SUCCESS,D:\curuma\turmeric_datasets\dataset_01\original\Leaf_Spot\leaf_spot_(154).jpg,https://data.mendeley.com/public-files/datasets/jtttfbx342/files/e223f975-1b81-4373-b0a6-cc1351cfe519/file_downloaded
Dataset_01_jtttfbx342,leaf_spot_(153).jpg,original,Leaf_Spot,553e456f-d885-4985-8c9c-2fdf371f80e5,3b9740f750d183827546c149974fa87ccb3a439ce428dfdaf6fa487d1a6c4400,3b9740f750d183827546c149974fa87ccb3a439ce428dfdaf6fa487d1a6c4400,YES,ffffef830187fcf8,3926990,2024-12-30T20:24:10.7Z,SUCCESS,D:\curuma\turmeric_datasets\dataset_01\original\Leaf_Spot\leaf_spot_(153).jpg,https://data.mendeley.com/public-files/datasets/jtttfbx342/files/7680f139-725e-43fb-9f15-c8116a7f4a01/file_downloaded
Dataset_01_jtttfbx342,leaf_spot_(156).jpg,original,Leaf_Spot,553e456f-d885-4985-8c9c-2fdf371f80e5,a0b7aa94c50a6d3d6d84751f9bb28e386ba5987465cbcc479af5af06ebc5b932,a0b7aa94c50a6d3d6d84751f9bb28e386ba5987465cbcc479af5af06ebc5b932,YES,ffffc78181e3ffe3,3943508,2024-12-30T20:24:12.621Z,SUCCESS,D:\curuma\turmeric_datasets\dataset_01\original\Leaf_Spot\leaf_spot_(156).jpg,https://data.mendeley.com/public-files/datasets/jtttfbx342/files/b395f0ae-c71a-49f6-9fd7-11c097a8127c/file_downloaded
Dataset_01_jtttfbx342,leaf_spot_(155).jpg,original,Leaf_Spot,553e456f-d885-4985-8c9c-2fdf371f80e5,a87878f9c0d46012f570613ef09a9309e6fad0504257ac2c17a01bb6b3b556d6,a87878f9c0d46012f570613ef09a9309e6fad0504257ac2c17a01bb6b3b556d6,YES,ffc10081ffffffff,3761868,2024-12-30T20:24:11.681Z,SUCCESS,D:\curuma\turmeric_datasets\dataset_01\original\Leaf_Spot\leaf_spot_(155).jpg,https://data.mendeley.com/public-files/datasets/jtttfbx342/files/3ecaa3ea-1726-48d3-8144-c49e910f64f6/file_downloaded
Dataset_01_jtttfbx342,leaf_spot_(157).jpg,original,Leaf_Spot,553e456f-d885-4985-8c9c-2fdf371f80e5,5637c1e7030f0bf5c184109d4992699a6efb39d05cdb2eca3748c9a97f14b8ab,5637c1e7030f0bf5c184109d4992699a6efb39d05cdb2eca3748c9a97f14b8ab,YES,f8f8ff8081f3fff2,3722178,2024-12-30T20:24:12.53Z,SUCCESS,D:\curuma\turmeric_datasets\dataset_01\original\Leaf_Spot\leaf_spot_(157).jpg,https://data.mendeley.com/public-files/datasets/jtttfbx342/files/dcc0e12c-a1c4-40bd-ab5c-cddafbe2a3f7/file_downloaded
Dataset_01_jtttfbx342,leaf_spot_(159).jpg,original,Leaf_Spot,553e456f-d885-4985-8c9c-2fdf371f80e5,57ede8b4c1fd6c157ca4ad22896505144f4ffbb3c83bf4146b04999c2f2b1f27,57ede8b4c1fd6c157ca4ad22896505144f4ffbb3c83bf4146b04999c2f2b1f27,YES,ffffe3c1c1f3fffe,3558942,2024-12-30T20:24:12.561Z,SUCCESS,D:\curuma\turmeric_datasets\dataset_01\original\Leaf_Spot\leaf_spot_(159).jpg,https://data.mendeley.com/public-files/datasets/jtttfbx342/files/f66d5531-8a3c-42f5-bf49-cbfef1d96661/file_downloaded
Dataset_01_jtttfbx342,leaf_spot_(158).jpg,original,Leaf_Spot,553e456f-d885-4985-8c9c-2fdf371f80e5,16df335fa212fb51372b936ee1c327511bb7185b2bf0342bf086ce22e56d708c,16df335fa212fb51372b936ee1c327511bb7185b2bf0342bf086ce22e56d708c,YES,fffffec0c0e6fcf4,3578424,2024-12-30T20:24:12.471Z,SUCCESS,D:\curuma\turmeric_datasets\dataset_01\original\Leaf_Spot\leaf_spot_(158).jpg,https://data.mendeley.com/public-files/datasets/jtttfbx342/files/aebd03cc-fd00-4e77-839c-b43d2325cb14/file_downloaded
Dataset_01_jtttfbx342,leaf_spot_(16).jpg,original,Leaf_Spot,553e456f-d885-4985-8c9c-2fdf371f80e5,300bba4059e3d5cd68b5d23894da6876b99bd252f52f2f4f5e9a3f18035a6972,300bba4059e3d5cd68b5d23894da6876b99bd252f52f2f4f5e9a3f18035a6972,YES,ffffc381e3ffc0c0,3719857,2024-12-30T20:24:12.789Z,SUCCESS,D:\curuma\turmeric_datasets\dataset_01\original\Leaf_Spot\leaf_spot_(16).jpg,https://data.mendeley.com/public-files/datasets/jtttfbx342/files/bfbb8f88-eb6b-47bd-ac84-3b4636eaad4e/file_downloaded
Dataset_01_jtttfbx342,leaf_spot_(161).jpg,original,Leaf_Spot,553e456f-d885-4985-8c9c-2fdf371f80e5,08c0aa32b0b8797c7f68d3bcb9237ba9b2673f84c7626494331d7b5bea7cef4c,08c0aa32b0b8797c7f68d3bcb9237ba9b2673f84c7626494331d7b5bea7cef4c,YES,ffffc180c0e3ffff,4124978,2024-12-30T20:24:13.65Z,SUCCESS,D:\curuma\turmeric_datasets\dataset_01\original\Leaf_Spot\leaf_spot_(161).jpg,https://data.mendeley.com/public-files/datasets/jtttfbx342/files/c7868507-4fdf-46a9-8406-f5082f3dd18a/file_downloaded
Dataset_01_jtttfbx342,leaf_spot_(162).jpg,original,Leaf_Spot,553e456f-d885-4985-8c9c-2fdf371f80e5,6aea807094378846f0f913b95c4ab9a45751714f2539b5dcbd6832954f6f2e8c,6aea807094378846f0f913b95c4ab9a45751714f2539b5dcbd6832954f6f2e8c,YES,ffffffc0c0f4f0f0,3603457,2024-12-30T20:24:15.19Z,SUCCESS,D:\curuma\turmeric_datasets\dataset_01\original\Leaf_Spot\leaf_spot_(162).jpg,https://data.mendeley.com/public-files/datasets/jtttfbx342/files/ab45d5ec-8cbc-42a2-9021-1992c56f2a25/file_downloaded
Dataset_01_jtttfbx342,leaf_spot_(163).jpg,original,Leaf_Spot,553e456f-d885-4985-8c9c-2fdf371f80e5,a9a8441ab6180797b0b1c2cd1330fb1f8dcc639c1d7b093939c7380df447127e,a9a8441ab6180797b0b1c2cd1330fb1f8dcc639c1d7b093939c7380df447127e,YES,fefeff8380c1fff0,3717595,2024-12-30T20:24:15.153Z,SUCCESS,D:\curuma\turmeric_datasets\dataset_01\original\Leaf_Spot\leaf_spot_(163).jpg,https://data.mendeley.com/public-files/datasets/jtttfbx342/files/9c1fbef9-66b1-4552-aa80-168cf8b37b1b/file_downloaded
Dataset_01_jtttfbx342,leaf_spot_(160).jpg,original,Leaf_Spot,553e456f-d885-4985-8c9c-2fdf371f80e5,cb842db8762b875c0f4402383a849ee20f48306a8fce1b4d17ab4bae9a586f73,cb842db8762b875c0f4402383a849ee20f48306a8fce1b4d17ab4bae9a586f73,YES,ffffff83c1f7f0f0,3710533,2024-12-30T20:24:12.839Z,SUCCESS,D:\curuma\turmeric_datasets\dataset_01\original\Leaf_Spot\leaf_spot_(160).jpg,https://data.mendeley.com/public-files/datasets/jtttfbx342/files/d6f764d3-8e32-486d-838e-93b32848f682/file_downloaded
Dataset_01_jtttfbx342,leaf_spot_(164).jpg,original,Leaf_Spot,553e456f-d885-4985-8c9c-2fdf371f80e5,7092b08b75bda9daa33bc663a738260eb5342aefb4f1d9181efe2a57e6942924,7092b08b75bda9daa33bc663a738260eb5342aefb4f1d9181efe2a57e6942924,YES,ffffef8080fefefe,3838987,2024-12-30T20:24:15.573Z,SUCCESS,D:\curuma\turmeric_datasets\dataset_01\original\Leaf_Spot\leaf_spot_(164).jpg,https://data.mendeley.com/public-files/datasets/jtttfbx342/files/37c190ad-8d7a-4a90-8e54-6e6728e00e57/file_downloaded
Dataset_01_jtttfbx342,leaf_spot_(165).jpg,original,Leaf_Spot,553e456f-d885-4985-8c9c-2fdf371f80e5,ec419b784a9d9aa09f2dafaf560607ee76bdf6e96a6c58bb873babdab31067d5,ec419b784a9d9aa09f2dafaf560607ee76bdf6e96a6c58bb873babdab31067d5,YES,ffffe38080ffffff,3732897,2024-12-30T20:24:17.02Z,SUCCESS,D:\curuma\turmeric_datasets\dataset_01\original\Leaf_Spot\leaf_spot_(165).jpg,https://data.mendeley.com/public-files/datasets/jtttfbx342/files/b721b9fb-b1d6-4734-b376-b8989eabc0f2/file_downloaded
Dataset_01_jtttfbx342,leaf_spot_(166).jpg,original,Leaf_Spot,553e456f-d885-4985-8c9c-2fdf371f80e5,0ce78151456ecbbf0d3f5da4c0f862bebe1dad9cb91f94f518c66ec9dd57c6cb,0ce78151456ecbbf0d3f5da4c0f862bebe1dad9cb91f94f518c66ec9dd57c6cb,YES,fffff70081fff6f0,3842461,2024-12-30T20:24:17.06Z,SUCCESS,D:\curuma\turmeric_datasets\dataset_01\original\Leaf_Spot\leaf_spot_(166).jpg,https://data.mendeley.com/public-files/datasets/jtttfbx342/files/3e34146d-e4e2-4014-87c4-7605f82ed90b/file_downloaded
Dataset_01_jtttfbx342,leaf_spot_(167).jpg,original,Leaf_Spot,553e456f-d885-4985-8c9c-2fdf371f80e5,2f2fa243cd2962fce86b4c2abd19b0521c560e51aa94d64e98b5f78ae0601979,2f2fa243cd2962fce86b4c2abd19b0521c560e51aa94d64e98b5f78ae0601979,YES,fffff70080fef4f6,3859854,2024-12-30T20:24:17.09Z,SUCCESS,D:\curuma\turmeric_datasets\dataset_01\original\Leaf_Spot\leaf_spot_(167).jpg,https://data.mendeley.com/public-files/datasets/jtttfbx342/files/70a2d5fb-ef25-4562-a474-3b38f4f76bcc/file_downloaded
Dataset_01_jtttfbx342,leaf_spot_(168).jpg,original,Leaf_Spot,553e456f-d885-4985-8c9c-2fdf371f80e5,4a3bddb5db9be7da4d1e8a1bd07e2da66b1e01c4aaa5abb65b61a841503ce59d,4a3bddb5db9be7da4d1e8a1bd07e2da66b1e01c4aaa5abb65b61a841503ce59d,YES,f8eeffe3c1c3fdc0,3659766,2024-12-30T20:24:16.93Z,SUCCESS,D:\curuma\turmeric_datasets\dataset_01\original\Leaf_Spot\leaf_spot_(168).jpg,https://data.mendeley.com/public-files/datasets/jtttfbx342/files/4ded0811-8fd8-4c4d-9b42-e49e6827285b/file_downloaded
Dataset_01_jtttfbx342,leaf_spot_(169).jpg,original,Leaf_Spot,553e456f-d885-4985-8c9c-2fdf371f80e5,2de08dea5c23d6155edd20f5dbbc622608d5e2968603c1ba1d023b948b1e9da1,2de08dea5c23d6155edd20f5dbbc622608d5e2968603c1ba1d023b948b1e9da1,YES,fffffec0c0ccf8c8,3538952,2024-12-30T20:24:17.346Z,SUCCESS,D:\curuma\turmeric_datasets\dataset_01\original\Leaf_Spot\leaf_spot_(169).jpg,https://data.mendeley.com/public-files/datasets/jtttfbx342/files/13336650-7c84-4ce7-8d62-e7c1a6712247/file_downloaded
Dataset_01_jtttfbx342,leaf_spot_(17).jpg,original,Leaf_Spot,553e456f-d885-4985-8c9c-2fdf371f80e5,b8190c4e5f058ee4aeb71097c79e8b82672891e32ed6f2733aceb888b8473fe4,b8190c4e5f058ee4aeb71097c79e8b82672891e32ed6f2733aceb888b8473fe4,YES,ffffc381c0fcc0c6,3735169,2024-12-30T20:24:17.507Z,SUCCESS,D:\curuma\turmeric_datasets\dataset_01\original\Leaf_Spot\leaf_spot_(17).jpg,https://data.mendeley.com/public-files/datasets/jtttfbx342/files/aabc9420-e7cb-4cdc-b905-21b2010842d2/file_downloaded
Dataset_01_jtttfbx342,leaf_spot_(170).jpg,original,Leaf_Spot,553e456f-d885-4985-8c9c-2fdf371f80e5,13cf172aa8fca6ad1b89a2aad4532e5ac30b65ceb302d606242c90bf56441f55,13cf172aa8fca6ad1b89a2aad4532e5ac30b65ceb302d606242c90bf56441f55,YES,fffff7c1c1c3fdef,3604889,2024-12-30T20:24:18.845Z,SUCCESS,D:\curuma\turmeric_datasets\dataset_01\original\Leaf_Spot\leaf_spot_(170).jpg,https://data.mendeley.com/public-files/datasets/jtttfbx342/files/116d02b9-cfcc-4664-84c6-92ae839f3be4/file_downloaded
Dataset_01_jtttfbx342,leaf_spot_(171).jpg,original,Leaf_Spot,553e456f-d885-4985-8c9c-2fdf371f80e5,bfe9bb5b9925d78f51a4743724b39b61f87edf0b29546cbe4808f79c0f284309,bfe9bb5b9925d78f51a4743724b39b61f87edf0b29546cbe4808f79c0f284309,YES,ffffffc1c1efc0c0,3624222,2024-12-30T20:24:19.447Z,SUCCESS,D:\curuma\turmeric_datasets\dataset_01\original\Leaf_Spot\leaf_spot_(171).jpg,https://data.mendeley.com/public-files/datasets/jtttfbx342/files/10840147-4567-4b36-91bb-c608e6c7454c/file_downloaded
Dataset_01_jtttfbx342,leaf_spot_(172).jpg,original,Leaf_Spot,553e456f-d885-4985-8c9c-2fdf371f80e5,b18254072e0462c244f62396cae90320bf8f375f73ccfde803d2be0edb28cce4,b18254072e0462c244f62396cae90320bf8f375f73ccfde803d2be0edb28cce4,YES,ffff8f030187ffff,4064636,2024-12-30T20:24:19.943Z,SUCCESS,D:\curuma\turmeric_datasets\dataset_01\original\Leaf_Spot\leaf_spot_(172).jpg,https://data.mendeley.com/public-files/datasets/jtttfbx342/files/274c684d-a173-47c9-87b5-a76dda2cb326/file_downloaded
Dataset_01_jtttfbx342,leaf_spot_(173).jpg,original,Leaf_Spot,553e456f-d885-4985-8c9c-2fdf371f80e5,b800e3d21762ec04913da0050360af9d3a0f12f967ca7275d348e46f5f5b5b11,b800e3d21762ec04913da0050360af9d3a0f12f967ca7275d348e46f5f5b5b11,YES,fffffec0c0ece0e0,3623531,2024-12-30T20:24:19.972Z,SUCCESS,D:\curuma\turmeric_datasets\dataset_01\original\Leaf_Spot\leaf_spot_(173).jpg,https://data.mendeley.com/public-files/datasets/jtttfbx342/files/5ae3d7ab-3746-4795-aa63-42ba8c6676e8/file_downloaded
Dataset_01_jtttfbx342,leaf_spot_(174).jpg,original,Leaf_Spot,553e456f-d885-4985-8c9c-2fdf371f80e5,8212ffb491718a579ac3e77d21c55d9992ea3874ba55648870927333184a7203,8212ffb491718a579ac3e77d21c55d9992ea3874ba55648870927333184a7203,YES,fef7ffe080e7fee0,3600851,2024-12-30T20:24:21.983Z,SUCCESS,D:\curuma\turmeric_datasets\dataset_01\original\Leaf_Spot\leaf_spot_(174).jpg,https://data.mendeley.com/public-files/datasets/jtttfbx342/files/d51e1129-b96e-4965-88b5-c4e0afab5f69/file_downloaded
Dataset_01_jtttfbx342,leaf_spot_(175).jpg,original,Leaf_Spot,553e456f-d885-4985-8c9c-2fdf371f80e5,5f99e6411e5197c965a07980b39693fd734867ba0655c6f3bdb4a735d538598e,5f99e6411e5197c965a07980b39693fd734867ba0655c6f3bdb4a735d538598e,YES,ffffff8080fee8ee,3687830,2024-12-30T20:24:22.202Z,SUCCESS,D:\curuma\turmeric_datasets\dataset_01\original\Leaf_Spot\leaf_spot_(175).jpg,https://data.mendeley.com/public-files/datasets/jtttfbx342/files/87b8cb93-56d1-4c4a-bb9b-490c1a673d7d/file_downloaded
Dataset_01_jtttfbx342,leaf_spot_(176).jpg,original,Leaf_Spot,553e456f-d885-4985-8c9c-2fdf371f80e5,b9de2d229e3119ac8a090e615422a3de02ef918ec2d4b447ac92bcb536cd141b,b9de2d229e3119ac8a090e615422a3de02ef918ec2d4b447ac92bcb536cd141b,YES,ffffffc080e7fffc,3652178,2024-12-30T20:24:22.293Z,SUCCESS,D:\curuma\turmeric_datasets\dataset_01\original\Leaf_Spot\leaf_spot_(176).jpg,https://data.mendeley.com/public-files/datasets/jtttfbx342/files/7eb736c3-d93b-4a0d-a24c-ea420bf8fb6f/file_downloaded
Dataset_01_jtttfbx342,leaf_spot_(177).jpg,original,Leaf_Spot,553e456f-d885-4985-8c9c-2fdf371f80e5,f2977357a30522e36fc86363feed355cd1d3c8682fd2be92f6fd13fa0333ee67,f2977357a30522e36fc86363feed355cd1d3c8682fd2be92f6fd13fa0333ee67,YES,ffffff8181fee0c0,3620003,2024-12-30T20:24:22.232Z,SUCCESS,D:\curuma\turmeric_datasets\dataset_01\original\Leaf_Spot\leaf_spot_(177).jpg,https://data.mendeley.com/public-files/datasets/jtttfbx342/files/27c831ed-fbbb-40b3-aadd-cce9b6bd6638/file_downloaded
Dataset_01_jtttfbx342,leaf_spot_(178).jpg,original,Leaf_Spot,553e456f-d885-4985-8c9c-2fdf371f80e5,9515f85a25b283751f4fc60ba9c50d28773980aeca9f14067ad8d6cf2c086100,9515f85a25b283751f4fc60ba9c50d28773980aeca9f14067ad8d6cf2c086100,YES,ffffffc080ece0c0,3608959,2024-12-30T20:24:22.381Z,SUCCESS,D:\curuma\turmeric_datasets\dataset_01\original\Leaf_Spot\leaf_spot_(178).jpg,https://data.mendeley.com/public-files/datasets/jtttfbx342/files/f0b4b7ac-d188-495d-9477-8b14627a6a89/file_downloaded
Dataset_01_jtttfbx342,leaf_spot_(179).jpg,original,Leaf_Spot,553e456f-d885-4985-8c9c-2fdf371f80e5,9c856d4ba70e72e1770ff09e47722ef71aef44d61072e4bdb254faa3a61a9e16,9c856d4ba70e72e1770ff09e47722ef71aef44d61072e4bdb254faa3a61a9e16,YES,ffffffc080fce0c0,3200844,2024-12-30T20:24:22.173Z,SUCCESS,D:\curuma\turmeric_datasets\dataset_01\original\Leaf_Spot\leaf_spot_(179).jpg,https://data.mendeley.com/public-files/datasets/jtttfbx342/files/129b6f85-a709-4739-859f-682c0c735233/file_downloaded
Dataset_01_jtttfbx342,leaf_spot_(18).jpg,original,Leaf_Spot,553e456f-d885-4985-8c9c-2fdf371f80e5,f80b4d4bc3cb27aeaf352728806be3a015d88a0c16210c53d2e302afc4a66d22,f80b4d4bc3cb27aeaf352728806be3a015d88a0c16210c53d2e302afc4a66d22,YES,ecefeff7c3c3ff40,3485743,2024-12-30T20:24:23.055Z,SUCCESS,D:\curuma\turmeric_datasets\dataset_01\original\Leaf_Spot\leaf_spot_(18).jpg,https://data.mendeley.com/public-files/datasets/jtttfbx342/files/336d89bf-d23b-4f25-8e8b-37c87bdfdca4/file_downloaded
Dataset_01_jtttfbx342,leaf_spot_(180).jpg,original,Leaf_Spot,553e456f-d885-4985-8c9c-2fdf371f80e5,c25cb0fd1bbcd8979066819788029a1008f590da3cc68aba2d92d9ca62c8d98f,c25cb0fd1bbcd8979066819788029a1008f590da3cc68aba2d92d9ca62c8d98f,YES,f0f0f0f7c181fffa,3642819,2024-12-30T20:24:23.361Z,SUCCESS,D:\curuma\turmeric_datasets\dataset_01\original\Leaf_Spot\leaf_spot_(180).jpg,https://data.mendeley.com/public-files/datasets/jtttfbx342/files/41ad3e51-3d28-417a-ae58-c5b195b5fd7a/file_downloaded
Dataset_01_jtttfbx342,leaf_spot_(181).jpg,original,Leaf_Spot,553e456f-d885-4985-8c9c-2fdf371f80e5,a0eea5bdd229caf015bc26a67c921336851443cd82df54f456393d672a049ae2,a0eea5bdd229caf015bc26a67c921336851443cd82df54f456393d672a049ae2,YES,f0f0fbf3c1e1fffa,3647619,2024-12-30T20:24:23.538Z,SUCCESS,D:\curuma\turmeric_datasets\dataset_01\original\Leaf_Spot\leaf_spot_(181).jpg,https://data.mendeley.com/public-files/datasets/jtttfbx342/files/91f82809-5f62-4106-9dd4-d899582dee8d/file_downloaded
Dataset_01_jtttfbx342,leaf_spot_(183).jpg,original,Leaf_Spot,553e456f-d885-4985-8c9c-2fdf371f80e5,9e62929cad93ba0cef1ef3f7678a95adc3cc0fb5c6511decc1bea84b3de88a14,9e62929cad93ba0cef1ef3f7678a95adc3cc0fb5c6511decc1bea84b3de88a14,YES,fff70100c3ffffff,4056720,2024-12-30T20:24:27.145Z,SUCCESS,D:\curuma\turmeric_datasets\dataset_01\original\Leaf_Spot\leaf_spot_(183).jpg,https://data.mendeley.com/public-files/datasets/jtttfbx342/files/28d26dbd-d067-46e1-abb0-91e9489ab027/file_downloaded
Dataset_01_jtttfbx342,leaf_spot_(182).jpg,original,Leaf_Spot,553e456f-d885-4985-8c9c-2fdf371f80e5,eee9a360a89231607173a7d2905d48d2998eefa00efb03b86ee0f26f2cdeff8f,eee9a360a89231607173a7d2905d48d2998eefa00efb03b86ee0f26f2cdeff8f,YES,fff6fce0c0e0fcf0,3673303,2024-12-30T20:24:23.568Z,SUCCESS,D:\curuma\turmeric_datasets\dataset_01\original\Leaf_Spot\leaf_spot_(182).jpg,https://data.mendeley.com/public-files/datasets/jtttfbx342/files/5edd9fab-d98a-4c57-a186-9381993f1afd/file_downloaded
Dataset_01_jtttfbx342,leaf_spot_(184).jpg,original,Leaf_Spot,553e456f-d885-4985-8c9c-2fdf371f80e5,5a8078270e3d6fc0c7f990e91cc7b6c51ddd09852a2d2ef92bf06ab2278cb41f,5a8078270e3d6fc0c7f990e91cc7b6c51ddd09852a2d2ef92bf06ab2278cb41f,YES,fffbe18181f7fffe,3563535,2024-12-30T20:24:27.848Z,SUCCESS,D:\curuma\turmeric_datasets\dataset_01\original\Leaf_Spot\leaf_spot_(184).jpg,https://data.mendeley.com/public-files/datasets/jtttfbx342/files/47d5f05b-7b5d-4b83-8c9e-0715c9e16b74/file_downloaded
Dataset_01_jtttfbx342,leaf_spot_(185).jpg,original,Leaf_Spot,553e456f-d885-4985-8c9c-2fdf371f80e5,328342c7f416ad77e2bbca6421600187dd3f2109a65cf3154a543a09ff406b25,328342c7f416ad77e2bbca6421600187dd3f2109a65cf3154a543a09ff406b25,YES,ffffffc3c1f0f0e0,3516445,2024-12-30T20:24:27.819Z,SUCCESS,D:\curuma\turmeric_datasets\dataset_01\original\Leaf_Spot\leaf_spot_(185).jpg,https://data.mendeley.com/public-files/datasets/jtttfbx342/files/4c6cc45d-32c0-4d4a-9458-538e33cbd3b1/file_downloaded
Dataset_01_jtttfbx342,leaf_spot_(186).jpg,original,Leaf_Spot,553e456f-d885-4985-8c9c-2fdf371f80e5,8b3447031c5a9c159b3a6dd6d212b3a628449994a8836e85930068d6dc0bce4a,8b3447031c5a9c159b3a6dd6d212b3a628449994a8836e85930068d6dc0bce4a,YES,fffbf4c0e0f0f0f0,3523078,2024-12-30T20:24:27.908Z,SUCCESS,D:\curuma\turmeric_datasets\dataset_01\original\Leaf_Spot\leaf_spot_(186).jpg,https://data.mendeley.com/public-files/datasets/jtttfbx342/files/33a30447-9f4e-4c86-821b-3d79a47d6a50/file_downloaded
Dataset_01_jtttfbx342,leaf_spot_(187).jpg,original,Leaf_Spot,553e456f-d885-4985-8c9c-2fdf371f80e5,8a7b3226beeaf06d6d97f96482d5cd97a79da23a46e97fb3e6c761aca265d962,8a7b3226beeaf06d6d97f96482d5cd97a79da23a46e97fb3e6c761aca265d962,YES,f0f0f3ffe3e2f0c0,3473118,2024-12-30T20:24:27.878Z,SUCCESS,D:\curuma\turmeric_datasets\dataset_01\original\Leaf_Spot\leaf_spot_(187).jpg,https://data.mendeley.com/public-files/datasets/jtttfbx342/files/286abcee-3177-405d-bf99-bfc43a088b30/file_downloaded
Dataset_01_jtttfbx342,leaf_spot_(188).jpg,original,Leaf_Spot,553e456f-d885-4985-8c9c-2fdf371f80e5,1d9d87965b65d6079dad8bd6d25d7891ea32c0bb1cb3346349264edc3f6dc715,1d9d87965b65d6079dad8bd6d25d7891ea32c0bb1cb3346349264edc3f6dc715,YES,fffefee0c0e0f0f0,3534606,2024-12-30T20:24:27.983Z,SUCCESS,D:\curuma\turmeric_datasets\dataset_01\original\Leaf_Spot\leaf_spot_(188).jpg,https://data.mendeley.com/public-files/datasets/jtttfbx342/files/99fb3601-ce0a-4f94-bbb6-40ece48026f7/file_downloaded
Dataset_01_jtttfbx342,leaf_spot_(189).jpg,original,Leaf_Spot,553e456f-d885-4985-8c9c-2fdf371f80e5,4ec9b55878df780fc89d5a7587f67b1a5f6b715a8b4bdff32b5204f649633f2b,4ec9b55878df780fc89d5a7587f67b1a5f6b715a8b4bdff32b5204f649633f2b,YES,fffefee0c0e2f8f0,3472582,2024-12-30T20:24:28.474Z,SUCCESS,D:\curuma\turmeric_datasets\dataset_01\original\Leaf_Spot\leaf_spot_(189).jpg,https://data.mendeley.com/public-files/datasets/jtttfbx342/files/8b328a8e-906a-4af0-8204-cea0d82984f3/file_downloaded
Dataset_01_jtttfbx342,leaf_spot_(19).jpg,original,Leaf_Spot,553e456f-d885-4985-8c9c-2fdf371f80e5,7c6c2013c9287e5180dd1fa88be37a4ce629e2b8713137b7e0f3fdc0852f221e,7c6c2013c9287e5180dd1fa88be37a4ce629e2b8713137b7e0f3fdc0852f221e,YES,fffefce2c0ccf8c0,3485044,2024-12-30T20:24:28.617Z,SUCCESS,D:\curuma\turmeric_datasets\dataset_01\original\Leaf_Spot\leaf_spot_(19).jpg,https://data.mendeley.com/public-files/datasets/jtttfbx342/files/87fe9fac-1f37-4607-a0f6-cc3990f64053/file_downloaded
Dataset_01_jtttfbx342,leaf_spot_(190).jpg,original,Leaf_Spot,553e456f-d885-4985-8c9c-2fdf371f80e5,9fd0184f2cf9aca189db1f2678890d1f04f9f1f865880a76e961fd40cedae12c,9fd0184f2cf9aca189db1f2678890d1f04f9f1f865880a76e961fd40cedae12c,YES,fffff3c1c1d1f1ff,3397082,2024-12-30T20:24:28.648Z,SUCCESS,D:\curuma\turmeric_datasets\dataset_01\original\Leaf_Spot\leaf_spot_(190).jpg,https://data.mendeley.com/public-files/datasets/jtttfbx342/files/9781089c-6138-4841-a496-3ce029b0f25c/file_downloaded
Dataset_01_jtttfbx342,leaf_spot_(191).jpg,original,Leaf_Spot,553e456f-d885-4985-8c9c-2fdf371f80e5,7fcaaf373eba56bd749b9c579ac288a90abc06de023c2785ba1ca539b88656a3,7fcaaf373eba56bd749b9c579ac288a90abc06de023c2785ba1ca539b88656a3,YES,ffffffc3c3f4f0f0,3493592,2024-12-30T20:24:28.681Z,SUCCESS,D:\curuma\turmeric_datasets\dataset_01\original\Leaf_Spot\leaf_spot_(191).jpg,https://data.mendeley.com/public-files/datasets/jtttfbx342/files/4f63dc61-9152-45e8-b706-26de9463b813/file_downloaded
Dataset_01_jtttfbx342,leaf_spot_(193).jpg,original,Leaf_Spot,553e456f-d885-4985-8c9c-2fdf371f80e5,52d0932d3b9d52a75deb550e564fb648e8651d74fd17decbbeb71e6ad14324ec,52d0932d3b9d52a75deb550e564fb648e8651d74fd17decbbeb71e6ad14324ec,YES,f8f9fff3e1e2fce0,3502966,2024-12-30T20:24:31.118Z,SUCCESS,D:\curuma\turmeric_datasets\dataset_01\original\Leaf_Spot\leaf_spot_(193).jpg,https://data.mendeley.com/public-files/datasets/jtttfbx342/files/10109aa4-96fe-4770-b7a5-d452e1e5f294/file_downloaded
Dataset_01_jtttfbx342,leaf_spot_(2).jpg,original,Leaf_Spot,553e456f-d885-4985-8c9c-2fdf371f80e5,57b42ca5949f954ced1ba0d68db89b694c1e76329b00efe5590755bf221218e1,57b42ca5949f954ced1ba0d68db89b694c1e76329b00efe5590755bf221218e1,YES,ffffc70301c7ffff,4087598,2024-12-30T20:24:34.09Z,SUCCESS,D:\curuma\turmeric_datasets\dataset_01\original\Leaf_Spot\leaf_spot_(2).jpg,https://data.mendeley.com/public-files/datasets/jtttfbx342/files/06639e9f-66aa-453a-83c2-364f64d9c2e6/file_downloaded
Dataset_01_jtttfbx342,leaf_spot_(20).jpg,original,Leaf_Spot,553e456f-d885-4985-8c9c-2fdf371f80e5,4fec354f1b9776e882bcff3f756fc965cd2eb072a27bde91be35973add4a3298,4fec354f1b9776e882bcff3f756fc965cd2eb072a27bde91be35973add4a3298,YES,ffffcfc3c387fffe,3564387,2024-12-30T20:24:33.591Z,SUCCESS,D:\curuma\turmeric_datasets\dataset_01\original\Leaf_Spot\leaf_spot_(20).jpg,https://data.mendeley.com/public-files/datasets/jtttfbx342/files/37844c8e-dd0f-4fa0-9bdf-a2693969fcfd/file_downloaded
Dataset_01_jtttfbx342,leaf_spot_(21).jpg,original,Leaf_Spot,553e456f-d885-4985-8c9c-2fdf371f80e5,d7195dd49c7d8d8ff176d939c6e9442c28fe919db9378622b0661e7d6b95dfc2,d7195dd49c7d8d8ff176d939c6e9442c28fe919db9378622b0661e7d6b95dfc2,YES,ffffffc3c3fcc0c0,3493080,2024-12-30T20:24:33.623Z,SUCCESS,D:\curuma\turmeric_datasets\dataset_01\original\Leaf_Spot\leaf_spot_(21).jpg,https://data.mendeley.com/public-files/datasets/jtttfbx342/files/71d22054-83cb-41a7-ac88-41b35402451b/file_downloaded
Dataset_01_jtttfbx342,leaf_spot_(22).jpg,original,Leaf_Spot,553e456f-d885-4985-8c9c-2fdf371f80e5,5e7d55bf31c48fbf9250dcfc880c726f1ea8f0e684032433e11471e1a0f0df0b,5e7d55bf31c48fbf9250dcfc880c726f1ea8f0e684032433e11471e1a0f0df0b,YES,ffffffe0c0c0c0c1,3577127,2024-12-30T20:24:33.758Z,SUCCESS,D:\curuma\turmeric_datasets\dataset_01\original\Leaf_Spot\leaf_spot_(22).jpg,https://data.mendeley.com/public-files/datasets/jtttfbx342/files/6e364a05-a940-4138-9210-47a114b4896b/file_downloaded
Dataset_01_jtttfbx342,leaf_spot_(23).jpg,original,Leaf_Spot,553e456f-d885-4985-8c9c-2fdf371f80e5,42612bf106a00f9779a51cde41bcd170a4aea16af52b7fb1bf27b214b7537005,42612bf106a00f9779a51cde41bcd170a4aea16af52b7fb1bf27b214b7537005,YES,f8f9ffffc1c1fef0,3482508,2024-12-30T20:24:34.304Z,SUCCESS,D:\curuma\turmeric_datasets\dataset_01\original\Leaf_Spot\leaf_spot_(23).jpg,https://data.mendeley.com/public-files/datasets/jtttfbx342/files/22fa8ea1-94a4-4f7f-bc59-2d9d5ad3a45c/file_downloaded
Dataset_01_jtttfbx342,leaf_spot_(24).jpg,original,Leaf_Spot,553e456f-d885-4985-8c9c-2fdf371f80e5,79fc0e7f209f81349463609a6eb03b69fd093bd5ba8407507eabe3a449c62e8b,79fc0e7f209f81349463609a6eb03b69fd093bd5ba8407507eabe3a449c62e8b,YES,ffffc3818181f7ff,3960203,2024-12-30T20:24:34.612Z,SUCCESS,D:\curuma\turmeric_datasets\dataset_01\original\Leaf_Spot\leaf_spot_(24).jpg,https://data.mendeley.com/public-files/datasets/jtttfbx342/files/514ce2d6-8d43-4f7c-b8c3-1d38e4f1c250/file_downloaded
Dataset_01_jtttfbx342,leaf_spot_(25).jpg,original,Leaf_Spot,553e456f-d885-4985-8c9c-2fdf371f80e5,debbe912ef47ba8c597a4f066da54982a6a946a9fc413956da0754c8a316f05c,debbe912ef47ba8c597a4f066da54982a6a946a9fc413956da0754c8a316f05c,YES,fefefee0c2e0f8e0,3542193,2024-12-30T20:24:34.402Z,SUCCESS,D:\curuma\turmeric_datasets\dataset_01\original\Leaf_Spot\leaf_spot_(25).jpg,https://data.mendeley.com/public-files/datasets/jtttfbx342/files/b77c9b44-2598-43dc-95a3-a045a86f4727/file_downloaded
Dataset_01_jtttfbx342,leaf_spot_(26).jpg,original,Leaf_Spot,553e456f-d885-4985-8c9c-2fdf371f80e5,a78e289d466043bcc438583880693a4aefa2f494df46f5592d61c38e1231330c,a78e289d466043bcc438583880693a4aefa2f494df46f5592d61c38e1231330c,YES,fffb8383c3e3ffff,3492255,2024-12-30T20:24:34.437Z,SUCCESS,D:\curuma\turmeric_datasets\dataset_01\original\Leaf_Spot\leaf_spot_(26).jpg,https://data.mendeley.com/public-files/datasets/jtttfbx342/files/726a9f90-bfb1-4364-8fe4-e51e42a5f6a4/file_downloaded
Dataset_01_jtttfbx342,leaf_spot_(27).jpg,original,Leaf_Spot,553e456f-d885-4985-8c9c-2fdf371f80e5,8c212a1bef4d9a9a721d3f69e6fad52b3832404bc3da21f8cfb01815243175fe,8c212a1bef4d9a9a721d3f69e6fad52b3832404bc3da21f8cfb01815243175fe,YES,ffffffc1c1f3f0e0,3590692,2024-12-30T20:24:34.651Z,SUCCESS,D:\curuma\turmeric_datasets\dataset_01\original\Leaf_Spot\leaf_spot_(27).jpg,https://data.mendeley.com/public-files/datasets/jtttfbx342/files/c956d3d3-a4a1-4193-8731-8c644b056a76/file_downloaded
Dataset_01_jtttfbx342,leaf_spot_(29).jpg,original,Leaf_Spot,553e456f-d885-4985-8c9c-2fdf371f80e5,8103107ab77c3b0d85a69570f5a0ca1381152b585d7ca1c026f0f030a17d81bf,8103107ab77c3b0d85a69570f5a0ca1381152b585d7ca1c026f0f030a17d81bf,YES,f8f8fff7c3c3fdc0,3573809,2024-12-30T20:24:35.599Z,SUCCESS,D:\curuma\turmeric_datasets\dataset_01\original\Leaf_Spot\leaf_spot_(29).jpg,https://data.mendeley.com/public-files/datasets/jtttfbx342/files/eb9b893a-069e-4b46-9aa3-4fc1959170b1/file_downloaded
Dataset_01_jtttfbx342,leaf_spot_(28).jpg,original,Leaf_Spot,553e456f-d885-4985-8c9c-2fdf371f80e5,34bdc28b012b5c94aa9fb9442d1c37b636c3b5126d35200c24dbfa974ea13f03,34bdc28b012b5c94aa9fb9442d1c37b636c3b5126d35200c24dbfa974ea13f03,YES,fffff0c0e0f0f0f3,3541223,2024-12-30T20:24:35.108Z,SUCCESS,D:\curuma\turmeric_datasets\dataset_01\original\Leaf_Spot\leaf_spot_(28).jpg,https://data.mendeley.com/public-files/datasets/jtttfbx342/files/0edcfafc-acc6-41e0-ac05-7540db54dd07/file_downloaded
Dataset_01_jtttfbx342,leaf_spot_(3).jpg,original,Leaf_Spot,553e456f-d885-4985-8c9c-2fdf371f80e5,79b54d8b77dc6d6c678b60edcb3611db5ecc70506ddfe082f2a3e44e419365a2,79b54d8b77dc6d6c678b60edcb3611db5ecc70506ddfe082f2a3e44e419365a2,YES,ffffe3c3e3fcf0f0,3450931,2024-12-30T20:24:37.046Z,SUCCESS,D:\curuma\turmeric_datasets\dataset_01\original\Leaf_Spot\leaf_spot_(3).jpg,https://data.mendeley.com/public-files/datasets/jtttfbx342/files/82c6946c-f9aa-4038-b184-5998f5f5dbe2/file_downloaded
Dataset_01_jtttfbx342,leaf_spot_(30).jpg,original,Leaf_Spot,553e456f-d885-4985-8c9c-2fdf371f80e5,7a311bb91ed51406770a169053b8e5eb82a951edbb0f7b23a809a35607a4ab53,7a311bb91ed51406770a169053b8e5eb82a951edbb0f7b23a809a35607a4ab53,YES,fffffec0c2e0f8e0,3607718,2024-12-30T20:24:39.307Z,SUCCESS,D:\curuma\turmeric_datasets\dataset_01\original\Leaf_Spot\leaf_spot_(30).jpg,https://data.mendeley.com/public-files/datasets/jtttfbx342/files/d4d6035a-3a4e-489a-9839-98baa21b97c7/file_downloaded
Dataset_01_jtttfbx342,leaf_spot_(31).jpg,original,Leaf_Spot,553e456f-d885-4985-8c9c-2fdf371f80e5,549108bcb8ed9a7d7ae11e0eb885ef2f0dd3485ee55a190c66b69ed68315d876,549108bcb8ed9a7d7ae11e0eb885ef2f0dd3485ee55a190c66b69ed68315d876,YES,ffffffc1c1e3fbf8,3493644,2024-12-30T20:24:40.143Z,SUCCESS,D:\curuma\turmeric_datasets\dataset_01\original\Leaf_Spot\leaf_spot_(31).jpg,https://data.mendeley.com/public-files/datasets/jtttfbx342/files/1ac01018-e31c-4dd6-ac4a-b6f1b918c5bb/file_downloaded
Dataset_01_jtttfbx342,leaf_spot_(32).jpg,original,Leaf_Spot,553e456f-d885-4985-8c9c-2fdf371f80e5,40e0b529a861e798533d68e07d91f5d943faaed952898077e90222540806c9bb,40e0b529a861e798533d68e07d91f5d943faaed952898077e90222540806c9bb,YES,ffffffc3c3fdf0e0,3616467,2024-12-30T20:24:40.767Z,SUCCESS,D:\curuma\turmeric_datasets\dataset_01\original\Leaf_Spot\leaf_spot_(32).jpg,https://data.mendeley.com/public-files/datasets/jtttfbx342/files/87e8ba39-8b46-4654-a910-7118b38206ac/file_downloaded
Dataset_01_jtttfbx342,leaf_spot_(33).jpg,original,Leaf_Spot,553e456f-d885-4985-8c9c-2fdf371f80e5,116269e32d4148baa113998bba24230504f9ee6525dd1f8ec8ae96a6164b1d7a,116269e32d4148baa113998bba24230504f9ee6525dd1f8ec8ae96a6164b1d7a,YES,fffffec0c0e0f0e0,3582155,2024-12-30T20:24:41.056Z,SUCCESS,D:\curuma\turmeric_datasets\dataset_01\original\Leaf_Spot\leaf_spot_(33).jpg,https://data.mendeley.com/public-files/datasets/jtttfbx342/files/c997f7fc-50ab-4b76-b19b-ce9b63e0bd50/file_downloaded
Dataset_01_jtttfbx342,leaf_spot_(34).jpg,original,Leaf_Spot,553e456f-d885-4985-8c9c-2fdf371f80e5,554d6902845f1aad4452673a21011c8ebfc767a485a362bfd50f80e1bc78ba93,554d6902845f1aad4452673a21011c8ebfc767a485a362bfd50f80e1bc78ba93,YES,f0f3ffe7c3e3fdc0,3447140,2024-12-30T20:24:40.876Z,SUCCESS,D:\curuma\turmeric_datasets\dataset_01\original\Leaf_Spot\leaf_spot_(34).jpg,https://data.mendeley.com/public-files/datasets/jtttfbx342/files/e6179d4b-85d0-4390-b098-53ef6e40e80e/file_downloaded
Dataset_01_jtttfbx342,leaf_spot_(35).jpg,original,Leaf_Spot,553e456f-d885-4985-8c9c-2fdf371f80e5,e7328fc91c0ba5199d84fd3af76604570b91875370a49e53917f0da70c6417dc,e7328fc91c0ba5199d84fd3af76604570b91875370a49e53917f0da70c6417dc,YES,ffff87810387ffff,3794833,2024-12-30T20:24:41.425Z,SUCCESS,D:\curuma\turmeric_datasets\dataset_01\original\Leaf_Spot\leaf_spot_(35).jpg,https://data.mendeley.com/public-files/datasets/jtttfbx342/files/272d9f03-fbbb-4c85-a4f5-5854886809f0/file_downloaded
Dataset_01_jtttfbx342,leaf_spot_(37).jpg,original,Leaf_Spot,553e456f-d885-4985-8c9c-2fdf371f80e5,ce66c8150999c07cf8b017e6ede1b67e0ec4386b8e749181059d43a0210942d6,ce66c8150999c07cf8b017e6ede1b67e0ec4386b8e749181059d43a0210942d6,YES,ffffffc3c1b1fbfb,3478170,2024-12-30T20:24:41.514Z,SUCCESS,D:\curuma\turmeric_datasets\dataset_01\original\Leaf_Spot\leaf_spot_(37).jpg,https://data.mendeley.com/public-files/datasets/jtttfbx342/files/45c39fe1-bd79-49e2-9757-98b70682e918/file_downloaded
Dataset_01_jtttfbx342,leaf_spot_(36).jpg,original,Leaf_Spot,553e456f-d885-4985-8c9c-2fdf371f80e5,217e138ece04738692ada5596437f4393e75cfab892bc11a90a96297e7ff7f74,217e138ece04738692ada5596437f4393e75cfab892bc11a90a96297e7ff7f74,YES,fffefec6c2e0f0e0,3527404,2024-12-30T20:24:41.237Z,SUCCESS,D:\curuma\turmeric_datasets\dataset_01\original\Leaf_Spot\leaf_spot_(36).jpg,https://data.mendeley.com/public-files/datasets/jtttfbx342/files/ac7e1b35-6c66-4761-99d7-c5f657055de5/file_downloaded
Dataset_01_jtttfbx342,leaf_spot_(38).jpg,original,Leaf_Spot,553e456f-d885-4985-8c9c-2fdf371f80e5,d2896f29d94863528d6d93e19b5a6df473c65a89ad7e84614af0e69c9db4533c,d2896f29d94863528d6d93e19b5a6df473c65a89ad7e84614af0e69c9db4533c,YES,ffffc3c3fff0e0c0,3509530,2024-12-30T20:24:41.758Z,SUCCESS,D:\curuma\turmeric_datasets\dataset_01\original\Leaf_Spot\leaf_spot_(38).jpg,https://data.mendeley.com/public-files/datasets/jtttfbx342/files/12e7b521-9385-41c9-b55e-f3c13ff208e6/file_downloaded
Dataset_01_jtttfbx342,leaf_spot_(39).jpg,original,Leaf_Spot,553e456f-d885-4985-8c9c-2fdf371f80e5,335ce9fec27635da27eac9997464e52cbc5da34e103e2096fe682d14c21152ac,335ce9fec27635da27eac9997464e52cbc5da34e103e2096fe682d14c21152ac,YES,ffffe1c081c3fff0,3945157,2024-12-30T20:24:42.521Z,SUCCESS,D:\curuma\turmeric_datasets\dataset_01\original\Leaf_Spot\leaf_spot_(39).jpg,https://data.mendeley.com/public-files/datasets/jtttfbx342/files/803ecf77-f09a-4bfd-97d7-f6b25dc2fd45/file_downloaded
Dataset_01_jtttfbx342,leaf_spot_(4).jpg,original,Leaf_Spot,553e456f-d885-4985-8c9c-2fdf371f80e5,fcae4abca13d2ee50b20d7f281aa2fff026a4c9cc07e3f2d6e738f8e21491176,fcae4abca13d2ee50b20d7f281aa2fff026a4c9cc07e3f2d6e738f8e21491176,YES,fffefee2e2f4f0f0,3463428,2024-12-30T20:24:43.262Z,SUCCESS,D:\curuma\turmeric_datasets\dataset_01\original\Leaf_Spot\leaf_spot_(4).jpg,https://data.mendeley.com/public-files/datasets/jtttfbx342/files/00b8fff2-d044-44a5-ad45-736eaf1c37d4/file_downloaded
Dataset_01_jtttfbx342,leaf_spot_(42).jpg,original,Leaf_Spot,553e456f-d885-4985-8c9c-2fdf371f80e5,d0d5b0a614e60558322ea1b2624ea7d78d3fd3f4283621a344ad5153b8d53a02,d0d5b0a614e60558322ea1b2624ea7d78d3fd3f4283621a344ad5153b8d53a02,YES,ffffe08081f7fff7,4053696,2024-12-30T20:24:48.312Z,SUCCESS,D:\curuma\turmeric_datasets\dataset_01\original\Leaf_Spot\leaf_spot_(42).jpg,https://data.mendeley.com/public-files/datasets/jtttfbx342/files/36ed7353-e4a8-4852-b423-2e22e7b264e4/file_downloaded
Dataset_01_jtttfbx342,leaf_spot_(40).jpg,original,Leaf_Spot,553e456f-d885-4985-8c9c-2fdf371f80e5,e0f136f691dd82bf88f5d2cada5f30f866f9d4ae047eb28f31c977d8bd84c4e4,e0f136f691dd82bf88f5d2cada5f30f866f9d4ae047eb28f31c977d8bd84c4e4,YES,ffffe0c183c7ffff,3952740,2024-12-30T20:24:46.228Z,SUCCESS,D:\curuma\turmeric_datasets\dataset_01\original\Leaf_Spot\leaf_spot_(40).jpg,https://data.mendeley.com/public-files/datasets/jtttfbx342/files/d1969db3-3d0f-4a3f-9140-7abd33aed08d/file_downloaded
Dataset_01_jtttfbx342,leaf_spot_(41).jpg,original,Leaf_Spot,553e456f-d885-4985-8c9c-2fdf371f80e5,1ffe3d8fc10f0e1281b81b0595c259a8fa8573e75fdc20bb9dca99623ccf8ea3,1ffe3d8fc10f0e1281b81b0595c259a8fa8573e75fdc20bb9dca99623ccf8ea3,YES,ffffe1c081c3ffff,3927577,2024-12-30T20:24:47.93Z,SUCCESS,D:\curuma\turmeric_datasets\dataset_01\original\Leaf_Spot\leaf_spot_(41).jpg,https://data.mendeley.com/public-files/datasets/jtttfbx342/files/53c61e2a-65ea-413c-96df-1775be85fc2b/file_downloaded
Dataset_01_jtttfbx342,leaf_spot_(43).jpg,original,Leaf_Spot,553e456f-d885-4985-8c9c-2fdf371f80e5,b5f123965df93f455648d74a6ba0246ecdb5ed73162c24fec1d6f7c51a4ac489,b5f123965df93f455648d74a6ba0246ecdb5ed73162c24fec1d6f7c51a4ac489,YES,ffffe3c081c3fff7,3949983,2024-12-30T20:24:48.374Z,SUCCESS,D:\curuma\turmeric_datasets\dataset_01\original\Leaf_Spot\leaf_spot_(43).jpg,https://data.mendeley.com/public-files/datasets/jtttfbx342/files/1f75d1ab-9c77-42ac-8b97-0742137ac8bc/file_downloaded
Dataset_01_jtttfbx342,leaf_spot_(45).jpg,original,Leaf_Spot,553e456f-d885-4985-8c9c-2fdf371f80e5,ebf54512aaf1a05e298c682dda2a60fb2f287ebdaeb5377f30f0b2e770000eae,ebf54512aaf1a05e298c682dda2a60fb2f287ebdaeb5377f30f0b2e770000eae,YES,ffffff8380e1ffef,3770919,2024-12-30T20:24:48.557Z,SUCCESS,D:\curuma\turmeric_datasets\dataset_01\original\Leaf_Spot\leaf_spot_(45).jpg,https://data.mendeley.com/public-files/datasets/jtttfbx342/files/4aa08015-4e89-4ed6-b9ba-078b1849709c/file_downloaded
Dataset_01_jtttfbx342,leaf_spot_(44).jpg,original,Leaf_Spot,553e456f-d885-4985-8c9c-2fdf371f80e5,a5d959171e29dc06a53e3b56d78cd9251493192f4cb2212895bfa5467bd36073,a5d959171e29dc06a53e3b56d78cd9251493192f4cb2212895bfa5467bd36073,YES,ffffff8380c0ffe0,3677423,2024-12-30T20:24:48.342Z,SUCCESS,D:\curuma\turmeric_datasets\dataset_01\original\Leaf_Spot\leaf_spot_(44).jpg,https://data.mendeley.com/public-files/datasets/jtttfbx342/files/41642bcc-1c1f-46ed-b78e-bb31b2c83d94/file_downloaded
Dataset_01_jtttfbx342,leaf_spot_(46).jpg,original,Leaf_Spot,553e456f-d885-4985-8c9c-2fdf371f80e5,a3850575610725413684131768493662782954bd3df1616dbd02f72a73a9dca1,a3850575610725413684131768493662782954bd3df1616dbd02f72a73a9dca1,YES,ffff0100c3ffffff,3853273,2024-12-30T20:24:48.687Z,SUCCESS,D:\curuma\turmeric_datasets\dataset_01\original\Leaf_Spot\leaf_spot_(46).jpg,https://data.mendeley.com/public-files/datasets/jtttfbx342/files/880d9aaf-6004-40e3-964c-079de175e017/file_downloaded
Dataset_01_jtttfbx342,leaf_spot_(47).jpg,original,Leaf_Spot,553e456f-d885-4985-8c9c-2fdf371f80e5,fdddbd13eda06fe5502394a72a700c684f51a66e4e78f143efa18609d2c8a256,fdddbd13eda06fe5502394a72a700c684f51a66e4e78f143efa18609d2c8a256,YES,ffffef8180e1fffc,3544982,2024-12-30T20:24:48.586Z,SUCCESS,D:\curuma\turmeric_datasets\dataset_01\original\Leaf_Spot\leaf_spot_(47).jpg,https://data.mendeley.com/public-files/datasets/jtttfbx342/files/b6ead195-23e6-493d-8797-11c9d8ea0700/file_downloaded
Dataset_01_jtttfbx342,leaf_spot_(48).jpg,original,Leaf_Spot,553e456f-d885-4985-8c9c-2fdf371f80e5,f8e33b934293a9633bf19cbd9398683fcfc9ff201df07c3a677439659eabf58b,f8e33b934293a9633bf19cbd9398683fcfc9ff201df07c3a677439659eabf58b,YES,ffffc70081fff0f0,3744466,2024-12-30T20:24:49.002Z,SUCCESS,D:\curuma\turmeric_datasets\dataset_01\original\Leaf_Spot\leaf_spot_(48).jpg,https://data.mendeley.com/public-files/datasets/jtttfbx342/files/1bedbf5f-621d-45d6-a6ae-6935682d6c9e/file_downloaded
Dataset_01_jtttfbx342,leaf_spot_(49).jpg,original,Leaf_Spot,553e456f-d885-4985-8c9c-2fdf371f80e5,2f49708dc9e0a1e4fdd4b58df85652fd64acd1c94741dc69d3703bc3b4e7b7b3,2f49708dc9e0a1e4fdd4b58df85652fd64acd1c94741dc69d3703bc3b4e7b7b3,YES,ffffff8080e3fff2,3634977,2024-12-30T20:24:49.133Z,SUCCESS,D:\curuma\turmeric_datasets\dataset_01\original\Leaf_Spot\leaf_spot_(49).jpg,https://data.mendeley.com/public-files/datasets/jtttfbx342/files/379a7ae4-6ce4-4ff5-ba15-df6dfe72bfa1/file_downloaded
Dataset_01_jtttfbx342,leaf_spot_(5).jpg,original,Leaf_Spot,553e456f-d885-4985-8c9c-2fdf371f80e5,4bbce3bb2a090398c01a621b84a0e8d569bd067d41358cf0e2f1c332939569c2,4bbce3bb2a090398c01a621b84a0e8d569bd067d41358cf0e2f1c332939569c2,YES,fffff3e1e1f1f1f0,3451839,2024-12-30T20:24:49.433Z,SUCCESS,D:\curuma\turmeric_datasets\dataset_01\original\Leaf_Spot\leaf_spot_(5).jpg,https://data.mendeley.com/public-files/datasets/jtttfbx342/files/0ed084b5-2f9b-4950-997c-55f6e2d06da9/file_downloaded
Dataset_01_jtttfbx342,leaf_spot_(50).jpg,original,Leaf_Spot,553e456f-d885-4985-8c9c-2fdf371f80e5,4d6e90d2f64004a45f14c36ea1a8e831f4dae350c7c263fd447b0ad0e36ffa91,4d6e90d2f64004a45f14c36ea1a8e831f4dae350c7c263fd447b0ad0e36ffa91,YES,ffffff8300c0fff0,4014424,2024-12-30T20:24:50.33Z,SUCCESS,D:\curuma\turmeric_datasets\dataset_01\original\Leaf_Spot\leaf_spot_(50).jpg,https://data.mendeley.com/public-files/datasets/jtttfbx342/files/c204cbed-d19c-4c7a-b628-db46923f43c0/file_downloaded
Dataset_01_jtttfbx342,leaf_spot_(51).jpg,original,Leaf_Spot,553e456f-d885-4985-8c9c-2fdf371f80e5,2ed5014bf72754791262fd4d237e092270ee432951df863442b6559179981450,2ed5014bf72754791262fd4d237e092270ee432951df863442b6559179981450,YES,ffffe78080c3ffff,4086600,2024-12-30T20:24:55.447Z,SUCCESS,D:\curuma\turmeric_datasets\dataset_01\original\Leaf_Spot\leaf_spot_(51).jpg,https://data.mendeley.com/public-files/datasets/jtttfbx342/files/b2e15902-ec02-48f6-8552-4b313e5b1910/file_downloaded
Dataset_01_jtttfbx342,leaf_spot_(52).jpg,original,Leaf_Spot,553e456f-d885-4985-8c9c-2fdf371f80e5,6a92144f74f33ea49e8d9a14a8e32f5d7d5924389deb74fc5980378b31479f3d,6a92144f74f33ea49e8d9a14a8e32f5d7d5924389deb74fc5980378b31479f3d,YES,ffffc30080e1ffff,4140235,2024-12-30T20:24:55.419Z,SUCCESS,D:\curuma\turmeric_datasets\dataset_01\original\Leaf_Spot\leaf_spot_(52).jpg,https://data.mendeley.com/public-files/datasets/jtttfbx342/files/18f8b133-0902-4b35-8e5b-450580d46a35/file_downloaded
Dataset_01_jtttfbx342,leaf_spot_(53).jpg,original,Leaf_Spot,553e456f-d885-4985-8c9c-2fdf371f80e5,44b1a324c5a8ea64b2862de2f2bc0f7054921e62f65e1aa59864a9a9f5472f4b,44b1a324c5a8ea64b2862de2f2bc0f7054921e62f65e1aa59864a9a9f5472f4b,YES,ffff8100c1fffff0,4055122,2024-12-30T20:24:55.389Z,SUCCESS,D:\curuma\turmeric_datasets\dataset_01\original\Leaf_Spot\leaf_spot_(53).jpg,https://data.mendeley.com/public-files/datasets/jtttfbx342/files/cf0b3a95-781b-4fd8-9583-e885605a69ec/file_downloaded
Dataset_01_jtttfbx342,leaf_spot_(56).jpg,original,Leaf_Spot,553e456f-d885-4985-8c9c-2fdf371f80e5,e23ffa7fae9468efe78f34074df4ce7225bd439514e9987e882b430c8690749f,e23ffa7fae9468efe78f34074df4ce7225bd439514e9987e882b430c8690749f,YES,7fe7e72727270703,133570,2024-12-30T20:24:50.449Z,SUCCESS,D:\curuma\turmeric_datasets\dataset_01\original\Leaf_Spot\leaf_spot_(56).jpg,https://data.mendeley.com/public-files/datasets/jtttfbx342/files/2eeb4344-d917-4770-890d-be042e597244/file_downloaded
Dataset_01_jtttfbx342,leaf_spot_(192).jpg,original,Leaf_Spot,553e456f-d885-4985-8c9c-2fdf371f80e5,e67293e29f22a84b1bf53184092d4cf3447f1eeba285a53eb311851852e2e1ef,e67293e29f22a84b1bf53184092d4cf3447f1eeba285a53eb311851852e2e1ef,YES,ffffe2c0e0f0f0e0,3498642,2024-12-30T20:24:29.206Z,SUCCESS,D:\curuma\turmeric_datasets\dataset_01\original\Leaf_Spot\leaf_spot_(192).jpg,https://data.mendeley.com/public-files/datasets/jtttfbx342/files/9339a717-e67a-4248-8ff4-a44e6db7358d/file_downloaded
Dataset_01_jtttfbx342,leaf_spot_(54).jpg,original,Leaf_Spot,553e456f-d885-4985-8c9c-2fdf371f80e5,71735d4fd4fbc17d73cbb31e1a89eac30390221091ec7837d9c753e9e0fd3486,71735d4fd4fbc17d73cbb31e1a89eac30390221091ec7837d9c753e9e0fd3486,YES,ffffe38080e3ffe2,3884147,2024-12-30T20:24:55.359Z,SUCCESS,D:\curuma\turmeric_datasets\dataset_01\original\Leaf_Spot\leaf_spot_(54).jpg,https://data.mendeley.com/public-files/datasets/jtttfbx342/files/d2d178ca-5dcc-44a1-ad90-bbf49a6868b5/file_downloaded
Dataset_01_jtttfbx342,leaf_spot_(55).jpg,original,Leaf_Spot,553e456f-d885-4985-8c9c-2fdf371f80e5,d764fd4f17f96db9bc5b5600bec56347c67c867ba4333481ffe8c1e737b541bf,d764fd4f17f96db9bc5b5600bec56347c67c867ba4333481ffe8c1e737b541bf,YES,f7f7ff8181ffe080,3607590,2024-12-30T20:24:54.778Z,SUCCESS,D:\curuma\turmeric_datasets\dataset_01\original\Leaf_Spot\leaf_spot_(55).jpg,https://data.mendeley.com/public-files/datasets/jtttfbx342/files/f3cf7f6e-8334-4532-8a0e-4c91e99b35dd/file_downloaded
Dataset_01_jtttfbx342,leaf_spot_(57).jpg,original,Leaf_Spot,553e456f-d885-4985-8c9c-2fdf371f80e5,c02933998a8bf88e2eb60462ad794ab813ebafe840f3b7c36f65ac2ce684d24e,c02933998a8bf88e2eb60462ad794ab813ebafe840f3b7c36f65ac2ce684d24e,YES,ffffc78181c3ffff,3839037,2024-12-30T20:24:55.719Z,SUCCESS,D:\curuma\turmeric_datasets\dataset_01\original\Leaf_Spot\leaf_spot_(57).jpg,https://data.mendeley.com/public-files/datasets/jtttfbx342/files/65156407-f590-4ce1-b437-9a2fe7899826/file_downloaded
Dataset_01_jtttfbx342,leaf_spot_(146).jpg,original,Leaf_Spot,553e456f-d885-4985-8c9c-2fdf371f80e5,6c7b9517ac8fae26394e4e496d22df3a369d358d55800585c6019f0a2e10f24f,6c7b9517ac8fae26394e4e496d22df3a369d358d55800585c6019f0a2e10f24f,YES,ffffc381c1f3fffb,3873952,2024-12-30T20:24:06.375Z,SUCCESS,D:\curuma\turmeric_datasets\dataset_01\original\Leaf_Spot\leaf_spot_(146).jpg,https://data.mendeley.com/public-files/datasets/jtttfbx342/files/b5656064-2e89-4416-9a71-42eabe555386/file_downloaded
Dataset_01_jtttfbx342,leaf_spot_(59).jpg,original,Leaf_Spot,553e456f-d885-4985-8c9c-2fdf371f80e5,4519019366fb966d53c93e56368053e5e0711b1db062bf2cdf6349068df1c228,4519019366fb966d53c93e56368053e5e0711b1db062bf2cdf6349068df1c228,YES,ffffffc181fbf9f0,3527794,2024-12-30T20:24:55.755Z,SUCCESS,D:\curuma\turmeric_datasets\dataset_01\original\Leaf_Spot\leaf_spot_(59).jpg,https://data.mendeley.com/public-files/datasets/jtttfbx342/files/919ea10e-443f-48e1-b475-62d56677b888/file_downloaded
Dataset_01_jtttfbx342,leaf_spot_(58).jpg,original,Leaf_Spot,553e456f-d885-4985-8c9c-2fdf371f80e5,a9d49726d059c9fc910c525a49a2579517f3b018ba72c32492a2abd2483a477e,a9d49726d059c9fc910c525a49a2579517f3b018ba72c32492a2abd2483a477e,YES,fffffe8080fce060,3498327,2024-12-30T20:24:55.595Z,SUCCESS,D:\curuma\turmeric_datasets\dataset_01\original\Leaf_Spot\leaf_spot_(58).jpg,https://data.mendeley.com/public-files/datasets/jtttfbx342/files/b233a532-8e6f-48c6-b801-82e19bba6ec1/file_downloaded
Dataset_01_jtttfbx342,leaf_spot_(6).jpg,original,Leaf_Spot,553e456f-d885-4985-8c9c-2fdf371f80e5,edb7ec2b8501d625b8adf58b4a5db761cf162abc6cc1f6f3e3f4480581cdf257,edb7ec2b8501d625b8adf58b4a5db761cf162abc6cc1f6f3e3f4480581cdf257,YES,fffff6e0e0f0f0c0,3523031,2024-12-30T20:24:55.947Z,SUCCESS,D:\curuma\turmeric_datasets\dataset_01\original\Leaf_Spot\leaf_spot_(6).jpg,https://data.mendeley.com/public-files/datasets/jtttfbx342/files/047efb99-84c7-4b88-9622-aeb44d61166b/file_downloaded
Dataset_01_jtttfbx342,leaf_spot_(61).jpg,original,Leaf_Spot,553e456f-d885-4985-8c9c-2fdf371f80e5,5e8c53804a059aad2f0032416873635efab167c987534c48c3cf807813fb37a4,5e8c53804a059aad2f0032416873635efab167c987534c48c3cf807813fb37a4,YES,ffffff80c0fee0c0,3475611,2024-12-30T20:24:56.471Z,SUCCESS,D:\curuma\turmeric_datasets\dataset_01\original\Leaf_Spot\leaf_spot_(61).jpg,https://data.mendeley.com/public-files/datasets/jtttfbx342/files/9b796a93-b782-47e9-b84a-88caea3fcdbc/file_downloaded
Dataset_01_jtttfbx342,leaf_spot_(60).jpg,original,Leaf_Spot,553e456f-d885-4985-8c9c-2fdf371f80e5,9ce5c88648c049b04125469117173a13c5915123838af0b2ae886552ad5f0634,9ce5c88648c049b04125469117173a13c5915123838af0b2ae886552ad5f0634,YES,ffffff8181fef0c0,3531737,2024-12-30T20:24:55.915Z,SUCCESS,D:\curuma\turmeric_datasets\dataset_01\original\Leaf_Spot\leaf_spot_(60).jpg,https://data.mendeley.com/public-files/datasets/jtttfbx342/files/e094fad7-60e7-42ff-9090-f5d19e183f69/file_downloaded
Dataset_01_jtttfbx342,leaf_spot_(63).jpg,original,Leaf_Spot,553e456f-d885-4985-8c9c-2fdf371f80e5,6477dd0d1ed7e144ac40921ceafbfabbde0f36c0b7e036d20d448fec8e2b84de,6477dd0d1ed7e144ac40921ceafbfabbde0f36c0b7e036d20d448fec8e2b84de,YES,ffffe78080e3ffe7,3896713,2024-12-30T20:24:59.455Z,SUCCESS,D:\curuma\turmeric_datasets\dataset_01\original\Leaf_Spot\leaf_spot_(63).jpg,https://data.mendeley.com/public-files/datasets/jtttfbx342/files/101847b2-3374-4476-8310-5c8538ae01f4/file_downloaded
Dataset_01_jtttfbx342,leaf_spot_(62).jpg,original,Leaf_Spot,553e456f-d885-4985-8c9c-2fdf371f80e5,30a518703b8fdec668fb316ff275f4b3c2be74c2609fe33ae2180231b8f58abf,30a518703b8fdec668fb316ff275f4b3c2be74c2609fe33ae2180231b8f58abf,YES,ffffff8380c1ffd0,3811704,2024-12-30T20:24:59.175Z,SUCCESS,D:\curuma\turmeric_datasets\dataset_01\original\Leaf_Spot\leaf_spot_(62).jpg,https://data.mendeley.com/public-files/datasets/jtttfbx342/files/bc17777a-82d0-4457-a9bb-5be7c2d88a6e/file_downloaded
Dataset_01_jtttfbx342,leaf_spot_(64).jpg,original,Leaf_Spot,553e456f-d885-4985-8c9c-2fdf371f80e5,9e806acb33f97a54eccc4314d6e5d9a120b25f6ce3d3710efdcb0d02037e24d9,9e806acb33f97a54eccc4314d6e5d9a120b25f6ce3d3710efdcb0d02037e24d9,YES,fffff78180c1fffb,3936787,2024-12-30T20:25:01.313Z,SUCCESS,D:\curuma\turmeric_datasets\dataset_01\original\Leaf_Spot\leaf_spot_(64).jpg,https://data.mendeley.com/public-files/datasets/jtttfbx342/files/92cae709-ee5f-496d-9548-32078ad61ee9/file_downloaded
Dataset_01_jtttfbx342,leaf_spot_(65).jpg,original,Leaf_Spot,553e456f-d885-4985-8c9c-2fdf371f80e5,8eba04af6b5ce0b3043fe6eb68b759e51dea855e4833efd19f3da7aec1f9850a,8eba04af6b5ce0b3043fe6eb68b759e51dea855e4833efd19f3da7aec1f9850a,YES,ffffc100c1fff2f0,3916470,2024-12-30T20:25:01.281Z,SUCCESS,D:\curuma\turmeric_datasets\dataset_01\original\Leaf_Spot\leaf_spot_(65).jpg,https://data.mendeley.com/public-files/datasets/jtttfbx342/files/829468a2-07e4-42b1-9730-6a80c0083e3a/file_downloaded
Dataset_01_jtttfbx342,leaf_spot_(67).jpg,original,Leaf_Spot,553e456f-d885-4985-8c9c-2fdf371f80e5,53e9435d92e6ab01c0a4cd3a5f27626449055ea27c0aec0c1ee65e8b03d3bbbd,53e9435d92e6ab01c0a4cd3a5f27626449055ea27c0aec0c1ee65e8b03d3bbbd,YES,ffffffcf80c0f3fe,3661114,2024-12-30T20:25:00.986Z,SUCCESS,D:\curuma\turmeric_datasets\dataset_01\original\Leaf_Spot\leaf_spot_(67).jpg,https://data.mendeley.com/public-files/datasets/jtttfbx342/files/55bf86a1-1329-49fd-a0ac-daeee8ee1862/file_downloaded
Dataset_01_jtttfbx342,leaf_spot_(66).jpg,original,Leaf_Spot,553e456f-d885-4985-8c9c-2fdf371f80e5,90df07873661661f79d8b45ca4a50afd72de8d37b3bdf11e541459ad17d32cbf,90df07873661661f79d8b45ca4a50afd72de8d37b3bdf11e541459ad17d32cbf,YES,ffffc180c0f7f7d6,3960092,2024-12-30T20:25:01.755Z,SUCCESS,D:\curuma\turmeric_datasets\dataset_01\original\Leaf_Spot\leaf_spot_(66).jpg,https://data.mendeley.com/public-files/datasets/jtttfbx342/files/0ec3f862-c19b-4f8e-863f-cfb133adbe4e/file_downloaded
Dataset_01_jtttfbx342,leaf_spot_(68).jpg,original,Leaf_Spot,553e456f-d885-4985-8c9c-2fdf371f80e5,2823bef80d4ca2caa45bebd0a713cce57cd227d1b3893b9039a8131b60ad834d,2823bef80d4ca2caa45bebd0a713cce57cd227d1b3893b9039a8131b60ad834d,YES,ffff8381c3ffffff,3797480,2024-12-30T20:25:01.252Z,SUCCESS,D:\curuma\turmeric_datasets\dataset_01\original\Leaf_Spot\leaf_spot_(68).jpg,https://data.mendeley.com/public-files/datasets/jtttfbx342/files/5b4bee67-b442-4b0d-9b8a-43eb0f1af713/file_downloaded
Dataset_01_jtttfbx342,leaf_spot_(69).jpg,original,Leaf_Spot,553e456f-d885-4985-8c9c-2fdf371f80e5,4a02bf0efa9fdb9f2d75a02d3dc051e0739129d78cfcd1fb118cd3a0cd021699,4a02bf0efa9fdb9f2d75a02d3dc051e0739129d78cfcd1fb118cd3a0cd021699,YES,ffffcf8081e7ffff,3765175,2024-12-30T20:25:01.112Z,SUCCESS,D:\curuma\turmeric_datasets\dataset_01\original\Leaf_Spot\leaf_spot_(69).jpg,https://data.mendeley.com/public-files/datasets/jtttfbx342/files/d7d11594-4f3a-48da-920b-6730bb65d465/file_downloaded
Dataset_01_jtttfbx342,leaf_spot_(7).jpg,original,Leaf_Spot,553e456f-d885-4985-8c9c-2fdf371f80e5,99918873f908112648bcd4c557366c9156253300324c1bc6b15bdd1f18ce2549,99918873f908112648bcd4c557366c9156253300324c1bc6b15bdd1f18ce2549,YES,f8f8fad1c1f2f0f0,3560522,2024-12-30T20:25:00.891Z,SUCCESS,D:\curuma\turmeric_datasets\dataset_01\original\Leaf_Spot\leaf_spot_(7).jpg,https://data.mendeley.com/public-files/datasets/jtttfbx342/files/18e5a559-2dc6-4f23-8fce-990a2c166608/file_downloaded
Dataset_01_jtttfbx342,leaf_spot_(70).jpg,original,Leaf_Spot,553e456f-d885-4985-8c9c-2fdf371f80e5,e18e91218a62daf1b1a451753241b7071d2c8a01905246e7ba4aa103d81e183c,e18e91218a62daf1b1a451753241b7071d2c8a01905246e7ba4aa103d81e183c,YES,ffffc70181e3ffff,4003603,2024-12-30T20:25:01.787Z,SUCCESS,D:\curuma\turmeric_datasets\dataset_01\original\Leaf_Spot\leaf_spot_(70).jpg,https://data.mendeley.com/public-files/datasets/jtttfbx342/files/229d0f5b-4b1e-4233-bfa6-bd718dbca283/file_downloaded
Dataset_01_jtttfbx342,leaf_spot_(71).jpg,original,Leaf_Spot,553e456f-d885-4985-8c9c-2fdf371f80e5,41e314c43c24e023e890fa186f289bcfd394c7b91851a855d7322138621df3e9,41e314c43c24e023e890fa186f289bcfd394c7b91851a855d7322138621df3e9,YES,ffff8301c3fffffc,3797809,2024-12-30T20:25:02.548Z,SUCCESS,D:\curuma\turmeric_datasets\dataset_01\original\Leaf_Spot\leaf_spot_(71).jpg,https://data.mendeley.com/public-files/datasets/jtttfbx342/files/8ee052db-0d9c-4249-be05-8c6c4f36501f/file_downloaded
Dataset_01_jtttfbx342,leaf_spot_(72).jpg,original,Leaf_Spot,553e456f-d885-4985-8c9c-2fdf371f80e5,ceea04b51494c9b00db56cc4cbe1a4dc06d6764a8abcbdae748ba8cd9faa9cfc,ceea04b51494c9b00db56cc4cbe1a4dc06d6764a8abcbdae748ba8cd9faa9cfc,YES,ffff8381c1fef7f6,3873831,2024-12-30T20:25:02.637Z,SUCCESS,D:\curuma\turmeric_datasets\dataset_01\original\Leaf_Spot\leaf_spot_(72).jpg,https://data.mendeley.com/public-files/datasets/jtttfbx342/files/82190f64-86ab-442e-803d-2e8d1d99ffb3/file_downloaded
Dataset_01_jtttfbx342,leaf_spot_(73).jpg,original,Leaf_Spot,553e456f-d885-4985-8c9c-2fdf371f80e5,9ac4e64d1c7493f47047c9c861ed74a373b94490f2a9dd3866a2aa5e5b58402d,9ac4e64d1c7493f47047c9c861ed74a373b94490f2a9dd3866a2aa5e5b58402d,YES,f7ffffc181e3f7c0,3747709,2024-12-30T20:25:06.385Z,SUCCESS,D:\curuma\turmeric_datasets\dataset_01\original\Leaf_Spot\leaf_spot_(73).jpg,https://data.mendeley.com/public-files/datasets/jtttfbx342/files/670c8197-bb1f-4734-ab45-03543abf8e0a/file_downloaded
Dataset_01_jtttfbx342,leaf_spot_(74).jpg,original,Leaf_Spot,553e456f-d885-4985-8c9c-2fdf371f80e5,08039ad22abb5be6e7faf43257424503fd4074fe463237422fb2a21ef4c02c84,08039ad22abb5be6e7faf43257424503fd4074fe463237422fb2a21ef4c02c84,YES,ffffffc080ceec40,3559309,2024-12-30T20:25:06.59Z,SUCCESS,D:\curuma\turmeric_datasets\dataset_01\original\Leaf_Spot\leaf_spot_(74).jpg,https://data.mendeley.com/public-files/datasets/jtttfbx342/files/07853926-6998-4757-83f6-8372d9ef077d/file_downloaded
Dataset_01_jtttfbx342,leaf_spot_(75).jpg,original,Leaf_Spot,553e456f-d885-4985-8c9c-2fdf371f80e5,025ad6440ec0541b24c4ccd69f221713b17acbb802743360207aec225e6323ef,025ad6440ec0541b24c4ccd69f221713b17acbb802743360207aec225e6323ef,YES,ffffe78181fffffe,3773122,2024-12-30T20:25:08.75Z,SUCCESS,D:\curuma\turmeric_datasets\dataset_01\original\Leaf_Spot\leaf_spot_(75).jpg,https://data.mendeley.com/public-files/datasets/jtttfbx342/files/581bc69a-a2c6-4da0-9f4c-15f33acc936d/file_downloaded
Dataset_01_jtttfbx342,leaf_spot_(76).jpg,original,Leaf_Spot,553e456f-d885-4985-8c9c-2fdf371f80e5,612a3a374365783954327ed95953b3c45ae7649cf2cc73cf262ab4ffd5f13c69,612a3a374365783954327ed95953b3c45ae7649cf2cc73cf262ab4ffd5f13c69,YES,ffffef8183fff0e0,3609497,2024-12-30T20:25:08.78Z,SUCCESS,D:\curuma\turmeric_datasets\dataset_01\original\Leaf_Spot\leaf_spot_(76).jpg,https://data.mendeley.com/public-files/datasets/jtttfbx342/files/2050811c-b22b-4c21-81c7-f0b3ef07413b/file_downloaded
Dataset_01_jtttfbx342,leaf_spot_(77).jpg,original,Leaf_Spot,553e456f-d885-4985-8c9c-2fdf371f80e5,8b37878d52ff654c9cb7653da1558a577702cba5c8b3684d97a5c1dcb68741dd,8b37878d52ff654c9cb7653da1558a577702cba5c8b3684d97a5c1dcb68741dd,YES,ffffffc180c3f6c0,3654041,2024-12-30T20:25:08.874Z,SUCCESS,D:\curuma\turmeric_datasets\dataset_01\original\Leaf_Spot\leaf_spot_(77).jpg,https://data.mendeley.com/public-files/datasets/jtttfbx342/files/c54b257d-7d3c-40ef-a016-b4ddbb5dade6/file_downloaded
Dataset_01_jtttfbx342,leaf_spot_(78).jpg,original,Leaf_Spot,553e456f-d885-4985-8c9c-2fdf371f80e5,d3d8dfaef2d69d028ed05b1e589fec502408221302beb76e06a50dbe04a10498,d3d8dfaef2d69d028ed05b1e589fec502408221302beb76e06a50dbe04a10498,YES,f2f3fff381e7f080,3602790,2024-12-30T20:25:08.835Z,SUCCESS,D:\curuma\turmeric_datasets\dataset_01\original\Leaf_Spot\leaf_spot_(78).jpg,https://data.mendeley.com/public-files/datasets/jtttfbx342/files/f6b21cec-a902-4d4e-b5e4-94c21e5f2e60/file_downloaded
Dataset_01_jtttfbx342,leaf_spot_(79).jpg,original,Leaf_Spot,553e456f-d885-4985-8c9c-2fdf371f80e5,cb8af5b255070a1009b307020657c239194d03b705262827f20ea86982cadd40,cb8af5b255070a1009b307020657c239194d03b705262827f20ea86982cadd40,YES,ffffc78183e7ffff,3760610,2024-12-30T20:25:08.976Z,SUCCESS,D:\curuma\turmeric_datasets\dataset_01\original\Leaf_Spot\leaf_spot_(79).jpg,https://data.mendeley.com/public-files/datasets/jtttfbx342/files/d1a23b33-6fa4-49e6-85d9-4627b60018ea/file_downloaded
Dataset_01_jtttfbx342,leaf_spot_(8).jpg,original,Leaf_Spot,553e456f-d885-4985-8c9c-2fdf371f80e5,453b88e7ff66883ecc12b70a4272a36aec4ebc6890ab757d239c58af6cac6039,453b88e7ff66883ecc12b70a4272a36aec4ebc6890ab757d239c58af6cac6039,YES,fffefef0c0e0f0f0,3557256,2024-12-30T20:25:09.161Z,SUCCESS,D:\curuma\turmeric_datasets\dataset_01\original\Leaf_Spot\leaf_spot_(8).jpg,https://data.mendeley.com/public-files/datasets/jtttfbx342/files/96aa8761-1148-49fe-a7dd-4d8ca8c9ab51/file_downloaded
Dataset_01_jtttfbx342,leaf_spot_(81).jpg,original,Leaf_Spot,553e456f-d885-4985-8c9c-2fdf371f80e5,b716398a681b04e12849acdff1c1c0dd995619860b88ac2fdd168311e64571f0,b716398a681b04e12849acdff1c1c0dd995619860b88ac2fdd168311e64571f0,YES,ffffff4101f3fbf0,3520682,2024-12-30T20:25:09.339Z,SUCCESS,D:\curuma\turmeric_datasets\dataset_01\original\Leaf_Spot\leaf_spot_(81).jpg,https://data.mendeley.com/public-files/datasets/jtttfbx342/files/6ec4f7b1-952c-4770-a85b-641a00ef0ee6/file_downloaded
Dataset_01_jtttfbx342,leaf_spot_(82).jpg,original,Leaf_Spot,553e456f-d885-4985-8c9c-2fdf371f80e5,299153b0cc37336503e57ce616158425970ab3e28203da62fbf2f9dc0318add2,299153b0cc37336503e57ce616158425970ab3e28203da62fbf2f9dc0318add2,YES,ffffffc1c3fff0c0,3563088,2024-12-30T20:25:10.229Z,SUCCESS,D:\curuma\turmeric_datasets\dataset_01\original\Leaf_Spot\leaf_spot_(82).jpg,https://data.mendeley.com/public-files/datasets/jtttfbx342/files/b807b373-ae3b-4a7e-9374-d1631f4736cd/file_downloaded
Dataset_01_jtttfbx342,blotch_(181).jpg,original,Blotch,333d6deb-fe48-4bab-b987-0e38443c8857,146edf6b29a68140b112b5aa259cb844706d5a82e53b957ed3827ad46e53ff03,146edf6b29a68140b112b5aa259cb844706d5a82e53b957ed3827ad46e53ff03,YES,ffffff8301c7fffe,3776296,2024-12-30T20:19:34.503Z,SUCCESS,D:\curuma\turmeric_datasets\dataset_01\original\Blotch\blotch_(181).jpg,https://data.mendeley.com/public-files/datasets/jtttfbx342/files/27bdb678-94ed-463b-a603-a5673a4d0c28/file_downloaded
Dataset_01_jtttfbx342,leaf_spot_(83).jpg,original,Leaf_Spot,553e456f-d885-4985-8c9c-2fdf371f80e5,2ed9bc62fd7ed9dd77366cf767addbf0a27ec295a545ce4234c4dd6b4bfd01ce,2ed9bc62fd7ed9dd77366cf767addbf0a27ec295a545ce4234c4dd6b4bfd01ce,YES,ffffffc0c0fcd0c0,3584981,2024-12-30T20:25:10.26Z,SUCCESS,D:\curuma\turmeric_datasets\dataset_01\original\Leaf_Spot\leaf_spot_(83).jpg,https://data.mendeley.com/public-files/datasets/jtttfbx342/files/38e55364-e7bd-45af-96a0-69b1feb2f5d4/file_downloaded
Dataset_01_jtttfbx342,leaf_spot_(84).jpg,original,Leaf_Spot,553e456f-d885-4985-8c9c-2fdf371f80e5,6159829aa6f1e904e8921ef25312b7fbf8932efba8f0b25d1f3fd49718237eef,6159829aa6f1e904e8921ef25312b7fbf8932efba8f0b25d1f3fd49718237eef,YES,ffffffcf0080f7f0,3702830,2024-12-30T20:25:12.343Z,SUCCESS,D:\curuma\turmeric_datasets\dataset_01\original\Leaf_Spot\leaf_spot_(84).jpg,https://data.mendeley.com/public-files/datasets/jtttfbx342/files/604c8061-f185-40de-9bb4-0020f13ec5a1/file_downloaded
Dataset_01_jtttfbx342,leaf_spot_(85).jpg,original,Leaf_Spot,553e456f-d885-4985-8c9c-2fdf371f80e5,06f00bfed2b22e4f12c4e36711189c698b96d6ce475bcc9548a1cf1df76e2f9e,06f00bfed2b22e4f12c4e36711189c698b96d6ce475bcc9548a1cf1df76e2f9e,YES,ffffff8780c1feec,3734942,2024-12-30T20:25:16.553Z,SUCCESS,D:\curuma\turmeric_datasets\dataset_01\original\Leaf_Spot\leaf_spot_(85).jpg,https://data.mendeley.com/public-files/datasets/jtttfbx342/files/8c3da63d-0a98-45c8-908c-1d82acdb49d6/file_downloaded
Dataset_01_jtttfbx342,leaf_spot_(86).jpg,original,Leaf_Spot,553e456f-d885-4985-8c9c-2fdf371f80e5,862f943d0d62ba5b10daf4bd0228e2f4ea7f89362a935ed66637f401874e9708,862f943d0d62ba5b10daf4bd0228e2f4ea7f89362a935ed66637f401874e9708,YES,ffffff8300c3ffff,3817739,2024-12-30T20:25:16.874Z,SUCCESS,D:\curuma\turmeric_datasets\dataset_01\original\Leaf_Spot\leaf_spot_(86).jpg,https://data.mendeley.com/public-files/datasets/jtttfbx342/files/b5cb57ea-57c9-444c-9674-aa9948cbcf7c/file_downloaded
Dataset_01_jtttfbx342,leaf_spot_(87).jpg,original,Leaf_Spot,553e456f-d885-4985-8c9c-2fdf371f80e5,d10ca27b73207105902fe803f06d20ce2e9548e87b43d9580d6eff3b89a6ff16,d10ca27b73207105902fe803f06d20ce2e9548e87b43d9580d6eff3b89a6ff16,YES,ffffe70083fff3f0,3708838,2024-12-30T20:25:16.77Z,SUCCESS,D:\curuma\turmeric_datasets\dataset_01\original\Leaf_Spot\leaf_spot_(87).jpg,https://data.mendeley.com/public-files/datasets/jtttfbx342/files/b8996a7f-4816-452a-813f-1955fbcffbbc/file_downloaded
Dataset_01_jtttfbx342,leaf_spot_(88).jpg,original,Leaf_Spot,553e456f-d885-4985-8c9c-2fdf371f80e5,916d285616873db86dbe48675ffb30f765e0194ad78ea3037a68a683f5c3948c,916d285616873db86dbe48675ffb30f765e0194ad78ea3037a68a683f5c3948c,YES,ffffff8080c3ffe6,3799125,2024-12-30T20:25:17.089Z,SUCCESS,D:\curuma\turmeric_datasets\dataset_01\original\Leaf_Spot\leaf_spot_(88).jpg,https://data.mendeley.com/public-files/datasets/jtttfbx342/files/f843cba3-ca73-47ad-9edd-da1a13254abd/file_downloaded
Dataset_01_jtttfbx342,leaf_spot_(89).jpg,original,Leaf_Spot,553e456f-d885-4985-8c9c-2fdf371f80e5,dfc005f9755e31c8f5d5401d9ffff742c6ec34eb2da52c1cb6525b4004e706ee,dfc005f9755e31c8f5d5401d9ffff742c6ec34eb2da52c1cb6525b4004e706ee,YES,f7ffffff8081ffc0,3679759,2024-12-30T20:25:17.119Z,SUCCESS,D:\curuma\turmeric_datasets\dataset_01\original\Leaf_Spot\leaf_spot_(89).jpg,https://data.mendeley.com/public-files/datasets/jtttfbx342/files/e98043e2-59b8-4d97-9b62-065a6ae96545/file_downloaded
Dataset_01_jtttfbx342,leaf_spot_(9).jpg,original,Leaf_Spot,553e456f-d885-4985-8c9c-2fdf371f80e5,311a667edf97beb3e140dafd297b8298ec66c7cf79d3b7ee60347996822b3244,311a667edf97beb3e140dafd297b8298ec66c7cf79d3b7ee60347996822b3244,YES,ffffffc1c1f1f1f8,3497761,2024-12-30T20:25:16.976Z,SUCCESS,D:\curuma\turmeric_datasets\dataset_01\original\Leaf_Spot\leaf_spot_(9).jpg,https://data.mendeley.com/public-files/datasets/jtttfbx342/files/460a8cbd-ac14-4366-9660-43fdff98ef71/file_downloaded
Dataset_01_jtttfbx342,leaf_spot_(90).jpg,original,Leaf_Spot,553e456f-d885-4985-8c9c-2fdf371f80e5,d6a81e88dfc06aaa3acc53f9d4981a257d241f99591adb91cbfc6cb3f266dcd7,d6a81e88dfc06aaa3acc53f9d4981a257d241f99591adb91cbfc6cb3f266dcd7,YES,ffffcf8783c7ffff,3752674,2024-12-30T20:25:17.191Z,SUCCESS,D:\curuma\turmeric_datasets\dataset_01\original\Leaf_Spot\leaf_spot_(90).jpg,https://data.mendeley.com/public-files/datasets/jtttfbx342/files/4d6c574d-96af-41c8-9e56-33bfd8c015a8/file_downloaded
Dataset_01_jtttfbx342,leaf_spot_(92).jpg,original,Leaf_Spot,553e456f-d885-4985-8c9c-2fdf371f80e5,e5749ed5d21ddaf8a70516c1b7fefb4072644ab25553e6023a34040038395605,e5749ed5d21ddaf8a70516c1b7fefb4072644ab25553e6023a34040038395605,YES,ffffff8080e3ffff,3733570,2024-12-30T20:25:17.588Z,SUCCESS,D:\curuma\turmeric_datasets\dataset_01\original\Leaf_Spot\leaf_spot_(92).jpg,https://data.mendeley.com/public-files/datasets/jtttfbx342/files/a76cd676-85f7-480b-a539-6d95a11322e2/file_downloaded
Dataset_01_jtttfbx342,leaf_spot_(91).jpg,original,Leaf_Spot,553e456f-d885-4985-8c9c-2fdf371f80e5,b6ffa309483ad714a108942bc532c9dad8093513ed95fc9cb52c1baf8164d834,b6ffa309483ad714a108942bc532c9dad8093513ed95fc9cb52c1baf8164d834,YES,ffffff8080c3fcfe,3562397,2024-12-30T20:25:17.537Z,SUCCESS,D:\curuma\turmeric_datasets\dataset_01\original\Leaf_Spot\leaf_spot_(91).jpg,https://data.mendeley.com/public-files/datasets/jtttfbx342/files/c4cc09bd-73b1-4934-af6c-1a7b374b8870/file_downloaded
Dataset_01_jtttfbx342,leaf_spot_(93).jpg,original,Leaf_Spot,553e456f-d885-4985-8c9c-2fdf371f80e5,67dded1cff99464eb91a2cb35f10c680b8abb5cb972cd0045237ac9a26637d9a,67dded1cff99464eb91a2cb35f10c680b8abb5cb972cd0045237ac9a26637d9a,YES,ffffe70081fff7e0,3684221,2024-12-30T20:25:17.778Z,SUCCESS,D:\curuma\turmeric_datasets\dataset_01\original\Leaf_Spot\leaf_spot_(93).jpg,https://data.mendeley.com/public-files/datasets/jtttfbx342/files/a1e115d5-05fa-41df-85eb-3830c2e34f90/file_downloaded
Dataset_01_jtttfbx342,leaf_spot_(94).jpg,original,Leaf_Spot,553e456f-d885-4985-8c9c-2fdf371f80e5,5e74e29ff75950b9e20289300d9ae41b074da25948e3315c40517510edbf3e7b,5e74e29ff75950b9e20289300d9ae41b074da25948e3315c40517510edbf3e7b,YES,ffffffc180c1fee4,3555368,2024-12-30T20:25:18.435Z,SUCCESS,D:\curuma\turmeric_datasets\dataset_01\original\Leaf_Spot\leaf_spot_(94).jpg,https://data.mendeley.com/public-files/datasets/jtttfbx342/files/272741eb-96fb-4585-a5e7-1090a7e616ec/file_downloaded
Dataset_01_jtttfbx342,leaf_spot_(95).jpg,original,Leaf_Spot,553e456f-d885-4985-8c9c-2fdf371f80e5,0ba495c7c67be0b461e6c37d924ccbbda6f631f3890b4f634ea6b982b3867d79,0ba495c7c67be0b461e6c37d924ccbbda6f631f3890b4f634ea6b982b3867d79,YES,f2f3ffc3c1f7f0c0,3636084,2024-12-30T20:25:21.144Z,SUCCESS,D:\curuma\turmeric_datasets\dataset_01\original\Leaf_Spot\leaf_spot_(95).jpg,https://data.mendeley.com/public-files/datasets/jtttfbx342/files/8bee0a28-719d-4b74-955f-0cb1a76941da/file_downloaded
Dataset_01_jtttfbx342,leaf_spot_(97).jpg,original,Leaf_Spot,553e456f-d885-4985-8c9c-2fdf371f80e5,bca0432352e2ca6db78d0866d7fb1c74d4f139a0a0684d244cdfdf0fe45e94db,bca0432352e2ca6db78d0866d7fb1c74d4f139a0a0684d244cdfdf0fe45e94db,YES,ffffc70383e7f7f6,3662693,2024-12-30T20:25:21.558Z,SUCCESS,D:\curuma\turmeric_datasets\dataset_01\original\Leaf_Spot\leaf_spot_(97).jpg,https://data.mendeley.com/public-files/datasets/jtttfbx342/files/bcbc04d7-d914-467f-977a-0878819087b2/file_downloaded
Dataset_01_jtttfbx342,leaf_spot_(96).jpg,original,Leaf_Spot,553e456f-d885-4985-8c9c-2fdf371f80e5,847fc225a961ae99fd8e4524d767d83c4c3c87488d3ca2f343cf7f838a002cc5,847fc225a961ae99fd8e4524d767d83c4c3c87488d3ca2f343cf7f838a002cc5,YES,ffffff8680ece8e0,3607278,2024-12-30T20:25:21.426Z,SUCCESS,D:\curuma\turmeric_datasets\dataset_01\original\Leaf_Spot\leaf_spot_(96).jpg,https://data.mendeley.com/public-files/datasets/jtttfbx342/files/5bc3857e-b9e6-43a0-b0f1-21f8966b7a49/file_downloaded
Dataset_01_jtttfbx342,leaf_spot_(99).jpg,original,Leaf_Spot,553e456f-d885-4985-8c9c-2fdf371f80e5,ecde4f90c3bb525dc0b7822e104f18a34ebd4b3289889365609732be7f6110e0,ecde4f90c3bb525dc0b7822e104f18a34ebd4b3289889365609732be7f6110e0,YES,fffff3c0c0fcf0f0,3676153,2024-12-30T20:25:21.493Z,SUCCESS,D:\curuma\turmeric_datasets\dataset_01\original\Leaf_Spot\leaf_spot_(99).jpg,https://data.mendeley.com/public-files/datasets/jtttfbx342/files/e9080ea4-c0f5-4d32-b703-e85dba277f32/file_downloaded
Dataset_01_jtttfbx342,leaf_spot_(98).jpg,original,Leaf_Spot,553e456f-d885-4985-8c9c-2fdf371f80e5,02eae9c87d40a5adfef9929935628a76944d4ccfd5f0a41149e0d61b46de6c5c,02eae9c87d40a5adfef9929935628a76944d4ccfd5f0a41149e0d61b46de6c5c,YES,fffff781c3fff0f0,3507802,2024-12-30T20:25:21.528Z,SUCCESS,D:\curuma\turmeric_datasets\dataset_01\original\Leaf_Spot\leaf_spot_(98).jpg,https://data.mendeley.com/public-files/datasets/jtttfbx342/files/bc217414-6310-4dcf-8929-f1f3069e59d5/file_downloaded
Dataset_01_jtttfbx342,leaf_spot_(80).jpg,original,Leaf_Spot,553e456f-d885-4985-8c9c-2fdf371f80e5,6bc27c6bd3fd3b520adbf94b026bf39d922746a88a8eb3db94cc51e304443aa4,6bc27c6bd3fd3b520adbf94b026bf39d922746a88a8eb3db94cc51e304443aa4,YES,ffffffe282ece0c0,3464302,2024-12-30T20:25:09.308Z,SUCCESS,D:\curuma\turmeric_datasets\dataset_01\original\Leaf_Spot\leaf_spot_(80).jpg,https://data.mendeley.com/public-files/datasets/jtttfbx342/files/e2b62a7c-b6f3-43ae-b8e0-ab33fd5630f5/file_downloaded
Dataset_02_g46dvrcvwn,Dry Leaf00001.JPG,original,Dry_Leaf,Dry Leaf,NOT_PROVIDED_PER_FILE (ZIP_VERIFIED),e1c589a5298a3e87c82dc61d7eef4155df59d1d6158bf5c49ce3fa36d803a09c,ZIP_SHA256_VERIFIED,fdf9f3e7e7c7c3c7,224888,,SUCCESS,D:\curuma\turmeric_datasets\dataset_02\original\Turmeric Plant Disease\Dry Leaf\Dry Leaf00001.JPG,https://data.mendeley.com/public-files/datasets/g46dvrcvwn/files/fb82efd6-bd52-488e-be42-f4e2e619088b/file_downloaded
Dataset_02_g46dvrcvwn,Dry Leaf00002.JPG,original,Dry_Leaf,Dry Leaf,NOT_PROVIDED_PER_FILE (ZIP_VERIFIED),89039c16afc43f3ff6dee9f8998e80d1a58406b238029cabce8aee386c8da719,ZIP_SHA256_VERIFIED,fff9f3e7c787870f,231906,,SUCCESS,D:\curuma\turmeric_datasets\dataset_02\original\Turmeric Plant Disease\Dry Leaf\Dry Leaf00002.JPG,https://data.mendeley.com/public-files/datasets/g46dvrcvwn/files/fb82efd6-bd52-488e-be42-f4e2e619088b/file_downloaded
Dataset_02_g46dvrcvwn,Dry Leaf00003.JPG,original,Dry_Leaf,Dry Leaf,NOT_PROVIDED_PER_FILE (ZIP_VERIFIED),e38e702cf5ea44692a397b15eb93601b4648eae165dff7bf2fdd89a7893ebac1,ZIP_SHA256_VERIFIED,fbf3e3e7c7c7870f,254755,,SUCCESS,D:\curuma\turmeric_datasets\dataset_02\original\Turmeric Plant Disease\Dry Leaf\Dry Leaf00003.JPG,https://data.mendeley.com/public-files/datasets/g46dvrcvwn/files/fb82efd6-bd52-488e-be42-f4e2e619088b/file_downloaded
Dataset_02_g46dvrcvwn,Dry Leaf00004.JPG,original,Dry_Leaf,Dry Leaf,NOT_PROVIDED_PER_FILE (ZIP_VERIFIED),b3a1ec1b66cd1b13d6e2e908e0a6a9c6b37b786e85d4e57e70fa721945950f4f,ZIP_SHA256_VERIFIED,fefef9c103071727,267919,,SUCCESS,D:\curuma\turmeric_datasets\dataset_02\original\Turmeric Plant Disease\Dry Leaf\Dry Leaf00004.JPG,https://data.mendeley.com/public-files/datasets/g46dvrcvwn/files/fb82efd6-bd52-488e-be42-f4e2e619088b/file_downloaded
Dataset_02_g46dvrcvwn,Dry Leaf00005.JPG,original,Dry_Leaf,Dry Leaf,NOT_PROVIDED_PER_FILE (ZIP_VERIFIED),567a5b56c67ab0820a09da70d1674f0af096985e81b9ad87c47b931b64025cb7,ZIP_SHA256_VERIFIED,f8e183870f1f3e7e,289093,,SUCCESS,D:\curuma\turmeric_datasets\dataset_02\original\Turmeric Plant Disease\Dry Leaf\Dry Leaf00005.JPG,https://data.mendeley.com/public-files/datasets/g46dvrcvwn/files/fb82efd6-bd52-488e-be42-f4e2e619088b/file_downloaded
Dataset_02_g46dvrcvwn,Dry Leaf00006.JPG,original,Dry_Leaf,Dry Leaf,NOT_PROVIDED_PER_FILE (ZIP_VERIFIED),57b8547dff8490f74dafb5c3b24eae39a3e32bc822353c0bbd89cee6aae2379c,ZIP_SHA256_VERIFIED,fef881071cf0e080,340290,,SUCCESS,D:\curuma\turmeric_datasets\dataset_02\original\Turmeric Plant Disease\Dry Leaf\Dry Leaf00006.JPG,https://data.mendeley.com/public-files/datasets/g46dvrcvwn/files/fb82efd6-bd52-488e-be42-f4e2e619088b/file_downloaded
Dataset_02_g46dvrcvwn,Dry Leaf00007.JPG,original,Dry_Leaf,Dry Leaf,NOT_PROVIDED_PER_FILE (ZIP_VERIFIED),01662264b5fcf8943ea072b3bfb2432109fad192a2b7a015cc99164512bf645a,ZIP_SHA256_VERIFIED,fff9e3070f0f1f3e,279380,,SUCCESS,D:\curuma\turmeric_datasets\dataset_02\original\Turmeric Plant Disease\Dry Leaf\Dry Leaf00007.JPG,https://data.mendeley.com/public-files/datasets/g46dvrcvwn/files/fb82efd6-bd52-488e-be42-f4e2e619088b/file_downloaded
Dataset_02_g46dvrcvwn,Dry Leaf00008.JPG,original,Dry_Leaf,Dry Leaf,NOT_PROVIDED_PER_FILE (ZIP_VERIFIED),e184c8cb7eb8585bfcbbbda7c194ae3df12eef72425f8844450ed7d12360a455,ZIP_SHA256_VERIFIED,fffff3030f0f3ffe,249237,,SUCCESS,D:\curuma\turmeric_datasets\dataset_02\original\Turmeric Plant Disease\Dry Leaf\Dry Leaf00008.JPG,https://data.mendeley.com/public-files/datasets/g46dvrcvwn/files/fb82efd6-bd52-488e-be42-f4e2e619088b/file_downloaded
Dataset_02_g46dvrcvwn,Dry Leaf00009.JPG,original,Dry_Leaf,Dry Leaf,NOT_PROVIDED_PER_FILE (ZIP_VERIFIED),612d8da160eaee6be9b8de9ff60ea63b8620eef75efd531b8f27aa79c2d469ee,ZIP_SHA256_VERIFIED,fffdf9f0f18387ff,222376,,SUCCESS,D:\curuma\turmeric_datasets\dataset_02\original\Turmeric Plant Disease\Dry Leaf\Dry Leaf00009.JPG,https://data.mendeley.com/public-files/datasets/g46dvrcvwn/files/fb82efd6-bd52-488e-be42-f4e2e619088b/file_downloaded
Dataset_02_g46dvrcvwn,Dry Leaf00010.JPG,original,Dry_Leaf,Dry Leaf,NOT_PROVIDED_PER_FILE (ZIP_VERIFIED),5b5bb6467d6edf8ee4f941dc057cad4c0753833fec7761b431fb27543026dcc5,ZIP_SHA256_VERIFIED,dfcfcfc7c3c7cfcf,224626,,SUCCESS,D:\curuma\turmeric_datasets\dataset_02\original\Turmeric Plant Disease\Dry Leaf\Dry Leaf00010.JPG,https://data.mendeley.com/public-files/datasets/g46dvrcvwn/files/fb82efd6-bd52-488e-be42-f4e2e619088b/file_downloaded
Dataset_02_g46dvrcvwn,Dry Leaf00011.JPG,original,Dry_Leaf,Dry Leaf,NOT_PROVIDED_PER_FILE (ZIP_VERIFIED),0b01ed2c687b7c3e7a83b4a7aebae54a1b47705714dee6fc9f2cc383d3474a4e,ZIP_SHA256_VERIFIED,ffcf81030f3f7f7f,233581,,SUCCESS,D:\curuma\turmeric_datasets\dataset_02\original\Turmeric Plant Disease\Dry Leaf\Dry Leaf00011.JPG,https://data.mendeley.com/public-files/datasets/g46dvrcvwn/files/fb82efd6-bd52-488e-be42-f4e2e619088b/file_downloaded
Dataset_02_g46dvrcvwn,Dry Leaf00012.JPG,original,Dry_Leaf,Dry Leaf,NOT_PROVIDED_PER_FILE (ZIP_VERIFIED),4c0801063a28bfb166f77969086d85970450c14005102d19a9f93b30e638ab86,ZIP_SHA256_VERIFIED,ffe7cf87cfcfc763,195384,,SUCCESS,D:\curuma\turmeric_datasets\dataset_02\original\Turmeric Plant Disease\Dry Leaf\Dry Leaf00012.JPG,https://data.mendeley.com/public-files/datasets/g46dvrcvwn/files/fb82efd6-bd52-488e-be42-f4e2e619088b/file_downloaded
Dataset_02_g46dvrcvwn,Dry Leaf00013.JPG,original,Dry_Leaf,Dry Leaf,NOT_PROVIDED_PER_FILE (ZIP_VERIFIED),0a12bc3b59ee19bc4e81ded84783cabec7de90a686d419fb5d354a0403f23259,ZIP_SHA256_VERIFIED,3ffffffff8e18307,205075,,SUCCESS,D:\curuma\turmeric_datasets\dataset_02\original\Turmeric Plant Disease\Dry Leaf\Dry Leaf00013.JPG,https://data.mendeley.com/public-files/datasets/g46dvrcvwn/files/fb82efd6-bd52-488e-be42-f4e2e619088b/file_downloaded
Dataset_02_g46dvrcvwn,Dry Leaf00014.JPG,original,Dry_Leaf,Dry Leaf,NOT_PROVIDED_PER_FILE (ZIP_VERIFIED),6919478e025f8d265f27bd9c3394f214c8c894711039a0d54ec746dfbc928816,ZIP_SHA256_VERIFIED,fffbf3e7c7c78787,185772,,SUCCESS,D:\curuma\turmeric_datasets\dataset_02\original\Turmeric Plant Disease\Dry Leaf\Dry Leaf00014.JPG,https://data.mendeley.com/public-files/datasets/g46dvrcvwn/files/fb82efd6-bd52-488e-be42-f4e2e619088b/file_downloaded
Dataset_02_g46dvrcvwn,Dry Leaf00015.JPG,original,Dry_Leaf,Dry Leaf,NOT_PROVIDED_PER_FILE (ZIP_VERIFIED),a98ad8ba864da5d154bed9fc5568a9cf9afa9604b99dfeb1d7c6ade0981463b2,ZIP_SHA256_VERIFIED,fff3f3f3f3e3c787,188023,,SUCCESS,D:\curuma\turmeric_datasets\dataset_02\original\Turmeric Plant Disease\Dry Leaf\Dry Leaf00015.JPG,https://data.mendeley.com/public-files/datasets/g46dvrcvwn/files/fb82efd6-bd52-488e-be42-f4e2e619088b/file_downloaded
Dataset_02_g46dvrcvwn,Dry Leaf00016.JPG,original,Dry_Leaf,Dry Leaf,NOT_PROVIDED_PER_FILE (ZIP_VERIFIED),cd080caf346f38e2ce4a45fc7ecf797d8612ade0ef94f5e720d33c3c8055e8e9,ZIP_SHA256_VERIFIED,fffffefef8c1030f,196336,,SUCCESS,D:\curuma\turmeric_datasets\dataset_02\original\Turmeric Plant Disease\Dry Leaf\Dry Leaf00016.JPG,https://data.mendeley.com/public-files/datasets/g46dvrcvwn/files/fb82efd6-bd52-488e-be42-f4e2e619088b/file_downloaded
Dataset_02_g46dvrcvwn,Dry Leaf00017.JPG,original,Dry_Leaf,Dry Leaf,NOT_PROVIDED_PER_FILE (ZIP_VERIFIED),ed54120ede7edce786fa82474bb632f107843e14ba2eebf9b578aa44c1ae7789,ZIP_SHA256_VERIFIED,ffffc380070f1f3f,221396,,SUCCESS,D:\curuma\turmeric_datasets\dataset_02\original\Turmeric Plant Disease\Dry Leaf\Dry Leaf00017.JPG,https://data.mendeley.com/public-files/datasets/g46dvrcvwn/files/fb82efd6-bd52-488e-be42-f4e2e619088b/file_downloaded
Dataset_02_g46dvrcvwn,Dry Leaf00018.JPG,original,Dry_Leaf,Dry Leaf,NOT_PROVIDED_PER_FILE (ZIP_VERIFIED),a07c78da944b04c77800b3743b3ba52147df26e1808bc7d45b6310466782bc3f,ZIP_SHA256_VERIFIED,ffe3c0c7870f0f1f,236505,,SUCCESS,D:\curuma\turmeric_datasets\dataset_02\original\Turmeric Plant Disease\Dry Leaf\Dry Leaf00018.JPG,https://data.mendeley.com/public-files/datasets/g46dvrcvwn/files/fb82efd6-bd52-488e-be42-f4e2e619088b/file_downloaded
Dataset_02_g46dvrcvwn,Dry Leaf00019.JPG,original,Dry_Leaf,Dry Leaf,NOT_PROVIDED_PER_FILE (ZIP_VERIFIED),8689c51d396962722efb39c23f5211fe7b8a5fdf01e853ab6ccf69dfb8ad930c,ZIP_SHA256_VERIFIED,fffdf9f9f103071f,182323,,SUCCESS,D:\curuma\turmeric_datasets\dataset_02\original\Turmeric Plant Disease\Dry Leaf\Dry Leaf00019.JPG,https://data.mendeley.com/public-files/datasets/g46dvrcvwn/files/fb82efd6-bd52-488e-be42-f4e2e619088b/file_downloaded
Dataset_02_g46dvrcvwn,Dry Leaf00020.JPG,original,Dry_Leaf,Dry Leaf,NOT_PROVIDED_PER_FILE (ZIP_VERIFIED),5d3e1f8c3a0b4978ce154a814d2fbecf2f2fff851b634549f89b00763e94546e,ZIP_SHA256_VERIFIED,ffffffe081070f3f,184050,,SUCCESS,D:\curuma\turmeric_datasets\dataset_02\original\Turmeric Plant Disease\Dry Leaf\Dry Leaf00020.JPG,https://data.mendeley.com/public-files/datasets/g46dvrcvwn/files/fb82efd6-bd52-488e-be42-f4e2e619088b/file_downloaded
Dataset_02_g46dvrcvwn,Dry Leaf00021.JPG,original,Dry_Leaf,Dry Leaf,NOT_PROVIDED_PER_FILE (ZIP_VERIFIED),80b07af320ce31e8a146fc8c36d40920359a994dbb7ce32c5c787d0e269bb363,ZIP_SHA256_VERIFIED,ffffe38100003fff,201425,,SUCCESS,D:\curuma\turmeric_datasets\dataset_02\original\Turmeric Plant Disease\Dry Leaf\Dry Leaf00021.JPG,https://data.mendeley.com/public-files/datasets/g46dvrcvwn/files/fb82efd6-bd52-488e-be42-f4e2e619088b/file_downloaded
Dataset_02_g46dvrcvwn,Dry Leaf00022.JPG,original,Dry_Leaf,Dry Leaf,NOT_PROVIDED_PER_FILE (ZIP_VERIFIED),4633a3bf729d969e35a50238e5377ebbe1e2bb6e0d808db6abb9b1ac71f8e4f0,ZIP_SHA256_VERIFIED,fbfdffffc0801f3f,161161,,SUCCESS,D:\curuma\turmeric_datasets\dataset_02\original\Turmeric Plant Disease\Dry Leaf\Dry Leaf00022.JPG,https://data.mendeley.com/public-files/datasets/g46dvrcvwn/files/fb82efd6-bd52-488e-be42-f4e2e619088b/file_downloaded
Dataset_02_g46dvrcvwn,Dry Leaf00023.JPG,original,Dry_Leaf,Dry Leaf,NOT_PROVIDED_PER_FILE (ZIP_VERIFIED),c5c842e23075cf1d7f635e7b91eeb0d4581960cf85b77eb65e0e23551d42e8e4,ZIP_SHA256_VERIFIED,ffffffc300060f7f,174510,,SUCCESS,D:\curuma\turmeric_datasets\dataset_02\original\Turmeric Plant Disease\Dry Leaf\Dry Leaf00023.JPG,https://data.mendeley.com/public-files/datasets/g46dvrcvwn/files/fb82efd6-bd52-488e-be42-f4e2e619088b/file_downloaded
Dataset_02_g46dvrcvwn,Dry Leaf00024.JPG,original,Dry_Leaf,Dry Leaf,NOT_PROVIDED_PER_FILE (ZIP_VERIFIED),80c36be4a6b786cc1ab41db4aa24441b423a67e27b1595bb6c954a123cf606fc,ZIP_SHA256_VERIFIED,fffff8f3c7818f9f,180981,,SUCCESS,D:\curuma\turmeric_datasets\dataset_02\original\Turmeric Plant Disease\Dry Leaf\Dry Leaf00024.JPG,https://data.mendeley.com/public-files/datasets/g46dvrcvwn/files/fb82efd6-bd52-488e-be42-f4e2e619088b/file_downloaded
Dataset_02_g46dvrcvwn,Dry Leaf00025.JPG,original,Dry_Leaf,Dry Leaf,NOT_PROVIDED_PER_FILE (ZIP_VERIFIED),ce0e5556fb1c7b06eed131b51019a29a5080d826748e0c91a71039fad193fbb6,ZIP_SHA256_VERIFIED,f3f3e7c38f8f8fcf,195947,,SUCCESS,D:\curuma\turmeric_datasets\dataset_02\original\Turmeric Plant Disease\Dry Leaf\Dry Leaf00025.JPG,https://data.mendeley.com/public-files/datasets/g46dvrcvwn/files/fb82efd6-bd52-488e-be42-f4e2e619088b/file_downloaded
Dataset_02_g46dvrcvwn,Dry Leaf00026.JPG,original,Dry_Leaf,Dry Leaf,NOT_PROVIDED_PER_FILE (ZIP_VERIFIED),67204ade266c7b09ba68ebadf730ab929a5ca0efc4a204253e1b1e860779f077,ZIP_SHA256_VERIFIED,cfefe7e7e3e3e1e1,185310,,SUCCESS,D:\curuma\turmeric_datasets\dataset_02\original\Turmeric Plant Disease\Dry Leaf\Dry Leaf00026.JPG,https://data.mendeley.com/public-files/datasets/g46dvrcvwn/files/fb82efd6-bd52-488e-be42-f4e2e619088b/file_downloaded
Dataset_02_g46dvrcvwn,Dry Leaf00027.JPG,original,Dry_Leaf,Dry Leaf,NOT_PROVIDED_PER_FILE (ZIP_VERIFIED),b421f183077cbe7ef9ac13ffffc418af34d0432052cd2576a19286379acb4c5b,ZIP_SHA256_VERIFIED,e7e7e7e7e7e7cf8f,186900,,SUCCESS,D:\curuma\turmeric_datasets\dataset_02\original\Turmeric Plant Disease\Dry Leaf\Dry Leaf00027.JPG,https://data.mendeley.com/public-files/datasets/g46dvrcvwn/files/fb82efd6-bd52-488e-be42-f4e2e619088b/file_downloaded
Dataset_02_g46dvrcvwn,Dry Leaf00028.JPG,original,Dry_Leaf,Dry Leaf,NOT_PROVIDED_PER_FILE (ZIP_VERIFIED),41676632da3910ba41f2a032a1adc49475dd702bd821d6c90fad16c4bb6c6d7f,ZIP_SHA256_VERIFIED,fff7e7cfc7c7c747,163251,,SUCCESS,D:\curuma\turmeric_datasets\dataset_02\original\Turmeric Plant Disease\Dry Leaf\Dry Leaf00028.JPG,https://data.mendeley.com/public-files/datasets/g46dvrcvwn/files/fb82efd6-bd52-488e-be42-f4e2e619088b/file_downloaded
Dataset_02_g46dvrcvwn,Dry Leaf00029.JPG,original,Dry_Leaf,Dry Leaf,NOT_PROVIDED_PER_FILE (ZIP_VERIFIED),9d31dfae0e60555e4a0a8efec5048c5844c7c0d18478f50d3459b80812e48636,ZIP_SHA256_VERIFIED,fff7e7c7c7c7c747,158853,,SUCCESS,D:\curuma\turmeric_datasets\dataset_02\original\Turmeric Plant Disease\Dry Leaf\Dry Leaf00029.JPG,https://data.mendeley.com/public-files/datasets/g46dvrcvwn/files/fb82efd6-bd52-488e-be42-f4e2e619088b/file_downloaded
Dataset_02_g46dvrcvwn,Dry Leaf00030.JPG,original,Dry_Leaf,Dry Leaf,NOT_PROVIDED_PER_FILE (ZIP_VERIFIED),886c56a8f23a5f3632a407e116e67d98c2f90de59de7d559d428fa971544a98e,ZIP_SHA256_VERIFIED,fffff3f7e7c78f1f,140712,,SUCCESS,D:\curuma\turmeric_datasets\dataset_02\original\Turmeric Plant Disease\Dry Leaf\Dry Leaf00030.JPG,https://data.mendeley.com/public-files/datasets/g46dvrcvwn/files/fb82efd6-bd52-488e-be42-f4e2e619088b/file_downloaded
Dataset_02_g46dvrcvwn,Dry Leaf00031.JPG,original,Dry_Leaf,Dry Leaf,NOT_PROVIDED_PER_FILE (ZIP_VERIFIED),7788904eb1c7fc7e6c0dbfd5a4fc9e4589878a01fbbc51cae794175671e7ffbf,ZIP_SHA256_VERIFIED,febe9fcfc7e7e7e7,181224,,SUCCESS,D:\curuma\turmeric_datasets\dataset_02\original\Turmeric Plant Disease\Dry Leaf\Dry Leaf00031.JPG,https://data.mendeley.com/public-files/datasets/g46dvrcvwn/files/fb82efd6-bd52-488e-be42-f4e2e619088b/file_downloaded
Dataset_02_g46dvrcvwn,Dry Leaf00032.JPG,original,Dry_Leaf,Dry Leaf,NOT_PROVIDED_PER_FILE (ZIP_VERIFIED),81dcd23e45f36cfcac69cc1a6875ae644556185025de3a1f371e41f84a1a4530,ZIP_SHA256_VERIFIED,7ff7f3f3e7e7cccb,157452,,SUCCESS,D:\curuma\turmeric_datasets\dataset_02\original\Turmeric Plant Disease\Dry Leaf\Dry Leaf00032.JPG,https://data.mendeley.com/public-files/datasets/g46dvrcvwn/files/fb82efd6-bd52-488e-be42-f4e2e619088b/file_downloaded
Dataset_02_g46dvrcvwn,Dry Leaf00033.JPG,original,Dry_Leaf,Dry Leaf,NOT_PROVIDED_PER_FILE (ZIP_VERIFIED),8873fc51e69da80e8a776d2f3b534bd1e7c2c50ae7b8692dcaf894f2ae88142e,ZIP_SHA256_VERIFIED,7efef8c11f3f3f3f,181761,,SUCCESS,D:\curuma\turmeric_datasets\dataset_02\original\Turmeric Plant Disease\Dry Leaf\Dry Leaf00033.JPG,https://data.mendeley.com/public-files/datasets/g46dvrcvwn/files/fb82efd6-bd52-488e-be42-f4e2e619088b/file_downloaded
Dataset_02_g46dvrcvwn,Dry Leaf00034.JPG,original,Dry_Leaf,Dry Leaf,NOT_PROVIDED_PER_FILE (ZIP_VERIFIED),58ce23ea4c9e76713228cf326aa4290e5971a524592e37c0c7a9b7e5d3db9d1d,ZIP_SHA256_VERIFIED,4ecee6f2f2f2e6ce,211496,,SUCCESS,D:\curuma\turmeric_datasets\dataset_02\original\Turmeric Plant Disease\Dry Leaf\Dry Leaf00034.JPG,https://data.mendeley.com/public-files/datasets/g46dvrcvwn/files/fb82efd6-bd52-488e-be42-f4e2e619088b/file_downloaded
Dataset_02_g46dvrcvwn,Dry Leaf00035.JPG,original,Dry_Leaf,Dry Leaf,NOT_PROVIDED_PER_FILE (ZIP_VERIFIED),3caa2b9b0f46c1540a322f1db3ab17ae58a15db8e1bb8312730ec49e0eae0634,ZIP_SHA256_VERIFIED,fff3e3e7c7cf9f3f,183690,,SUCCESS,D:\curuma\turmeric_datasets\dataset_02\original\Turmeric Plant Disease\Dry Leaf\Dry Leaf00035.JPG,https://data.mendeley.com/public-files/datasets/g46dvrcvwn/files/fb82efd6-bd52-488e-be42-f4e2e619088b/file_downloaded
Dataset_02_g46dvrcvwn,Dry Leaf00036.JPG,original,Dry_Leaf,Dry Leaf,NOT_PROVIDED_PER_FILE (ZIP_VERIFIED),c8d7a02e7c914e3c5c75785b213286f6446f9fc1d44a0987249022a2cd1afbc5,ZIP_SHA256_VERIFIED,efe3f3f3f9f1f3e3,185120,,SUCCESS,D:\curuma\turmeric_datasets\dataset_02\original\Turmeric Plant Disease\Dry Leaf\Dry Leaf00036.JPG,https://data.mendeley.com/public-files/datasets/g46dvrcvwn/files/fb82efd6-bd52-488e-be42-f4e2e619088b/file_downloaded
Dataset_02_g46dvrcvwn,Dry Leaf00037.JPG,original,Dry_Leaf,Dry Leaf,NOT_PROVIDED_PER_FILE (ZIP_VERIFIED),7a9ce8208cba75d7f70f2d013cc3e31aa2c864567ee9309e0b715a050f6c11ae,ZIP_SHA256_VERIFIED,f3f3f3f3c70f1f3f,174989,,SUCCESS,D:\curuma\turmeric_datasets\dataset_02\original\Turmeric Plant Disease\Dry Leaf\Dry Leaf00037.JPG,https://data.mendeley.com/public-files/datasets/g46dvrcvwn/files/fb82efd6-bd52-488e-be42-f4e2e619088b/file_downloaded
Dataset_02_g46dvrcvwn,Dry Leaf00038.JPG,original,Dry_Leaf,Dry Leaf,NOT_PROVIDED_PER_FILE (ZIP_VERIFIED),8de0c82821b424e0dcb5f7f7f94f9cf28de9be2cd6d5351a3d237b60ede72f75,ZIP_SHA256_VERIFIED,ffefcfc7c7c7c7c7,174917,,SUCCESS,D:\curuma\turmeric_datasets\dataset_02\original\Turmeric Plant Disease\Dry Leaf\Dry Leaf00038.JPG,https://data.mendeley.com/public-files/datasets/g46dvrcvwn/files/fb82efd6-bd52-488e-be42-f4e2e619088b/file_downloaded
Dataset_02_g46dvrcvwn,Dry Leaf00039.JPG,original,Dry_Leaf,Dry Leaf,NOT_PROVIDED_PER_FILE (ZIP_VERIFIED),5ecfa33d70749e3d210493df50c054c9b6dad951b542c285a4df7aaca5689b34,ZIP_SHA256_VERIFIED,1f1f9fcfc381ffdf,173930,,SUCCESS,D:\curuma\turmeric_datasets\dataset_02\original\Turmeric Plant Disease\Dry Leaf\Dry Leaf00039.JPG,https://data.mendeley.com/public-files/datasets/g46dvrcvwn/files/fb82efd6-bd52-488e-be42-f4e2e619088b/file_downloaded
Dataset_02_g46dvrcvwn,Dry Leaf00040.JPG,original,Dry_Leaf,Dry Leaf,NOT_PROVIDED_PER_FILE (ZIP_VERIFIED),7215190d17b080940f9e079acc55a3581e0050cfb21dc019ab8c1849fae3d8ca,ZIP_SHA256_VERIFIED,e3c78f8f9f9f8f8f,185538,,SUCCESS,D:\curuma\turmeric_datasets\dataset_02\original\Turmeric Plant Disease\Dry Leaf\Dry Leaf00040.JPG,https://data.mendeley.com/public-files/datasets/g46dvrcvwn/files/fb82efd6-bd52-488e-be42-f4e2e619088b/file_downloaded
Dataset_02_g46dvrcvwn,Dry Leaf00041.JPG,original,Dry_Leaf,Dry Leaf,NOT_PROVIDED_PER_FILE (ZIP_VERIFIED),c7271ce442c0a9d589614d7da286a68bbfb39243fea32e7ba225370dd952edc7,ZIP_SHA256_VERIFIED,ffffefc7c7c3c3c1,213180,,SUCCESS,D:\curuma\turmeric_datasets\dataset_02\original\Turmeric Plant Disease\Dry Leaf\Dry Leaf00041.JPG,https://data.mendeley.com/public-files/datasets/g46dvrcvwn/files/fb82efd6-bd52-488e-be42-f4e2e619088b/file_downloaded
Dataset_02_g46dvrcvwn,Dry Leaf00042.JPG,original,Dry_Leaf,Dry Leaf,NOT_PROVIDED_PER_FILE (ZIP_VERIFIED),6a06a08ef37666473942aa22d6034784644e704534e4aa21695fcba49d8db053,ZIP_SHA256_VERIFIED,ffdfcfcfe7c7c787,167329,,SUCCESS,D:\curuma\turmeric_datasets\dataset_02\original\Turmeric Plant Disease\Dry Leaf\Dry Leaf00042.JPG,https://data.mendeley.com/public-files/datasets/g46dvrcvwn/files/fb82efd6-bd52-488e-be42-f4e2e619088b/file_downloaded
Dataset_02_g46dvrcvwn,Dry Leaf00043.JPG,original,Dry_Leaf,Dry Leaf,NOT_PROVIDED_PER_FILE (ZIP_VERIFIED),85ca35f300b9312458cc94df1b1cfd09327afbfa6195ba11f869c2277da90d32,ZIP_SHA256_VERIFIED,fff7e7cfcfcf9090,156784,,SUCCESS,D:\curuma\turmeric_datasets\dataset_02\original\Turmeric Plant Disease\Dry Leaf\Dry Leaf00043.JPG,https://data.mendeley.com/public-files/datasets/g46dvrcvwn/files/fb82efd6-bd52-488e-be42-f4e2e619088b/file_downloaded
Dataset_02_g46dvrcvwn,Dry Leaf00044.JPG,original,Dry_Leaf,Dry Leaf,NOT_PROVIDED_PER_FILE (ZIP_VERIFIED),84826228187766057ed61755d58b079502c9604e09f4dc3896e78b8680d78514,ZIP_SHA256_VERIFIED,fff7e7cf973f3f60,165882,,SUCCESS,D:\curuma\turmeric_datasets\dataset_02\original\Turmeric Plant Disease\Dry Leaf\Dry Leaf00044.JPG,https://data.mendeley.com/public-files/datasets/g46dvrcvwn/files/fb82efd6-bd52-488e-be42-f4e2e619088b/file_downloaded
Dataset_02_g46dvrcvwn,Dry Leaf00045.JPG,original,Dry_Leaf,Dry Leaf,NOT_PROVIDED_PER_FILE (ZIP_VERIFIED),0e112a368eac7880b48b8dbae655f2ae802cbe8d4e1238326b33123baa4f726e,ZIP_SHA256_VERIFIED,ff9fcfcfe7e7e7e0,172649,,SUCCESS,D:\curuma\turmeric_datasets\dataset_02\original\Turmeric Plant Disease\Dry Leaf\Dry Leaf00045.JPG,https://data.mendeley.com/public-files/datasets/g46dvrcvwn/files/fb82efd6-bd52-488e-be42-f4e2e619088b/file_downloaded
Dataset_02_g46dvrcvwn,Dry Leaf00046.JPG,original,Dry_Leaf,Dry Leaf,NOT_PROVIDED_PER_FILE (ZIP_VERIFIED),384058d51292ecb2f5be2d5707461e9c11ca60ffd9ab8343b6f84ec535e5558b,ZIP_SHA256_VERIFIED,ff9fcfe6e4f0f040,163986,,SUCCESS,D:\curuma\turmeric_datasets\dataset_02\original\Turmeric Plant Disease\Dry Leaf\Dry Leaf00046.JPG,https://data.mendeley.com/public-files/datasets/g46dvrcvwn/files/fb82efd6-bd52-488e-be42-f4e2e619088b/file_downloaded
Dataset_02_g46dvrcvwn,Dry Leaf00047.JPG,original,Dry_Leaf,Dry Leaf,NOT_PROVIDED_PER_FILE (ZIP_VERIFIED),4e59250aa8504cdfb02e3a8f2ac48ca28a6d062a73234ce731ff56036f3565bf,ZIP_SHA256_VERIFIED,fcf001fffffcf0e0,162046,,SUCCESS,D:\curuma\turmeric_datasets\dataset_02\original\Turmeric Plant Disease\Dry Leaf\Dry Leaf00047.JPG,https://data.mendeley.com/public-files/datasets/g46dvrcvwn/files/fb82efd6-bd52-488e-be42-f4e2e619088b/file_downloaded
Dataset_02_g46dvrcvwn,Dry Leaf00048.JPG,original,Dry_Leaf,Dry Leaf,NOT_PROVIDED_PER_FILE (ZIP_VERIFIED),08844d769c3963a6bb7c6003189491995d44471a1327342521b3bbbc568e8690,ZIP_SHA256_VERIFIED,fffff9f18306e0e0,177791,,SUCCESS,D:\curuma\turmeric_datasets\dataset_02\original\Turmeric Plant Disease\Dry Leaf\Dry Leaf00048.JPG,https://data.mendeley.com/public-files/datasets/g46dvrcvwn/files/fb82efd6-bd52-488e-be42-f4e2e619088b/file_downloaded
Dataset_02_g46dvrcvwn,Dry Leaf00049.JPG,original,Dry_Leaf,Dry Leaf,NOT_PROVIDED_PER_FILE (ZIP_VERIFIED),319d981af9df48246c86314c43f6489c9b8020dccdf45288eeeeef33f9cce8ad,ZIP_SHA256_VERIFIED,fffffec0c0fee0e0,174875,,SUCCESS,D:\curuma\turmeric_datasets\dataset_02\original\Turmeric Plant Disease\Dry Leaf\Dry Leaf00049.JPG,https://data.mendeley.com/public-files/datasets/g46dvrcvwn/files/fb82efd6-bd52-488e-be42-f4e2e619088b/file_downloaded
Dataset_02_g46dvrcvwn,Dry Leaf00050.JPG,original,Dry_Leaf,Dry Leaf,NOT_PROVIDED_PER_FILE (ZIP_VERIFIED),bf0c6e2e3ed3b7f8dcac296bbb73f51d77b3b608c2d40cd475baef12f4979f5f,ZIP_SHA256_VERIFIED,ffe1c78f9f9f8fcf,155330,,SUCCESS,D:\curuma\turmeric_datasets\dataset_02\original\Turmeric Plant Disease\Dry Leaf\Dry Leaf00050.JPG,https://data.mendeley.com/public-files/datasets/g46dvrcvwn/files/fb82efd6-bd52-488e-be42-f4e2e619088b/file_downloaded
Dataset_02_g46dvrcvwn,Dry Leaf00051.JPG,original,Dry_Leaf,Dry Leaf,NOT_PROVIDED_PER_FILE (ZIP_VERIFIED),2ec0fb94e71a8fdfc6c9e702750263998bbbb4f2120c672597797d590d3ede31,ZIP_SHA256_VERIFIED,fffff1c78f8f0f1f,179935,,SUCCESS,D:\curuma\turmeric_datasets\dataset_02\original\Turmeric Plant Disease\Dry Leaf\Dry Leaf00051.JPG,https://data.mendeley.com/public-files/datasets/g46dvrcvwn/files/fb82efd6-bd52-488e-be42-f4e2e619088b/file_downloaded
Dataset_02_g46dvrcvwn,Dry Leaf00052.JPG,original,Dry_Leaf,Dry Leaf,NOT_PROVIDED_PER_FILE (ZIP_VERIFIED),41a012d5f8efc72d19e5870c87fa4319e5bf8245cf33a3f6b8d3c2527ba9efbb,ZIP_SHA256_VERIFIED,7f81e0f0fefefcfe,204434,,SUCCESS,D:\curuma\turmeric_datasets\dataset_02\original\Turmeric Plant Disease\Dry Leaf\Dry Leaf00052.JPG,https://data.mendeley.com/public-files/datasets/g46dvrcvwn/files/fb82efd6-bd52-488e-be42-f4e2e619088b/file_downloaded
Dataset_02_g46dvrcvwn,Dry Leaf00053.JPG,original,Dry_Leaf,Dry Leaf,NOT_PROVIDED_PER_FILE (ZIP_VERIFIED),d0d171b49d631fac0b5ad43043c0d2b36d684227fdb96b943d2c5186fa2f0614,ZIP_SHA256_VERIFIED,8f87e3fbf3f3e3c0,159535,,SUCCESS,D:\curuma\turmeric_datasets\dataset_02\original\Turmeric Plant Disease\Dry Leaf\Dry Leaf00053.JPG,https://data.mendeley.com/public-files/datasets/g46dvrcvwn/files/fb82efd6-bd52-488e-be42-f4e2e619088b/file_downloaded
Dataset_02_g46dvrcvwn,Dry Leaf00054.JPG,original,Dry_Leaf,Dry Leaf,NOT_PROVIDED_PER_FILE (ZIP_VERIFIED),8a235e83d832cc47cfc220265871d65b756f5891a0e1411c86b1781532072683,ZIP_SHA256_VERIFIED,ff0f01f8fefefefc,151980,,SUCCESS,D:\curuma\turmeric_datasets\dataset_02\original\Turmeric Plant Disease\Dry Leaf\Dry Leaf00054.JPG,https://data.mendeley.com/public-files/datasets/g46dvrcvwn/files/fb82efd6-bd52-488e-be42-f4e2e619088b/file_downloaded
Dataset_02_g46dvrcvwn,Dry Leaf00055.JPG,original,Dry_Leaf,Dry Leaf,NOT_PROVIDED_PER_FILE (ZIP_VERIFIED),cc2911cb7eac31d9813eb5394c54464eb2650a975c01a8d36f7f9e6d2af9a67f,ZIP_SHA256_VERIFIED,07e3fbfbf3f3f3f3,154225,,SUCCESS,D:\curuma\turmeric_datasets\dataset_02\original\Turmeric Plant Disease\Dry Leaf\Dry Leaf00055.JPG,https://data.mendeley.com/public-files/datasets/g46dvrcvwn/files/fb82efd6-bd52-488e-be42-f4e2e619088b/file_downloaded
Dataset_02_g46dvrcvwn,Dry Leaf00056.JPG,original,Dry_Leaf,Dry Leaf,NOT_PROVIDED_PER_FILE (ZIP_VERIFIED),2e759ab4ee856ac9101332fd137046cf391ebe1cc2a9f61383c9ddc8555f4859,ZIP_SHA256_VERIFIED,67676f6fef672780,126946,,SUCCESS,D:\curuma\turmeric_datasets\dataset_02\original\Turmeric Plant Disease\Dry Leaf\Dry Leaf00056.JPG,https://data.mendeley.com/public-files/datasets/g46dvrcvwn/files/fb82efd6-bd52-488e-be42-f4e2e619088b/file_downloaded
Dataset_02_g46dvrcvwn,Dry Leaf00057.JPG,original,Dry_Leaf,Dry Leaf,NOT_PROVIDED_PER_FILE (ZIP_VERIFIED),1a96ae340a0386de264bdf993872ac51b6d49cfebea805499e45200eaccba587,ZIP_SHA256_VERIFIED,ff0701f0fcffffff,171587,,SUCCESS,D:\curuma\turmeric_datasets\dataset_02\original\Turmeric Plant Disease\Dry Leaf\Dry Leaf00057.JPG,https://data.mendeley.com/public-files/datasets/g46dvrcvwn/files/fb82efd6-bd52-488e-be42-f4e2e619088b/file_downloaded
Dataset_02_g46dvrcvwn,Dry Leaf00058.JPG,original,Dry_Leaf,Dry Leaf,NOT_PROVIDED_PER_FILE (ZIP_VERIFIED),fbbd0b580021bef2850b8022e2c0b3fae617b1ebe674d37d55b3d5ced3ee7fae,ZIP_SHA256_VERIFIED,fbfbfbfb7373f3e7,132708,,SUCCESS,D:\curuma\turmeric_datasets\dataset_02\original\Turmeric Plant Disease\Dry Leaf\Dry Leaf00058.JPG,https://data.mendeley.com/public-files/datasets/g46dvrcvwn/files/fb82efd6-bd52-488e-be42-f4e2e619088b/file_downloaded
Dataset_02_g46dvrcvwn,Dry Leaf00059.JPG,original,Dry_Leaf,Dry Leaf,NOT_PROVIDED_PER_FILE (ZIP_VERIFIED),6d9f56802bf5b2f629aa58c970f8b8edc6614fc38d9cbfd1b0dd36cf5ee8a0c8,ZIP_SHA256_VERIFIED,e7e7cf8f8fcfc3e1,174038,,SUCCESS,D:\curuma\turmeric_datasets\dataset_02\original\Turmeric Plant Disease\Dry Leaf\Dry Leaf00059.JPG,https://data.mendeley.com/public-files/datasets/g46dvrcvwn/files/fb82efd6-bd52-488e-be42-f4e2e619088b/file_downloaded
Dataset_02_g46dvrcvwn,Dry Leaf00060.JPG,original,Dry_Leaf,Dry Leaf,NOT_PROVIDED_PER_FILE (ZIP_VERIFIED),25fd38c0c8773ce145dcfd8547abbda34dc6fa810f9579ac60573858a607e044,ZIP_SHA256_VERIFIED,ff870733fbfbfdf1,141624,,SUCCESS,D:\curuma\turmeric_datasets\dataset_02\original\Turmeric Plant Disease\Dry Leaf\Dry Leaf00060.JPG,https://data.mendeley.com/public-files/datasets/g46dvrcvwn/files/fb82efd6-bd52-488e-be42-f4e2e619088b/file_downloaded
Dataset_02_g46dvrcvwn,Dry Leaf00061.JPG,original,Dry_Leaf,Dry Leaf,NOT_PROVIDED_PER_FILE (ZIP_VERIFIED),9aa32c341e869bed4c60079e93b477972cd0201529b60228151bd5633888ce01,ZIP_SHA256_VERIFIED,ff3fbf9f9fcfcf4e,178358,,SUCCESS,D:\curuma\turmeric_datasets\dataset_02\original\Turmeric Plant Disease\Dry Leaf\Dry Leaf00061.JPG,https://data.mendeley.com/public-files/datasets/g46dvrcvwn/files/fb82efd6-bd52-488e-be42-f4e2e619088b/file_downloaded
Dataset_02_g46dvrcvwn,Dry Leaf00062.JPG,original,Dry_Leaf,Dry Leaf,NOT_PROVIDED_PER_FILE (ZIP_VERIFIED),052e974a96c438f0786614db5fdafa54c9618cca910fefa47fba31bde5b435bb,ZIP_SHA256_VERIFIED,fffffffd0101fcfc,158618,,SUCCESS,D:\curuma\turmeric_datasets\dataset_02\original\Turmeric Plant Disease\Dry Leaf\Dry Leaf00062.JPG,https://data.mendeley.com/public-files/datasets/g46dvrcvwn/files/fb82efd6-bd52-488e-be42-f4e2e619088b/file_downloaded
Dataset_02_g46dvrcvwn,Dry Leaf00063.JPG,original,Dry_Leaf,Dry Leaf,NOT_PROVIDED_PER_FILE (ZIP_VERIFIED),8e5ee39a92d4659c00d8facbcb68f0bce05904e263ecf81c382b040cd89162b9,ZIP_SHA256_VERIFIED,ff8ecfe7f3e3e2e0,147098,,SUCCESS,D:\curuma\turmeric_datasets\dataset_02\original\Turmeric Plant Disease\Dry Leaf\Dry Leaf00063.JPG,https://data.mendeley.com/public-files/datasets/g46dvrcvwn/files/fb82efd6-bd52-488e-be42-f4e2e619088b/file_downloaded
Dataset_02_g46dvrcvwn,Dry Leaf00064.JPG,original,Dry_Leaf,Dry Leaf,NOT_PROVIDED_PER_FILE (ZIP_VERIFIED),597da5b4e1e51f4ca9e44e01aff179c864065316f034c75a22c6267c01d453eb,ZIP_SHA256_VERIFIED,ffcfcfcf8f8f1f1f,192983,,SUCCESS,D:\curuma\turmeric_datasets\dataset_02\original\Turmeric Plant Disease\Dry Leaf\Dry Leaf00064.JPG,https://data.mendeley.com/public-files/datasets/g46dvrcvwn/files/fb82efd6-bd52-488e-be42-f4e2e619088b/file_downloaded
Dataset_02_g46dvrcvwn,Dry Leaf00065.JPG,original,Dry_Leaf,Dry Leaf,NOT_PROVIDED_PER_FILE (ZIP_VERIFIED),7f279d8013bd6096641c836813cbdfe6d2930012a300c349c33f047f8eb09d19,ZIP_SHA256_VERIFIED,ffff7f1f87c3e0f0,194182,,SUCCESS,D:\curuma\turmeric_datasets\dataset_02\original\Turmeric Plant Disease\Dry Leaf\Dry Leaf00065.JPG,https://data.mendeley.com/public-files/datasets/g46dvrcvwn/files/fb82efd6-bd52-488e-be42-f4e2e619088b/file_downloaded
Dataset_02_g46dvrcvwn,Dry Leaf00066.JPG,original,Dry_Leaf,Dry Leaf,NOT_PROVIDED_PER_FILE (ZIP_VERIFIED),8d3a37317a38e956c4ff03ab59e19e5fcc7319739cef6b6784ac7d52a7a12037,ZIP_SHA256_VERIFIED,f7e7e7e7c7c1c1e0,143657,,SUCCESS,D:\curuma\turmeric_datasets\dataset_02\original\Turmeric Plant Disease\Dry Leaf\Dry Leaf00066.JPG,https://data.mendeley.com/public-files/datasets/g46dvrcvwn/files/fb82efd6-bd52-488e-be42-f4e2e619088b/file_downloaded
Dataset_02_g46dvrcvwn,Dry Leaf00067.JPG,original,Dry_Leaf,Dry Leaf,NOT_PROVIDED_PER_FILE (ZIP_VERIFIED),eba9a2689362d0aac2ad26c333ca8248159062925e78a32e3e7d974e4083e79f,ZIP_SHA256_VERIFIED,ffffe1011f3f79f0,115488,,SUCCESS,D:\curuma\turmeric_datasets\dataset_02\original\Turmeric Plant Disease\Dry Leaf\Dry Leaf00067.JPG,https://data.mendeley.com/public-files/datasets/g46dvrcvwn/files/fb82efd6-bd52-488e-be42-f4e2e619088b/file_downloaded
Dataset_02_g46dvrcvwn,Dry Leaf00068.JPG,original,Dry_Leaf,Dry Leaf,NOT_PROVIDED_PER_FILE (ZIP_VERIFIED),52e9a9427a766063b6188e14074404f0badc1328ef70c010788a4056a44bdcc9,ZIP_SHA256_VERIFIED,e1c01c1f3f3f3fbf,196040,,SUCCESS,D:\curuma\turmeric_datasets\dataset_02\original\Turmeric Plant Disease\Dry Leaf\Dry Leaf00068.JPG,https://data.mendeley.com/public-files/datasets/g46dvrcvwn/files/fb82efd6-bd52-488e-be42-f4e2e619088b/file_downloaded
Dataset_02_g46dvrcvwn,Dry Leaf00069.JPG,original,Dry_Leaf,Dry Leaf,NOT_PROVIDED_PER_FILE (ZIP_VERIFIED),2ce30e64702d095a5ab84ba8a7303045d24a1b4be4d4f6374ca0c7dfaf0f62da,ZIP_SHA256_VERIFIED,ffff01e0fcfcfcfc,185203,,SUCCESS,D:\curuma\turmeric_datasets\dataset_02\original\Turmeric Plant Disease\Dry Leaf\Dry Leaf00069.JPG,https://data.mendeley.com/public-files/datasets/g46dvrcvwn/files/fb82efd6-bd52-488e-be42-f4e2e619088b/file_downloaded
Dataset_02_g46dvrcvwn,Dry Leaf00070.JPG,original,Dry_Leaf,Dry Leaf,NOT_PROVIDED_PER_FILE (ZIP_VERIFIED),a7f8fdb123beb7d220885e7834b6d909c9e6f45d1151ecb5765d4b2847109585,ZIP_SHA256_VERIFIED,ff0f03b1f1f1f9f9,165060,,SUCCESS,D:\curuma\turmeric_datasets\dataset_02\original\Turmeric Plant Disease\Dry Leaf\Dry Leaf00070.JPG,https://data.mendeley.com/public-files/datasets/g46dvrcvwn/files/fb82efd6-bd52-488e-be42-f4e2e619088b/file_downloaded
Dataset_02_g46dvrcvwn,Dry Leaf00071.JPG,original,Dry_Leaf,Dry Leaf,NOT_PROVIDED_PER_FILE (ZIP_VERIFIED),0005236e4f5fc1b8401f9dd41efa838e754a539694f07d5194f2c6f53c575066,ZIP_SHA256_VERIFIED,ff1f0747c3e3e3e3,177554,,SUCCESS,D:\curuma\turmeric_datasets\dataset_02\original\Turmeric Plant Disease\Dry Leaf\Dry Leaf00071.JPG,https://data.mendeley.com/public-files/datasets/g46dvrcvwn/files/fb82efd6-bd52-488e-be42-f4e2e619088b/file_downloaded
Dataset_02_g46dvrcvwn,Dry Leaf00072.JPG,original,Dry_Leaf,Dry Leaf,NOT_PROVIDED_PER_FILE (ZIP_VERIFIED),0ae34b2cfac8174028b91944bc4881819bca0ab9e1f5a7d5f41b0389f407edac,ZIP_SHA256_VERIFIED,ffff1f81f0fcfcfc,172407,,SUCCESS,D:\curuma\turmeric_datasets\dataset_02\original\Turmeric Plant Disease\Dry Leaf\Dry Leaf00072.JPG,https://data.mendeley.com/public-files/datasets/g46dvrcvwn/files/fb82efd6-bd52-488e-be42-f4e2e619088b/file_downloaded
Dataset_02_g46dvrcvwn,Dry Leaf00073.JPG,original,Dry_Leaf,Dry Leaf,NOT_PROVIDED_PER_FILE (ZIP_VERIFIED),2ace82e204cbe9bb9faf747b8bf2aacd8105a44d0250f55caf1e1f6bdccff113,ZIP_SHA256_VERIFIED,dfdfcfe3f1f8f8f0,168387,,SUCCESS,D:\curuma\turmeric_datasets\dataset_02\original\Turmeric Plant Disease\Dry Leaf\Dry Leaf00073.JPG,https://data.mendeley.com/public-files/datasets/g46dvrcvwn/files/fb82efd6-bd52-488e-be42-f4e2e619088b/file_downloaded
Dataset_02_g46dvrcvwn,Dry Leaf00074.JPG,original,Dry_Leaf,Dry Leaf,NOT_PROVIDED_PER_FILE (ZIP_VERIFIED),e8d4fca635b4a93f85a10829c5132a6346ebbb076efc29c3085f5bfbadb0b0e9,ZIP_SHA256_VERIFIED,bf9fcfe3f3f3f1f1,170893,,SUCCESS,D:\curuma\turmeric_datasets\dataset_02\original\Turmeric Plant Disease\Dry Leaf\Dry Leaf00074.JPG,https://data.mendeley.com/public-files/datasets/g46dvrcvwn/files/fb82efd6-bd52-488e-be42-f4e2e619088b/file_downloaded
Dataset_02_g46dvrcvwn,Dry Leaf00075.JPG,original,Dry_Leaf,Dry Leaf,NOT_PROVIDED_PER_FILE (ZIP_VERIFIED),fcdfb5cb3986449a64559adaa336b2a2b289d96ef5b40ac809060719cdd1e7e7,ZIP_SHA256_VERIFIED,bf8fc7e3f1f9f9f9,170467,,SUCCESS,D:\curuma\turmeric_datasets\dataset_02\original\Turmeric Plant Disease\Dry Leaf\Dry Leaf00075.JPG,https://data.mendeley.com/public-files/datasets/g46dvrcvwn/files/fb82efd6-bd52-488e-be42-f4e2e619088b/file_downloaded
Dataset_02_g46dvrcvwn,Dry Leaf00076.JPG,original,Dry_Leaf,Dry Leaf,NOT_PROVIDED_PER_FILE (ZIP_VERIFIED),532133aeb4630a479ddb7e4440a1aadf36aa0e67cc94694c08e25baed22c6a71,ZIP_SHA256_VERIFIED,3f8fc7e7e3e3e1f1,185191,,SUCCESS,D:\curuma\turmeric_datasets\dataset_02\original\Turmeric Plant Disease\Dry Leaf\Dry Leaf00076.JPG,https://data.mendeley.com/public-files/datasets/g46dvrcvwn/files/fb82efd6-bd52-488e-be42-f4e2e619088b/file_downloaded
Dataset_02_g46dvrcvwn,Dry Leaf00077.JPG,original,Dry_Leaf,Dry Leaf,NOT_PROVIDED_PER_FILE (ZIP_VERIFIED),c7a04e3fb84ede079e4e6a784fadfc4d70466daef9fee9e62eaf7e0032e5b8b9,ZIP_SHA256_VERIFIED,ffffdfcfe7e3e0f0,168739,,SUCCESS,D:\curuma\turmeric_datasets\dataset_02\original\Turmeric Plant Disease\Dry Leaf\Dry Leaf00077.JPG,https://data.mendeley.com/public-files/datasets/g46dvrcvwn/files/fb82efd6-bd52-488e-be42-f4e2e619088b/file_downloaded
Dataset_02_g46dvrcvwn,Dry Leaf00078.JPG,original,Dry_Leaf,Dry Leaf,NOT_PROVIDED_PER_FILE (ZIP_VERIFIED),da391945faa9b3d1b01ebc40e3a09cad2a51ce681755427cce6a4f4c947538ff,ZIP_SHA256_VERIFIED,ffff7fbf9f87c0c0,171208,,SUCCESS,D:\curuma\turmeric_datasets\dataset_02\original\Turmeric Plant Disease\Dry Leaf\Dry Leaf00078.JPG,https://data.mendeley.com/public-files/datasets/g46dvrcvwn/files/fb82efd6-bd52-488e-be42-f4e2e619088b/file_downloaded
Dataset_02_g46dvrcvwn,Dry Leaf00079.JPG,original,Dry_Leaf,Dry Leaf,NOT_PROVIDED_PER_FILE (ZIP_VERIFIED),1f6e087d7212035df77783d7de4752f7700ec05b7df4e4a76f3f7282d7157451,ZIP_SHA256_VERIFIED,ff3f3f8781c0fcff,194478,,SUCCESS,D:\curuma\turmeric_datasets\dataset_02\original\Turmeric Plant Disease\Dry Leaf\Dry Leaf00079.JPG,https://data.mendeley.com/public-files/datasets/g46dvrcvwn/files/fb82efd6-bd52-488e-be42-f4e2e619088b/file_downloaded
Dataset_02_g46dvrcvwn,Dry Leaf00080.JPG,original,Dry_Leaf,Dry Leaf,NOT_PROVIDED_PER_FILE (ZIP_VERIFIED),985a3e273e22bc9c9aee8b8325fe1b6980dd0f6bc58fb62956701b9e965c747c,ZIP_SHA256_VERIFIED,ffcfcfcfc7c3c1e0,206963,,SUCCESS,D:\curuma\turmeric_datasets\dataset_02\original\Turmeric Plant Disease\Dry Leaf\Dry Leaf00080.JPG,https://data.mendeley.com/public-files/datasets/g46dvrcvwn/files/fb82efd6-bd52-488e-be42-f4e2e619088b/file_downloaded
Dataset_02_g46dvrcvwn,Dry Leaf00081.JPG,original,Dry_Leaf,Dry Leaf,NOT_PROVIDED_PER_FILE (ZIP_VERIFIED),acc1bbaea4781da85f7fb23c86917f043caf2a519975f5028926ca8a4c6bfe9d,ZIP_SHA256_VERIFIED,ff3f0f0703f1f9fc,188185,,SUCCESS,D:\curuma\turmeric_datasets\dataset_02\original\Turmeric Plant Disease\Dry Leaf\Dry Leaf00081.JPG,https://data.mendeley.com/public-files/datasets/g46dvrcvwn/files/fb82efd6-bd52-488e-be42-f4e2e619088b/file_downloaded
Dataset_02_g46dvrcvwn,Dry Leaf00082.JPG,original,Dry_Leaf,Dry Leaf,NOT_PROVIDED_PER_FILE (ZIP_VERIFIED),0fef36b29f2c7149a46f1781d1a4edbd110d22d5b39a80b27eba7248551a7943,ZIP_SHA256_VERIFIED,ffbf8781c1fcfeff,191368,,SUCCESS,D:\curuma\turmeric_datasets\dataset_02\original\Turmeric Plant Disease\Dry Leaf\Dry Leaf00082.JPG,https://data.mendeley.com/public-files/datasets/g46dvrcvwn/files/fb82efd6-bd52-488e-be42-f4e2e619088b/file_downloaded
Dataset_02_g46dvrcvwn,Dry Leaf00083.JPG,original,Dry_Leaf,Dry Leaf,NOT_PROVIDED_PER_FILE (ZIP_VERIFIED),b5c3ec570d1c2fa9cb523085015eb29afbe7450501fdc83f282d2e8e4404b3db,ZIP_SHA256_VERIFIED,ffdf9f9fc3c0e0e0,227500,,SUCCESS,D:\curuma\turmeric_datasets\dataset_02\original\Turmeric Plant Disease\Dry Leaf\Dry Leaf00083.JPG,https://data.mendeley.com/public-files/datasets/g46dvrcvwn/files/fb82efd6-bd52-488e-be42-f4e2e619088b/file_downloaded
Dataset_02_g46dvrcvwn,Dry Leaf00084.JPG,original,Dry_Leaf,Dry Leaf,NOT_PROVIDED_PER_FILE (ZIP_VERIFIED),bdffd740336aba1f0e1b0a04af22ccd3538e0d06813b5cd17dc472d4d4691cdb,ZIP_SHA256_VERIFIED,3f1f0fc7e7f3fbfd,179806,,SUCCESS,D:\curuma\turmeric_datasets\dataset_02\original\Turmeric Plant Disease\Dry Leaf\Dry Leaf00084.JPG,https://data.mendeley.com/public-files/datasets/g46dvrcvwn/files/fb82efd6-bd52-488e-be42-f4e2e619088b/file_downloaded
Dataset_02_g46dvrcvwn,Dry Leaf00085.JPG,original,Dry_Leaf,Dry Leaf,NOT_PROVIDED_PER_FILE (ZIP_VERIFIED),36f5e9edddb16d3d34385e815b8b18488ffeb95324c8bec30cf11e8d1428de7a,ZIP_SHA256_VERIFIED,bf9fc7e7e3f1f0f8,199876,,SUCCESS,D:\curuma\turmeric_datasets\dataset_02\original\Turmeric Plant Disease\Dry Leaf\Dry Leaf00085.JPG,https://data.mendeley.com/public-files/datasets/g46dvrcvwn/files/fb82efd6-bd52-488e-be42-f4e2e619088b/file_downloaded
Dataset_02_g46dvrcvwn,Dry Leaf00086.JPG,original,Dry_Leaf,Dry Leaf,NOT_PROVIDED_PER_FILE (ZIP_VERIFIED),669935f7b674dcef07777f58cc69df752ff36b9c81680b6d251dbdb747f54bd3,ZIP_SHA256_VERIFIED,bf9fc7e3f3f0f8f8,203493,,SUCCESS,D:\curuma\turmeric_datasets\dataset_02\original\Turmeric Plant Disease\Dry Leaf\Dry Leaf00086.JPG,https://data.mendeley.com/public-files/datasets/g46dvrcvwn/files/fb82efd6-bd52-488e-be42-f4e2e619088b/file_downloaded
Dataset_02_g46dvrcvwn,Dry Leaf00087.JPG,original,Dry_Leaf,Dry Leaf,NOT_PROVIDED_PER_FILE (ZIP_VERIFIED),405f38df8c807fa2cad3162db545f951a56eb92bfd0bef0b9721c36f27f8a8c1,ZIP_SHA256_VERIFIED,3f1f8f8f87c3e1f0,228534,,SUCCESS,D:\curuma\turmeric_datasets\dataset_02\original\Turmeric Plant Disease\Dry Leaf\Dry Leaf00087.JPG,https://data.mendeley.com/public-files/datasets/g46dvrcvwn/files/fb82efd6-bd52-488e-be42-f4e2e619088b/file_downloaded
Dataset_02_g46dvrcvwn,Dry Leaf00088.JPG,original,Dry_Leaf,Dry Leaf,NOT_PROVIDED_PER_FILE (ZIP_VERIFIED),8e2514cd072d00fc1b1a20622a98c7d61bc1d8f17ee581a42b39b378bc1a5955,ZIP_SHA256_VERIFIED,7fbfcfcfe7e3f1f8,199272,,SUCCESS,D:\curuma\turmeric_datasets\dataset_02\original\Turmeric Plant Disease\Dry Leaf\Dry Leaf00088.JPG,https://data.mendeley.com/public-files/datasets/g46dvrcvwn/files/fb82efd6-bd52-488e-be42-f4e2e619088b/file_downloaded
Dataset_02_g46dvrcvwn,Dry Leaf00089.JPG,original,Dry_Leaf,Dry Leaf,NOT_PROVIDED_PER_FILE (ZIP_VERIFIED),9ee7bf94227218553b710fc3d8833fa59be072f23efd66088b714f7735d50241,ZIP_SHA256_VERIFIED,ff3f3f9f8fc3e0f0,201792,,SUCCESS,D:\curuma\turmeric_datasets\dataset_02\original\Turmeric Plant Disease\Dry Leaf\Dry Leaf00089.JPG,https://data.mendeley.com/public-files/datasets/g46dvrcvwn/files/fb82efd6-bd52-488e-be42-f4e2e619088b/file_downloaded
Dataset_02_g46dvrcvwn,Dry Leaf00090.JPG,original,Dry_Leaf,Dry Leaf,NOT_PROVIDED_PER_FILE (ZIP_VERIFIED),5babc4741878fb9b0092b8f847a4ac94edc50ccba145d7c588fe0a4cd9ee8874,ZIP_SHA256_VERIFIED,ffff07e3f0f8fcff,183521,,SUCCESS,D:\curuma\turmeric_datasets\dataset_02\original\Turmeric Plant Disease\Dry Leaf\Dry Leaf00090.JPG,https://data.mendeley.com/public-files/datasets/g46dvrcvwn/files/fb82efd6-bd52-488e-be42-f4e2e619088b/file_downloaded
Dataset_02_g46dvrcvwn,Dry Leaf00091.JPG,original,Dry_Leaf,Dry Leaf,NOT_PROVIDED_PER_FILE (ZIP_VERIFIED),a2152f2967b974d5700b5ba31c0ccfd831e9d23ec967e85defcc37d73c88f3bb,ZIP_SHA256_VERIFIED,ffff3f81f0f8fcfc,179754,,SUCCESS,D:\curuma\turmeric_datasets\dataset_02\original\Turmeric Plant Disease\Dry Leaf\Dry Leaf00091.JPG,https://data.mendeley.com/public-files/datasets/g46dvrcvwn/files/fb82efd6-bd52-488e-be42-f4e2e619088b/file_downloaded
Dataset_02_g46dvrcvwn,Dry Leaf00092.JPG,original,Dry_Leaf,Dry Leaf,NOT_PROVIDED_PER_FILE (ZIP_VERIFIED),a5d1573816fd5535d949b9a303d62d309ffe0276c3a42ed15a69aab3a6ad2888,ZIP_SHA256_VERIFIED,ff7f3f0f0783e0f0,241058,,SUCCESS,D:\curuma\turmeric_datasets\dataset_02\original\Turmeric Plant Disease\Dry Leaf\Dry Leaf00092.JPG,https://data.mendeley.com/public-files/datasets/g46dvrcvwn/files/fb82efd6-bd52-488e-be42-f4e2e619088b/file_downloaded
Dataset_02_g46dvrcvwn,Dry Leaf00093.JPG,original,Dry_Leaf,Dry Leaf,NOT_PROVIDED_PER_FILE (ZIP_VERIFIED),4818eb251c50733ab4b0f5511d47e5b0804aa1f297c7f44c45cac902e1c3ad17,ZIP_SHA256_VERIFIED,ff1f83f1f0f8fcfc,192587,,SUCCESS,D:\curuma\turmeric_datasets\dataset_02\original\Turmeric Plant Disease\Dry Leaf\Dry Leaf00093.JPG,https://data.mendeley.com/public-files/datasets/g46dvrcvwn/files/fb82efd6-bd52-488e-be42-f4e2e619088b/file_downloaded
Dataset_02_g46dvrcvwn,Dry Leaf00094.JPG,original,Dry_Leaf,Dry Leaf,NOT_PROVIDED_PER_FILE (ZIP_VERIFIED),5484bb963cfd146f8c8585481f23ffd98743e7196e9aebe30aa7dd7fe26edfc2,ZIP_SHA256_VERIFIED,f7ff9f87e3f1f8fc,177997,,SUCCESS,D:\curuma\turmeric_datasets\dataset_02\original\Turmeric Plant Disease\Dry Leaf\Dry Leaf00094.JPG,https://data.mendeley.com/public-files/datasets/g46dvrcvwn/files/fb82efd6-bd52-488e-be42-f4e2e619088b/file_downloaded
Dataset_02_g46dvrcvwn,Dry Leaf00095.JPG,original,Dry_Leaf,Dry Leaf,NOT_PROVIDED_PER_FILE (ZIP_VERIFIED),32797dc9e1652dd994245c66ada8d17b1a327517264386f58089b50c95c27411,ZIP_SHA256_VERIFIED,ffbfcfe3e1f0f8fc,214721,,SUCCESS,D:\curuma\turmeric_datasets\dataset_02\original\Turmeric Plant Disease\Dry Leaf\Dry Leaf00095.JPG,https://data.mendeley.com/public-files/datasets/g46dvrcvwn/files/fb82efd6-bd52-488e-be42-f4e2e619088b/file_downloaded
Dataset_02_g46dvrcvwn,Dry Leaf00096.JPG,original,Dry_Leaf,Dry Leaf,NOT_PROVIDED_PER_FILE (ZIP_VERIFIED),15a30d8c8f3a19ce99eecc47a4abe555f59a70d4d8e18684e4a65746d5c6d50b,ZIP_SHA256_VERIFIED,ffff7f3f1f00e0ff,184388,,SUCCESS,D:\curuma\turmeric_datasets\dataset_02\original\Turmeric Plant Disease\Dry Leaf\Dry Leaf00096.JPG,https://data.mendeley.com/public-files/datasets/g46dvrcvwn/files/fb82efd6-bd52-488e-be42-f4e2e619088b/file_downloaded
Dataset_02_g46dvrcvwn,Dry Leaf00097.JPG,original,Dry_Leaf,Dry Leaf,NOT_PROVIDED_PER_FILE (ZIP_VERIFIED),50c442e5198b267336fcfd08802150e19fe15283a1f5ea3d4fb96dc45c144f0b,ZIP_SHA256_VERIFIED,fe0f81f8fcffff00,223257,,SUCCESS,D:\curuma\turmeric_datasets\dataset_02\original\Turmeric Plant Disease\Dry Leaf\Dry Leaf00097.JPG,https://data.mendeley.com/public-files/datasets/g46dvrcvwn/files/fb82efd6-bd52-488e-be42-f4e2e619088b/file_downloaded
Dataset_02_g46dvrcvwn,Dry Leaf00098.JPG,original,Dry_Leaf,Dry Leaf,NOT_PROVIDED_PER_FILE (ZIP_VERIFIED),983039ec75902df01439343faa3725316e0f3968f044c747edd8b4c2d51598b9,ZIP_SHA256_VERIFIED,ff9f8f9f0f87c0f8,228457,,SUCCESS,D:\curuma\turmeric_datasets\dataset_02\original\Turmeric Plant Disease\Dry Leaf\Dry Leaf00098.JPG,https://data.mendeley.com/public-files/datasets/g46dvrcvwn/files/fb82efd6-bd52-488e-be42-f4e2e619088b/file_downloaded
Dataset_02_g46dvrcvwn,Dry Leaf00099.JPG,original,Dry_Leaf,Dry Leaf,NOT_PROVIDED_PER_FILE (ZIP_VERIFIED),90f2bf2684a759f96385d1e421eed88e187915a5a7a6cd2ed7e1daec095fca4b,ZIP_SHA256_VERIFIED,ffff3f1d0000ffff,194515,,SUCCESS,D:\curuma\turmeric_datasets\dataset_02\original\Turmeric Plant Disease\Dry Leaf\Dry Leaf00099.JPG,https://data.mendeley.com/public-files/datasets/g46dvrcvwn/files/fb82efd6-bd52-488e-be42-f4e2e619088b/file_downloaded
Dataset_02_g46dvrcvwn,Dry Leaf00100.JPG,original,Dry_Leaf,Dry Leaf,NOT_PROVIDED_PER_FILE (ZIP_VERIFIED),b59ac801dc168808d912a67b0bef41184f32dbaf6a28275e3499663538cb2fb2,ZIP_SHA256_VERIFIED,ffffffc701107eff,166581,,SUCCESS,D:\curuma\turmeric_datasets\dataset_02\original\Turmeric Plant Disease\Dry Leaf\Dry Leaf00100.JPG,https://data.mendeley.com/public-files/datasets/g46dvrcvwn/files/fb82efd6-bd52-488e-be42-f4e2e619088b/file_downloaded
Dataset_02_g46dvrcvwn,Dry Leaf00101.JPG,original,Dry_Leaf,Dry Leaf,NOT_PROVIDED_PER_FILE (ZIP_VERIFIED),73cb7f810bf151c572ac62839ed49124f365c095c038a35e9b0022a4f1b18e68,ZIP_SHA256_VERIFIED,ffbf8f07028080fb,255049,,SUCCESS,D:\curuma\turmeric_datasets\dataset_02\original\Turmeric Plant Disease\Dry Leaf\Dry Leaf00101.JPG,https://data.mendeley.com/public-files/datasets/g46dvrcvwn/files/fb82efd6-bd52-488e-be42-f4e2e619088b/file_downloaded
Dataset_02_g46dvrcvwn,Dry Leaf00102.JPG,original,Dry_Leaf,Dry Leaf,NOT_PROVIDED_PER_FILE (ZIP_VERIFIED),739c911ceac1773406e3b11cb09d783d792f3552a7806863c70ba9f0f2d71e0a,ZIP_SHA256_VERIFIED,ffffff0f8781c0f0,216294,,SUCCESS,D:\curuma\turmeric_datasets\dataset_02\original\Turmeric Plant Disease\Dry Leaf\Dry Leaf00102.JPG,https://data.mendeley.com/public-files/datasets/g46dvrcvwn/files/fb82efd6-bd52-488e-be42-f4e2e619088b/file_downloaded
Dataset_02_g46dvrcvwn,Dry Leaf00103.JPG,original,Dry_Leaf,Dry Leaf,NOT_PROVIDED_PER_FILE (ZIP_VERIFIED),bbfb3df38cb3490b790738984ea414551d8babc594859e0349b9edea546188c8,ZIP_SHA256_VERIFIED,ff3f8f87c1f8ffff,199833,,SUCCESS,D:\curuma\turmeric_datasets\dataset_02\original\Turmeric Plant Disease\Dry Leaf\Dry Leaf00103.JPG,https://data.mendeley.com/public-files/datasets/g46dvrcvwn/files/fb82efd6-bd52-488e-be42-f4e2e619088b/file_downloaded
Dataset_02_g46dvrcvwn,Dry Leaf00104.JPG,original,Dry_Leaf,Dry Leaf,NOT_PROVIDED_PER_FILE (ZIP_VERIFIED),5603c1d12bd807aa46f2e16120634bfe2d83fb5598971cfa9ba7665902dc7a1d,ZIP_SHA256_VERIFIED,bf8f8fc7e1f8feff,206075,,SUCCESS,D:\curuma\turmeric_datasets\dataset_02\original\Turmeric Plant Disease\Dry Leaf\Dry Leaf00104.JPG,https://data.mendeley.com/public-files/datasets/g46dvrcvwn/files/fb82efd6-bd52-488e-be42-f4e2e619088b/file_downloaded
Dataset_02_g46dvrcvwn,Dry Leaf00105.JPG,original,Dry_Leaf,Dry Leaf,NOT_PROVIDED_PER_FILE (ZIP_VERIFIED),e58a223a8684d532e8c3444d8c6af5879dc4a06c1fc2c599e2e76802e9eb5a70,ZIP_SHA256_VERIFIED,ffff0fc3f1f8feff,168311,,SUCCESS,D:\curuma\turmeric_datasets\dataset_02\original\Turmeric Plant Disease\Dry Leaf\Dry Leaf00105.JPG,https://data.mendeley.com/public-files/datasets/g46dvrcvwn/files/fb82efd6-bd52-488e-be42-f4e2e619088b/file_downloaded
Dataset_02_g46dvrcvwn,Dry Leaf00106.JPG,original,Dry_Leaf,Dry Leaf,NOT_PROVIDED_PER_FILE (ZIP_VERIFIED),bf51d86e769f79565126a609d7663982a5939e707036279be63053b07f71726b,ZIP_SHA256_VERIFIED,ffff8381f8fcf8f2,166483,,SUCCESS,D:\curuma\turmeric_datasets\dataset_02\original\Turmeric Plant Disease\Dry Leaf\Dry Leaf00106.JPG,https://data.mendeley.com/public-files/datasets/g46dvrcvwn/files/fb82efd6-bd52-488e-be42-f4e2e619088b/file_downloaded
Dataset_02_g46dvrcvwn,Dry Leaf00107.JPG,original,Dry_Leaf,Dry Leaf,NOT_PROVIDED_PER_FILE (ZIP_VERIFIED),1398e8070aba10c0dbeb1739e66419e43027d1daad58253960e0fa10cd5314ec,ZIP_SHA256_VERIFIED,ff3f1fcfc7e1f0fc,155812,,SUCCESS,D:\curuma\turmeric_datasets\dataset_02\original\Turmeric Plant Disease\Dry Leaf\Dry Leaf00107.JPG,https://data.mendeley.com/public-files/datasets/g46dvrcvwn/files/fb82efd6-bd52-488e-be42-f4e2e619088b/file_downloaded
Dataset_02_g46dvrcvwn,Dry Leaf00108.JPG,original,Dry_Leaf,Dry Leaf,NOT_PROVIDED_PER_FILE (ZIP_VERIFIED),a1858a6c3a482f482410464a19abb371897dadc48dd5d99a3517c6e9e2ff1b9c,ZIP_SHA256_VERIFIED,bf9fcfc7e7f1f8fe,178557,,SUCCESS,D:\curuma\turmeric_datasets\dataset_02\original\Turmeric Plant Disease\Dry Leaf\Dry Leaf00108.JPG,https://data.mendeley.com/public-files/datasets/g46dvrcvwn/files/fb82efd6-bd52-488e-be42-f4e2e619088b/file_downloaded
Dataset_02_g46dvrcvwn,Dry Leaf00109.JPG,original,Dry_Leaf,Dry Leaf,NOT_PROVIDED_PER_FILE (ZIP_VERIFIED),9e73f0cf6e403b3ea970ea010ffe183252903151b32e6904267d23ea11a944f9,ZIP_SHA256_VERIFIED,efcfe7e7e3e3e3e3,144990,,SUCCESS,D:\curuma\turmeric_datasets\dataset_02\original\Turmeric Plant Disease\Dry Leaf\Dry Leaf00109.JPG,https://data.mendeley.com/public-files/datasets/g46dvrcvwn/files/fb82efd6-bd52-488e-be42-f4e2e619088b/file_downloaded
Dataset_02_g46dvrcvwn,Dry Leaf00110.JPG,original,Dry_Leaf,Dry Leaf,NOT_PROVIDED_PER_FILE (ZIP_VERIFIED),078a2e72c0474b36a38b7d305ec37907597cf47dd2bfc4fc586462cc02e38c8b,ZIP_SHA256_VERIFIED,cfcfc7c7e7e7e3e3,188698,,SUCCESS,D:\curuma\turmeric_datasets\dataset_02\original\Turmeric Plant Disease\Dry Leaf\Dry Leaf00110.JPG,https://data.mendeley.com/public-files/datasets/g46dvrcvwn/files/fb82efd6-bd52-488e-be42-f4e2e619088b/file_downloaded
Dataset_02_g46dvrcvwn,Dry Leaf00111.JPG,original,Dry_Leaf,Dry Leaf,NOT_PROVIDED_PER_FILE (ZIP_VERIFIED),6ef5a545d528e285c5a7c2563180f14dae73f4d71d43384fdd335535dffe7282,ZIP_SHA256_VERIFIED,3f3f9f8fc7e1f8fe,120822,,SUCCESS,D:\curuma\turmeric_datasets\dataset_02\original\Turmeric Plant Disease\Dry Leaf\Dry Leaf00111.JPG,https://data.mendeley.com/public-files/datasets/g46dvrcvwn/files/fb82efd6-bd52-488e-be42-f4e2e619088b/file_downloaded
Dataset_02_g46dvrcvwn,Dry Leaf00112.JPG,original,Dry_Leaf,Dry Leaf,NOT_PROVIDED_PER_FILE (ZIP_VERIFIED),d4f124e0cefdc7cdaf867f77b28b9d4d8be548293adf66583d1e5f02914bd4db,ZIP_SHA256_VERIFIED,ff7f1f9fcfe7f3f8,174883,,SUCCESS,D:\curuma\turmeric_datasets\dataset_02\original\Turmeric Plant Disease\Dry Leaf\Dry Leaf00112.JPG,https://data.mendeley.com/public-files/datasets/g46dvrcvwn/files/fb82efd6-bd52-488e-be42-f4e2e619088b/file_downloaded
Dataset_02_g46dvrcvwn,Dry Leaf00113.JPG,original,Dry_Leaf,Dry Leaf,NOT_PROVIDED_PER_FILE (ZIP_VERIFIED),7f48a03e164eb9825f2b4a82b67291ba21dc38ae273caefd226bd033aa10038d,ZIP_SHA256_VERIFIED,9f9f9f1f9f80e0ff,189268,,SUCCESS,D:\curuma\turmeric_datasets\dataset_02\original\Turmeric Plant Disease\Dry Leaf\Dry Leaf00113.JPG,https://data.mendeley.com/public-files/datasets/g46dvrcvwn/files/fb82efd6-bd52-488e-be42-f4e2e619088b/file_downloaded
Dataset_02_g46dvrcvwn,Dry Leaf00114.JPG,original,Dry_Leaf,Dry Leaf,NOT_PROVIDED_PER_FILE (ZIP_VERIFIED),d75e28a962e4594b4fe607248d39e76b75c8cd6519aec9874e41c54bae4a9e95,ZIP_SHA256_VERIFIED,ffefefe7c7c3c3c3,167690,,SUCCESS,D:\curuma\turmeric_datasets\dataset_02\original\Turmeric Plant Disease\Dry Leaf\Dry Leaf00114.JPG,https://data.mendeley.com/public-files/datasets/g46dvrcvwn/files/fb82efd6-bd52-488e-be42-f4e2e619088b/file_downloaded
Dataset_02_g46dvrcvwn,Dry Leaf00115.JPG,original,Dry_Leaf,Dry Leaf,NOT_PROVIDED_PER_FILE (ZIP_VERIFIED),368358bfb300503cd49795c9b9f36cb3d0dfcb0ed358b007f3715a2b5b6cbe1c,ZIP_SHA256_VERIFIED,ff7f7f3f07018fff,163438,,SUCCESS,D:\curuma\turmeric_datasets\dataset_02\original\Turmeric Plant Disease\Dry Leaf\Dry Leaf00115.JPG,https://data.mendeley.com/public-files/datasets/g46dvrcvwn/files/fb82efd6-bd52-488e-be42-f4e2e619088b/file_downloaded
Dataset_02_g46dvrcvwn,Dry Leaf00116.JPG,original,Dry_Leaf,Dry Leaf,NOT_PROVIDED_PER_FILE (ZIP_VERIFIED),e2dc992f50c141e86f7f4b872f1a5f4f902051e877aeaac095d596bfdd24e743,ZIP_SHA256_VERIFIED,ffdf9f9f8f81c1ff,171022,,SUCCESS,D:\curuma\turmeric_datasets\dataset_02\original\Turmeric Plant Disease\Dry Leaf\Dry Leaf00116.JPG,https://data.mendeley.com/public-files/datasets/g46dvrcvwn/files/fb82efd6-bd52-488e-be42-f4e2e619088b/file_downloaded
Dataset_02_g46dvrcvwn,Dry Leaf00117.JPG,original,Dry_Leaf,Dry Leaf,NOT_PROVIDED_PER_FILE (ZIP_VERIFIED),7d7c08c8ce3bb85a3f022a884cadde1b30b3eaba8c7f14c0dc035a9743828cdb,ZIP_SHA256_VERIFIED,ffefefe7c7c78383,169265,,SUCCESS,D:\curuma\turmeric_datasets\dataset_02\original\Turmeric Plant Disease\Dry Leaf\Dry Leaf00117.JPG,https://data.mendeley.com/public-files/datasets/g46dvrcvwn/files/fb82efd6-bd52-488e-be42-f4e2e619088b/file_downloaded
Dataset_02_g46dvrcvwn,Dry Leaf00118.JPG,original,Dry_Leaf,Dry Leaf,NOT_PROVIDED_PER_FILE (ZIP_VERIFIED),dd01ada20908f9dc6b9b37404a3c316a60fef8e4d6b60e1bfe0038fa0ebdd4c4,ZIP_SHA256_VERIFIED,ff7f7f7f030007ff,166611,,SUCCESS,D:\curuma\turmeric_datasets\dataset_02\original\Turmeric Plant Disease\Dry Leaf\Dry Leaf00118.JPG,https://data.mendeley.com/public-files/datasets/g46dvrcvwn/files/fb82efd6-bd52-488e-be42-f4e2e619088b/file_downloaded
Dataset_02_g46dvrcvwn,Dry Leaf00119.JPG,original,Dry_Leaf,Dry Leaf,NOT_PROVIDED_PER_FILE (ZIP_VERIFIED),3547006432e4581beaa6683f89524efa0b7aa6e43991956585ff0ebe4f16855a,ZIP_SHA256_VERIFIED,f7e7c7cf8fc7c7e1,203434,,SUCCESS,D:\curuma\turmeric_datasets\dataset_02\original\Turmeric Plant Disease\Dry Leaf\Dry Leaf00119.JPG,https://data.mendeley.com/public-files/datasets/g46dvrcvwn/files/fb82efd6-bd52-488e-be42-f4e2e619088b/file_downloaded
Dataset_02_g46dvrcvwn,Dry Leaf00120.JPG,original,Dry_Leaf,Dry Leaf,NOT_PROVIDED_PER_FILE (ZIP_VERIFIED),5dd8964ef4339b05e768a6aa9f86f2c34f8c6242c0d580485d649a4206a7e0d6,ZIP_SHA256_VERIFIED,ffdfcfcfc1c0c2e0,225582,,SUCCESS,D:\curuma\turmeric_datasets\dataset_02\original\Turmeric Plant Disease\Dry Leaf\Dry Leaf00120.JPG,https://data.mendeley.com/public-files/datasets/g46dvrcvwn/files/fb82efd6-bd52-488e-be42-f4e2e619088b/file_downloaded
Dataset_02_g46dvrcvwn,Dry Leaf00121.JPG,original,Dry_Leaf,Dry Leaf,NOT_PROVIDED_PER_FILE (ZIP_VERIFIED),c29b9c4a5f51f8d7d6a3c900efefb963b81cfb68d971aa9f6fdb591e70c152fd,ZIP_SHA256_VERIFIED,ffbf9f8f8381c0f2,206315,,SUCCESS,D:\curuma\turmeric_datasets\dataset_02\original\Turmeric Plant Disease\Dry Leaf\Dry Leaf00121.JPG,https://data.mendeley.com/public-files/datasets/g46dvrcvwn/files/fb82efd6-bd52-488e-be42-f4e2e619088b/file_downloaded
Dataset_02_g46dvrcvwn,Dry Leaf00122.JPG,original,Dry_Leaf,Dry Leaf,NOT_PROVIDED_PER_FILE (ZIP_VERIFIED),f4c98e627b86f34d545dfa70f914b5a3482f9dac29e37e4277a46b7a042753b4,ZIP_SHA256_VERIFIED,ffff8300000fffff,211054,,SUCCESS,D:\curuma\turmeric_datasets\dataset_02\original\Turmeric Plant Disease\Dry Leaf\Dry Leaf00122.JPG,https://data.mendeley.com/public-files/datasets/g46dvrcvwn/files/fb82efd6-bd52-488e-be42-f4e2e619088b/file_downloaded
Dataset_02_g46dvrcvwn,Dry Leaf00123.JPG,original,Dry_Leaf,Dry Leaf,NOT_PROVIDED_PER_FILE (ZIP_VERIFIED),756ed95a15a035d3bc02c72ef93052638707f25a081c79f5a66f0570943450c8,ZIP_SHA256_VERIFIED,fe3c0bc3c3e1f1f3,224416,,SUCCESS,D:\curuma\turmeric_datasets\dataset_02\original\Turmeric Plant Disease\Dry Leaf\Dry Leaf00123.JPG,https://data.mendeley.com/public-files/datasets/g46dvrcvwn/files/fb82efd6-bd52-488e-be42-f4e2e619088b/file_downloaded
Dataset_02_g46dvrcvwn,Dry Leaf00124.JPG,original,Dry_Leaf,Dry Leaf,NOT_PROVIDED_PER_FILE (ZIP_VERIFIED),894ca13cdd331bedbaad4ab143ded25660c91d37c5438bbedd25909d5de0310a,ZIP_SHA256_VERIFIED,ff4f023078fcfcfe,204338,,SUCCESS,D:\curuma\turmeric_datasets\dataset_02\original\Turmeric Plant Disease\Dry Leaf\Dry Leaf00124.JPG,https://data.mendeley.com/public-files/datasets/g46dvrcvwn/files/fb82efd6-bd52-488e-be42-f4e2e619088b/file_downloaded
Dataset_02_g46dvrcvwn,Dry Leaf00125.JPG,original,Dry_Leaf,Dry Leaf,NOT_PROVIDED_PER_FILE (ZIP_VERIFIED),5c43bc40097e33f953dc60c8403fe6557edd058eb1d4e9ddef862ddcfffe68bf,ZIP_SHA256_VERIFIED,ffc18001030fffff,252109,,SUCCESS,D:\curuma\turmeric_datasets\dataset_02\original\Turmeric Plant Disease\Dry Leaf\Dry Leaf00125.JPG,https://data.mendeley.com/public-files/datasets/g46dvrcvwn/files/fb82efd6-bd52-488e-be42-f4e2e619088b/file_downloaded
Dataset_02_g46dvrcvwn,Dry Leaf00126.JPG,original,Dry_Leaf,Dry Leaf,NOT_PROVIDED_PER_FILE (ZIP_VERIFIED),1e257216d3238ee65694117a8abd669434f2845b17e04dd3c27a4ff048c37425,ZIP_SHA256_VERIFIED,9fc7f3f3f3e3e3e3,198003,,SUCCESS,D:\curuma\turmeric_datasets\dataset_02\original\Turmeric Plant Disease\Dry Leaf\Dry Leaf00126.JPG,https://data.mendeley.com/public-files/datasets/g46dvrcvwn/files/fb82efd6-bd52-488e-be42-f4e2e619088b/file_downloaded
Dataset_02_g46dvrcvwn,Dry Leaf00127.JPG,original,Dry_Leaf,Dry Leaf,NOT_PROVIDED_PER_FILE (ZIP_VERIFIED),77c1dec600f3879c5e20dddca3eb00d143e850d28198fa32e287c38bfc257373,ZIP_SHA256_VERIFIED,8fe7e7cfcfcfc1e0,185773,,SUCCESS,D:\curuma\turmeric_datasets\dataset_02\original\Turmeric Plant Disease\Dry Leaf\Dry Leaf00127.JPG,https://data.mendeley.com/public-files/datasets/g46dvrcvwn/files/fb82efd6-bd52-488e-be42-f4e2e619088b/file_downloaded
Dataset_02_g46dvrcvwn,Dry Leaf00128.JPG,original,Dry_Leaf,Dry Leaf,NOT_PROVIDED_PER_FILE (ZIP_VERIFIED),791b8a36ba3aa93a73459e24c32302b046c760f248f9dfffa80f22fe0f69fc69,ZIP_SHA256_VERIFIED,9fc7e7cfcfcfe0f0,170115,,SUCCESS,D:\curuma\turmeric_datasets\dataset_02\original\Turmeric Plant Disease\Dry Leaf\Dry Leaf00128.JPG,https://data.mendeley.com/public-files/datasets/g46dvrcvwn/files/fb82efd6-bd52-488e-be42-f4e2e619088b/file_downloaded
Dataset_02_g46dvrcvwn,Dry Leaf00129.JPG,original,Dry_Leaf,Dry Leaf,NOT_PROVIDED_PER_FILE (ZIP_VERIFIED),014848c567f10d0f43c791b47c0c37b5ca533db7d381b21c4be92d38a8f710de,ZIP_SHA256_VERIFIED,ff3f87f3f1f1f3e3,199319,,SUCCESS,D:\curuma\turmeric_datasets\dataset_02\original\Turmeric Plant Disease\Dry Leaf\Dry Leaf00129.JPG,https://data.mendeley.com/public-files/datasets/g46dvrcvwn/files/fb82efd6-bd52-488e-be42-f4e2e619088b/file_downloaded
Dataset_02_g46dvrcvwn,Dry Leaf00130.JPG,original,Dry_Leaf,Dry Leaf,NOT_PROVIDED_PER_FILE (ZIP_VERIFIED),b6baccce3e4f543c756ce5c666c2c5fe93efbf4f6f9550774301f0d55fa77461,ZIP_SHA256_VERIFIED,9f3f3f3f3f0f80f3,217258,,SUCCESS,D:\curuma\turmeric_datasets\dataset_02\original\Turmeric Plant Disease\Dry Leaf\Dry Leaf00130.JPG,https://data.mendeley.com/public-files/datasets/g46dvrcvwn/files/fb82efd6-bd52-488e-be42-f4e2e619088b/file_downloaded
Dataset_02_g46dvrcvwn,Dry Leaf00131.JPG,original,Dry_Leaf,Dry Leaf,NOT_PROVIDED_PER_FILE (ZIP_VERIFIED),5d4c316a9b661303adaa934b238fde8158ea2b540bddbac7a7aea465bf45b0d8,ZIP_SHA256_VERIFIED,ffffbf9fc7c0f0fc,173346,,SUCCESS,D:\curuma\turmeric_datasets\dataset_02\original\Turmeric Plant Disease\Dry Leaf\Dry Leaf00131.JPG,https://data.mendeley.com/public-files/datasets/g46dvrcvwn/files/fb82efd6-bd52-488e-be42-f4e2e619088b/file_downloaded
Dataset_02_g46dvrcvwn,Dry Leaf00132.JPG,original,Dry_Leaf,Dry Leaf,NOT_PROVIDED_PER_FILE (ZIP_VERIFIED),6ad1984ab2f5869d796580739ddc3fde3e5a24608a21d4b99e04304fa8f4d850,ZIP_SHA256_VERIFIED,ffff7f1f0000ffff,165733,,SUCCESS,D:\curuma\turmeric_datasets\dataset_02\original\Turmeric Plant Disease\Dry Leaf\Dry Leaf00132.JPG,https://data.mendeley.com/public-files/datasets/g46dvrcvwn/files/fb82efd6-bd52-488e-be42-f4e2e619088b/file_downloaded
Dataset_02_g46dvrcvwn,Dry Leaf00133.JPG,original,Dry_Leaf,Dry Leaf,NOT_PROVIDED_PER_FILE (ZIP_VERIFIED),4f45ab1a48b9e937a6a71905bb29ba22ab8d261b95b513140bcc7c8811b91be0,ZIP_SHA256_VERIFIED,bf3f1f9f8f8783c3,182758,,SUCCESS,D:\curuma\turmeric_datasets\dataset_02\original\Turmeric Plant Disease\Dry Leaf\Dry Leaf00133.JPG,https://data.mendeley.com/public-files/datasets/g46dvrcvwn/files/fb82efd6-bd52-488e-be42-f4e2e619088b/file_downloaded
Dataset_02_g46dvrcvwn,Dry Leaf00134.JPG,original,Dry_Leaf,Dry Leaf,NOT_PROVIDED_PER_FILE (ZIP_VERIFIED),95ef0297187290544356c06d4c0b01bb917c0d26a6a3b7c8ea77987d522046a5,ZIP_SHA256_VERIFIED,3f3f3f3f1f87e3ff,138410,,SUCCESS,D:\curuma\turmeric_datasets\dataset_02\original\Turmeric Plant Disease\Dry Leaf\Dry Leaf00134.JPG,https://data.mendeley.com/public-files/datasets/g46dvrcvwn/files/fb82efd6-bd52-488e-be42-f4e2e619088b/file_downloaded
Dataset_02_g46dvrcvwn,Dry Leaf00135.JPG,original,Dry_Leaf,Dry Leaf,NOT_PROVIDED_PER_FILE (ZIP_VERIFIED),a843de283cb5b39cd701bd0661abdbc5bccbab1e9b4d1798efd6bfd994d83cac,ZIP_SHA256_VERIFIED,ffffbf9f9f8fc1e0,167431,,SUCCESS,D:\curuma\turmeric_datasets\dataset_02\original\Turmeric Plant Disease\Dry Leaf\Dry Leaf00135.JPG,https://data.mendeley.com/public-files/datasets/g46dvrcvwn/files/fb82efd6-bd52-488e-be42-f4e2e619088b/file_downloaded
Dataset_02_g46dvrcvwn,Dry Leaf00136.JPG,original,Dry_Leaf,Dry Leaf,NOT_PROVIDED_PER_FILE (ZIP_VERIFIED),a883398f84117102ccab5d46d2113f627522b99a4147fde0bc503b104ab976f7,ZIP_SHA256_VERIFIED,ff7f3fbf8fc7e0f0,183675,,SUCCESS,D:\curuma\turmeric_datasets\dataset_02\original\Turmeric Plant Disease\Dry Leaf\Dry Leaf00136.JPG,https://data.mendeley.com/public-files/datasets/g46dvrcvwn/files/fb82efd6-bd52-488e-be42-f4e2e619088b/file_downloaded
Dataset_02_g46dvrcvwn,Dry Leaf00137.JPG,original,Dry_Leaf,Dry Leaf,NOT_PROVIDED_PER_FILE (ZIP_VERIFIED),64132a3541539acdf0ca24872dddfb83534525b5fbae0ee7819d0fe950db9390,ZIP_SHA256_VERIFIED,ffffdfdfcfc3c1c0,142358,,SUCCESS,D:\curuma\turmeric_datasets\dataset_02\original\Turmeric Plant Disease\Dry Leaf\Dry Leaf00137.JPG,https://data.mendeley.com/public-files/datasets/g46dvrcvwn/files/fb82efd6-bd52-488e-be42-f4e2e619088b/file_downloaded
Dataset_02_g46dvrcvwn,Dry Leaf00138.JPG,original,Dry_Leaf,Dry Leaf,NOT_PROVIDED_PER_FILE (ZIP_VERIFIED),48a137a521fcf8c5bf0f80670022143942508551f0f3047e9f590ff294fc2316,ZIP_SHA256_VERIFIED,ffffc00078feffff,182554,,SUCCESS,D:\curuma\turmeric_datasets\dataset_02\original\Turmeric Plant Disease\Dry Leaf\Dry Leaf00138.JPG,https://data.mendeley.com/public-files/datasets/g46dvrcvwn/files/fb82efd6-bd52-488e-be42-f4e2e619088b/file_downloaded
Dataset_02_g46dvrcvwn,Dry Leaf00139.JPG,original,Dry_Leaf,Dry Leaf,NOT_PROVIDED_PER_FILE (ZIP_VERIFIED),586945eaa6211201d7f654f360ebf0212b6dc7a62ce1176f0c28aaf0aa123341,ZIP_SHA256_VERIFIED,007f7f3f3f9f87c0,207925,,SUCCESS,D:\curuma\turmeric_datasets\dataset_02\original\Turmeric Plant Disease\Dry Leaf\Dry Leaf00139.JPG,https://data.mendeley.com/public-files/datasets/g46dvrcvwn/files/fb82efd6-bd52-488e-be42-f4e2e619088b/file_downloaded
Dataset_02_g46dvrcvwn,Dry Leaf00140.JPG,original,Dry_Leaf,Dry Leaf,NOT_PROVIDED_PER_FILE (ZIP_VERIFIED),9aec6dc5c705f5fc5882735d7ab6ca4e72464b6ebfc6ece3b78c3eb6a552b67e,ZIP_SHA256_VERIFIED,ff1f03c1e1f1f9fd,213187,,SUCCESS,D:\curuma\turmeric_datasets\dataset_02\original\Turmeric Plant Disease\Dry Leaf\Dry Leaf00140.JPG,https://data.mendeley.com/public-files/datasets/g46dvrcvwn/files/fb82efd6-bd52-488e-be42-f4e2e619088b/file_downloaded
Dataset_02_g46dvrcvwn,Dry Leaf00141.JPG,original,Dry_Leaf,Dry Leaf,NOT_PROVIDED_PER_FILE (ZIP_VERIFIED),0f284251c86ec07a2639cb5c47eac80a8ffb2932d0a4737da7f08cd75e5abcc3,ZIP_SHA256_VERIFIED,ffe3c090fcfcfeff,176594,,SUCCESS,D:\curuma\turmeric_datasets\dataset_02\original\Turmeric Plant Disease\Dry Leaf\Dry Leaf00141.JPG,https://data.mendeley.com/public-files/datasets/g46dvrcvwn/files/fb82efd6-bd52-488e-be42-f4e2e619088b/file_downloaded
Dataset_02_g46dvrcvwn,Dry Leaf00142.JPG,original,Dry_Leaf,Dry Leaf,NOT_PROVIDED_PER_FILE (ZIP_VERIFIED),a5247e0249fe3cf43ec67180e6f88035775c70c0edeec71efc8b355f14b21157,ZIP_SHA256_VERIFIED,ffcf0707c3e1f9ff,213217,,SUCCESS,D:\curuma\turmeric_datasets\dataset_02\original\Turmeric Plant Disease\Dry Leaf\Dry Leaf00142.JPG,https://data.mendeley.com/public-files/datasets/g46dvrcvwn/files/fb82efd6-bd52-488e-be42-f4e2e619088b/file_downloaded
Dataset_02_g46dvrcvwn,Dry Leaf00143.JPG,original,Dry_Leaf,Dry Leaf,NOT_PROVIDED_PER_FILE (ZIP_VERIFIED),264aaf55af985e2d563adbfe4338e6d7666deb78327e547e536cc5a3f2933d56,ZIP_SHA256_VERIFIED,ffff8381f1f9fdff,181446,,SUCCESS,D:\curuma\turmeric_datasets\dataset_02\original\Turmeric Plant Disease\Dry Leaf\Dry Leaf00143.JPG,https://data.mendeley.com/public-files/datasets/g46dvrcvwn/files/fb82efd6-bd52-488e-be42-f4e2e619088b/file_downloaded
Dataset_02_g46dvrcvwn,Dry Leaf00144.JPG,original,Dry_Leaf,Dry Leaf,NOT_PROVIDED_PER_FILE (ZIP_VERIFIED),6831033d949f3252e755038007505436d19c9047c61b15ab012cbac7a8182847,ZIP_SHA256_VERIFIED,7f0703c3c3e3f1f9,222521,,SUCCESS,D:\curuma\turmeric_datasets\dataset_02\original\Turmeric Plant Disease\Dry Leaf\Dry Leaf00144.JPG,https://data.mendeley.com/public-files/datasets/g46dvrcvwn/files/fb82efd6-bd52-488e-be42-f4e2e619088b/file_downloaded
Dataset_02_g46dvrcvwn,Dry Leaf00145.JPG,original,Dry_Leaf,Dry Leaf,NOT_PROVIDED_PER_FILE (ZIP_VERIFIED),17b07c19e0a269fd5d0d9ab343b632df760ee8698ece73129a27cbc68f72a1ab,ZIP_SHA256_VERIFIED,ffe7c3c3c7c7e3e1,183893,,SUCCESS,D:\curuma\turmeric_datasets\dataset_02\original\Turmeric Plant Disease\Dry Leaf\Dry Leaf00145.JPG,https://data.mendeley.com/public-files/datasets/g46dvrcvwn/files/fb82efd6-bd52-488e-be42-f4e2e619088b/file_downloaded
Dataset_02_g46dvrcvwn,Dry Leaf00146.JPG,original,Dry_Leaf,Dry Leaf,NOT_PROVIDED_PER_FILE (ZIP_VERIFIED),b854f374c9ddd4b3b8e59c133547a6b7367e59a23040ce57c8f1a592c753a0e1,ZIP_SHA256_VERIFIED,ffff87838fc7c1c0,170304,,SUCCESS,D:\curuma\turmeric_datasets\dataset_02\original\Turmeric Plant Disease\Dry Leaf\Dry Leaf00146.JPG,https://data.mendeley.com/public-files/datasets/g46dvrcvwn/files/fb82efd6-bd52-488e-be42-f4e2e619088b/file_downloaded
Dataset_02_g46dvrcvwn,Dry Leaf00147.JPG,original,Dry_Leaf,Dry Leaf,NOT_PROVIDED_PER_FILE (ZIP_VERIFIED),3f3ecc0f6256a0d98ab3777c1efaf54551e35743230373e8c12b9e597408a026,ZIP_SHA256_VERIFIED,ff3f7f3f1f0380c0,200023,,SUCCESS,D:\curuma\turmeric_datasets\dataset_02\original\Turmeric Plant Disease\Dry Leaf\Dry Leaf00147.JPG,https://data.mendeley.com/public-files/datasets/g46dvrcvwn/files/fb82efd6-bd52-488e-be42-f4e2e619088b/file_downloaded
Dataset_02_g46dvrcvwn,Dry Leaf00148.JPG,original,Dry_Leaf,Dry Leaf,NOT_PROVIDED_PER_FILE (ZIP_VERIFIED),0050548bb52901a3e124cb73b2757f62e37b3515ae2f5740dde545c5c27b570e,ZIP_SHA256_VERIFIED,7f3f3f3f1f01f0ff,162086,,SUCCESS,D:\curuma\turmeric_datasets\dataset_02\original\Turmeric Plant Disease\Dry Leaf\Dry Leaf00148.JPG,https://data.mendeley.com/public-files/datasets/g46dvrcvwn/files/fb82efd6-bd52-488e-be42-f4e2e619088b/file_downloaded
Dataset_02_g46dvrcvwn,Dry Leaf00149.JPG,original,Dry_Leaf,Dry Leaf,NOT_PROVIDED_PER_FILE (ZIP_VERIFIED),84af6acb90806bb01fab8aeb8d42f962298b8e63e748924df57b46bce65c820f,ZIP_SHA256_VERIFIED,203f1f1f9f87e1ff,200614,,SUCCESS,D:\curuma\turmeric_datasets\dataset_02\original\Turmeric Plant Disease\Dry Leaf\Dry Leaf00149.JPG,https://data.mendeley.com/public-files/datasets/g46dvrcvwn/files/fb82efd6-bd52-488e-be42-f4e2e619088b/file_downloaded
Dataset_02_g46dvrcvwn,Dry Leaf00150.JPG,original,Dry_Leaf,Dry Leaf,NOT_PROVIDED_PER_FILE (ZIP_VERIFIED),ee45426f1f9d8bbdb690c0f13a4894ce1a4a59d2a7b908837c63c94fbc7a8501,ZIP_SHA256_VERIFIED,9f1f0f1f8fc7c0f0,203878,,SUCCESS,D:\curuma\turmeric_datasets\dataset_02\original\Turmeric Plant Disease\Dry Leaf\Dry Leaf00150.JPG,https://data.mendeley.com/public-files/datasets/g46dvrcvwn/files/fb82efd6-bd52-488e-be42-f4e2e619088b/file_downloaded
Dataset_02_g46dvrcvwn,Dry Leaf00151.JPG,original,Dry_Leaf,Dry Leaf,NOT_PROVIDED_PER_FILE (ZIP_VERIFIED),80e288cfa9b1e552ef36b3f6679bba32cca8577cbf438628de4dad73feeb8507,ZIP_SHA256_VERIFIED,3f3f3f1f0f87e3f8,186226,,SUCCESS,D:\curuma\turmeric_datasets\dataset_02\original\Turmeric Plant Disease\Dry Leaf\Dry Leaf00151.JPG,https://data.mendeley.com/public-files/datasets/g46dvrcvwn/files/fb82efd6-bd52-488e-be42-f4e2e619088b/file_downloaded
Dataset_02_g46dvrcvwn,Dry Leaf00152.JPG,original,Dry_Leaf,Dry Leaf,NOT_PROVIDED_PER_FILE (ZIP_VERIFIED),ed802ad7165fb46efc27b39dcacc4a779cd3254f1ee3af4996574a516c06504c,ZIP_SHA256_VERIFIED,3f1f1f1f8f87c0f8,192662,,SUCCESS,D:\curuma\turmeric_datasets\dataset_02\original\Turmeric Plant Disease\Dry Leaf\Dry Leaf00152.JPG,https://data.mendeley.com/public-files/datasets/g46dvrcvwn/files/fb82efd6-bd52-488e-be42-f4e2e619088b/file_downloaded
Dataset_02_g46dvrcvwn,Dry Leaf00153.JPG,original,Dry_Leaf,Dry Leaf,NOT_PROVIDED_PER_FILE (ZIP_VERIFIED),0d20fc9edf679df4b5be89add0fac673d46cc1217eac81933aa7e1752207ac69,ZIP_SHA256_VERIFIED,3f1f8fe7f3f3f3f3,174414,,SUCCESS,D:\curuma\turmeric_datasets\dataset_02\original\Turmeric Plant Disease\Dry Leaf\Dry Leaf00153.JPG,https://data.mendeley.com/public-files/datasets/g46dvrcvwn/files/fb82efd6-bd52-488e-be42-f4e2e619088b/file_downloaded
Dataset_02_g46dvrcvwn,Dry Leaf00154.JPG,original,Dry_Leaf,Dry Leaf,NOT_PROVIDED_PER_FILE (ZIP_VERIFIED),d1d30742ac15213491082fc141f61fed6bb2e0c3c549885ee75ac715a385e9c8,ZIP_SHA256_VERIFIED,ffc38190bcbeffff,198531,,SUCCESS,D:\curuma\turmeric_datasets\dataset_02\original\Turmeric Plant Disease\Dry Leaf\Dry Leaf00154.JPG,https://data.mendeley.com/public-files/datasets/g46dvrcvwn/files/fb82efd6-bd52-488e-be42-f4e2e619088b/file_downloaded
Dataset_02_g46dvrcvwn,Dry Leaf00155.JPG,original,Dry_Leaf,Dry Leaf,NOT_PROVIDED_PER_FILE (ZIP_VERIFIED),2a22542abdea0043741949715d5cb83eeb7aaf2e845c076b39b6f37560f1e71f,ZIP_SHA256_VERIFIED,e0c0e0e6cfcfdfdf,178202,,SUCCESS,D:\curuma\turmeric_datasets\dataset_02\original\Turmeric Plant Disease\Dry Leaf\Dry Leaf00155.JPG,https://data.mendeley.com/public-files/datasets/g46dvrcvwn/files/fb82efd6-bd52-488e-be42-f4e2e619088b/file_downloaded
Dataset_02_g46dvrcvwn,Dry Leaf00156.JPG,original,Dry_Leaf,Dry Leaf,NOT_PROVIDED_PER_FILE (ZIP_VERIFIED),19eceeb2f9aa5c569f103bc66d39a91cea395d98e335614db99f7762eeac6235,ZIP_SHA256_VERIFIED,ffcf0100307c7fff,204194,,SUCCESS,D:\curuma\turmeric_datasets\dataset_02\original\Turmeric Plant Disease\Dry Leaf\Dry Leaf00156.JPG,https://data.mendeley.com/public-files/datasets/g46dvrcvwn/files/fb82efd6-bd52-488e-be42-f4e2e619088b/file_downloaded
Dataset_02_g46dvrcvwn,Dry Leaf00157.JPG,original,Dry_Leaf,Dry Leaf,NOT_PROVIDED_PER_FILE (ZIP_VERIFIED),1f0a416a7994aae28380969cf68a4fbe6ff7bac6385b71345df7c660cbb6ce95,ZIP_SHA256_VERIFIED,ff3f0f07c3f1f8fc,183334,,SUCCESS,D:\curuma\turmeric_datasets\dataset_02\original\Turmeric Plant Disease\Dry Leaf\Dry Leaf00157.JPG,https://data.mendeley.com/public-files/datasets/g46dvrcvwn/files/fb82efd6-bd52-488e-be42-f4e2e619088b/file_downloaded
Dataset_02_g46dvrcvwn,Dry Leaf00158.JPG,original,Dry_Leaf,Dry Leaf,NOT_PROVIDED_PER_FILE (ZIP_VERIFIED),07e7b8bd735fc315330706c282368918211f1667629ef50da2f7ec2ee1d3f167,ZIP_SHA256_VERIFIED,0f07c7e3f1f9fcfc,175465,,SUCCESS,D:\curuma\turmeric_datasets\dataset_02\original\Turmeric Plant Disease\Dry Leaf\Dry Leaf00158.JPG,https://data.mendeley.com/public-files/datasets/g46dvrcvwn/files/fb82efd6-bd52-488e-be42-f4e2e619088b/file_downloaded
Dataset_02_g46dvrcvwn,Dry Leaf00159.JPG,original,Dry_Leaf,Dry Leaf,NOT_PROVIDED_PER_FILE (ZIP_VERIFIED),06235f8874e4c2b39153a2b0922d04d7911495e5b28fe91c25c2d0a4e2b012f1,ZIP_SHA256_VERIFIED,0f07c3e1f1fcfcfe,188927,,SUCCESS,D:\curuma\turmeric_datasets\dataset_02\original\Turmeric Plant Disease\Dry Leaf\Dry Leaf00159.JPG,https://data.mendeley.com/public-files/datasets/g46dvrcvwn/files/fb82efd6-bd52-488e-be42-f4e2e619088b/file_downloaded
Dataset_02_g46dvrcvwn,Dry Leaf00160.JPG,original,Dry_Leaf,Dry Leaf,NOT_PROVIDED_PER_FILE (ZIP_VERIFIED),0bb309fe86de16825a78cc235a76ed3c7146fbe293e4d8e8d658b452bfc2530e,ZIP_SHA256_VERIFIED,0703f1f8fcfefeff,192881,,SUCCESS,D:\curuma\turmeric_datasets\dataset_02\original\Turmeric Plant Disease\Dry Leaf\Dry Leaf00160.JPG,https://data.mendeley.com/public-files/datasets/g46dvrcvwn/files/fb82efd6-bd52-488e-be42-f4e2e619088b/file_downloaded
Dataset_02_g46dvrcvwn,Dry Leaf00161.JPG,original,Dry_Leaf,Dry Leaf,NOT_PROVIDED_PER_FILE (ZIP_VERIFIED),4048dc99c6faee2a9bbd70e85f88f5ebc816fd46bc66342f833407f91b57bb83,ZIP_SHA256_VERIFIED,0300103e7e7fffff,214472,,SUCCESS,D:\curuma\turmeric_datasets\dataset_02\original\Turmeric Plant Disease\Dry Leaf\Dry Leaf00161.JPG,https://data.mendeley.com/public-files/datasets/g46dvrcvwn/files/fb82efd6-bd52-488e-be42-f4e2e619088b/file_downloaded
Dataset_02_g46dvrcvwn,Dry Leaf00162.JPG,original,Dry_Leaf,Dry Leaf,NOT_PROVIDED_PER_FILE (ZIP_VERIFIED),80eeec0fdc4e2c8bec8dfc12fed7743733c9eb0550356d28491cf236cb212281,ZIP_SHA256_VERIFIED,c1c0c0ccdedfffff,185780,,SUCCESS,D:\curuma\turmeric_datasets\dataset_02\original\Turmeric Plant Disease\Dry Leaf\Dry Leaf00162.JPG,https://data.mendeley.com/public-files/datasets/g46dvrcvwn/files/fb82efd6-bd52-488e-be42-f4e2e619088b/file_downloaded
Dataset_02_g46dvrcvwn,Dry Leaf00163.JPG,original,Dry_Leaf,Dry Leaf,NOT_PROVIDED_PER_FILE (ZIP_VERIFIED),bc95b841200b2cf0f8df9a5ea8395f11d9efaeb24c4933eb3f93356c94fffc8a,ZIP_SHA256_VERIFIED,ff87033178fcfefe,205987,,SUCCESS,D:\curuma\turmeric_datasets\dataset_02\original\Turmeric Plant Disease\Dry Leaf\Dry Leaf00163.JPG,https://data.mendeley.com/public-files/datasets/g46dvrcvwn/files/fb82efd6-bd52-488e-be42-f4e2e619088b/file_downloaded
Dataset_02_g46dvrcvwn,Dry Leaf00164.JPG,original,Dry_Leaf,Dry Leaf,NOT_PROVIDED_PER_FILE (ZIP_VERIFIED),617e93287d5aaa75a8ddd54d163951db5159cb4deb6d25be34db0c040d036829,ZIP_SHA256_VERIFIED,f7c383193d7c7fff,200632,,SUCCESS,D:\curuma\turmeric_datasets\dataset_02\original\Turmeric Plant Disease\Dry Leaf\Dry Leaf00164.JPG,https://data.mendeley.com/public-files/datasets/g46dvrcvwn/files/fb82efd6-bd52-488e-be42-f4e2e619088b/file_downloaded
Dataset_02_g46dvrcvwn,Dry Leaf00165.JPG,original,Dry_Leaf,Dry Leaf,NOT_PROVIDED_PER_FILE (ZIP_VERIFIED),355e88d8da1c4244ea8384aa77db19078afedd808e07593e078aa7f018a4c563,ZIP_SHA256_VERIFIED,f3e1c09c9e3f3f3f,192942,,SUCCESS,D:\curuma\turmeric_datasets\dataset_02\original\Turmeric Plant Disease\Dry Leaf\Dry Leaf00165.JPG,https://data.mendeley.com/public-files/datasets/g46dvrcvwn/files/fb82efd6-bd52-488e-be42-f4e2e619088b/file_downloaded
Dataset_02_g46dvrcvwn,Dry Leaf00166.JPG,original,Dry_Leaf,Dry Leaf,NOT_PROVIDED_PER_FILE (ZIP_VERIFIED),341e4a4b2a7b5c4078cf6a0572b646c20b9ff7c3f84cebb8f4ac7c43a462eff0,ZIP_SHA256_VERIFIED,ffff9fcfe0e0f8ff,175442,,SUCCESS,D:\curuma\turmeric_datasets\dataset_02\original\Turmeric Plant Disease\Dry Leaf\Dry Leaf00166.JPG,https://data.mendeley.com/public-files/datasets/g46dvrcvwn/files/fb82efd6-bd52-488e-be42-f4e2e619088b/file_downloaded
Dataset_02_g46dvrcvwn,Dry Leaf00167.JPG,original,Dry_Leaf,Dry Leaf,NOT_PROVIDED_PER_FILE (ZIP_VERIFIED),28af276d22f48e23f43300c682d26c8b396b5b463b4e3b35d656268708a1541f,ZIP_SHA256_VERIFIED,ffbf9f9fcfc3e1f0,184146,,SUCCESS,D:\curuma\turmeric_datasets\dataset_02\original\Turmeric Plant Disease\Dry Leaf\Dry Leaf00167.JPG,https://data.mendeley.com/public-files/datasets/g46dvrcvwn/files/fb82efd6-bd52-488e-be42-f4e2e619088b/file_downloaded
Dataset_02_g46dvrcvwn,Dry Leaf00168.JPG,original,Dry_Leaf,Dry Leaf,NOT_PROVIDED_PER_FILE (ZIP_VERIFIED),c3fab8ac78455d80054578fd5e343e26be49ee6999b1984aa2a622ae875a45d4,ZIP_SHA256_VERIFIED,3f1f8fcfe7f3f3fd,181545,,SUCCESS,D:\curuma\turmeric_datasets\dataset_02\original\Turmeric Plant Disease\Dry Leaf\Dry Leaf00168.JPG,https://data.mendeley.com/public-files/datasets/g46dvrcvwn/files/fb82efd6-bd52-488e-be42-f4e2e619088b/file_downloaded
Dataset_02_g46dvrcvwn,Dry Leaf00169.JPG,original,Dry_Leaf,Dry Leaf,NOT_PROVIDED_PER_FILE (ZIP_VERIFIED),63ac2c08c304e908651f01338e6c7b3a143cd38d89622c5aa80d7df73266a5c4,ZIP_SHA256_VERIFIED,3fbf87c3f1fcfefe,193458,,SUCCESS,D:\curuma\turmeric_datasets\dataset_02\original\Turmeric Plant Disease\Dry Leaf\Dry Leaf00169.JPG,https://data.mendeley.com/public-files/datasets/g46dvrcvwn/files/fb82efd6-bd52-488e-be42-f4e2e619088b/file_downloaded
Dataset_02_g46dvrcvwn,Dry Leaf00170.JPG,original,Dry_Leaf,Dry Leaf,NOT_PROVIDED_PER_FILE (ZIP_VERIFIED),6e4bc65e0a3086f41cdea2b99b2e1618d36cced1aa4e4e522c1bb35007dca33b,ZIP_SHA256_VERIFIED,9f9f87c1e1f8fcfe,216980,,SUCCESS,D:\curuma\turmeric_datasets\dataset_02\original\Turmeric Plant Disease\Dry Leaf\Dry Leaf00170.JPG,https://data.mendeley.com/public-files/datasets/g46dvrcvwn/files/fb82efd6-bd52-488e-be42-f4e2e619088b/file_downloaded
Dataset_02_g46dvrcvwn,Dry Leaf00171.JPG,original,Dry_Leaf,Dry Leaf,NOT_PROVIDED_PER_FILE (ZIP_VERIFIED),3b342f1eaa0de9cf2d075678c1d155de116fca2b8d7b4eaad5feb39a57cd691d,ZIP_SHA256_VERIFIED,ff1f0f03c1f1f8fc,244737,,SUCCESS,D:\curuma\turmeric_datasets\dataset_02\original\Turmeric Plant Disease\Dry Leaf\Dry Leaf00171.JPG,https://data.mendeley.com/public-files/datasets/g46dvrcvwn/files/fb82efd6-bd52-488e-be42-f4e2e619088b/file_downloaded
Dataset_02_g46dvrcvwn,Dry Leaf00172.JPG,original,Dry_Leaf,Dry Leaf,NOT_PROVIDED_PER_FILE (ZIP_VERIFIED),a0f65781a3f572a5a8749d02b971c9266219483f833c7864dfd8aee6a2c3ef19,ZIP_SHA256_VERIFIED,7f1f0f87e3f1f8fc,222428,,SUCCESS,D:\curuma\turmeric_datasets\dataset_02\original\Turmeric Plant Disease\Dry Leaf\Dry Leaf00172.JPG,https://data.mendeley.com/public-files/datasets/g46dvrcvwn/files/fb82efd6-bd52-488e-be42-f4e2e619088b/file_downloaded
Dataset_02_g46dvrcvwn,Dry Leaf00173.JPG,original,Dry_Leaf,Dry Leaf,NOT_PROVIDED_PER_FILE (ZIP_VERIFIED),dc952c0fca49668a17dd55d19e19e9369bc2d9be8a5447032d9e4626229047a1,ZIP_SHA256_VERIFIED,9fbfbf9f8fc7e0e0,172399,,SUCCESS,D:\curuma\turmeric_datasets\dataset_02\original\Turmeric Plant Disease\Dry Leaf\Dry Leaf00173.JPG,https://data.mendeley.com/public-files/datasets/g46dvrcvwn/files/fb82efd6-bd52-488e-be42-f4e2e619088b/file_downloaded
Dataset_02_g46dvrcvwn,Dry Leaf00174.JPG,original,Dry_Leaf,Dry Leaf,NOT_PROVIDED_PER_FILE (ZIP_VERIFIED),527229273a6264f6607d88526f515730fc28204be7f433337b3f41d6694c3029,ZIP_SHA256_VERIFIED,dfdfdb9b9d9d8d84,120327,,SUCCESS,D:\curuma\turmeric_datasets\dataset_02\original\Turmeric Plant Disease\Dry Leaf\Dry Leaf00174.JPG,https://data.mendeley.com/public-files/datasets/g46dvrcvwn/files/fb82efd6-bd52-488e-be42-f4e2e619088b/file_downloaded
Dataset_02_g46dvrcvwn,Dry Leaf00175.JPG,original,Dry_Leaf,Dry Leaf,NOT_PROVIDED_PER_FILE (ZIP_VERIFIED),b0d18bb9a7031ac0f32a7a05b458e6a7905e4269371e2249f6f44c1ed5361649,ZIP_SHA256_VERIFIED,3f3fbfbf8f8783c0,166803,,SUCCESS,D:\curuma\turmeric_datasets\dataset_02\original\Turmeric Plant Disease\Dry Leaf\Dry Leaf00175.JPG,https://data.mendeley.com/public-files/datasets/g46dvrcvwn/files/fb82efd6-bd52-488e-be42-f4e2e619088b/file_downloaded
Dataset_02_g46dvrcvwn,Dry Leaf00176.JPG,original,Dry_Leaf,Dry Leaf,NOT_PROVIDED_PER_FILE (ZIP_VERIFIED),e2798921e1d022ec827d83afeaa8b32bf3a19d63efd6b1748ab33eb8fb11054b,ZIP_SHA256_VERIFIED,ffe080803f7fffff,190306,,SUCCESS,D:\curuma\turmeric_datasets\dataset_02\original\Turmeric Plant Disease\Dry Leaf\Dry Leaf00176.JPG,https://data.mendeley.com/public-files/datasets/g46dvrcvwn/files/fb82efd6-bd52-488e-be42-f4e2e619088b/file_downloaded
Dataset_02_g46dvrcvwn,Dry Leaf00177.JPG,original,Dry_Leaf,Dry Leaf,NOT_PROVIDED_PER_FILE (ZIP_VERIFIED),4ed045f4c2ba0d71793baa225ce8ad12ef80e540a0890f9be0ca911fcce3ba47,ZIP_SHA256_VERIFIED,ffc300007cfeffff,181416,,SUCCESS,D:\curuma\turmeric_datasets\dataset_02\original\Turmeric Plant Disease\Dry Leaf\Dry Leaf00177.JPG,https://data.mendeley.com/public-files/datasets/g46dvrcvwn/files/fb82efd6-bd52-488e-be42-f4e2e619088b/file_downloaded
Dataset_02_g46dvrcvwn,Dry Leaf00178.JPG,original,Dry_Leaf,Dry Leaf,NOT_PROVIDED_PER_FILE (ZIP_VERIFIED),ee8961ef7f97d5ed69143791904ece22a4690a798fbe65a266a0bbdd3c6d137b,ZIP_SHA256_VERIFIED,fdc0801c7fffffff,184167,,SUCCESS,D:\curuma\turmeric_datasets\dataset_02\original\Turmeric Plant Disease\Dry Leaf\Dry Leaf00178.JPG,https://data.mendeley.com/public-files/datasets/g46dvrcvwn/files/fb82efd6-bd52-488e-be42-f4e2e619088b/file_downloaded
Dataset_02_g46dvrcvwn,Dry Leaf00179.JPG,original,Dry_Leaf,Dry Leaf,NOT_PROVIDED_PER_FILE (ZIP_VERIFIED),200dca98c8c3f3b9d0a8e0c4afbe44b6adeaa8bdbf03385c2c9485f8b0999b0e,ZIP_SHA256_VERIFIED,ffff8f0301f8fcfc,178178,,SUCCESS,D:\curuma\turmeric_datasets\dataset_02\original\Turmeric Plant Disease\Dry Leaf\Dry Leaf00179.JPG,https://data.mendeley.com/public-files/datasets/g46dvrcvwn/files/fb82efd6-bd52-488e-be42-f4e2e619088b/file_downloaded
Dataset_02_g46dvrcvwn,Dry Leaf00180.JPG,original,Dry_Leaf,Dry Leaf,NOT_PROVIDED_PER_FILE (ZIP_VERIFIED),3d03ff4e37190718bc45df8b830dc2c3184514a7a5870d224537c8c2119f6039,ZIP_SHA256_VERIFIED,c30034fefeffff1f,194914,,SUCCESS,D:\curuma\turmeric_datasets\dataset_02\original\Turmeric Plant Disease\Dry Leaf\Dry Leaf00180.JPG,https://data.mendeley.com/public-files/datasets/g46dvrcvwn/files/fb82efd6-bd52-488e-be42-f4e2e619088b/file_downloaded
Dataset_02_g46dvrcvwn,Dry Leaf00181.JPG,original,Dry_Leaf,Dry Leaf,NOT_PROVIDED_PER_FILE (ZIP_VERIFIED),4972914e507bd3517d7e4e8b435932324dc931e1e7a4a09d9df5368eeb5ef181,ZIP_SHA256_VERIFIED,ff1f0fc2e0fdffff,175848,,SUCCESS,D:\curuma\turmeric_datasets\dataset_02\original\Turmeric Plant Disease\Dry Leaf\Dry Leaf00181.JPG,https://data.mendeley.com/public-files/datasets/g46dvrcvwn/files/fb82efd6-bd52-488e-be42-f4e2e619088b/file_downloaded
Dataset_02_g46dvrcvwn,Dry Leaf00182.JPG,original,Dry_Leaf,Dry Leaf,NOT_PROVIDED_PER_FILE (ZIP_VERIFIED),e6877272264a68cf3e223bc004ffbf9c9aa74069942e6931ea937d70481f8e5e,ZIP_SHA256_VERIFIED,8fc3e1f8fcffffff,184780,,SUCCESS,D:\curuma\turmeric_datasets\dataset_02\original\Turmeric Plant Disease\Dry Leaf\Dry Leaf00182.JPG,https://data.mendeley.com/public-files/datasets/g46dvrcvwn/files/fb82efd6-bd52-488e-be42-f4e2e619088b/file_downloaded
Dataset_02_g46dvrcvwn,Dry Leaf00183.JPG,original,Dry_Leaf,Dry Leaf,NOT_PROVIDED_PER_FILE (ZIP_VERIFIED),6c977e13b65a6bd5c7bedbf38061458669ae4c4c1095f287f17fa0c76c892336,ZIP_SHA256_VERIFIED,ffffff8f03e1f0fc,174999,,SUCCESS,D:\curuma\turmeric_datasets\dataset_02\original\Turmeric Plant Disease\Dry Leaf\Dry Leaf00183.JPG,https://data.mendeley.com/public-files/datasets/g46dvrcvwn/files/fb82efd6-bd52-488e-be42-f4e2e619088b/file_downloaded
Dataset_02_g46dvrcvwn,Dry Leaf00184.JPG,original,Dry_Leaf,Dry Leaf,NOT_PROVIDED_PER_FILE (ZIP_VERIFIED),9755ede690d36dc503dd96adfca078b7385a883499cef00aa7ab4b1959665480,ZIP_SHA256_VERIFIED,ffcfe7e7e7e3e3e3,157133,,SUCCESS,D:\curuma\turmeric_datasets\dataset_02\original\Turmeric Plant Disease\Dry Leaf\Dry Leaf00184.JPG,https://data.mendeley.com/public-files/datasets/g46dvrcvwn/files/fb82efd6-bd52-488e-be42-f4e2e619088b/file_downloaded
Dataset_02_g46dvrcvwn,Dry Leaf00185.JPG,original,Dry_Leaf,Dry Leaf,NOT_PROVIDED_PER_FILE (ZIP_VERIFIED),736f87cf842ab33a350630df04526d5c70de41ffa82a63dd62deb5fa7dbab094,ZIP_SHA256_VERIFIED,efe7e7e7e3e3e3e3,176198,,SUCCESS,D:\curuma\turmeric_datasets\dataset_02\original\Turmeric Plant Disease\Dry Leaf\Dry Leaf00185.JPG,https://data.mendeley.com/public-files/datasets/g46dvrcvwn/files/fb82efd6-bd52-488e-be42-f4e2e619088b/file_downloaded
Dataset_02_g46dvrcvwn,Dry Leaf00186.JPG,original,Dry_Leaf,Dry Leaf,NOT_PROVIDED_PER_FILE (ZIP_VERIFIED),f7ff3986460c1694283f9f5df110eb4d17743cc6c3da6aa4cd1a791dd9817260,ZIP_SHA256_VERIFIED,8f87c7c7e3e3e1e1,247377,,SUCCESS,D:\curuma\turmeric_datasets\dataset_02\original\Turmeric Plant Disease\Dry Leaf\Dry Leaf00186.JPG,https://data.mendeley.com/public-files/datasets/g46dvrcvwn/files/fb82efd6-bd52-488e-be42-f4e2e619088b/file_downloaded
Dataset_02_g46dvrcvwn,Dry Leaf00187.JPG,original,Dry_Leaf,Dry Leaf,NOT_PROVIDED_PER_FILE (ZIP_VERIFIED),20eca7f46627dd94289e0584532916ae8529b77572d610ddd9635393d45f65fe,ZIP_SHA256_VERIFIED,9fcfe7f3f3f1f8f8,202711,,SUCCESS,D:\curuma\turmeric_datasets\dataset_02\original\Turmeric Plant Disease\Dry Leaf\Dry Leaf00187.JPG,https://data.mendeley.com/public-files/datasets/g46dvrcvwn/files/fb82efd6-bd52-488e-be42-f4e2e619088b/file_downloaded
Dataset_02_g46dvrcvwn,Dry Leaf00188.JPG,original,Dry_Leaf,Dry Leaf,NOT_PROVIDED_PER_FILE (ZIP_VERIFIED),28b089871f61b6f9e71396bce5a2fe209f9cccdb877eb2bc1786a054fce31dc7,ZIP_SHA256_VERIFIED,8787c7e3e3e3f3f7,214424,,SUCCESS,D:\curuma\turmeric_datasets\dataset_02\original\Turmeric Plant Disease\Dry Leaf\Dry Leaf00188.JPG,https://data.mendeley.com/public-files/datasets/g46dvrcvwn/files/fb82efd6-bd52-488e-be42-f4e2e619088b/file_downloaded
Dataset_02_g46dvrcvwn,Dry Leaf00189.JPG,original,Dry_Leaf,Dry Leaf,NOT_PROVIDED_PER_FILE (ZIP_VERIFIED),e9931494175e3e5645f934f7f99fdc81a783ad520fb0078cef333cb05cb65fce,ZIP_SHA256_VERIFIED,ffffe080010f7fff,219280,,SUCCESS,D:\curuma\turmeric_datasets\dataset_02\original\Turmeric Plant Disease\Dry Leaf\Dry Leaf00189.JPG,https://data.mendeley.com/public-files/datasets/g46dvrcvwn/files/fb82efd6-bd52-488e-be42-f4e2e619088b/file_downloaded
Dataset_02_g46dvrcvwn,Dry Leaf00190.JPG,original,Dry_Leaf,Dry Leaf,NOT_PROVIDED_PER_FILE (ZIP_VERIFIED),3cb44b55f95ccb3c8f10725bc24cf482160f1a0e21cae34b44b924cfd805d611,ZIP_SHA256_VERIFIED,fcf8f0e3c7cf9f3f,197435,,SUCCESS,D:\curuma\turmeric_datasets\dataset_02\original\Turmeric Plant Disease\Dry Leaf\Dry Leaf00190.JPG,https://data.mendeley.com/public-files/datasets/g46dvrcvwn/files/fb82efd6-bd52-488e-be42-f4e2e619088b/file_downloaded
Dataset_02_g46dvrcvwn,Dry Leaf00191.JPG,original,Dry_Leaf,Dry Leaf,NOT_PROVIDED_PER_FILE (ZIP_VERIFIED),e51d5c19a2fb4d9cb17312e4693ecef015f1359a074eaefa77c748cbefef5406,ZIP_SHA256_VERIFIED,ffcfcfcfc7c7e3e0,185708,,SUCCESS,D:\curuma\turmeric_datasets\dataset_02\original\Turmeric Plant Disease\Dry Leaf\Dry Leaf00191.JPG,https://data.mendeley.com/public-files/datasets/g46dvrcvwn/files/fb82efd6-bd52-488e-be42-f4e2e619088b/file_downloaded
Dataset_02_g46dvrcvwn,Dry Leaf00192.JPG,original,Dry_Leaf,Dry Leaf,NOT_PROVIDED_PER_FILE (ZIP_VERIFIED),4b568872b10d203c99bed176c1fd2830a510a65fcd2dca48d7e5a88a1ff77cdd,ZIP_SHA256_VERIFIED,ff9f9f8fcfc7c3e0,178053,,SUCCESS,D:\curuma\turmeric_datasets\dataset_02\original\Turmeric Plant Disease\Dry Leaf\Dry Leaf00192.JPG,https://data.mendeley.com/public-files/datasets/g46dvrcvwn/files/fb82efd6-bd52-488e-be42-f4e2e619088b/file_downloaded
Dataset_02_g46dvrcvwn,Dry Leaf00193.JPG,original,Dry_Leaf,Dry Leaf,NOT_PROVIDED_PER_FILE (ZIP_VERIFIED),57053002beb42934175b9e9b52974ac956c1ea94e434a8a5bd41f6822e4c3d43,ZIP_SHA256_VERIFIED,ff7f3f1f87c3e0f0,217056,,SUCCESS,D:\curuma\turmeric_datasets\dataset_02\original\Turmeric Plant Disease\Dry Leaf\Dry Leaf00193.JPG,https://data.mendeley.com/public-files/datasets/g46dvrcvwn/files/fb82efd6-bd52-488e-be42-f4e2e619088b/file_downloaded
Dataset_02_g46dvrcvwn,Dry Leaf00194.JPG,original,Dry_Leaf,Dry Leaf,NOT_PROVIDED_PER_FILE (ZIP_VERIFIED),4b73f03ae126e40bc0285cd41223afc5a8e9981ff7988f088fbcc66f56399ec7,ZIP_SHA256_VERIFIED,ffff7f1f0f01c0f8,201476,,SUCCESS,D:\curuma\turmeric_datasets\dataset_02\original\Turmeric Plant Disease\Dry Leaf\Dry Leaf00194.JPG,https://data.mendeley.com/public-files/datasets/g46dvrcvwn/files/fb82efd6-bd52-488e-be42-f4e2e619088b/file_downloaded
Dataset_02_g46dvrcvwn,Dry Leaf00195.JPG,original,Dry_Leaf,Dry Leaf,NOT_PROVIDED_PER_FILE (ZIP_VERIFIED),b035b06e577aa0892dca0a16c8c8eafa2584ba03a61f85aed671c745f1ee44cb,ZIP_SHA256_VERIFIED,dfcfc7c3e1e1e1e1,214607,,SUCCESS,D:\curuma\turmeric_datasets\dataset_02\original\Turmeric Plant Disease\Dry Leaf\Dry Leaf00195.JPG,https://data.mendeley.com/public-files/datasets/g46dvrcvwn/files/fb82efd6-bd52-488e-be42-f4e2e619088b/file_downloaded
Dataset_02_g46dvrcvwn,Dry Leaf00196.JPG,original,Dry_Leaf,Dry Leaf,NOT_PROVIDED_PER_FILE (ZIP_VERIFIED),5331e1d5d1d6c1ec1a4dec26c26fdc7f5045fa965b37adb6b0703d2e8b63b74f,ZIP_SHA256_VERIFIED,ff7fbfcfcfe3e1f0,174790,,SUCCESS,D:\curuma\turmeric_datasets\dataset_02\original\Turmeric Plant Disease\Dry Leaf\Dry Leaf00196.JPG,https://data.mendeley.com/public-files/datasets/g46dvrcvwn/files/fb82efd6-bd52-488e-be42-f4e2e619088b/file_downloaded
Dataset_02_g46dvrcvwn,Dry Leaf00197.JPG,original,Dry_Leaf,Dry Leaf,NOT_PROVIDED_PER_FILE (ZIP_VERIFIED),d827a36527281e0cea1ad0aa22c4ada060488d6cf00c81d345df54b3f1b4accf,ZIP_SHA256_VERIFIED,7f7f7f1f010080fb,233089,,SUCCESS,D:\curuma\turmeric_datasets\dataset_02\original\Turmeric Plant Disease\Dry Leaf\Dry Leaf00197.JPG,https://data.mendeley.com/public-files/datasets/g46dvrcvwn/files/fb82efd6-bd52-488e-be42-f4e2e619088b/file_downloaded
Dataset_02_g46dvrcvwn,Dry Leaf00198.JPG,original,Dry_Leaf,Dry Leaf,NOT_PROVIDED_PER_FILE (ZIP_VERIFIED),27b88603f85195ed4922514c57494884f2d5a8d01fb32a939703f111a1dfd893,ZIP_SHA256_VERIFIED,3f0f8fc7f3f9fdfd,183623,,SUCCESS,D:\curuma\turmeric_datasets\dataset_02\original\Turmeric Plant Disease\Dry Leaf\Dry Leaf00198.JPG,https://data.mendeley.com/public-files/datasets/g46dvrcvwn/files/fb82efd6-bd52-488e-be42-f4e2e619088b/file_downloaded
Dataset_02_g46dvrcvwn,Dry Leaf00199.JPG,original,Dry_Leaf,Dry Leaf,NOT_PROVIDED_PER_FILE (ZIP_VERIFIED),aef10c5c43620214404ea6245d7e4bfebf897a50be277e6c91aebb3ce5028ce6,ZIP_SHA256_VERIFIED,7f1f07c3f1fcfeff,188399,,SUCCESS,D:\curuma\turmeric_datasets\dataset_02\original\Turmeric Plant Disease\Dry Leaf\Dry Leaf00199.JPG,https://data.mendeley.com/public-files/datasets/g46dvrcvwn/files/fb82efd6-bd52-488e-be42-f4e2e619088b/file_downloaded
Dataset_02_g46dvrcvwn,Dry Leaf00200.JPG,original,Dry_Leaf,Dry Leaf,NOT_PROVIDED_PER_FILE (ZIP_VERIFIED),8b737ccd467fa4200974e2f02c57ae7565f8c20ff8f63890d5e41d1c7696f8ea,ZIP_SHA256_VERIFIED,1f1f07e1f0fcfeff,189376,,SUCCESS,D:\curuma\turmeric_datasets\dataset_02\original\Turmeric Plant Disease\Dry Leaf\Dry Leaf00200.JPG,https://data.mendeley.com/public-files/datasets/g46dvrcvwn/files/fb82efd6-bd52-488e-be42-f4e2e619088b/file_downloaded
Dataset_02_g46dvrcvwn,Dry Leaf00201.JPG,original,Dry_Leaf,Dry Leaf,NOT_PROVIDED_PER_FILE (ZIP_VERIFIED),656bff8b27643badbfd3e15617668c2a8fe58a712cb89ef3822ab82e56a639e1,ZIP_SHA256_VERIFIED,ff3f9fc7e1e1f0f0,182303,,SUCCESS,D:\curuma\turmeric_datasets\dataset_02\original\Turmeric Plant Disease\Dry Leaf\Dry Leaf00201.JPG,https://data.mendeley.com/public-files/datasets/g46dvrcvwn/files/fb82efd6-bd52-488e-be42-f4e2e619088b/file_downloaded
Dataset_02_g46dvrcvwn,Dry Leaf00202.JPG,original,Dry_Leaf,Dry Leaf,NOT_PROVIDED_PER_FILE (ZIP_VERIFIED),411a223bdfb5496cb5a0a954df542bf5abf96284579680b8650c41d8d9d80da3,ZIP_SHA256_VERIFIED,ff9fcfe3f0f0f0f8,181797,,SUCCESS,D:\curuma\turmeric_datasets\dataset_02\original\Turmeric Plant Disease\Dry Leaf\Dry Leaf00202.JPG,https://data.mendeley.com/public-files/datasets/g46dvrcvwn/files/fb82efd6-bd52-488e-be42-f4e2e619088b/file_downloaded
Dataset_02_g46dvrcvwn,Dry Leaf00203.JPG,original,Dry_Leaf,Dry Leaf,NOT_PROVIDED_PER_FILE (ZIP_VERIFIED),51954e9e40afdf9051bf2f05724ec2305c02e9b61d2f2dfae09d03f7837faf29,ZIP_SHA256_VERIFIED,ffff1f8fc7c7e0f0,174393,,SUCCESS,D:\curuma\turmeric_datasets\dataset_02\original\Turmeric Plant Disease\Dry Leaf\Dry Leaf00203.JPG,https://data.mendeley.com/public-files/datasets/g46dvrcvwn/files/fb82efd6-bd52-488e-be42-f4e2e619088b/file_downloaded
Dataset_02_g46dvrcvwn,Healthy Leaf00001.JPG,original,Healthy_Leaf,Healthy Leaf,NOT_PROVIDED_PER_FILE (ZIP_VERIFIED),deb5ffe72b5f7747673a6c496d7804c5b494f4dae802379b174cdf981c45463e,ZIP_SHA256_VERIFIED,fdf1e3c3870f1f3f,217313,,SUCCESS,D:\curuma\turmeric_datasets\dataset_02\original\Turmeric Plant Disease\Healthy Leaf\Healthy Leaf00001.JPG,https://data.mendeley.com/public-files/datasets/g46dvrcvwn/files/fb82efd6-bd52-488e-be42-f4e2e619088b/file_downloaded
Dataset_02_g46dvrcvwn,Healthy Leaf00002.JPG,original,Healthy_Leaf,Healthy Leaf,NOT_PROVIDED_PER_FILE (ZIP_VERIFIED),0c72da4da482ea7ac8444409c5eaa2c8ba050b03b16711c46cb4e0189bcdbce2,ZIP_SHA256_VERIFIED,fffff9f383070f1f,221071,,SUCCESS,D:\curuma\turmeric_datasets\dataset_02\original\Turmeric Plant Disease\Healthy Leaf\Healthy Leaf00002.JPG,https://data.mendeley.com/public-files/datasets/g46dvrcvwn/files/fb82efd6-bd52-488e-be42-f4e2e619088b/file_downloaded
Dataset_02_g46dvrcvwn,Healthy Leaf00003.JPG,original,Healthy_Leaf,Healthy Leaf,NOT_PROVIDED_PER_FILE (ZIP_VERIFIED),0f1ff68b5c9f5cd4ddb6ef8f612274bd046a90ef8c9ffe5d46784a5955bc4b0e,ZIP_SHA256_VERIFIED,fffff8c183070f1f,215605,,SUCCESS,D:\curuma\turmeric_datasets\dataset_02\original\Turmeric Plant Disease\Healthy Leaf\Healthy Leaf00003.JPG,https://data.mendeley.com/public-files/datasets/g46dvrcvwn/files/fb82efd6-bd52-488e-be42-f4e2e619088b/file_downloaded
Dataset_02_g46dvrcvwn,Healthy Leaf00004.JPG,original,Healthy_Leaf,Healthy Leaf,NOT_PROVIDED_PER_FILE (ZIP_VERIFIED),cbad9f50e4b0e29f1db4a08a0552a3d09b47c8e1719bf2f91f5e8a2c743072d6,ZIP_SHA256_VERIFIED,fff9f1e3c3870f0f,225639,,SUCCESS,D:\curuma\turmeric_datasets\dataset_02\original\Turmeric Plant Disease\Healthy Leaf\Healthy Leaf00004.JPG,https://data.mendeley.com/public-files/datasets/g46dvrcvwn/files/fb82efd6-bd52-488e-be42-f4e2e619088b/file_downloaded
Dataset_02_g46dvrcvwn,Healthy Leaf00005.JPG,original,Healthy_Leaf,Healthy Leaf,NOT_PROVIDED_PER_FILE (ZIP_VERIFIED),c2b14063ef8a5dcdcd2830145b35111fac0b932df69dfc783a9e272144bc3840,ZIP_SHA256_VERIFIED,fdf9f1e3c3c38787,205491,,SUCCESS,D:\curuma\turmeric_datasets\dataset_02\original\Turmeric Plant Disease\Healthy Leaf\Healthy Leaf00005.JPG,https://data.mendeley.com/public-files/datasets/g46dvrcvwn/files/fb82efd6-bd52-488e-be42-f4e2e619088b/file_downloaded
Dataset_02_g46dvrcvwn,Healthy Leaf00006.JPG,original,Healthy_Leaf,Healthy Leaf,NOT_PROVIDED_PER_FILE (ZIP_VERIFIED),1c6c5713eb7c20c7fac820ca9a00976b592d746f6a08c72a802f80a672196d53,ZIP_SHA256_VERIFIED,fff3e3e3c7878787,207172,,SUCCESS,D:\curuma\turmeric_datasets\dataset_02\original\Turmeric Plant Disease\Healthy Leaf\Healthy Leaf00006.JPG,https://data.mendeley.com/public-files/datasets/g46dvrcvwn/files/fb82efd6-bd52-488e-be42-f4e2e619088b/file_downloaded
Dataset_02_g46dvrcvwn,Healthy Leaf00007.JPG,original,Healthy_Leaf,Healthy Leaf,NOT_PROVIDED_PER_FILE (ZIP_VERIFIED),d6f9a25aa871a9af685f8162658608a0a0eba5b0cde7ee41a7adc6390f0d6cf1,ZIP_SHA256_VERIFIED,ff7f9fc7c3e1e0f0,208301,,SUCCESS,D:\curuma\turmeric_datasets\dataset_02\original\Turmeric Plant Disease\Healthy Leaf\Healthy Leaf00007.JPG,https://data.mendeley.com/public-files/datasets/g46dvrcvwn/files/fb82efd6-bd52-488e-be42-f4e2e619088b/file_downloaded
Dataset_02_g46dvrcvwn,Healthy Leaf00008.JPG,original,Healthy_Leaf,Healthy Leaf,NOT_PROVIDED_PER_FILE (ZIP_VERIFIED),f613809f89371f3d57af102881437c40afb942069da0f39b00a02ea4f6dfcadc,ZIP_SHA256_VERIFIED,fff1c183070f1f7f,226873,,SUCCESS,D:\curuma\turmeric_datasets\dataset_02\original\Turmeric Plant Disease\Healthy Leaf\Healthy Leaf00008.JPG,https://data.mendeley.com/public-files/datasets/g46dvrcvwn/files/fb82efd6-bd52-488e-be42-f4e2e619088b/file_downloaded
Dataset_02_g46dvrcvwn,Healthy Leaf00009.JPG,original,Healthy_Leaf,Healthy Leaf,NOT_PROVIDED_PER_FILE (ZIP_VERIFIED),d9253cd57b3365609f81c605a8e461e60369e9567609b2ab266f06edb8cef4e6,ZIP_SHA256_VERIFIED,fff1e183070f3fff,208601,,SUCCESS,D:\curuma\turmeric_datasets\dataset_02\original\Turmeric Plant Disease\Healthy Leaf\Healthy Leaf00009.JPG,https://data.mendeley.com/public-files/datasets/g46dvrcvwn/files/fb82efd6-bd52-488e-be42-f4e2e619088b/file_downloaded
Dataset_02_g46dvrcvwn,Healthy Leaf00010.JPG,original,Healthy_Leaf,Healthy Leaf,NOT_PROVIDED_PER_FILE (ZIP_VERIFIED),7195890266fd8e27223cf5cfca3cdbb946c181d1a25b315ad7f1edcec3b0e56e,ZIP_SHA256_VERIFIED,7efcf8f0f0e187ff,186340,,SUCCESS,D:\curuma\turmeric_datasets\dataset_02\original\Turmeric Plant Disease\Healthy Leaf\Healthy Leaf00010.JPG,https://data.mendeley.com/public-files/datasets/g46dvrcvwn/files/fb82efd6-bd52-488e-be42-f4e2e619088b/file_downloaded
Dataset_02_g46dvrcvwn,Healthy Leaf00011.JPG,original,Healthy_Leaf,Healthy Leaf,NOT_PROVIDED_PER_FILE (ZIP_VERIFIED),afba57f0a1b3d59a553476987609546140bad41ee513b64e85195986bf93a118,ZIP_SHA256_VERIFIED,fff9e1c303070f1f,241041,,SUCCESS,D:\curuma\turmeric_datasets\dataset_02\original\Turmeric Plant Disease\Healthy Leaf\Healthy Leaf00011.JPG,https://data.mendeley.com/public-files/datasets/g46dvrcvwn/files/fb82efd6-bd52-488e-be42-f4e2e619088b/file_downloaded
Dataset_02_g46dvrcvwn,Healthy Leaf00012.JPG,original,Healthy_Leaf,Healthy Leaf,NOT_PROVIDED_PER_FILE (ZIP_VERIFIED),93ebe01589bca6176d08bb1f425751b11fe06ead8669dc5f829d2edfcfd19892,ZIP_SHA256_VERIFIED,fffff1c103070f3f,231270,,SUCCESS,D:\curuma\turmeric_datasets\dataset_02\original\Turmeric Plant Disease\Healthy Leaf\Healthy Leaf00012.JPG,https://data.mendeley.com/public-files/datasets/g46dvrcvwn/files/fb82efd6-bd52-488e-be42-f4e2e619088b/file_downloaded
Dataset_02_g46dvrcvwn,Healthy Leaf00013.JPG,original,Healthy_Leaf,Healthy Leaf,NOT_PROVIDED_PER_FILE (ZIP_VERIFIED),9cd0c10d0afe2a4f2b5f654c49645f01e43462bd47149f5934a8a9cc6489cc8c,ZIP_SHA256_VERIFIED,f9e1e1c3870f1f3f,249034,,SUCCESS,D:\curuma\turmeric_datasets\dataset_02\original\Turmeric Plant Disease\Healthy Leaf\Healthy Leaf00013.JPG,https://data.mendeley.com/public-files/datasets/g46dvrcvwn/files/fb82efd6-bd52-488e-be42-f4e2e619088b/file_downloaded
Dataset_02_g46dvrcvwn,Healthy Leaf00014.JPG,original,Healthy_Leaf,Healthy Leaf,NOT_PROVIDED_PER_FILE (ZIP_VERIFIED),aa09aa61c02b929288ffce169ddf70442036d5b519e10e4004bf01673753efac,ZIP_SHA256_VERIFIED,fff8e1c3870f3f6f,228557,,SUCCESS,D:\curuma\turmeric_datasets\dataset_02\original\Turmeric Plant Disease\Healthy Leaf\Healthy Leaf00014.JPG,https://data.mendeley.com/public-files/datasets/g46dvrcvwn/files/fb82efd6-bd52-488e-be42-f4e2e619088b/file_downloaded
Dataset_02_g46dvrcvwn,Healthy Leaf00015.JPG,original,Healthy_Leaf,Healthy Leaf,NOT_PROVIDED_PER_FILE (ZIP_VERIFIED),eb33b9662dfd83b6a732a050c545b3b316ed7ea30fa7afafb53af6bf9134e3b4,ZIP_SHA256_VERIFIED,fff9e3c387070f1f,238019,,SUCCESS,D:\curuma\turmeric_datasets\dataset_02\original\Turmeric Plant Disease\Healthy Leaf\Healthy Leaf00015.JPG,https://data.mendeley.com/public-files/datasets/g46dvrcvwn/files/fb82efd6-bd52-488e-be42-f4e2e619088b/file_downloaded
Dataset_02_g46dvrcvwn,Healthy Leaf00016.JPG,original,Healthy_Leaf,Healthy Leaf,NOT_PROVIDED_PER_FILE (ZIP_VERIFIED),7e6e5d6d5d4bcd303c2f9fc44408040bb4f4f28dd972a5fee2aa932bf01daa90,ZIP_SHA256_VERIFIED,fefcf8f0c0c1870f,251647,,SUCCESS,D:\curuma\turmeric_datasets\dataset_02\original\Turmeric Plant Disease\Healthy Leaf\Healthy Leaf00016.JPG,https://data.mendeley.com/public-files/datasets/g46dvrcvwn/files/fb82efd6-bd52-488e-be42-f4e2e619088b/file_downloaded
Dataset_02_g46dvrcvwn,Healthy Leaf00017.JPG,original,Healthy_Leaf,Healthy Leaf,NOT_PROVIDED_PER_FILE (ZIP_VERIFIED),42ea70402ce8baa081f350b22d22e8214b2f6ec398228d4f8a330137dc405a03,ZIP_SHA256_VERIFIED,fffdf1c18303070f,248318,,SUCCESS,D:\curuma\turmeric_datasets\dataset_02\original\Turmeric Plant Disease\Healthy Leaf\Healthy Leaf00017.JPG,https://data.mendeley.com/public-files/datasets/g46dvrcvwn/files/fb82efd6-bd52-488e-be42-f4e2e619088b/file_downloaded
Dataset_02_g46dvrcvwn,Healthy Leaf00018.JPG,original,Healthy_Leaf,Healthy Leaf,NOT_PROVIDED_PER_FILE (ZIP_VERIFIED),7afc1f616a27137147290457c1a1857670b0005d55929d8762f146b08fafdd96,ZIP_SHA256_VERIFIED,fcf8f0e0c1830f3f,245763,,SUCCESS,D:\curuma\turmeric_datasets\dataset_02\original\Turmeric Plant Disease\Healthy Leaf\Healthy Leaf00018.JPG,https://data.mendeley.com/public-files/datasets/g46dvrcvwn/files/fb82efd6-bd52-488e-be42-f4e2e619088b/file_downloaded
Dataset_02_g46dvrcvwn,Healthy Leaf00019.JPG,original,Healthy_Leaf,Healthy Leaf,NOT_PROVIDED_PER_FILE (ZIP_VERIFIED),8aeca68e9142e36a895d75741909671c3bcfca735e182dce14853d52173b4259,ZIP_SHA256_VERIFIED,fffcf1e1c78f1f7f,209961,,SUCCESS,D:\curuma\turmeric_datasets\dataset_02\original\Turmeric Plant Disease\Healthy Leaf\Healthy Leaf00019.JPG,https://data.mendeley.com/public-files/datasets/g46dvrcvwn/files/fb82efd6-bd52-488e-be42-f4e2e619088b/file_downloaded
Dataset_02_g46dvrcvwn,Healthy Leaf00020.JPG,original,Healthy_Leaf,Healthy Leaf,NOT_PROVIDED_PER_FILE (ZIP_VERIFIED),54cefe961289ccdd602286115bb10a82d42fce2d44c288374d0376161c6d78a7,ZIP_SHA256_VERIFIED,fff8e1c3871f7fff,214488,,SUCCESS,D:\curuma\turmeric_datasets\dataset_02\original\Turmeric Plant Disease\Healthy Leaf\Healthy Leaf00020.JPG,https://data.mendeley.com/public-files/datasets/g46dvrcvwn/files/fb82efd6-bd52-488e-be42-f4e2e619088b/file_downloaded
Dataset_02_g46dvrcvwn,Healthy Leaf00021.JPG,original,Healthy_Leaf,Healthy Leaf,NOT_PROVIDED_PER_FILE (ZIP_VERIFIED),a97c7dccc39ecf1ce9cc4768f2e003f95c3afa13e2077f418cf2945ba2e1738b,ZIP_SHA256_VERIFIED,fff1830303070f1f,272926,,SUCCESS,D:\curuma\turmeric_datasets\dataset_02\original\Turmeric Plant Disease\Healthy Leaf\Healthy Leaf00021.JPG,https://data.mendeley.com/public-files/datasets/g46dvrcvwn/files/fb82efd6-bd52-488e-be42-f4e2e619088b/file_downloaded
Dataset_02_g46dvrcvwn,Healthy Leaf00022.JPG,original,Healthy_Leaf,Healthy Leaf,NOT_PROVIDED_PER_FILE (ZIP_VERIFIED),d8be99c09abc0e65ad83fb5cc68dfb69ac5474385fca7cc854ef8835a5b04f88,ZIP_SHA256_VERIFIED,fef8f0e0c08081ff,283785,,SUCCESS,D:\curuma\turmeric_datasets\dataset_02\original\Turmeric Plant Disease\Healthy Leaf\Healthy Leaf00022.JPG,https://data.mendeley.com/public-files/datasets/g46dvrcvwn/files/fb82efd6-bd52-488e-be42-f4e2e619088b/file_downloaded
Dataset_02_g46dvrcvwn,Healthy Leaf00023.JPG,original,Healthy_Leaf,Healthy Leaf,NOT_PROVIDED_PER_FILE (ZIP_VERIFIED),e455eba3137898952b9b16bdea152813466208c163d3fd73b31021da37dabe41,ZIP_SHA256_VERIFIED,fef1c18103070f1f,284839,,SUCCESS,D:\curuma\turmeric_datasets\dataset_02\original\Turmeric Plant Disease\Healthy Leaf\Healthy Leaf00023.JPG,https://data.mendeley.com/public-files/datasets/g46dvrcvwn/files/fb82efd6-bd52-488e-be42-f4e2e619088b/file_downloaded
Dataset_02_g46dvrcvwn,Healthy Leaf00024.JPG,original,Healthy_Leaf,Healthy Leaf,NOT_PROVIDED_PER_FILE (ZIP_VERIFIED),7f7813d557368feb80c6f43321c23de41ed1c9db84644f55f64fb5b84b470cee,ZIP_SHA256_VERIFIED,fef8f0e0c080c0fd,260507,,SUCCESS,D:\curuma\turmeric_datasets\dataset_02\original\Turmeric Plant Disease\Healthy Leaf\Healthy Leaf00024.JPG,https://data.mendeley.com/public-files/datasets/g46dvrcvwn/files/fb82efd6-bd52-488e-be42-f4e2e619088b/file_downloaded
Dataset_02_g46dvrcvwn,Healthy Leaf00025.JPG,original,Healthy_Leaf,Healthy Leaf,NOT_PROVIDED_PER_FILE (ZIP_VERIFIED),b7b3b733d437d6fce55d78ddd08005d7340862c5c2e8b926bffbe45bde7eb138,ZIP_SHA256_VERIFIED,fffbc38307070f0f,266368,,SUCCESS,D:\curuma\turmeric_datasets\dataset_02\original\Turmeric Plant Disease\Healthy Leaf\Healthy Leaf00025.JPG,https://data.mendeley.com/public-files/datasets/g46dvrcvwn/files/fb82efd6-bd52-488e-be42-f4e2e619088b/file_downloaded
Dataset_02_g46dvrcvwn,Healthy Leaf00026.JPG,original,Healthy_Leaf,Healthy Leaf,NOT_PROVIDED_PER_FILE (ZIP_VERIFIED),abf102b69f51caff9934a5149b1a162fd5f12ad08f705d297f2e7bdb77bc4b98,ZIP_SHA256_VERIFIED,ffe08001030f1f5f,282137,,SUCCESS,D:\curuma\turmeric_datasets\dataset_02\original\Turmeric Plant Disease\Healthy Leaf\Healthy Leaf00026.JPG,https://data.mendeley.com/public-files/datasets/g46dvrcvwn/files/fb82efd6-bd52-488e-be42-f4e2e619088b/file_downloaded
Dataset_02_g46dvrcvwn,Healthy Leaf00027.JPG,original,Healthy_Leaf,Healthy Leaf,NOT_PROVIDED_PER_FILE (ZIP_VERIFIED),538697fc41ec620001b0c2430e9ce324eb0b1e48539a4c691c07d02f3eb7895d,ZIP_SHA256_VERIFIED,ff87c1c0e0f0f8f6,244870,,SUCCESS,D:\curuma\turmeric_datasets\dataset_02\original\Turmeric Plant Disease\Healthy Leaf\Healthy Leaf00027.JPG,https://data.mendeley.com/public-files/datasets/g46dvrcvwn/files/fb82efd6-bd52-488e-be42-f4e2e619088b/file_downloaded
Dataset_02_g46dvrcvwn,Healthy Leaf00028.JPG,original,Healthy_Leaf,Healthy Leaf,NOT_PROVIDED_PER_FILE (ZIP_VERIFIED),4fecc6850122596cec6b55db525e803c8ebae58773e46cbdea75f826e2353599,ZIP_SHA256_VERIFIED,fff7e7c383870707,235492,,SUCCESS,D:\curuma\turmeric_datasets\dataset_02\original\Turmeric Plant Disease\Healthy Leaf\Healthy Leaf00028.JPG,https://data.mendeley.com/public-files/datasets/g46dvrcvwn/files/fb82efd6-bd52-488e-be42-f4e2e619088b/file_downloaded
Dataset_02_g46dvrcvwn,Healthy Leaf00029.JPG,original,Healthy_Leaf,Healthy Leaf,NOT_PROVIDED_PER_FILE (ZIP_VERIFIED),248839a011aca3784b7afefe54b2a418a80bf75c6394846facb79608e599cb6b,ZIP_SHA256_VERIFIED,fff9e183070f1f3f,228185,,SUCCESS,D:\curuma\turmeric_datasets\dataset_02\original\Turmeric Plant Disease\Healthy Leaf\Healthy Leaf00029.JPG,https://data.mendeley.com/public-files/datasets/g46dvrcvwn/files/fb82efd6-bd52-488e-be42-f4e2e619088b/file_downloaded
Dataset_02_g46dvrcvwn,Healthy Leaf00030.JPG,original,Healthy_Leaf,Healthy Leaf,NOT_PROVIDED_PER_FILE (ZIP_VERIFIED),ded93fa6fb05110bd3b538f87ef0e3203eb7739274e20014c7b150a47396f48e,ZIP_SHA256_VERIFIED,fffbf3e7c7870f0f,211487,,SUCCESS,D:\curuma\turmeric_datasets\dataset_02\original\Turmeric Plant Disease\Healthy Leaf\Healthy Leaf00030.JPG,https://data.mendeley.com/public-files/datasets/g46dvrcvwn/files/fb82efd6-bd52-488e-be42-f4e2e619088b/file_downloaded
Dataset_02_g46dvrcvwn,Healthy Leaf00031.JPG,original,Healthy_Leaf,Healthy Leaf,NOT_PROVIDED_PER_FILE (ZIP_VERIFIED),73f877857db7c608c4e53f3137965d569891c9858a95deb259a4e52aacc7ce1d,ZIP_SHA256_VERIFIED,f9f3e3c3c7870f0f,232550,,SUCCESS,D:\curuma\turmeric_datasets\dataset_02\original\Turmeric Plant Disease\Healthy Leaf\Healthy Leaf00031.JPG,https://data.mendeley.com/public-files/datasets/g46dvrcvwn/files/fb82efd6-bd52-488e-be42-f4e2e619088b/file_downloaded
Dataset_02_g46dvrcvwn,Healthy Leaf00032.JPG,original,Healthy_Leaf,Healthy Leaf,NOT_PROVIDED_PER_FILE (ZIP_VERIFIED),85e16dcfec198f4e5cf0472005e99921bf752a1214bbbd68758cbf4cbe4858bd,ZIP_SHA256_VERIFIED,ff9fcfc3e1f0f0f8,209305,,SUCCESS,D:\curuma\turmeric_datasets\dataset_02\original\Turmeric Plant Disease\Healthy Leaf\Healthy Leaf00032.JPG,https://data.mendeley.com/public-files/datasets/g46dvrcvwn/files/fb82efd6-bd52-488e-be42-f4e2e619088b/file_downloaded
Dataset_02_g46dvrcvwn,Healthy Leaf00033.JPG,original,Healthy_Leaf,Healthy Leaf,NOT_PROVIDED_PER_FILE (ZIP_VERIFIED),9f762673612343714cc86e4c24df2086ad058b07b312b05d83c244c0fe240c95,ZIP_SHA256_VERIFIED,ffff1f07c1e0f8fe,207791,,SUCCESS,D:\curuma\turmeric_datasets\dataset_02\original\Turmeric Plant Disease\Healthy Leaf\Healthy Leaf00033.JPG,https://data.mendeley.com/public-files/datasets/g46dvrcvwn/files/fb82efd6-bd52-488e-be42-f4e2e619088b/file_downloaded
Dataset_02_g46dvrcvwn,Healthy Leaf00034.JPG,original,Healthy_Leaf,Healthy Leaf,NOT_PROVIDED_PER_FILE (ZIP_VERIFIED),7e694b2e38419945a41a65e92cdbb24b61ae2900e33ee957d6c87d7a16274c4a,ZIP_SHA256_VERIFIED,f7e7c7c7c7c78f8f,190135,,SUCCESS,D:\curuma\turmeric_datasets\dataset_02\original\Turmeric Plant Disease\Healthy Leaf\Healthy Leaf00034.JPG,https://data.mendeley.com/public-files/datasets/g46dvrcvwn/files/fb82efd6-bd52-488e-be42-f4e2e619088b/file_downloaded
Dataset_02_g46dvrcvwn,Healthy Leaf00035.JPG,original,Healthy_Leaf,Healthy Leaf,NOT_PROVIDED_PER_FILE (ZIP_VERIFIED),1974bf75da39103bca5411dee8bc12437a6d079bdd57a62f62843ed971e3b7df,ZIP_SHA256_VERIFIED,fffbf3e7c78f0f1f,201941,,SUCCESS,D:\curuma\turmeric_datasets\dataset_02\original\Turmeric Plant Disease\Healthy Leaf\Healthy Leaf00035.JPG,https://data.mendeley.com/public-files/datasets/g46dvrcvwn/files/fb82efd6-bd52-488e-be42-f4e2e619088b/file_downloaded
Dataset_02_g46dvrcvwn,Healthy Leaf00036.JPG,original,Healthy_Leaf,Healthy Leaf,NOT_PROVIDED_PER_FILE (ZIP_VERIFIED),88a823feee56be712e6633f2f25e51c9ca9c9b812bb5a385ae0aeab191777b3a,ZIP_SHA256_VERIFIED,f7e7e7cf8f8f1f1f,203946,,SUCCESS,D:\curuma\turmeric_datasets\dataset_02\original\Turmeric Plant Disease\Healthy Leaf\Healthy Leaf00036.JPG,https://data.mendeley.com/public-files/datasets/g46dvrcvwn/files/fb82efd6-bd52-488e-be42-f4e2e619088b/file_downloaded
Dataset_02_g46dvrcvwn,Healthy Leaf00037.JPG,original,Healthy_Leaf,Healthy Leaf,NOT_PROVIDED_PER_FILE (ZIP_VERIFIED),3726452319678ce5aa26b40cf5a2fcf1f67c10ec74d2f9e344ab83b6299f5951,ZIP_SHA256_VERIFIED,ff3f87c3e0f8fcff,188814,,SUCCESS,D:\curuma\turmeric_datasets\dataset_02\original\Turmeric Plant Disease\Healthy Leaf\Healthy Leaf00037.JPG,https://data.mendeley.com/public-files/datasets/g46dvrcvwn/files/fb82efd6-bd52-488e-be42-f4e2e619088b/file_downloaded
Dataset_02_g46dvrcvwn,Healthy Leaf00038.JPG,original,Healthy_Leaf,Healthy Leaf,NOT_PROVIDED_PER_FILE (ZIP_VERIFIED),5a8d8d4fe5db15fc17abba9c49e209e88a4641a270a544ef0ff16c8c4bfbbe31,ZIP_SHA256_VERIFIED,ff7f8fc3e0f0fcfe,183231,,SUCCESS,D:\curuma\turmeric_datasets\dataset_02\original\Turmeric Plant Disease\Healthy Leaf\Healthy Leaf00038.JPG,https://data.mendeley.com/public-files/datasets/g46dvrcvwn/files/fb82efd6-bd52-488e-be42-f4e2e619088b/file_downloaded
Dataset_02_g46dvrcvwn,Healthy Leaf00039.JPG,original,Healthy_Leaf,Healthy Leaf,NOT_PROVIDED_PER_FILE (ZIP_VERIFIED),5336ae79941012bdb2edcb72423d302ec792e1a7b880bbfc205013d849ec76c2,ZIP_SHA256_VERIFIED,ffbf9f8fcfc7e3e1,187886,,SUCCESS,D:\curuma\turmeric_datasets\dataset_02\original\Turmeric Plant Disease\Healthy Leaf\Healthy Leaf00039.JPG,https://data.mendeley.com/public-files/datasets/g46dvrcvwn/files/fb82efd6-bd52-488e-be42-f4e2e619088b/file_downloaded
Dataset_02_g46dvrcvwn,Healthy Leaf00040.JPG,original,Healthy_Leaf,Healthy Leaf,NOT_PROVIDED_PER_FILE (ZIP_VERIFIED),7006adaee757bcea5ae315ea0bf676d0dcce90b4fbb25eb219a6e0a4058f64cf,ZIP_SHA256_VERIFIED,fbf3e7c7c78f8f1f,197356,,SUCCESS,D:\curuma\turmeric_datasets\dataset_02\original\Turmeric Plant Disease\Healthy Leaf\Healthy Leaf00040.JPG,https://data.mendeley.com/public-files/datasets/g46dvrcvwn/files/fb82efd6-bd52-488e-be42-f4e2e619088b/file_downloaded
Dataset_02_g46dvrcvwn,Healthy Leaf00041.JPG,original,Healthy_Leaf,Healthy Leaf,NOT_PROVIDED_PER_FILE (ZIP_VERIFIED),89ee2bd7a7020212245b6cd5e6ebdb41ca0c174c9b38eb4fba7851fa9f743dfc,ZIP_SHA256_VERIFIED,efefe7c7c7c7cfcf,197400,,SUCCESS,D:\curuma\turmeric_datasets\dataset_02\original\Turmeric Plant Disease\Healthy Leaf\Healthy Leaf00041.JPG,https://data.mendeley.com/public-files/datasets/g46dvrcvwn/files/fb82efd6-bd52-488e-be42-f4e2e619088b/file_downloaded
Dataset_02_g46dvrcvwn,Healthy Leaf00042.JPG,original,Healthy_Leaf,Healthy Leaf,NOT_PROVIDED_PER_FILE (ZIP_VERIFIED),50a9a4c80d4e367d8e6756368762270fe755a9f0fe75c135e9e2e6aa8a110ad2,ZIP_SHA256_VERIFIED,ffdfdfcfe7e3e3f1,199607,,SUCCESS,D:\curuma\turmeric_datasets\dataset_02\original\Turmeric Plant Disease\Healthy Leaf\Healthy Leaf00042.JPG,https://data.mendeley.com/public-files/datasets/g46dvrcvwn/files/fb82efd6-bd52-488e-be42-f4e2e619088b/file_downloaded
Dataset_02_g46dvrcvwn,Healthy Leaf00043.JPG,original,Healthy_Leaf,Healthy Leaf,NOT_PROVIDED_PER_FILE (ZIP_VERIFIED),01b924648879702faef6dafa75d03cc9f67d63971593690b97008e1d9d961901,ZIP_SHA256_VERIFIED,7f77e7e7e7e7e7c7,194873,,SUCCESS,D:\curuma\turmeric_datasets\dataset_02\original\Turmeric Plant Disease\Healthy Leaf\Healthy Leaf00043.JPG,https://data.mendeley.com/public-files/datasets/g46dvrcvwn/files/fb82efd6-bd52-488e-be42-f4e2e619088b/file_downloaded
Dataset_02_g46dvrcvwn,Healthy Leaf00044.JPG,original,Healthy_Leaf,Healthy Leaf,NOT_PROVIDED_PER_FILE (ZIP_VERIFIED),85f359b6d7ed3fe975c1b2572dded0dd7488db031a8711141188079fa9fd9314,ZIP_SHA256_VERIFIED,ffefe7c7c7c7c7c7,196843,,SUCCESS,D:\curuma\turmeric_datasets\dataset_02\original\Turmeric Plant Disease\Healthy Leaf\Healthy Leaf00044.JPG,https://data.mendeley.com/public-files/datasets/g46dvrcvwn/files/fb82efd6-bd52-488e-be42-f4e2e619088b/file_downloaded
Dataset_02_g46dvrcvwn,Healthy Leaf00045.JPG,original,Healthy_Leaf,Healthy Leaf,NOT_PROVIDED_PER_FILE (ZIP_VERIFIED),f74d40d200c75118a7faa14c4495759fb690b796c941c2c02659f852db711ec3,ZIP_SHA256_VERIFIED,fff3f3e1e1e1c3e2,211870,,SUCCESS,D:\curuma\turmeric_datasets\dataset_02\original\Turmeric Plant Disease\Healthy Leaf\Healthy Leaf00045.JPG,https://data.mendeley.com/public-files/datasets/g46dvrcvwn/files/fb82efd6-bd52-488e-be42-f4e2e619088b/file_downloaded
Dataset_02_g46dvrcvwn,Healthy Leaf00046.JPG,original,Healthy_Leaf,Healthy Leaf,NOT_PROVIDED_PER_FILE (ZIP_VERIFIED),222d4335fba307346e61814e2d98fc6a3d4d2329719d280e920f620a1ecbe97b,ZIP_SHA256_VERIFIED,fff8f1e1c1830f1f,243265,,SUCCESS,D:\curuma\turmeric_datasets\dataset_02\original\Turmeric Plant Disease\Healthy Leaf\Healthy Leaf00046.JPG,https://data.mendeley.com/public-files/datasets/g46dvrcvwn/files/fb82efd6-bd52-488e-be42-f4e2e619088b/file_downloaded
Dataset_02_g46dvrcvwn,Healthy Leaf00047.JPG,original,Healthy_Leaf,Healthy Leaf,NOT_PROVIDED_PER_FILE (ZIP_VERIFIED),2b4430c17b50df39bf750d0db71dd67d2206470ba9da55ea33dd5c8d8e2f35de,ZIP_SHA256_VERIFIED,fffff8e1c3c38f1f,213633,,SUCCESS,D:\curuma\turmeric_datasets\dataset_02\original\Turmeric Plant Disease\Healthy Leaf\Healthy Leaf00047.JPG,https://data.mendeley.com/public-files/datasets/g46dvrcvwn/files/fb82efd6-bd52-488e-be42-f4e2e619088b/file_downloaded
Dataset_02_g46dvrcvwn,Healthy Leaf00048.JPG,original,Healthy_Leaf,Healthy Leaf,NOT_PROVIDED_PER_FILE (ZIP_VERIFIED),4f823dd226f0d10e97e7225c3c8419ccb4c26e0256e80fc77598755eb8d2a4fc,ZIP_SHA256_VERIFIED,9f87c3e1f1f9ffff,205390,,SUCCESS,D:\curuma\turmeric_datasets\dataset_02\original\Turmeric Plant Disease\Healthy Leaf\Healthy Leaf00048.JPG,https://data.mendeley.com/public-files/datasets/g46dvrcvwn/files/fb82efd6-bd52-488e-be42-f4e2e619088b/file_downloaded
Dataset_02_g46dvrcvwn,Healthy Leaf00049.JPG,original,Healthy_Leaf,Healthy Leaf,NOT_PROVIDED_PER_FILE (ZIP_VERIFIED),367051355e273d263978d95b1a892e6fc82a34223c3fde65e7424a058cf089b2,ZIP_SHA256_VERIFIED,fffef8f1f3e3c58d,150104,,SUCCESS,D:\curuma\turmeric_datasets\dataset_02\original\Turmeric Plant Disease\Healthy Leaf\Healthy Leaf00049.JPG,https://data.mendeley.com/public-files/datasets/g46dvrcvwn/files/fb82efd6-bd52-488e-be42-f4e2e619088b/file_downloaded
Dataset_02_g46dvrcvwn,Healthy Leaf00050.JPG,original,Healthy_Leaf,Healthy Leaf,NOT_PROVIDED_PER_FILE (ZIP_VERIFIED),3e5755dd5cb030e6e2c5fc5b67db47ee4f3da8df7e7071fd08ce52bf77932535,ZIP_SHA256_VERIFIED,fff9e3c387870f0f,215673,,SUCCESS,D:\curuma\turmeric_datasets\dataset_02\original\Turmeric Plant Disease\Healthy Leaf\Healthy Leaf00050.JPG,https://data.mendeley.com/public-files/datasets/g46dvrcvwn/files/fb82efd6-bd52-488e-be42-f4e2e619088b/file_downloaded
Dataset_02_g46dvrcvwn,Healthy Leaf00051.JPG,original,Healthy_Leaf,Healthy Leaf,NOT_PROVIDED_PER_FILE (ZIP_VERIFIED),dcb47c80d49a8db7d8684f0ff2f229aad2dfec41803f7d77ae330e4429d90a73,ZIP_SHA256_VERIFIED,fffef8e0c0818e9e,212671,,SUCCESS,D:\curuma\turmeric_datasets\dataset_02\original\Turmeric Plant Disease\Healthy Leaf\Healthy Leaf00051.JPG,https://data.mendeley.com/public-files/datasets/g46dvrcvwn/files/fb82efd6-bd52-488e-be42-f4e2e619088b/file_downloaded
Dataset_02_g46dvrcvwn,Healthy Leaf00052.JPG,original,Healthy_Leaf,Healthy Leaf,NOT_PROVIDED_PER_FILE (ZIP_VERIFIED),e13740d81bfa20180c4b207468577d8137f563dab35be84fa54edb92b1d1b318,ZIP_SHA256_VERIFIED,efefc7c7878f8f0d,210085,,SUCCESS,D:\curuma\turmeric_datasets\dataset_02\original\Turmeric Plant Disease\Healthy Leaf\Healthy Leaf00052.JPG,https://data.mendeley.com/public-files/datasets/g46dvrcvwn/files/fb82efd6-bd52-488e-be42-f4e2e619088b/file_downloaded
Dataset_02_g46dvrcvwn,Healthy Leaf00053.JPG,original,Healthy_Leaf,Healthy Leaf,NOT_PROVIDED_PER_FILE (ZIP_VERIFIED),c1ad898fd743063d6e55a89b03e01bec6808277172183c613774f7eb5c0b0b0d,ZIP_SHA256_VERIFIED,ffefe7c7c7c7c7c7,209975,,SUCCESS,D:\curuma\turmeric_datasets\dataset_02\original\Turmeric Plant Disease\Healthy Leaf\Healthy Leaf00053.JPG,https://data.mendeley.com/public-files/datasets/g46dvrcvwn/files/fb82efd6-bd52-488e-be42-f4e2e619088b/file_downloaded
Dataset_02_g46dvrcvwn,Healthy Leaf00054.JPG,original,Healthy_Leaf,Healthy Leaf,NOT_PROVIDED_PER_FILE (ZIP_VERIFIED),dd96755f0a216d5ef3e6e0c70d6d2dd1f1c36bbc2cd6ee5d0bd08595db331e2b,ZIP_SHA256_VERIFIED,fffff7e3c787878f,205247,,SUCCESS,D:\curuma\turmeric_datasets\dataset_02\original\Turmeric Plant Disease\Healthy Leaf\Healthy Leaf00054.JPG,https://data.mendeley.com/public-files/datasets/g46dvrcvwn/files/fb82efd6-bd52-488e-be42-f4e2e619088b/file_downloaded
Dataset_02_g46dvrcvwn,Healthy Leaf00055.JPG,original,Healthy_Leaf,Healthy Leaf,NOT_PROVIDED_PER_FILE (ZIP_VERIFIED),0c4f8d78ff2551c6357eab125318681623e900445f8f5f8c1b1a20cfe961b5ec,ZIP_SHA256_VERIFIED,fffff9e1c387070e,223485,,SUCCESS,D:\curuma\turmeric_datasets\dataset_02\original\Turmeric Plant Disease\Healthy Leaf\Healthy Leaf00055.JPG,https://data.mendeley.com/public-files/datasets/g46dvrcvwn/files/fb82efd6-bd52-488e-be42-f4e2e619088b/file_downloaded
Dataset_02_g46dvrcvwn,Healthy Leaf00056.JPG,original,Healthy_Leaf,Healthy Leaf,NOT_PROVIDED_PER_FILE (ZIP_VERIFIED),3591b52609c109e0d3ae42b3c0446d0c4becafb3f37fbbb0c4860c52120e4662,ZIP_SHA256_VERIFIED,ffefe7c7c7c7c3c3,200653,,SUCCESS,D:\curuma\turmeric_datasets\dataset_02\original\Turmeric Plant Disease\Healthy Leaf\Healthy Leaf00056.JPG,https://data.mendeley.com/public-files/datasets/g46dvrcvwn/files/fb82efd6-bd52-488e-be42-f4e2e619088b/file_downloaded
Dataset_02_g46dvrcvwn,Healthy Leaf00057.JPG,original,Healthy_Leaf,Healthy Leaf,NOT_PROVIDED_PER_FILE (ZIP_VERIFIED),da887fc84942d0b7198fab58759014a897896881ca82f192dea86bd91899a3e9,ZIP_SHA256_VERIFIED,fff7e7c383870707,219360,,SUCCESS,D:\curuma\turmeric_datasets\dataset_02\original\Turmeric Plant Disease\Healthy Leaf\Healthy Leaf00057.JPG,https://data.mendeley.com/public-files/datasets/g46dvrcvwn/files/fb82efd6-bd52-488e-be42-f4e2e619088b/file_downloaded
Dataset_02_g46dvrcvwn,Healthy Leaf00058.JPG,original,Healthy_Leaf,Healthy Leaf,NOT_PROVIDED_PER_FILE (ZIP_VERIFIED),9849acf819a4130c642b4f00faaffa7654b4dde858345385e4e844e573145344,ZIP_SHA256_VERIFIED,fff8e1c383070f3f,244851,,SUCCESS,D:\curuma\turmeric_datasets\dataset_02\original\Turmeric Plant Disease\Healthy Leaf\Healthy Leaf00058.JPG,https://data.mendeley.com/public-files/datasets/g46dvrcvwn/files/fb82efd6-bd52-488e-be42-f4e2e619088b/file_downloaded
Dataset_02_g46dvrcvwn,Healthy Leaf00059.JPG,original,Healthy_Leaf,Healthy Leaf,NOT_PROVIDED_PER_FILE (ZIP_VERIFIED),5fa621aa9bb168ac38025728080ec64671c25350d439ba44e181a89b59a77a89,ZIP_SHA256_VERIFIED,ff9fc3e1e0f0f8fe,198354,,SUCCESS,D:\curuma\turmeric_datasets\dataset_02\original\Turmeric Plant Disease\Healthy Leaf\Healthy Leaf00059.JPG,https://data.mendeley.com/public-files/datasets/g46dvrcvwn/files/fb82efd6-bd52-488e-be42-f4e2e619088b/file_downloaded
Dataset_02_g46dvrcvwn,Healthy Leaf00060.JPG,original,Healthy_Leaf,Healthy Leaf,NOT_PROVIDED_PER_FILE (ZIP_VERIFIED),538525e5007c46216d3d0acc8d0d3c13d1ae8364ef537a4eff6c5df55438e8f1,ZIP_SHA256_VERIFIED,fcf8e1c3870f7fe4,243874,,SUCCESS,D:\curuma\turmeric_datasets\dataset_02\original\Turmeric Plant Disease\Healthy Leaf\Healthy Leaf00060.JPG,https://data.mendeley.com/public-files/datasets/g46dvrcvwn/files/fb82efd6-bd52-488e-be42-f4e2e619088b/file_downloaded
Dataset_02_g46dvrcvwn,Healthy Leaf00061.JPG,original,Healthy_Leaf,Healthy Leaf,NOT_PROVIDED_PER_FILE (ZIP_VERIFIED),fa00a4335a4d9607f4df6e392e48212f9493bc54567c616260468380fbd1525b,ZIP_SHA256_VERIFIED,ff1f87c3e0f0fcff,213784,,SUCCESS,D:\curuma\turmeric_datasets\dataset_02\original\Turmeric Plant Disease\Healthy Leaf\Healthy Leaf00061.JPG,https://data.mendeley.com/public-files/datasets/g46dvrcvwn/files/fb82efd6-bd52-488e-be42-f4e2e619088b/file_downloaded
Dataset_02_g46dvrcvwn,Healthy Leaf00062.JPG,original,Healthy_Leaf,Healthy Leaf,NOT_PROVIDED_PER_FILE (ZIP_VERIFIED),da9b7bf8ee9feb043dbcd21aa46e72e49c7e8b16af7cd1e68627c10ad68f6f46,ZIP_SHA256_VERIFIED,fffdf1e38307070f,230415,,SUCCESS,D:\curuma\turmeric_datasets\dataset_02\original\Turmeric Plant Disease\Healthy Leaf\Healthy Leaf00062.JPG,https://data.mendeley.com/public-files/datasets/g46dvrcvwn/files/fb82efd6-bd52-488e-be42-f4e2e619088b/file_downloaded
Dataset_02_g46dvrcvwn,Healthy Leaf00063.JPG,original,Healthy_Leaf,Healthy Leaf,NOT_PROVIDED_PER_FILE (ZIP_VERIFIED),df28a2075cec4fd2fb84761e4eccbc81b524c91b8b257704a88ce791da9a008c,ZIP_SHA256_VERIFIED,fef8e0c08103070f,267503,,SUCCESS,D:\curuma\turmeric_datasets\dataset_02\original\Turmeric Plant Disease\Healthy Leaf\Healthy Leaf00063.JPG,https://data.mendeley.com/public-files/datasets/g46dvrcvwn/files/fb82efd6-bd52-488e-be42-f4e2e619088b/file_downloaded
Dataset_02_g46dvrcvwn,Healthy Leaf00064.JPG,original,Healthy_Leaf,Healthy Leaf,NOT_PROVIDED_PER_FILE (ZIP_VERIFIED),0d4ca879aba43eda463837e30cf92fb861fceb70a0ec6d823b9af8ec7b9ae41a,ZIP_SHA256_VERIFIED,fffcf8f0e0c0818f,254148,,SUCCESS,D:\curuma\turmeric_datasets\dataset_02\original\Turmeric Plant Disease\Healthy Leaf\Healthy Leaf00064.JPG,https://data.mendeley.com/public-files/datasets/g46dvrcvwn/files/fb82efd6-bd52-488e-be42-f4e2e619088b/file_downloaded
Dataset_02_g46dvrcvwn,Healthy Leaf00065.JPG,original,Healthy_Leaf,Healthy Leaf,NOT_PROVIDED_PER_FILE (ZIP_VERIFIED),28236f024f18074ce9cd21ff34cb3390f7f45494be25ceda51a0cbe3aa151dda,ZIP_SHA256_VERIFIED,0003f8c1870f3ffc,321185,,SUCCESS,D:\curuma\turmeric_datasets\dataset_02\original\Turmeric Plant Disease\Healthy Leaf\Healthy Leaf00065.JPG,https://data.mendeley.com/public-files/datasets/g46dvrcvwn/files/fb82efd6-bd52-488e-be42-f4e2e619088b/file_downloaded
Dataset_02_g46dvrcvwn,Healthy Leaf00066.JPG,original,Healthy_Leaf,Healthy Leaf,NOT_PROVIDED_PER_FILE (ZIP_VERIFIED),88de6690ff409fe80f6d9961273ae423a5e3a332daa171dfdcf4a766cb8c0d47,ZIP_SHA256_VERIFIED,8000fef0c3871fff,352781,,SUCCESS,D:\curuma\turmeric_datasets\dataset_02\original\Turmeric Plant Disease\Healthy Leaf\Healthy Leaf00066.JPG,https://data.mendeley.com/public-files/datasets/g46dvrcvwn/files/fb82efd6-bd52-488e-be42-f4e2e619088b/file_downloaded
Dataset_02_g46dvrcvwn,Healthy Leaf00067.JPG,original,Healthy_Leaf,Healthy Leaf,NOT_PROVIDED_PER_FILE (ZIP_VERIFIED),7a5c85dccf73a0a8ebe8ac919f255c4f1c949883eb96485d1f650230a9d9cc63,ZIP_SHA256_VERIFIED,fef8e0c080008fff,268557,,SUCCESS,D:\curuma\turmeric_datasets\dataset_02\original\Turmeric Plant Disease\Healthy Leaf\Healthy Leaf00067.JPG,https://data.mendeley.com/public-files/datasets/g46dvrcvwn/files/fb82efd6-bd52-488e-be42-f4e2e619088b/file_downloaded
Dataset_02_g46dvrcvwn,Healthy Leaf00068.JPG,original,Healthy_Leaf,Healthy Leaf,NOT_PROVIDED_PER_FILE (ZIP_VERIFIED),c2595b902b026d240f64cbfdeb8314dfe89a6e853cd7eeee1d429001147a24c4,ZIP_SHA256_VERIFIED,fffffff08103071f,216000,,SUCCESS,D:\curuma\turmeric_datasets\dataset_02\original\Turmeric Plant Disease\Healthy Leaf\Healthy Leaf00068.JPG,https://data.mendeley.com/public-files/datasets/g46dvrcvwn/files/fb82efd6-bd52-488e-be42-f4e2e619088b/file_downloaded
Dataset_02_g46dvrcvwn,Healthy Leaf00069.JPG,original,Healthy_Leaf,Healthy Leaf,NOT_PROVIDED_PER_FILE (ZIP_VERIFIED),2c5305e75f0021816b16ba9b57bea026fdd7c5544cc38d64152299e1aa14c820,ZIP_SHA256_VERIFIED,fffff8f0c001070f,254896,,SUCCESS,D:\curuma\turmeric_datasets\dataset_02\original\Turmeric Plant Disease\Healthy Leaf\Healthy Leaf00069.JPG,https://data.mendeley.com/public-files/datasets/g46dvrcvwn/files/fb82efd6-bd52-488e-be42-f4e2e619088b/file_downloaded
Dataset_02_g46dvrcvwn,Healthy Leaf00070.JPG,original,Healthy_Leaf,Healthy Leaf,NOT_PROVIDED_PER_FILE (ZIP_VERIFIED),e0014556d0607632037f69607b6d04ca2d80fb3f0ef898a83f5acbc4f0adc63c,ZIP_SHA256_VERIFIED,fffefcf0f0e0c39e,221137,,SUCCESS,D:\curuma\turmeric_datasets\dataset_02\original\Turmeric Plant Disease\Healthy Leaf\Healthy Leaf00070.JPG,https://data.mendeley.com/public-files/datasets/g46dvrcvwn/files/fb82efd6-bd52-488e-be42-f4e2e619088b/file_downloaded
Dataset_02_g46dvrcvwn,Healthy Leaf00071.JPG,original,Healthy_Leaf,Healthy Leaf,NOT_PROVIDED_PER_FILE (ZIP_VERIFIED),766a346fc9aa82851b945f26fdd80c229669b791cfa8bc95b0679677270c3a95,ZIP_SHA256_VERIFIED,fff9f3e3c3870f0f,226567,,SUCCESS,D:\curuma\turmeric_datasets\dataset_02\original\Turmeric Plant Disease\Healthy Leaf\Healthy Leaf00071.JPG,https://data.mendeley.com/public-files/datasets/g46dvrcvwn/files/fb82efd6-bd52-488e-be42-f4e2e619088b/file_downloaded
Dataset_02_g46dvrcvwn,Healthy Leaf00072.JPG,original,Healthy_Leaf,Healthy Leaf,NOT_PROVIDED_PER_FILE (ZIP_VERIFIED),f8ced470454b0a6450d5c4de5426dac2f7b8973e65c897f816c97e93159940e3,ZIP_SHA256_VERIFIED,fbf3e3c3c7878f0f,217251,,SUCCESS,D:\curuma\turmeric_datasets\dataset_02\original\Turmeric Plant Disease\Healthy Leaf\Healthy Leaf00072.JPG,https://data.mendeley.com/public-files/datasets/g46dvrcvwn/files/fb82efd6-bd52-488e-be42-f4e2e619088b/file_downloaded
Dataset_02_g46dvrcvwn,Healthy Leaf00073.JPG,original,Healthy_Leaf,Healthy Leaf,NOT_PROVIDED_PER_FILE (ZIP_VERIFIED),14099ddcc85f0e8888a5a126d064d51875b1dacabb180459313850a260a8ff37,ZIP_SHA256_VERIFIED,ff9fcfc3e0f0f0f8,213593,,SUCCESS,D:\curuma\turmeric_datasets\dataset_02\original\Turmeric Plant Disease\Healthy Leaf\Healthy Leaf00073.JPG,https://data.mendeley.com/public-files/datasets/g46dvrcvwn/files/fb82efd6-bd52-488e-be42-f4e2e619088b/file_downloaded
Dataset_02_g46dvrcvwn,Healthy Leaf00074.JPG,original,Healthy_Leaf,Healthy Leaf,NOT_PROVIDED_PER_FILE (ZIP_VERIFIED),dffd8eaaf4273071be751994e13c546f169b6260b53ded182a0bf6fcdf194077,ZIP_SHA256_VERIFIED,000000f9e3c79f3f,330793,,SUCCESS,D:\curuma\turmeric_datasets\dataset_02\original\Turmeric Plant Disease\Healthy Leaf\Healthy Leaf00074.JPG,https://data.mendeley.com/public-files/datasets/g46dvrcvwn/files/fb82efd6-bd52-488e-be42-f4e2e619088b/file_downloaded
Dataset_02_g46dvrcvwn,Healthy Leaf00075.JPG,original,Healthy_Leaf,Healthy Leaf,NOT_PROVIDED_PER_FILE (ZIP_VERIFIED),33047152f07a7cdc1837672e4f0aae721b0c7355101c79ac9eb853cffaf0ac9f,ZIP_SHA256_VERIFIED,00009fc7e3f1fc26,308813,,SUCCESS,D:\curuma\turmeric_datasets\dataset_02\original\Turmeric Plant Disease\Healthy Leaf\Healthy Leaf00075.JPG,https://data.mendeley.com/public-files/datasets/g46dvrcvwn/files/fb82efd6-bd52-488e-be42-f4e2e619088b/file_downloaded
Dataset_02_g46dvrcvwn,Healthy Leaf00076.JPG,original,Healthy_Leaf,Healthy Leaf,NOT_PROVIDED_PER_FILE (ZIP_VERIFIED),c8e6d9644fd85f34fdc4684204f5235be6f5ba2d7f0f11dce303194bf2a734b5,ZIP_SHA256_VERIFIED,7f6f674747870747,225479,,SUCCESS,D:\curuma\turmeric_datasets\dataset_02\original\Turmeric Plant Disease\Healthy Leaf\Healthy Leaf00076.JPG,https://data.mendeley.com/public-files/datasets/g46dvrcvwn/files/fb82efd6-bd52-488e-be42-f4e2e619088b/file_downloaded
Dataset_02_g46dvrcvwn,Healthy Leaf00077.JPG,original,Healthy_Leaf,Healthy Leaf,NOT_PROVIDED_PER_FILE (ZIP_VERIFIED),2db8de0f451d385de55863bc523973b351986e3a76d39264a828f7f8e06ebea9,ZIP_SHA256_VERIFIED,ffdfcf8f8f8f8f0f,207157,,SUCCESS,D:\curuma\turmeric_datasets\dataset_02\original\Turmeric Plant Disease\Healthy Leaf\Healthy Leaf00077.JPG,https://data.mendeley.com/public-files/datasets/g46dvrcvwn/files/fb82efd6-bd52-488e-be42-f4e2e619088b/file_downloaded
Dataset_02_g46dvrcvwn,Healthy Leaf00078.JPG,original,Healthy_Leaf,Healthy Leaf,NOT_PROVIDED_PER_FILE (ZIP_VERIFIED),05eacdddf5bd3a725773f24603576b32812e6527df43f57dbb4837b56c0c0598,ZIP_SHA256_VERIFIED,f7e3e3c3c3838383,246695,,SUCCESS,D:\curuma\turmeric_datasets\dataset_02\original\Turmeric Plant Disease\Healthy Leaf\Healthy Leaf00078.JPG,https://data.mendeley.com/public-files/datasets/g46dvrcvwn/files/fb82efd6-bd52-488e-be42-f4e2e619088b/file_downloaded
Dataset_02_g46dvrcvwn,Healthy Leaf00079.JPG,original,Healthy_Leaf,Healthy Leaf,NOT_PROVIDED_PER_FILE (ZIP_VERIFIED),8c3aae521ed81d311330f9fb9fc95b9d37acc70f6abf53c37b686ad5e661d98a,ZIP_SHA256_VERIFIED,e3c3c38383838787,271525,,SUCCESS,D:\curuma\turmeric_datasets\dataset_02\original\Turmeric Plant Disease\Healthy Leaf\Healthy Leaf00079.JPG,https://data.mendeley.com/public-files/datasets/g46dvrcvwn/files/fb82efd6-bd52-488e-be42-f4e2e619088b/file_downloaded
Dataset_02_g46dvrcvwn,Healthy Leaf00080.JPG,original,Healthy_Leaf,Healthy Leaf,NOT_PROVIDED_PER_FILE (ZIP_VERIFIED),735305a804c6fc2a7174e6c6cf4877732198c0b6544bd458bb6194e2813b7faa,ZIP_SHA256_VERIFIED,ff8f00c0e0f0f8fe,233038,,SUCCESS,D:\curuma\turmeric_datasets\dataset_02\original\Turmeric Plant Disease\Healthy Leaf\Healthy Leaf00080.JPG,https://data.mendeley.com/public-files/datasets/g46dvrcvwn/files/fb82efd6-bd52-488e-be42-f4e2e619088b/file_downloaded
Dataset_02_g46dvrcvwn,Healthy Leaf00081.JPG,original,Healthy_Leaf,Healthy Leaf,NOT_PROVIDED_PER_FILE (ZIP_VERIFIED),9e1244874cbe832d2ca40855ca21b6a94ec9e9bf51165fe5127547968beaae0a,ZIP_SHA256_VERIFIED,7fe7c7c783038707,257685,,SUCCESS,D:\curuma\turmeric_datasets\dataset_02\original\Turmeric Plant Disease\Healthy Leaf\Healthy Leaf00081.JPG,https://data.mendeley.com/public-files/datasets/g46dvrcvwn/files/fb82efd6-bd52-488e-be42-f4e2e619088b/file_downloaded
Dataset_02_g46dvrcvwn,Healthy Leaf00082.JPG,original,Healthy_Leaf,Healthy Leaf,NOT_PROVIDED_PER_FILE (ZIP_VERIFIED),f0b41d7405f1f4070a967b3fec9002e7c31ef7bc63fed47b59092120d9fcfbdc,ZIP_SHA256_VERIFIED,7f8f83c0c0e0f0f8,262389,,SUCCESS,D:\curuma\turmeric_datasets\dataset_02\original\Turmeric Plant Disease\Healthy Leaf\Healthy Leaf00082.JPG,https://data.mendeley.com/public-files/datasets/g46dvrcvwn/files/fb82efd6-bd52-488e-be42-f4e2e619088b/file_downloaded
Dataset_02_g46dvrcvwn,Healthy Leaf00083.JPG,original,Healthy_Leaf,Healthy Leaf,NOT_PROVIDED_PER_FILE (ZIP_VERIFIED),68781143a4ff7c1be5022170ccdcc4aa05e13696809c22c95854dbe6aabe87ea,ZIP_SHA256_VERIFIED,00f8e1c183071fff,271831,,SUCCESS,D:\curuma\turmeric_datasets\dataset_02\original\Turmeric Plant Disease\Healthy Leaf\Healthy Leaf00083.JPG,https://data.mendeley.com/public-files/datasets/g46dvrcvwn/files/fb82efd6-bd52-488e-be42-f4e2e619088b/file_downloaded
Dataset_02_g46dvrcvwn,Healthy Leaf00084.JPG,original,Healthy_Leaf,Healthy Leaf,NOT_PROVIDED_PER_FILE (ZIP_VERIFIED),8fa1e17c75994fd2645dfa71b481a8fbad5805cd0fd75064eef770b7463674ea,ZIP_SHA256_VERIFIED,e1e1e1c1c38387c7,255741,,SUCCESS,D:\curuma\turmeric_datasets\dataset_02\original\Turmeric Plant Disease\Healthy Leaf\Healthy Leaf00084.JPG,https://data.mendeley.com/public-files/datasets/g46dvrcvwn/files/fb82efd6-bd52-488e-be42-f4e2e619088b/file_downloaded
Dataset_02_g46dvrcvwn,Healthy Leaf00085.JPG,original,Healthy_Leaf,Healthy Leaf,NOT_PROVIDED_PER_FILE (ZIP_VERIFIED),822e8300e4834108dde4a7eb7b85a043e55374864ce1ae6cbb53c5f44da5a867,ZIP_SHA256_VERIFIED,fff7e7c7c7878786,222465,,SUCCESS,D:\curuma\turmeric_datasets\dataset_02\original\Turmeric Plant Disease\Healthy Leaf\Healthy Leaf00085.JPG,https://data.mendeley.com/public-files/datasets/g46dvrcvwn/files/fb82efd6-bd52-488e-be42-f4e2e619088b/file_downloaded
Dataset_02_g46dvrcvwn,Healthy Leaf00086.JPG,original,Healthy_Leaf,Healthy Leaf,NOT_PROVIDED_PER_FILE (ZIP_VERIFIED),628db8201a42ebf711cdd19b729258e62bbc3327b75bac773ca1b7d21be030b2,ZIP_SHA256_VERIFIED,e7e3c3c387878786,242960,,SUCCESS,D:\curuma\turmeric_datasets\dataset_02\original\Turmeric Plant Disease\Healthy Leaf\Healthy Leaf00086.JPG,https://data.mendeley.com/public-files/datasets/g46dvrcvwn/files/fb82efd6-bd52-488e-be42-f4e2e619088b/file_downloaded
Dataset_02_g46dvrcvwn,Healthy Leaf00087.JPG,original,Healthy_Leaf,Healthy Leaf,NOT_PROVIDED_PER_FILE (ZIP_VERIFIED),5b40a4027fe638f6364a7ff3e4181e5afdbbe8aced836b00912612605e81b46d,ZIP_SHA256_VERIFIED,c7878387878786c6,254890,,SUCCESS,D:\curuma\turmeric_datasets\dataset_02\original\Turmeric Plant Disease\Healthy Leaf\Healthy Leaf00087.JPG,https://data.mendeley.com/public-files/datasets/g46dvrcvwn/files/fb82efd6-bd52-488e-be42-f4e2e619088b/file_downloaded
Dataset_02_g46dvrcvwn,Healthy Leaf00088.JPG,original,Healthy_Leaf,Healthy Leaf,NOT_PROVIDED_PER_FILE (ZIP_VERIFIED),37e28f046ee66bf67eceb1b673823601e187f655db1ab4f81b3a1feb3da59d5f,ZIP_SHA256_VERIFIED,c3c3c3c3c3c7c7c7,240473,,SUCCESS,D:\curuma\turmeric_datasets\dataset_02\original\Turmeric Plant Disease\Healthy Leaf\Healthy Leaf00088.JPG,https://data.mendeley.com/public-files/datasets/g46dvrcvwn/files/fb82efd6-bd52-488e-be42-f4e2e619088b/file_downloaded
Dataset_02_g46dvrcvwn,Healthy Leaf00089.JPG,original,Healthy_Leaf,Healthy Leaf,NOT_PROVIDED_PER_FILE (ZIP_VERIFIED),0d58a534d6e9aa8e41110b6415fcf5ceff617adb831b7c732eca66f53388e311,ZIP_SHA256_VERIFIED,e3e3c3c3c3c38383,262854,,SUCCESS,D:\curuma\turmeric_datasets\dataset_02\original\Turmeric Plant Disease\Healthy Leaf\Healthy Leaf00089.JPG,https://data.mendeley.com/public-files/datasets/g46dvrcvwn/files/fb82efd6-bd52-488e-be42-f4e2e619088b/file_downloaded
Dataset_02_g46dvrcvwn,Healthy Leaf00090.JPG,original,Healthy_Leaf,Healthy Leaf,NOT_PROVIDED_PER_FILE (ZIP_VERIFIED),d2d2b89d6b8d62a8a6c141830beecc095b28d4d26268915310b9bc2abb8c9b5e,ZIP_SHA256_VERIFIED,fffcf1e1c1838707,246589,,SUCCESS,D:\curuma\turmeric_datasets\dataset_02\original\Turmeric Plant Disease\Healthy Leaf\Healthy Leaf00090.JPG,https://data.mendeley.com/public-files/datasets/g46dvrcvwn/files/fb82efd6-bd52-488e-be42-f4e2e619088b/file_downloaded
Dataset_02_g46dvrcvwn,Healthy Leaf00091.JPG,original,Healthy_Leaf,Healthy Leaf,NOT_PROVIDED_PER_FILE (ZIP_VERIFIED),1ca28ebcad59ec6c4b3c1762bd8c09748080f138e0d049199c2b998aeb7a2b13,ZIP_SHA256_VERIFIED,fcf8e0e0c1838707,260375,,SUCCESS,D:\curuma\turmeric_datasets\dataset_02\original\Turmeric Plant Disease\Healthy Leaf\Healthy Leaf00091.JPG,https://data.mendeley.com/public-files/datasets/g46dvrcvwn/files/fb82efd6-bd52-488e-be42-f4e2e619088b/file_downloaded
Dataset_02_g46dvrcvwn,Healthy Leaf00092.JPG,original,Healthy_Leaf,Healthy Leaf,NOT_PROVIDED_PER_FILE (ZIP_VERIFIED),bf3a6398fba68b30f17a02e5c976f3a58dd08145c6c21b1ab1339c95f20fc44f,ZIP_SHA256_VERIFIED,fff9e1c18303070b,263194,,SUCCESS,D:\curuma\turmeric_datasets\dataset_02\original\Turmeric Plant Disease\Healthy Leaf\Healthy Leaf00092.JPG,https://data.mendeley.com/public-files/datasets/g46dvrcvwn/files/fb82efd6-bd52-488e-be42-f4e2e619088b/file_downloaded
Dataset_02_g46dvrcvwn,Healthy Leaf00093.JPG,original,Healthy_Leaf,Healthy Leaf,NOT_PROVIDED_PER_FILE (ZIP_VERIFIED),2cc783eba96f1e7768172923aed1d0a936fe05b8393b01805c90f4a12b61dcb1,ZIP_SHA256_VERIFIED,fcf8f0c0c183060e,267656,,SUCCESS,D:\curuma\turmeric_datasets\dataset_02\original\Turmeric Plant Disease\Healthy Leaf\Healthy Leaf00093.JPG,https://data.mendeley.com/public-files/datasets/g46dvrcvwn/files/fb82efd6-bd52-488e-be42-f4e2e619088b/file_downloaded
Dataset_02_g46dvrcvwn,Healthy Leaf00094.JPG,original,Healthy_Leaf,Healthy Leaf,NOT_PROVIDED_PER_FILE (ZIP_VERIFIED),e0c81a0dce8f7a046a7dca7ae8666820d51ede4764c7f7a1596401701b962284,ZIP_SHA256_VERIFIED,fef8f0e0c0c18307,264438,,SUCCESS,D:\curuma\turmeric_datasets\dataset_02\original\Turmeric Plant Disease\Healthy Leaf\Healthy Leaf00094.JPG,https://data.mendeley.com/public-files/datasets/g46dvrcvwn/files/fb82efd6-bd52-488e-be42-f4e2e619088b/file_downloaded
Dataset_02_g46dvrcvwn,Healthy Leaf00095.JPG,original,Healthy_Leaf,Healthy Leaf,NOT_PROVIDED_PER_FILE (ZIP_VERIFIED),8e344bfc31b27aacaffb8592c59481def09651ae269fb990f9bf7df686fd7e24,ZIP_SHA256_VERIFIED,fff9e1c18387070f,236074,,SUCCESS,D:\curuma\turmeric_datasets\dataset_02\original\Turmeric Plant Disease\Healthy Leaf\Healthy Leaf00095.JPG,https://data.mendeley.com/public-files/datasets/g46dvrcvwn/files/fb82efd6-bd52-488e-be42-f4e2e619088b/file_downloaded
Dataset_02_g46dvrcvwn,Healthy Leaf00096.JPG,original,Healthy_Leaf,Healthy Leaf,NOT_PROVIDED_PER_FILE (ZIP_VERIFIED),66abd4947fb0ca1fbd124585f7c282d8677fec72c934e0bf90024bfefa83eaf5,ZIP_SHA256_VERIFIED,fcf8f0e0c183070f,254806,,SUCCESS,D:\curuma\turmeric_datasets\dataset_02\original\Turmeric Plant Disease\Healthy Leaf\Healthy Leaf00096.JPG,https://data.mendeley.com/public-files/datasets/g46dvrcvwn/files/fb82efd6-bd52-488e-be42-f4e2e619088b/file_downloaded
Dataset_02_g46dvrcvwn,Healthy Leaf00097.JPG,original,Healthy_Leaf,Healthy Leaf,NOT_PROVIDED_PER_FILE (ZIP_VERIFIED),4c4a35df04ea92b70679ab16eb77a556eb3aa832f2f22673f6bf153dafd8dbed,ZIP_SHA256_VERIFIED,fefcf0e0c0838f3d,230468,,SUCCESS,D:\curuma\turmeric_datasets\dataset_02\original\Turmeric Plant Disease\Healthy Leaf\Healthy Leaf00097.JPG,https://data.mendeley.com/public-files/datasets/g46dvrcvwn/files/fb82efd6-bd52-488e-be42-f4e2e619088b/file_downloaded
Dataset_02_g46dvrcvwn,Healthy Leaf00098.JPG,original,Healthy_Leaf,Healthy Leaf,NOT_PROVIDED_PER_FILE (ZIP_VERIFIED),b5969fdeecef6ce7e907f85c6a464bcc0c3f6ce43601667b7eb759395cc1454e,ZIP_SHA256_VERIFIED,f7f7e7c3c3838787,225361,,SUCCESS,D:\curuma\turmeric_datasets\dataset_02\original\Turmeric Plant Disease\Healthy Leaf\Healthy Leaf00098.JPG,https://data.mendeley.com/public-files/datasets/g46dvrcvwn/files/fb82efd6-bd52-488e-be42-f4e2e619088b/file_downloaded
Dataset_02_g46dvrcvwn,Healthy Leaf00099.JPG,original,Healthy_Leaf,Healthy Leaf,NOT_PROVIDED_PER_FILE (ZIP_VERIFIED),32fde7274d7d884a47def236e436e677e2a485f8c2751ba3209ada4148042c8c,ZIP_SHA256_VERIFIED,c3c3c3c7c7c7efe6,215141,,SUCCESS,D:\curuma\turmeric_datasets\dataset_02\original\Turmeric Plant Disease\Healthy Leaf\Healthy Leaf00099.JPG,https://data.mendeley.com/public-files/datasets/g46dvrcvwn/files/fb82efd6-bd52-488e-be42-f4e2e619088b/file_downloaded
Dataset_02_g46dvrcvwn,Healthy Leaf00100.JPG,original,Healthy_Leaf,Healthy Leaf,NOT_PROVIDED_PER_FILE (ZIP_VERIFIED),d02f8e8d1e0fe553b562a4b06151b0e4679edb9666a028458d43a6192985ea05,ZIP_SHA256_VERIFIED,00f9f1e3c79fbf00,296062,,SUCCESS,D:\curuma\turmeric_datasets\dataset_02\original\Turmeric Plant Disease\Healthy Leaf\Healthy Leaf00100.JPG,https://data.mendeley.com/public-files/datasets/g46dvrcvwn/files/fb82efd6-bd52-488e-be42-f4e2e619088b/file_downloaded
Dataset_02_g46dvrcvwn,Healthy Leaf00101.JPG,original,Healthy_Leaf,Healthy Leaf,NOT_PROVIDED_PER_FILE (ZIP_VERIFIED),66f5876988111b0ef31a9386c3b8472080e6e64819feeb34596bd3a511e0dd04,ZIP_SHA256_VERIFIED,0000f8e1c3871fff,308948,,SUCCESS,D:\curuma\turmeric_datasets\dataset_02\original\Turmeric Plant Disease\Healthy Leaf\Healthy Leaf00101.JPG,https://data.mendeley.com/public-files/datasets/g46dvrcvwn/files/fb82efd6-bd52-488e-be42-f4e2e619088b/file_downloaded
Dataset_02_g46dvrcvwn,Healthy Leaf00102.JPG,original,Healthy_Leaf,Healthy Leaf,NOT_PROVIDED_PER_FILE (ZIP_VERIFIED),1b7ffcfd1de997754f73b9dde2948c75a213f5c292cb3d28f024963f924466f0,ZIP_SHA256_VERIFIED,fdfbe3c383830303,220836,,SUCCESS,D:\curuma\turmeric_datasets\dataset_02\original\Turmeric Plant Disease\Healthy Leaf\Healthy Leaf00102.JPG,https://data.mendeley.com/public-files/datasets/g46dvrcvwn/files/fb82efd6-bd52-488e-be42-f4e2e619088b/file_downloaded
Dataset_02_g46dvrcvwn,Healthy Leaf00103.JPG,original,Healthy_Leaf,Healthy Leaf,NOT_PROVIDED_PER_FILE (ZIP_VERIFIED),5f6075151a9cbe15eff64cb9220d98bb3e177b62223e5fe6d067322eee1e632a,ZIP_SHA256_VERIFIED,878703070f17272f,275816,,SUCCESS,D:\curuma\turmeric_datasets\dataset_02\original\Turmeric Plant Disease\Healthy Leaf\Healthy Leaf00103.JPG,https://data.mendeley.com/public-files/datasets/g46dvrcvwn/files/fb82efd6-bd52-488e-be42-f4e2e619088b/file_downloaded
Dataset_02_g46dvrcvwn,Healthy Leaf00104.JPG,original,Healthy_Leaf,Healthy Leaf,NOT_PROVIDED_PER_FILE (ZIP_VERIFIED),f5af1d01bb558dc8d0d3adc891e30fb3fe2177160be3620267a3a2526d08d20a,ZIP_SHA256_VERIFIED,fdf1c383070f1f3f,237924,,SUCCESS,D:\curuma\turmeric_datasets\dataset_02\original\Turmeric Plant Disease\Healthy Leaf\Healthy Leaf00104.JPG,https://data.mendeley.com/public-files/datasets/g46dvrcvwn/files/fb82efd6-bd52-488e-be42-f4e2e619088b/file_downloaded
Dataset_02_g46dvrcvwn,Healthy Leaf00105.JPG,original,Healthy_Leaf,Healthy Leaf,NOT_PROVIDED_PER_FILE (ZIP_VERIFIED),60c6972b603b71a076ee300ff5535e2dbae9d71fc7d21a78cdb90542dbc7dbef,ZIP_SHA256_VERIFIED,f8f0e0e1c383870f,240108,,SUCCESS,D:\curuma\turmeric_datasets\dataset_02\original\Turmeric Plant Disease\Healthy Leaf\Healthy Leaf00105.JPG,https://data.mendeley.com/public-files/datasets/g46dvrcvwn/files/fb82efd6-bd52-488e-be42-f4e2e619088b/file_downloaded
Dataset_02_g46dvrcvwn,Healthy Leaf00106.JPG,original,Healthy_Leaf,Healthy Leaf,NOT_PROVIDED_PER_FILE (ZIP_VERIFIED),eeb90b6abcf5ae5bea692da7288fafb89d46a6aa308b5c85fff3b20fe547ec8d,ZIP_SHA256_VERIFIED,f8f0e0e1c3878f1f,243612,,SUCCESS,D:\curuma\turmeric_datasets\dataset_02\original\Turmeric Plant Disease\Healthy Leaf\Healthy Leaf00106.JPG,https://data.mendeley.com/public-files/datasets/g46dvrcvwn/files/fb82efd6-bd52-488e-be42-f4e2e619088b/file_downloaded
Dataset_02_g46dvrcvwn,Healthy Leaf00107.JPG,original,Healthy_Leaf,Healthy Leaf,NOT_PROVIDED_PER_FILE (ZIP_VERIFIED),ac0e2218e8f95c1b07de3e8282b7e9b63cb6489ecfce1390c91ef672d8edc356,ZIP_SHA256_VERIFIED,fffbf3e383870706,222916,,SUCCESS,D:\curuma\turmeric_datasets\dataset_02\original\Turmeric Plant Disease\Healthy Leaf\Healthy Leaf00107.JPG,https://data.mendeley.com/public-files/datasets/g46dvrcvwn/files/fb82efd6-bd52-488e-be42-f4e2e619088b/file_downloaded
Dataset_02_g46dvrcvwn,Healthy Leaf00108.JPG,original,Healthy_Leaf,Healthy Leaf,NOT_PROVIDED_PER_FILE (ZIP_VERIFIED),bcbc5c254b0923c374a1f02371427c186229418f88258d477567fe1d8e110447,ZIP_SHA256_VERIFIED,f1e1e3c183838707,243947,,SUCCESS,D:\curuma\turmeric_datasets\dataset_02\original\Turmeric Plant Disease\Healthy Leaf\Healthy Leaf00108.JPG,https://data.mendeley.com/public-files/datasets/g46dvrcvwn/files/fb82efd6-bd52-488e-be42-f4e2e619088b/file_downloaded
Dataset_02_g46dvrcvwn,Healthy Leaf00109.JPG,original,Healthy_Leaf,Healthy Leaf,NOT_PROVIDED_PER_FILE (ZIP_VERIFIED),74f97c16a8b80f52d6281d8a65a2f0973d84eec204558c9fe305758a0173cf37,ZIP_SHA256_VERIFIED,a7c3c3c3c3c3c3c3,238104,,SUCCESS,D:\curuma\turmeric_datasets\dataset_02\original\Turmeric Plant Disease\Healthy Leaf\Healthy Leaf00109.JPG,https://data.mendeley.com/public-files/datasets/g46dvrcvwn/files/fb82efd6-bd52-488e-be42-f4e2e619088b/file_downloaded
Dataset_02_g46dvrcvwn,Healthy Leaf00110.JPG,original,Healthy_Leaf,Healthy Leaf,NOT_PROVIDED_PER_FILE (ZIP_VERIFIED),92ed46f3c5d99db7b77c1a074faae69257ba9c242035176a5119682c1512504e,ZIP_SHA256_VERIFIED,00c0f9e1830f7fef,260900,,SUCCESS,D:\curuma\turmeric_datasets\dataset_02\original\Turmeric Plant Disease\Healthy Leaf\Healthy Leaf00110.JPG,https://data.mendeley.com/public-files/datasets/g46dvrcvwn/files/fb82efd6-bd52-488e-be42-f4e2e619088b/file_downloaded
Dataset_02_g46dvrcvwn,Healthy Leaf00111.JPG,original,Healthy_Leaf,Healthy Leaf,NOT_PROVIDED_PER_FILE (ZIP_VERIFIED),c96d1dcaf0c2573c8271e35c2f99732daacfa0803f2dc6aef66b53b3995c5736,ZIP_SHA256_VERIFIED,bc9f8f87c7c3c1e1,228579,,SUCCESS,D:\curuma\turmeric_datasets\dataset_02\original\Turmeric Plant Disease\Healthy Leaf\Healthy Leaf00111.JPG,https://data.mendeley.com/public-files/datasets/g46dvrcvwn/files/fb82efd6-bd52-488e-be42-f4e2e619088b/file_downloaded
Dataset_02_g46dvrcvwn,Healthy Leaf00112.JPG,original,Healthy_Leaf,Healthy Leaf,NOT_PROVIDED_PER_FILE (ZIP_VERIFIED),e659ca0b222a9a5185b0b08bf4cd07ea2954f796f2e34fd199e66cffeb9c9f87,ZIP_SHA256_VERIFIED,ffcf8f8787078787,212195,,SUCCESS,D:\curuma\turmeric_datasets\dataset_02\original\Turmeric Plant Disease\Healthy Leaf\Healthy Leaf00112.JPG,https://data.mendeley.com/public-files/datasets/g46dvrcvwn/files/fb82efd6-bd52-488e-be42-f4e2e619088b/file_downloaded
Dataset_02_g46dvrcvwn,Healthy Leaf00113.JPG,original,Healthy_Leaf,Healthy Leaf,NOT_PROVIDED_PER_FILE (ZIP_VERIFIED),7f02fb94ff820bdf7d7de571e1ec2c29d6516a690aafa780fd160bb4485a446b,ZIP_SHA256_VERIFIED,e7c7c7c7c787878f,189146,,SUCCESS,D:\curuma\turmeric_datasets\dataset_02\original\Turmeric Plant Disease\Healthy Leaf\Healthy Leaf00113.JPG,https://data.mendeley.com/public-files/datasets/g46dvrcvwn/files/fb82efd6-bd52-488e-be42-f4e2e619088b/file_downloaded
Dataset_02_g46dvrcvwn,Healthy Leaf00114.JPG,original,Healthy_Leaf,Healthy Leaf,NOT_PROVIDED_PER_FILE (ZIP_VERIFIED),f9c72dd9720d05ba0abdcc7c780a8fc8b42572223d3cfdcebc341afe28f42619,ZIP_SHA256_VERIFIED,ffbf9f8f878783c3,193330,,SUCCESS,D:\curuma\turmeric_datasets\dataset_02\original\Turmeric Plant Disease\Healthy Leaf\Healthy Leaf00114.JPG,https://data.mendeley.com/public-files/datasets/g46dvrcvwn/files/fb82efd6-bd52-488e-be42-f4e2e619088b/file_downloaded
Dataset_02_g46dvrcvwn,Healthy Leaf00115.JPG,original,Healthy_Leaf,Healthy Leaf,NOT_PROVIDED_PER_FILE (ZIP_VERIFIED),da819f1f68685664b2eb646d5b1f56fb2b0aa9b19b6b5e1a7918ee17782f59b9,ZIP_SHA256_VERIFIED,f3e3e3c3c7878787,213395,,SUCCESS,D:\curuma\turmeric_datasets\dataset_02\original\Turmeric Plant Disease\Healthy Leaf\Healthy Leaf00115.JPG,https://data.mendeley.com/public-files/datasets/g46dvrcvwn/files/fb82efd6-bd52-488e-be42-f4e2e619088b/file_downloaded
Dataset_02_g46dvrcvwn,Healthy Leaf00116.JPG,original,Healthy_Leaf,Healthy Leaf,NOT_PROVIDED_PER_FILE (ZIP_VERIFIED),7d07e0c8734d710606543987ddba40bfe37d41c934f777ad905768d068c5cc51,ZIP_SHA256_VERIFIED,ff9f8fc7c3c1e0f0,216202,,SUCCESS,D:\curuma\turmeric_datasets\dataset_02\original\Turmeric Plant Disease\Healthy Leaf\Healthy Leaf00116.JPG,https://data.mendeley.com/public-files/datasets/g46dvrcvwn/files/fb82efd6-bd52-488e-be42-f4e2e619088b/file_downloaded
Dataset_02_g46dvrcvwn,Healthy Leaf00117.JPG,original,Healthy_Leaf,Healthy Leaf,NOT_PROVIDED_PER_FILE (ZIP_VERIFIED),b03cae5456b9492d297c67b52e4096ee6d849bee3287a30c7b95bcb4f9dd0012,ZIP_SHA256_VERIFIED,cfc7c7c787878787,222880,,SUCCESS,D:\curuma\turmeric_datasets\dataset_02\original\Turmeric Plant Disease\Healthy Leaf\Healthy Leaf00117.JPG,https://data.mendeley.com/public-files/datasets/g46dvrcvwn/files/fb82efd6-bd52-488e-be42-f4e2e619088b/file_downloaded
Dataset_02_g46dvrcvwn,Healthy Leaf00118.JPG,original,Healthy_Leaf,Healthy Leaf,NOT_PROVIDED_PER_FILE (ZIP_VERIFIED),ca414d94805f01ebb6ea92ce201f96d093eff7a2145bcffbd1ddff482335309f,ZIP_SHA256_VERIFIED,fff8e1c3830f1f3f,228907,,SUCCESS,D:\curuma\turmeric_datasets\dataset_02\original\Turmeric Plant Disease\Healthy Leaf\Healthy Leaf00118.JPG,https://data.mendeley.com/public-files/datasets/g46dvrcvwn/files/fb82efd6-bd52-488e-be42-f4e2e619088b/file_downloaded
Dataset_02_g46dvrcvwn,Healthy Leaf00119.JPG,original,Healthy_Leaf,Healthy Leaf,NOT_PROVIDED_PER_FILE (ZIP_VERIFIED),48d474dfd36d001f51548485f9ce5b7d0af5ff1905f5223da37e2ef794883c7d,ZIP_SHA256_VERIFIED,fffcf0e0c3870f7f,230152,,SUCCESS,D:\curuma\turmeric_datasets\dataset_02\original\Turmeric Plant Disease\Healthy Leaf\Healthy Leaf00119.JPG,https://data.mendeley.com/public-files/datasets/g46dvrcvwn/files/fb82efd6-bd52-488e-be42-f4e2e619088b/file_downloaded
Dataset_02_g46dvrcvwn,Healthy Leaf00120.JPG,original,Healthy_Leaf,Healthy Leaf,NOT_PROVIDED_PER_FILE (ZIP_VERIFIED),0b7fff6b750031f4f477a515b6cdada968725a8aebcf66c5dd6023ebca49ff15,ZIP_SHA256_VERIFIED,fff8e1c3870f1f7b,220055,,SUCCESS,D:\curuma\turmeric_datasets\dataset_02\original\Turmeric Plant Disease\Healthy Leaf\Healthy Leaf00120.JPG,https://data.mendeley.com/public-files/datasets/g46dvrcvwn/files/fb82efd6-bd52-488e-be42-f4e2e619088b/file_downloaded
Dataset_02_g46dvrcvwn,Healthy Leaf00121.JPG,original,Healthy_Leaf,Healthy Leaf,NOT_PROVIDED_PER_FILE (ZIP_VERIFIED),f346904f5a999d721ba65b19cefa1e388beee66ad4b685dd267c36f2dad6ddd1,ZIP_SHA256_VERIFIED,fefcf0e0c1838f7f,230022,,SUCCESS,D:\curuma\turmeric_datasets\dataset_02\original\Turmeric Plant Disease\Healthy Leaf\Healthy Leaf00121.JPG,https://data.mendeley.com/public-files/datasets/g46dvrcvwn/files/fb82efd6-bd52-488e-be42-f4e2e619088b/file_downloaded
Dataset_02_g46dvrcvwn,Healthy Leaf00122.JPG,original,Healthy_Leaf,Healthy Leaf,NOT_PROVIDED_PER_FILE (ZIP_VERIFIED),fabf7441b7c4a18721f6de53dab4ac6d52d8f2fd507d00b181520c07a5e4d7a8,ZIP_SHA256_VERIFIED,fef8f0e0c083873f,237267,,SUCCESS,D:\curuma\turmeric_datasets\dataset_02\original\Turmeric Plant Disease\Healthy Leaf\Healthy Leaf00122.JPG,https://data.mendeley.com/public-files/datasets/g46dvrcvwn/files/fb82efd6-bd52-488e-be42-f4e2e619088b/file_downloaded
Dataset_02_g46dvrcvwn,Healthy Leaf00123.JPG,original,Healthy_Leaf,Healthy Leaf,NOT_PROVIDED_PER_FILE (ZIP_VERIFIED),e35c027ed1b063f294a30b013aefd35df865ea71c35265d83df29bf682322d90,ZIP_SHA256_VERIFIED,f8e0e1c183070f3f,265860,,SUCCESS,D:\curuma\turmeric_datasets\dataset_02\original\Turmeric Plant Disease\Healthy Leaf\Healthy Leaf00123.JPG,https://data.mendeley.com/public-files/datasets/g46dvrcvwn/files/fb82efd6-bd52-488e-be42-f4e2e619088b/file_downloaded
Dataset_02_g46dvrcvwn,Healthy Leaf00124.JPG,original,Healthy_Leaf,Healthy Leaf,NOT_PROVIDED_PER_FILE (ZIP_VERIFIED),7b4e27b8b9de9808cd403d532f003b31de5d27fa83e20a2b1f3a41881bd0d039,ZIP_SHA256_VERIFIED,fff9c38303070f0f,248321,,SUCCESS,D:\curuma\turmeric_datasets\dataset_02\original\Turmeric Plant Disease\Healthy Leaf\Healthy Leaf00124.JPG,https://data.mendeley.com/public-files/datasets/g46dvrcvwn/files/fb82efd6-bd52-488e-be42-f4e2e619088b/file_downloaded
Dataset_02_g46dvrcvwn,Healthy Leaf00125.JPG,original,Healthy_Leaf,Healthy Leaf,NOT_PROVIDED_PER_FILE (ZIP_VERIFIED),af2ff45b90da1f2419a952e3cf49178502654e5270cdf628fabb4b7e752da2cf,ZIP_SHA256_VERIFIED,fbfbf3c383030707,244059,,SUCCESS,D:\curuma\turmeric_datasets\dataset_02\original\Turmeric Plant Disease\Healthy Leaf\Healthy Leaf00125.JPG,https://data.mendeley.com/public-files/datasets/g46dvrcvwn/files/fb82efd6-bd52-488e-be42-f4e2e619088b/file_downloaded
Dataset_02_g46dvrcvwn,Healthy Leaf00126.JPG,original,Healthy_Leaf,Healthy Leaf,NOT_PROVIDED_PER_FILE (ZIP_VERIFIED),74dd7b6f398d76088b35768264ea6c157d594265f27e0ec313e6658e297ab00c,ZIP_SHA256_VERIFIED,ff8f83c1c0c0e0f0,189632,,SUCCESS,D:\curuma\turmeric_datasets\dataset_02\original\Turmeric Plant Disease\Healthy Leaf\Healthy Leaf00126.JPG,https://data.mendeley.com/public-files/datasets/g46dvrcvwn/files/fb82efd6-bd52-488e-be42-f4e2e619088b/file_downloaded
Dataset_02_g46dvrcvwn,Healthy Leaf00127.JPG,original,Healthy_Leaf,Healthy Leaf,NOT_PROVIDED_PER_FILE (ZIP_VERIFIED),a3490879802b5cc00d6a74f12f1f5949d31bd805857a9d407523bfe3e143123c,ZIP_SHA256_VERIFIED,f1fff8c1810307f3,241893,,SUCCESS,D:\curuma\turmeric_datasets\dataset_02\original\Turmeric Plant Disease\Healthy Leaf\Healthy Leaf00127.JPG,https://data.mendeley.com/public-files/datasets/g46dvrcvwn/files/fb82efd6-bd52-488e-be42-f4e2e619088b/file_downloaded
Dataset_02_g46dvrcvwn,Healthy Leaf00128.JPG,original,Healthy_Leaf,Healthy Leaf,NOT_PROVIDED_PER_FILE (ZIP_VERIFIED),b95bf50ce34146f0e4263e19a6909b45fd0f0cecec7543dbc7702cf6b3edc8fd,ZIP_SHA256_VERIFIED,ff1f83c0c0f0f8fc,204113,,SUCCESS,D:\curuma\turmeric_datasets\dataset_02\original\Turmeric Plant Disease\Healthy Leaf\Healthy Leaf00128.JPG,https://data.mendeley.com/public-files/datasets/g46dvrcvwn/files/fb82efd6-bd52-488e-be42-f4e2e619088b/file_downloaded
Dataset_02_g46dvrcvwn,Healthy Leaf00129.JPG,original,Healthy_Leaf,Healthy Leaf,NOT_PROVIDED_PER_FILE (ZIP_VERIFIED),a86787c114d3e40bfcfdbdc85d9f209ca103b80e0da1858f1e646bdc1e89dc69,ZIP_SHA256_VERIFIED,ff1f83c0c0e0f0f8,207729,,SUCCESS,D:\curuma\turmeric_datasets\dataset_02\original\Turmeric Plant Disease\Healthy Leaf\Healthy Leaf00129.JPG,https://data.mendeley.com/public-files/datasets/g46dvrcvwn/files/fb82efd6-bd52-488e-be42-f4e2e619088b/file_downloaded
Dataset_02_g46dvrcvwn,Healthy Leaf00130.JPG,original,Healthy_Leaf,Healthy Leaf,NOT_PROVIDED_PER_FILE (ZIP_VERIFIED),8dd15d6d930de2e7c23cf855742b0974f0f64fb82a49cbb5dc9515cb77bf6833,ZIP_SHA256_VERIFIED,fff9e1c18383070f,272902,,SUCCESS,D:\curuma\turmeric_datasets\dataset_02\original\Turmeric Plant Disease\Healthy Leaf\Healthy Leaf00130.JPG,https://data.mendeley.com/public-files/datasets/g46dvrcvwn/files/fb82efd6-bd52-488e-be42-f4e2e619088b/file_downloaded
Dataset_02_g46dvrcvwn,Healthy Leaf00131.JPG,original,Healthy_Leaf,Healthy Leaf,NOT_PROVIDED_PER_FILE (ZIP_VERIFIED),c95e1680fc14b45af332fe7950fc707b4e649b682c28ea73ba6aabd31bd93890,ZIP_SHA256_VERIFIED,fff3e3c38387070f,245424,,SUCCESS,D:\curuma\turmeric_datasets\dataset_02\original\Turmeric Plant Disease\Healthy Leaf\Healthy Leaf00131.JPG,https://data.mendeley.com/public-files/datasets/g46dvrcvwn/files/fb82efd6-bd52-488e-be42-f4e2e619088b/file_downloaded
Dataset_02_g46dvrcvwn,Healthy Leaf00132.JPG,original,Healthy_Leaf,Healthy Leaf,NOT_PROVIDED_PER_FILE (ZIP_VERIFIED),08b6ae4bf13741a09703b1bb032121399aa9a8c4292a06e991acb97e8b754238,ZIP_SHA256_VERIFIED,fdf9e1c3c387070d,268106,,SUCCESS,D:\curuma\turmeric_datasets\dataset_02\original\Turmeric Plant Disease\Healthy Leaf\Healthy Leaf00132.JPG,https://data.mendeley.com/public-files/datasets/g46dvrcvwn/files/fb82efd6-bd52-488e-be42-f4e2e619088b/file_downloaded
Dataset_02_g46dvrcvwn,Healthy Leaf00133.JPG,original,Healthy_Leaf,Healthy Leaf,NOT_PROVIDED_PER_FILE (ZIP_VERIFIED),abb5d5aee56e8839648b135a00c062b4f2d7f8d158960d6468d92f143ac71aef,ZIP_SHA256_VERIFIED,fcf1c183071f3fdf,246855,,SUCCESS,D:\curuma\turmeric_datasets\dataset_02\original\Turmeric Plant Disease\Healthy Leaf\Healthy Leaf00133.JPG,https://data.mendeley.com/public-files/datasets/g46dvrcvwn/files/fb82efd6-bd52-488e-be42-f4e2e619088b/file_downloaded
Dataset_02_g46dvrcvwn,Healthy Leaf00134.JPG,original,Healthy_Leaf,Healthy Leaf,NOT_PROVIDED_PER_FILE (ZIP_VERIFIED),0e0052501aebbbef135ca2ea4fa1b80b9fc0d68f46efbb24436905078d8b00d2,ZIP_SHA256_VERIFIED,fffcf0e0c1870f2f,250054,,SUCCESS,D:\curuma\turmeric_datasets\dataset_02\original\Turmeric Plant Disease\Healthy Leaf\Healthy Leaf00134.JPG,https://data.mendeley.com/public-files/datasets/g46dvrcvwn/files/fb82efd6-bd52-488e-be42-f4e2e619088b/file_downloaded
Dataset_02_g46dvrcvwn,Healthy Leaf00135.JPG,original,Healthy_Leaf,Healthy Leaf,NOT_PROVIDED_PER_FILE (ZIP_VERIFIED),57663e7e65c24becd4aa3372d928debff39f68257d36c0f532f6438cf0109a3b,ZIP_SHA256_VERIFIED,fbf3f3e7c7c78f9e,213309,,SUCCESS,D:\curuma\turmeric_datasets\dataset_02\original\Turmeric Plant Disease\Healthy Leaf\Healthy Leaf00135.JPG,https://data.mendeley.com/public-files/datasets/g46dvrcvwn/files/fb82efd6-bd52-488e-be42-f4e2e619088b/file_downloaded
Dataset_02_g46dvrcvwn,Healthy Leaf00136.JPG,original,Healthy_Leaf,Healthy Leaf,NOT_PROVIDED_PER_FILE (ZIP_VERIFIED),3d7520ea27034299eefb46496879972227dc5dd6071c5f426dd12a076b90de1e,ZIP_SHA256_VERIFIED,fff3e7e7c7c78787,228303,,SUCCESS,D:\curuma\turmeric_datasets\dataset_02\original\Turmeric Plant Disease\Healthy Leaf\Healthy Leaf00136.JPG,https://data.mendeley.com/public-files/datasets/g46dvrcvwn/files/fb82efd6-bd52-488e-be42-f4e2e619088b/file_downloaded
Dataset_02_g46dvrcvwn,Healthy Leaf00137.JPG,original,Healthy_Leaf,Healthy Leaf,NOT_PROVIDED_PER_FILE (ZIP_VERIFIED),c06254e0be781bc96ff4e6c3ffaee7e3a8c9221c7ca0b2cde1b8e190ee148487,ZIP_SHA256_VERIFIED,f1e1e3c3c7c78f8f,233861,,SUCCESS,D:\curuma\turmeric_datasets\dataset_02\original\Turmeric Plant Disease\Healthy Leaf\Healthy Leaf00137.JPG,https://data.mendeley.com/public-files/datasets/g46dvrcvwn/files/fb82efd6-bd52-488e-be42-f4e2e619088b/file_downloaded
Dataset_02_g46dvrcvwn,Healthy Leaf00138.JPG,original,Healthy_Leaf,Healthy Leaf,NOT_PROVIDED_PER_FILE (ZIP_VERIFIED),90a31ba85df54f4e87cb542dd9d6385a46ef326d403f763c38d937eeb7ec0cf0,ZIP_SHA256_VERIFIED,f0f0e1e3e7e7cf8f,251037,,SUCCESS,D:\curuma\turmeric_datasets\dataset_02\original\Turmeric Plant Disease\Healthy Leaf\Healthy Leaf00138.JPG,https://data.mendeley.com/public-files/datasets/g46dvrcvwn/files/fb82efd6-bd52-488e-be42-f4e2e619088b/file_downloaded
Dataset_02_g46dvrcvwn,Healthy Leaf00139.JPG,original,Healthy_Leaf,Healthy Leaf,NOT_PROVIDED_PER_FILE (ZIP_VERIFIED),10c1483af67b2e9cb813f0d4bb8648bfcad76301cbeb768d58cbfe2d78e5e43f,ZIP_SHA256_VERIFIED,fbf3e7e7c7cf9f9c,212313,,SUCCESS,D:\curuma\turmeric_datasets\dataset_02\original\Turmeric Plant Disease\Healthy Leaf\Healthy Leaf00139.JPG,https://data.mendeley.com/public-files/datasets/g46dvrcvwn/files/fb82efd6-bd52-488e-be42-f4e2e619088b/file_downloaded
Dataset_02_g46dvrcvwn,Healthy Leaf00140.JPG,original,Healthy_Leaf,Healthy Leaf,NOT_PROVIDED_PER_FILE (ZIP_VERIFIED),77163599788edcd985bebf5d475811901f9cc64cfd976ec610ea3601c47099df,ZIP_SHA256_VERIFIED,f7e7e7c7c78f8e9e,214985,,SUCCESS,D:\curuma\turmeric_datasets\dataset_02\original\Turmeric Plant Disease\Healthy Leaf\Healthy Leaf00140.JPG,https://data.mendeley.com/public-files/datasets/g46dvrcvwn/files/fb82efd6-bd52-488e-be42-f4e2e619088b/file_downloaded
Dataset_02_g46dvrcvwn,Healthy Leaf00141.JPG,original,Healthy_Leaf,Healthy Leaf,NOT_PROVIDED_PER_FILE (ZIP_VERIFIED),7b9f286b3ce0c0140f7768ae1e7bfd1e8148b87f7b19e28f62434f4c9226a37e,ZIP_SHA256_VERIFIED,f3e3e3c7c7c78f8f,234603,,SUCCESS,D:\curuma\turmeric_datasets\dataset_02\original\Turmeric Plant Disease\Healthy Leaf\Healthy Leaf00141.JPG,https://data.mendeley.com/public-files/datasets/g46dvrcvwn/files/fb82efd6-bd52-488e-be42-f4e2e619088b/file_downloaded
Dataset_02_g46dvrcvwn,Healthy Leaf00142.JPG,original,Healthy_Leaf,Healthy Leaf,NOT_PROVIDED_PER_FILE (ZIP_VERIFIED),2973c79d9814025fdd0039838bfdc33cf903c62a0f71d4153bd4a6c938aa39d5,ZIP_SHA256_VERIFIED,3ff7e7c7c7c7878f,219579,,SUCCESS,D:\curuma\turmeric_datasets\dataset_02\original\Turmeric Plant Disease\Healthy Leaf\Healthy Leaf00142.JPG,https://data.mendeley.com/public-files/datasets/g46dvrcvwn/files/fb82efd6-bd52-488e-be42-f4e2e619088b/file_downloaded
Dataset_02_g46dvrcvwn,Healthy Leaf00143.JPG,original,Healthy_Leaf,Healthy Leaf,NOT_PROVIDED_PER_FILE (ZIP_VERIFIED),e15edd0294ed7ed7eebb538cfbf097b86f09859250ef7dec2f27f16290212bc7,ZIP_SHA256_VERIFIED,fbf3e3e3c3c38387,242757,,SUCCESS,D:\curuma\turmeric_datasets\dataset_02\original\Turmeric Plant Disease\Healthy Leaf\Healthy Leaf00143.JPG,https://data.mendeley.com/public-files/datasets/g46dvrcvwn/files/fb82efd6-bd52-488e-be42-f4e2e619088b/file_downloaded
Dataset_02_g46dvrcvwn,Healthy Leaf00144.JPG,original,Healthy_Leaf,Healthy Leaf,NOT_PROVIDED_PER_FILE (ZIP_VERIFIED),cb312b5f37492ab834a29051df4fb615f43c299dd69d1e8f36d795d5496ff900,ZIP_SHA256_VERIFIED,e3c3c3c387878f8f,250617,,SUCCESS,D:\curuma\turmeric_datasets\dataset_02\original\Turmeric Plant Disease\Healthy Leaf\Healthy Leaf00144.JPG,https://data.mendeley.com/public-files/datasets/g46dvrcvwn/files/fb82efd6-bd52-488e-be42-f4e2e619088b/file_downloaded
Dataset_02_g46dvrcvwn,Healthy Leaf00145.JPG,original,Healthy_Leaf,Healthy Leaf,NOT_PROVIDED_PER_FILE (ZIP_VERIFIED),b040ab94a192522214645127f22d58d018640851e6fda0469fb4a418d57df1e3,ZIP_SHA256_VERIFIED,e1e1c3c3c78f9f9f,248651,,SUCCESS,D:\curuma\turmeric_datasets\dataset_02\original\Turmeric Plant Disease\Healthy Leaf\Healthy Leaf00145.JPG,https://data.mendeley.com/public-files/datasets/g46dvrcvwn/files/fb82efd6-bd52-488e-be42-f4e2e619088b/file_downloaded
Dataset_02_g46dvrcvwn,Healthy Leaf00146.JPG,original,Healthy_Leaf,Healthy Leaf,NOT_PROVIDED_PER_FILE (ZIP_VERIFIED),86d6d517c1974df9057443d24f05b999bdf6503dff745c289b86768e20cef20e,ZIP_SHA256_VERIFIED,f7e7e7c787870707,238349,,SUCCESS,D:\curuma\turmeric_datasets\dataset_02\original\Turmeric Plant Disease\Healthy Leaf\Healthy Leaf00146.JPG,https://data.mendeley.com/public-files/datasets/g46dvrcvwn/files/fb82efd6-bd52-488e-be42-f4e2e619088b/file_downloaded
Dataset_02_g46dvrcvwn,Healthy Leaf00147.JPG,original,Healthy_Leaf,Healthy Leaf,NOT_PROVIDED_PER_FILE (ZIP_VERIFIED),bac2e91a010f4862c87bf38be18f08a4a7d3e92272e5dbfe7c0c186225cb7499,ZIP_SHA256_VERIFIED,c7c787878787878f,250251,,SUCCESS,D:\curuma\turmeric_datasets\dataset_02\original\Turmeric Plant Disease\Healthy Leaf\Healthy Leaf00147.JPG,https://data.mendeley.com/public-files/datasets/g46dvrcvwn/files/fb82efd6-bd52-488e-be42-f4e2e619088b/file_downloaded
Dataset_02_g46dvrcvwn,Healthy Leaf00148.JPG,original,Healthy_Leaf,Healthy Leaf,NOT_PROVIDED_PER_FILE (ZIP_VERIFIED),5311e607d00c5a57018242b49e124c45db99fdf5c18b4a3a2ec9c1a331d6fe41,ZIP_SHA256_VERIFIED,f0f0e0c1c387cf9f,265438,,SUCCESS,D:\curuma\turmeric_datasets\dataset_02\original\Turmeric Plant Disease\Healthy Leaf\Healthy Leaf00148.JPG,https://data.mendeley.com/public-files/datasets/g46dvrcvwn/files/fb82efd6-bd52-488e-be42-f4e2e619088b/file_downloaded
Dataset_02_g46dvrcvwn,Healthy Leaf00149.JPG,original,Healthy_Leaf,Healthy Leaf,NOT_PROVIDED_PER_FILE (ZIP_VERIFIED),bbe3c5c7414e38f1a8f51b30be80b8c96cdeaf34aa860335840ff5569a9a55b0,ZIP_SHA256_VERIFIED,fcf8e1c3830f1f3b,253478,,SUCCESS,D:\curuma\turmeric_datasets\dataset_02\original\Turmeric Plant Disease\Healthy Leaf\Healthy Leaf00149.JPG,https://data.mendeley.com/public-files/datasets/g46dvrcvwn/files/fb82efd6-bd52-488e-be42-f4e2e619088b/file_downloaded
Dataset_02_g46dvrcvwn,Healthy Leaf00150.JPG,original,Healthy_Leaf,Healthy Leaf,NOT_PROVIDED_PER_FILE (ZIP_VERIFIED),e07104a6fc0a016a618a2a845beaab06e7fdee0bc6543c282bc30fe1bde48907,ZIP_SHA256_VERIFIED,ff0f83c0e0f8fefb,205069,,SUCCESS,D:\curuma\turmeric_datasets\dataset_02\original\Turmeric Plant Disease\Healthy Leaf\Healthy Leaf00150.JPG,https://data.mendeley.com/public-files/datasets/g46dvrcvwn/files/fb82efd6-bd52-488e-be42-f4e2e619088b/file_downloaded
Dataset_02_g46dvrcvwn,Healthy Leaf00151.JPG,original,Healthy_Leaf,Healthy Leaf,NOT_PROVIDED_PER_FILE (ZIP_VERIFIED),463c175453c4b8a3911530febe9a954b887588b44c262e0912ba0261bbd0e71c,ZIP_SHA256_VERIFIED,7fff7f1f0703e1df,200832,,SUCCESS,D:\curuma\turmeric_datasets\dataset_02\original\Turmeric Plant Disease\Healthy Leaf\Healthy Leaf00151.JPG,https://data.mendeley.com/public-files/datasets/g46dvrcvwn/files/fb82efd6-bd52-488e-be42-f4e2e619088b/file_downloaded
Dataset_02_g46dvrcvwn,Healthy Leaf00152.JPG,original,Healthy_Leaf,Healthy Leaf,NOT_PROVIDED_PER_FILE (ZIP_VERIFIED),fb977fb7b8a5a579af023bd858a8dce146cf1b0112918f4c9b2410a1a4d7158e,ZIP_SHA256_VERIFIED,f9e1c3c387070f0f,263598,,SUCCESS,D:\curuma\turmeric_datasets\dataset_02\original\Turmeric Plant Disease\Healthy Leaf\Healthy Leaf00152.JPG,https://data.mendeley.com/public-files/datasets/g46dvrcvwn/files/fb82efd6-bd52-488e-be42-f4e2e619088b/file_downloaded
Dataset_02_g46dvrcvwn,Healthy Leaf00153.JPG,original,Healthy_Leaf,Healthy Leaf,NOT_PROVIDED_PER_FILE (ZIP_VERIFIED),e30cafa8067053e190603ca6200aeddedb30ee6b02657ed92d0980085490e35f,ZIP_SHA256_VERIFIED,fdf1c3830307070f,276390,,SUCCESS,D:\curuma\turmeric_datasets\dataset_02\original\Turmeric Plant Disease\Healthy Leaf\Healthy Leaf00153.JPG,https://data.mendeley.com/public-files/datasets/g46dvrcvwn/files/fb82efd6-bd52-488e-be42-f4e2e619088b/file_downloaded
Dataset_02_g46dvrcvwn,Healthy Leaf00154.JPG,original,Healthy_Leaf,Healthy Leaf,NOT_PROVIDED_PER_FILE (ZIP_VERIFIED),4dadb85db320b2bd1e45de7ad94eeb566a099701bd18ac4b949f65d8b770fc9b,ZIP_SHA256_VERIFIED,f0e0e0c1c1c3c7c7,264457,,SUCCESS,D:\curuma\turmeric_datasets\dataset_02\original\Turmeric Plant Disease\Healthy Leaf\Healthy Leaf00154.JPG,https://data.mendeley.com/public-files/datasets/g46dvrcvwn/files/fb82efd6-bd52-488e-be42-f4e2e619088b/file_downloaded
Dataset_02_g46dvrcvwn,Healthy Leaf00155.JPG,original,Healthy_Leaf,Healthy Leaf,NOT_PROVIDED_PER_FILE (ZIP_VERIFIED),7f539fa50b708f5c7da581079272a7cbb1f3d25e401afa2725c28f20594e3915,ZIP_SHA256_VERIFIED,e4e7c7c3c3c3c3c3,240858,,SUCCESS,D:\curuma\turmeric_datasets\dataset_02\original\Turmeric Plant Disease\Healthy Leaf\Healthy Leaf00155.JPG,https://data.mendeley.com/public-files/datasets/g46dvrcvwn/files/fb82efd6-bd52-488e-be42-f4e2e619088b/file_downloaded
Dataset_02_g46dvrcvwn,Healthy Leaf00156.JPG,original,Healthy_Leaf,Healthy Leaf,NOT_PROVIDED_PER_FILE (ZIP_VERIFIED),1af3cf76d62b2f32adc8ae51fb3679dd30e7ab7e7b85d08791c3947767058837,ZIP_SHA256_VERIFIED,c3c3838383838181,277048,,SUCCESS,D:\curuma\turmeric_datasets\dataset_02\original\Turmeric Plant Disease\Healthy Leaf\Healthy Leaf00156.JPG,https://data.mendeley.com/public-files/datasets/g46dvrcvwn/files/fb82efd6-bd52-488e-be42-f4e2e619088b/file_downloaded
Dataset_02_g46dvrcvwn,Healthy Leaf00157.JPG,original,Healthy_Leaf,Healthy Leaf,NOT_PROVIDED_PER_FILE (ZIP_VERIFIED),51bc9513c92adef09a26547e4f48a502d2395bc03c50cb5377c8ad208593f622,ZIP_SHA256_VERIFIED,1f0f070381c0f0ff,284446,,SUCCESS,D:\curuma\turmeric_datasets\dataset_02\original\Turmeric Plant Disease\Healthy Leaf\Healthy Leaf00157.JPG,https://data.mendeley.com/public-files/datasets/g46dvrcvwn/files/fb82efd6-bd52-488e-be42-f4e2e619088b/file_downloaded
Dataset_02_g46dvrcvwn,Healthy Leaf00158.JPG,original,Healthy_Leaf,Healthy Leaf,NOT_PROVIDED_PER_FILE (ZIP_VERIFIED),2e19995b74ead7dc4dd1d1fe9ef1b484a754387429155b6e19bf79c20267106f,ZIP_SHA256_VERIFIED,ffdfcfc7c3c1c1c0,221324,,SUCCESS,D:\curuma\turmeric_datasets\dataset_02\original\Turmeric Plant Disease\Healthy Leaf\Healthy Leaf00158.JPG,https://data.mendeley.com/public-files/datasets/g46dvrcvwn/files/fb82efd6-bd52-488e-be42-f4e2e619088b/file_downloaded
Dataset_02_g46dvrcvwn,Healthy Leaf00159.JPG,original,Healthy_Leaf,Healthy Leaf,NOT_PROVIDED_PER_FILE (ZIP_VERIFIED),7dcfaf8a6c68160bca2661df5b5b977f155ec7bd470206b075d9819ca8222a1d,ZIP_SHA256_VERIFIED,03030383c1c1e1f1,277408,,SUCCESS,D:\curuma\turmeric_datasets\dataset_02\original\Turmeric Plant Disease\Healthy Leaf\Healthy Leaf00159.JPG,https://data.mendeley.com/public-files/datasets/g46dvrcvwn/files/fb82efd6-bd52-488e-be42-f4e2e619088b/file_downloaded
Dataset_02_g46dvrcvwn,Healthy Leaf00160.JPG,original,Healthy_Leaf,Healthy Leaf,NOT_PROVIDED_PER_FILE (ZIP_VERIFIED),bff8dc11cb51766bf2b698b67297e13d091b705ccdda46aa28956135ef458994,ZIP_SHA256_VERIFIED,ff9f8f87c7c3c3c3,203672,,SUCCESS,D:\curuma\turmeric_datasets\dataset_02\original\Turmeric Plant Disease\Healthy Leaf\Healthy Leaf00160.JPG,https://data.mendeley.com/public-files/datasets/g46dvrcvwn/files/fb82efd6-bd52-488e-be42-f4e2e619088b/file_downloaded
Dataset_02_g46dvrcvwn,Healthy Leaf00161.JPG,original,Healthy_Leaf,Healthy Leaf,NOT_PROVIDED_PER_FILE (ZIP_VERIFIED),0329d0683bfaf05d52af9853a38018a4b45cce9a167e45f7d3a8cbdbfdd8eb49,ZIP_SHA256_VERIFIED,dfcfc7c6c3e3e3f3,192709,,SUCCESS,D:\curuma\turmeric_datasets\dataset_02\original\Turmeric Plant Disease\Healthy Leaf\Healthy Leaf00161.JPG,https://data.mendeley.com/public-files/datasets/g46dvrcvwn/files/fb82efd6-bd52-488e-be42-f4e2e619088b/file_downloaded
Dataset_02_g46dvrcvwn,Healthy Leaf00162.JPG,original,Healthy_Leaf,Healthy Leaf,NOT_PROVIDED_PER_FILE (ZIP_VERIFIED),4b875ee7ad3691fff90f27075d39eeca3d34e789bcf1dbd50160acd6a2c37ebe,ZIP_SHA256_VERIFIED,ffbf8f8783c3c1e1,241986,,SUCCESS,D:\curuma\turmeric_datasets\dataset_02\original\Turmeric Plant Disease\Healthy Leaf\Healthy Leaf00162.JPG,https://data.mendeley.com/public-files/datasets/g46dvrcvwn/files/fb82efd6-bd52-488e-be42-f4e2e619088b/file_downloaded
Dataset_02_g46dvrcvwn,Healthy Leaf00163.JPG,original,Healthy_Leaf,Healthy Leaf,NOT_PROVIDED_PER_FILE (ZIP_VERIFIED),bc5dc4cbe20375e4d5e2294c0f590b83869138e289376709b3f166b841866b7e,ZIP_SHA256_VERIFIED,07070381c1e1f1f8,266617,,SUCCESS,D:\curuma\turmeric_datasets\dataset_02\original\Turmeric Plant Disease\Healthy Leaf\Healthy Leaf00163.JPG,https://data.mendeley.com/public-files/datasets/g46dvrcvwn/files/fb82efd6-bd52-488e-be42-f4e2e619088b/file_downloaded
Dataset_02_g46dvrcvwn,Healthy Leaf00164.JPG,original,Healthy_Leaf,Healthy Leaf,NOT_PROVIDED_PER_FILE (ZIP_VERIFIED),80e5259ebdac364756e3ec866827d799e44515c51fc952cff6513cb141068eeb,ZIP_SHA256_VERIFIED,ffbf8f87c3c3e1e1,244356,,SUCCESS,D:\curuma\turmeric_datasets\dataset_02\original\Turmeric Plant Disease\Healthy Leaf\Healthy Leaf00164.JPG,https://data.mendeley.com/public-files/datasets/g46dvrcvwn/files/fb82efd6-bd52-488e-be42-f4e2e619088b/file_downloaded
Dataset_02_g46dvrcvwn,Healthy Leaf00165.JPG,original,Healthy_Leaf,Healthy Leaf,NOT_PROVIDED_PER_FILE (ZIP_VERIFIED),dfc684fb3147f753755ef9bfc827b25355660635c75d44816b4c4f8660518f18,ZIP_SHA256_VERIFIED,ff9f8ec7c3e3e1f1,233879,,SUCCESS,D:\curuma\turmeric_datasets\dataset_02\original\Turmeric Plant Disease\Healthy Leaf\Healthy Leaf00165.JPG,https://data.mendeley.com/public-files/datasets/g46dvrcvwn/files/fb82efd6-bd52-488e-be42-f4e2e619088b/file_downloaded
Dataset_02_g46dvrcvwn,Healthy Leaf00166.JPG,original,Healthy_Leaf,Healthy Leaf,NOT_PROVIDED_PER_FILE (ZIP_VERIFIED),6d1e1fe998a45bb497cdeec8a93be200981b96018ef174c430a115bff15c127f,ZIP_SHA256_VERIFIED,efe7c7c7c3c3c3c3,205082,,SUCCESS,D:\curuma\turmeric_datasets\dataset_02\original\Turmeric Plant Disease\Healthy Leaf\Healthy Leaf00166.JPG,https://data.mendeley.com/public-files/datasets/g46dvrcvwn/files/fb82efd6-bd52-488e-be42-f4e2e619088b/file_downloaded
Dataset_02_g46dvrcvwn,Healthy Leaf00167.JPG,original,Healthy_Leaf,Healthy Leaf,NOT_PROVIDED_PER_FILE (ZIP_VERIFIED),7af150c7b86c01bff48aef75ca222264bb625316d03cd001e3422baa46dbb346,ZIP_SHA256_VERIFIED,ffffdfcfc7c3c3e1,203519,,SUCCESS,D:\curuma\turmeric_datasets\dataset_02\original\Turmeric Plant Disease\Healthy Leaf\Healthy Leaf00167.JPG,https://data.mendeley.com/public-files/datasets/g46dvrcvwn/files/fb82efd6-bd52-488e-be42-f4e2e619088b/file_downloaded
Dataset_02_g46dvrcvwn,Healthy Leaf00168.JPG,original,Healthy_Leaf,Healthy Leaf,NOT_PROVIDED_PER_FILE (ZIP_VERIFIED),d9d57532a1b2df9047c47e125c25d1b44745b3136e316abe12c2ed9480da1332,ZIP_SHA256_VERIFIED,ffdfcf8f87878383,204195,,SUCCESS,D:\curuma\turmeric_datasets\dataset_02\original\Turmeric Plant Disease\Healthy Leaf\Healthy Leaf00168.JPG,https://data.mendeley.com/public-files/datasets/g46dvrcvwn/files/fb82efd6-bd52-488e-be42-f4e2e619088b/file_downloaded
Dataset_02_g46dvrcvwn,Healthy Leaf00169.JPG,original,Healthy_Leaf,Healthy Leaf,NOT_PROVIDED_PER_FILE (ZIP_VERIFIED),3700b4a0a8b549ce6ab0de6c01e420d7aa13dbdcf4f7a760940d189ff23e5612,ZIP_SHA256_VERIFIED,0f07078783c3c3e1,212599,,SUCCESS,D:\curuma\turmeric_datasets\dataset_02\original\Turmeric Plant Disease\Healthy Leaf\Healthy Leaf00169.JPG,https://data.mendeley.com/public-files/datasets/g46dvrcvwn/files/fb82efd6-bd52-488e-be42-f4e2e619088b/file_downloaded
Dataset_02_g46dvrcvwn,Healthy Leaf00170.JPG,original,Healthy_Leaf,Healthy Leaf,NOT_PROVIDED_PER_FILE (ZIP_VERIFIED),19a8bb29f442f665831e61fccba1993b8fe3515d9d8b6e3ccfb572e75e640e30,ZIP_SHA256_VERIFIED,0f0f8f87c7c7e3e3,187022,,SUCCESS,D:\curuma\turmeric_datasets\dataset_02\original\Turmeric Plant Disease\Healthy Leaf\Healthy Leaf00170.JPG,https://data.mendeley.com/public-files/datasets/g46dvrcvwn/files/fb82efd6-bd52-488e-be42-f4e2e619088b/file_downloaded
Dataset_02_g46dvrcvwn,Healthy Leaf00171.JPG,original,Healthy_Leaf,Healthy Leaf,NOT_PROVIDED_PER_FILE (ZIP_VERIFIED),0326c806c1e47648307959cafd8f149aa339c304a5e0f8cef6f3439ce3b4e7cc,ZIP_SHA256_VERIFIED,9d9f8f8ec7c7c7e3,202914,,SUCCESS,D:\curuma\turmeric_datasets\dataset_02\original\Turmeric Plant Disease\Healthy Leaf\Healthy Leaf00171.JPG,https://data.mendeley.com/public-files/datasets/g46dvrcvwn/files/fb82efd6-bd52-488e-be42-f4e2e619088b/file_downloaded
Dataset_02_g46dvrcvwn,Healthy Leaf00172.JPG,original,Healthy_Leaf,Healthy Leaf,NOT_PROVIDED_PER_FILE (ZIP_VERIFIED),ccd04d73ce9b4698114e8a7f9d2d93adf868531a54057970ba85e711bf4d9848,ZIP_SHA256_VERIFIED,0f0f8fc7c7e7f3f3,186888,,SUCCESS,D:\curuma\turmeric_datasets\dataset_02\original\Turmeric Plant Disease\Healthy Leaf\Healthy Leaf00172.JPG,https://data.mendeley.com/public-files/datasets/g46dvrcvwn/files/fb82efd6-bd52-488e-be42-f4e2e619088b/file_downloaded
Dataset_02_g46dvrcvwn,Healthy Leaf00173.JPG,original,Healthy_Leaf,Healthy Leaf,NOT_PROVIDED_PER_FILE (ZIP_VERIFIED),df742f9f9364798f0126f9efea032e6fc844e2db652423f0ea87f45ef6de6340,ZIP_SHA256_VERIFIED,ff9f8f8f87c7c3c3,206832,,SUCCESS,D:\curuma\turmeric_datasets\dataset_02\original\Turmeric Plant Disease\Healthy Leaf\Healthy Leaf00173.JPG,https://data.mendeley.com/public-files/datasets/g46dvrcvwn/files/fb82efd6-bd52-488e-be42-f4e2e619088b/file_downloaded
Dataset_02_g46dvrcvwn,Healthy Leaf00174.JPG,original,Healthy_Leaf,Healthy Leaf,NOT_PROVIDED_PER_FILE (ZIP_VERIFIED),9319ce42275dd600d9d9a8f5c44883c7e698319ff666e35ad6f90f38b926277a,ZIP_SHA256_VERIFIED,878783c3c3e1f1f0,205175,,SUCCESS,D:\curuma\turmeric_datasets\dataset_02\original\Turmeric Plant Disease\Healthy Leaf\Healthy Leaf00174.JPG,https://data.mendeley.com/public-files/datasets/g46dvrcvwn/files/fb82efd6-bd52-488e-be42-f4e2e619088b/file_downloaded
Dataset_02_g46dvrcvwn,Healthy Leaf00175.JPG,original,Healthy_Leaf,Healthy Leaf,NOT_PROVIDED_PER_FILE (ZIP_VERIFIED),0ea3bc6bd87326c40792eb1ecb8587f4a8f54fbb9192104c089931bd9445a866,ZIP_SHA256_VERIFIED,ff3f8f8783c1e0e0,245660,,SUCCESS,D:\curuma\turmeric_datasets\dataset_02\original\Turmeric Plant Disease\Healthy Leaf\Healthy Leaf00175.JPG,https://data.mendeley.com/public-files/datasets/g46dvrcvwn/files/fb82efd6-bd52-488e-be42-f4e2e619088b/file_downloaded
Dataset_02_g46dvrcvwn,Healthy Leaf00176.JPG,original,Healthy_Leaf,Healthy Leaf,NOT_PROVIDED_PER_FILE (ZIP_VERIFIED),855c4c3465a1398bf1ae78aee05119b80a5f9c9314dec58ecfd6394103c5e894,ZIP_SHA256_VERIFIED,0f070381c1e0f0f8,259440,,SUCCESS,D:\curuma\turmeric_datasets\dataset_02\original\Turmeric Plant Disease\Healthy Leaf\Healthy Leaf00176.JPG,https://data.mendeley.com/public-files/datasets/g46dvrcvwn/files/fb82efd6-bd52-488e-be42-f4e2e619088b/file_downloaded
Dataset_02_g46dvrcvwn,Healthy Leaf00177.JPG,original,Healthy_Leaf,Healthy Leaf,NOT_PROVIDED_PER_FILE (ZIP_VERIFIED),3a5046904209de0b6fc924d30c0874f41d199e25e520bc69af7c085b8d9e7552,ZIP_SHA256_VERIFIED,0f8787c3c3e3f1f9,240664,,SUCCESS,D:\curuma\turmeric_datasets\dataset_02\original\Turmeric Plant Disease\Healthy Leaf\Healthy Leaf00177.JPG,https://data.mendeley.com/public-files/datasets/g46dvrcvwn/files/fb82efd6-bd52-488e-be42-f4e2e619088b/file_downloaded
Dataset_02_g46dvrcvwn,Healthy Leaf00178.JPG,original,Healthy_Leaf,Healthy Leaf,NOT_PROVIDED_PER_FILE (ZIP_VERIFIED),d6922b5d1d19dc210568afb3f368f1516dd9a0964544e35d9f7246df03bcf120,ZIP_SHA256_VERIFIED,7f3f1f9e8e87c7c7,220808,,SUCCESS,D:\curuma\turmeric_datasets\dataset_02\original\Turmeric Plant Disease\Healthy Leaf\Healthy Leaf00178.JPG,https://data.mendeley.com/public-files/datasets/g46dvrcvwn/files/fb82efd6-bd52-488e-be42-f4e2e619088b/file_downloaded
Dataset_02_g46dvrcvwn,Healthy Leaf00179.JPG,original,Healthy_Leaf,Healthy Leaf,NOT_PROVIDED_PER_FILE (ZIP_VERIFIED),ea2617bf3f94d7c0f85d2bef85c842d4e233df0e2393d5ea9a69cdf14c3ad93a,ZIP_SHA256_VERIFIED,fbf3f1f1f1f0f1e1,184233,,SUCCESS,D:\curuma\turmeric_datasets\dataset_02\original\Turmeric Plant Disease\Healthy Leaf\Healthy Leaf00179.JPG,https://data.mendeley.com/public-files/datasets/g46dvrcvwn/files/fb82efd6-bd52-488e-be42-f4e2e619088b/file_downloaded
Dataset_02_g46dvrcvwn,Healthy Leaf00180.JPG,original,Healthy_Leaf,Healthy Leaf,NOT_PROVIDED_PER_FILE (ZIP_VERIFIED),427d414d65b84e3bbe383fafe322084246f965d5fe42982894458ea1310b4d7e,ZIP_SHA256_VERIFIED,c1c1c1c1e3e3e3e3,225867,,SUCCESS,D:\curuma\turmeric_datasets\dataset_02\original\Turmeric Plant Disease\Healthy Leaf\Healthy Leaf00180.JPG,https://data.mendeley.com/public-files/datasets/g46dvrcvwn/files/fb82efd6-bd52-488e-be42-f4e2e619088b/file_downloaded
Dataset_02_g46dvrcvwn,Healthy Leaf00181.JPG,original,Healthy_Leaf,Healthy Leaf,NOT_PROVIDED_PER_FILE (ZIP_VERIFIED),3f2e0455216ec682e99783314edcff2c87d09ba8227ee85e5d3b7e988d148ebf,ZIP_SHA256_VERIFIED,8f8787c3c3c1e1e1,198149,,SUCCESS,D:\curuma\turmeric_datasets\dataset_02\original\Turmeric Plant Disease\Healthy Leaf\Healthy Leaf00181.JPG,https://data.mendeley.com/public-files/datasets/g46dvrcvwn/files/fb82efd6-bd52-488e-be42-f4e2e619088b/file_downloaded
Dataset_02_g46dvrcvwn,Healthy Leaf00182.JPG,original,Healthy_Leaf,Healthy Leaf,NOT_PROVIDED_PER_FILE (ZIP_VERIFIED),8070f278d67596248b15f3ec854f407091a404ce93457aaa3e3cff9188825ba3,ZIP_SHA256_VERIFIED,ff9f8fc7c6c7c3e3,210692,,SUCCESS,D:\curuma\turmeric_datasets\dataset_02\original\Turmeric Plant Disease\Healthy Leaf\Healthy Leaf00182.JPG,https://data.mendeley.com/public-files/datasets/g46dvrcvwn/files/fb82efd6-bd52-488e-be42-f4e2e619088b/file_downloaded
Dataset_02_g46dvrcvwn,Healthy Leaf00183.JPG,original,Healthy_Leaf,Healthy Leaf,NOT_PROVIDED_PER_FILE (ZIP_VERIFIED),3125c61105e4edfd1101bfbc4b4f61be38696f43ba8d43d1211f48cc1905f111,ZIP_SHA256_VERIFIED,bf9f8f87838381c1,216402,,SUCCESS,D:\curuma\turmeric_datasets\dataset_02\original\Turmeric Plant Disease\Healthy Leaf\Healthy Leaf00183.JPG,https://data.mendeley.com/public-files/datasets/g46dvrcvwn/files/fb82efd6-bd52-488e-be42-f4e2e619088b/file_downloaded
Dataset_02_g46dvrcvwn,Healthy Leaf00184.JPG,original,Healthy_Leaf,Healthy Leaf,NOT_PROVIDED_PER_FILE (ZIP_VERIFIED),4f0db77d5090974c96fea248d081467d201862ba7d80265839e090fc927f09b1,ZIP_SHA256_VERIFIED,0f07038381c1c1e1,179063,,SUCCESS,D:\curuma\turmeric_datasets\dataset_02\original\Turmeric Plant Disease\Healthy Leaf\Healthy Leaf00184.JPG,https://data.mendeley.com/public-files/datasets/g46dvrcvwn/files/fb82efd6-bd52-488e-be42-f4e2e619088b/file_downloaded
Dataset_02_g46dvrcvwn,Healthy Leaf00185.JPG,original,Healthy_Leaf,Healthy Leaf,NOT_PROVIDED_PER_FILE (ZIP_VERIFIED),c7f69a05bbfc8092ea86c3bbe585c246f329f5e320ae01840b286803e060f9d2,ZIP_SHA256_VERIFIED,bf9f8f8686c3c3e1,210526,,SUCCESS,D:\curuma\turmeric_datasets\dataset_02\original\Turmeric Plant Disease\Healthy Leaf\Healthy Leaf00185.JPG,https://data.mendeley.com/public-files/datasets/g46dvrcvwn/files/fb82efd6-bd52-488e-be42-f4e2e619088b/file_downloaded
Dataset_02_g46dvrcvwn,Healthy Leaf00186.JPG,original,Healthy_Leaf,Healthy Leaf,NOT_PROVIDED_PER_FILE (ZIP_VERIFIED),f99497e0754004956fa65209dc0aa94a753bdc8cccaf34066b1286dfb32c2e3a,ZIP_SHA256_VERIFIED,efe7e3e1e1e0e0e0,170324,,SUCCESS,D:\curuma\turmeric_datasets\dataset_02\original\Turmeric Plant Disease\Healthy Leaf\Healthy Leaf00186.JPG,https://data.mendeley.com/public-files/datasets/g46dvrcvwn/files/fb82efd6-bd52-488e-be42-f4e2e619088b/file_downloaded
Dataset_02_g46dvrcvwn,Healthy Leaf00187.JPG,original,Healthy_Leaf,Healthy Leaf,NOT_PROVIDED_PER_FILE (ZIP_VERIFIED),1150de3c1d35eccd5084ed66648be59e8190adc2e15ba2a65c186dcc56e9b315,ZIP_SHA256_VERIFIED,c3c0c0c1e0e0f0f0,155096,,SUCCESS,D:\curuma\turmeric_datasets\dataset_02\original\Turmeric Plant Disease\Healthy Leaf\Healthy Leaf00187.JPG,https://data.mendeley.com/public-files/datasets/g46dvrcvwn/files/fb82efd6-bd52-488e-be42-f4e2e619088b/file_downloaded
Dataset_02_g46dvrcvwn,Healthy Leaf00188.JPG,original,Healthy_Leaf,Healthy Leaf,NOT_PROVIDED_PER_FILE (ZIP_VERIFIED),8441b8e2988d379f82e8e033aa76c62aa21e93bd2f9181e6c05d8f54c7f3c50c,ZIP_SHA256_VERIFIED,878783c3c3e1f1f8,182225,,SUCCESS,D:\curuma\turmeric_datasets\dataset_02\original\Turmeric Plant Disease\Healthy Leaf\Healthy Leaf00188.JPG,https://data.mendeley.com/public-files/datasets/g46dvrcvwn/files/fb82efd6-bd52-488e-be42-f4e2e619088b/file_downloaded
Dataset_02_g46dvrcvwn,Healthy Leaf00189.JPG,original,Healthy_Leaf,Healthy Leaf,NOT_PROVIDED_PER_FILE (ZIP_VERIFIED),52e7724cc6315b99dc14b207212ecc182fc57433d78843ed3fa4d15935933902,ZIP_SHA256_VERIFIED,0f8f87878783c1e1,220678,,SUCCESS,D:\curuma\turmeric_datasets\dataset_02\original\Turmeric Plant Disease\Healthy Leaf\Healthy Leaf00189.JPG,https://data.mendeley.com/public-files/datasets/g46dvrcvwn/files/fb82efd6-bd52-488e-be42-f4e2e619088b/file_downloaded
Dataset_02_g46dvrcvwn,Healthy Leaf00190.JPG,original,Healthy_Leaf,Healthy Leaf,NOT_PROVIDED_PER_FILE (ZIP_VERIFIED),8a866425623c4ec988fbf022c908394f566cc8d4bd2d8ef7244d5cdde6a10a4a,ZIP_SHA256_VERIFIED,ffdfcfc7c7c3c3e1,188081,,SUCCESS,D:\curuma\turmeric_datasets\dataset_02\original\Turmeric Plant Disease\Healthy Leaf\Healthy Leaf00190.JPG,https://data.mendeley.com/public-files/datasets/g46dvrcvwn/files/fb82efd6-bd52-488e-be42-f4e2e619088b/file_downloaded
Dataset_02_g46dvrcvwn,Healthy Leaf00191.JPG,original,Healthy_Leaf,Healthy Leaf,NOT_PROVIDED_PER_FILE (ZIP_VERIFIED),0efe4fbb35aee28b25c4e0f628308cd72f43ed3f42e0bb6dc922567c2c66da9f,ZIP_SHA256_VERIFIED,8383c3c1e1e1f1f0,196081,,SUCCESS,D:\curuma\turmeric_datasets\dataset_02\original\Turmeric Plant Disease\Healthy Leaf\Healthy Leaf00191.JPG,https://data.mendeley.com/public-files/datasets/g46dvrcvwn/files/fb82efd6-bd52-488e-be42-f4e2e619088b/file_downloaded
Dataset_02_g46dvrcvwn,Healthy Leaf00192.JPG,original,Healthy_Leaf,Healthy Leaf,NOT_PROVIDED_PER_FILE (ZIP_VERIFIED),1a0a3e8685920ce5061dfb53659769ffc85f2d2d10a75646c91e43cc1ab79263,ZIP_SHA256_VERIFIED,0f8787c7c3e3f3fb,207023,,SUCCESS,D:\curuma\turmeric_datasets\dataset_02\original\Turmeric Plant Disease\Healthy Leaf\Healthy Leaf00192.JPG,https://data.mendeley.com/public-files/datasets/g46dvrcvwn/files/fb82efd6-bd52-488e-be42-f4e2e619088b/file_downloaded
Dataset_02_g46dvrcvwn,Healthy Leaf00193.JPG,original,Healthy_Leaf,Healthy Leaf,NOT_PROVIDED_PER_FILE (ZIP_VERIFIED),806575fd24b5d99c5f735294c9605b7e46568fb2f7d65908c6b7aab2cd00b948,ZIP_SHA256_VERIFIED,be9e8fcec6e7e3f3,198074,,SUCCESS,D:\curuma\turmeric_datasets\dataset_02\original\Turmeric Plant Disease\Healthy Leaf\Healthy Leaf00193.JPG,https://data.mendeley.com/public-files/datasets/g46dvrcvwn/files/fb82efd6-bd52-488e-be42-f4e2e619088b/file_downloaded
Dataset_02_g46dvrcvwn,Healthy Leaf00194.JPG,original,Healthy_Leaf,Healthy Leaf,NOT_PROVIDED_PER_FILE (ZIP_VERIFIED),dab016f1800c9ea5414d3a1720758ed50fcbb064557649c3d5d7e9290fd2bab4,ZIP_SHA256_VERIFIED,0f8f87c7e3e3f3f9,216079,,SUCCESS,D:\curuma\turmeric_datasets\dataset_02\original\Turmeric Plant Disease\Healthy Leaf\Healthy Leaf00194.JPG,https://data.mendeley.com/public-files/datasets/g46dvrcvwn/files/fb82efd6-bd52-488e-be42-f4e2e619088b/file_downloaded
Dataset_02_g46dvrcvwn,Healthy Leaf00195.JPG,original,Healthy_Leaf,Healthy Leaf,NOT_PROVIDED_PER_FILE (ZIP_VERIFIED),7ab3a513ea46fffd38c55f8762b1497d567ababf6e827c6ec0063ccce2f618c4,ZIP_SHA256_VERIFIED,ff1f8fc7c3e1f0f8,207695,,SUCCESS,D:\curuma\turmeric_datasets\dataset_02\original\Turmeric Plant Disease\Healthy Leaf\Healthy Leaf00195.JPG,https://data.mendeley.com/public-files/datasets/g46dvrcvwn/files/fb82efd6-bd52-488e-be42-f4e2e619088b/file_downloaded
Dataset_02_g46dvrcvwn,Healthy Leaf00196.JPG,original,Healthy_Leaf,Healthy Leaf,NOT_PROVIDED_PER_FILE (ZIP_VERIFIED),0ef444b259671689171babae3539be5d584ccab222901163edfa08bb219bb73c,ZIP_SHA256_VERIFIED,efe7e7e7c3c3c3c3,199082,,SUCCESS,D:\curuma\turmeric_datasets\dataset_02\original\Turmeric Plant Disease\Healthy Leaf\Healthy Leaf00196.JPG,https://data.mendeley.com/public-files/datasets/g46dvrcvwn/files/fb82efd6-bd52-488e-be42-f4e2e619088b/file_downloaded
Dataset_02_g46dvrcvwn,Healthy Leaf00197.JPG,original,Healthy_Leaf,Healthy Leaf,NOT_PROVIDED_PER_FILE (ZIP_VERIFIED),379768bea5f2716a91a35be15acd838fad7bb2beec40972f567165d589d6ccad,ZIP_SHA256_VERIFIED,87c7c7c7e3e3e3f7,198581,,SUCCESS,D:\curuma\turmeric_datasets\dataset_02\original\Turmeric Plant Disease\Healthy Leaf\Healthy Leaf00197.JPG,https://data.mendeley.com/public-files/datasets/g46dvrcvwn/files/fb82efd6-bd52-488e-be42-f4e2e619088b/file_downloaded
Dataset_02_g46dvrcvwn,Leaf Blotch00001.JPG,original,Leaf_Blotch,Leaf Blotch,NOT_PROVIDED_PER_FILE (ZIP_VERIFIED),f461942049356cd766f3c3d99a694b69dc0861a87e650f004c6e580385152328,ZIP_SHA256_VERIFIED,ffff0f81c0c0f0f8,242447,,SUCCESS,D:\curuma\turmeric_datasets\dataset_02\original\Turmeric Plant Disease\Leaf Blotch\Leaf Blotch00001.JPG,https://data.mendeley.com/public-files/datasets/g46dvrcvwn/files/fb82efd6-bd52-488e-be42-f4e2e619088b/file_downloaded
Dataset_02_g46dvrcvwn,Leaf Blotch00002.JPG,original,Leaf_Blotch,Leaf Blotch,NOT_PROVIDED_PER_FILE (ZIP_VERIFIED),71ce948db8d342cc0af26ecb685c3b2ee6253249e67d0dcbc0d3fc4765b3f89a,ZIP_SHA256_VERIFIED,7f0f070100c0fcff,242285,,SUCCESS,D:\curuma\turmeric_datasets\dataset_02\original\Turmeric Plant Disease\Leaf Blotch\Leaf Blotch00002.JPG,https://data.mendeley.com/public-files/datasets/g46dvrcvwn/files/fb82efd6-bd52-488e-be42-f4e2e619088b/file_downloaded
Dataset_02_g46dvrcvwn,Leaf Blotch00003.JPG,original,Leaf_Blotch,Leaf Blotch,NOT_PROVIDED_PER_FILE (ZIP_VERIFIED),b32906700713e8eab661f5adedfcf256fcb2c9633d8d27425b9d24eb2350640e,ZIP_SHA256_VERIFIED,ffff81c0c0e0f0fc,203009,,SUCCESS,D:\curuma\turmeric_datasets\dataset_02\original\Turmeric Plant Disease\Leaf Blotch\Leaf Blotch00003.JPG,https://data.mendeley.com/public-files/datasets/g46dvrcvwn/files/fb82efd6-bd52-488e-be42-f4e2e619088b/file_downloaded
Dataset_02_g46dvrcvwn,Leaf Blotch00004.JPG,original,Leaf_Blotch,Leaf Blotch,NOT_PROVIDED_PER_FILE (ZIP_VERIFIED),a96b36433507af73e39df1d2ad9989e773b79c0d27ae1ebfbf5ecc18de823a07,ZIP_SHA256_VERIFIED,ffff8381c0e0f8ff,190637,,SUCCESS,D:\curuma\turmeric_datasets\dataset_02\original\Turmeric Plant Disease\Leaf Blotch\Leaf Blotch00004.JPG,https://data.mendeley.com/public-files/datasets/g46dvrcvwn/files/fb82efd6-bd52-488e-be42-f4e2e619088b/file_downloaded
Dataset_02_g46dvrcvwn,Leaf Blotch00005.JPG,original,Leaf_Blotch,Leaf Blotch,NOT_PROVIDED_PER_FILE (ZIP_VERIFIED),b5226d7c1649a14108ea4d4cb07f7891e66ce892f3f25536e7c1e20665c8d718,ZIP_SHA256_VERIFIED,ffff0783c0e0feff,191710,,SUCCESS,D:\curuma\turmeric_datasets\dataset_02\original\Turmeric Plant Disease\Leaf Blotch\Leaf Blotch00005.JPG,https://data.mendeley.com/public-files/datasets/g46dvrcvwn/files/fb82efd6-bd52-488e-be42-f4e2e619088b/file_downloaded
Dataset_02_g46dvrcvwn,Leaf Blotch00006.JPG,original,Leaf_Blotch,Leaf Blotch,NOT_PROVIDED_PER_FILE (ZIP_VERIFIED),b0975277450bc6f9f338542e47055ab8a8947999d4a87cd8e2097f23af27f392,ZIP_SHA256_VERIFIED,ffff8380c0e0e0f8,202632,,SUCCESS,D:\curuma\turmeric_datasets\dataset_02\original\Turmeric Plant Disease\Leaf Blotch\Leaf Blotch00006.JPG,https://data.mendeley.com/public-files/datasets/g46dvrcvwn/files/fb82efd6-bd52-488e-be42-f4e2e619088b/file_downloaded
Dataset_02_g46dvrcvwn,Leaf Blotch00007.JPG,original,Leaf_Blotch,Leaf Blotch,NOT_PROVIDED_PER_FILE (ZIP_VERIFIED),4250a8509a408c0c3583e12added93347b1f06a3295945af950d7fb5448e73af,ZIP_SHA256_VERIFIED,ffff0f83c1c0f0ff,183856,,SUCCESS,D:\curuma\turmeric_datasets\dataset_02\original\Turmeric Plant Disease\Leaf Blotch\Leaf Blotch00007.JPG,https://data.mendeley.com/public-files/datasets/g46dvrcvwn/files/fb82efd6-bd52-488e-be42-f4e2e619088b/file_downloaded
Dataset_02_g46dvrcvwn,Leaf Blotch00008.JPG,original,Leaf_Blotch,Leaf Blotch,NOT_PROVIDED_PER_FILE (ZIP_VERIFIED),c8bc1c36431f8bba388e437313476fdb6e489866cef23a0f4993352654de43ea,ZIP_SHA256_VERIFIED,ffff0f0381c0f8ff,202951,,SUCCESS,D:\curuma\turmeric_datasets\dataset_02\original\Turmeric Plant Disease\Leaf Blotch\Leaf Blotch00008.JPG,https://data.mendeley.com/public-files/datasets/g46dvrcvwn/files/fb82efd6-bd52-488e-be42-f4e2e619088b/file_downloaded
Dataset_02_g46dvrcvwn,Leaf Blotch00009.JPG,original,Leaf_Blotch,Leaf Blotch,NOT_PROVIDED_PER_FILE (ZIP_VERIFIED),6417612c89998b4890d7795d1dd2a47a02a7faad0832d7c8e834d6462d4c6b09,ZIP_SHA256_VERIFIED,7f3f0f070301e1fe,218538,,SUCCESS,D:\curuma\turmeric_datasets\dataset_02\original\Turmeric Plant Disease\Leaf Blotch\Leaf Blotch00009.JPG,https://data.mendeley.com/public-files/datasets/g46dvrcvwn/files/fb82efd6-bd52-488e-be42-f4e2e619088b/file_downloaded
Dataset_02_g46dvrcvwn,Leaf Blotch00010.JPG,original,Leaf_Blotch,Leaf Blotch,NOT_PROVIDED_PER_FILE (ZIP_VERIFIED),3197e2822de599021d133b9768cc32b77177d96d791f65244880d4b84c54b147,ZIP_SHA256_VERIFIED,ff7f0783c1e0fcff,196478,,SUCCESS,D:\curuma\turmeric_datasets\dataset_02\original\Turmeric Plant Disease\Leaf Blotch\Leaf Blotch00010.JPG,https://data.mendeley.com/public-files/datasets/g46dvrcvwn/files/fb82efd6-bd52-488e-be42-f4e2e619088b/file_downloaded
Dataset_02_g46dvrcvwn,Leaf Blotch00011.JPG,original,Leaf_Blotch,Leaf Blotch,NOT_PROVIDED_PER_FILE (ZIP_VERIFIED),eb7a12979ed145ac65973d93bb68efb106fa425b3fffce4aaac857552e900cb6,ZIP_SHA256_VERIFIED,fffde181030f3fff,176014,,SUCCESS,D:\curuma\turmeric_datasets\dataset_02\original\Turmeric Plant Disease\Leaf Blotch\Leaf Blotch00011.JPG,https://data.mendeley.com/public-files/datasets/g46dvrcvwn/files/fb82efd6-bd52-488e-be42-f4e2e619088b/file_downloaded
Dataset_02_g46dvrcvwn,Leaf Blotch00012.JPG,original,Leaf_Blotch,Leaf Blotch,NOT_PROVIDED_PER_FILE (ZIP_VERIFIED),5999901f4e5e50fa3305dd0eae3dccf7370b387d18f8b6ba3ce290e659e2fe29,ZIP_SHA256_VERIFIED,ffffe08103071fff,186012,,SUCCESS,D:\curuma\turmeric_datasets\dataset_02\original\Turmeric Plant Disease\Leaf Blotch\Leaf Blotch00012.JPG,https://data.mendeley.com/public-files/datasets/g46dvrcvwn/files/fb82efd6-bd52-488e-be42-f4e2e619088b/file_downloaded
Dataset_02_g46dvrcvwn,Leaf Blotch00013.JPG,original,Leaf_Blotch,Leaf Blotch,NOT_PROVIDED_PER_FILE (ZIP_VERIFIED),5797dd7111430f12a244313aad959d22d1dda33555606a6fb5db54f435e09ccc,ZIP_SHA256_VERIFIED,fffffff8c08107ff,179352,,SUCCESS,D:\curuma\turmeric_datasets\dataset_02\original\Turmeric Plant Disease\Leaf Blotch\Leaf Blotch00013.JPG,https://data.mendeley.com/public-files/datasets/g46dvrcvwn/files/fb82efd6-bd52-488e-be42-f4e2e619088b/file_downloaded
Dataset_02_g46dvrcvwn,Leaf Blotch00014.JPG,original,Leaf_Blotch,Leaf Blotch,NOT_PROVIDED_PER_FILE (ZIP_VERIFIED),45324e4597d6c4cd2bb07e32994d6dfec97bc1ef2c7c55a391c4e93ace1984c3,ZIP_SHA256_VERIFIED,fffff980000307ff,174299,,SUCCESS,D:\curuma\turmeric_datasets\dataset_02\original\Turmeric Plant Disease\Leaf Blotch\Leaf Blotch00014.JPG,https://data.mendeley.com/public-files/datasets/g46dvrcvwn/files/fb82efd6-bd52-488e-be42-f4e2e619088b/file_downloaded
Dataset_02_g46dvrcvwn,Leaf Blotch00015.JPG,original,Leaf_Blotch,Leaf Blotch,NOT_PROVIDED_PER_FILE (ZIP_VERIFIED),4535af09eab55207483d728a2ab8c24ef31f1416940c682d071c8fbbbb57f450,ZIP_SHA256_VERIFIED,fffcf0c183077fff,203083,,SUCCESS,D:\curuma\turmeric_datasets\dataset_02\original\Turmeric Plant Disease\Leaf Blotch\Leaf Blotch00015.JPG,https://data.mendeley.com/public-files/datasets/g46dvrcvwn/files/fb82efd6-bd52-488e-be42-f4e2e619088b/file_downloaded
Dataset_02_g46dvrcvwn,Leaf Blotch00016.JPG,original,Leaf_Blotch,Leaf Blotch,NOT_PROVIDED_PER_FILE (ZIP_VERIFIED),5b02a8663118e9253acb4d130fde00232026748791cee4312ac00af5c7d11b28,ZIP_SHA256_VERIFIED,f9f1e387070f3fff,185986,,SUCCESS,D:\curuma\turmeric_datasets\dataset_02\original\Turmeric Plant Disease\Leaf Blotch\Leaf Blotch00016.JPG,https://data.mendeley.com/public-files/datasets/g46dvrcvwn/files/fb82efd6-bd52-488e-be42-f4e2e619088b/file_downloaded
Dataset_02_g46dvrcvwn,Leaf Blotch00017.JPG,original,Leaf_Blotch,Leaf Blotch,NOT_PROVIDED_PER_FILE (ZIP_VERIFIED),8c20097bfdf8b2f8f1a731941b2eb5ddb58285fdb0cbed95b4bdeb0cc934b77e,ZIP_SHA256_VERIFIED,fffde0c181870fbf,249570,,SUCCESS,D:\curuma\turmeric_datasets\dataset_02\original\Turmeric Plant Disease\Leaf Blotch\Leaf Blotch00017.JPG,https://data.mendeley.com/public-files/datasets/g46dvrcvwn/files/fb82efd6-bd52-488e-be42-f4e2e619088b/file_downloaded
Dataset_02_g46dvrcvwn,Leaf Blotch00018.JPG,original,Leaf_Blotch,Leaf Blotch,NOT_PROVIDED_PER_FILE (ZIP_VERIFIED),147498a246d4d104ad783e82ac2ded12559e0812a0b7cca8898c026e5f720934,ZIP_SHA256_VERIFIED,fffff9e183070f1f,220446,,SUCCESS,D:\curuma\turmeric_datasets\dataset_02\original\Turmeric Plant Disease\Leaf Blotch\Leaf Blotch00018.JPG,https://data.mendeley.com/public-files/datasets/g46dvrcvwn/files/fb82efd6-bd52-488e-be42-f4e2e619088b/file_downloaded
Dataset_02_g46dvrcvwn,Leaf Blotch00019.JPG,original,Leaf_Blotch,Leaf Blotch,NOT_PROVIDED_PER_FILE (ZIP_VERIFIED),bebe71576db3ec11d7b4545cdee78af1226fc6a464c27dfaddd866d3ad581274,ZIP_SHA256_VERIFIED,fffcf0e0c1870fff,242240,,SUCCESS,D:\curuma\turmeric_datasets\dataset_02\original\Turmeric Plant Disease\Leaf Blotch\Leaf Blotch00019.JPG,https://data.mendeley.com/public-files/datasets/g46dvrcvwn/files/fb82efd6-bd52-488e-be42-f4e2e619088b/file_downloaded
Dataset_02_g46dvrcvwn,Leaf Blotch00020.JPG,original,Leaf_Blotch,Leaf Blotch,NOT_PROVIDED_PER_FILE (ZIP_VERIFIED),4deaf3b322ba031a9441f7bc0e825a0221674121afac282d056d220c9b5c10b8,ZIP_SHA256_VERIFIED,fffff8e181031f73,176020,,SUCCESS,D:\curuma\turmeric_datasets\dataset_02\original\Turmeric Plant Disease\Leaf Blotch\Leaf Blotch00020.JPG,https://data.mendeley.com/public-files/datasets/g46dvrcvwn/files/fb82efd6-bd52-488e-be42-f4e2e619088b/file_downloaded
Dataset_02_g46dvrcvwn,Leaf Blotch00021.JPG,original,Leaf_Blotch,Leaf Blotch,NOT_PROVIDED_PER_FILE (ZIP_VERIFIED),ee49b74450ba10a92af6077cc1323c1b67ed4be8d473a62c90124c945b6e5ae2,ZIP_SHA256_VERIFIED,fffff8e0800141e7,165072,,SUCCESS,D:\curuma\turmeric_datasets\dataset_02\original\Turmeric Plant Disease\Leaf Blotch\Leaf Blotch00021.JPG,https://data.mendeley.com/public-files/datasets/g46dvrcvwn/files/fb82efd6-bd52-488e-be42-f4e2e619088b/file_downloaded
Dataset_02_g46dvrcvwn,Leaf Blotch00022.JPG,original,Leaf_Blotch,Leaf Blotch,NOT_PROVIDED_PER_FILE (ZIP_VERIFIED),001bd1dd361041b1a13a02dc619cc01c0aa9ba15917e0c48935d9a822f918b39,ZIP_SHA256_VERIFIED,f7e7e7c7878f8f0f,209622,,SUCCESS,D:\curuma\turmeric_datasets\dataset_02\original\Turmeric Plant Disease\Leaf Blotch\Leaf Blotch00022.JPG,https://data.mendeley.com/public-files/datasets/g46dvrcvwn/files/fb82efd6-bd52-488e-be42-f4e2e619088b/file_downloaded
Dataset_02_g46dvrcvwn,Leaf Blotch00023.JPG,original,Leaf_Blotch,Leaf Blotch,NOT_PROVIDED_PER_FILE (ZIP_VERIFIED),088d109e2e6e0975cd20e6cdd899b01c565f6420bbe942e718f24ee32f169fe2,ZIP_SHA256_VERIFIED,fef8f0e0c1c78707,252219,,SUCCESS,D:\curuma\turmeric_datasets\dataset_02\original\Turmeric Plant Disease\Leaf Blotch\Leaf Blotch00023.JPG,https://data.mendeley.com/public-files/datasets/g46dvrcvwn/files/fb82efd6-bd52-488e-be42-f4e2e619088b/file_downloaded
Dataset_02_g46dvrcvwn,Leaf Blotch00024.JPG,original,Leaf_Blotch,Leaf Blotch,NOT_PROVIDED_PER_FILE (ZIP_VERIFIED),97add2a201d18baec7eb2c8735a7fd9c298d4c220e02e7e56c700609a5905632,ZIP_SHA256_VERIFIED,fff8e1c1838f170f,229620,,SUCCESS,D:\curuma\turmeric_datasets\dataset_02\original\Turmeric Plant Disease\Leaf Blotch\Leaf Blotch00024.JPG,https://data.mendeley.com/public-files/datasets/g46dvrcvwn/files/fb82efd6-bd52-488e-be42-f4e2e619088b/file_downloaded
Dataset_02_g46dvrcvwn,Leaf Blotch00025.JPG,original,Leaf_Blotch,Leaf Blotch,NOT_PROVIDED_PER_FILE (ZIP_VERIFIED),d4e122a7dc9e733b78975cac733fb5a36ff14f457b158bbe09bd51fd6d54f376,ZIP_SHA256_VERIFIED,fffcf0e0c1830181,179891,,SUCCESS,D:\curuma\turmeric_datasets\dataset_02\original\Turmeric Plant Disease\Leaf Blotch\Leaf Blotch00025.JPG,https://data.mendeley.com/public-files/datasets/g46dvrcvwn/files/fb82efd6-bd52-488e-be42-f4e2e619088b/file_downloaded
Dataset_02_g46dvrcvwn,Leaf Blotch00026.JPG,original,Leaf_Blotch,Leaf Blotch,NOT_PROVIDED_PER_FILE (ZIP_VERIFIED),2a43e916f1fa0c284ca45dfb59014fb35e14679cfa49f12a73124637db66707c,ZIP_SHA256_VERIFIED,fff9c18303070f1f,244165,,SUCCESS,D:\curuma\turmeric_datasets\dataset_02\original\Turmeric Plant Disease\Leaf Blotch\Leaf Blotch00026.JPG,https://data.mendeley.com/public-files/datasets/g46dvrcvwn/files/fb82efd6-bd52-488e-be42-f4e2e619088b/file_downloaded
Dataset_02_g46dvrcvwn,Leaf Blotch00027.JPG,original,Leaf_Blotch,Leaf Blotch,NOT_PROVIDED_PER_FILE (ZIP_VERIFIED),4fcb1cfdcb03b648d3fba20407abfccc3db426c85ef4442a7abcc235ed6f3103,ZIP_SHA256_VERIFIED,fffef8e0c08003cf,237819,,SUCCESS,D:\curuma\turmeric_datasets\dataset_02\original\Turmeric Plant Disease\Leaf Blotch\Leaf Blotch00027.JPG,https://data.mendeley.com/public-files/datasets/g46dvrcvwn/files/fb82efd6-bd52-488e-be42-f4e2e619088b/file_downloaded
Dataset_02_g46dvrcvwn,Leaf Blotch00028.JPG,original,Leaf_Blotch,Leaf Blotch,NOT_PROVIDED_PER_FILE (ZIP_VERIFIED),ad14a282c698d7a5807452302ae052e494fed8a3fde581f96787efc10d938525,ZIP_SHA256_VERIFIED,fff3e3c38387070f,229830,,SUCCESS,D:\curuma\turmeric_datasets\dataset_02\original\Turmeric Plant Disease\Leaf Blotch\Leaf Blotch00028.JPG,https://data.mendeley.com/public-files/datasets/g46dvrcvwn/files/fb82efd6-bd52-488e-be42-f4e2e619088b/file_downloaded
Dataset_02_g46dvrcvwn,Leaf Blotch00029.JPG,original,Leaf_Blotch,Leaf Blotch,NOT_PROVIDED_PER_FILE (ZIP_VERIFIED),9084a3ec7dec67d5ebcbb05899246fd6e666c3d10065b70b3eaa20d64f1144db,ZIP_SHA256_VERIFIED,f0e0e1c3c3c7cf8f,242969,,SUCCESS,D:\curuma\turmeric_datasets\dataset_02\original\Turmeric Plant Disease\Leaf Blotch\Leaf Blotch00029.JPG,https://data.mendeley.com/public-files/datasets/g46dvrcvwn/files/fb82efd6-bd52-488e-be42-f4e2e619088b/file_downloaded
Dataset_02_g46dvrcvwn,Leaf Blotch00030.JPG,original,Leaf_Blotch,Leaf Blotch,NOT_PROVIDED_PER_FILE (ZIP_VERIFIED),2bafc0953a496530ffc1b5c74e77cff6fc28d5365b9775401c720faedce54063,ZIP_SHA256_VERIFIED,fffbe3c387070f0f,204240,,SUCCESS,D:\curuma\turmeric_datasets\dataset_02\original\Turmeric Plant Disease\Leaf Blotch\Leaf Blotch00030.JPG,https://data.mendeley.com/public-files/datasets/g46dvrcvwn/files/fb82efd6-bd52-488e-be42-f4e2e619088b/file_downloaded
Dataset_02_g46dvrcvwn,Leaf Blotch00031.JPG,original,Leaf_Blotch,Leaf Blotch,NOT_PROVIDED_PER_FILE (ZIP_VERIFIED),7a6962888a0f8a80bcdda8192a265230a2ec94f7b435993f50578fb1db596b52,ZIP_SHA256_VERIFIED,fff9f1e1c3c3c7cf,184274,,SUCCESS,D:\curuma\turmeric_datasets\dataset_02\original\Turmeric Plant Disease\Leaf Blotch\Leaf Blotch00031.JPG,https://data.mendeley.com/public-files/datasets/g46dvrcvwn/files/fb82efd6-bd52-488e-be42-f4e2e619088b/file_downloaded
Dataset_02_g46dvrcvwn,Leaf Blotch00032.JPG,original,Leaf_Blotch,Leaf Blotch,NOT_PROVIDED_PER_FILE (ZIP_VERIFIED),4919055a278ec9c01d26123fad90acac772e2ee5978757f92c9a486ad1573fef,ZIP_SHA256_VERIFIED,fffffff1e3830303,226119,,SUCCESS,D:\curuma\turmeric_datasets\dataset_02\original\Turmeric Plant Disease\Leaf Blotch\Leaf Blotch00032.JPG,https://data.mendeley.com/public-files/datasets/g46dvrcvwn/files/fb82efd6-bd52-488e-be42-f4e2e619088b/file_downloaded
Dataset_02_g46dvrcvwn,Leaf Blotch00033.JPG,original,Leaf_Blotch,Leaf Blotch,NOT_PROVIDED_PER_FILE (ZIP_VERIFIED),39c479869cfec5b2a141f1f88e07b02229756020df57d0281ee6fc08766e7e61,ZIP_SHA256_VERIFIED,fffffbe3c383070f,211975,,SUCCESS,D:\curuma\turmeric_datasets\dataset_02\original\Turmeric Plant Disease\Leaf Blotch\Leaf Blotch00033.JPG,https://data.mendeley.com/public-files/datasets/g46dvrcvwn/files/fb82efd6-bd52-488e-be42-f4e2e619088b/file_downloaded
Dataset_02_g46dvrcvwn,Leaf Blotch00034.JPG,original,Leaf_Blotch,Leaf Blotch,NOT_PROVIDED_PER_FILE (ZIP_VERIFIED),2d9bdbe4174fe29f962cc0598e595ea3ad64ee78af3eace3d8a921274f060543,ZIP_SHA256_VERIFIED,fffcf8f0e0c18307,254311,,SUCCESS,D:\curuma\turmeric_datasets\dataset_02\original\Turmeric Plant Disease\Leaf Blotch\Leaf Blotch00034.JPG,https://data.mendeley.com/public-files/datasets/g46dvrcvwn/files/fb82efd6-bd52-488e-be42-f4e2e619088b/file_downloaded
Dataset_02_g46dvrcvwn,Leaf Blotch00035.JPG,original,Leaf_Blotch,Leaf Blotch,NOT_PROVIDED_PER_FILE (ZIP_VERIFIED),4ade127b37d487158e1cad776ff69a1ca5bc17f147d1478d15fd11e0eb94b864,ZIP_SHA256_VERIFIED,ff3f81c0e0f0fcff,239533,,SUCCESS,D:\curuma\turmeric_datasets\dataset_02\original\Turmeric Plant Disease\Leaf Blotch\Leaf Blotch00035.JPG,https://data.mendeley.com/public-files/datasets/g46dvrcvwn/files/fb82efd6-bd52-488e-be42-f4e2e619088b/file_downloaded
Dataset_02_g46dvrcvwn,Leaf Blotch00036.JPG,original,Leaf_Blotch,Leaf Blotch,NOT_PROVIDED_PER_FILE (ZIP_VERIFIED),82817b84f7064f36a30ac0a0961fc4cbb29fd8bacf1c29d5ea90531da52aa181,ZIP_SHA256_VERIFIED,fffce08003070f1f,295486,,SUCCESS,D:\curuma\turmeric_datasets\dataset_02\original\Turmeric Plant Disease\Leaf Blotch\Leaf Blotch00036.JPG,https://data.mendeley.com/public-files/datasets/g46dvrcvwn/files/fb82efd6-bd52-488e-be42-f4e2e619088b/file_downloaded
Dataset_02_g46dvrcvwn,Leaf Blotch00037.JPG,original,Leaf_Blotch,Leaf Blotch,NOT_PROVIDED_PER_FILE (ZIP_VERIFIED),0f91ed7859af82f56f44b98f524ab1a08880e08fcdb44184db8e2627cf2897cd,ZIP_SHA256_VERIFIED,fffcf9e1c3030707,275299,,SUCCESS,D:\curuma\turmeric_datasets\dataset_02\original\Turmeric Plant Disease\Leaf Blotch\Leaf Blotch00037.JPG,https://data.mendeley.com/public-files/datasets/g46dvrcvwn/files/fb82efd6-bd52-488e-be42-f4e2e619088b/file_downloaded
Dataset_02_g46dvrcvwn,Leaf Blotch00038.JPG,original,Leaf_Blotch,Leaf Blotch,NOT_PROVIDED_PER_FILE (ZIP_VERIFIED),47d071975fbd13b57c6336b6591d0daa163eb440d3f5c66c938e6190e997b492,ZIP_SHA256_VERIFIED,fffffff1a0000001,347377,,SUCCESS,D:\curuma\turmeric_datasets\dataset_02\original\Turmeric Plant Disease\Leaf Blotch\Leaf Blotch00038.JPG,https://data.mendeley.com/public-files/datasets/g46dvrcvwn/files/fb82efd6-bd52-488e-be42-f4e2e619088b/file_downloaded
Dataset_02_g46dvrcvwn,Leaf Blotch00039.JPG,original,Leaf_Blotch,Leaf Blotch,NOT_PROVIDED_PER_FILE (ZIP_VERIFIED),a413bead0f0d0de9c6ef77822b2dfe12822d553bd7b34140a1b337b003cd9185,ZIP_SHA256_VERIFIED,7f9f87c1e0f0f87e,268298,,SUCCESS,D:\curuma\turmeric_datasets\dataset_02\original\Turmeric Plant Disease\Leaf Blotch\Leaf Blotch00039.JPG,https://data.mendeley.com/public-files/datasets/g46dvrcvwn/files/fb82efd6-bd52-488e-be42-f4e2e619088b/file_downloaded
Dataset_02_g46dvrcvwn,Leaf Blotch00040.JPG,original,Leaf_Blotch,Leaf Blotch,NOT_PROVIDED_PER_FILE (ZIP_VERIFIED),09ce7d6a5cfa91a3193a92483fba579e221ac749bdc0444122a88c257a58df78,ZIP_SHA256_VERIFIED,ff7f3f0b03090101,329793,,SUCCESS,D:\curuma\turmeric_datasets\dataset_02\original\Turmeric Plant Disease\Leaf Blotch\Leaf Blotch00040.JPG,https://data.mendeley.com/public-files/datasets/g46dvrcvwn/files/fb82efd6-bd52-488e-be42-f4e2e619088b/file_downloaded
Dataset_02_g46dvrcvwn,Leaf Blotch00041.JPG,original,Leaf_Blotch,Leaf Blotch,NOT_PROVIDED_PER_FILE (ZIP_VERIFIED),7387958ff139f404b6bfb8287310e93a6adb9dba34fdcc59818dbace800ce02c,ZIP_SHA256_VERIFIED,bf8781c0c0e1f7f6,320337,,SUCCESS,D:\curuma\turmeric_datasets\dataset_02\original\Turmeric Plant Disease\Leaf Blotch\Leaf Blotch00041.JPG,https://data.mendeley.com/public-files/datasets/g46dvrcvwn/files/fb82efd6-bd52-488e-be42-f4e2e619088b/file_downloaded
Dataset_02_g46dvrcvwn,Leaf Blotch00042.JPG,original,Leaf_Blotch,Leaf Blotch,NOT_PROVIDED_PER_FILE (ZIP_VERIFIED),9e7dd4d68052ee13632eb955fa92b87da97604a60964ca4de96901839a3a9f32,ZIP_SHA256_VERIFIED,f9f1c18119193b73,319814,,SUCCESS,D:\curuma\turmeric_datasets\dataset_02\original\Turmeric Plant Disease\Leaf Blotch\Leaf Blotch00042.JPG,https://data.mendeley.com/public-files/datasets/g46dvrcvwn/files/fb82efd6-bd52-488e-be42-f4e2e619088b/file_downloaded
Dataset_02_g46dvrcvwn,Leaf Blotch00043.JPG,original,Leaf_Blotch,Leaf Blotch,NOT_PROVIDED_PER_FILE (ZIP_VERIFIED),e3baafc950c63fef8c8d011425b81b9ec580e3ac8f654139956ed43db0d9ba79,ZIP_SHA256_VERIFIED,f0e1c3860e1e170f,340013,,SUCCESS,D:\curuma\turmeric_datasets\dataset_02\original\Turmeric Plant Disease\Leaf Blotch\Leaf Blotch00043.JPG,https://data.mendeley.com/public-files/datasets/g46dvrcvwn/files/fb82efd6-bd52-488e-be42-f4e2e619088b/file_downloaded
Dataset_02_g46dvrcvwn,Leaf Blotch00044.JPG,original,Leaf_Blotch,Leaf Blotch,NOT_PROVIDED_PER_FILE (ZIP_VERIFIED),8f2a265fa7995a2d91214baa708b07c82e25505cebf99249d4e1a747e8ffe16d,ZIP_SHA256_VERIFIED,efc7c1c190d8e8e0,361157,,SUCCESS,D:\curuma\turmeric_datasets\dataset_02\original\Turmeric Plant Disease\Leaf Blotch\Leaf Blotch00044.JPG,https://data.mendeley.com/public-files/datasets/g46dvrcvwn/files/fb82efd6-bd52-488e-be42-f4e2e619088b/file_downloaded
Dataset_02_g46dvrcvwn,Leaf Blotch00045.JPG,original,Leaf_Blotch,Leaf Blotch,NOT_PROVIDED_PER_FILE (ZIP_VERIFIED),68d0f0d4ed4354dd2a5b940f25a3328d55a113d365482061e1705dd0315d1d9f,ZIP_SHA256_VERIFIED,2733a1c0c0e8f4f0,351160,,SUCCESS,D:\curuma\turmeric_datasets\dataset_02\original\Turmeric Plant Disease\Leaf Blotch\Leaf Blotch00045.JPG,https://data.mendeley.com/public-files/datasets/g46dvrcvwn/files/fb82efd6-bd52-488e-be42-f4e2e619088b/file_downloaded
Dataset_02_g46dvrcvwn,Leaf Blotch00046.JPG,original,Leaf_Blotch,Leaf Blotch,NOT_PROVIDED_PER_FILE (ZIP_VERIFIED),9ac6cb90234918f569be8e23ff430c4fbc9af1c5163a63bbc4f3e2ec663dd4fd,ZIP_SHA256_VERIFIED,7f5f0f878381c1c3,345582,,SUCCESS,D:\curuma\turmeric_datasets\dataset_02\original\Turmeric Plant Disease\Leaf Blotch\Leaf Blotch00046.JPG,https://data.mendeley.com/public-files/datasets/g46dvrcvwn/files/fb82efd6-bd52-488e-be42-f4e2e619088b/file_downloaded
Dataset_02_g46dvrcvwn,Leaf Blotch00047.JPG,original,Leaf_Blotch,Leaf Blotch,NOT_PROVIDED_PER_FILE (ZIP_VERIFIED),484a013ac457c7ef03dbf6a41552a8bf014d3e60c1b06721c42b92a5aec06628,ZIP_SHA256_VERIFIED,fff9f3e183838b1b,300418,,SUCCESS,D:\curuma\turmeric_datasets\dataset_02\original\Turmeric Plant Disease\Leaf Blotch\Leaf Blotch00047.JPG,https://data.mendeley.com/public-files/datasets/g46dvrcvwn/files/fb82efd6-bd52-488e-be42-f4e2e619088b/file_downloaded
Dataset_02_g46dvrcvwn,Leaf Blotch00048.JPG,original,Leaf_Blotch,Leaf Blotch,NOT_PROVIDED_PER_FILE (ZIP_VERIFIED),d57578e7ac6547d9509c290068839efd36e2a30eea5e5fd934151f7d326d39f7,ZIP_SHA256_VERIFIED,fffbf3e1c1c38307,314764,,SUCCESS,D:\curuma\turmeric_datasets\dataset_02\original\Turmeric Plant Disease\Leaf Blotch\Leaf Blotch00048.JPG,https://data.mendeley.com/public-files/datasets/g46dvrcvwn/files/fb82efd6-bd52-488e-be42-f4e2e619088b/file_downloaded
Dataset_02_g46dvrcvwn,Leaf Blotch00049.JPG,original,Leaf_Blotch,Leaf Blotch,NOT_PROVIDED_PER_FILE (ZIP_VERIFIED),408e4c8dfccd34bc1919db73cf073bb0fbc7b80487bd7b74c649cfa6cdc5033c,ZIP_SHA256_VERIFIED,ffff27030381c0e0,317006,,SUCCESS,D:\curuma\turmeric_datasets\dataset_02\original\Turmeric Plant Disease\Leaf Blotch\Leaf Blotch00049.JPG,https://data.mendeley.com/public-files/datasets/g46dvrcvwn/files/fb82efd6-bd52-488e-be42-f4e2e619088b/file_downloaded
Dataset_02_g46dvrcvwn,Leaf Blotch00050.JPG,original,Leaf_Blotch,Leaf Blotch,NOT_PROVIDED_PER_FILE (ZIP_VERIFIED),39b30a9382024a62baca55458391a3a7cd22c9226b773de42785a09652125c84,ZIP_SHA256_VERIFIED,ffe7e7c3c3e1c1c1,278079,,SUCCESS,D:\curuma\turmeric_datasets\dataset_02\original\Turmeric Plant Disease\Leaf Blotch\Leaf Blotch00050.JPG,https://data.mendeley.com/public-files/datasets/g46dvrcvwn/files/fb82efd6-bd52-488e-be42-f4e2e619088b/file_downloaded
Dataset_02_g46dvrcvwn,Leaf Blotch00051.JPG,original,Leaf_Blotch,Leaf Blotch,NOT_PROVIDED_PER_FILE (ZIP_VERIFIED),882226acf811a2e4ba413ccf01d806aaa0f1c610fce8891cf7841aa51e9e6c8c,ZIP_SHA256_VERIFIED,ef8f9f83c3c3c3a3,325553,,SUCCESS,D:\curuma\turmeric_datasets\dataset_02\original\Turmeric Plant Disease\Leaf Blotch\Leaf Blotch00051.JPG,https://data.mendeley.com/public-files/datasets/g46dvrcvwn/files/fb82efd6-bd52-488e-be42-f4e2e619088b/file_downloaded
Dataset_02_g46dvrcvwn,Leaf Blotch00052.JPG,original,Leaf_Blotch,Leaf Blotch,NOT_PROVIDED_PER_FILE (ZIP_VERIFIED),fb4624fac282734aba4fcb5aebf337290b8e6cf2f987325757a245553207bff5,ZIP_SHA256_VERIFIED,fdf9f1e343030307,293774,,SUCCESS,D:\curuma\turmeric_datasets\dataset_02\original\Turmeric Plant Disease\Leaf Blotch\Leaf Blotch00052.JPG,https://data.mendeley.com/public-files/datasets/g46dvrcvwn/files/fb82efd6-bd52-488e-be42-f4e2e619088b/file_downloaded
Dataset_02_g46dvrcvwn,Leaf Blotch00053.JPG,original,Leaf_Blotch,Leaf Blotch,NOT_PROVIDED_PER_FILE (ZIP_VERIFIED),a2efb806fd3d1278c734f67a1f6c0221ad6ccaf89b3b9fad1516352badb9e996,ZIP_SHA256_VERIFIED,fffc8c98c0010307,383271,,SUCCESS,D:\curuma\turmeric_datasets\dataset_02\original\Turmeric Plant Disease\Leaf Blotch\Leaf Blotch00053.JPG,https://data.mendeley.com/public-files/datasets/g46dvrcvwn/files/fb82efd6-bd52-488e-be42-f4e2e619088b/file_downloaded
Dataset_02_g46dvrcvwn,Leaf Blotch00054.JPG,original,Leaf_Blotch,Leaf Blotch,NOT_PROVIDED_PER_FILE (ZIP_VERIFIED),0f02ad4605d1945e3757092370e41144b2e1cf8a457454a3c58fb4ac4b1510b1,ZIP_SHA256_VERIFIED,fffff19420400103,393154,,SUCCESS,D:\curuma\turmeric_datasets\dataset_02\original\Turmeric Plant Disease\Leaf Blotch\Leaf Blotch00054.JPG,https://data.mendeley.com/public-files/datasets/g46dvrcvwn/files/fb82efd6-bd52-488e-be42-f4e2e619088b/file_downloaded
Dataset_02_g46dvrcvwn,Leaf Blotch00055.JPG,original,Leaf_Blotch,Leaf Blotch,NOT_PROVIDED_PER_FILE (ZIP_VERIFIED),c6bebb88a796a012056d9b45746afc5e75a2562d5b5c7fd9addf3b3ae8a37341,ZIP_SHA256_VERIFIED,e3c3878e0d1b3b33,321250,,SUCCESS,D:\curuma\turmeric_datasets\dataset_02\original\Turmeric Plant Disease\Leaf Blotch\Leaf Blotch00055.JPG,https://data.mendeley.com/public-files/datasets/g46dvrcvwn/files/fb82efd6-bd52-488e-be42-f4e2e619088b/file_downloaded
Dataset_02_g46dvrcvwn,Leaf Blotch00056.JPG,original,Leaf_Blotch,Leaf Blotch,NOT_PROVIDED_PER_FILE (ZIP_VERIFIED),6121bd2e5ca69842931d518b4b18cb4ea958f38e099af1bca99c44498d7a8fd1,ZIP_SHA256_VERIFIED,f0e3c3060d193367,307215,,SUCCESS,D:\curuma\turmeric_datasets\dataset_02\original\Turmeric Plant Disease\Leaf Blotch\Leaf Blotch00056.JPG,https://data.mendeley.com/public-files/datasets/g46dvrcvwn/files/fb82efd6-bd52-488e-be42-f4e2e619088b/file_downloaded
Dataset_02_g46dvrcvwn,Leaf Blotch00057.JPG,original,Leaf_Blotch,Leaf Blotch,NOT_PROVIDED_PER_FILE (ZIP_VERIFIED),ce4a60bc603f9981811853f01fd945f3eec9692d9e6adf766f7d4fe9e843e6e0,ZIP_SHA256_VERIFIED,ffc383030707070f,322935,,SUCCESS,D:\curuma\turmeric_datasets\dataset_02\original\Turmeric Plant Disease\Leaf Blotch\Leaf Blotch00057.JPG,https://data.mendeley.com/public-files/datasets/g46dvrcvwn/files/fb82efd6-bd52-488e-be42-f4e2e619088b/file_downloaded
Dataset_02_g46dvrcvwn,Leaf Blotch00058.JPG,original,Leaf_Blotch,Leaf Blotch,NOT_PROVIDED_PER_FILE (ZIP_VERIFIED),4e19f66734b56a588880731a0a9026bd71e174bfc4db5b13fb856a13efb8fb10,ZIP_SHA256_VERIFIED,efe7c7c3a3818181,301587,,SUCCESS,D:\curuma\turmeric_datasets\dataset_02\original\Turmeric Plant Disease\Leaf Blotch\Leaf Blotch00058.JPG,https://data.mendeley.com/public-files/datasets/g46dvrcvwn/files/fb82efd6-bd52-488e-be42-f4e2e619088b/file_downloaded
Dataset_02_g46dvrcvwn,Leaf Blotch00059.JPG,original,Leaf_Blotch,Leaf Blotch,NOT_PROVIDED_PER_FILE (ZIP_VERIFIED),a658c56bc9e05b21a7bf43d7e63289510477bf37bbf5cca98980501fb0242f5c,ZIP_SHA256_VERIFIED,e7e1c2c08080c3c7,354392,,SUCCESS,D:\curuma\turmeric_datasets\dataset_02\original\Turmeric Plant Disease\Leaf Blotch\Leaf Blotch00059.JPG,https://data.mendeley.com/public-files/datasets/g46dvrcvwn/files/fb82efd6-bd52-488e-be42-f4e2e619088b/file_downloaded
Dataset_02_g46dvrcvwn,Leaf Blotch00060.JPG,original,Leaf_Blotch,Leaf Blotch,NOT_PROVIDED_PER_FILE (ZIP_VERIFIED),133414c60ae84d5a364091a0ab0b6047fac012cc4d7f1fca973f2535b463ba8d,ZIP_SHA256_VERIFIED,f8f0f0e0e0e0e1e1,331171,,SUCCESS,D:\curuma\turmeric_datasets\dataset_02\original\Turmeric Plant Disease\Leaf Blotch\Leaf Blotch00060.JPG,https://data.mendeley.com/public-files/datasets/g46dvrcvwn/files/fb82efd6-bd52-488e-be42-f4e2e619088b/file_downloaded
Dataset_02_g46dvrcvwn,Leaf Blotch00061.JPG,original,Leaf_Blotch,Leaf Blotch,NOT_PROVIDED_PER_FILE (ZIP_VERIFIED),d4aa7e2898d5936a128380acf6b80f378e4699cbd7601bc276327762d5d4c804,ZIP_SHA256_VERIFIED,ffffc1810303071f,328042,,SUCCESS,D:\curuma\turmeric_datasets\dataset_02\original\Turmeric Plant Disease\Leaf Blotch\Leaf Blotch00061.JPG,https://data.mendeley.com/public-files/datasets/g46dvrcvwn/files/fb82efd6-bd52-488e-be42-f4e2e619088b/file_downloaded
Dataset_02_g46dvrcvwn,Leaf Blotch00062.JPG,original,Leaf_Blotch,Leaf Blotch,NOT_PROVIDED_PER_FILE (ZIP_VERIFIED),118d4364bdae2fd6a984dd2c6aedde438cf6d31f14bd8bbbbfe2581670d702ac,ZIP_SHA256_VERIFIED,f8f6f4f4e4e0e0e0,312282,,SUCCESS,D:\curuma\turmeric_datasets\dataset_02\original\Turmeric Plant Disease\Leaf Blotch\Leaf Blotch00062.JPG,https://data.mendeley.com/public-files/datasets/g46dvrcvwn/files/fb82efd6-bd52-488e-be42-f4e2e619088b/file_downloaded
Dataset_02_g46dvrcvwn,Leaf Blotch00063.JPG,original,Leaf_Blotch,Leaf Blotch,NOT_PROVIDED_PER_FILE (ZIP_VERIFIED),1fdc09a6af4603fc0dc2d3f175af7bc38024a7477531ad51a4c92bbf7c37a14a,ZIP_SHA256_VERIFIED,7f4fcf4353434303,288221,,SUCCESS,D:\curuma\turmeric_datasets\dataset_02\original\Turmeric Plant Disease\Leaf Blotch\Leaf Blotch00063.JPG,https://data.mendeley.com/public-files/datasets/g46dvrcvwn/files/fb82efd6-bd52-488e-be42-f4e2e619088b/file_downloaded
Dataset_02_g46dvrcvwn,Leaf Blotch00064.JPG,original,Leaf_Blotch,Leaf Blotch,NOT_PROVIDED_PER_FILE (ZIP_VERIFIED),7303deed50367356274fd2ceb9611f1e2c3c0513ce2f0cc2308c149ffa360143,ZIP_SHA256_VERIFIED,c7c793b383838383,302106,,SUCCESS,D:\curuma\turmeric_datasets\dataset_02\original\Turmeric Plant Disease\Leaf Blotch\Leaf Blotch00064.JPG,https://data.mendeley.com/public-files/datasets/g46dvrcvwn/files/fb82efd6-bd52-488e-be42-f4e2e619088b/file_downloaded
Dataset_02_g46dvrcvwn,Leaf Blotch00065.JPG,original,Leaf_Blotch,Leaf Blotch,NOT_PROVIDED_PER_FILE (ZIP_VERIFIED),fa091cfcde03175998ef02b5a6c662a99c24b3d441b21aae8ebaea0857195c98,ZIP_SHA256_VERIFIED,df8783c1e1e0f8fe,309325,,SUCCESS,D:\curuma\turmeric_datasets\dataset_02\original\Turmeric Plant Disease\Leaf Blotch\Leaf Blotch00065.JPG,https://data.mendeley.com/public-files/datasets/g46dvrcvwn/files/fb82efd6-bd52-488e-be42-f4e2e619088b/file_downloaded
Dataset_02_g46dvrcvwn,Leaf Blotch00066.JPG,original,Leaf_Blotch,Leaf Blotch,NOT_PROVIDED_PER_FILE (ZIP_VERIFIED),4358b3e411446759e5d35e3d93d6aae4e9b7c1ded77c66242292277b23418564,ZIP_SHA256_VERIFIED,fff8f1c18933674f,274363,,SUCCESS,D:\curuma\turmeric_datasets\dataset_02\original\Turmeric Plant Disease\Leaf Blotch\Leaf Blotch00066.JPG,https://data.mendeley.com/public-files/datasets/g46dvrcvwn/files/fb82efd6-bd52-488e-be42-f4e2e619088b/file_downloaded
Dataset_02_g46dvrcvwn,Leaf Blotch00067.JPG,original,Leaf_Blotch,Leaf Blotch,NOT_PROVIDED_PER_FILE (ZIP_VERIFIED),c2dfa1f9fec4db254da35e6107f18d855e4cf6093ab9c12500ab4fc053f8a388,ZIP_SHA256_VERIFIED,fffdf9f981a3470f,294310,,SUCCESS,D:\curuma\turmeric_datasets\dataset_02\original\Turmeric Plant Disease\Leaf Blotch\Leaf Blotch00067.JPG,https://data.mendeley.com/public-files/datasets/g46dvrcvwn/files/fb82efd6-bd52-488e-be42-f4e2e619088b/file_downloaded
Dataset_02_g46dvrcvwn,Leaf Blotch00068.JPG,original,Leaf_Blotch,Leaf Blotch,NOT_PROVIDED_PER_FILE (ZIP_VERIFIED),bfe1b7bb4cda4e4d5234182c220b2c5d0f9be1a8a34e2d8fd58ea3fbe145afe9,ZIP_SHA256_VERIFIED,ff9f8f87c1e0f0f8,319683,,SUCCESS,D:\curuma\turmeric_datasets\dataset_02\original\Turmeric Plant Disease\Leaf Blotch\Leaf Blotch00068.JPG,https://data.mendeley.com/public-files/datasets/g46dvrcvwn/files/fb82efd6-bd52-488e-be42-f4e2e619088b/file_downloaded
Dataset_02_g46dvrcvwn,Leaf Blotch00069.JPG,original,Leaf_Blotch,Leaf Blotch,NOT_PROVIDED_PER_FILE (ZIP_VERIFIED),b2fabf313777ee5321b4828ec573257ca13da00c438da07bf79bfb374f6ab9d9,ZIP_SHA256_VERIFIED,f3f3f3e2e2e6c6c6,293029,,SUCCESS,D:\curuma\turmeric_datasets\dataset_02\original\Turmeric Plant Disease\Leaf Blotch\Leaf Blotch00069.JPG,https://data.mendeley.com/public-files/datasets/g46dvrcvwn/files/fb82efd6-bd52-488e-be42-f4e2e619088b/file_downloaded
Dataset_02_g46dvrcvwn,Leaf Blotch00070.JPG,original,Leaf_Blotch,Leaf Blotch,NOT_PROVIDED_PER_FILE (ZIP_VERIFIED),5ce29de16a6ccaac01d18c2dd34a8bdd7eba813662e2e4e1917fbebd9b6ac29f,ZIP_SHA256_VERIFIED,fff3e3c3c3870707,313873,,SUCCESS,D:\curuma\turmeric_datasets\dataset_02\original\Turmeric Plant Disease\Leaf Blotch\Leaf Blotch00070.JPG,https://data.mendeley.com/public-files/datasets/g46dvrcvwn/files/fb82efd6-bd52-488e-be42-f4e2e619088b/file_downloaded
Dataset_02_g46dvrcvwn,Leaf Blotch00071.JPG,original,Leaf_Blotch,Leaf Blotch,NOT_PROVIDED_PER_FILE (ZIP_VERIFIED),fba5519848be107c8d491823ca4e14a3e46e249acd0e2069902bdd6bb01f7375,ZIP_SHA256_VERIFIED,f9f1e1c38383070f,345460,,SUCCESS,D:\curuma\turmeric_datasets\dataset_02\original\Turmeric Plant Disease\Leaf Blotch\Leaf Blotch00071.JPG,https://data.mendeley.com/public-files/datasets/g46dvrcvwn/files/fb82efd6-bd52-488e-be42-f4e2e619088b/file_downloaded
Dataset_02_g46dvrcvwn,Leaf Blotch00072.JPG,original,Leaf_Blotch,Leaf Blotch,NOT_PROVIDED_PER_FILE (ZIP_VERIFIED),4d708ddd1deb61eb7c1e0bc6a65680f6e107371dfb40492a7dae0608214eacc2,ZIP_SHA256_VERIFIED,3f1f8f8783c1c1c0,298103,,SUCCESS,D:\curuma\turmeric_datasets\dataset_02\original\Turmeric Plant Disease\Leaf Blotch\Leaf Blotch00072.JPG,https://data.mendeley.com/public-files/datasets/g46dvrcvwn/files/fb82efd6-bd52-488e-be42-f4e2e619088b/file_downloaded
Dataset_02_g46dvrcvwn,Leaf Blotch00073.JPG,original,Leaf_Blotch,Leaf Blotch,NOT_PROVIDED_PER_FILE (ZIP_VERIFIED),476cc04119db6a916a27e3375ba30654d95ccf9abd1631fd1bccd7ac48c14d1b,ZIP_SHA256_VERIFIED,ffbf8f8783c1c0e0,261160,,SUCCESS,D:\curuma\turmeric_datasets\dataset_02\original\Turmeric Plant Disease\Leaf Blotch\Leaf Blotch00073.JPG,https://data.mendeley.com/public-files/datasets/g46dvrcvwn/files/fb82efd6-bd52-488e-be42-f4e2e619088b/file_downloaded
Dataset_02_g46dvrcvwn,Leaf Blotch00074.JPG,original,Leaf_Blotch,Leaf Blotch,NOT_PROVIDED_PER_FILE (ZIP_VERIFIED),0ad88a93b5528f96f8ceed9b57b3aa144550c7aef4f151ee9f57a43d09641323,ZIP_SHA256_VERIFIED,fff3f3c383830d09,310717,,SUCCESS,D:\curuma\turmeric_datasets\dataset_02\original\Turmeric Plant Disease\Leaf Blotch\Leaf Blotch00074.JPG,https://data.mendeley.com/public-files/datasets/g46dvrcvwn/files/fb82efd6-bd52-488e-be42-f4e2e619088b/file_downloaded
Dataset_02_g46dvrcvwn,Leaf Blotch00075.JPG,original,Leaf_Blotch,Leaf Blotch,NOT_PROVIDED_PER_FILE (ZIP_VERIFIED),a3474f43ac7e303941ef6dde8fdd59608acde77499eeb66a4818b2eba82fdd45,ZIP_SHA256_VERIFIED,fffef8e0c0d0a021,344437,,SUCCESS,D:\curuma\turmeric_datasets\dataset_02\original\Turmeric Plant Disease\Leaf Blotch\Leaf Blotch00075.JPG,https://data.mendeley.com/public-files/datasets/g46dvrcvwn/files/fb82efd6-bd52-488e-be42-f4e2e619088b/file_downloaded
Dataset_02_g46dvrcvwn,Leaf Blotch00076.JPG,original,Leaf_Blotch,Leaf Blotch,NOT_PROVIDED_PER_FILE (ZIP_VERIFIED),c58d78d89a2188df0f1d19d74ca7d1cd37a095414f8b9c01807dd1cbdc4caeae,ZIP_SHA256_VERIFIED,fcece8d890a10103,379358,,SUCCESS,D:\curuma\turmeric_datasets\dataset_02\original\Turmeric Plant Disease\Leaf Blotch\Leaf Blotch00076.JPG,https://data.mendeley.com/public-files/datasets/g46dvrcvwn/files/fb82efd6-bd52-488e-be42-f4e2e619088b/file_downloaded
Dataset_02_g46dvrcvwn,Leaf Blotch00077.JPG,original,Leaf_Blotch,Leaf Blotch,NOT_PROVIDED_PER_FILE (ZIP_VERIFIED),beaaea23514a4480a4f80b8ef730748295df904ad75372b6772c6b83a56d6c39,ZIP_SHA256_VERIFIED,7f7f1f030000e080,330846,,SUCCESS,D:\curuma\turmeric_datasets\dataset_02\original\Turmeric Plant Disease\Leaf Blotch\Leaf Blotch00077.JPG,https://data.mendeley.com/public-files/datasets/g46dvrcvwn/files/fb82efd6-bd52-488e-be42-f4e2e619088b/file_downloaded
Dataset_02_g46dvrcvwn,Leaf Blotch00078.JPG,original,Leaf_Blotch,Leaf Blotch,NOT_PROVIDED_PER_FILE (ZIP_VERIFIED),87b5049bb189f6d110dcab52a1a1c1f916e175334cf651e997d6a512e3075da3,ZIP_SHA256_VERIFIED,ff7f1f0f03018080,291741,,SUCCESS,D:\curuma\turmeric_datasets\dataset_02\original\Turmeric Plant Disease\Leaf Blotch\Leaf Blotch00078.JPG,https://data.mendeley.com/public-files/datasets/g46dvrcvwn/files/fb82efd6-bd52-488e-be42-f4e2e619088b/file_downloaded
Dataset_02_g46dvrcvwn,Leaf Blotch00079.JPG,original,Leaf_Blotch,Leaf Blotch,NOT_PROVIDED_PER_FILE (ZIP_VERIFIED),70c47844a9072f904749ff384dd909e32899a6f130419f792b4c9d29c706a2bf,ZIP_SHA256_VERIFIED,ffefc7c787838181,258157,,SUCCESS,D:\curuma\turmeric_datasets\dataset_02\original\Turmeric Plant Disease\Leaf Blotch\Leaf Blotch00079.JPG,https://data.mendeley.com/public-files/datasets/g46dvrcvwn/files/fb82efd6-bd52-488e-be42-f4e2e619088b/file_downloaded
Dataset_02_g46dvrcvwn,Leaf Blotch00080.JPG,original,Leaf_Blotch,Leaf Blotch,NOT_PROVIDED_PER_FILE (ZIP_VERIFIED),ea04f87e0e0ab634f03ca3070bba9fe5aec4d07c7681143140eb739f645a905a,ZIP_SHA256_VERIFIED,ffff0f87c1c0e0f0,315235,,SUCCESS,D:\curuma\turmeric_datasets\dataset_02\original\Turmeric Plant Disease\Leaf Blotch\Leaf Blotch00080.JPG,https://data.mendeley.com/public-files/datasets/g46dvrcvwn/files/fb82efd6-bd52-488e-be42-f4e2e619088b/file_downloaded
Dataset_02_g46dvrcvwn,Leaf Blotch00081.JPG,original,Leaf_Blotch,Leaf Blotch,NOT_PROVIDED_PER_FILE (ZIP_VERIFIED),1e8c6f806722158daa3eb502f5e1308d2cab0d80d6e8df822bf2ed91bb261846,ZIP_SHA256_VERIFIED,ff8f87c1e0f0f0f8,324430,,SUCCESS,D:\curuma\turmeric_datasets\dataset_02\original\Turmeric Plant Disease\Leaf Blotch\Leaf Blotch00081.JPG,https://data.mendeley.com/public-files/datasets/g46dvrcvwn/files/fb82efd6-bd52-488e-be42-f4e2e619088b/file_downloaded
Dataset_02_g46dvrcvwn,Leaf Blotch00082.JPG,original,Leaf_Blotch,Leaf Blotch,NOT_PROVIDED_PER_FILE (ZIP_VERIFIED),b1db8dc4d58f5c6851a6ce518b4876808234ebd414fa229648055927aa4f1a3a,ZIP_SHA256_VERIFIED,9f8f8f8f87070707,324708,,SUCCESS,D:\curuma\turmeric_datasets\dataset_02\original\Turmeric Plant Disease\Leaf Blotch\Leaf Blotch00082.JPG,https://data.mendeley.com/public-files/datasets/g46dvrcvwn/files/fb82efd6-bd52-488e-be42-f4e2e619088b/file_downloaded
Dataset_02_g46dvrcvwn,Leaf Blotch00083.JPG,original,Leaf_Blotch,Leaf Blotch,NOT_PROVIDED_PER_FILE (ZIP_VERIFIED),948d6e2d7d31ebcfa4bfb8ced4fa769fb06b0612161664c615fa4be8bfed303b,ZIP_SHA256_VERIFIED,fff9f9f0f0f0e0e0,329659,,SUCCESS,D:\curuma\turmeric_datasets\dataset_02\original\Turmeric Plant Disease\Leaf Blotch\Leaf Blotch00083.JPG,https://data.mendeley.com/public-files/datasets/g46dvrcvwn/files/fb82efd6-bd52-488e-be42-f4e2e619088b/file_downloaded
Dataset_02_g46dvrcvwn,Leaf Blotch00084.JPG,original,Leaf_Blotch,Leaf Blotch,NOT_PROVIDED_PER_FILE (ZIP_VERIFIED),abae3626d5df64c4d0c7e7004f1a287a144731ce2a0f74651a702b22485095b4,ZIP_SHA256_VERIFIED,f3e3e5e1c1c1c181,360280,,SUCCESS,D:\curuma\turmeric_datasets\dataset_02\original\Turmeric Plant Disease\Leaf Blotch\Leaf Blotch00084.JPG,https://data.mendeley.com/public-files/datasets/g46dvrcvwn/files/fb82efd6-bd52-488e-be42-f4e2e619088b/file_downloaded
Dataset_02_g46dvrcvwn,Leaf Blotch00085.JPG,original,Leaf_Blotch,Leaf Blotch,NOT_PROVIDED_PER_FILE (ZIP_VERIFIED),3e7df1bbd842d6aab4d53cbcb94edd47688006f3398d76418d9d92803b7b939e,ZIP_SHA256_VERIFIED,f7f3e3e383030303,351499,,SUCCESS,D:\curuma\turmeric_datasets\dataset_02\original\Turmeric Plant Disease\Leaf Blotch\Leaf Blotch00085.JPG,https://data.mendeley.com/public-files/datasets/g46dvrcvwn/files/fb82efd6-bd52-488e-be42-f4e2e619088b/file_downloaded
Dataset_02_g46dvrcvwn,Leaf Blotch00086.JPG,original,Leaf_Blotch,Leaf Blotch,NOT_PROVIDED_PER_FILE (ZIP_VERIFIED),19b3fd19f596f90b09ab78fbe7ec9f14970c8b5e979bab150016c6e87b9d6de7,ZIP_SHA256_VERIFIED,f9f1e1c1c1614707,364069,,SUCCESS,D:\curuma\turmeric_datasets\dataset_02\original\Turmeric Plant Disease\Leaf Blotch\Leaf Blotch00086.JPG,https://data.mendeley.com/public-files/datasets/g46dvrcvwn/files/fb82efd6-bd52-488e-be42-f4e2e619088b/file_downloaded
Dataset_02_g46dvrcvwn,Leaf Blotch00087.JPG,original,Leaf_Blotch,Leaf Blotch,NOT_PROVIDED_PER_FILE (ZIP_VERIFIED),de4ec78f0cd90ef01103f3782403bdecbc276ab8a5a5529d1026eba7f023f468,ZIP_SHA256_VERIFIED,3f4751c00220e0f0,374988,,SUCCESS,D:\curuma\turmeric_datasets\dataset_02\original\Turmeric Plant Disease\Leaf Blotch\Leaf Blotch00087.JPG,https://data.mendeley.com/public-files/datasets/g46dvrcvwn/files/fb82efd6-bd52-488e-be42-f4e2e619088b/file_downloaded
Dataset_02_g46dvrcvwn,Leaf Blotch00088.JPG,original,Leaf_Blotch,Leaf Blotch,NOT_PROVIDED_PER_FILE (ZIP_VERIFIED),233af79d95724392907e321670495c9323eac1674c7d71dbd652e44d81eeae18,ZIP_SHA256_VERIFIED,3f9f0da0321080ce,329662,,SUCCESS,D:\curuma\turmeric_datasets\dataset_02\original\Turmeric Plant Disease\Leaf Blotch\Leaf Blotch00088.JPG,https://data.mendeley.com/public-files/datasets/g46dvrcvwn/files/fb82efd6-bd52-488e-be42-f4e2e619088b/file_downloaded
Dataset_02_g46dvrcvwn,Leaf Blotch00089.JPG,original,Leaf_Blotch,Leaf Blotch,NOT_PROVIDED_PER_FILE (ZIP_VERIFIED),87e83a204f4470758a083c3b1efd64a783fd20559d3039d19c9dfd25ee9b6881,ZIP_SHA256_VERIFIED,5fcf6361e0e24000,341990,,SUCCESS,D:\curuma\turmeric_datasets\dataset_02\original\Turmeric Plant Disease\Leaf Blotch\Leaf Blotch00089.JPG,https://data.mendeley.com/public-files/datasets/g46dvrcvwn/files/fb82efd6-bd52-488e-be42-f4e2e619088b/file_downloaded
Dataset_02_g46dvrcvwn,Leaf Blotch00090.JPG,original,Leaf_Blotch,Leaf Blotch,NOT_PROVIDED_PER_FILE (ZIP_VERIFIED),8bda12e03798c99c0f9340c8e12b9560670ff8d83cac8f889bc274ba58f41318,ZIP_SHA256_VERIFIED,8d8c84c4c0e8e0f8,340180,,SUCCESS,D:\curuma\turmeric_datasets\dataset_02\original\Turmeric Plant Disease\Leaf Blotch\Leaf Blotch00090.JPG,https://data.mendeley.com/public-files/datasets/g46dvrcvwn/files/fb82efd6-bd52-488e-be42-f4e2e619088b/file_downloaded
Dataset_02_g46dvrcvwn,Leaf Blotch00091.JPG,original,Leaf_Blotch,Leaf Blotch,NOT_PROVIDED_PER_FILE (ZIP_VERIFIED),f101cfe1e20f172a5985cb2544aa664209f46ae00c49b0c9fc29863aa9c54812,ZIP_SHA256_VERIFIED,ffbfdfef07030100,345022,,SUCCESS,D:\curuma\turmeric_datasets\dataset_02\original\Turmeric Plant Disease\Leaf Blotch\Leaf Blotch00091.JPG,https://data.mendeley.com/public-files/datasets/g46dvrcvwn/files/fb82efd6-bd52-488e-be42-f4e2e619088b/file_downloaded
Dataset_02_g46dvrcvwn,Leaf Blotch00092.JPG,original,Leaf_Blotch,Leaf Blotch,NOT_PROVIDED_PER_FILE (ZIP_VERIFIED),d55847a7088382db6fff3dcc371e59629db8f8040d08c085c4db102a50704790,ZIP_SHA256_VERIFIED,ffffd91101018303,325359,,SUCCESS,D:\curuma\turmeric_datasets\dataset_02\original\Turmeric Plant Disease\Leaf Blotch\Leaf Blotch00092.JPG,https://data.mendeley.com/public-files/datasets/g46dvrcvwn/files/fb82efd6-bd52-488e-be42-f4e2e619088b/file_downloaded
Dataset_02_g46dvrcvwn,Leaf Blotch00093.JPG,original,Leaf_Blotch,Leaf Blotch,NOT_PROVIDED_PER_FILE (ZIP_VERIFIED),5421db7bb2cb076123f3efc8a2af25a6e86dd7763758ffe4735d345387cb605a,ZIP_SHA256_VERIFIED,fffdfdf8c8901000,324365,,SUCCESS,D:\curuma\turmeric_datasets\dataset_02\original\Turmeric Plant Disease\Leaf Blotch\Leaf Blotch00093.JPG,https://data.mendeley.com/public-files/datasets/g46dvrcvwn/files/fb82efd6-bd52-488e-be42-f4e2e619088b/file_downloaded
Dataset_02_g46dvrcvwn,Leaf Blotch00094.JPG,original,Leaf_Blotch,Leaf Blotch,NOT_PROVIDED_PER_FILE (ZIP_VERIFIED),0685c07897b2b8252fe65cb0a71865cfbef2653e62741a493c449394cad7a0e1,ZIP_SHA256_VERIFIED,e7e3c3c3c3c14343,317527,,SUCCESS,D:\curuma\turmeric_datasets\dataset_02\original\Turmeric Plant Disease\Leaf Blotch\Leaf Blotch00094.JPG,https://data.mendeley.com/public-files/datasets/g46dvrcvwn/files/fb82efd6-bd52-488e-be42-f4e2e619088b/file_downloaded
Dataset_02_g46dvrcvwn,Leaf Blotch00095.JPG,original,Leaf_Blotch,Leaf Blotch,NOT_PROVIDED_PER_FILE (ZIP_VERIFIED),49a4576ed9b3b3c938f5cbc76fc2567963bfe0cbfbf374cc0d0cd63dee084524,ZIP_SHA256_VERIFIED,f8f8e0e0c0c08080,295313,,SUCCESS,D:\curuma\turmeric_datasets\dataset_02\original\Turmeric Plant Disease\Leaf Blotch\Leaf Blotch00095.JPG,https://data.mendeley.com/public-files/datasets/g46dvrcvwn/files/fb82efd6-bd52-488e-be42-f4e2e619088b/file_downloaded
Dataset_02_g46dvrcvwn,Leaf Blotch00096.JPG,original,Leaf_Blotch,Leaf Blotch,NOT_PROVIDED_PER_FILE (ZIP_VERIFIED),8db7df612cad64d4f22985a8361a4d1ff7a80500f983327e37d6ee7ac8d24c77,ZIP_SHA256_VERIFIED,ffff87a787830301,237475,,SUCCESS,D:\curuma\turmeric_datasets\dataset_02\original\Turmeric Plant Disease\Leaf Blotch\Leaf Blotch00096.JPG,https://data.mendeley.com/public-files/datasets/g46dvrcvwn/files/fb82efd6-bd52-488e-be42-f4e2e619088b/file_downloaded
Dataset_02_g46dvrcvwn,Leaf Blotch00097.JPG,original,Leaf_Blotch,Leaf Blotch,NOT_PROVIDED_PER_FILE (ZIP_VERIFIED),57927019ebbb1074ec27380a0c59152ab9d4567d002f045f2f02d9599ee02a6a,ZIP_SHA256_VERIFIED,fbcf17050c193521,332671,,SUCCESS,D:\curuma\turmeric_datasets\dataset_02\original\Turmeric Plant Disease\Leaf Blotch\Leaf Blotch00097.JPG,https://data.mendeley.com/public-files/datasets/g46dvrcvwn/files/fb82efd6-bd52-488e-be42-f4e2e619088b/file_downloaded
Dataset_02_g46dvrcvwn,Leaf Blotch00098.JPG,original,Leaf_Blotch,Leaf Blotch,NOT_PROVIDED_PER_FILE (ZIP_VERIFIED),34dba31d4cea848a72bf72503841cfc25b4a0e2cbfba7e33ff6d36e50df64767,ZIP_SHA256_VERIFIED,ffe3c2000303070e,247032,,SUCCESS,D:\curuma\turmeric_datasets\dataset_02\original\Turmeric Plant Disease\Leaf Blotch\Leaf Blotch00098.JPG,https://data.mendeley.com/public-files/datasets/g46dvrcvwn/files/fb82efd6-bd52-488e-be42-f4e2e619088b/file_downloaded
Dataset_02_g46dvrcvwn,Leaf Blotch00099.JPG,original,Leaf_Blotch,Leaf Blotch,NOT_PROVIDED_PER_FILE (ZIP_VERIFIED),fb781c4a7f808456b8bffcd9ef37c1fe677d671ed26b4d6df4bd4dec235b52d1,ZIP_SHA256_VERIFIED,f3e3c3838307050d,310072,,SUCCESS,D:\curuma\turmeric_datasets\dataset_02\original\Turmeric Plant Disease\Leaf Blotch\Leaf Blotch00099.JPG,https://data.mendeley.com/public-files/datasets/g46dvrcvwn/files/fb82efd6-bd52-488e-be42-f4e2e619088b/file_downloaded
Dataset_02_g46dvrcvwn,Leaf Blotch00100.JPG,original,Leaf_Blotch,Leaf Blotch,NOT_PROVIDED_PER_FILE (ZIP_VERIFIED),9a3ef5bb80ccb9a3234a33a85cfb691d65fc444bec4aecdd2c22f255c2790577,ZIP_SHA256_VERIFIED,ff3703038080c8ec,310736,,SUCCESS,D:\curuma\turmeric_datasets\dataset_02\original\Turmeric Plant Disease\Leaf Blotch\Leaf Blotch00100.JPG,https://data.mendeley.com/public-files/datasets/g46dvrcvwn/files/fb82efd6-bd52-488e-be42-f4e2e619088b/file_downloaded
Dataset_02_g46dvrcvwn,Leaf Blotch00101.JPG,original,Leaf_Blotch,Leaf Blotch,NOT_PROVIDED_PER_FILE (ZIP_VERIFIED),eaf05ffd7c73246e2ddb6abb0f7a3f84a4e23e521a4c9e787da5ca93c57f8cd0,ZIP_SHA256_VERIFIED,ffffc38080010307,302342,,SUCCESS,D:\curuma\turmeric_datasets\dataset_02\original\Turmeric Plant Disease\Leaf Blotch\Leaf Blotch00101.JPG,https://data.mendeley.com/public-files/datasets/g46dvrcvwn/files/fb82efd6-bd52-488e-be42-f4e2e619088b/file_downloaded
Dataset_02_g46dvrcvwn,Leaf Blotch00102.JPG,original,Leaf_Blotch,Leaf Blotch,NOT_PROVIDED_PER_FILE (ZIP_VERIFIED),55d82269b5dffbca909429841052bb9829a18ac4348a3339da46d4c2ed8be6ab,ZIP_SHA256_VERIFIED,fcf0e0e0c00080ff,315522,,SUCCESS,D:\curuma\turmeric_datasets\dataset_02\original\Turmeric Plant Disease\Leaf Blotch\Leaf Blotch00102.JPG,https://data.mendeley.com/public-files/datasets/g46dvrcvwn/files/fb82efd6-bd52-488e-be42-f4e2e619088b/file_downloaded
Dataset_02_g46dvrcvwn,Leaf Blotch00103.JPG,original,Leaf_Blotch,Leaf Blotch,NOT_PROVIDED_PER_FILE (ZIP_VERIFIED),911bccdbfdef1a2bc4e100fbe7c5c9d062fe46ddcad12051f7ee5dfa9d1535af,ZIP_SHA256_VERIFIED,fffce98103030707,247745,,SUCCESS,D:\curuma\turmeric_datasets\dataset_02\original\Turmeric Plant Disease\Leaf Blotch\Leaf Blotch00103.JPG,https://data.mendeley.com/public-files/datasets/g46dvrcvwn/files/fb82efd6-bd52-488e-be42-f4e2e619088b/file_downloaded
Dataset_02_g46dvrcvwn,Leaf Blotch00104.JPG,original,Leaf_Blotch,Leaf Blotch,NOT_PROVIDED_PER_FILE (ZIP_VERIFIED),ec88b0255406196777a06e4bb3d731be645cebff70341c0b5d028141b7e6ac4c,ZIP_SHA256_VERIFIED,67e7e3c3c3c3c3c3,245600,,SUCCESS,D:\curuma\turmeric_datasets\dataset_02\original\Turmeric Plant Disease\Leaf Blotch\Leaf Blotch00104.JPG,https://data.mendeley.com/public-files/datasets/g46dvrcvwn/files/fb82efd6-bd52-488e-be42-f4e2e619088b/file_downloaded
Dataset_02_g46dvrcvwn,Leaf Blotch00105.JPG,original,Leaf_Blotch,Leaf Blotch,NOT_PROVIDED_PER_FILE (ZIP_VERIFIED),6e09102ce1b0683d7a506212c4a0b5a3b174d1c95bf89b2c5320433079c9084e,ZIP_SHA256_VERIFIED,c7cbcbc383838181,251573,,SUCCESS,D:\curuma\turmeric_datasets\dataset_02\original\Turmeric Plant Disease\Leaf Blotch\Leaf Blotch00105.JPG,https://data.mendeley.com/public-files/datasets/g46dvrcvwn/files/fb82efd6-bd52-488e-be42-f4e2e619088b/file_downloaded
Dataset_02_g46dvrcvwn,Leaf Blotch00106.JPG,original,Leaf_Blotch,Leaf Blotch,NOT_PROVIDED_PER_FILE (ZIP_VERIFIED),03bb7b66458cf0e4e398873c5b43e4ff45b99ca82aa8429637202e455c506c32,ZIP_SHA256_VERIFIED,ffffffe080010206,203686,,SUCCESS,D:\curuma\turmeric_datasets\dataset_02\original\Turmeric Plant Disease\Leaf Blotch\Leaf Blotch00106.JPG,https://data.mendeley.com/public-files/datasets/g46dvrcvwn/files/fb82efd6-bd52-488e-be42-f4e2e619088b/file_downloaded
Dataset_02_g46dvrcvwn,Leaf Blotch00107.JPG,original,Leaf_Blotch,Leaf Blotch,NOT_PROVIDED_PER_FILE (ZIP_VERIFIED),3ba44c877cf26bf06d7f5c0b0b637f42ef3b2af5e32a9c4178d64b859baf673e,ZIP_SHA256_VERIFIED,ff7f1f0f07030100,257232,,SUCCESS,D:\curuma\turmeric_datasets\dataset_02\original\Turmeric Plant Disease\Leaf Blotch\Leaf Blotch00107.JPG,https://data.mendeley.com/public-files/datasets/g46dvrcvwn/files/fb82efd6-bd52-488e-be42-f4e2e619088b/file_downloaded
Dataset_02_g46dvrcvwn,Leaf Blotch00108.JPG,original,Leaf_Blotch,Leaf Blotch,NOT_PROVIDED_PER_FILE (ZIP_VERIFIED),a01d79736fa9e337667c221f0dc05f540bfec492764b1ed162d4a230701b5ba3,ZIP_SHA256_VERIFIED,fff7e3c383030303,298777,,SUCCESS,D:\curuma\turmeric_datasets\dataset_02\original\Turmeric Plant Disease\Leaf Blotch\Leaf Blotch00108.JPG,https://data.mendeley.com/public-files/datasets/g46dvrcvwn/files/fb82efd6-bd52-488e-be42-f4e2e619088b/file_downloaded
Dataset_02_g46dvrcvwn,Leaf Blotch00109.JPG,original,Leaf_Blotch,Leaf Blotch,NOT_PROVIDED_PER_FILE (ZIP_VERIFIED),3b3f1d3aa2462a9c1edfa1632b43628c97ad06cf5f0c4e48185cd152b7cf3015,ZIP_SHA256_VERIFIED,fffffff1c3820002,271976,,SUCCESS,D:\curuma\turmeric_datasets\dataset_02\original\Turmeric Plant Disease\Leaf Blotch\Leaf Blotch00109.JPG,https://data.mendeley.com/public-files/datasets/g46dvrcvwn/files/fb82efd6-bd52-488e-be42-f4e2e619088b/file_downloaded
Dataset_02_g46dvrcvwn,Leaf Blotch00110.JPG,original,Leaf_Blotch,Leaf Blotch,NOT_PROVIDED_PER_FILE (ZIP_VERIFIED),9da7afa81a3e61543855bee8fb4292b375d3283f5c19b01076cf61e0d5b15706,ZIP_SHA256_VERIFIED,fffffff9e0800101,281519,,SUCCESS,D:\curuma\turmeric_datasets\dataset_02\original\Turmeric Plant Disease\Leaf Blotch\Leaf Blotch00110.JPG,https://data.mendeley.com/public-files/datasets/g46dvrcvwn/files/fb82efd6-bd52-488e-be42-f4e2e619088b/file_downloaded
Dataset_02_g46dvrcvwn,Leaf Blotch00111.JPG,original,Leaf_Blotch,Leaf Blotch,NOT_PROVIDED_PER_FILE (ZIP_VERIFIED),292f1987ec3417395b85963f3d562eed2d138c3201d7374a5d24bed63b5a0493,ZIP_SHA256_VERIFIED,fff1c18c11210201,256629,,SUCCESS,D:\curuma\turmeric_datasets\dataset_02\original\Turmeric Plant Disease\Leaf Blotch\Leaf Blotch00111.JPG,https://data.mendeley.com/public-files/datasets/g46dvrcvwn/files/fb82efd6-bd52-488e-be42-f4e2e619088b/file_downloaded
Dataset_02_g46dvrcvwn,Leaf Blotch00112.JPG,original,Leaf_Blotch,Leaf Blotch,NOT_PROVIDED_PER_FILE (ZIP_VERIFIED),e7f6d4cc212cad9af7525e0ead176f9418a74cbe091c19eeb9a3121d87cc7186,ZIP_SHA256_VERIFIED,f73b03030307070f,217920,,SUCCESS,D:\curuma\turmeric_datasets\dataset_02\original\Turmeric Plant Disease\Leaf Blotch\Leaf Blotch00112.JPG,https://data.mendeley.com/public-files/datasets/g46dvrcvwn/files/fb82efd6-bd52-488e-be42-f4e2e619088b/file_downloaded
Dataset_02_g46dvrcvwn,Leaf Blotch00113.JPG,original,Leaf_Blotch,Leaf Blotch,NOT_PROVIDED_PER_FILE (ZIP_VERIFIED),c9a92908c17d2126795763fc41305276594840aaa13fe4c8a33e27fa7a51166b,ZIP_SHA256_VERIFIED,7f3fbfd3c1000010,228250,,SUCCESS,D:\curuma\turmeric_datasets\dataset_02\original\Turmeric Plant Disease\Leaf Blotch\Leaf Blotch00113.JPG,https://data.mendeley.com/public-files/datasets/g46dvrcvwn/files/fb82efd6-bd52-488e-be42-f4e2e619088b/file_downloaded
Dataset_02_g46dvrcvwn,Leaf Blotch00114.JPG,original,Leaf_Blotch,Leaf Blotch,NOT_PROVIDED_PER_FILE (ZIP_VERIFIED),d56549548f975ba0486c79308c36f0bdda7a20620841958b6edd9b0558a9d52e,ZIP_SHA256_VERIFIED,fff3c3c783030303,296847,,SUCCESS,D:\curuma\turmeric_datasets\dataset_02\original\Turmeric Plant Disease\Leaf Blotch\Leaf Blotch00114.JPG,https://data.mendeley.com/public-files/datasets/g46dvrcvwn/files/fb82efd6-bd52-488e-be42-f4e2e619088b/file_downloaded
Dataset_02_g46dvrcvwn,Leaf Blotch00115.JPG,original,Leaf_Blotch,Leaf Blotch,NOT_PROVIDED_PER_FILE (ZIP_VERIFIED),777dcb47becf92ad58bd9802c3823bb6a5e8685779287f95aaf2f7f9991347a1,ZIP_SHA256_VERIFIED,fffbe38307030301,293291,,SUCCESS,D:\curuma\turmeric_datasets\dataset_02\original\Turmeric Plant Disease\Leaf Blotch\Leaf Blotch00115.JPG,https://data.mendeley.com/public-files/datasets/g46dvrcvwn/files/fb82efd6-bd52-488e-be42-f4e2e619088b/file_downloaded
Dataset_02_g46dvrcvwn,Leaf Blotch00116.JPG,original,Leaf_Blotch,Leaf Blotch,NOT_PROVIDED_PER_FILE (ZIP_VERIFIED),72324b16cac44552b7e314bf019450edc14d888dd1bb157fc597c0438c5996c6,ZIP_SHA256_VERIFIED,d383078707070707,319251,,SUCCESS,D:\curuma\turmeric_datasets\dataset_02\original\Turmeric Plant Disease\Leaf Blotch\Leaf Blotch00116.JPG,https://data.mendeley.com/public-files/datasets/g46dvrcvwn/files/fb82efd6-bd52-488e-be42-f4e2e619088b/file_downloaded
Dataset_02_g46dvrcvwn,Leaf Blotch00117.JPG,original,Leaf_Blotch,Leaf Blotch,NOT_PROVIDED_PER_FILE (ZIP_VERIFIED),eb2352c5d394eceb2e488ff01ff60e6c932fcac28c6458d13a69f760e5f26881,ZIP_SHA256_VERIFIED,c7c3a18393038301,340798,,SUCCESS,D:\curuma\turmeric_datasets\dataset_02\original\Turmeric Plant Disease\Leaf Blotch\Leaf Blotch00117.JPG,https://data.mendeley.com/public-files/datasets/g46dvrcvwn/files/fb82efd6-bd52-488e-be42-f4e2e619088b/file_downloaded
Dataset_02_g46dvrcvwn,Leaf Blotch00118.JPG,original,Leaf_Blotch,Leaf Blotch,NOT_PROVIDED_PER_FILE (ZIP_VERIFIED),567d3c101b676bd9517be964e160761ca94319cbb469729647e775d8f291fce0,ZIP_SHA256_VERIFIED,3f0f0f1f1f1b0b01,292100,,SUCCESS,D:\curuma\turmeric_datasets\dataset_02\original\Turmeric Plant Disease\Leaf Blotch\Leaf Blotch00118.JPG,https://data.mendeley.com/public-files/datasets/g46dvrcvwn/files/fb82efd6-bd52-488e-be42-f4e2e619088b/file_downloaded
Dataset_02_g46dvrcvwn,Leaf Blotch00119.JPG,original,Leaf_Blotch,Leaf Blotch,NOT_PROVIDED_PER_FILE (ZIP_VERIFIED),9088c7e92ca062fa1981856a2270ec55fda931b5cf252106bd65692c9269c3b1,ZIP_SHA256_VERIFIED,fbe3c78303030303,326308,,SUCCESS,D:\curuma\turmeric_datasets\dataset_02\original\Turmeric Plant Disease\Leaf Blotch\Leaf Blotch00119.JPG,https://data.mendeley.com/public-files/datasets/g46dvrcvwn/files/fb82efd6-bd52-488e-be42-f4e2e619088b/file_downloaded
Dataset_02_g46dvrcvwn,Leaf Blotch00120.JPG,original,Leaf_Blotch,Leaf Blotch,NOT_PROVIDED_PER_FILE (ZIP_VERIFIED),b5b79e93a56ffeb0c1908db5c5c687cf0812314e622b89859de60f8e19ae1096,ZIP_SHA256_VERIFIED,cf8f8f0f07030303,322552,,SUCCESS,D:\curuma\turmeric_datasets\dataset_02\original\Turmeric Plant Disease\Leaf Blotch\Leaf Blotch00120.JPG,https://data.mendeley.com/public-files/datasets/g46dvrcvwn/files/fb82efd6-bd52-488e-be42-f4e2e619088b/file_downloaded
Dataset_02_g46dvrcvwn,Leaf Blotch00121.JPG,original,Leaf_Blotch,Leaf Blotch,NOT_PROVIDED_PER_FILE (ZIP_VERIFIED),69c3df80e858fbfd5c40eb1a4e7c711832d5d9676573b64ef436b6e06fc9ef0a,ZIP_SHA256_VERIFIED,fff9f1c181810180,357968,,SUCCESS,D:\curuma\turmeric_datasets\dataset_02\original\Turmeric Plant Disease\Leaf Blotch\Leaf Blotch00121.JPG,https://data.mendeley.com/public-files/datasets/g46dvrcvwn/files/fb82efd6-bd52-488e-be42-f4e2e619088b/file_downloaded
Dataset_02_g46dvrcvwn,Leaf Blotch00122.JPG,original,Leaf_Blotch,Leaf Blotch,NOT_PROVIDED_PER_FILE (ZIP_VERIFIED),41bcc50eee35b9ccb6d862e1259110773b583822be6302f82fe3af4eb524ea7a,ZIP_SHA256_VERIFIED,e7e7c3c7c5c18180,215543,,SUCCESS,D:\curuma\turmeric_datasets\dataset_02\original\Turmeric Plant Disease\Leaf Blotch\Leaf Blotch00122.JPG,https://data.mendeley.com/public-files/datasets/g46dvrcvwn/files/fb82efd6-bd52-488e-be42-f4e2e619088b/file_downloaded
Dataset_02_g46dvrcvwn,Leaf Blotch00123.JPG,original,Leaf_Blotch,Leaf Blotch,NOT_PROVIDED_PER_FILE (ZIP_VERIFIED),115fea1b21d7af576419e12aa6de035a27e7d66f258787f9f55a2b7acbaee700,ZIP_SHA256_VERIFIED,e7cfd18383030303,258353,,SUCCESS,D:\curuma\turmeric_datasets\dataset_02\original\Turmeric Plant Disease\Leaf Blotch\Leaf Blotch00123.JPG,https://data.mendeley.com/public-files/datasets/g46dvrcvwn/files/fb82efd6-bd52-488e-be42-f4e2e619088b/file_downloaded
Dataset_02_g46dvrcvwn,Leaf Blotch00124.JPG,original,Leaf_Blotch,Leaf Blotch,NOT_PROVIDED_PER_FILE (ZIP_VERIFIED),04fb36dbbe008cb112007b34bd6c62e43fd85251b13f31f2a6da8b649a39da9d,ZIP_SHA256_VERIFIED,2b23634387898987,212977,,SUCCESS,D:\curuma\turmeric_datasets\dataset_02\original\Turmeric Plant Disease\Leaf Blotch\Leaf Blotch00124.JPG,https://data.mendeley.com/public-files/datasets/g46dvrcvwn/files/fb82efd6-bd52-488e-be42-f4e2e619088b/file_downloaded
Dataset_02_g46dvrcvwn,Leaf Blotch00125.JPG,original,Leaf_Blotch,Leaf Blotch,NOT_PROVIDED_PER_FILE (ZIP_VERIFIED),eb6ff4e6e57a554a981e90134eb72f131adc454c2397e865da07485536bb0e57,ZIP_SHA256_VERIFIED,efedc9c1d1c1c0c0,182906,,SUCCESS,D:\curuma\turmeric_datasets\dataset_02\original\Turmeric Plant Disease\Leaf Blotch\Leaf Blotch00125.JPG,https://data.mendeley.com/public-files/datasets/g46dvrcvwn/files/fb82efd6-bd52-488e-be42-f4e2e619088b/file_downloaded
Dataset_02_g46dvrcvwn,Leaf Blotch00126.JPG,original,Leaf_Blotch,Leaf Blotch,NOT_PROVIDED_PER_FILE (ZIP_VERIFIED),001240c5ff52af723cf58e5400db7208746fa49b14671eedae02bf0a0d16ee30,ZIP_SHA256_VERIFIED,ffefcfcf01010307,213710,,SUCCESS,D:\curuma\turmeric_datasets\dataset_02\original\Turmeric Plant Disease\Leaf Blotch\Leaf Blotch00126.JPG,https://data.mendeley.com/public-files/datasets/g46dvrcvwn/files/fb82efd6-bd52-488e-be42-f4e2e619088b/file_downloaded
Dataset_02_g46dvrcvwn,Leaf Blotch00127.JPG,original,Leaf_Blotch,Leaf Blotch,NOT_PROVIDED_PER_FILE (ZIP_VERIFIED),191c493d67a6ff5871921c7e8fad646fc68bd4950189cb6b95e066fbf277660d,ZIP_SHA256_VERIFIED,f7e6e8c8c0808080,203534,,SUCCESS,D:\curuma\turmeric_datasets\dataset_02\original\Turmeric Plant Disease\Leaf Blotch\Leaf Blotch00127.JPG,https://data.mendeley.com/public-files/datasets/g46dvrcvwn/files/fb82efd6-bd52-488e-be42-f4e2e619088b/file_downloaded
Dataset_02_g46dvrcvwn,Leaf Blotch00128.JPG,original,Leaf_Blotch,Leaf Blotch,NOT_PROVIDED_PER_FILE (ZIP_VERIFIED),b82a4d3b17421bb3a0d4cb4db3ec72c8de1ce78906d72cd24e82361bce8cbaf1,ZIP_SHA256_VERIFIED,f7e3c3c3c3838383,246412,,SUCCESS,D:\curuma\turmeric_datasets\dataset_02\original\Turmeric Plant Disease\Leaf Blotch\Leaf Blotch00128.JPG,https://data.mendeley.com/public-files/datasets/g46dvrcvwn/files/fb82efd6-bd52-488e-be42-f4e2e619088b/file_downloaded
Dataset_02_g46dvrcvwn,Leaf Blotch00129.JPG,original,Leaf_Blotch,Leaf Blotch,NOT_PROVIDED_PER_FILE (ZIP_VERIFIED),f05d2d202e62898de70aced61c3815bf8a133122f7c190e14a9b9c9f40ddb532,ZIP_SHA256_VERIFIED,fffbf3e3e3c3c383,270702,,SUCCESS,D:\curuma\turmeric_datasets\dataset_02\original\Turmeric Plant Disease\Leaf Blotch\Leaf Blotch00129.JPG,https://data.mendeley.com/public-files/datasets/g46dvrcvwn/files/fb82efd6-bd52-488e-be42-f4e2e619088b/file_downloaded
Dataset_02_g46dvrcvwn,Leaf Blotch00130.JPG,original,Leaf_Blotch,Leaf Blotch,NOT_PROVIDED_PER_FILE (ZIP_VERIFIED),a3ca176ba567a845f29049f129a1f8a1db317787e2f2e816ff72e86aa22cfb30,ZIP_SHA256_VERIFIED,e3c3c38383830307,265819,,SUCCESS,D:\curuma\turmeric_datasets\dataset_02\original\Turmeric Plant Disease\Leaf Blotch\Leaf Blotch00130.JPG,https://data.mendeley.com/public-files/datasets/g46dvrcvwn/files/fb82efd6-bd52-488e-be42-f4e2e619088b/file_downloaded
Dataset_02_g46dvrcvwn,Leaf Blotch00131.JPG,original,Leaf_Blotch,Leaf Blotch,NOT_PROVIDED_PER_FILE (ZIP_VERIFIED),b7f8572fb283ef294a9cbf1948f81d54b532b54b5f1b9480ea7e64ec5a01e502,ZIP_SHA256_VERIFIED,c3c3c3c3c1c181c1,264734,,SUCCESS,D:\curuma\turmeric_datasets\dataset_02\original\Turmeric Plant Disease\Leaf Blotch\Leaf Blotch00131.JPG,https://data.mendeley.com/public-files/datasets/g46dvrcvwn/files/fb82efd6-bd52-488e-be42-f4e2e619088b/file_downloaded
Dataset_02_g46dvrcvwn,Leaf Blotch00132.JPG,original,Leaf_Blotch,Leaf Blotch,NOT_PROVIDED_PER_FILE (ZIP_VERIFIED),4dba15fe28ae359a085528bff21b9d1e799929a0e34dd5d5d3cd7216f528cf77,ZIP_SHA256_VERIFIED,e7c3c3c3c3c1c1c1,305008,,SUCCESS,D:\curuma\turmeric_datasets\dataset_02\original\Turmeric Plant Disease\Leaf Blotch\Leaf Blotch00132.JPG,https://data.mendeley.com/public-files/datasets/g46dvrcvwn/files/fb82efd6-bd52-488e-be42-f4e2e619088b/file_downloaded
Dataset_02_g46dvrcvwn,Leaf Blotch00133.JPG,original,Leaf_Blotch,Leaf Blotch,NOT_PROVIDED_PER_FILE (ZIP_VERIFIED),bff16fd319eb3d7c18927a318bf90dccc1625a9876520c49b98795ab8500aae4,ZIP_SHA256_VERIFIED,efe7c7c3c3c3c1c1,239742,,SUCCESS,D:\curuma\turmeric_datasets\dataset_02\original\Turmeric Plant Disease\Leaf Blotch\Leaf Blotch00133.JPG,https://data.mendeley.com/public-files/datasets/g46dvrcvwn/files/fb82efd6-bd52-488e-be42-f4e2e619088b/file_downloaded
Dataset_02_g46dvrcvwn,Leaf Blotch00134.JPG,original,Leaf_Blotch,Leaf Blotch,NOT_PROVIDED_PER_FILE (ZIP_VERIFIED),cccf9f66f5132266271fd976b9517fe3cbfb790dcfb506c037d7365b286e86d0,ZIP_SHA256_VERIFIED,c7c7c7c3c3c7c3c3,257962,,SUCCESS,D:\curuma\turmeric_datasets\dataset_02\original\Turmeric Plant Disease\Leaf Blotch\Leaf Blotch00134.JPG,https://data.mendeley.com/public-files/datasets/g46dvrcvwn/files/fb82efd6-bd52-488e-be42-f4e2e619088b/file_downloaded
Dataset_02_g46dvrcvwn,Leaf Blotch00135.JPG,original,Leaf_Blotch,Leaf Blotch,NOT_PROVIDED_PER_FILE (ZIP_VERIFIED),8bc370845219cf1b09fbe5bd7652acf08c9b1f53e2c41fda67e9b2b43f5d29f4,ZIP_SHA256_VERIFIED,f3a3e3c3c7c1c3c1,256025,,SUCCESS,D:\curuma\turmeric_datasets\dataset_02\original\Turmeric Plant Disease\Leaf Blotch\Leaf Blotch00135.JPG,https://data.mendeley.com/public-files/datasets/g46dvrcvwn/files/fb82efd6-bd52-488e-be42-f4e2e619088b/file_downloaded
Dataset_02_g46dvrcvwn,Leaf Blotch00136.JPG,original,Leaf_Blotch,Leaf Blotch,NOT_PROVIDED_PER_FILE (ZIP_VERIFIED),f17764c13c4bc3b6252b0f7f8370efce193000d05b9f513737c7c56f8782ffa7,ZIP_SHA256_VERIFIED,fffbf3e3c3c38707,253498,,SUCCESS,D:\curuma\turmeric_datasets\dataset_02\original\Turmeric Plant Disease\Leaf Blotch\Leaf Blotch00136.JPG,https://data.mendeley.com/public-files/datasets/g46dvrcvwn/files/fb82efd6-bd52-488e-be42-f4e2e619088b/file_downloaded
Dataset_02_g46dvrcvwn,Leaf Blotch00137.JPG,original,Leaf_Blotch,Leaf Blotch,NOT_PROVIDED_PER_FILE (ZIP_VERIFIED),24fb2b5d591ed0ce9f430919c809926c221357ed8bd150af91c44caa307c7782,ZIP_SHA256_VERIFIED,f3e1c3c3878f0f17,240581,,SUCCESS,D:\curuma\turmeric_datasets\dataset_02\original\Turmeric Plant Disease\Leaf Blotch\Leaf Blotch00137.JPG,https://data.mendeley.com/public-files/datasets/g46dvrcvwn/files/fb82efd6-bd52-488e-be42-f4e2e619088b/file_downloaded
Dataset_02_g46dvrcvwn,Leaf Blotch00138.JPG,original,Leaf_Blotch,Leaf Blotch,NOT_PROVIDED_PER_FILE (ZIP_VERIFIED),47cfe9a5401d52ee9de5d98a6fee89b63ee7ba8f0f4a11da13fd458d629d7bb7,ZIP_SHA256_VERIFIED,e7e7e7c686070f0f,320553,,SUCCESS,D:\curuma\turmeric_datasets\dataset_02\original\Turmeric Plant Disease\Leaf Blotch\Leaf Blotch00138.JPG,https://data.mendeley.com/public-files/datasets/g46dvrcvwn/files/fb82efd6-bd52-488e-be42-f4e2e619088b/file_downloaded
Dataset_02_g46dvrcvwn,Leaf Blotch00139.JPG,original,Leaf_Blotch,Leaf Blotch,NOT_PROVIDED_PER_FILE (ZIP_VERIFIED),bc2a87a1d4519345d1ba7a7272828156d790730289f2533fa78bb02d574b879f,ZIP_SHA256_VERIFIED,e3cd0d1d9c1d1913,313670,,SUCCESS,D:\curuma\turmeric_datasets\dataset_02\original\Turmeric Plant Disease\Leaf Blotch\Leaf Blotch00139.JPG,https://data.mendeley.com/public-files/datasets/g46dvrcvwn/files/fb82efd6-bd52-488e-be42-f4e2e619088b/file_downloaded
Dataset_02_g46dvrcvwn,Leaf Blotch00140.JPG,original,Leaf_Blotch,Leaf Blotch,NOT_PROVIDED_PER_FILE (ZIP_VERIFIED),2bf6ff5f4666e585d6090bc11882b786c5c37f0d1384ff8a3fa132fe15393c02,ZIP_SHA256_VERIFIED,f3e7c5c581890303,348896,,SUCCESS,D:\curuma\turmeric_datasets\dataset_02\original\Turmeric Plant Disease\Leaf Blotch\Leaf Blotch00140.JPG,https://data.mendeley.com/public-files/datasets/g46dvrcvwn/files/fb82efd6-bd52-488e-be42-f4e2e619088b/file_downloaded
Dataset_02_g46dvrcvwn,Leaf Blotch00141.JPG,original,Leaf_Blotch,Leaf Blotch,NOT_PROVIDED_PER_FILE (ZIP_VERIFIED),53491427f897378205f6766f53ac95978c068840b139cdbaa8dffbe29a986d12,ZIP_SHA256_VERIFIED,f2f1c3e3c1c38080,380238,,SUCCESS,D:\curuma\turmeric_datasets\dataset_02\original\Turmeric Plant Disease\Leaf Blotch\Leaf Blotch00141.JPG,https://data.mendeley.com/public-files/datasets/g46dvrcvwn/files/fb82efd6-bd52-488e-be42-f4e2e619088b/file_downloaded
Dataset_02_g46dvrcvwn,Leaf Blotch00142.JPG,original,Leaf_Blotch,Leaf Blotch,NOT_PROVIDED_PER_FILE (ZIP_VERIFIED),83c158fa096a7ca7c71ff76ecca489fe7819bbe6d0b84dd846d184f93ee8a27e,ZIP_SHA256_VERIFIED,1737272767070f0f,331705,,SUCCESS,D:\curuma\turmeric_datasets\dataset_02\original\Turmeric Plant Disease\Leaf Blotch\Leaf Blotch00142.JPG,https://data.mendeley.com/public-files/datasets/g46dvrcvwn/files/fb82efd6-bd52-488e-be42-f4e2e619088b/file_downloaded
Dataset_02_g46dvrcvwn,Leaf Blotch00143.JPG,original,Leaf_Blotch,Leaf Blotch,NOT_PROVIDED_PER_FILE (ZIP_VERIFIED),34bef6fa4e732258e6661925a6c391bb0adee81ad6362236aa3cd2605488b3e9,ZIP_SHA256_VERIFIED,d3d78c8c0d0d0919,384096,,SUCCESS,D:\curuma\turmeric_datasets\dataset_02\original\Turmeric Plant Disease\Leaf Blotch\Leaf Blotch00143.JPG,https://data.mendeley.com/public-files/datasets/g46dvrcvwn/files/fb82efd6-bd52-488e-be42-f4e2e619088b/file_downloaded
Dataset_02_g46dvrcvwn,Leaf Blotch00144.JPG,original,Leaf_Blotch,Leaf Blotch,NOT_PROVIDED_PER_FILE (ZIP_VERIFIED),a36147074dcdc475fc13648a9786c8a91b025bf27f23813194f38d347bc1a890,ZIP_SHA256_VERIFIED,a7232347c7c38381,337868,,SUCCESS,D:\curuma\turmeric_datasets\dataset_02\original\Turmeric Plant Disease\Leaf Blotch\Leaf Blotch00144.JPG,https://data.mendeley.com/public-files/datasets/g46dvrcvwn/files/fb82efd6-bd52-488e-be42-f4e2e619088b/file_downloaded
Dataset_02_g46dvrcvwn,Leaf Blotch00145.JPG,original,Leaf_Blotch,Leaf Blotch,NOT_PROVIDED_PER_FILE (ZIP_VERIFIED),32da313315c2532a3d99fc950df9277da7f4dda48eb08a37ec548f20e7a0b426,ZIP_SHA256_VERIFIED,fef2f4e4c8c08080,325904,,SUCCESS,D:\curuma\turmeric_datasets\dataset_02\original\Turmeric Plant Disease\Leaf Blotch\Leaf Blotch00145.JPG,https://data.mendeley.com/public-files/datasets/g46dvrcvwn/files/fb82efd6-bd52-488e-be42-f4e2e619088b/file_downloaded
Dataset_02_g46dvrcvwn,Leaf Blotch00146.JPG,original,Leaf_Blotch,Leaf Blotch,NOT_PROVIDED_PER_FILE (ZIP_VERIFIED),661251924aa37a1366573b0e34f9c88f1249bb60e35472d08b31c4034cedba17,ZIP_SHA256_VERIFIED,fff7c38303238181,322217,,SUCCESS,D:\curuma\turmeric_datasets\dataset_02\original\Turmeric Plant Disease\Leaf Blotch\Leaf Blotch00146.JPG,https://data.mendeley.com/public-files/datasets/g46dvrcvwn/files/fb82efd6-bd52-488e-be42-f4e2e619088b/file_downloaded
Dataset_02_g46dvrcvwn,Leaf Blotch00147.JPG,original,Leaf_Blotch,Leaf Blotch,NOT_PROVIDED_PER_FILE (ZIP_VERIFIED),a9c6515a028f6ab2c2c79bdeab9e61f61cfbd4c835af5dd127e6dcedcdfb249a,ZIP_SHA256_VERIFIED,cfcf8783838b0303,333030,,SUCCESS,D:\curuma\turmeric_datasets\dataset_02\original\Turmeric Plant Disease\Leaf Blotch\Leaf Blotch00147.JPG,https://data.mendeley.com/public-files/datasets/g46dvrcvwn/files/fb82efd6-bd52-488e-be42-f4e2e619088b/file_downloaded
Dataset_02_g46dvrcvwn,Leaf Blotch00148.JPG,original,Leaf_Blotch,Leaf Blotch,NOT_PROVIDED_PER_FILE (ZIP_VERIFIED),cc1434ed9d62d989a76d87f4181460a763b54dff151b213a1fe7c23a7a898a5f,ZIP_SHA256_VERIFIED,f3c3c393c1818180,323134,,SUCCESS,D:\curuma\turmeric_datasets\dataset_02\original\Turmeric Plant Disease\Leaf Blotch\Leaf Blotch00148.JPG,https://data.mendeley.com/public-files/datasets/g46dvrcvwn/files/fb82efd6-bd52-488e-be42-f4e2e619088b/file_downloaded
Dataset_02_g46dvrcvwn,Leaf Blotch00149.JPG,original,Leaf_Blotch,Leaf Blotch,NOT_PROVIDED_PER_FILE (ZIP_VERIFIED),3bccbe4d7bd1ea6d4bab858a879703d725689575df6a9b413e7574167579bab1,ZIP_SHA256_VERIFIED,ef83838b0b010301,403758,,SUCCESS,D:\curuma\turmeric_datasets\dataset_02\original\Turmeric Plant Disease\Leaf Blotch\Leaf Blotch00149.JPG,https://data.mendeley.com/public-files/datasets/g46dvrcvwn/files/fb82efd6-bd52-488e-be42-f4e2e619088b/file_downloaded
Dataset_02_g46dvrcvwn,Leaf Blotch00150.JPG,original,Leaf_Blotch,Leaf Blotch,NOT_PROVIDED_PER_FILE (ZIP_VERIFIED),b28281ec16f3d4fc4cf0fd10019e5bb42da00eb528aa2d2b3fe6c3587be6fe45,ZIP_SHA256_VERIFIED,fbe3c3c2c3c38080,412444,,SUCCESS,D:\curuma\turmeric_datasets\dataset_02\original\Turmeric Plant Disease\Leaf Blotch\Leaf Blotch00150.JPG,https://data.mendeley.com/public-files/datasets/g46dvrcvwn/files/fb82efd6-bd52-488e-be42-f4e2e619088b/file_downloaded
Dataset_02_g46dvrcvwn,Leaf Blotch00151.JPG,original,Leaf_Blotch,Leaf Blotch,NOT_PROVIDED_PER_FILE (ZIP_VERIFIED),09aa290322d8a2ba7b5ff3ec97c7e89332aba6595e52cb5a03680040e89a9fb7,ZIP_SHA256_VERIFIED,efefc7cfc7858484,286285,,SUCCESS,D:\curuma\turmeric_datasets\dataset_02\original\Turmeric Plant Disease\Leaf Blotch\Leaf Blotch00151.JPG,https://data.mendeley.com/public-files/datasets/g46dvrcvwn/files/fb82efd6-bd52-488e-be42-f4e2e619088b/file_downloaded
Dataset_02_g46dvrcvwn,Leaf Blotch00152.JPG,original,Leaf_Blotch,Leaf Blotch,NOT_PROVIDED_PER_FILE (ZIP_VERIFIED),fb992f8a313904a2054b7e3e910b85b0df55e37da3b851963a202a83d5d7a4be,ZIP_SHA256_VERIFIED,fffbf3e3e6c08080,272483,,SUCCESS,D:\curuma\turmeric_datasets\dataset_02\original\Turmeric Plant Disease\Leaf Blotch\Leaf Blotch00152.JPG,https://data.mendeley.com/public-files/datasets/g46dvrcvwn/files/fb82efd6-bd52-488e-be42-f4e2e619088b/file_downloaded
Dataset_02_g46dvrcvwn,Leaf Blotch00153.JPG,original,Leaf_Blotch,Leaf Blotch,NOT_PROVIDED_PER_FILE (ZIP_VERIFIED),986d259b96d27ea14d70fa0c6040ef0f4a7a352b80a11e755f2d8963e8b8670b,ZIP_SHA256_VERIFIED,f3f3e3c381810501,294245,,SUCCESS,D:\curuma\turmeric_datasets\dataset_02\original\Turmeric Plant Disease\Leaf Blotch\Leaf Blotch00153.JPG,https://data.mendeley.com/public-files/datasets/g46dvrcvwn/files/fb82efd6-bd52-488e-be42-f4e2e619088b/file_downloaded
Dataset_02_g46dvrcvwn,Leaf Blotch00154.JPG,original,Leaf_Blotch,Leaf Blotch,NOT_PROVIDED_PER_FILE (ZIP_VERIFIED),c8b0a8e6bc9a5133b3c6c9155c42c17a40067eec0c739ac18f136867658ce832,ZIP_SHA256_VERIFIED,f9f1e1c1c2808000,329081,,SUCCESS,D:\curuma\turmeric_datasets\dataset_02\original\Turmeric Plant Disease\Leaf Blotch\Leaf Blotch00154.JPG,https://data.mendeley.com/public-files/datasets/g46dvrcvwn/files/fb82efd6-bd52-488e-be42-f4e2e619088b/file_downloaded
Dataset_02_g46dvrcvwn,Leaf Blotch00155.JPG,original,Leaf_Blotch,Leaf Blotch,NOT_PROVIDED_PER_FILE (ZIP_VERIFIED),ed10c897f8b56297bca7a2966207bd007fe3f453562b646f042fa919b6c06aeb,ZIP_SHA256_VERIFIED,e7c3c3e3c1c1c181,345207,,SUCCESS,D:\curuma\turmeric_datasets\dataset_02\original\Turmeric Plant Disease\Leaf Blotch\Leaf Blotch00155.JPG,https://data.mendeley.com/public-files/datasets/g46dvrcvwn/files/fb82efd6-bd52-488e-be42-f4e2e619088b/file_downloaded
Dataset_02_g46dvrcvwn,Leaf Blotch00156.JPG,original,Leaf_Blotch,Leaf Blotch,NOT_PROVIDED_PER_FILE (ZIP_VERIFIED),feb9e250a4fe0779624715019bc19b1a9b569d3af507b765ed105a6e61e26d0f,ZIP_SHA256_VERIFIED,f1e1e0f1c1e0e0c0,306464,,SUCCESS,D:\curuma\turmeric_datasets\dataset_02\original\Turmeric Plant Disease\Leaf Blotch\Leaf Blotch00156.JPG,https://data.mendeley.com/public-files/datasets/g46dvrcvwn/files/fb82efd6-bd52-488e-be42-f4e2e619088b/file_downloaded
Dataset_02_g46dvrcvwn,Leaf Blotch00157.JPG,original,Leaf_Blotch,Leaf Blotch,NOT_PROVIDED_PER_FILE (ZIP_VERIFIED),f2f384ebf7bc41d0637d4b587044dc201b94df43d53eaf173c252ad4901213ed,ZIP_SHA256_VERIFIED,f3e3e3e0c0c08484,252094,,SUCCESS,D:\curuma\turmeric_datasets\dataset_02\original\Turmeric Plant Disease\Leaf Blotch\Leaf Blotch00157.JPG,https://data.mendeley.com/public-files/datasets/g46dvrcvwn/files/fb82efd6-bd52-488e-be42-f4e2e619088b/file_downloaded
Dataset_02_g46dvrcvwn,Leaf Blotch00158.JPG,original,Leaf_Blotch,Leaf Blotch,NOT_PROVIDED_PER_FILE (ZIP_VERIFIED),27b7467514b9ef25ea3f49f6846d5594e228a534ae76741330743c9933c7d82a,ZIP_SHA256_VERIFIED,efc3cfcf898d8d05,231884,,SUCCESS,D:\curuma\turmeric_datasets\dataset_02\original\Turmeric Plant Disease\Leaf Blotch\Leaf Blotch00158.JPG,https://data.mendeley.com/public-files/datasets/g46dvrcvwn/files/fb82efd6-bd52-488e-be42-f4e2e619088b/file_downloaded
Dataset_02_g46dvrcvwn,Leaf Blotch00159.JPG,original,Leaf_Blotch,Leaf Blotch,NOT_PROVIDED_PER_FILE (ZIP_VERIFIED),5af49a5fc6de167684ccbefd38eb36df78e929a7fb29984f9d5078a006edb452,ZIP_SHA256_VERIFIED,f7e3e1c1c1808082,326515,,SUCCESS,D:\curuma\turmeric_datasets\dataset_02\original\Turmeric Plant Disease\Leaf Blotch\Leaf Blotch00159.JPG,https://data.mendeley.com/public-files/datasets/g46dvrcvwn/files/fb82efd6-bd52-488e-be42-f4e2e619088b/file_downloaded
Dataset_02_g46dvrcvwn,Leaf Blotch00160.JPG,original,Leaf_Blotch,Leaf Blotch,NOT_PROVIDED_PER_FILE (ZIP_VERIFIED),91adfd4dbe82def19a5c47bbbf25c71d75e41b6b2dd89a501a9d56c702c6021f,ZIP_SHA256_VERIFIED,f9f9d9d181998181,288401,,SUCCESS,D:\curuma\turmeric_datasets\dataset_02\original\Turmeric Plant Disease\Leaf Blotch\Leaf Blotch00160.JPG,https://data.mendeley.com/public-files/datasets/g46dvrcvwn/files/fb82efd6-bd52-488e-be42-f4e2e619088b/file_downloaded
Dataset_02_g46dvrcvwn,Leaf Blotch00161.JPG,original,Leaf_Blotch,Leaf Blotch,NOT_PROVIDED_PER_FILE (ZIP_VERIFIED),fa30db576b15e7a6df54e58050f89f6a10e38890f937c2ad42249b3d8cfbdb5c,ZIP_SHA256_VERIFIED,e7cbab6bcb030101,330095,,SUCCESS,D:\curuma\turmeric_datasets\dataset_02\original\Turmeric Plant Disease\Leaf Blotch\Leaf Blotch00161.JPG,https://data.mendeley.com/public-files/datasets/g46dvrcvwn/files/fb82efd6-bd52-488e-be42-f4e2e619088b/file_downloaded
Dataset_02_g46dvrcvwn,Leaf Blotch00162.JPG,original,Leaf_Blotch,Leaf Blotch,NOT_PROVIDED_PER_FILE (ZIP_VERIFIED),fe2fe5b1061ac392da532368c205d8fa9519a04c4a85b2f0d5f956dc93592841,ZIP_SHA256_VERIFIED,fbf3e5c184060000,328675,,SUCCESS,D:\curuma\turmeric_datasets\dataset_02\original\Turmeric Plant Disease\Leaf Blotch\Leaf Blotch00162.JPG,https://data.mendeley.com/public-files/datasets/g46dvrcvwn/files/fb82efd6-bd52-488e-be42-f4e2e619088b/file_downloaded
Dataset_02_g46dvrcvwn,Leaf Blotch00163.JPG,original,Leaf_Blotch,Leaf Blotch,NOT_PROVIDED_PER_FILE (ZIP_VERIFIED),9e129ae5e81ba3b0f4071ed77387f37ebf4654f6afc657bdf2def50a68fc48e2,ZIP_SHA256_VERIFIED,e7dfb7a5a5a00101,355690,,SUCCESS,D:\curuma\turmeric_datasets\dataset_02\original\Turmeric Plant Disease\Leaf Blotch\Leaf Blotch00163.JPG,https://data.mendeley.com/public-files/datasets/g46dvrcvwn/files/fb82efd6-bd52-488e-be42-f4e2e619088b/file_downloaded
Dataset_02_g46dvrcvwn,Leaf Blotch00164.JPG,original,Leaf_Blotch,Leaf Blotch,NOT_PROVIDED_PER_FILE (ZIP_VERIFIED),7f00501d1a7aacbc7f00d04aac80aab72f0a1ddbb8940a6e4fccb60746b07784,ZIP_SHA256_VERIFIED,ebe3e3c3c3c3c185,289340,,SUCCESS,D:\curuma\turmeric_datasets\dataset_02\original\Turmeric Plant Disease\Leaf Blotch\Leaf Blotch00164.JPG,https://data.mendeley.com/public-files/datasets/g46dvrcvwn/files/fb82efd6-bd52-488e-be42-f4e2e619088b/file_downloaded
Dataset_02_g46dvrcvwn,Leaf Blotch00165.JPG,original,Leaf_Blotch,Leaf Blotch,NOT_PROVIDED_PER_FILE (ZIP_VERIFIED),b90e2d4539e4f6ca5682a07e95cc592520536b3f732759289318d066ca58f893,ZIP_SHA256_VERIFIED,e1f1e1e1e1e1c180,282588,,SUCCESS,D:\curuma\turmeric_datasets\dataset_02\original\Turmeric Plant Disease\Leaf Blotch\Leaf Blotch00165.JPG,https://data.mendeley.com/public-files/datasets/g46dvrcvwn/files/fb82efd6-bd52-488e-be42-f4e2e619088b/file_downloaded
Dataset_02_g46dvrcvwn,Leaf Blotch00166.JPG,original,Leaf_Blotch,Leaf Blotch,NOT_PROVIDED_PER_FILE (ZIP_VERIFIED),cbf3d1e7abbbe373aff7d818c2772ccb6a0f1dc8576dce3a71625ecdfcdaa7cc,ZIP_SHA256_VERIFIED,efe7c7a381818180,288831,,SUCCESS,D:\curuma\turmeric_datasets\dataset_02\original\Turmeric Plant Disease\Leaf Blotch\Leaf Blotch00166.JPG,https://data.mendeley.com/public-files/datasets/g46dvrcvwn/files/fb82efd6-bd52-488e-be42-f4e2e619088b/file_downloaded
Dataset_02_g46dvrcvwn,Leaf Blotch00167.JPG,original,Leaf_Blotch,Leaf Blotch,NOT_PROVIDED_PER_FILE (ZIP_VERIFIED),b513df67f679d1f9c5b0806d4f645b98d41d1b029b2140e76bfe35b94feb9cf2,ZIP_SHA256_VERIFIED,e3e1c3c383838387,337804,,SUCCESS,D:\curuma\turmeric_datasets\dataset_02\original\Turmeric Plant Disease\Leaf Blotch\Leaf Blotch00167.JPG,https://data.mendeley.com/public-files/datasets/g46dvrcvwn/files/fb82efd6-bd52-488e-be42-f4e2e619088b/file_downloaded
Dataset_02_g46dvrcvwn,Leaf Blotch00168.JPG,original,Leaf_Blotch,Leaf Blotch,NOT_PROVIDED_PER_FILE (ZIP_VERIFIED),a8da7a7b27b31525a1d5db973137aa18ff43e5cb5e190c64b208cbb18252b472,ZIP_SHA256_VERIFIED,d1c18383c1838b83,235137,,SUCCESS,D:\curuma\turmeric_datasets\dataset_02\original\Turmeric Plant Disease\Leaf Blotch\Leaf Blotch00168.JPG,https://data.mendeley.com/public-files/datasets/g46dvrcvwn/files/fb82efd6-bd52-488e-be42-f4e2e619088b/file_downloaded
Dataset_02_g46dvrcvwn,Leaf Blotch00169.JPG,original,Leaf_Blotch,Leaf Blotch,NOT_PROVIDED_PER_FILE (ZIP_VERIFIED),8d2531eb8bf5c393df3d83484e89f210b6ecd0a84e97af06a7a034481a71415b,ZIP_SHA256_VERIFIED,f7f7838383838383,230275,,SUCCESS,D:\curuma\turmeric_datasets\dataset_02\original\Turmeric Plant Disease\Leaf Blotch\Leaf Blotch00169.JPG,https://data.mendeley.com/public-files/datasets/g46dvrcvwn/files/fb82efd6-bd52-488e-be42-f4e2e619088b/file_downloaded
Dataset_02_g46dvrcvwn,Leaf Blotch00170.JPG,original,Leaf_Blotch,Leaf Blotch,NOT_PROVIDED_PER_FILE (ZIP_VERIFIED),8a9337c0eb3e2388a9545b21b118143fdc89e1cb9d224ec066e9e9ecee69d166,ZIP_SHA256_VERIFIED,e0e0e0e0e0e0e0f0,215959,,SUCCESS,D:\curuma\turmeric_datasets\dataset_02\original\Turmeric Plant Disease\Leaf Blotch\Leaf Blotch00170.JPG,https://data.mendeley.com/public-files/datasets/g46dvrcvwn/files/fb82efd6-bd52-488e-be42-f4e2e619088b/file_downloaded
Dataset_02_g46dvrcvwn,Leaf Blotch00171.JPG,original,Leaf_Blotch,Leaf Blotch,NOT_PROVIDED_PER_FILE (ZIP_VERIFIED),a33288881aadef02734513755e3e8d13f8219151a8a79b24d84072dc8458f4a2,ZIP_SHA256_VERIFIED,9f9f8f0f07030301,268062,,SUCCESS,D:\curuma\turmeric_datasets\dataset_02\original\Turmeric Plant Disease\Leaf Blotch\Leaf Blotch00171.JPG,https://data.mendeley.com/public-files/datasets/g46dvrcvwn/files/fb82efd6-bd52-488e-be42-f4e2e619088b/file_downloaded
Dataset_02_g46dvrcvwn,Leaf Blotch00172.JPG,original,Leaf_Blotch,Leaf Blotch,NOT_PROVIDED_PER_FILE (ZIP_VERIFIED),320ac7cd97de6c9f2ff37cf981c9bad1d7436b6f70f5251c3837ac590a2df2fb,ZIP_SHA256_VERIFIED,e7f3c3c3c1c18181,235127,,SUCCESS,D:\curuma\turmeric_datasets\dataset_02\original\Turmeric Plant Disease\Leaf Blotch\Leaf Blotch00172.JPG,https://data.mendeley.com/public-files/datasets/g46dvrcvwn/files/fb82efd6-bd52-488e-be42-f4e2e619088b/file_downloaded
Dataset_02_g46dvrcvwn,Leaf Blotch00173.JPG,original,Leaf_Blotch,Leaf Blotch,NOT_PROVIDED_PER_FILE (ZIP_VERIFIED),6e55a9d2bda699e6e75b8f11fdc0be81ac77fce69bc52124abf9a73188e86961,ZIP_SHA256_VERIFIED,cf97979303030303,277113,,SUCCESS,D:\curuma\turmeric_datasets\dataset_02\original\Turmeric Plant Disease\Leaf Blotch\Leaf Blotch00173.JPG,https://data.mendeley.com/public-files/datasets/g46dvrcvwn/files/fb82efd6-bd52-488e-be42-f4e2e619088b/file_downloaded
Dataset_02_g46dvrcvwn,Leaf Blotch00174.JPG,original,Leaf_Blotch,Leaf Blotch,NOT_PROVIDED_PER_FILE (ZIP_VERIFIED),c430878f49784808b7a43b423bc79c614e74073f36a699c07536d22bcafca277,ZIP_SHA256_VERIFIED,cfcdc98985850503,247151,,SUCCESS,D:\curuma\turmeric_datasets\dataset_02\original\Turmeric Plant Disease\Leaf Blotch\Leaf Blotch00174.JPG,https://data.mendeley.com/public-files/datasets/g46dvrcvwn/files/fb82efd6-bd52-488e-be42-f4e2e619088b/file_downloaded
Dataset_02_g46dvrcvwn,Leaf Blotch00175.JPG,original,Leaf_Blotch,Leaf Blotch,NOT_PROVIDED_PER_FILE (ZIP_VERIFIED),e5c00ee4eba6919ab42de9ecbb7f261ad0656698a57a8223a756e4955dc1a0dd,ZIP_SHA256_VERIFIED,ebc7c78d85848485,311948,,SUCCESS,D:\curuma\turmeric_datasets\dataset_02\original\Turmeric Plant Disease\Leaf Blotch\Leaf Blotch00175.JPG,https://data.mendeley.com/public-files/datasets/g46dvrcvwn/files/fb82efd6-bd52-488e-be42-f4e2e619088b/file_downloaded
Dataset_02_g46dvrcvwn,Leaf Blotch00176.JPG,original,Leaf_Blotch,Leaf Blotch,NOT_PROVIDED_PER_FILE (ZIP_VERIFIED),6144ea6ee73edeaec6eef36fdd72600d3f8f23a39734a2d1535bfe3dca1d9a35,ZIP_SHA256_VERIFIED,3f1717178783c3cb,270376,,SUCCESS,D:\curuma\turmeric_datasets\dataset_02\original\Turmeric Plant Disease\Leaf Blotch\Leaf Blotch00176.JPG,https://data.mendeley.com/public-files/datasets/g46dvrcvwn/files/fb82efd6-bd52-488e-be42-f4e2e619088b/file_downloaded
Dataset_02_g46dvrcvwn,Leaf Blotch00177.JPG,original,Leaf_Blotch,Leaf Blotch,NOT_PROVIDED_PER_FILE (ZIP_VERIFIED),ed72c90f57f85d2aeaea83623028149d844bbd3fa6e7d20e47d97d57aa56a39f,ZIP_SHA256_VERIFIED,8fc7c78b83c1c1c1,228044,,SUCCESS,D:\curuma\turmeric_datasets\dataset_02\original\Turmeric Plant Disease\Leaf Blotch\Leaf Blotch00177.JPG,https://data.mendeley.com/public-files/datasets/g46dvrcvwn/files/fb82efd6-bd52-488e-be42-f4e2e619088b/file_downloaded
Dataset_02_g46dvrcvwn,Leaf Blotch00178.JPG,original,Leaf_Blotch,Leaf Blotch,NOT_PROVIDED_PER_FILE (ZIP_VERIFIED),66c6f9b9d83a9b9393b1ac6b5e3d6bcfb1334422d2314838dac0413e8519d5e3,ZIP_SHA256_VERIFIED,cfdfcf83c3c3e1e1,285183,,SUCCESS,D:\curuma\turmeric_datasets\dataset_02\original\Turmeric Plant Disease\Leaf Blotch\Leaf Blotch00178.JPG,https://data.mendeley.com/public-files/datasets/g46dvrcvwn/files/fb82efd6-bd52-488e-be42-f4e2e619088b/file_downloaded
Dataset_02_g46dvrcvwn,Leaf Blotch00179.JPG,original,Leaf_Blotch,Leaf Blotch,NOT_PROVIDED_PER_FILE (ZIP_VERIFIED),09f13771b6c7b56f0be9f8785b07260e34f9eeee7f72b9bc64e3eefeddf00481,ZIP_SHA256_VERIFIED,fdfbe38103070303,318167,,SUCCESS,D:\curuma\turmeric_datasets\dataset_02\original\Turmeric Plant Disease\Leaf Blotch\Leaf Blotch00179.JPG,https://data.mendeley.com/public-files/datasets/g46dvrcvwn/files/fb82efd6-bd52-488e-be42-f4e2e619088b/file_downloaded
Dataset_02_g46dvrcvwn,Leaf Blotch00180.JPG,original,Leaf_Blotch,Leaf Blotch,NOT_PROVIDED_PER_FILE (ZIP_VERIFIED),ce4c87777ac83181ae6698065ec7dbc978d14749655020e47d9445e442952a2d,ZIP_SHA256_VERIFIED,7f3f0f0703030101,303544,,SUCCESS,D:\curuma\turmeric_datasets\dataset_02\original\Turmeric Plant Disease\Leaf Blotch\Leaf Blotch00180.JPG,https://data.mendeley.com/public-files/datasets/g46dvrcvwn/files/fb82efd6-bd52-488e-be42-f4e2e619088b/file_downloaded
Dataset_02_g46dvrcvwn,Leaf Blotch00181.JPG,original,Leaf_Blotch,Leaf Blotch,NOT_PROVIDED_PER_FILE (ZIP_VERIFIED),6977bdc323817877c75b0cc51fae87d91ae52993b48766c77a1499cc16b097d9,ZIP_SHA256_VERIFIED,e1e1e0e0e0e0e0e0,304476,,SUCCESS,D:\curuma\turmeric_datasets\dataset_02\original\Turmeric Plant Disease\Leaf Blotch\Leaf Blotch00181.JPG,https://data.mendeley.com/public-files/datasets/g46dvrcvwn/files/fb82efd6-bd52-488e-be42-f4e2e619088b/file_downloaded
Dataset_02_g46dvrcvwn,Leaf Blotch00182.JPG,original,Leaf_Blotch,Leaf Blotch,NOT_PROVIDED_PER_FILE (ZIP_VERIFIED),ba2375137e99fe440f9919cb1c949f76ec992fb9b8cb21a5ecda73fb8f57d251,ZIP_SHA256_VERIFIED,efcfcf0701010101,420505,,SUCCESS,D:\curuma\turmeric_datasets\dataset_02\original\Turmeric Plant Disease\Leaf Blotch\Leaf Blotch00182.JPG,https://data.mendeley.com/public-files/datasets/g46dvrcvwn/files/fb82efd6-bd52-488e-be42-f4e2e619088b/file_downloaded
Dataset_02_g46dvrcvwn,Leaf Blotch00183.JPG,original,Leaf_Blotch,Leaf Blotch,NOT_PROVIDED_PER_FILE (ZIP_VERIFIED),6e68a0a93000cc0f6603fcfaaf5801f00d06f0c52c5f41d6b4af63c458306b03,ZIP_SHA256_VERIFIED,f7f7c38381800000,417426,,SUCCESS,D:\curuma\turmeric_datasets\dataset_02\original\Turmeric Plant Disease\Leaf Blotch\Leaf Blotch00183.JPG,https://data.mendeley.com/public-files/datasets/g46dvrcvwn/files/fb82efd6-bd52-488e-be42-f4e2e619088b/file_downloaded
Dataset_02_g46dvrcvwn,Leaf Blotch00184.JPG,original,Leaf_Blotch,Leaf Blotch,NOT_PROVIDED_PER_FILE (ZIP_VERIFIED),ede085bbbd043b8d364a2904eefb302426b434b2faea22e6fe77bea49df9a55b,ZIP_SHA256_VERIFIED,dfcfc78787838383,268625,,SUCCESS,D:\curuma\turmeric_datasets\dataset_02\original\Turmeric Plant Disease\Leaf Blotch\Leaf Blotch00184.JPG,https://data.mendeley.com/public-files/datasets/g46dvrcvwn/files/fb82efd6-bd52-488e-be42-f4e2e619088b/file_downloaded
Dataset_02_g46dvrcvwn,Leaf Blotch00185.JPG,original,Leaf_Blotch,Leaf Blotch,NOT_PROVIDED_PER_FILE (ZIP_VERIFIED),bd1eb9418f325dec73de3f3f4beb1c2bfb6bc1471586cfbb491ae6826bd773ff,ZIP_SHA256_VERIFIED,8f8f8f8707870303,226848,,SUCCESS,D:\curuma\turmeric_datasets\dataset_02\original\Turmeric Plant Disease\Leaf Blotch\Leaf Blotch00185.JPG,https://data.mendeley.com/public-files/datasets/g46dvrcvwn/files/fb82efd6-bd52-488e-be42-f4e2e619088b/file_downloaded
Dataset_02_g46dvrcvwn,Leaf Blotch00186.JPG,original,Leaf_Blotch,Leaf Blotch,NOT_PROVIDED_PER_FILE (ZIP_VERIFIED),23f426a391a7b3104c01f27ee37aa7069cfa66ed5ba638c9c73a83b6a81f9d91,ZIP_SHA256_VERIFIED,cf8f8f0f0f0f0f07,210739,,SUCCESS,D:\curuma\turmeric_datasets\dataset_02\original\Turmeric Plant Disease\Leaf Blotch\Leaf Blotch00186.JPG,https://data.mendeley.com/public-files/datasets/g46dvrcvwn/files/fb82efd6-bd52-488e-be42-f4e2e619088b/file_downloaded
Dataset_02_g46dvrcvwn,Leaf Blotch00187.JPG,original,Leaf_Blotch,Leaf Blotch,NOT_PROVIDED_PER_FILE (ZIP_VERIFIED),05248aded2d49d43bc72283d7589202074ca5f7e0508f0c4482d829b0f6dd18d,ZIP_SHA256_VERIFIED,ff97070307030303,297724,,SUCCESS,D:\curuma\turmeric_datasets\dataset_02\original\Turmeric Plant Disease\Leaf Blotch\Leaf Blotch00187.JPG,https://data.mendeley.com/public-files/datasets/g46dvrcvwn/files/fb82efd6-bd52-488e-be42-f4e2e619088b/file_downloaded
Dataset_02_g46dvrcvwn,Leaf Blotch00188.JPG,original,Leaf_Blotch,Leaf Blotch,NOT_PROVIDED_PER_FILE (ZIP_VERIFIED),6d119df8f558bcf9f38c2ca92a005b57488311f4e0f3d84edd020c3788b30de1,ZIP_SHA256_VERIFIED,f1f1e0e0c1c0c0c0,320634,,SUCCESS,D:\curuma\turmeric_datasets\dataset_02\original\Turmeric Plant Disease\Leaf Blotch\Leaf Blotch00188.JPG,https://data.mendeley.com/public-files/datasets/g46dvrcvwn/files/fb82efd6-bd52-488e-be42-f4e2e619088b/file_downloaded
Dataset_02_g46dvrcvwn,Leaf Blotch00189.JPG,original,Leaf_Blotch,Leaf Blotch,NOT_PROVIDED_PER_FILE (ZIP_VERIFIED),aea41f06bcaa33ee37e4b3f2b7b89c0317f77e686bdf4bf9a39a6b5eee35c469,ZIP_SHA256_VERIFIED,f7f3e3c3c3838101,290452,,SUCCESS,D:\curuma\turmeric_datasets\dataset_02\original\Turmeric Plant Disease\Leaf Blotch\Leaf Blotch00189.JPG,https://data.mendeley.com/public-files/datasets/g46dvrcvwn/files/fb82efd6-bd52-488e-be42-f4e2e619088b/file_downloaded
Dataset_02_g46dvrcvwn,Leaf Blotch00190.JPG,original,Leaf_Blotch,Leaf Blotch,NOT_PROVIDED_PER_FILE (ZIP_VERIFIED),fbd7dbabb9673cf75c0951bdefa8478046a9d68a1005e9c29ff33728aedf8d4d,ZIP_SHA256_VERIFIED,870f070707030303,299432,,SUCCESS,D:\curuma\turmeric_datasets\dataset_02\original\Turmeric Plant Disease\Leaf Blotch\Leaf Blotch00190.JPG,https://data.mendeley.com/public-files/datasets/g46dvrcvwn/files/fb82efd6-bd52-488e-be42-f4e2e619088b/file_downloaded
Dataset_02_g46dvrcvwn,Leaf Blotch00191.JPG,original,Leaf_Blotch,Leaf Blotch,NOT_PROVIDED_PER_FILE (ZIP_VERIFIED),17c89f8da564e311fda03de5003fd14d74bb77b3ca955b5f76c25aef367d8f23,ZIP_SHA256_VERIFIED,e7e1e1e1e0e0e0e0,293856,,SUCCESS,D:\curuma\turmeric_datasets\dataset_02\original\Turmeric Plant Disease\Leaf Blotch\Leaf Blotch00191.JPG,https://data.mendeley.com/public-files/datasets/g46dvrcvwn/files/fb82efd6-bd52-488e-be42-f4e2e619088b/file_downloaded
Dataset_02_g46dvrcvwn,Leaf Blotch00192.JPG,original,Leaf_Blotch,Leaf Blotch,NOT_PROVIDED_PER_FILE (ZIP_VERIFIED),2808e8ff4ef706ee5a9fb90d24035229dd1d1cb64784d19115a7c543ded1a8cb,ZIP_SHA256_VERIFIED,0f2f070707030303,296857,,SUCCESS,D:\curuma\turmeric_datasets\dataset_02\original\Turmeric Plant Disease\Leaf Blotch\Leaf Blotch00192.JPG,https://data.mendeley.com/public-files/datasets/g46dvrcvwn/files/fb82efd6-bd52-488e-be42-f4e2e619088b/file_downloaded
Dataset_02_g46dvrcvwn,Leaf Blotch00193.JPG,original,Leaf_Blotch,Leaf Blotch,NOT_PROVIDED_PER_FILE (ZIP_VERIFIED),de380ab07d2966c1ad65dc283e45421c40d05621ba16826d5274c1491097ae4b,ZIP_SHA256_VERIFIED,cf8f878787838380,322325,,SUCCESS,D:\curuma\turmeric_datasets\dataset_02\original\Turmeric Plant Disease\Leaf Blotch\Leaf Blotch00193.JPG,https://data.mendeley.com/public-files/datasets/g46dvrcvwn/files/fb82efd6-bd52-488e-be42-f4e2e619088b/file_downloaded
Dataset_02_g46dvrcvwn,Leaf Blotch00194.JPG,original,Leaf_Blotch,Leaf Blotch,NOT_PROVIDED_PER_FILE (ZIP_VERIFIED),a5db7c40ce54288175f30ab612f93901464bb9f4c1cea21799113cfcf866f298,ZIP_SHA256_VERIFIED,8fc38383c1c1c0c0,301043,,SUCCESS,D:\curuma\turmeric_datasets\dataset_02\original\Turmeric Plant Disease\Leaf Blotch\Leaf Blotch00194.JPG,https://data.mendeley.com/public-files/datasets/g46dvrcvwn/files/fb82efd6-bd52-488e-be42-f4e2e619088b/file_downloaded
Dataset_02_g46dvrcvwn,Leaf Blotch00195.JPG,original,Leaf_Blotch,Leaf Blotch,NOT_PROVIDED_PER_FILE (ZIP_VERIFIED),0a6c95a4479715a03f0fd96968d9f387128650db42381c9ba29e147d1e4ad30a,ZIP_SHA256_VERIFIED,e3d9898983838383,267187,,SUCCESS,D:\curuma\turmeric_datasets\dataset_02\original\Turmeric Plant Disease\Leaf Blotch\Leaf Blotch00195.JPG,https://data.mendeley.com/public-files/datasets/g46dvrcvwn/files/fb82efd6-bd52-488e-be42-f4e2e619088b/file_downloaded
Dataset_02_g46dvrcvwn,Leaf Blotch00196.JPG,original,Leaf_Blotch,Leaf Blotch,NOT_PROVIDED_PER_FILE (ZIP_VERIFIED),ce7d399d0b4b0fa5856c2c54f46d778be7605964627c89642ab70c0c2034e8e0,ZIP_SHA256_VERIFIED,8f2f61c1c1c1c1d1,278612,,SUCCESS,D:\curuma\turmeric_datasets\dataset_02\original\Turmeric Plant Disease\Leaf Blotch\Leaf Blotch00196.JPG,https://data.mendeley.com/public-files/datasets/g46dvrcvwn/files/fb82efd6-bd52-488e-be42-f4e2e619088b/file_downloaded
Dataset_02_g46dvrcvwn,Leaf Blotch00197.JPG,original,Leaf_Blotch,Leaf Blotch,NOT_PROVIDED_PER_FILE (ZIP_VERIFIED),b0aa511b70f63cd8717ecdf01acf6d6d1f34f4023ab597cd696aba8e3def2915,ZIP_SHA256_VERIFIED,7f3f3f8783818181,278545,,SUCCESS,D:\curuma\turmeric_datasets\dataset_02\original\Turmeric Plant Disease\Leaf Blotch\Leaf Blotch00197.JPG,https://data.mendeley.com/public-files/datasets/g46dvrcvwn/files/fb82efd6-bd52-488e-be42-f4e2e619088b/file_downloaded
Dataset_02_g46dvrcvwn,Leaf Blotch00198.JPG,original,Leaf_Blotch,Leaf Blotch,NOT_PROVIDED_PER_FILE (ZIP_VERIFIED),373fd1627e1ffb741aee9623977ed0d0c51dec87f0ff810199b3c04b156e1cae,ZIP_SHA256_VERIFIED,fbeb830707030303,326241,,SUCCESS,D:\curuma\turmeric_datasets\dataset_02\original\Turmeric Plant Disease\Leaf Blotch\Leaf Blotch00198.JPG,https://data.mendeley.com/public-files/datasets/g46dvrcvwn/files/fb82efd6-bd52-488e-be42-f4e2e619088b/file_downloaded
Dataset_02_g46dvrcvwn,Leaf Blotch00199.JPG,original,Leaf_Blotch,Leaf Blotch,NOT_PROVIDED_PER_FILE (ZIP_VERIFIED),8c5e5999bf9f13e92c79a401c96bd97e22b0ba1260d2a64c184f374166542cc6,ZIP_SHA256_VERIFIED,ebdbc3c3c1c18101,319015,,SUCCESS,D:\curuma\turmeric_datasets\dataset_02\original\Turmeric Plant Disease\Leaf Blotch\Leaf Blotch00199.JPG,https://data.mendeley.com/public-files/datasets/g46dvrcvwn/files/fb82efd6-bd52-488e-be42-f4e2e619088b/file_downloaded
Dataset_02_g46dvrcvwn,Rhizome Disease Root00001.JPG,original,Rhizome_Disease_Roots,Rhizome Disease Root,NOT_PROVIDED_PER_FILE (ZIP_VERIFIED),e41c78bad7759414f900716aba2c36381559e34233687bb898a53565522fbf4c,ZIP_SHA256_VERIFIED,ffd3c3e0c0d1e78f,223602,,SUCCESS,D:\curuma\turmeric_datasets\dataset_02\original\Turmeric Plant Disease\Rhizome Disease Root\Rhizome Disease Root00001.JPG,https://data.mendeley.com/public-files/datasets/g46dvrcvwn/files/fb82efd6-bd52-488e-be42-f4e2e619088b/file_downloaded
Dataset_02_g46dvrcvwn,Rhizome Disease Root00002.JPG,original,Rhizome_Disease_Roots,Rhizome Disease Root,NOT_PROVIDED_PER_FILE (ZIP_VERIFIED),0fc300e0ea7ddc62f4946fc9fbf45cd36189ec88678900028d6364c3dc97c7e2,ZIP_SHA256_VERIFIED,ffffffc700808187,260493,,SUCCESS,D:\curuma\turmeric_datasets\dataset_02\original\Turmeric Plant Disease\Rhizome Disease Root\Rhizome Disease Root00002.JPG,https://data.mendeley.com/public-files/datasets/g46dvrcvwn/files/fb82efd6-bd52-488e-be42-f4e2e619088b/file_downloaded
Dataset_02_g46dvrcvwn,Rhizome Disease Root00003.JPG,original,Rhizome_Disease_Roots,Rhizome Disease Root,NOT_PROVIDED_PER_FILE (ZIP_VERIFIED),e29c7da8f576a1f9ff6bf3f209a3e3115d369e736d80c79bd48d77b6cf4cc3d0,ZIP_SHA256_VERIFIED,fff3e1e0c1c1973f,315444,,SUCCESS,D:\curuma\turmeric_datasets\dataset_02\original\Turmeric Plant Disease\Rhizome Disease Root\Rhizome Disease Root00003.JPG,https://data.mendeley.com/public-files/datasets/g46dvrcvwn/files/fb82efd6-bd52-488e-be42-f4e2e619088b/file_downloaded
Dataset_02_g46dvrcvwn,Rhizome Disease Root00004.JPG,original,Rhizome_Disease_Roots,Rhizome Disease Root,NOT_PROVIDED_PER_FILE (ZIP_VERIFIED),6f6e64319c0d1bab197b171a1f9a7efdec00a918a246926057b9e33d25fb5eee,ZIP_SHA256_VERIFIED,bfcf8781c1e1fbfb,342971,,SUCCESS,D:\curuma\turmeric_datasets\dataset_02\original\Turmeric Plant Disease\Rhizome Disease Root\Rhizome Disease Root00004.JPG,https://data.mendeley.com/public-files/datasets/g46dvrcvwn/files/fb82efd6-bd52-488e-be42-f4e2e619088b/file_downloaded
Dataset_02_g46dvrcvwn,Rhizome Disease Root00005.JPG,original,Rhizome_Disease_Roots,Rhizome Disease Root,NOT_PROVIDED_PER_FILE (ZIP_VERIFIED),885ebabebd75c245129010f7b016a5d2c162f86753884b451e3eb66d326cee5c,ZIP_SHA256_VERIFIED,7f7fbfbf4301c1e3,326079,,SUCCESS,D:\curuma\turmeric_datasets\dataset_02\original\Turmeric Plant Disease\Rhizome Disease Root\Rhizome Disease Root00005.JPG,https://data.mendeley.com/public-files/datasets/g46dvrcvwn/files/fb82efd6-bd52-488e-be42-f4e2e619088b/file_downloaded
Dataset_02_g46dvrcvwn,Rhizome Disease Root00006.JPG,original,Rhizome_Disease_Roots,Rhizome Disease Root,NOT_PROVIDED_PER_FILE (ZIP_VERIFIED),0129ff8b8b8fe7a63d60a3fe2ccc28b91d0f1a360b7870aa34a02097bdb446b3,ZIP_SHA256_VERIFIED,9fc783c1e1f1fbfb,233211,,SUCCESS,D:\curuma\turmeric_datasets\dataset_02\original\Turmeric Plant Disease\Rhizome Disease Root\Rhizome Disease Root00006.JPG,https://data.mendeley.com/public-files/datasets/g46dvrcvwn/files/fb82efd6-bd52-488e-be42-f4e2e619088b/file_downloaded
Dataset_02_g46dvrcvwn,Rhizome Disease Root00007.JPG,original,Rhizome_Disease_Roots,Rhizome Disease Root,NOT_PROVIDED_PER_FILE (ZIP_VERIFIED),1b35e48300f16013ffaf09242679f650cdb692f4caac660d47bd2cb177913a08,ZIP_SHA256_VERIFIED,dfc7c3c3c1c8c8d1,225653,,SUCCESS,D:\curuma\turmeric_datasets\dataset_02\original\Turmeric Plant Disease\Rhizome Disease Root\Rhizome Disease Root00007.JPG,https://data.mendeley.com/public-files/datasets/g46dvrcvwn/files/fb82efd6-bd52-488e-be42-f4e2e619088b/file_downloaded
Dataset_02_g46dvrcvwn,Rhizome Disease Root00008.JPG,original,Rhizome_Disease_Roots,Rhizome Disease Root,NOT_PROVIDED_PER_FILE (ZIP_VERIFIED),a6e77cfbf64275527984914e7fdd09c4ab1d62431b8b1b2624fef313809d1a73,ZIP_SHA256_VERIFIED,ffffe70781c7cc80,226129,,SUCCESS,D:\curuma\turmeric_datasets\dataset_02\original\Turmeric Plant Disease\Rhizome Disease Root\Rhizome Disease Root00008.JPG,https://data.mendeley.com/public-files/datasets/g46dvrcvwn/files/fb82efd6-bd52-488e-be42-f4e2e619088b/file_downloaded
Dataset_02_g46dvrcvwn,Rhizome Disease Root00009.JPG,original,Rhizome_Disease_Roots,Rhizome Disease Root,NOT_PROVIDED_PER_FILE (ZIP_VERIFIED),56c866defb7cf9ff1fbb2cf725376e0dbea35fcbca7747bae78a8891d4d8b7ab,ZIP_SHA256_VERIFIED,670781c7cf8fa7b3,223579,,SUCCESS,D:\curuma\turmeric_datasets\dataset_02\original\Turmeric Plant Disease\Rhizome Disease Root\Rhizome Disease Root00009.JPG,https://data.mendeley.com/public-files/datasets/g46dvrcvwn/files/fb82efd6-bd52-488e-be42-f4e2e619088b/file_downloaded
Dataset_02_g46dvrcvwn,Rhizome Disease Root00010.JPG,original,Rhizome_Disease_Roots,Rhizome Disease Root,NOT_PROVIDED_PER_FILE (ZIP_VERIFIED),08769e471755bae2ac0e8deeb94a5cf2684fde03c4b1d40885c44c98a710d5ed,ZIP_SHA256_VERIFIED,fffffeb483008042,223305,,SUCCESS,D:\curuma\turmeric_datasets\dataset_02\original\Turmeric Plant Disease\Rhizome Disease Root\Rhizome Disease Root00010.JPG,https://data.mendeley.com/public-files/datasets/g46dvrcvwn/files/fb82efd6-bd52-488e-be42-f4e2e619088b/file_downloaded
Dataset_02_g46dvrcvwn,Rhizome Disease Root00011.JPG,original,Rhizome_Disease_Roots,Rhizome Disease Root,NOT_PROVIDED_PER_FILE (ZIP_VERIFIED),9e5b456e10edce65aab601b2f8131f40d6819965e444da5f3f857d82317bfae2,ZIP_SHA256_VERIFIED,fffffbc0e0f0f1f2,259710,,SUCCESS,D:\curuma\turmeric_datasets\dataset_02\original\Turmeric Plant Disease\Rhizome Disease Root\Rhizome Disease Root00011.JPG,https://data.mendeley.com/public-files/datasets/g46dvrcvwn/files/fb82efd6-bd52-488e-be42-f4e2e619088b/file_downloaded
Dataset_02_g46dvrcvwn,Rhizome Disease Root00012.JPG,original,Rhizome_Disease_Roots,Rhizome Disease Root,NOT_PROVIDED_PER_FILE (ZIP_VERIFIED),696bbc3c83bd2855d9566409a8176cd0d52fa7a1b4b9290c2c8952d5ff022636,ZIP_SHA256_VERIFIED,b7c1c1e3c1cdc3d3,268307,,SUCCESS,D:\curuma\turmeric_datasets\dataset_02\original\Turmeric Plant Disease\Rhizome Disease Root\Rhizome Disease Root00012.JPG,https://data.mendeley.com/public-files/datasets/g46dvrcvwn/files/fb82efd6-bd52-488e-be42-f4e2e619088b/file_downloaded
Dataset_02_g46dvrcvwn,Rhizome Disease Root00013.JPG,original,Rhizome_Disease_Roots,Rhizome Disease Root,NOT_PROVIDED_PER_FILE (ZIP_VERIFIED),21cf8345ed100a841b7a850368009d2c00c762a158b01d5670952d09972231bd,ZIP_SHA256_VERIFIED,ffffe30381a0e1e3,297479,,SUCCESS,D:\curuma\turmeric_datasets\dataset_02\original\Turmeric Plant Disease\Rhizome Disease Root\Rhizome Disease Root00013.JPG,https://data.mendeley.com/public-files/datasets/g46dvrcvwn/files/fb82efd6-bd52-488e-be42-f4e2e619088b/file_downloaded
Dataset_02_g46dvrcvwn,Rhizome Disease Root00014.JPG,original,Rhizome_Disease_Roots,Rhizome Disease Root,NOT_PROVIDED_PER_FILE (ZIP_VERIFIED),5d0deebfdda33bb2c6c8def680c5dcbeab8a9c3772e460eaa1d16e8644ef5b0c,ZIP_SHA256_VERIFIED,ffbfb383c1e0e1c7,268945,,SUCCESS,D:\curuma\turmeric_datasets\dataset_02\original\Turmeric Plant Disease\Rhizome Disease Root\Rhizome Disease Root00014.JPG,https://data.mendeley.com/public-files/datasets/g46dvrcvwn/files/fb82efd6-bd52-488e-be42-f4e2e619088b/file_downloaded
Dataset_02_g46dvrcvwn,Rhizome Disease Root00015.JPG,original,Rhizome_Disease_Roots,Rhizome Disease Root,NOT_PROVIDED_PER_FILE (ZIP_VERIFIED),7c07e0e65764d893c404669128fda25f3a829b365095b57e57f872504a9fbaea,ZIP_SHA256_VERIFIED,fff7e1e1e1e0d891,261134,,SUCCESS,D:\curuma\turmeric_datasets\dataset_02\original\Turmeric Plant Disease\Rhizome Disease Root\Rhizome Disease Root00015.JPG,https://data.mendeley.com/public-files/datasets/g46dvrcvwn/files/fb82efd6-bd52-488e-be42-f4e2e619088b/file_downloaded
Dataset_02_g46dvrcvwn,Rhizome Disease Root00016.JPG,original,Rhizome_Disease_Roots,Rhizome Disease Root,NOT_PROVIDED_PER_FILE (ZIP_VERIFIED),ee48b900f7a5c3987e71d5b7f6707662d284afa2f65ee64771b61329c698a27f,ZIP_SHA256_VERIFIED,ff7f7fa787c38301,273479,,SUCCESS,D:\curuma\turmeric_datasets\dataset_02\original\Turmeric Plant Disease\Rhizome Disease Root\Rhizome Disease Root00016.JPG,https://data.mendeley.com/public-files/datasets/g46dvrcvwn/files/fb82efd6-bd52-488e-be42-f4e2e619088b/file_downloaded
Dataset_02_g46dvrcvwn,Rhizome Disease Root00017.JPG,original,Rhizome_Disease_Roots,Rhizome Disease Root,NOT_PROVIDED_PER_FILE (ZIP_VERIFIED),78e227f44483460a213cc473d3bd3dbb53c3dfcf73a28094db5f2023a59849d7,ZIP_SHA256_VERIFIED,ffffefe7c3830001,355784,,SUCCESS,D:\curuma\turmeric_datasets\dataset_02\original\Turmeric Plant Disease\Rhizome Disease Root\Rhizome Disease Root00017.JPG,https://data.mendeley.com/public-files/datasets/g46dvrcvwn/files/fb82efd6-bd52-488e-be42-f4e2e619088b/file_downloaded
Dataset_02_g46dvrcvwn,Rhizome Disease Root00018.JPG,original,Rhizome_Disease_Roots,Rhizome Disease Root,NOT_PROVIDED_PER_FILE (ZIP_VERIFIED),478986e319accd79191afa34370035131f5eae28648865109f5baab29b5829b2,ZIP_SHA256_VERIFIED,ffcb430383c7c3cb,176658,,SUCCESS,D:\curuma\turmeric_datasets\dataset_02\original\Turmeric Plant Disease\Rhizome Disease Root\Rhizome Disease Root00018.JPG,https://data.mendeley.com/public-files/datasets/g46dvrcvwn/files/fb82efd6-bd52-488e-be42-f4e2e619088b/file_downloaded
Dataset_02_g46dvrcvwn,Rhizome Disease Root00019.JPG,original,Rhizome_Disease_Roots,Rhizome Disease Root,NOT_PROVIDED_PER_FILE (ZIP_VERIFIED),bcfee6466edc47590b939f4f68f40511aa456b34833a98ea3d847290f2e12109,ZIP_SHA256_VERIFIED,ffffffd747878781,241099,,SUCCESS,D:\curuma\turmeric_datasets\dataset_02\original\Turmeric Plant Disease\Rhizome Disease Root\Rhizome Disease Root00019.JPG,https://data.mendeley.com/public-files/datasets/g46dvrcvwn/files/fb82efd6-bd52-488e-be42-f4e2e619088b/file_downloaded
Dataset_02_g46dvrcvwn,Rhizome Disease Root00020.JPG,original,Rhizome_Disease_Roots,Rhizome Disease Root,NOT_PROVIDED_PER_FILE (ZIP_VERIFIED),c07823be8a3a62bb5183427f4f5e76d24913cbadcc40e6a4cf0a8729f3a3ab22,ZIP_SHA256_VERIFIED,ffeff1f0e0f0e0e2,287549,,SUCCESS,D:\curuma\turmeric_datasets\dataset_02\original\Turmeric Plant Disease\Rhizome Disease Root\Rhizome Disease Root00020.JPG,https://data.mendeley.com/public-files/datasets/g46dvrcvwn/files/fb82efd6-bd52-488e-be42-f4e2e619088b/file_downloaded
Dataset_02_g46dvrcvwn,Rhizome Disease Root00021.JPG,original,Rhizome_Disease_Roots,Rhizome Disease Root,NOT_PROVIDED_PER_FILE (ZIP_VERIFIED),9e0bc013cd15d74dbccb4a596eef93385a176d6495347ef472b7d4264484b0ae,ZIP_SHA256_VERIFIED,ffffeffde30101c1,247104,,SUCCESS,D:\curuma\turmeric_datasets\dataset_02\original\Turmeric Plant Disease\Rhizome Disease Root\Rhizome Disease Root00021.JPG,https://data.mendeley.com/public-files/datasets/g46dvrcvwn/files/fb82efd6-bd52-488e-be42-f4e2e619088b/file_downloaded
Dataset_02_g46dvrcvwn,Rhizome Disease Root00022.JPG,original,Rhizome_Disease_Roots,Rhizome Disease Root,NOT_PROVIDED_PER_FILE (ZIP_VERIFIED),c6974930c6036ff80fc76a95201ad61ec51dd5abad58f9e0c7457cfe531302bc,ZIP_SHA256_VERIFIED,ffffffff07030707,260663,,SUCCESS,D:\curuma\turmeric_datasets\dataset_02\original\Turmeric Plant Disease\Rhizome Disease Root\Rhizome Disease Root00022.JPG,https://data.mendeley.com/public-files/datasets/g46dvrcvwn/files/fb82efd6-bd52-488e-be42-f4e2e619088b/file_downloaded
Dataset_02_g46dvrcvwn,Rhizome Disease Root00023.JPG,original,Rhizome_Disease_Roots,Rhizome Disease Root,NOT_PROVIDED_PER_FILE (ZIP_VERIFIED),eb56b68c9a5038c6f15c7e66b5e815bb2d7cec3093b3f3551906db21b4f861d1,ZIP_SHA256_VERIFIED,fffffbf3e1810060,234968,,SUCCESS,D:\curuma\turmeric_datasets\dataset_02\original\Turmeric Plant Disease\Rhizome Disease Root\Rhizome Disease Root00023.JPG,https://data.mendeley.com/public-files/datasets/g46dvrcvwn/files/fb82efd6-bd52-488e-be42-f4e2e619088b/file_downloaded
Dataset_02_g46dvrcvwn,Rhizome Disease Root00024.JPG,original,Rhizome_Disease_Roots,Rhizome Disease Root,NOT_PROVIDED_PER_FILE (ZIP_VERIFIED),a1b2e1aa1e5b40ffd58b7b1b6dbe4b9f72cf3b475458bc143bdd97eb7d726476,ZIP_SHA256_VERIFIED,fffffbfef8e80000,287772,,SUCCESS,D:\curuma\turmeric_datasets\dataset_02\original\Turmeric Plant Disease\Rhizome Disease Root\Rhizome Disease Root00024.JPG,https://data.mendeley.com/public-files/datasets/g46dvrcvwn/files/fb82efd6-bd52-488e-be42-f4e2e619088b/file_downloaded
Dataset_02_g46dvrcvwn,Rhizome Disease Root00025.JPG,original,Rhizome_Disease_Roots,Rhizome Disease Root,NOT_PROVIDED_PER_FILE (ZIP_VERIFIED),6f59fb7842e2045a068c0360f3f04d39c5abb333f96a46f68a573163f293d912,ZIP_SHA256_VERIFIED,fffdfffcfcc00000,300446,,SUCCESS,D:\curuma\turmeric_datasets\dataset_02\original\Turmeric Plant Disease\Rhizome Disease Root\Rhizome Disease Root00025.JPG,https://data.mendeley.com/public-files/datasets/g46dvrcvwn/files/fb82efd6-bd52-488e-be42-f4e2e619088b/file_downloaded
Dataset_02_g46dvrcvwn,Rhizome Disease Root00026.JPG,original,Rhizome_Disease_Roots,Rhizome Disease Root,NOT_PROVIDED_PER_FILE (ZIP_VERIFIED),878fecde709eb3152481dd8d3f32d76648c8568ca2fe694dd4f1268cc2d76d5f,ZIP_SHA256_VERIFIED,fffff8f0e0c09438,288063,,SUCCESS,D:\curuma\turmeric_datasets\dataset_02\original\Turmeric Plant Disease\Rhizome Disease Root\Rhizome Disease Root00026.JPG,https://data.mendeley.com/public-files/datasets/g46dvrcvwn/files/fb82efd6-bd52-488e-be42-f4e2e619088b/file_downloaded
Dataset_02_g46dvrcvwn,Rhizome Disease Root00027.JPG,original,Rhizome_Disease_Roots,Rhizome Disease Root,NOT_PROVIDED_PER_FILE (ZIP_VERIFIED),0081cfef6b8626b030bc22c24f8f9c42bb41a060d6653492e710e36da7e8c669,ZIP_SHA256_VERIFIED,7ffffbfff8f86038,279995,,SUCCESS,D:\curuma\turmeric_datasets\dataset_02\original\Turmeric Plant Disease\Rhizome Disease Root\Rhizome Disease Root00027.JPG,https://data.mendeley.com/public-files/datasets/g46dvrcvwn/files/fb82efd6-bd52-488e-be42-f4e2e619088b/file_downloaded
Dataset_02_g46dvrcvwn,Rhizome Disease Root00028.JPG,original,Rhizome_Disease_Roots,Rhizome Disease Root,NOT_PROVIDED_PER_FILE (ZIP_VERIFIED),09971cb9908c8b32091b30bea37f7116445acb82da1bcb375b12461587956150,ZIP_SHA256_VERIFIED,fffffffcf8f0b0e0,331122,,SUCCESS,D:\curuma\turmeric_datasets\dataset_02\original\Turmeric Plant Disease\Rhizome Disease Root\Rhizome Disease Root00028.JPG,https://data.mendeley.com/public-files/datasets/g46dvrcvwn/files/fb82efd6-bd52-488e-be42-f4e2e619088b/file_downloaded
Dataset_02_g46dvrcvwn,Rhizome Disease Root00029.JPG,original,Rhizome_Disease_Roots,Rhizome Disease Root,NOT_PROVIDED_PER_FILE (ZIP_VERIFIED),02b9ac8a12dada4ecb806f7a10c6340f1b741ee6e4937fe3a57cc27965689183,ZIP_SHA256_VERIFIED,e0e0f0f0f1f7f7f7,227246,,SUCCESS,D:\curuma\turmeric_datasets\dataset_02\original\Turmeric Plant Disease\Rhizome Disease Root\Rhizome Disease Root00029.JPG,https://data.mendeley.com/public-files/datasets/g46dvrcvwn/files/fb82efd6-bd52-488e-be42-f4e2e619088b/file_downloaded
Dataset_02_g46dvrcvwn,Rhizome Disease Root00030.JPG,original,Rhizome_Disease_Roots,Rhizome Disease Root,NOT_PROVIDED_PER_FILE (ZIP_VERIFIED),437985048048f3fd314fd6ef2bde331f2d6839866aee8ff968d7921d7d086bd9,ZIP_SHA256_VERIFIED,c34180e0e1f3fbf3,258043,,SUCCESS,D:\curuma\turmeric_datasets\dataset_02\original\Turmeric Plant Disease\Rhizome Disease Root\Rhizome Disease Root00030.JPG,https://data.mendeley.com/public-files/datasets/g46dvrcvwn/files/fb82efd6-bd52-488e-be42-f4e2e619088b/file_downloaded
Dataset_02_g46dvrcvwn,Rhizome Disease Root00031.JPG,original,Rhizome_Disease_Roots,Rhizome Disease Root,NOT_PROVIDED_PER_FILE (ZIP_VERIFIED),dedf2d9306dfb93c43063f67c4400508fe0bb5a6138b865bc0149e9e0602865b,ZIP_SHA256_VERIFIED,ffff030181c3e3e7,258594,,SUCCESS,D:\curuma\turmeric_datasets\dataset_02\original\Turmeric Plant Disease\Rhizome Disease Root\Rhizome Disease Root00031.JPG,https://data.mendeley.com/public-files/datasets/g46dvrcvwn/files/fb82efd6-bd52-488e-be42-f4e2e619088b/file_downloaded
Dataset_02_g46dvrcvwn,Rhizome Disease Root00032.JPG,original,Rhizome_Disease_Roots,Rhizome Disease Root,NOT_PROVIDED_PER_FILE (ZIP_VERIFIED),5e136f9d72338fd44d1d7f520189ebfd860ce1d6e6d83760090078893b03d62b,ZIP_SHA256_VERIFIED,fff1f0e0e0e1e7cf,262738,,SUCCESS,D:\curuma\turmeric_datasets\dataset_02\original\Turmeric Plant Disease\Rhizome Disease Root\Rhizome Disease Root00032.JPG,https://data.mendeley.com/public-files/datasets/g46dvrcvwn/files/fb82efd6-bd52-488e-be42-f4e2e619088b/file_downloaded
Dataset_02_g46dvrcvwn,Rhizome Disease Root00033.JPG,original,Rhizome_Disease_Roots,Rhizome Disease Root,NOT_PROVIDED_PER_FILE (ZIP_VERIFIED),0c2f5380ff88e22638d6bc9d848b36b550ae3aa4a6a849740b7e911d630ddfcb,ZIP_SHA256_VERIFIED,7ff8707070b0f3a7,241071,,SUCCESS,D:\curuma\turmeric_datasets\dataset_02\original\Turmeric Plant Disease\Rhizome Disease Root\Rhizome Disease Root00033.JPG,https://data.mendeley.com/public-files/datasets/g46dvrcvwn/files/fb82efd6-bd52-488e-be42-f4e2e619088b/file_downloaded
Dataset_02_g46dvrcvwn,Rhizome Disease Root00034.JPG,original,Rhizome_Disease_Roots,Rhizome Disease Root,NOT_PROVIDED_PER_FILE (ZIP_VERIFIED),aa22a7c227d716435dd599215eeb8d8ff8fa28e874036f2fead8971a32cced9f,ZIP_SHA256_VERIFIED,fef7e3e1e0e0e2e3,249368,,SUCCESS,D:\curuma\turmeric_datasets\dataset_02\original\Turmeric Plant Disease\Rhizome Disease Root\Rhizome Disease Root00034.JPG,https://data.mendeley.com/public-files/datasets/g46dvrcvwn/files/fb82efd6-bd52-488e-be42-f4e2e619088b/file_downloaded
Dataset_02_g46dvrcvwn,Rhizome Disease Root00035.JPG,original,Rhizome_Disease_Roots,Rhizome Disease Root,NOT_PROVIDED_PER_FILE (ZIP_VERIFIED),34522e7e827460296a72ef473e92665958f70686f7bcb2765fe27eb442f75784,ZIP_SHA256_VERIFIED,fecf8f87c3c7c6c6,270557,,SUCCESS,D:\curuma\turmeric_datasets\dataset_02\original\Turmeric Plant Disease\Rhizome Disease Root\Rhizome Disease Root00035.JPG,https://data.mendeley.com/public-files/datasets/g46dvrcvwn/files/fb82efd6-bd52-488e-be42-f4e2e619088b/file_downloaded
Dataset_02_g46dvrcvwn,Rhizome Disease Root00036.JPG,original,Rhizome_Disease_Roots,Rhizome Disease Root,NOT_PROVIDED_PER_FILE (ZIP_VERIFIED),35fdd3959d21aab26bab32a7a8a0ba40ec49b1e934da63ca732c154c4dd6dfb0,ZIP_SHA256_VERIFIED,f3f8e0e3e1e0e1e3,230332,,SUCCESS,D:\curuma\turmeric_datasets\dataset_02\original\Turmeric Plant Disease\Rhizome Disease Root\Rhizome Disease Root00036.JPG,https://data.mendeley.com/public-files/datasets/g46dvrcvwn/files/fb82efd6-bd52-488e-be42-f4e2e619088b/file_downloaded
Dataset_02_g46dvrcvwn,Rhizome Disease Root00037.JPG,original,Rhizome_Disease_Roots,Rhizome Disease Root,NOT_PROVIDED_PER_FILE (ZIP_VERIFIED),8aa9e6edf5ed9b64855369da4bfb54e9289175a06ff2282b9a211e75853a08c8,ZIP_SHA256_VERIFIED,e3e3e1e0e2c2d6c6,255349,,SUCCESS,D:\curuma\turmeric_datasets\dataset_02\original\Turmeric Plant Disease\Rhizome Disease Root\Rhizome Disease Root00037.JPG,https://data.mendeley.com/public-files/datasets/g46dvrcvwn/files/fb82efd6-bd52-488e-be42-f4e2e619088b/file_downloaded
Dataset_02_g46dvrcvwn,Rhizome Disease Root00038.JPG,original,Rhizome_Disease_Roots,Rhizome Disease Root,NOT_PROVIDED_PER_FILE (ZIP_VERIFIED),ff5a55243b73996a1d45944203506e24d48a8271312a7bd67353f2443a611366,ZIP_SHA256_VERIFIED,ff9d8c0ec6e2f0f8,301666,,SUCCESS,D:\curuma\turmeric_datasets\dataset_02\original\Turmeric Plant Disease\Rhizome Disease Root\Rhizome Disease Root00038.JPG,https://data.mendeley.com/public-files/datasets/g46dvrcvwn/files/fb82efd6-bd52-488e-be42-f4e2e619088b/file_downloaded
Dataset_02_g46dvrcvwn,Rhizome Disease Root00039.JPG,original,Rhizome_Disease_Roots,Rhizome Disease Root,NOT_PROVIDED_PER_FILE (ZIP_VERIFIED),0c522980e86fd505dcf0bd4fb032bc856c51bbf6be09ba75aa97445f9511978e,ZIP_SHA256_VERIFIED,f8f8e0c0c1e1c9d8,204393,,SUCCESS,D:\curuma\turmeric_datasets\dataset_02\original\Turmeric Plant Disease\Rhizome Disease Root\Rhizome Disease Root00039.JPG,https://data.mendeley.com/public-files/datasets/g46dvrcvwn/files/fb82efd6-bd52-488e-be42-f4e2e619088b/file_downloaded
Dataset_02_g46dvrcvwn,Rhizome Disease Root00040.JPG,original,Rhizome_Disease_Roots,Rhizome Disease Root,NOT_PROVIDED_PER_FILE (ZIP_VERIFIED),0e3251aa6f15f3dfe66093b32e8db37ab3e47cfe18c7b66c8206931ab1f0dfd4,ZIP_SHA256_VERIFIED,fef0e0c0c0e0eae6,212326,,SUCCESS,D:\curuma\turmeric_datasets\dataset_02\original\Turmeric Plant Disease\Rhizome Disease Root\Rhizome Disease Root00040.JPG,https://data.mendeley.com/public-files/datasets/g46dvrcvwn/files/fb82efd6-bd52-488e-be42-f4e2e619088b/file_downloaded
Dataset_02_g46dvrcvwn,Rhizome Disease Root00041.JPG,original,Rhizome_Disease_Roots,Rhizome Disease Root,NOT_PROVIDED_PER_FILE (ZIP_VERIFIED),ce2cfc7878f02e4bc152a6fa82c3ddf34705f5d7c0cbadb27d59e4d7f9d6f9f5,ZIP_SHA256_VERIFIED,efc1c080e6ecec48,223303,,SUCCESS,D:\curuma\turmeric_datasets\dataset_02\original\Turmeric Plant Disease\Rhizome Disease Root\Rhizome Disease Root00041.JPG,https://data.mendeley.com/public-files/datasets/g46dvrcvwn/files/fb82efd6-bd52-488e-be42-f4e2e619088b/file_downloaded
Dataset_02_g46dvrcvwn,Rhizome Disease Root00042.JPG,original,Rhizome_Disease_Roots,Rhizome Disease Root,NOT_PROVIDED_PER_FILE (ZIP_VERIFIED),18d251464f6591e9919de4f878b47f20f3dd9efdcdd485f9141983240eb59972,ZIP_SHA256_VERIFIED,e1e0c0f2f2f21656,227425,,SUCCESS,D:\curuma\turmeric_datasets\dataset_02\original\Turmeric Plant Disease\Rhizome Disease Root\Rhizome Disease Root00042.JPG,https://data.mendeley.com/public-files/datasets/g46dvrcvwn/files/fb82efd6-bd52-488e-be42-f4e2e619088b/file_downloaded
Dataset_02_g46dvrcvwn,Rhizome Disease Root00043.JPG,original,Rhizome_Disease_Roots,Rhizome Disease Root,NOT_PROVIDED_PER_FILE (ZIP_VERIFIED),aa3f0e8ce01aaf253c2c37bbb600425cb7982c54185a409939a9ad058fe1bd0a,ZIP_SHA256_VERIFIED,c980e0e4ecc8cc5c,230555,,SUCCESS,D:\curuma\turmeric_datasets\dataset_02\original\Turmeric Plant Disease\Rhizome Disease Root\Rhizome Disease Root00043.JPG,https://data.mendeley.com/public-files/datasets/g46dvrcvwn/files/fb82efd6-bd52-488e-be42-f4e2e619088b/file_downloaded
Dataset_02_g46dvrcvwn,Rhizome Disease Root00044.JPG,original,Rhizome_Disease_Roots,Rhizome Disease Root,NOT_PROVIDED_PER_FILE (ZIP_VERIFIED),49b98bd6c7013bb0b94c8c76310518ca1ceefc485507c37ed55bacde45fe1c2f,ZIP_SHA256_VERIFIED,0000e6e6e4ecece8,199542,,SUCCESS,D:\curuma\turmeric_datasets\dataset_02\original\Turmeric Plant Disease\Rhizome Disease Root\Rhizome Disease Root00044.JPG,https://data.mendeley.com/public-files/datasets/g46dvrcvwn/files/fb82efd6-bd52-488e-be42-f4e2e619088b/file_downloaded
Dataset_02_g46dvrcvwn,Rhizome Disease Root00045.JPG,original,Rhizome_Disease_Roots,Rhizome Disease Root,NOT_PROVIDED_PER_FILE (ZIP_VERIFIED),37b7a265800ee91c19e3083926180e16fe0b9e52d47d2d30b2bf95248205655c,ZIP_SHA256_VERIFIED,e0e0e0f0f0f3e7e7,239421,,SUCCESS,D:\curuma\turmeric_datasets\dataset_02\original\Turmeric Plant Disease\Rhizome Disease Root\Rhizome Disease Root00045.JPG,https://data.mendeley.com/public-files/datasets/g46dvrcvwn/files/fb82efd6-bd52-488e-be42-f4e2e619088b/file_downloaded
Dataset_02_g46dvrcvwn,Rhizome Disease Root00046.JPG,original,Rhizome_Disease_Roots,Rhizome Disease Root,NOT_PROVIDED_PER_FILE (ZIP_VERIFIED),0dd06f9ad1dbc1b1b0558313c28be18b404824eb8f0b9eaa2632c836f6eec264,ZIP_SHA256_VERIFIED,fcfefcf8f8f0c000,196921,,SUCCESS,D:\curuma\turmeric_datasets\dataset_02\original\Turmeric Plant Disease\Rhizome Disease Root\Rhizome Disease Root00046.JPG,https://data.mendeley.com/public-files/datasets/g46dvrcvwn/files/fb82efd6-bd52-488e-be42-f4e2e619088b/file_downloaded
Dataset_02_g46dvrcvwn,Rhizome Disease Root00047.JPG,original,Rhizome_Disease_Roots,Rhizome Disease Root,NOT_PROVIDED_PER_FILE (ZIP_VERIFIED),50c9f38c977f85c0a162abdee349fa7e8cae309dcb02c082c16edd496282641d,ZIP_SHA256_VERIFIED,e1e1e3f3f3c38307,297308,,SUCCESS,D:\curuma\turmeric_datasets\dataset_02\original\Turmeric Plant Disease\Rhizome Disease Root\Rhizome Disease Root00047.JPG,https://data.mendeley.com/public-files/datasets/g46dvrcvwn/files/fb82efd6-bd52-488e-be42-f4e2e619088b/file_downloaded
Dataset_02_g46dvrcvwn,Rhizome Disease Root00048.JPG,original,Rhizome_Disease_Roots,Rhizome Disease Root,NOT_PROVIDED_PER_FILE (ZIP_VERIFIED),c00e4f33a1120d3cb2c71f35900ea2cbea973b46d401cf9fc2412eecf5c0a68e,ZIP_SHA256_VERIFIED,f8f8fffff3e1c100,268461,,SUCCESS,D:\curuma\turmeric_datasets\dataset_02\original\Turmeric Plant Disease\Rhizome Disease Root\Rhizome Disease Root00048.JPG,https://data.mendeley.com/public-files/datasets/g46dvrcvwn/files/fb82efd6-bd52-488e-be42-f4e2e619088b/file_downloaded
Dataset_02_g46dvrcvwn,Rhizome Disease Root00049.JPG,original,Rhizome_Disease_Roots,Rhizome Disease Root,NOT_PROVIDED_PER_FILE (ZIP_VERIFIED),f84e41b2f74794d71b511afc101240d41d7363d4743bf5b4c260841185f802ec,ZIP_SHA256_VERIFIED,f0f0f4e3e3c3c7ef,275605,,SUCCESS,D:\curuma\turmeric_datasets\dataset_02\original\Turmeric Plant Disease\Rhizome Disease Root\Rhizome Disease Root00049.JPG,https://data.mendeley.com/public-files/datasets/g46dvrcvwn/files/fb82efd6-bd52-488e-be42-f4e2e619088b/file_downloaded
Dataset_02_g46dvrcvwn,Rhizome Disease Root00050.JPG,original,Rhizome_Disease_Roots,Rhizome Disease Root,NOT_PROVIDED_PER_FILE (ZIP_VERIFIED),60c16d4e47b85e8de8882969661928bcb72cf229735cb74735da1fdd9566b09f,ZIP_SHA256_VERIFIED,fefe46c44446c6ce,241238,,SUCCESS,D:\curuma\turmeric_datasets\dataset_02\original\Turmeric Plant Disease\Rhizome Disease Root\Rhizome Disease Root00050.JPG,https://data.mendeley.com/public-files/datasets/g46dvrcvwn/files/fb82efd6-bd52-488e-be42-f4e2e619088b/file_downloaded
Dataset_02_g46dvrcvwn,Rhizome Disease Root00051.JPG,original,Rhizome_Disease_Roots,Rhizome Disease Root,NOT_PROVIDED_PER_FILE (ZIP_VERIFIED),c3fee4901f93ea15d70163a5bbe7fd3322016fa8a17e023c1438c8c0121432e5,ZIP_SHA256_VERIFIED,7efefef0c0c0e0f4,244095,,SUCCESS,D:\curuma\turmeric_datasets\dataset_02\original\Turmeric Plant Disease\Rhizome Disease Root\Rhizome Disease Root00051.JPG,https://data.mendeley.com/public-files/datasets/g46dvrcvwn/files/fb82efd6-bd52-488e-be42-f4e2e619088b/file_downloaded
Dataset_02_g46dvrcvwn,Rhizome Disease Root00052.JPG,original,Rhizome_Disease_Roots,Rhizome Disease Root,NOT_PROVIDED_PER_FILE (ZIP_VERIFIED),5ac6e16732b2ad789b8404c84b3ba913660273d79185c695529ebda60e23c948,ZIP_SHA256_VERIFIED,f8f8f0e0c1c3e7f3,199218,,SUCCESS,D:\curuma\turmeric_datasets\dataset_02\original\Turmeric Plant Disease\Rhizome Disease Root\Rhizome Disease Root00052.JPG,https://data.mendeley.com/public-files/datasets/g46dvrcvwn/files/fb82efd6-bd52-488e-be42-f4e2e619088b/file_downloaded
Dataset_02_g46dvrcvwn,Rhizome Disease Root00053.JPG,original,Rhizome_Disease_Roots,Rhizome Disease Root,NOT_PROVIDED_PER_FILE (ZIP_VERIFIED),1c6d337fe7247f534db2ae7c064b986b89cfa20f3a8322395058ace6eb96525b,ZIP_SHA256_VERIFIED,c081d3e3f3f7e7ef,192841,,SUCCESS,D:\curuma\turmeric_datasets\dataset_02\original\Turmeric Plant Disease\Rhizome Disease Root\Rhizome Disease Root00053.JPG,https://data.mendeley.com/public-files/datasets/g46dvrcvwn/files/fb82efd6-bd52-488e-be42-f4e2e619088b/file_downloaded
Dataset_02_g46dvrcvwn,Rhizome Disease Root00054.JPG,original,Rhizome_Disease_Roots,Rhizome Disease Root,NOT_PROVIDED_PER_FILE (ZIP_VERIFIED),4d383fcfc00033ff52b8c6e479bd2a6a64663cb59778178ec6a1f0df730298b3,ZIP_SHA256_VERIFIED,f1f1c1c3c3e3e7cf,258457,,SUCCESS,D:\curuma\turmeric_datasets\dataset_02\original\Turmeric Plant Disease\Rhizome Disease Root\Rhizome Disease Root00054.JPG,https://data.mendeley.com/public-files/datasets/g46dvrcvwn/files/fb82efd6-bd52-488e-be42-f4e2e619088b/file_downloaded
Dataset_02_g46dvrcvwn,Rhizome Disease Root00055.JPG,original,Rhizome_Disease_Roots,Rhizome Disease Root,NOT_PROVIDED_PER_FILE (ZIP_VERIFIED),f2978dc4f0768d4173a68e38f55714e75b50f6a3a6923b602b3cbd86b766877f,ZIP_SHA256_VERIFIED,030787c7e3b1f8fe,285842,,SUCCESS,D:\curuma\turmeric_datasets\dataset_02\original\Turmeric Plant Disease\Rhizome Disease Root\Rhizome Disease Root00055.JPG,https://data.mendeley.com/public-files/datasets/g46dvrcvwn/files/fb82efd6-bd52-488e-be42-f4e2e619088b/file_downloaded
Dataset_02_g46dvrcvwn,Rhizome Disease Root00056.JPG,original,Rhizome_Disease_Roots,Rhizome Disease Root,NOT_PROVIDED_PER_FILE (ZIP_VERIFIED),c2ba25f3ef73d2d4e65c5028ea0da3ba27f474655b7b0416ef03b33ddc082d8e,ZIP_SHA256_VERIFIED,0143e3e3e3c78f9e,288787,,SUCCESS,D:\curuma\turmeric_datasets\dataset_02\original\Turmeric Plant Disease\Rhizome Disease Root\Rhizome Disease Root00056.JPG,https://data.mendeley.com/public-files/datasets/g46dvrcvwn/files/fb82efd6-bd52-488e-be42-f4e2e619088b/file_downloaded
Dataset_02_g46dvrcvwn,Rhizome Disease Root00057.JPG,original,Rhizome_Disease_Roots,Rhizome Disease Root,NOT_PROVIDED_PER_FILE (ZIP_VERIFIED),9bdff268efe116d169bae9148bd60129a90fccec557e0713dea7a9f278fc2cf1,ZIP_SHA256_VERIFIED,c1c783c3c7c7d7df,188391,,SUCCESS,D:\curuma\turmeric_datasets\dataset_02\original\Turmeric Plant Disease\Rhizome Disease Root\Rhizome Disease Root00057.JPG,https://data.mendeley.com/public-files/datasets/g46dvrcvwn/files/fb82efd6-bd52-488e-be42-f4e2e619088b/file_downloaded
Dataset_02_g46dvrcvwn,Rhizome Disease Root00058.JPG,original,Rhizome_Disease_Roots,Rhizome Disease Root,NOT_PROVIDED_PER_FILE (ZIP_VERIFIED),6bbe8ac9fd203dbfcace043d118fd34f942c073e706d4c694bbf728f4d6c994e,ZIP_SHA256_VERIFIED,8e9e87c3c6c6c6c6,257246,,SUCCESS,D:\curuma\turmeric_datasets\dataset_02\original\Turmeric Plant Disease\Rhizome Disease Root\Rhizome Disease Root00058.JPG,https://data.mendeley.com/public-files/datasets/g46dvrcvwn/files/fb82efd6-bd52-488e-be42-f4e2e619088b/file_downloaded
Dataset_02_g46dvrcvwn,Rhizome Disease Root00059.JPG,original,Rhizome_Disease_Roots,Rhizome Disease Root,NOT_PROVIDED_PER_FILE (ZIP_VERIFIED),1316ad563be1efa326c56b5d5e1babc3e95aedfdd28d355c8414896ec8c30226,ZIP_SHA256_VERIFIED,1f3efff0e0e1e0e0,267315,,SUCCESS,D:\curuma\turmeric_datasets\dataset_02\original\Turmeric Plant Disease\Rhizome Disease Root\Rhizome Disease Root00059.JPG,https://data.mendeley.com/public-files/datasets/g46dvrcvwn/files/fb82efd6-bd52-488e-be42-f4e2e619088b/file_downloaded
Dataset_02_g46dvrcvwn,Rhizome Disease Root00060.JPG,original,Rhizome_Disease_Roots,Rhizome Disease Root,NOT_PROVIDED_PER_FILE (ZIP_VERIFIED),2ea8a55f9de71a705878471c8de4bb55500214a0dd815e03a2c3c4ae3cb7c5bb,ZIP_SHA256_VERIFIED,1f7d4143e3e3e7ce,282679,,SUCCESS,D:\curuma\turmeric_datasets\dataset_02\original\Turmeric Plant Disease\Rhizome Disease Root\Rhizome Disease Root00060.JPG,https://data.mendeley.com/public-files/datasets/g46dvrcvwn/files/fb82efd6-bd52-488e-be42-f4e2e619088b/file_downloaded
Dataset_02_g46dvrcvwn,Rhizome Disease Root00061.JPG,original,Rhizome_Disease_Roots,Rhizome Disease Root,NOT_PROVIDED_PER_FILE (ZIP_VERIFIED),79064b6ae6bac4d032ac9c346326614211154fda2a55cd7dc625b3724c85ffa1,ZIP_SHA256_VERIFIED,1f3f7be2e0f0f0e2,291051,,SUCCESS,D:\curuma\turmeric_datasets\dataset_02\original\Turmeric Plant Disease\Rhizome Disease Root\Rhizome Disease Root00061.JPG,https://data.mendeley.com/public-files/datasets/g46dvrcvwn/files/fb82efd6-bd52-488e-be42-f4e2e619088b/file_downloaded
Dataset_02_g46dvrcvwn,Rhizome Disease Root00062.JPG,original,Rhizome_Disease_Roots,Rhizome Disease Root,NOT_PROVIDED_PER_FILE (ZIP_VERIFIED),06d5e5658d1578e373714d1bb4ffa9feb1b85f2e8fdc9967ad23fab253fef0d0,ZIP_SHA256_VERIFIED,cf8f878fc2c6c696,230863,,SUCCESS,D:\curuma\turmeric_datasets\dataset_02\original\Turmeric Plant Disease\Rhizome Disease Root\Rhizome Disease Root00062.JPG,https://data.mendeley.com/public-files/datasets/g46dvrcvwn/files/fb82efd6-bd52-488e-be42-f4e2e619088b/file_downloaded
Dataset_02_g46dvrcvwn,Rhizome Disease Root00063.JPG,original,Rhizome_Disease_Roots,Rhizome Disease Root,NOT_PROVIDED_PER_FILE (ZIP_VERIFIED),aed3da25941add2018d64524f36ce112308c9567a189e35c11b0fad190ac27f8,ZIP_SHA256_VERIFIED,808783c78787979f,207869,,SUCCESS,D:\curuma\turmeric_datasets\dataset_02\original\Turmeric Plant Disease\Rhizome Disease Root\Rhizome Disease Root00063.JPG,https://data.mendeley.com/public-files/datasets/g46dvrcvwn/files/fb82efd6-bd52-488e-be42-f4e2e619088b/file_downloaded
Dataset_02_g46dvrcvwn,Rhizome Disease Root00064.JPG,original,Rhizome_Disease_Roots,Rhizome Disease Root,NOT_PROVIDED_PER_FILE (ZIP_VERIFIED),4bfc50b564f2b4cc4fb0c87c130dddad3da724f42636d05a50bc868af036a4ad,ZIP_SHA256_VERIFIED,ec0787c3c383c3e7,266745,,SUCCESS,D:\curuma\turmeric_datasets\dataset_02\original\Turmeric Plant Disease\Rhizome Disease Root\Rhizome Disease Root00064.JPG,https://data.mendeley.com/public-files/datasets/g46dvrcvwn/files/fb82efd6-bd52-488e-be42-f4e2e619088b/file_downloaded
Dataset_02_g46dvrcvwn,Rhizome Disease Root00065.JPG,original,Rhizome_Disease_Roots,Rhizome Disease Root,NOT_PROVIDED_PER_FILE (ZIP_VERIFIED),21aad6bf1376d214b26a3b7219e6a26b4e340e4d9a06d186d71d180c455d05c5,ZIP_SHA256_VERIFIED,e0e5c1e1e183f7f7,249667,,SUCCESS,D:\curuma\turmeric_datasets\dataset_02\original\Turmeric Plant Disease\Rhizome Disease Root\Rhizome Disease Root00065.JPG,https://data.mendeley.com/public-files/datasets/g46dvrcvwn/files/fb82efd6-bd52-488e-be42-f4e2e619088b/file_downloaded
Dataset_02_g46dvrcvwn,Rhizome Disease Root00066.JPG,original,Rhizome_Disease_Roots,Rhizome Disease Root,NOT_PROVIDED_PER_FILE (ZIP_VERIFIED),cb45e1edade9c8b08ef658361490180c60e73679c27253745ac0f5906437c81c,ZIP_SHA256_VERIFIED,f0e0e0f0f0c1fbfb,251993,,SUCCESS,D:\curuma\turmeric_datasets\dataset_02\original\Turmeric Plant Disease\Rhizome Disease Root\Rhizome Disease Root00066.JPG,https://data.mendeley.com/public-files/datasets/g46dvrcvwn/files/fb82efd6-bd52-488e-be42-f4e2e619088b/file_downloaded
Dataset_02_g46dvrcvwn,Rhizome Disease Root00067.JPG,original,Rhizome_Disease_Roots,Rhizome Disease Root,NOT_PROVIDED_PER_FILE (ZIP_VERIFIED),987083fa561ab005ada1c9d029caacc90a7136044391c6e858a6fc49532c3540,ZIP_SHA256_VERIFIED,3fd3e1e3c7a0707f,207940,,SUCCESS,D:\curuma\turmeric_datasets\dataset_02\original\Turmeric Plant Disease\Rhizome Disease Root\Rhizome Disease Root00067.JPG,https://data.mendeley.com/public-files/datasets/g46dvrcvwn/files/fb82efd6-bd52-488e-be42-f4e2e619088b/file_downloaded
Dataset_02_g46dvrcvwn,Rhizome Disease Root00068.JPG,original,Rhizome_Disease_Roots,Rhizome Disease Root,NOT_PROVIDED_PER_FILE (ZIP_VERIFIED),ef4dd8329fdf128b72350e549b9b6d82653c040ddb9c5e034545235ee3ad6c7c,ZIP_SHA256_VERIFIED,7fffe7e7c3d2b030,185402,,SUCCESS,D:\curuma\turmeric_datasets\dataset_02\original\Turmeric Plant Disease\Rhizome Disease Root\Rhizome Disease Root00068.JPG,https://data.mendeley.com/public-files/datasets/g46dvrcvwn/files/fb82efd6-bd52-488e-be42-f4e2e619088b/file_downloaded
Dataset_02_g46dvrcvwn,Rhizome Disease Root00069.JPG,original,Rhizome_Disease_Roots,Rhizome Disease Root,NOT_PROVIDED_PER_FILE (ZIP_VERIFIED),a306171b02f2391df786a696e0121721257742eef81bd4a2e8442e9612bc8604,ZIP_SHA256_VERIFIED,9f9f9f8cc1e7b370,217050,,SUCCESS,D:\curuma\turmeric_datasets\dataset_02\original\Turmeric Plant Disease\Rhizome Disease Root\Rhizome Disease Root00069.JPG,https://data.mendeley.com/public-files/datasets/g46dvrcvwn/files/fb82efd6-bd52-488e-be42-f4e2e619088b/file_downloaded
Dataset_02_g46dvrcvwn,Rhizome Disease Root00070.JPG,original,Rhizome_Disease_Roots,Rhizome Disease Root,NOT_PROVIDED_PER_FILE (ZIP_VERIFIED),7ac01dced22f593cf1164a6041e19980e5b3f46369899a2ab613f7807fa89dc1,ZIP_SHA256_VERIFIED,bf3f3f8c81e3ec70,198101,,SUCCESS,D:\curuma\turmeric_datasets\dataset_02\original\Turmeric Plant Disease\Rhizome Disease Root\Rhizome Disease Root00070.JPG,https://data.mendeley.com/public-files/datasets/g46dvrcvwn/files/fb82efd6-bd52-488e-be42-f4e2e619088b/file_downloaded
Dataset_02_g46dvrcvwn,Rhizome Disease Root00071.JPG,original,Rhizome_Disease_Roots,Rhizome Disease Root,NOT_PROVIDED_PER_FILE (ZIP_VERIFIED),180f13d37f04fccca6841ddecda16c5a4202908a3da6d759c86f242a41e3d832,ZIP_SHA256_VERIFIED,3f7f1e80c3f7f2f8,202460,,SUCCESS,D:\curuma\turmeric_datasets\dataset_02\original\Turmeric Plant Disease\Rhizome Disease Root\Rhizome Disease Root00071.JPG,https://data.mendeley.com/public-files/datasets/g46dvrcvwn/files/fb82efd6-bd52-488e-be42-f4e2e619088b/file_downloaded
Dataset_02_g46dvrcvwn,Rhizome Disease Root00072.JPG,original,Rhizome_Disease_Roots,Rhizome Disease Root,NOT_PROVIDED_PER_FILE (ZIP_VERIFIED),eede63bf8724ce519962d1fddddc65428558182799aa91638e66f4c6c75fc642,ZIP_SHA256_VERIFIED,f1e0d1f1e1e7fbfb,178491,,SUCCESS,D:\curuma\turmeric_datasets\dataset_02\original\Turmeric Plant Disease\Rhizome Disease Root\Rhizome Disease Root00072.JPG,https://data.mendeley.com/public-files/datasets/g46dvrcvwn/files/fb82efd6-bd52-488e-be42-f4e2e619088b/file_downloaded
Dataset_02_g46dvrcvwn,Rhizome Disease Root00073.JPG,original,Rhizome_Disease_Roots,Rhizome Disease Root,NOT_PROVIDED_PER_FILE (ZIP_VERIFIED),8300667309f269f58793ea12c489fae2d930bf3698de43ee6c4fdfafa6b39972,ZIP_SHA256_VERIFIED,f7e6c1c0c183cf9f,322161,,SUCCESS,D:\curuma\turmeric_datasets\dataset_02\original\Turmeric Plant Disease\Rhizome Disease Root\Rhizome Disease Root00073.JPG,https://data.mendeley.com/public-files/datasets/g46dvrcvwn/files/fb82efd6-bd52-488e-be42-f4e2e619088b/file_downloaded
Dataset_02_g46dvrcvwn,Rhizome Disease Root00074.JPG,original,Rhizome_Disease_Roots,Rhizome Disease Root,NOT_PROVIDED_PER_FILE (ZIP_VERIFIED),03b49af1d63a3b6d2535761e41c12fde7f252f1fb309d09a8d0cdaa3795297db,ZIP_SHA256_VERIFIED,fff4e0e0e1e3e7e7,212912,,SUCCESS,D:\curuma\turmeric_datasets\dataset_02\original\Turmeric Plant Disease\Rhizome Disease Root\Rhizome Disease Root00074.JPG,https://data.mendeley.com/public-files/datasets/g46dvrcvwn/files/fb82efd6-bd52-488e-be42-f4e2e619088b/file_downloaded
Dataset_02_g46dvrcvwn,Rhizome Disease Root00075.JPG,original,Rhizome_Disease_Roots,Rhizome Disease Root,NOT_PROVIDED_PER_FILE (ZIP_VERIFIED),929e8079fe79870a3d50bf3e583b7358a5e61d70ee61041151e4d097b46fe235,ZIP_SHA256_VERIFIED,f1c080c1e7efefe7,223656,,SUCCESS,D:\curuma\turmeric_datasets\dataset_02\original\Turmeric Plant Disease\Rhizome Disease Root\Rhizome Disease Root00075.JPG,https://data.mendeley.com/public-files/datasets/g46dvrcvwn/files/fb82efd6-bd52-488e-be42-f4e2e619088b/file_downloaded
Dataset_02_g46dvrcvwn,Rhizome Disease Root00076.JPG,original,Rhizome_Disease_Roots,Rhizome Disease Root,NOT_PROVIDED_PER_FILE (ZIP_VERIFIED),8af903058d12930f04c521ee4d9397cfbea9bd7a4938beecf05427a3f484469d,ZIP_SHA256_VERIFIED,ff7f0f070723e3e3,239912,,SUCCESS,D:\curuma\turmeric_datasets\dataset_02\original\Turmeric Plant Disease\Rhizome Disease Root\Rhizome Disease Root00076.JPG,https://data.mendeley.com/public-files/datasets/g46dvrcvwn/files/fb82efd6-bd52-488e-be42-f4e2e619088b/file_downloaded
Dataset_02_g46dvrcvwn,Rhizome Disease Root00077.JPG,original,Rhizome_Disease_Roots,Rhizome Disease Root,NOT_PROVIDED_PER_FILE (ZIP_VERIFIED),c344de3a3961f2df4ed688b2695e123311403946d85e6d922e84922d2e9fa76e,ZIP_SHA256_VERIFIED,2f07030303f9fdfe,241019,,SUCCESS,D:\curuma\turmeric_datasets\dataset_02\original\Turmeric Plant Disease\Rhizome Disease Root\Rhizome Disease Root00077.JPG,https://data.mendeley.com/public-files/datasets/g46dvrcvwn/files/fb82efd6-bd52-488e-be42-f4e2e619088b/file_downloaded
Dataset_02_g46dvrcvwn,Rhizome Disease Root00078.JPG,original,Rhizome_Disease_Roots,Rhizome Disease Root,NOT_PROVIDED_PER_FILE (ZIP_VERIFIED),574c73560e80c48df1d540d4086ba0034d25fcf41067ef5eaaec9f5db0373641,ZIP_SHA256_VERIFIED,80c1e7efe7e3f3f3,207422,,SUCCESS,D:\curuma\turmeric_datasets\dataset_02\original\Turmeric Plant Disease\Rhizome Disease Root\Rhizome Disease Root00078.JPG,https://data.mendeley.com/public-files/datasets/g46dvrcvwn/files/fb82efd6-bd52-488e-be42-f4e2e619088b/file_downloaded
Dataset_02_g46dvrcvwn,Rhizome Disease Root00079.JPG,original,Rhizome_Disease_Roots,Rhizome Disease Root,NOT_PROVIDED_PER_FILE (ZIP_VERIFIED),c2ba033e7e397bae2ab9123af7dc2274c1d28de51c76d422e9c476aa26a23e55,ZIP_SHA256_VERIFIED,f0f0f0f3f3f3f9f8,187239,,SUCCESS,D:\curuma\turmeric_datasets\dataset_02\original\Turmeric Plant Disease\Rhizome Disease Root\Rhizome Disease Root00079.JPG,https://data.mendeley.com/public-files/datasets/g46dvrcvwn/files/fb82efd6-bd52-488e-be42-f4e2e619088b/file_downloaded
Dataset_02_g46dvrcvwn,Rhizome Disease Root00080.JPG,original,Rhizome_Disease_Roots,Rhizome Disease Root,NOT_PROVIDED_PER_FILE (ZIP_VERIFIED),9da7de56872142fec8069e888f78d0e1145dbd3f65fa96db8b4f8aa4842595d7,ZIP_SHA256_VERIFIED,ff4b8787c1c1e1e3,263403,,SUCCESS,D:\curuma\turmeric_datasets\dataset_02\original\Turmeric Plant Disease\Rhizome Disease Root\Rhizome Disease Root00080.JPG,https://data.mendeley.com/public-files/datasets/g46dvrcvwn/files/fb82efd6-bd52-488e-be42-f4e2e619088b/file_downloaded
Dataset_02_g46dvrcvwn,Rhizome Disease Root00081.JPG,original,Rhizome_Disease_Roots,Rhizome Disease Root,NOT_PROVIDED_PER_FILE (ZIP_VERIFIED),b931597f919303458cf0eb7af834c73e2235d50bbea19d641fb7f6565fc181ec,ZIP_SHA256_VERIFIED,dfcfc7c3c1e1e3e7,244826,,SUCCESS,D:\curuma\turmeric_datasets\dataset_02\original\Turmeric Plant Disease\Rhizome Disease Root\Rhizome Disease Root00081.JPG,https://data.mendeley.com/public-files/datasets/g46dvrcvwn/files/fb82efd6-bd52-488e-be42-f4e2e619088b/file_downloaded
Dataset_02_g46dvrcvwn,Rhizome Disease Root00082.JPG,original,Rhizome_Disease_Roots,Rhizome Disease Root,NOT_PROVIDED_PER_FILE (ZIP_VERIFIED),b270777ea2ac94ffb2538dbc0472f0338d501f6619703aeb5da265b172413e4c,ZIP_SHA256_VERIFIED,8307c7e7e7e7f3f3,179155,,SUCCESS,D:\curuma\turmeric_datasets\dataset_02\original\Turmeric Plant Disease\Rhizome Disease Root\Rhizome Disease Root00082.JPG,https://data.mendeley.com/public-files/datasets/g46dvrcvwn/files/fb82efd6-bd52-488e-be42-f4e2e619088b/file_downloaded
Dataset_02_g46dvrcvwn,Rhizome Disease Root00083.JPG,original,Rhizome_Disease_Roots,Rhizome Disease Root,NOT_PROVIDED_PER_FILE (ZIP_VERIFIED),c7cb189573e4bc09a484bc3f86cf81562b2fab34c9c75d6735e1e882cd6192f9,ZIP_SHA256_VERIFIED,c3c1e3e3efefefe7,184094,,SUCCESS,D:\curuma\turmeric_datasets\dataset_02\original\Turmeric Plant Disease\Rhizome Disease Root\Rhizome Disease Root00083.JPG,https://data.mendeley.com/public-files/datasets/g46dvrcvwn/files/fb82efd6-bd52-488e-be42-f4e2e619088b/file_downloaded
Dataset_02_g46dvrcvwn,Rhizome Disease Root00084.JPG,original,Rhizome_Disease_Roots,Rhizome Disease Root,NOT_PROVIDED_PER_FILE (ZIP_VERIFIED),ff92af6fd1aaf9b271d1025b55cd39e4abde5ec63aeb8f91a3f59b6ce8f7c7fa,ZIP_SHA256_VERIFIED,7bf7c7c7c3c3c3cb,217329,,SUCCESS,D:\curuma\turmeric_datasets\dataset_02\original\Turmeric Plant Disease\Rhizome Disease Root\Rhizome Disease Root00084.JPG,https://data.mendeley.com/public-files/datasets/g46dvrcvwn/files/fb82efd6-bd52-488e-be42-f4e2e619088b/file_downloaded
Dataset_02_g46dvrcvwn,Rhizome Disease Root00085.JPG,original,Rhizome_Disease_Roots,Rhizome Disease Root,NOT_PROVIDED_PER_FILE (ZIP_VERIFIED),606a6771a30c72735330a2b1b7c81b18be6adcbb89b8062836ecf6b4302e4974,ZIP_SHA256_VERIFIED,8787c7c1e1efcfaf,196097,,SUCCESS,D:\curuma\turmeric_datasets\dataset_02\original\Turmeric Plant Disease\Rhizome Disease Root\Rhizome Disease Root00085.JPG,https://data.mendeley.com/public-files/datasets/g46dvrcvwn/files/fb82efd6-bd52-488e-be42-f4e2e619088b/file_downloaded
Dataset_02_g46dvrcvwn,Rhizome Disease Root00086.JPG,original,Rhizome_Disease_Roots,Rhizome Disease Root,NOT_PROVIDED_PER_FILE (ZIP_VERIFIED),1f9540f4cdb9fc8a471f284fefc246e187e51e056c7e9faba4294fcb84f4e9d0,ZIP_SHA256_VERIFIED,e0e0e1e2efefffe7,162007,,SUCCESS,D:\curuma\turmeric_datasets\dataset_02\original\Turmeric Plant Disease\Rhizome Disease Root\Rhizome Disease Root00086.JPG,https://data.mendeley.com/public-files/datasets/g46dvrcvwn/files/fb82efd6-bd52-488e-be42-f4e2e619088b/file_downloaded
Dataset_02_g46dvrcvwn,Rhizome Disease Root00087.JPG,original,Rhizome_Disease_Roots,Rhizome Disease Root,NOT_PROVIDED_PER_FILE (ZIP_VERIFIED),3c9d367a2100f143ead32070d0a53c7d6a14d5e4f054b8b2aab9e1d8739013aa,ZIP_SHA256_VERIFIED,81c7c7cfcfcfdfcf,117774,,SUCCESS,D:\curuma\turmeric_datasets\dataset_02\original\Turmeric Plant Disease\Rhizome Disease Root\Rhizome Disease Root00087.JPG,https://data.mendeley.com/public-files/datasets/g46dvrcvwn/files/fb82efd6-bd52-488e-be42-f4e2e619088b/file_downloaded
Dataset_02_g46dvrcvwn,Rhizome Disease Root00088.JPG,original,Rhizome_Disease_Roots,Rhizome Disease Root,NOT_PROVIDED_PER_FILE (ZIP_VERIFIED),40322b09d630b784e7a3a93a4293fd6e9c7fbd0b27969fabd6a4b5055f947cc6,ZIP_SHA256_VERIFIED,9f1f03070f8fe76f,276987,,SUCCESS,D:\curuma\turmeric_datasets\dataset_02\original\Turmeric Plant Disease\Rhizome Disease Root\Rhizome Disease Root00088.JPG,https://data.mendeley.com/public-files/datasets/g46dvrcvwn/files/fb82efd6-bd52-488e-be42-f4e2e619088b/file_downloaded
Dataset_02_g46dvrcvwn,Rhizome Disease Root00089.JPG,original,Rhizome_Disease_Roots,Rhizome Disease Root,NOT_PROVIDED_PER_FILE (ZIP_VERIFIED),40322b09d630b784e7a3a93a4293fd6e9c7fbd0b27969fabd6a4b5055f947cc6,ZIP_SHA256_VERIFIED,9f1f03070f8fe76f,276987,,SUCCESS,D:\curuma\turmeric_datasets\dataset_02\original\Turmeric Plant Disease\Rhizome Disease Root\Rhizome Disease Root00089.JPG,https://data.mendeley.com/public-files/datasets/g46dvrcvwn/files/fb82efd6-bd52-488e-be42-f4e2e619088b/file_downloaded
Dataset_02_g46dvrcvwn,Rhizome Disease Root00090.JPG,original,Rhizome_Disease_Roots,Rhizome Disease Root,NOT_PROVIDED_PER_FILE (ZIP_VERIFIED),f149ccd49da090760bfb948e2dbc9a42a06a99989a3e23a58af545c3a0237a26,ZIP_SHA256_VERIFIED,9f8387c7e7f7f3fb,189729,,SUCCESS,D:\curuma\turmeric_datasets\dataset_02\original\Turmeric Plant Disease\Rhizome Disease Root\Rhizome Disease Root00090.JPG,https://data.mendeley.com/public-files/datasets/g46dvrcvwn/files/fb82efd6-bd52-488e-be42-f4e2e619088b/file_downloaded
Dataset_02_g46dvrcvwn,Rhizome Disease Root00091.JPG,original,Rhizome_Disease_Roots,Rhizome Disease Root,NOT_PROVIDED_PER_FILE (ZIP_VERIFIED),de3360c6024c9f99314cb8599e1d9f8ffe24b15639017703ed63a760bf236cab,ZIP_SHA256_VERIFIED,0787cfcfe7e7f7f7,182029,,SUCCESS,D:\curuma\turmeric_datasets\dataset_02\original\Turmeric Plant Disease\Rhizome Disease Root\Rhizome Disease Root00091.JPG,https://data.mendeley.com/public-files/datasets/g46dvrcvwn/files/fb82efd6-bd52-488e-be42-f4e2e619088b/file_downloaded
Dataset_02_g46dvrcvwn,Rhizome Disease Root00092.JPG,original,Rhizome_Disease_Roots,Rhizome Disease Root,NOT_PROVIDED_PER_FILE (ZIP_VERIFIED),a8826187da73991d19e94a9dcdc6b9d08558bb37ba86ee34c1c7d06020aa2957,ZIP_SHA256_VERIFIED,df0ec1c3c3c3cfff,224029,,SUCCESS,D:\curuma\turmeric_datasets\dataset_02\original\Turmeric Plant Disease\Rhizome Disease Root\Rhizome Disease Root00092.JPG,https://data.mendeley.com/public-files/datasets/g46dvrcvwn/files/fb82efd6-bd52-488e-be42-f4e2e619088b/file_downloaded
Dataset_02_g46dvrcvwn,Rhizome Disease Root00093.JPG,original,Rhizome_Disease_Roots,Rhizome Disease Root,NOT_PROVIDED_PER_FILE (ZIP_VERIFIED),d91ece455a7c977b004c142222550f8b1ffe3a4ab70c0767d6941a979ee6f5c6,ZIP_SHA256_VERIFIED,cfc387c7e7f3fbfd,181493,,SUCCESS,D:\curuma\turmeric_datasets\dataset_02\original\Turmeric Plant Disease\Rhizome Disease Root\Rhizome Disease Root00093.JPG,https://data.mendeley.com/public-files/datasets/g46dvrcvwn/files/fb82efd6-bd52-488e-be42-f4e2e619088b/file_downloaded
Dataset_02_g46dvrcvwn,Rhizome Disease Root00094.JPG,original,Rhizome_Disease_Roots,Rhizome Disease Root,NOT_PROVIDED_PER_FILE (ZIP_VERIFIED),b381d7c965fa551f95911bf31891d24871229a68907b05f441eae91229f84729,ZIP_SHA256_VERIFIED,ffc0f871e519271f,203911,,SUCCESS,D:\curuma\turmeric_datasets\dataset_02\original\Turmeric Plant Disease\Rhizome Disease Root\Rhizome Disease Root00094.JPG,https://data.mendeley.com/public-files/datasets/g46dvrcvwn/files/fb82efd6-bd52-488e-be42-f4e2e619088b/file_downloaded
Dataset_02_g46dvrcvwn,Rhizome Disease Root00095.JPG,original,Rhizome_Disease_Roots,Rhizome Disease Root,NOT_PROVIDED_PER_FILE (ZIP_VERIFIED),de1db5d0caeb50f4ef94b9319f77f34194c0906a1c0ec230ac3d56d600688898,ZIP_SHA256_VERIFIED,c7c7c78727e7e7e7,238172,,SUCCESS,D:\curuma\turmeric_datasets\dataset_02\original\Turmeric Plant Disease\Rhizome Disease Root\Rhizome Disease Root00095.JPG,https://data.mendeley.com/public-files/datasets/g46dvrcvwn/files/fb82efd6-bd52-488e-be42-f4e2e619088b/file_downloaded
Dataset_02_g46dvrcvwn,Rhizome Disease Root00096.JPG,original,Rhizome_Disease_Roots,Rhizome Disease Root,NOT_PROVIDED_PER_FILE (ZIP_VERIFIED),cde77c78ea15327f51f23249a37ec1038e2e2102a8f70f3adee6104c2c3c238b,ZIP_SHA256_VERIFIED,fff1f1e1c19b77ef,169806,,SUCCESS,D:\curuma\turmeric_datasets\dataset_02\original\Turmeric Plant Disease\Rhizome Disease Root\Rhizome Disease Root00096.JPG,https://data.mendeley.com/public-files/datasets/g46dvrcvwn/files/fb82efd6-bd52-488e-be42-f4e2e619088b/file_downloaded
Dataset_02_g46dvrcvwn,Rhizome Disease Root00097.JPG,original,Rhizome_Disease_Roots,Rhizome Disease Root,NOT_PROVIDED_PER_FILE (ZIP_VERIFIED),2f15da7bc49175f106255ad7de8b11bf425c382eba83f5d36fb183383df5ef07,ZIP_SHA256_VERIFIED,ffbfc7c1e3c9c7d7,219017,,SUCCESS,D:\curuma\turmeric_datasets\dataset_02\original\Turmeric Plant Disease\Rhizome Disease Root\Rhizome Disease Root00097.JPG,https://data.mendeley.com/public-files/datasets/g46dvrcvwn/files/fb82efd6-bd52-488e-be42-f4e2e619088b/file_downloaded
Dataset_02_g46dvrcvwn,Rhizome Disease Root00098.JPG,original,Rhizome_Disease_Roots,Rhizome Disease Root,NOT_PROVIDED_PER_FILE (ZIP_VERIFIED),e9ab46b1047ee71f9da093742aa925ecfb06b9635acf649fabf84b3288694329,ZIP_SHA256_VERIFIED,ffff3f07070783e7,231805,,SUCCESS,D:\curuma\turmeric_datasets\dataset_02\original\Turmeric Plant Disease\Rhizome Disease Root\Rhizome Disease Root00098.JPG,https://data.mendeley.com/public-files/datasets/g46dvrcvwn/files/fb82efd6-bd52-488e-be42-f4e2e619088b/file_downloaded
Dataset_02_g46dvrcvwn,Rhizome Disease Root00099.JPG,original,Rhizome_Disease_Roots,Rhizome Disease Root,NOT_PROVIDED_PER_FILE (ZIP_VERIFIED),249a663a7a3671bd5b9c1e11c712d863ceaa4f34f568e3b72c5b8c693dbd368c,ZIP_SHA256_VERIFIED,7fffefc30367371f,142167,,SUCCESS,D:\curuma\turmeric_datasets\dataset_02\original\Turmeric Plant Disease\Rhizome Disease Root\Rhizome Disease Root00099.JPG,https://data.mendeley.com/public-files/datasets/g46dvrcvwn/files/fb82efd6-bd52-488e-be42-f4e2e619088b/file_downloaded
Dataset_02_g46dvrcvwn,Rhizome Disease Root00100.JPG,original,Rhizome_Disease_Roots,Rhizome Disease Root,NOT_PROVIDED_PER_FILE (ZIP_VERIFIED),bf4ec59bc4ad776c17d4ce19cc4c4a546810800711d31948a4b5f6d7ff88a60b,ZIP_SHA256_VERIFIED,ffcf0f030157f3fb,165851,,SUCCESS,D:\curuma\turmeric_datasets\dataset_02\original\Turmeric Plant Disease\Rhizome Disease Root\Rhizome Disease Root00100.JPG,https://data.mendeley.com/public-files/datasets/g46dvrcvwn/files/fb82efd6-bd52-488e-be42-f4e2e619088b/file_downloaded
Dataset_02_g46dvrcvwn,Rhizome Disease Root00101.JPG,original,Rhizome_Disease_Roots,Rhizome Disease Root,NOT_PROVIDED_PER_FILE (ZIP_VERIFIED),489ffac2a8391c9eeaa6fc3d0994246b3e3b8b5c5df22c929a57e4ea37dcdd53,ZIP_SHA256_VERIFIED,1f0f43232f6f4f5f,113409,,SUCCESS,D:\curuma\turmeric_datasets\dataset_02\original\Turmeric Plant Disease\Rhizome Disease Root\Rhizome Disease Root00101.JPG,https://data.mendeley.com/public-files/datasets/g46dvrcvwn/files/fb82efd6-bd52-488e-be42-f4e2e619088b/file_downloaded
Dataset_02_g46dvrcvwn,Rhizome Disease Root00102.JPG,original,Rhizome_Disease_Roots,Rhizome Disease Root,NOT_PROVIDED_PER_FILE (ZIP_VERIFIED),4c3223bd5049d20d11f79144427b1d3bc33669040361f24d632bf80f259aa0a2,ZIP_SHA256_VERIFIED,ff9f8b878f0767cf,193647,,SUCCESS,D:\curuma\turmeric_datasets\dataset_02\original\Turmeric Plant Disease\Rhizome Disease Root\Rhizome Disease Root00102.JPG,https://data.mendeley.com/public-files/datasets/g46dvrcvwn/files/fb82efd6-bd52-488e-be42-f4e2e619088b/file_downloaded
Dataset_02_g46dvrcvwn,Rhizome Disease Root00103.JPG,original,Rhizome_Disease_Roots,Rhizome Disease Root,NOT_PROVIDED_PER_FILE (ZIP_VERIFIED),ecd08b963e7a34de6ee4c9e97f5d374329008e53ecdb23fe8b0ebc76d5db1c63,ZIP_SHA256_VERIFIED,efef8fc7c3c70f1f,194071,,SUCCESS,D:\curuma\turmeric_datasets\dataset_02\original\Turmeric Plant Disease\Rhizome Disease Root\Rhizome Disease Root00103.JPG,https://data.mendeley.com/public-files/datasets/g46dvrcvwn/files/fb82efd6-bd52-488e-be42-f4e2e619088b/file_downloaded
Dataset_02_g46dvrcvwn,Rhizome Disease Root00104.JPG,original,Rhizome_Disease_Roots,Rhizome Disease Root,NOT_PROVIDED_PER_FILE (ZIP_VERIFIED),a905597c339e72f33825988e552f738b456b023b15f02a23546a7d5ccccbf7fe,ZIP_SHA256_VERIFIED,ffff8f0703c7c7c7,216731,,SUCCESS,D:\curuma\turmeric_datasets\dataset_02\original\Turmeric Plant Disease\Rhizome Disease Root\Rhizome Disease Root00104.JPG,https://data.mendeley.com/public-files/datasets/g46dvrcvwn/files/fb82efd6-bd52-488e-be42-f4e2e619088b/file_downloaded
Dataset_02_g46dvrcvwn,Rhizome Disease Root00105.JPG,original,Rhizome_Disease_Roots,Rhizome Disease Root,NOT_PROVIDED_PER_FILE (ZIP_VERIFIED),65ec63688e65b9e23e837bee3910e9137f792117a87a72b8ac399619f8ba65c7,ZIP_SHA256_VERIFIED,ffff8f070787c7d3,208809,,SUCCESS,D:\curuma\turmeric_datasets\dataset_02\original\Turmeric Plant Disease\Rhizome Disease Root\Rhizome Disease Root00105.JPG,https://data.mendeley.com/public-files/datasets/g46dvrcvwn/files/fb82efd6-bd52-488e-be42-f4e2e619088b/file_downloaded
Dataset_02_g46dvrcvwn,Rhizome Disease Root00106.JPG,original,Rhizome_Disease_Roots,Rhizome Disease Root,NOT_PROVIDED_PER_FILE (ZIP_VERIFIED),609c39bc0b9a56b920bde2aa77eca2b1a4d2b155b15a4ed010ead5dc7e8bcb35,ZIP_SHA256_VERIFIED,ffffc70703c3e3e7,219347,,SUCCESS,D:\curuma\turmeric_datasets\dataset_02\original\Turmeric Plant Disease\Rhizome Disease Root\Rhizome Disease Root00106.JPG,https://data.mendeley.com/public-files/datasets/g46dvrcvwn/files/fb82efd6-bd52-488e-be42-f4e2e619088b/file_downloaded
Dataset_02_g46dvrcvwn,Rhizome Disease Root00107.JPG,original,Rhizome_Disease_Roots,Rhizome Disease Root,NOT_PROVIDED_PER_FILE (ZIP_VERIFIED),20764c6b0d747374c65cb38dc7b917de2cb9f7b1a2646232c20a1cb9569d8bed,ZIP_SHA256_VERIFIED,ffe70383c1e3f3f3,225928,,SUCCESS,D:\curuma\turmeric_datasets\dataset_02\original\Turmeric Plant Disease\Rhizome Disease Root\Rhizome Disease Root00107.JPG,https://data.mendeley.com/public-files/datasets/g46dvrcvwn/files/fb82efd6-bd52-488e-be42-f4e2e619088b/file_downloaded
Dataset_02_g46dvrcvwn,Rhizome Disease Root00108.JPG,original,Rhizome_Disease_Roots,Rhizome Disease Root,NOT_PROVIDED_PER_FILE (ZIP_VERIFIED),fa6b8eb8029c35c84b3dd6988ff45733a0cbc5ba5532d4c88d1db7643118aa4a,ZIP_SHA256_VERIFIED,ffefc78383c7e3f3,203556,,SUCCESS,D:\curuma\turmeric_datasets\dataset_02\original\Turmeric Plant Disease\Rhizome Disease Root\Rhizome Disease Root00108.JPG,https://data.mendeley.com/public-files/datasets/g46dvrcvwn/files/fb82efd6-bd52-488e-be42-f4e2e619088b/file_downloaded
Dataset_02_g46dvrcvwn,Rhizome Disease Root00109.JPG,original,Rhizome_Disease_Roots,Rhizome Disease Root,NOT_PROVIDED_PER_FILE (ZIP_VERIFIED),f0c627b63b768afb39ae808c03bc62bcc065f94fbbbfb48b32fec6d423d28a8d,ZIP_SHA256_VERIFIED,ffff878383c3e3e3,193043,,SUCCESS,D:\curuma\turmeric_datasets\dataset_02\original\Turmeric Plant Disease\Rhizome Disease Root\Rhizome Disease Root00109.JPG,https://data.mendeley.com/public-files/datasets/g46dvrcvwn/files/fb82efd6-bd52-488e-be42-f4e2e619088b/file_downloaded
Dataset_02_g46dvrcvwn,Rhizome Disease Root00110.JPG,original,Rhizome_Disease_Roots,Rhizome Disease Root,NOT_PROVIDED_PER_FILE (ZIP_VERIFIED),1cee28cd8535b22afc4a242a6481501f1be16657f4f125c0682190e0e8cc25ed,ZIP_SHA256_VERIFIED,fffec1c7cfcfcfcf,202597,,SUCCESS,D:\curuma\turmeric_datasets\dataset_02\original\Turmeric Plant Disease\Rhizome Disease Root\Rhizome Disease Root00110.JPG,https://data.mendeley.com/public-files/datasets/g46dvrcvwn/files/fb82efd6-bd52-488e-be42-f4e2e619088b/file_downloaded
Dataset_02_g46dvrcvwn,Rhizome Disease Root00111.JPG,original,Rhizome_Disease_Roots,Rhizome Disease Root,NOT_PROVIDED_PER_FILE (ZIP_VERIFIED),8286c3fba24b7d772d02c3f1c2e1e71bd4ede21daed0e5300e8cb528fe83fda1,ZIP_SHA256_VERIFIED,ffff1f0f67f7f3fb,140566,,SUCCESS,D:\curuma\turmeric_datasets\dataset_02\original\Turmeric Plant Disease\Rhizome Disease Root\Rhizome Disease Root00111.JPG,https://data.mendeley.com/public-files/datasets/g46dvrcvwn/files/fb82efd6-bd52-488e-be42-f4e2e619088b/file_downloaded
Dataset_02_g46dvrcvwn,Rhizome Disease Root00112.JPG,original,Rhizome_Disease_Roots,Rhizome Disease Root,NOT_PROVIDED_PER_FILE (ZIP_VERIFIED),91ae7035e064a6406120fc0ecaa788edd1c48a2b5f20f0c2337b08707f3fbe0f,ZIP_SHA256_VERIFIED,ffffff8f8703f9f9,91360,,SUCCESS,D:\curuma\turmeric_datasets\dataset_02\original\Turmeric Plant Disease\Rhizome Disease Root\Rhizome Disease Root00112.JPG,https://data.mendeley.com/public-files/datasets/g46dvrcvwn/files/fb82efd6-bd52-488e-be42-f4e2e619088b/file_downloaded
Dataset_02_g46dvrcvwn,Rhizome Disease Root00113.JPG,original,Rhizome_Disease_Roots,Rhizome Disease Root,NOT_PROVIDED_PER_FILE (ZIP_VERIFIED),3427a84e1675900fee7c738bc713498a60cf54d83fbb13e596f5fa2499f5ecda,ZIP_SHA256_VERIFIED,dfcf8381c3c3c7cf,223498,,SUCCESS,D:\curuma\turmeric_datasets\dataset_02\original\Turmeric Plant Disease\Rhizome Disease Root\Rhizome Disease Root00113.JPG,https://data.mendeley.com/public-files/datasets/g46dvrcvwn/files/fb82efd6-bd52-488e-be42-f4e2e619088b/file_downloaded
Dataset_02_g46dvrcvwn,Rhizome Disease Root00114.JPG,original,Rhizome_Disease_Roots,Rhizome Disease Root,NOT_PROVIDED_PER_FILE (ZIP_VERIFIED),3a652734257559efc017044a527d4be6683a935a05e18c03b9115f80560df8be,ZIP_SHA256_VERIFIED,ffff838381c1dfff,221623,,SUCCESS,D:\curuma\turmeric_datasets\dataset_02\original\Turmeric Plant Disease\Rhizome Disease Root\Rhizome Disease Root00114.JPG,https://data.mendeley.com/public-files/datasets/g46dvrcvwn/files/fb82efd6-bd52-488e-be42-f4e2e619088b/file_downloaded
Dataset_02_g46dvrcvwn,Rhizome Disease Root00115.JPG,original,Rhizome_Disease_Roots,Rhizome Disease Root,NOT_PROVIDED_PER_FILE (ZIP_VERIFIED),c613683877dd77f4c76d8f96aa3723d9426cbb285be1c34dfd6a9b8514dd476b,ZIP_SHA256_VERIFIED,df87c3e3e7e7e7cf,163192,,SUCCESS,D:\curuma\turmeric_datasets\dataset_02\original\Turmeric Plant Disease\Rhizome Disease Root\Rhizome Disease Root00115.JPG,https://data.mendeley.com/public-files/datasets/g46dvrcvwn/files/fb82efd6-bd52-488e-be42-f4e2e619088b/file_downloaded
Dataset_02_g46dvrcvwn,Rhizome Disease Root00116.JPG,original,Rhizome_Disease_Roots,Rhizome Disease Root,NOT_PROVIDED_PER_FILE (ZIP_VERIFIED),24caf727522f249ad735d0e2c877dcbea6255ede72e256f6bf802dd3439fab82,ZIP_SHA256_VERIFIED,c7c3c3c3d33f7f7f,204914,,SUCCESS,D:\curuma\turmeric_datasets\dataset_02\original\Turmeric Plant Disease\Rhizome Disease Root\Rhizome Disease Root00116.JPG,https://data.mendeley.com/public-files/datasets/g46dvrcvwn/files/fb82efd6-bd52-488e-be42-f4e2e619088b/file_downloaded
Dataset_02_g46dvrcvwn,Rhizome Disease Root00117.JPG,original,Rhizome_Disease_Roots,Rhizome Disease Root,NOT_PROVIDED_PER_FILE (ZIP_VERIFIED),705692d35d456fa6d9fd7b739f9c43a71e0749541ea9a22d4cd6b2467a9bcc85,ZIP_SHA256_VERIFIED,ffefcf0f0387c7c7,197782,,SUCCESS,D:\curuma\turmeric_datasets\dataset_02\original\Turmeric Plant Disease\Rhizome Disease Root\Rhizome Disease Root00117.JPG,https://data.mendeley.com/public-files/datasets/g46dvrcvwn/files/fb82efd6-bd52-488e-be42-f4e2e619088b/file_downloaded
Dataset_02_g46dvrcvwn,Rhizome Disease Root00118.JPG,original,Rhizome_Disease_Roots,Rhizome Disease Root,NOT_PROVIDED_PER_FILE (ZIP_VERIFIED),54c26ee8c088371c3632ce7e33e798f3843b556c056ccff722d833713a8773ab,ZIP_SHA256_VERIFIED,ffbfc38787c7871f,214884,,SUCCESS,D:\curuma\turmeric_datasets\dataset_02\original\Turmeric Plant Disease\Rhizome Disease Root\Rhizome Disease Root00118.JPG,https://data.mendeley.com/public-files/datasets/g46dvrcvwn/files/fb82efd6-bd52-488e-be42-f4e2e619088b/file_downloaded
Dataset_02_g46dvrcvwn,Rhizome Disease Root00119.JPG,original,Rhizome_Disease_Roots,Rhizome Disease Root,NOT_PROVIDED_PER_FILE (ZIP_VERIFIED),3860ca121dc7be8a9b92246d9524d17e1638a64bf917d306d2677a941a170454,ZIP_SHA256_VERIFIED,fffff785038383ff,245931,,SUCCESS,D:\curuma\turmeric_datasets\dataset_02\original\Turmeric Plant Disease\Rhizome Disease Root\Rhizome Disease Root00119.JPG,https://data.mendeley.com/public-files/datasets/g46dvrcvwn/files/fb82efd6-bd52-488e-be42-f4e2e619088b/file_downloaded
Dataset_02_g46dvrcvwn,Rhizome Disease Root00120.JPG,original,Rhizome_Disease_Roots,Rhizome Disease Root,NOT_PROVIDED_PER_FILE (ZIP_VERIFIED),62a89d572184fb4c21cd46f8fde6d048a5f4a3d329a0a231f4d888734185c714,ZIP_SHA256_VERIFIED,ffffff0b030763b9,213443,,SUCCESS,D:\curuma\turmeric_datasets\dataset_02\original\Turmeric Plant Disease\Rhizome Disease Root\Rhizome Disease Root00120.JPG,https://data.mendeley.com/public-files/datasets/g46dvrcvwn/files/fb82efd6-bd52-488e-be42-f4e2e619088b/file_downloaded
Dataset_02_g46dvrcvwn,Rhizome Disease Root00121.JPG,original,Rhizome_Disease_Roots,Rhizome Disease Root,NOT_PROVIDED_PER_FILE (ZIP_VERIFIED),e0eec029d2d82d87737eafe480837845ef0b4731986b0813f567a2a12c3e6259,ZIP_SHA256_VERIFIED,ffff7f3f9fc3c083,163531,,SUCCESS,D:\curuma\turmeric_datasets\dataset_02\original\Turmeric Plant Disease\Rhizome Disease Root\Rhizome Disease Root00121.JPG,https://data.mendeley.com/public-files/datasets/g46dvrcvwn/files/fb82efd6-bd52-488e-be42-f4e2e619088b/file_downloaded
Dataset_02_g46dvrcvwn,Rhizome Disease Root00122.JPG,original,Rhizome_Disease_Roots,Rhizome Disease Root,NOT_PROVIDED_PER_FILE (ZIP_VERIFIED),ee9ac8de7a3d02ea275700cbbd3b3a68a3ec4f5cb8d9bdd44a484d2076307258,ZIP_SHA256_VERIFIED,fff3870383873f7f,221946,,SUCCESS,D:\curuma\turmeric_datasets\dataset_02\original\Turmeric Plant Disease\Rhizome Disease Root\Rhizome Disease Root00122.JPG,https://data.mendeley.com/public-files/datasets/g46dvrcvwn/files/fb82efd6-bd52-488e-be42-f4e2e619088b/file_downloaded
Dataset_02_g46dvrcvwn,Rhizome Disease Root00123.JPG,original,Rhizome_Disease_Roots,Rhizome Disease Root,NOT_PROVIDED_PER_FILE (ZIP_VERIFIED),2e0b2d60d7aece830ddbed138950eaf246f11e56d376a074a3dae849eadce3af,ZIP_SHA256_VERIFIED,f8ffe7c78387873f,185114,,SUCCESS,D:\curuma\turmeric_datasets\dataset_02\original\Turmeric Plant Disease\Rhizome Disease Root\Rhizome Disease Root00123.JPG,https://data.mendeley.com/public-files/datasets/g46dvrcvwn/files/fb82efd6-bd52-488e-be42-f4e2e619088b/file_downloaded
Dataset_02_g46dvrcvwn,Rhizome Disease Root00124.JPG,original,Rhizome_Disease_Roots,Rhizome Disease Root,NOT_PROVIDED_PER_FILE (ZIP_VERIFIED),02db4dd20d588a78405b509c0e0be59cc818d3ca3ba8ca23a77ebab2b8ee4e92,ZIP_SHA256_VERIFIED,fbc78383c79f1f1f,217158,,SUCCESS,D:\curuma\turmeric_datasets\dataset_02\original\Turmeric Plant Disease\Rhizome Disease Root\Rhizome Disease Root00124.JPG,https://data.mendeley.com/public-files/datasets/g46dvrcvwn/files/fb82efd6-bd52-488e-be42-f4e2e619088b/file_downloaded
Dataset_02_g46dvrcvwn,Rhizome Disease Root00125.JPG,original,Rhizome_Disease_Roots,Rhizome Disease Root,NOT_PROVIDED_PER_FILE (ZIP_VERIFIED),feef24180fa3e83997a147b4b2034014a4feb813cb5f9f97ce50d9e6de6d09db,ZIP_SHA256_VERIFIED,ff9f07878747e7e7,185245,,SUCCESS,D:\curuma\turmeric_datasets\dataset_02\original\Turmeric Plant Disease\Rhizome Disease Root\Rhizome Disease Root00125.JPG,https://data.mendeley.com/public-files/datasets/g46dvrcvwn/files/fb82efd6-bd52-488e-be42-f4e2e619088b/file_downloaded
Dataset_02_g46dvrcvwn,Rhizome Disease Root00126.JPG,original,Rhizome_Disease_Roots,Rhizome Disease Root,NOT_PROVIDED_PER_FILE (ZIP_VERIFIED),364784289902f54426c9423e58aab7296f3a467f7d5b6dfa25e56ad329f83ea0,ZIP_SHA256_VERIFIED,f7338783c7cf9f3f,183160,,SUCCESS,D:\curuma\turmeric_datasets\dataset_02\original\Turmeric Plant Disease\Rhizome Disease Root\Rhizome Disease Root00126.JPG,https://data.mendeley.com/public-files/datasets/g46dvrcvwn/files/fb82efd6-bd52-488e-be42-f4e2e619088b/file_downloaded
Dataset_02_g46dvrcvwn,Rhizome Disease Root00127.JPG,original,Rhizome_Disease_Roots,Rhizome Disease Root,NOT_PROVIDED_PER_FILE (ZIP_VERIFIED),182d7dcef15e6a9f20c05e1ad8c256386c10e37f303ad90733e99d161314b7c4,ZIP_SHA256_VERIFIED,ffff37a78387c7c7,163326,,SUCCESS,D:\curuma\turmeric_datasets\dataset_02\original\Turmeric Plant Disease\Rhizome Disease Root\Rhizome Disease Root00127.JPG,https://data.mendeley.com/public-files/datasets/g46dvrcvwn/files/fb82efd6-bd52-488e-be42-f4e2e619088b/file_downloaded
Dataset_02_g46dvrcvwn,Rhizome Disease Root00128.JPG,original,Rhizome_Disease_Roots,Rhizome Disease Root,NOT_PROVIDED_PER_FILE (ZIP_VERIFIED),68d483181a90dbd0b825ad82c4ba563f3403d1e784bf5b19ba34d81299b924e5,ZIP_SHA256_VERIFIED,cfef6f8787c7cfef,142567,,SUCCESS,D:\curuma\turmeric_datasets\dataset_02\original\Turmeric Plant Disease\Rhizome Disease Root\Rhizome Disease Root00128.JPG,https://data.mendeley.com/public-files/datasets/g46dvrcvwn/files/fb82efd6-bd52-488e-be42-f4e2e619088b/file_downloaded
Dataset_02_g46dvrcvwn,Rhizome Disease Root00129.JPG,original,Rhizome_Disease_Roots,Rhizome Disease Root,NOT_PROVIDED_PER_FILE (ZIP_VERIFIED),3f983b766b4f7d09d0d91b1bcc55ae6d0524e80fc5e537c4bb594e7ad94901f0,ZIP_SHA256_VERIFIED,bb87c783e3efc79f,171084,,SUCCESS,D:\curuma\turmeric_datasets\dataset_02\original\Turmeric Plant Disease\Rhizome Disease Root\Rhizome Disease Root00129.JPG,https://data.mendeley.com/public-files/datasets/g46dvrcvwn/files/fb82efd6-bd52-488e-be42-f4e2e619088b/file_downloaded
Dataset_02_g46dvrcvwn,Rhizome Disease Root00130.JPG,original,Rhizome_Disease_Roots,Rhizome Disease Root,NOT_PROVIDED_PER_FILE (ZIP_VERIFIED),082ef3e5b46b00b5cacfa127053cddf9bcc948a8c88298a1c61b4aff53d4ac4c,ZIP_SHA256_VERIFIED,d7c7a3e3efc79f3f,188714,,SUCCESS,D:\curuma\turmeric_datasets\dataset_02\original\Turmeric Plant Disease\Rhizome Disease Root\Rhizome Disease Root00130.JPG,https://data.mendeley.com/public-files/datasets/g46dvrcvwn/files/fb82efd6-bd52-488e-be42-f4e2e619088b/file_downloaded
Dataset_02_g46dvrcvwn,Rhizome Disease Root00131.JPG,original,Rhizome_Disease_Roots,Rhizome Disease Root,NOT_PROVIDED_PER_FILE (ZIP_VERIFIED),6e32c152989ee43928aa519cf2e9cd53c26cebdde1d640de22add2279f0f224c,ZIP_SHA256_VERIFIED,ffff0f8f9fcfcf87,153192,,SUCCESS,D:\curuma\turmeric_datasets\dataset_02\original\Turmeric Plant Disease\Rhizome Disease Root\Rhizome Disease Root00131.JPG,https://data.mendeley.com/public-files/datasets/g46dvrcvwn/files/fb82efd6-bd52-488e-be42-f4e2e619088b/file_downloaded
Dataset_02_g46dvrcvwn,Rhizome Disease Root00132.JPG,original,Rhizome_Disease_Roots,Rhizome Disease Root,NOT_PROVIDED_PER_FILE (ZIP_VERIFIED),535d14cf9e634ac77ae08271fd8ae60c12d9de8af1acf19a4a36b766d009a08b,ZIP_SHA256_VERIFIED,ffffffe7c787c3c7,166223,,SUCCESS,D:\curuma\turmeric_datasets\dataset_02\original\Turmeric Plant Disease\Rhizome Disease Root\Rhizome Disease Root00132.JPG,https://data.mendeley.com/public-files/datasets/g46dvrcvwn/files/fb82efd6-bd52-488e-be42-f4e2e619088b/file_downloaded
Dataset_02_g46dvrcvwn,Rhizome Disease Root00133.JPG,original,Rhizome_Disease_Roots,Rhizome Disease Root,NOT_PROVIDED_PER_FILE (ZIP_VERIFIED),a68a0d824a9e2a7c84d9a864e109acca63e92c66ac5b0010c740245036c070f7,ZIP_SHA256_VERIFIED,ffff0f8f9fcfcfe7,157152,,SUCCESS,D:\curuma\turmeric_datasets\dataset_02\original\Turmeric Plant Disease\Rhizome Disease Root\Rhizome Disease Root00133.JPG,https://data.mendeley.com/public-files/datasets/g46dvrcvwn/files/fb82efd6-bd52-488e-be42-f4e2e619088b/file_downloaded
Dataset_02_g46dvrcvwn,Rhizome Disease Root00134.JPG,original,Rhizome_Disease_Roots,Rhizome Disease Root,NOT_PROVIDED_PER_FILE (ZIP_VERIFIED),c44af06885f15d8c205e04d2d20c137185c55d0f7ef3535d7ffa5178c5a9a9ff,ZIP_SHA256_VERIFIED,fffb7ba38787e7c3,163960,,SUCCESS,D:\curuma\turmeric_datasets\dataset_02\original\Turmeric Plant Disease\Rhizome Disease Root\Rhizome Disease Root00134.JPG,https://data.mendeley.com/public-files/datasets/g46dvrcvwn/files/fb82efd6-bd52-488e-be42-f4e2e619088b/file_downloaded
Dataset_02_g46dvrcvwn,Rhizome Disease Root00135.JPG,original,Rhizome_Disease_Roots,Rhizome Disease Root,NOT_PROVIDED_PER_FILE (ZIP_VERIFIED),8e91e44e52bc868ee19f622f2ce3184f57305d6db34af7bc650a337cb30b0fde,ZIP_SHA256_VERIFIED,ffff9f03c3c7e7e3,151878,,SUCCESS,D:\curuma\turmeric_datasets\dataset_02\original\Turmeric Plant Disease\Rhizome Disease Root\Rhizome Disease Root00135.JPG,https://data.mendeley.com/public-files/datasets/g46dvrcvwn/files/fb82efd6-bd52-488e-be42-f4e2e619088b/file_downloaded
Dataset_02_g46dvrcvwn,Rhizome Disease Root00136.JPG,original,Rhizome_Disease_Roots,Rhizome Disease Root,NOT_PROVIDED_PER_FILE (ZIP_VERIFIED),5a74aaf14e775c867150fcd149e06e63f434ec3a75ea3dc7eae89f92537adc6a,ZIP_SHA256_VERIFIED,ffff0707830d4f1f,204307,,SUCCESS,D:\curuma\turmeric_datasets\dataset_02\original\Turmeric Plant Disease\Rhizome Disease Root\Rhizome Disease Root00136.JPG,https://data.mendeley.com/public-files/datasets/g46dvrcvwn/files/fb82efd6-bd52-488e-be42-f4e2e619088b/file_downloaded
Dataset_02_g46dvrcvwn,Rhizome Disease Root00137.JPG,original,Rhizome_Disease_Roots,Rhizome Disease Root,NOT_PROVIDED_PER_FILE (ZIP_VERIFIED),f46a8409888012bb00b3dd7b6e8073d47d7a4083d0144e779f6686560861cbe9,ZIP_SHA256_VERIFIED,fffff00607c7c3cf,149552,,SUCCESS,D:\curuma\turmeric_datasets\dataset_02\original\Turmeric Plant Disease\Rhizome Disease Root\Rhizome Disease Root00137.JPG,https://data.mendeley.com/public-files/datasets/g46dvrcvwn/files/fb82efd6-bd52-488e-be42-f4e2e619088b/file_downloaded
Dataset_02_g46dvrcvwn,Rhizome Disease Root00138.JPG,original,Rhizome_Disease_Roots,Rhizome Disease Root,NOT_PROVIDED_PER_FILE (ZIP_VERIFIED),5ae89b52633c908e1a422f21c3d3e34414d2f728f18520dfebe76c164d7fc1b8,ZIP_SHA256_VERIFIED,bfbfaf8f870787cf,173364,,SUCCESS,D:\curuma\turmeric_datasets\dataset_02\original\Turmeric Plant Disease\Rhizome Disease Root\Rhizome Disease Root00138.JPG,https://data.mendeley.com/public-files/datasets/g46dvrcvwn/files/fb82efd6-bd52-488e-be42-f4e2e619088b/file_downloaded
Dataset_02_g46dvrcvwn,Rhizome Disease Root00139.JPG,original,Rhizome_Disease_Roots,Rhizome Disease Root,NOT_PROVIDED_PER_FILE (ZIP_VERIFIED),e42566b342838110abfd92c526f9d226150b948f68c8471f6960df823950e172,ZIP_SHA256_VERIFIED,ffbfcf8f8707096f,140181,,SUCCESS,D:\curuma\turmeric_datasets\dataset_02\original\Turmeric Plant Disease\Rhizome Disease Root\Rhizome Disease Root00139.JPG,https://data.mendeley.com/public-files/datasets/g46dvrcvwn/files/fb82efd6-bd52-488e-be42-f4e2e619088b/file_downloaded
Dataset_02_g46dvrcvwn,Rhizome Disease Root00140.JPG,original,Rhizome_Disease_Roots,Rhizome Disease Root,NOT_PROVIDED_PER_FILE (ZIP_VERIFIED),8f026f0f7b44d1c06949783ab34b77971b8861a861e6b98756043a34f94de0dd,ZIP_SHA256_VERIFIED,ff43c3e3e7e3e7e7,215623,,SUCCESS,D:\curuma\turmeric_datasets\dataset_02\original\Turmeric Plant Disease\Rhizome Disease Root\Rhizome Disease Root00140.JPG,https://data.mendeley.com/public-files/datasets/g46dvrcvwn/files/fb82efd6-bd52-488e-be42-f4e2e619088b/file_downloaded
Dataset_02_g46dvrcvwn,Rhizome Disease Root00141.JPG,original,Rhizome_Disease_Roots,Rhizome Disease Root,NOT_PROVIDED_PER_FILE (ZIP_VERIFIED),172c8a02dcd5c3c3b5d2aaa46e93f2a52686b0e4ec8e3d834fe379cce682d6ed,ZIP_SHA256_VERIFIED,fffbe3f1a181d307,216310,,SUCCESS,D:\curuma\turmeric_datasets\dataset_02\original\Turmeric Plant Disease\Rhizome Disease Root\Rhizome Disease Root00141.JPG,https://data.mendeley.com/public-files/datasets/g46dvrcvwn/files/fb82efd6-bd52-488e-be42-f4e2e619088b/file_downloaded
Dataset_02_g46dvrcvwn,Rhizome Disease Root00142.JPG,original,Rhizome_Disease_Roots,Rhizome Disease Root,NOT_PROVIDED_PER_FILE (ZIP_VERIFIED),023c744af8d4d739f8c54334ab3150d02fad1c29fb8ddd8db5fcb87a4ce7a6b7,ZIP_SHA256_VERIFIED,ffffc78323a3e767,156689,,SUCCESS,D:\curuma\turmeric_datasets\dataset_02\original\Turmeric Plant Disease\Rhizome Disease Root\Rhizome Disease Root00142.JPG,https://data.mendeley.com/public-files/datasets/g46dvrcvwn/files/fb82efd6-bd52-488e-be42-f4e2e619088b/file_downloaded
Dataset_02_g46dvrcvwn,Rhizome Disease Root00143.JPG,original,Rhizome_Disease_Roots,Rhizome Disease Root,NOT_PROVIDED_PER_FILE (ZIP_VERIFIED),058c23e1ad971dd3bf8dc29c856209fdcbde9dd3ff2d52e9996d15f5fbd759c4,ZIP_SHA256_VERIFIED,ffff9f8747c38f1f,171527,,SUCCESS,D:\curuma\turmeric_datasets\dataset_02\original\Turmeric Plant Disease\Rhizome Disease Root\Rhizome Disease Root00143.JPG,https://data.mendeley.com/public-files/datasets/g46dvrcvwn/files/fb82efd6-bd52-488e-be42-f4e2e619088b/file_downloaded
Dataset_02_g46dvrcvwn,Rhizome Disease Root00144.JPG,original,Rhizome_Disease_Roots,Rhizome Disease Root,NOT_PROVIDED_PER_FILE (ZIP_VERIFIED),29078690a79884762fbf0a346e182fd07c38daedcfc0ed6bfb901a931228173c,ZIP_SHA256_VERIFIED,ffffff9f83810367,169723,,SUCCESS,D:\curuma\turmeric_datasets\dataset_02\original\Turmeric Plant Disease\Rhizome Disease Root\Rhizome Disease Root00144.JPG,https://data.mendeley.com/public-files/datasets/g46dvrcvwn/files/fb82efd6-bd52-488e-be42-f4e2e619088b/file_downloaded
Dataset_02_g46dvrcvwn,Rhizome Disease Root00145.JPG,original,Rhizome_Disease_Roots,Rhizome Disease Root,NOT_PROVIDED_PER_FILE (ZIP_VERIFIED),bc1069206fe051635fd1268990b66bfe549dab1bc154284bb6b215d2c00db00d,ZIP_SHA256_VERIFIED,ffff81e1c1833327,158886,,SUCCESS,D:\curuma\turmeric_datasets\dataset_02\original\Turmeric Plant Disease\Rhizome Disease Root\Rhizome Disease Root00145.JPG,https://data.mendeley.com/public-files/datasets/g46dvrcvwn/files/fb82efd6-bd52-488e-be42-f4e2e619088b/file_downloaded
Dataset_02_g46dvrcvwn,Rhizome Disease Root00146.JPG,original,Rhizome_Disease_Roots,Rhizome Disease Root,NOT_PROVIDED_PER_FILE (ZIP_VERIFIED),7ef2ec8112588a017f7eaa5c17a1125e3e483c6f1c35d337988baca3385813d4,ZIP_SHA256_VERIFIED,ffff3f078747c3c7,191375,,SUCCESS,D:\curuma\turmeric_datasets\dataset_02\original\Turmeric Plant Disease\Rhizome Disease Root\Rhizome Disease Root00146.JPG,https://data.mendeley.com/public-files/datasets/g46dvrcvwn/files/fb82efd6-bd52-488e-be42-f4e2e619088b/file_downloaded
Dataset_02_g46dvrcvwn,Rhizome Disease Root00147.JPG,original,Rhizome_Disease_Roots,Rhizome Disease Root,NOT_PROVIDED_PER_FILE (ZIP_VERIFIED),255b533e8ec908f396623d42c43ac132d4c056e0d05e4554fbb4b0b951fc1b40,ZIP_SHA256_VERIFIED,ffbf1f0f878707ff,156881,,SUCCESS,D:\curuma\turmeric_datasets\dataset_02\original\Turmeric Plant Disease\Rhizome Disease Root\Rhizome Disease Root00147.JPG,https://data.mendeley.com/public-files/datasets/g46dvrcvwn/files/fb82efd6-bd52-488e-be42-f4e2e619088b/file_downloaded
Dataset_02_g46dvrcvwn,Rhizome Disease Root00148.JPG,original,Rhizome_Disease_Roots,Rhizome Disease Root,NOT_PROVIDED_PER_FILE (ZIP_VERIFIED),c21a030213d4c48209fec0f45cfa2fab828c9eaaaaedacc2daf96056195a084e,ZIP_SHA256_VERIFIED,ffff8fc7c3c38307,193211,,SUCCESS,D:\curuma\turmeric_datasets\dataset_02\original\Turmeric Plant Disease\Rhizome Disease Root\Rhizome Disease Root00148.JPG,https://data.mendeley.com/public-files/datasets/g46dvrcvwn/files/fb82efd6-bd52-488e-be42-f4e2e619088b/file_downloaded
Dataset_02_g46dvrcvwn,Rhizome Disease Root00149.JPG,original,Rhizome_Disease_Roots,Rhizome Disease Root,NOT_PROVIDED_PER_FILE (ZIP_VERIFIED),7c7ca0ab9ff0ea3445762801d898537e8f193cd9818292b59fff3861e6a1a760,ZIP_SHA256_VERIFIED,ffffff0f0783890f,177842,,SUCCESS,D:\curuma\turmeric_datasets\dataset_02\original\Turmeric Plant Disease\Rhizome Disease Root\Rhizome Disease Root00149.JPG,https://data.mendeley.com/public-files/datasets/g46dvrcvwn/files/fb82efd6-bd52-488e-be42-f4e2e619088b/file_downloaded
Dataset_02_g46dvrcvwn,Rhizome Disease Root00150.JPG,original,Rhizome_Disease_Roots,Rhizome Disease Root,NOT_PROVIDED_PER_FILE (ZIP_VERIFIED),9bbd6a95c8615ae5f94fecb1bb4fbc0bfb869b091c5f2ffbf28453b4c811b9c6,ZIP_SHA256_VERIFIED,bfdfcfc74040136f,207526,,SUCCESS,D:\curuma\turmeric_datasets\dataset_02\original\Turmeric Plant Disease\Rhizome Disease Root\Rhizome Disease Root00150.JPG,https://data.mendeley.com/public-files/datasets/g46dvrcvwn/files/fb82efd6-bd52-488e-be42-f4e2e619088b/file_downloaded
Dataset_02_g46dvrcvwn,Rhizome Disease Root00151.JPG,original,Rhizome_Disease_Roots,Rhizome Disease Root,NOT_PROVIDED_PER_FILE (ZIP_VERIFIED),c515d596ac307a27853ec7c1aef0c2b7463e7f5e3730744bf699767807755504,ZIP_SHA256_VERIFIED,7f3f3f8d818777ff,163296,,SUCCESS,D:\curuma\turmeric_datasets\dataset_02\original\Turmeric Plant Disease\Rhizome Disease Root\Rhizome Disease Root00151.JPG,https://data.mendeley.com/public-files/datasets/g46dvrcvwn/files/fb82efd6-bd52-488e-be42-f4e2e619088b/file_downloaded
Dataset_02_g46dvrcvwn,Rhizome Disease Root00152.JPG,original,Rhizome_Disease_Roots,Rhizome Disease Root,NOT_PROVIDED_PER_FILE (ZIP_VERIFIED),e912e9041f469f89c174c8824369f9b465f33d9e2bb51ed20509bd0967be70d3,ZIP_SHA256_VERIFIED,6767e76707c3e3ee,153851,,SUCCESS,D:\curuma\turmeric_datasets\dataset_02\original\Turmeric Plant Disease\Rhizome Disease Root\Rhizome Disease Root00152.JPG,https://data.mendeley.com/public-files/datasets/g46dvrcvwn/files/fb82efd6-bd52-488e-be42-f4e2e619088b/file_downloaded
Dataset_02_g46dvrcvwn,Rhizome Disease Root00153.JPG,original,Rhizome_Disease_Roots,Rhizome Disease Root,NOT_PROVIDED_PER_FILE (ZIP_VERIFIED),fc3863df1cc29ac06bc38cc4058e724a822518dcb5120d8eaed1087df3f416f4,ZIP_SHA256_VERIFIED,f7676f0787c7c0ff,152260,,SUCCESS,D:\curuma\turmeric_datasets\dataset_02\original\Turmeric Plant Disease\Rhizome Disease Root\Rhizome Disease Root00153.JPG,https://data.mendeley.com/public-files/datasets/g46dvrcvwn/files/fb82efd6-bd52-488e-be42-f4e2e619088b/file_downloaded
Dataset_02_g46dvrcvwn,Rhizome Disease Root00154.JPG,original,Rhizome_Disease_Roots,Rhizome Disease Root,NOT_PROVIDED_PER_FILE (ZIP_VERIFIED),ecbe760f2784bef26e7a214e1e54ce2d1521947f60d502222806b475a1b120ab,ZIP_SHA256_VERIFIED,ffffcf872363c397,230140,,SUCCESS,D:\curuma\turmeric_datasets\dataset_02\original\Turmeric Plant Disease\Rhizome Disease Root\Rhizome Disease Root00154.JPG,https://data.mendeley.com/public-files/datasets/g46dvrcvwn/files/fb82efd6-bd52-488e-be42-f4e2e619088b/file_downloaded
Dataset_02_g46dvrcvwn,Rhizome Disease Root00155.JPG,original,Rhizome_Disease_Roots,Rhizome Disease Root,NOT_PROVIDED_PER_FILE (ZIP_VERIFIED),a5e9e161baec6b231bd05d055d268d00158cdd632fbd68b6c9d649b5b59cddf2,ZIP_SHA256_VERIFIED,ffdfc7e04393bb3f,199011,,SUCCESS,D:\curuma\turmeric_datasets\dataset_02\original\Turmeric Plant Disease\Rhizome Disease Root\Rhizome Disease Root00155.JPG,https://data.mendeley.com/public-files/datasets/g46dvrcvwn/files/fb82efd6-bd52-488e-be42-f4e2e619088b/file_downloaded
Dataset_02_g46dvrcvwn,Rhizome Disease Root00156.JPG,original,Rhizome_Disease_Roots,Rhizome Disease Root,NOT_PROVIDED_PER_FILE (ZIP_VERIFIED),74dd34f67eda302dad349b8f862f8e61b4d47f462574402bc9b266d43335b307,ZIP_SHA256_VERIFIED,bfbfffc70101e3f7,142923,,SUCCESS,D:\curuma\turmeric_datasets\dataset_02\original\Turmeric Plant Disease\Rhizome Disease Root\Rhizome Disease Root00156.JPG,https://data.mendeley.com/public-files/datasets/g46dvrcvwn/files/fb82efd6-bd52-488e-be42-f4e2e619088b/file_downloaded
Dataset_02_g46dvrcvwn,Rhizome Disease Root00157.JPG,original,Rhizome_Disease_Roots,Rhizome Disease Root,NOT_PROVIDED_PER_FILE (ZIP_VERIFIED),3ff82daca0ff5e9cb3d75ac6baac029918ef416f0882e631f6c1b402b82c6aee,ZIP_SHA256_VERIFIED,ffff3f1f0361f3ef,145149,,SUCCESS,D:\curuma\turmeric_datasets\dataset_02\original\Turmeric Plant Disease\Rhizome Disease Root\Rhizome Disease Root00157.JPG,https://data.mendeley.com/public-files/datasets/g46dvrcvwn/files/fb82efd6-bd52-488e-be42-f4e2e619088b/file_downloaded
Dataset_02_g46dvrcvwn,Rhizome Disease Root00158.JPG,original,Rhizome_Disease_Roots,Rhizome Disease Root,NOT_PROVIDED_PER_FILE (ZIP_VERIFIED),e5645fd84abf9d12fe40b4fb23a57043157d392c7f898a897ef13346a00b6a51,ZIP_SHA256_VERIFIED,ffffdfe7e3c18113,152379,,SUCCESS,D:\curuma\turmeric_datasets\dataset_02\original\Turmeric Plant Disease\Rhizome Disease Root\Rhizome Disease Root00158.JPG,https://data.mendeley.com/public-files/datasets/g46dvrcvwn/files/fb82efd6-bd52-488e-be42-f4e2e619088b/file_downloaded
Dataset_02_g46dvrcvwn,Rhizome Disease Root00159.JPG,original,Rhizome_Disease_Roots,Rhizome Disease Root,NOT_PROVIDED_PER_FILE (ZIP_VERIFIED),d33e15bf13fc4cca41fae1c2150be0908d04aed99552f5d4791a4eadda0f8cdc,ZIP_SHA256_VERIFIED,ffffcf870707270f,175327,,SUCCESS,D:\curuma\turmeric_datasets\dataset_02\original\Turmeric Plant Disease\Rhizome Disease Root\Rhizome Disease Root00159.JPG,https://data.mendeley.com/public-files/datasets/g46dvrcvwn/files/fb82efd6-bd52-488e-be42-f4e2e619088b/file_downloaded
Dataset_02_g46dvrcvwn,Rhizome Disease Root00160.JPG,original,Rhizome_Disease_Roots,Rhizome Disease Root,NOT_PROVIDED_PER_FILE (ZIP_VERIFIED),74fc332372d1f4fcb8991e67a93ec62dfb8ef97619869317681c032ffb5e9527,ZIP_SHA256_VERIFIED,ffffff8f0301070f,164903,,SUCCESS,D:\curuma\turmeric_datasets\dataset_02\original\Turmeric Plant Disease\Rhizome Disease Root\Rhizome Disease Root00160.JPG,https://data.mendeley.com/public-files/datasets/g46dvrcvwn/files/fb82efd6-bd52-488e-be42-f4e2e619088b/file_downloaded
Dataset_02_g46dvrcvwn,Rhizome Disease Root00161.JPG,original,Rhizome_Disease_Roots,Rhizome Disease Root,NOT_PROVIDED_PER_FILE (ZIP_VERIFIED),65b2a5afdd2e48d6692a4f05074beef486bcf26a8c7a950c82d4263ec4a4d894,ZIP_SHA256_VERIFIED,fffff78f83030107,176809,,SUCCESS,D:\curuma\turmeric_datasets\dataset_02\original\Turmeric Plant Disease\Rhizome Disease Root\Rhizome Disease Root00161.JPG,https://data.mendeley.com/public-files/datasets/g46dvrcvwn/files/fb82efd6-bd52-488e-be42-f4e2e619088b/file_downloaded
Dataset_02_g46dvrcvwn,Rhizome Disease Root00162.JPG,original,Rhizome_Disease_Roots,Rhizome Disease Root,NOT_PROVIDED_PER_FILE (ZIP_VERIFIED),1cb65f5917b26e1e4aaafc22d7b64dfa97f92bc979630bcdfc2274dd9427c753,ZIP_SHA256_VERIFIED,ffffff0303030f0f,149536,,SUCCESS,D:\curuma\turmeric_datasets\dataset_02\original\Turmeric Plant Disease\Rhizome Disease Root\Rhizome Disease Root00162.JPG,https://data.mendeley.com/public-files/datasets/g46dvrcvwn/files/fb82efd6-bd52-488e-be42-f4e2e619088b/file_downloaded
Dataset_02_g46dvrcvwn,Rhizome Disease Root00163.JPG,original,Rhizome_Disease_Roots,Rhizome Disease Root,NOT_PROVIDED_PER_FILE (ZIP_VERIFIED),da314802347b01667ba6cc840ba2ffaafdf9f44e62b40a1b95032a2941dc3d42,ZIP_SHA256_VERIFIED,1fc7c7c3833377ff,205153,,SUCCESS,D:\curuma\turmeric_datasets\dataset_02\original\Turmeric Plant Disease\Rhizome Disease Root\Rhizome Disease Root00163.JPG,https://data.mendeley.com/public-files/datasets/g46dvrcvwn/files/fb82efd6-bd52-488e-be42-f4e2e619088b/file_downloaded
Dataset_02_g46dvrcvwn,Rhizome Disease Root00164.JPG,original,Rhizome_Disease_Roots,Rhizome Disease Root,NOT_PROVIDED_PER_FILE (ZIP_VERIFIED),65962d2e118b7a64ad16fbb33a3a8fae6b89add5dba28d09e941f68cfb6cda0b,ZIP_SHA256_VERIFIED,dfcfc3c3833f6fff,176968,,SUCCESS,D:\curuma\turmeric_datasets\dataset_02\original\Turmeric Plant Disease\Rhizome Disease Root\Rhizome Disease Root00164.JPG,https://data.mendeley.com/public-files/datasets/g46dvrcvwn/files/fb82efd6-bd52-488e-be42-f4e2e619088b/file_downloaded
Dataset_02_g46dvrcvwn,Rhizome Disease Root00165.JPG,original,Rhizome_Disease_Roots,Rhizome Disease Root,NOT_PROVIDED_PER_FILE (ZIP_VERIFIED),c2d5d080cf682e5ca709362ddb1dcf6cf2d9a583bc55c930cc416a944e6ceff2,ZIP_SHA256_VERIFIED,cfc707078fcfdfdf,186126,,SUCCESS,D:\curuma\turmeric_datasets\dataset_02\original\Turmeric Plant Disease\Rhizome Disease Root\Rhizome Disease Root00165.JPG,https://data.mendeley.com/public-files/datasets/g46dvrcvwn/files/fb82efd6-bd52-488e-be42-f4e2e619088b/file_downloaded
Dataset_02_g46dvrcvwn,Rhizome Disease Root00166.JPG,original,Rhizome_Disease_Roots,Rhizome Disease Root,NOT_PROVIDED_PER_FILE (ZIP_VERIFIED),3134cabb3d56ba592c6e94a2335abf74091f0a2a1705f54309e3d81314fc6dc7,ZIP_SHA256_VERIFIED,ffcfe5c30307cfcf,209471,,SUCCESS,D:\curuma\turmeric_datasets\dataset_02\original\Turmeric Plant Disease\Rhizome Disease Root\Rhizome Disease Root00166.JPG,https://data.mendeley.com/public-files/datasets/g46dvrcvwn/files/fb82efd6-bd52-488e-be42-f4e2e619088b/file_downloaded
Dataset_02_g46dvrcvwn,Rhizome Disease Root00167.JPG,original,Rhizome_Disease_Roots,Rhizome Disease Root,NOT_PROVIDED_PER_FILE (ZIP_VERIFIED),4b7bcd78b34866afd5b8afed77654937148d7bea0ae9a61b78a83e86c74981ad,ZIP_SHA256_VERIFIED,e7838307cfcfcfdf,218407,,SUCCESS,D:\curuma\turmeric_datasets\dataset_02\original\Turmeric Plant Disease\Rhizome Disease Root\Rhizome Disease Root00167.JPG,https://data.mendeley.com/public-files/datasets/g46dvrcvwn/files/fb82efd6-bd52-488e-be42-f4e2e619088b/file_downloaded
Dataset_02_g46dvrcvwn,Rhizome Disease Root00168.JPG,original,Rhizome_Disease_Roots,Rhizome Disease Root,NOT_PROVIDED_PER_FILE (ZIP_VERIFIED),d323d1179745ce8db57923a091ec6c17328186387c3c67c46aa326c5b2d7816e,ZIP_SHA256_VERIFIED,8ebe8e03078fcf9f,157313,,SUCCESS,D:\curuma\turmeric_datasets\dataset_02\original\Turmeric Plant Disease\Rhizome Disease Root\Rhizome Disease Root00168.JPG,https://data.mendeley.com/public-files/datasets/g46dvrcvwn/files/fb82efd6-bd52-488e-be42-f4e2e619088b/file_downloaded
Dataset_02_g46dvrcvwn,Rhizome Disease Root00169.JPG,original,Rhizome_Disease_Roots,Rhizome Disease Root,NOT_PROVIDED_PER_FILE (ZIP_VERIFIED),1283bf408d494d88074acaf4ef609ef33c10bd9b7fdba63ffcb38a62d32c9ff3,ZIP_SHA256_VERIFIED,f3c3c3c1c3e3f3f3,225667,,SUCCESS,D:\curuma\turmeric_datasets\dataset_02\original\Turmeric Plant Disease\Rhizome Disease Root\Rhizome Disease Root00169.JPG,https://data.mendeley.com/public-files/datasets/g46dvrcvwn/files/fb82efd6-bd52-488e-be42-f4e2e619088b/file_downloaded
Dataset_02_g46dvrcvwn,Rhizome Disease Root00170.JPG,original,Rhizome_Disease_Roots,Rhizome Disease Root,NOT_PROVIDED_PER_FILE (ZIP_VERIFIED),848d97ab2ab0078f05d413b3d03dc77721d664b252d354dbcf13bf2533bb6433,ZIP_SHA256_VERIFIED,b6868381c3e3f3fb,238885,,SUCCESS,D:\curuma\turmeric_datasets\dataset_02\original\Turmeric Plant Disease\Rhizome Disease Root\Rhizome Disease Root00170.JPG,https://data.mendeley.com/public-files/datasets/g46dvrcvwn/files/fb82efd6-bd52-488e-be42-f4e2e619088b/file_downloaded
Dataset_02_g46dvrcvwn,Rhizome Disease Root00171.JPG,original,Rhizome_Disease_Roots,Rhizome Disease Root,NOT_PROVIDED_PER_FILE (ZIP_VERIFIED),40b857b1af6134741fa79d59a7d2cd1d0057858a37e53cc22fbbe7b9ac42b1a4,ZIP_SHA256_VERIFIED,ffffe3c1c1802163,212370,,SUCCESS,D:\curuma\turmeric_datasets\dataset_02\original\Turmeric Plant Disease\Rhizome Disease Root\Rhizome Disease Root00171.JPG,https://data.mendeley.com/public-files/datasets/g46dvrcvwn/files/fb82efd6-bd52-488e-be42-f4e2e619088b/file_downloaded
Dataset_02_g46dvrcvwn,Rhizome Disease Root00172.JPG,original,Rhizome_Disease_Roots,Rhizome Disease Root,NOT_PROVIDED_PER_FILE (ZIP_VERIFIED),cf39a6dafb82de16b3dcede27ac87701f07ea1b9cde50561aba95b69f918592c,ZIP_SHA256_VERIFIED,f7e3c1c191317fff,237689,,SUCCESS,D:\curuma\turmeric_datasets\dataset_02\original\Turmeric Plant Disease\Rhizome Disease Root\Rhizome Disease Root00172.JPG,https://data.mendeley.com/public-files/datasets/g46dvrcvwn/files/fb82efd6-bd52-488e-be42-f4e2e619088b/file_downloaded
Dataset_02_g46dvrcvwn,Rhizome Disease Root00173.JPG,original,Rhizome_Disease_Roots,Rhizome Disease Root,NOT_PROVIDED_PER_FILE (ZIP_VERIFIED),ed52484985dca66cbac0be1e7b7fbdc1b8323ec0ba6a4fdb73bece9d13c573d3,ZIP_SHA256_VERIFIED,fff70303c1c1e2fa,222787,,SUCCESS,D:\curuma\turmeric_datasets\dataset_02\original\Turmeric Plant Disease\Rhizome Disease Root\Rhizome Disease Root00173.JPG,https://data.mendeley.com/public-files/datasets/g46dvrcvwn/files/fb82efd6-bd52-488e-be42-f4e2e619088b/file_downloaded
Dataset_02_g46dvrcvwn,Rhizome Disease Root00174.JPG,original,Rhizome_Disease_Roots,Rhizome Disease Root,NOT_PROVIDED_PER_FILE (ZIP_VERIFIED),ecfb7eb332f9325f118c4febd130514cf65ed231d12141528bdc38f53c4e84e0,ZIP_SHA256_VERIFIED,ffffe7c7c38327ff,169885,,SUCCESS,D:\curuma\turmeric_datasets\dataset_02\original\Turmeric Plant Disease\Rhizome Disease Root\Rhizome Disease Root00174.JPG,https://data.mendeley.com/public-files/datasets/g46dvrcvwn/files/fb82efd6-bd52-488e-be42-f4e2e619088b/file_downloaded
Dataset_02_g46dvrcvwn,Rhizome Disease Root00175.JPG,original,Rhizome_Disease_Roots,Rhizome Disease Root,NOT_PROVIDED_PER_FILE (ZIP_VERIFIED),ede22e7db78064e71d12147989c2a1609ca5b6b25e4831b818e698feeb76daae,ZIP_SHA256_VERIFIED,ff7f3f81c3c3c37f,157890,,SUCCESS,D:\curuma\turmeric_datasets\dataset_02\original\Turmeric Plant Disease\Rhizome Disease Root\Rhizome Disease Root00175.JPG,https://data.mendeley.com/public-files/datasets/g46dvrcvwn/files/fb82efd6-bd52-488e-be42-f4e2e619088b/file_downloaded
Dataset_02_g46dvrcvwn,Rhizome Disease Root00176.JPG,original,Rhizome_Disease_Roots,Rhizome Disease Root,NOT_PROVIDED_PER_FILE (ZIP_VERIFIED),4f668ea4799377a46be43218163c55f7774abdc0b33fc941041410a16945444d,ZIP_SHA256_VERIFIED,ffe7e7c18103f3fb,185256,,SUCCESS,D:\curuma\turmeric_datasets\dataset_02\original\Turmeric Plant Disease\Rhizome Disease Root\Rhizome Disease Root00176.JPG,https://data.mendeley.com/public-files/datasets/g46dvrcvwn/files/fb82efd6-bd52-488e-be42-f4e2e619088b/file_downloaded
Dataset_02_g46dvrcvwn,Rhizome Disease Root00177.JPG,original,Rhizome_Disease_Roots,Rhizome Disease Root,NOT_PROVIDED_PER_FILE (ZIP_VERIFIED),276b2fbf8fb4aa22e2e4620de638eae23b77e0cdd258724c9381c92bbe0b0c0d,ZIP_SHA256_VERIFIED,ff9b83c3c7cfdfff,152811,,SUCCESS,D:\curuma\turmeric_datasets\dataset_02\original\Turmeric Plant Disease\Rhizome Disease Root\Rhizome Disease Root00177.JPG,https://data.mendeley.com/public-files/datasets/g46dvrcvwn/files/fb82efd6-bd52-488e-be42-f4e2e619088b/file_downloaded
Dataset_02_g46dvrcvwn,Rhizome Disease Root00178.JPG,original,Rhizome_Disease_Roots,Rhizome Disease Root,NOT_PROVIDED_PER_FILE (ZIP_VERIFIED),7671a5335c186ec769d6d7cd78846d785025eea6e53910163b243c412d6681d6,ZIP_SHA256_VERIFIED,ff7b03e3c3017f7f,182064,,SUCCESS,D:\curuma\turmeric_datasets\dataset_02\original\Turmeric Plant Disease\Rhizome Disease Root\Rhizome Disease Root00178.JPG,https://data.mendeley.com/public-files/datasets/g46dvrcvwn/files/fb82efd6-bd52-488e-be42-f4e2e619088b/file_downloaded
Dataset_02_g46dvrcvwn,Rhizome Disease Root00179.JPG,original,Rhizome_Disease_Roots,Rhizome Disease Root,NOT_PROVIDED_PER_FILE (ZIP_VERIFIED),11c55022c48d0d038335215b8248b3491883f0f31445e75372a237087e5006b8,ZIP_SHA256_VERIFIED,ef4f4747c3c7bf3f,149210,,SUCCESS,D:\curuma\turmeric_datasets\dataset_02\original\Turmeric Plant Disease\Rhizome Disease Root\Rhizome Disease Root00179.JPG,https://data.mendeley.com/public-files/datasets/g46dvrcvwn/files/fb82efd6-bd52-488e-be42-f4e2e619088b/file_downloaded
Dataset_02_g46dvrcvwn,Rhizome Disease Root00180.JPG,original,Rhizome_Disease_Roots,Rhizome Disease Root,NOT_PROVIDED_PER_FILE (ZIP_VERIFIED),24396f5ae47cf2c6aabacc2b8f481d2b66240f018f70f63b3b030d6e6d61d58c,ZIP_SHA256_VERIFIED,dfdfc7c7c3c79f3f,149788,,SUCCESS,D:\curuma\turmeric_datasets\dataset_02\original\Turmeric Plant Disease\Rhizome Disease Root\Rhizome Disease Root00180.JPG,https://data.mendeley.com/public-files/datasets/g46dvrcvwn/files/fb82efd6-bd52-488e-be42-f4e2e619088b/file_downloaded
Dataset_02_g46dvrcvwn,Rhizome Disease Root00181.JPG,original,Rhizome_Disease_Roots,Rhizome Disease Root,NOT_PROVIDED_PER_FILE (ZIP_VERIFIED),cf69d878ba2d7d651ece975a74a1da9f484d12fe4c491a9f4f5a6f8994d232d2,ZIP_SHA256_VERIFIED,ff4707c78f07ff7f,166056,,SUCCESS,D:\curuma\turmeric_datasets\dataset_02\original\Turmeric Plant Disease\Rhizome Disease Root\Rhizome Disease Root00181.JPG,https://data.mendeley.com/public-files/datasets/g46dvrcvwn/files/fb82efd6-bd52-488e-be42-f4e2e619088b/file_downloaded
Dataset_02_g46dvrcvwn,Rhizome Disease Root00182.JPG,original,Rhizome_Disease_Roots,Rhizome Disease Root,NOT_PROVIDED_PER_FILE (ZIP_VERIFIED),61283eb4f96ef374d2530f8a79757ebdf2403c78ad32699ed008f86c5a20d03f,ZIP_SHA256_VERIFIED,ff5f0f8f0f0f4f7f,174507,,SUCCESS,D:\curuma\turmeric_datasets\dataset_02\original\Turmeric Plant Disease\Rhizome Disease Root\Rhizome Disease Root00182.JPG,https://data.mendeley.com/public-files/datasets/g46dvrcvwn/files/fb82efd6-bd52-488e-be42-f4e2e619088b/file_downloaded
Dataset_02_g46dvrcvwn,Rhizome Healthy Root00001.JPG,original,Rhizome_Healthy_Roots,Rhizome Healthy Root,NOT_PROVIDED_PER_FILE (ZIP_VERIFIED),d41df8d01361985fd4dca9644c9ad065290e314ff219e99a89f7c6a943010172,ZIP_SHA256_VERIFIED,ffcf87070301397f,263601,,SUCCESS,D:\curuma\turmeric_datasets\dataset_02\original\Turmeric Plant Disease\Rhizome Healthy Root\Rhizome Healthy Root00001.JPG,https://data.mendeley.com/public-files/datasets/g46dvrcvwn/files/fb82efd6-bd52-488e-be42-f4e2e619088b/file_downloaded
Dataset_02_g46dvrcvwn,Rhizome Healthy Root00002.JPG,original,Rhizome_Healthy_Roots,Rhizome Healthy Root,NOT_PROVIDED_PER_FILE (ZIP_VERIFIED),4cfa2fc5beba14973dbde2d866d932958e1cd8d36891f2e1c7d2f796085a507a,ZIP_SHA256_VERIFIED,ffcf87870301387f,262341,,SUCCESS,D:\curuma\turmeric_datasets\dataset_02\original\Turmeric Plant Disease\Rhizome Healthy Root\Rhizome Healthy Root00002.JPG,https://data.mendeley.com/public-files/datasets/g46dvrcvwn/files/fb82efd6-bd52-488e-be42-f4e2e619088b/file_downloaded
Dataset_02_g46dvrcvwn,Rhizome Healthy Root00004.JPG,original,Rhizome_Healthy_Roots,Rhizome Healthy Root,NOT_PROVIDED_PER_FILE (ZIP_VERIFIED),0a81762deb6bead8e1213dfbff560937557f7994efe3d47e0eff8a4da99c9839,ZIP_SHA256_VERIFIED,ffe3838303f3f3fb,255205,,SUCCESS,D:\curuma\turmeric_datasets\dataset_02\original\Turmeric Plant Disease\Rhizome Healthy Root\Rhizome Healthy Root00004.JPG,https://data.mendeley.com/public-files/datasets/g46dvrcvwn/files/fb82efd6-bd52-488e-be42-f4e2e619088b/file_downloaded
Dataset_02_g46dvrcvwn,Rhizome Healthy Root00005.JPG,original,Rhizome_Healthy_Roots,Rhizome Healthy Root,NOT_PROVIDED_PER_FILE (ZIP_VERIFIED),02920aea4176a0ea323a01f02ab035392b319a65c8f7716836b65d21ee084010,ZIP_SHA256_VERIFIED,ffe3c38103f3f3fb,253155,,SUCCESS,D:\curuma\turmeric_datasets\dataset_02\original\Turmeric Plant Disease\Rhizome Healthy Root\Rhizome Healthy Root00005.JPG,https://data.mendeley.com/public-files/datasets/g46dvrcvwn/files/fb82efd6-bd52-488e-be42-f4e2e619088b/file_downloaded
Dataset_02_g46dvrcvwn,Rhizome Healthy Root00007.JPG,original,Rhizome_Healthy_Roots,Rhizome Healthy Root,NOT_PROVIDED_PER_FILE (ZIP_VERIFIED),e275a107e2adadaba717072b4bdd6389094339c2987e670e490588615fc3c2d7,ZIP_SHA256_VERIFIED,f3e1c3818190b87c,337493,,SUCCESS,D:\curuma\turmeric_datasets\dataset_02\original\Turmeric Plant Disease\Rhizome Healthy Root\Rhizome Healthy Root00007.JPG,https://data.mendeley.com/public-files/datasets/g46dvrcvwn/files/fb82efd6-bd52-488e-be42-f4e2e619088b/file_downloaded
Dataset_02_g46dvrcvwn,Rhizome Healthy Root00008.JPG,original,Rhizome_Healthy_Roots,Rhizome Healthy Root,NOT_PROVIDED_PER_FILE (ZIP_VERIFIED),9d22be77573606b382d023c432240ee1c239f35157b51d56fb1ae7c3473dc2d7,ZIP_SHA256_VERIFIED,df8f07070703e1f9,253841,,SUCCESS,D:\curuma\turmeric_datasets\dataset_02\original\Turmeric Plant Disease\Rhizome Healthy Root\Rhizome Healthy Root00008.JPG,https://data.mendeley.com/public-files/datasets/g46dvrcvwn/files/fb82efd6-bd52-488e-be42-f4e2e619088b/file_downloaded
Dataset_02_g46dvrcvwn,Rhizome Healthy Root00009.JPG,original,Rhizome_Healthy_Roots,Rhizome Healthy Root,NOT_PROVIDED_PER_FILE (ZIP_VERIFIED),ad0b6530a1e2b0c37dad379ef371bc49b3e53d3991f69144e87ec5cf24806479,ZIP_SHA256_VERIFIED,ff8f0707070361f9,258912,,SUCCESS,D:\curuma\turmeric_datasets\dataset_02\original\Turmeric Plant Disease\Rhizome Healthy Root\Rhizome Healthy Root00009.JPG,https://data.mendeley.com/public-files/datasets/g46dvrcvwn/files/fb82efd6-bd52-488e-be42-f4e2e619088b/file_downloaded
Dataset_02_g46dvrcvwn,Rhizome Healthy Root00010.JPG,original,Rhizome_Healthy_Roots,Rhizome Healthy Root,NOT_PROVIDED_PER_FILE (ZIP_VERIFIED),e4d53f344982d7e158b692dba85ac2f3c992e30088e725956065526a99ad8c4e,ZIP_SHA256_VERIFIED,ff8f0707070361f9,278438,,SUCCESS,D:\curuma\turmeric_datasets\dataset_02\original\Turmeric Plant Disease\Rhizome Healthy Root\Rhizome Healthy Root00010.JPG,https://data.mendeley.com/public-files/datasets/g46dvrcvwn/files/fb82efd6-bd52-488e-be42-f4e2e619088b/file_downloaded
Dataset_02_g46dvrcvwn,Rhizome Healthy Root00011.JPG,original,Rhizome_Healthy_Roots,Rhizome Healthy Root,NOT_PROVIDED_PER_FILE (ZIP_VERIFIED),512ca4440e40563c977ecb57b2bd4707295d0fcaeab442c4fe46adf35d2de07f,ZIP_SHA256_VERIFIED,ff8f0707070361f9,282865,,SUCCESS,D:\curuma\turmeric_datasets\dataset_02\original\Turmeric Plant Disease\Rhizome Healthy Root\Rhizome Healthy Root00011.JPG,https://data.mendeley.com/public-files/datasets/g46dvrcvwn/files/fb82efd6-bd52-488e-be42-f4e2e619088b/file_downloaded
Dataset_02_g46dvrcvwn,Rhizome Healthy Root00012.JPG,original,Rhizome_Healthy_Roots,Rhizome Healthy Root,NOT_PROVIDED_PER_FILE (ZIP_VERIFIED),8322dacccfc62ea83239eb7a335f3b74b458af6fc30160bdd0bcba18b0505374,ZIP_SHA256_VERIFIED,ff8f0f07070361f9,274576,,SUCCESS,D:\curuma\turmeric_datasets\dataset_02\original\Turmeric Plant Disease\Rhizome Healthy Root\Rhizome Healthy Root00012.JPG,https://data.mendeley.com/public-files/datasets/g46dvrcvwn/files/fb82efd6-bd52-488e-be42-f4e2e619088b/file_downloaded
Dataset_02_g46dvrcvwn,Rhizome Healthy Root00013.JPG,original,Rhizome_Healthy_Roots,Rhizome Healthy Root,NOT_PROVIDED_PER_FILE (ZIP_VERIFIED),62a9e6f75bf98978ae1f212dd4368269e1f94f4d1e0912a06fc41909bbdaeb63,ZIP_SHA256_VERIFIED,f9c1818173f1f9f9,268518,,SUCCESS,D:\curuma\turmeric_datasets\dataset_02\original\Turmeric Plant Disease\Rhizome Healthy Root\Rhizome Healthy Root00013.JPG,https://data.mendeley.com/public-files/datasets/g46dvrcvwn/files/fb82efd6-bd52-488e-be42-f4e2e619088b/file_downloaded
Dataset_02_g46dvrcvwn,Rhizome Healthy Root00014.JPG,original,Rhizome_Healthy_Roots,Rhizome Healthy Root,NOT_PROVIDED_PER_FILE (ZIP_VERIFIED),8bfc33a538246f13f74b413a6dbb60fa5ff2ab77c2b2c30e0787a22bc5b63d57,ZIP_SHA256_VERIFIED,f9c1818173f1f9f9,270511,,SUCCESS,D:\curuma\turmeric_datasets\dataset_02\original\Turmeric Plant Disease\Rhizome Healthy Root\Rhizome Healthy Root00014.JPG,https://data.mendeley.com/public-files/datasets/g46dvrcvwn/files/fb82efd6-bd52-488e-be42-f4e2e619088b/file_downloaded
Dataset_02_g46dvrcvwn,Rhizome Healthy Root00015.JPG,original,Rhizome_Healthy_Roots,Rhizome Healthy Root,NOT_PROVIDED_PER_FILE (ZIP_VERIFIED),8857a25bd06be6fc866a0d9d9c534514712f8e5010b47797739a724795705efb,ZIP_SHA256_VERIFIED,f9c1818171f1f9f9,291049,,SUCCESS,D:\curuma\turmeric_datasets\dataset_02\original\Turmeric Plant Disease\Rhizome Healthy Root\Rhizome Healthy Root00015.JPG,https://data.mendeley.com/public-files/datasets/g46dvrcvwn/files/fb82efd6-bd52-488e-be42-f4e2e619088b/file_downloaded
Dataset_02_g46dvrcvwn,Rhizome Healthy Root00016.JPG,original,Rhizome_Healthy_Roots,Rhizome Healthy Root,NOT_PROVIDED_PER_FILE (ZIP_VERIFIED),fff516d45fecb78da37bc1b272e22b05188ad145be91c026f1e5c69ff5fe6d36,ZIP_SHA256_VERIFIED,f9c1818171f1f9f9,287583,,SUCCESS,D:\curuma\turmeric_datasets\dataset_02\original\Turmeric Plant Disease\Rhizome Healthy Root\Rhizome Healthy Root00016.JPG,https://data.mendeley.com/public-files/datasets/g46dvrcvwn/files/fb82efd6-bd52-488e-be42-f4e2e619088b/file_downloaded
Dataset_02_g46dvrcvwn,Rhizome Healthy Root00017.JPG,original,Rhizome_Healthy_Roots,Rhizome Healthy Root,NOT_PROVIDED_PER_FILE (ZIP_VERIFIED),10d519a8a10ff0254b88288c596e8f48585a0f77bc92437abd896a94f8a0722c,ZIP_SHA256_VERIFIED,f8e0c0c079f8fcff,262313,,SUCCESS,D:\curuma\turmeric_datasets\dataset_02\original\Turmeric Plant Disease\Rhizome Healthy Root\Rhizome Healthy Root00017.JPG,https://data.mendeley.com/public-files/datasets/g46dvrcvwn/files/fb82efd6-bd52-488e-be42-f4e2e619088b/file_downloaded
Dataset_02_g46dvrcvwn,Rhizome Healthy Root00018.JPG,original,Rhizome_Healthy_Roots,Rhizome Healthy Root,NOT_PROVIDED_PER_FILE (ZIP_VERIFIED),c921c01b14982bcb8efcbba64cd523dc27ebee73c2830732282728ce5d591ad2,ZIP_SHA256_VERIFIED,f8e0c0c078fcfcff,257600,,SUCCESS,D:\curuma\turmeric_datasets\dataset_02\original\Turmeric Plant Disease\Rhizome Healthy Root\Rhizome Healthy Root00018.JPG,https://data.mendeley.com/public-files/datasets/g46dvrcvwn/files/fb82efd6-bd52-488e-be42-f4e2e619088b/file_downloaded
Dataset_02_g46dvrcvwn,Rhizome Healthy Root00019.JPG,original,Rhizome_Healthy_Roots,Rhizome Healthy Root,NOT_PROVIDED_PER_FILE (ZIP_VERIFIED),1bb5f3fb9947e68854d900c79edb4e0712c1ef4b0e015778edfdc6f0fcd11ac8,ZIP_SHA256_VERIFIED,e1c08171f1f9fbff,238302,,SUCCESS,D:\curuma\turmeric_datasets\dataset_02\original\Turmeric Plant Disease\Rhizome Healthy Root\Rhizome Healthy Root00019.JPG,https://data.mendeley.com/public-files/datasets/g46dvrcvwn/files/fb82efd6-bd52-488e-be42-f4e2e619088b/file_downloaded
Dataset_02_g46dvrcvwn,Rhizome Healthy Root00020.JPG,original,Rhizome_Healthy_Roots,Rhizome Healthy Root,NOT_PROVIDED_PER_FILE (ZIP_VERIFIED),85da466648fb326159f958b249abe25886185ed7bd56871865238a683e7dba77,ZIP_SHA256_VERIFIED,e1c181f1f1f9fbff,236785,,SUCCESS,D:\curuma\turmeric_datasets\dataset_02\original\Turmeric Plant Disease\Rhizome Healthy Root\Rhizome Healthy Root00020.JPG,https://data.mendeley.com/public-files/datasets/g46dvrcvwn/files/fb82efd6-bd52-488e-be42-f4e2e619088b/file_downloaded
Dataset_02_g46dvrcvwn,Rhizome Healthy Root00021.JPG,original,Rhizome_Healthy_Roots,Rhizome Healthy Root,NOT_PROVIDED_PER_FILE (ZIP_VERIFIED),8a56971523ae8e9c1168bbb8d0b0769e167ae6c3bf117d35e5a6d5c7571316fb,ZIP_SHA256_VERIFIED,e1c181f1f1f9fbff,270382,,SUCCESS,D:\curuma\turmeric_datasets\dataset_02\original\Turmeric Plant Disease\Rhizome Healthy Root\Rhizome Healthy Root00021.JPG,https://data.mendeley.com/public-files/datasets/g46dvrcvwn/files/fb82efd6-bd52-488e-be42-f4e2e619088b/file_downloaded
Dataset_02_g46dvrcvwn,Rhizome Healthy Root00022.JPG,original,Rhizome_Healthy_Roots,Rhizome Healthy Root,NOT_PROVIDED_PER_FILE (ZIP_VERIFIED),7ee6397964ec91f407c4db90955661a21beb7326dde4ea410e948df9192908d9,ZIP_SHA256_VERIFIED,e1c181f1f1f9fbff,266558,,SUCCESS,D:\curuma\turmeric_datasets\dataset_02\original\Turmeric Plant Disease\Rhizome Healthy Root\Rhizome Healthy Root00022.JPG,https://data.mendeley.com/public-files/datasets/g46dvrcvwn/files/fb82efd6-bd52-488e-be42-f4e2e619088b/file_downloaded
Dataset_02_g46dvrcvwn,Rhizome Healthy Root00023.JPG,original,Rhizome_Healthy_Roots,Rhizome Healthy Root,NOT_PROVIDED_PER_FILE (ZIP_VERIFIED),097f6c8d50f260697b470bfe00d33dd32eead62f85c23522131608f731583313,ZIP_SHA256_VERIFIED,e1c18171f1f1fbff,265275,,SUCCESS,D:\curuma\turmeric_datasets\dataset_02\original\Turmeric Plant Disease\Rhizome Healthy Root\Rhizome Healthy Root00023.JPG,https://data.mendeley.com/public-files/datasets/g46dvrcvwn/files/fb82efd6-bd52-488e-be42-f4e2e619088b/file_downloaded
Dataset_02_g46dvrcvwn,Rhizome Healthy Root00024.JPG,original,Rhizome_Healthy_Roots,Rhizome Healthy Root,NOT_PROVIDED_PER_FILE (ZIP_VERIFIED),aee3163751aae1c2194e061cc5be15c4ec5e2688c78c5e434db62615e22b0429,ZIP_SHA256_VERIFIED,ffffc787839b9fbf,155394,,SUCCESS,D:\curuma\turmeric_datasets\dataset_02\original\Turmeric Plant Disease\Rhizome Healthy Root\Rhizome Healthy Root00024.JPG,https://data.mendeley.com/public-files/datasets/g46dvrcvwn/files/fb82efd6-bd52-488e-be42-f4e2e619088b/file_downloaded
Dataset_02_g46dvrcvwn,Rhizome Healthy Root00027.JPG,original,Rhizome_Healthy_Roots,Rhizome Healthy Root,NOT_PROVIDED_PER_FILE (ZIP_VERIFIED),581455dd1795265737fcdb0c98151c8efd0e53c4bbdfed210adc16f86b63a000,ZIP_SHA256_VERIFIED,ffffc787839b9fbf,164617,,SUCCESS,D:\curuma\turmeric_datasets\dataset_02\original\Turmeric Plant Disease\Rhizome Healthy Root\Rhizome Healthy Root00027.JPG,https://data.mendeley.com/public-files/datasets/g46dvrcvwn/files/fb82efd6-bd52-488e-be42-f4e2e619088b/file_downloaded
Dataset_02_g46dvrcvwn,Rhizome Healthy Root00029.JPG,original,Rhizome_Healthy_Roots,Rhizome Healthy Root,NOT_PROVIDED_PER_FILE (ZIP_VERIFIED),3835df92135db2ba80f4dc67dd51d4ab10db2fd18fa835a53280dd4318d1c91a,ZIP_SHA256_VERIFIED,ffffc787839bbfbf,154763,,SUCCESS,D:\curuma\turmeric_datasets\dataset_02\original\Turmeric Plant Disease\Rhizome Healthy Root\Rhizome Healthy Root00029.JPG,https://data.mendeley.com/public-files/datasets/g46dvrcvwn/files/fb82efd6-bd52-488e-be42-f4e2e619088b/file_downloaded
Dataset_02_g46dvrcvwn,Rhizome Healthy Root00030.JPG,original,Rhizome_Healthy_Roots,Rhizome Healthy Root,NOT_PROVIDED_PER_FILE (ZIP_VERIFIED),5ce7923d7a7e7b4bd048f205c90e9a9a8d400d2fd8cf48fec15ac85b74cc3468,ZIP_SHA256_VERIFIED,ffffc787839bbfbf,154456,,SUCCESS,D:\curuma\turmeric_datasets\dataset_02\original\Turmeric Plant Disease\Rhizome Healthy Root\Rhizome Healthy Root00030.JPG,https://data.mendeley.com/public-files/datasets/g46dvrcvwn/files/fb82efd6-bd52-488e-be42-f4e2e619088b/file_downloaded
Dataset_02_g46dvrcvwn,Rhizome Healthy Root00031.JPG,original,Rhizome_Healthy_Roots,Rhizome Healthy Root,NOT_PROVIDED_PER_FILE (ZIP_VERIFIED),be1d95036007d6dc54776a298c8ed737b1c2ae0a0b8d9720d368b6fd64dfef46,ZIP_SHA256_VERIFIED,ffffc787839bbfbf,164379,,SUCCESS,D:\curuma\turmeric_datasets\dataset_02\original\Turmeric Plant Disease\Rhizome Healthy Root\Rhizome Healthy Root00031.JPG,https://data.mendeley.com/public-files/datasets/g46dvrcvwn/files/fb82efd6-bd52-488e-be42-f4e2e619088b/file_downloaded
Dataset_02_g46dvrcvwn,Rhizome Healthy Root00032.JPG,original,Rhizome_Healthy_Roots,Rhizome Healthy Root,NOT_PROVIDED_PER_FILE (ZIP_VERIFIED),1f38b2d9fe7b121161a8f14c67234d41823352a115150d4ecd72516f9b054e82,ZIP_SHA256_VERIFIED,ef6f7f0707078303,260771,,SUCCESS,D:\curuma\turmeric_datasets\dataset_02\original\Turmeric Plant Disease\Rhizome Healthy Root\Rhizome Healthy Root00032.JPG,https://data.mendeley.com/public-files/datasets/g46dvrcvwn/files/fb82efd6-bd52-488e-be42-f4e2e619088b/file_downloaded
Dataset_02_g46dvrcvwn,Rhizome Healthy Root00035.JPG,original,Rhizome_Healthy_Roots,Rhizome Healthy Root,NOT_PROVIDED_PER_FILE (ZIP_VERIFIED),dbe29b31c7b5ac7f086ab20c8bad008e5f5d28cc49fed1358d34676e14c1fa26,ZIP_SHA256_VERIFIED,ffffe70f0f070301,226668,,SUCCESS,D:\curuma\turmeric_datasets\dataset_02\original\Turmeric Plant Disease\Rhizome Healthy Root\Rhizome Healthy Root00035.JPG,https://data.mendeley.com/public-files/datasets/g46dvrcvwn/files/fb82efd6-bd52-488e-be42-f4e2e619088b/file_downloaded
Dataset_02_g46dvrcvwn,Rhizome Healthy Root00038.JPG,original,Rhizome_Healthy_Roots,Rhizome Healthy Root,NOT_PROVIDED_PER_FILE (ZIP_VERIFIED),14128371ef1fac3bbd3e39df01f1f666c8f663ee748f99584e4aefdcf1b3d504,ZIP_SHA256_VERIFIED,fffff70707070301,248160,,SUCCESS,D:\curuma\turmeric_datasets\dataset_02\original\Turmeric Plant Disease\Rhizome Healthy Root\Rhizome Healthy Root00038.JPG,https://data.mendeley.com/public-files/datasets/g46dvrcvwn/files/fb82efd6-bd52-488e-be42-f4e2e619088b/file_downloaded
Dataset_02_g46dvrcvwn,Rhizome Healthy Root00039.JPG,original,Rhizome_Healthy_Roots,Rhizome Healthy Root,NOT_PROVIDED_PER_FILE (ZIP_VERIFIED),6635d66b3dff44773d4805e742353499e4d16f5ddfc57e38ff2ff1af963285f0,ZIP_SHA256_VERIFIED,ffffff0707070343,248564,,SUCCESS,D:\curuma\turmeric_datasets\dataset_02\original\Turmeric Plant Disease\Rhizome Healthy Root\Rhizome Healthy Root00039.JPG,https://data.mendeley.com/public-files/datasets/g46dvrcvwn/files/fb82efd6-bd52-488e-be42-f4e2e619088b/file_downloaded
Dataset_02_g46dvrcvwn,Rhizome Healthy Root00040.JPG,original,Rhizome_Healthy_Roots,Rhizome Healthy Root,NOT_PROVIDED_PER_FILE (ZIP_VERIFIED),1b8d0c6f9ffcf7bf227794faae6183942ef74a866afbf8a2f9fc9365095c687a,ZIP_SHA256_VERIFIED,ffff5f07070707c3,246441,,SUCCESS,D:\curuma\turmeric_datasets\dataset_02\original\Turmeric Plant Disease\Rhizome Healthy Root\Rhizome Healthy Root00040.JPG,https://data.mendeley.com/public-files/datasets/g46dvrcvwn/files/fb82efd6-bd52-488e-be42-f4e2e619088b/file_downloaded
Dataset_02_g46dvrcvwn,Rhizome Healthy Root00041.JPG,original,Rhizome_Healthy_Roots,Rhizome Healthy Root,NOT_PROVIDED_PER_FILE (ZIP_VERIFIED),b8a58ba1320163a752f1020cc359c38405d25323b228096184a22263cb0c675c,ZIP_SHA256_VERIFIED,ffff5f0707070783,246106,,SUCCESS,D:\curuma\turmeric_datasets\dataset_02\original\Turmeric Plant Disease\Rhizome Healthy Root\Rhizome Healthy Root00041.JPG,https://data.mendeley.com/public-files/datasets/g46dvrcvwn/files/fb82efd6-bd52-488e-be42-f4e2e619088b/file_downloaded
Dataset_02_g46dvrcvwn,Rhizome Healthy Root00042.JPG,original,Rhizome_Healthy_Roots,Rhizome Healthy Root,NOT_PROVIDED_PER_FILE (ZIP_VERIFIED),580d70ccbc335d4508ba4c94a85e7f343857af68f6ce872a108344fe7b6bd977,ZIP_SHA256_VERIFIED,7f7f0b07070787c3,271796,,SUCCESS,D:\curuma\turmeric_datasets\dataset_02\original\Turmeric Plant Disease\Rhizome Healthy Root\Rhizome Healthy Root00042.JPG,https://data.mendeley.com/public-files/datasets/g46dvrcvwn/files/fb82efd6-bd52-488e-be42-f4e2e619088b/file_downloaded
Dataset_02_g46dvrcvwn,Rhizome Healthy Root00043.JPG,original,Rhizome_Healthy_Roots,Rhizome Healthy Root,NOT_PROVIDED_PER_FILE (ZIP_VERIFIED),563d9c80ca4a4cdcb2ab3a927e71fefee3f0ca522e498b31272b991cf8638515,ZIP_SHA256_VERIFIED,7f7f030707078743,263039,,SUCCESS,D:\curuma\turmeric_datasets\dataset_02\original\Turmeric Plant Disease\Rhizome Healthy Root\Rhizome Healthy Root00043.JPG,https://data.mendeley.com/public-files/datasets/g46dvrcvwn/files/fb82efd6-bd52-488e-be42-f4e2e619088b/file_downloaded
Dataset_02_g46dvrcvwn,Rhizome Healthy Root00045.JPG,original,Rhizome_Healthy_Roots,Rhizome Healthy Root,NOT_PROVIDED_PER_FILE (ZIP_VERIFIED),56c48892bac631501ce3394c9a78343e407c75c6b6ed5229bc1d6d2671860ad4,ZIP_SHA256_VERIFIED,bfff0f030707c7f3,251689,,SUCCESS,D:\curuma\turmeric_datasets\dataset_02\original\Turmeric Plant Disease\Rhizome Healthy Root\Rhizome Healthy Root00045.JPG,https://data.mendeley.com/public-files/datasets/g46dvrcvwn/files/fb82efd6-bd52-488e-be42-f4e2e619088b/file_downloaded
Dataset_02_g46dvrcvwn,Rhizome Healthy Root00046.JPG,original,Rhizome_Healthy_Roots,Rhizome Healthy Root,NOT_PROVIDED_PER_FILE (ZIP_VERIFIED),a933667a277fd091ecd8946aa6d27d460b3547dfa0aefe7611975fb42f89bc37,ZIP_SHA256_VERIFIED,bfdf07030787c7f3,242032,,SUCCESS,D:\curuma\turmeric_datasets\dataset_02\original\Turmeric Plant Disease\Rhizome Healthy Root\Rhizome Healthy Root00046.JPG,https://data.mendeley.com/public-files/datasets/g46dvrcvwn/files/fb82efd6-bd52-488e-be42-f4e2e619088b/file_downloaded
Dataset_02_g46dvrcvwn,Rhizome Healthy Root00047.JPG,original,Rhizome_Healthy_Roots,Rhizome Healthy Root,NOT_PROVIDED_PER_FILE (ZIP_VERIFIED),f339d3e9037f9bf0350addeedbb2af56dfc6646146425a7e924360b836395ee7,ZIP_SHA256_VERIFIED,9fff07030787c7f7,240487,,SUCCESS,D:\curuma\turmeric_datasets\dataset_02\original\Turmeric Plant Disease\Rhizome Healthy Root\Rhizome Healthy Root00047.JPG,https://data.mendeley.com/public-files/datasets/g46dvrcvwn/files/fb82efd6-bd52-488e-be42-f4e2e619088b/file_downloaded
Dataset_02_g46dvrcvwn,Rhizome Healthy Root00048.JPG,original,Rhizome_Healthy_Roots,Rhizome Healthy Root,NOT_PROVIDED_PER_FILE (ZIP_VERIFIED),8e84f2b085c99d4d043c7225bb5ca524b2bd8f69c699795834afb92939e3466c,ZIP_SHA256_VERIFIED,9fff07030787c7e7,239222,,SUCCESS,D:\curuma\turmeric_datasets\dataset_02\original\Turmeric Plant Disease\Rhizome Healthy Root\Rhizome Healthy Root00048.JPG,https://data.mendeley.com/public-files/datasets/g46dvrcvwn/files/fb82efd6-bd52-488e-be42-f4e2e619088b/file_downloaded
Dataset_02_g46dvrcvwn,Rhizome Healthy Root00049.JPG,original,Rhizome_Healthy_Roots,Rhizome Healthy Root,NOT_PROVIDED_PER_FILE (ZIP_VERIFIED),e97ec26bfe3ae4b230cb593c5201f0f404d50414448f585a837ca3de12a30573,ZIP_SHA256_VERIFIED,ff87070387c7c7f7,248356,,SUCCESS,D:\curuma\turmeric_datasets\dataset_02\original\Turmeric Plant Disease\Rhizome Healthy Root\Rhizome Healthy Root00049.JPG,https://data.mendeley.com/public-files/datasets/g46dvrcvwn/files/fb82efd6-bd52-488e-be42-f4e2e619088b/file_downloaded
Dataset_02_g46dvrcvwn,Rhizome Healthy Root00050.JPG,original,Rhizome_Healthy_Roots,Rhizome Healthy Root,NOT_PROVIDED_PER_FILE (ZIP_VERIFIED),cf2a930312a5d8dd08cedf5edf140a1c0a452532848f7786fbb535f36ba21b4a,ZIP_SHA256_VERIFIED,ff0f0703078fc7e7,239877,,SUCCESS,D:\curuma\turmeric_datasets\dataset_02\original\Turmeric Plant Disease\Rhizome Healthy Root\Rhizome Healthy Root00050.JPG,https://data.mendeley.com/public-files/datasets/g46dvrcvwn/files/fb82efd6-bd52-488e-be42-f4e2e619088b/file_downloaded
Dataset_02_g46dvrcvwn,Rhizome Healthy Root00051.JPG,original,Rhizome_Healthy_Roots,Rhizome Healthy Root,NOT_PROVIDED_PER_FILE (ZIP_VERIFIED),7d177ff5127337c4768b43d7de7e6a9b48a6bf710a7dc65f89d459ba4602c4f1,ZIP_SHA256_VERIFIED,8f870183c7c7e7ff,214636,,SUCCESS,D:\curuma\turmeric_datasets\dataset_02\original\Turmeric Plant Disease\Rhizome Healthy Root\Rhizome Healthy Root00051.JPG,https://data.mendeley.com/public-files/datasets/g46dvrcvwn/files/fb82efd6-bd52-488e-be42-f4e2e619088b/file_downloaded
Dataset_02_g46dvrcvwn,Rhizome Healthy Root00052.JPG,original,Rhizome_Healthy_Roots,Rhizome Healthy Root,NOT_PROVIDED_PER_FILE (ZIP_VERIFIED),3c44c7f2e07902b98ccf59917268d50b1c90facfa8061b623665b0f89aaa3d8f,ZIP_SHA256_VERIFIED,870183c7c7f7fffb,199344,,SUCCESS,D:\curuma\turmeric_datasets\dataset_02\original\Turmeric Plant Disease\Rhizome Healthy Root\Rhizome Healthy Root00052.JPG,https://data.mendeley.com/public-files/datasets/g46dvrcvwn/files/fb82efd6-bd52-488e-be42-f4e2e619088b/file_downloaded
Dataset_02_g46dvrcvwn,Rhizome Healthy Root00053.JPG,original,Rhizome_Healthy_Roots,Rhizome Healthy Root,NOT_PROVIDED_PER_FILE (ZIP_VERIFIED),5d827c9a78cba9f7b85cf8d0744adab1378d61c2b8ecf65e59c5bbf0f9b0cacb,ZIP_SHA256_VERIFIED,87838387c7e7ffff,192965,,SUCCESS,D:\curuma\turmeric_datasets\dataset_02\original\Turmeric Plant Disease\Rhizome Healthy Root\Rhizome Healthy Root00053.JPG,https://data.mendeley.com/public-files/datasets/g46dvrcvwn/files/fb82efd6-bd52-488e-be42-f4e2e619088b/file_downloaded
Dataset_02_g46dvrcvwn,Rhizome Healthy Root00054.JPG,original,Rhizome_Healthy_Roots,Rhizome Healthy Root,NOT_PROVIDED_PER_FILE (ZIP_VERIFIED),e1b7b5468caa2676678364d352f770cf41e67981b6f8d6528e888ff2f3d749fb,ZIP_SHA256_VERIFIED,878383c7c7e7ffff,200120,,SUCCESS,D:\curuma\turmeric_datasets\dataset_02\original\Turmeric Plant Disease\Rhizome Healthy Root\Rhizome Healthy Root00054.JPG,https://data.mendeley.com/public-files/datasets/g46dvrcvwn/files/fb82efd6-bd52-488e-be42-f4e2e619088b/file_downloaded
Dataset_02_g46dvrcvwn,Rhizome Healthy Root00055.JPG,original,Rhizome_Healthy_Roots,Rhizome Healthy Root,NOT_PROVIDED_PER_FILE (ZIP_VERIFIED),28ac05377341a245e6894ca766bc80df1db1c0eb0574ebe39e2d9cc67e092723,ZIP_SHA256_VERIFIED,8b878387c7e7f7ff,216964,,SUCCESS,D:\curuma\turmeric_datasets\dataset_02\original\Turmeric Plant Disease\Rhizome Healthy Root\Rhizome Healthy Root00055.JPG,https://data.mendeley.com/public-files/datasets/g46dvrcvwn/files/fb82efd6-bd52-488e-be42-f4e2e619088b/file_downloaded
Dataset_02_g46dvrcvwn,Rhizome Healthy Root00056.JPG,original,Rhizome_Healthy_Roots,Rhizome Healthy Root,NOT_PROVIDED_PER_FILE (ZIP_VERIFIED),610cdfb0c57c71739f44cb97dd0b3c07f59c55bd0b3c1cd9ca7e38f96bc2e613,ZIP_SHA256_VERIFIED,db870383c7c7f7ff,221847,,SUCCESS,D:\curuma\turmeric_datasets\dataset_02\original\Turmeric Plant Disease\Rhizome Healthy Root\Rhizome Healthy Root00056.JPG,https://data.mendeley.com/public-files/datasets/g46dvrcvwn/files/fb82efd6-bd52-488e-be42-f4e2e619088b/file_downloaded
Dataset_02_g46dvrcvwn,Rhizome Healthy Root00057.JPG,original,Rhizome_Healthy_Roots,Rhizome Healthy Root,NOT_PROVIDED_PER_FILE (ZIP_VERIFIED),4603fcf7a40e7fed75bb5cb2c7fac713ef92a7aefc8ea443d37bb9f4a7c87c6f,ZIP_SHA256_VERIFIED,9b0703878fcfefff,228297,,SUCCESS,D:\curuma\turmeric_datasets\dataset_02\original\Turmeric Plant Disease\Rhizome Healthy Root\Rhizome Healthy Root00057.JPG,https://data.mendeley.com/public-files/datasets/g46dvrcvwn/files/fb82efd6-bd52-488e-be42-f4e2e619088b/file_downloaded
Dataset_02_g46dvrcvwn,Rhizome Healthy Root00058.JPG,original,Rhizome_Healthy_Roots,Rhizome Healthy Root,NOT_PROVIDED_PER_FILE (ZIP_VERIFIED),1b58acb113e13ffd2bf5b282daf1ea72c1f22f81db7b8db6e3a7c9da53de16ab,ZIP_SHA256_VERIFIED,9b8703878fcfefff,234305,,SUCCESS,D:\curuma\turmeric_datasets\dataset_02\original\Turmeric Plant Disease\Rhizome Healthy Root\Rhizome Healthy Root00058.JPG,https://data.mendeley.com/public-files/datasets/g46dvrcvwn/files/fb82efd6-bd52-488e-be42-f4e2e619088b/file_downloaded
Dataset_02_g46dvrcvwn,Rhizome Healthy Root00059.JPG,original,Rhizome_Healthy_Roots,Rhizome Healthy Root,NOT_PROVIDED_PER_FILE (ZIP_VERIFIED),dbd5659a1d546461515cfee0d2dc7a4f28d88b4e5fb9b23b5158156d2c34b42d,ZIP_SHA256_VERIFIED,cb838783c7c7e797,234490,,SUCCESS,D:\curuma\turmeric_datasets\dataset_02\original\Turmeric Plant Disease\Rhizome Healthy Root\Rhizome Healthy Root00059.JPG,https://data.mendeley.com/public-files/datasets/g46dvrcvwn/files/fb82efd6-bd52-488e-be42-f4e2e619088b/file_downloaded
Dataset_02_g46dvrcvwn,Rhizome Healthy Root00060.JPG,original,Rhizome_Healthy_Roots,Rhizome Healthy Root,NOT_PROVIDED_PER_FILE (ZIP_VERIFIED),c9822e737d564f5963121c68612a145d92151f4222d9aeec44ab00454189a978,ZIP_SHA256_VERIFIED,edcbc383c3c7e79f,257112,,SUCCESS,D:\curuma\turmeric_datasets\dataset_02\original\Turmeric Plant Disease\Rhizome Healthy Root\Rhizome Healthy Root00060.JPG,https://data.mendeley.com/public-files/datasets/g46dvrcvwn/files/fb82efd6-bd52-488e-be42-f4e2e619088b/file_downloaded
Dataset_02_g46dvrcvwn,Rhizome Healthy Root00061.JPG,original,Rhizome_Healthy_Roots,Rhizome Healthy Root,NOT_PROVIDED_PER_FILE (ZIP_VERIFIED),aebdb95aa0225a41073f389a324feeee2846fb0c5878a8bed28d07567b5ce7be,ZIP_SHA256_VERIFIED,e5cbc381c3c7e7df,256084,,SUCCESS,D:\curuma\turmeric_datasets\dataset_02\original\Turmeric Plant Disease\Rhizome Healthy Root\Rhizome Healthy Root00061.JPG,https://data.mendeley.com/public-files/datasets/g46dvrcvwn/files/fb82efd6-bd52-488e-be42-f4e2e619088b/file_downloaded
Dataset_02_g46dvrcvwn,Rhizome Healthy Root00062.JPG,original,Rhizome_Healthy_Roots,Rhizome Healthy Root,NOT_PROVIDED_PER_FILE (ZIP_VERIFIED),3ad22b02ea59e7795a5ae53a7447b0eb5076579511944f4a8fad7c758be3290a,ZIP_SHA256_VERIFIED,f7f9f0e08303fbff,285670,,SUCCESS,D:\curuma\turmeric_datasets\dataset_02\original\Turmeric Plant Disease\Rhizome Healthy Root\Rhizome Healthy Root00062.JPG,https://data.mendeley.com/public-files/datasets/g46dvrcvwn/files/fb82efd6-bd52-488e-be42-f4e2e619088b/file_downloaded
Dataset_02_g46dvrcvwn,Rhizome Healthy Root00063.JPG,original,Rhizome_Healthy_Roots,Rhizome Healthy Root,NOT_PROVIDED_PER_FILE (ZIP_VERIFIED),091c8f767f68ab768690e920095d5c387536213ee9f29b993868190c059893fa,ZIP_SHA256_VERIFIED,f7fbf0e0810373ff,292597,,SUCCESS,D:\curuma\turmeric_datasets\dataset_02\original\Turmeric Plant Disease\Rhizome Healthy Root\Rhizome Healthy Root00063.JPG,https://data.mendeley.com/public-files/datasets/g46dvrcvwn/files/fb82efd6-bd52-488e-be42-f4e2e619088b/file_downloaded
Dataset_02_g46dvrcvwn,Rhizome Healthy Root00064.JPG,original,Rhizome_Healthy_Roots,Rhizome Healthy Root,NOT_PROVIDED_PER_FILE (ZIP_VERIFIED),b8fc7528bfc279a2093fd0070341c1b8c3d9d09d32fc967a8aa72318f9098929,ZIP_SHA256_VERIFIED,eef1e0c30707f7fb,299890,,SUCCESS,D:\curuma\turmeric_datasets\dataset_02\original\Turmeric Plant Disease\Rhizome Healthy Root\Rhizome Healthy Root00064.JPG,https://data.mendeley.com/public-files/datasets/g46dvrcvwn/files/fb82efd6-bd52-488e-be42-f4e2e619088b/file_downloaded
Dataset_02_g46dvrcvwn,Rhizome Healthy Root00066.JPG,original,Rhizome_Healthy_Roots,Rhizome Healthy Root,NOT_PROVIDED_PER_FILE (ZIP_VERIFIED),de60eebd8f44096069348a1b2878127d9e90736c0c521c8140184f698afc0408,ZIP_SHA256_VERIFIED,eef1e1c30707f7ff,303037,,SUCCESS,D:\curuma\turmeric_datasets\dataset_02\original\Turmeric Plant Disease\Rhizome Healthy Root\Rhizome Healthy Root00066.JPG,https://data.mendeley.com/public-files/datasets/g46dvrcvwn/files/fb82efd6-bd52-488e-be42-f4e2e619088b/file_downloaded
Dataset_02_g46dvrcvwn,Rhizome Healthy Root00067.JPG,original,Rhizome_Healthy_Roots,Rhizome Healthy Root,NOT_PROVIDED_PER_FILE (ZIP_VERIFIED),336cb10b0b1597a6b840b7508077435f6bf4083d05fb950b5cf2b8b6014196a6,ZIP_SHA256_VERIFIED,eef3e1c10307f7ff,302701,,SUCCESS,D:\curuma\turmeric_datasets\dataset_02\original\Turmeric Plant Disease\Rhizome Healthy Root\Rhizome Healthy Root00067.JPG,https://data.mendeley.com/public-files/datasets/g46dvrcvwn/files/fb82efd6-bd52-488e-be42-f4e2e619088b/file_downloaded
Dataset_02_g46dvrcvwn,Rhizome Healthy Root00068.JPG,original,Rhizome_Healthy_Roots,Rhizome Healthy Root,NOT_PROVIDED_PER_FILE (ZIP_VERIFIED),a981238ed34c42ec744ec0571b688fb7eab064e0274fdb53cef34f24414d2d70,ZIP_SHA256_VERIFIED,eff3e0c10307f7ff,303235,,SUCCESS,D:\curuma\turmeric_datasets\dataset_02\original\Turmeric Plant Disease\Rhizome Healthy Root\Rhizome Healthy Root00068.JPG,https://data.mendeley.com/public-files/datasets/g46dvrcvwn/files/fb82efd6-bd52-488e-be42-f4e2e619088b/file_downloaded
Dataset_02_g46dvrcvwn,Rhizome Healthy Root00069.JPG,original,Rhizome_Healthy_Roots,Rhizome Healthy Root,NOT_PROVIDED_PER_FILE (ZIP_VERIFIED),5200b982e3399dd6d1b3cec569d84ec672e9f2d0d2a0f4828beac46ae163ed84,ZIP_SHA256_VERIFIED,f7f3e0e18323fbff,276292,,SUCCESS,D:\curuma\turmeric_datasets\dataset_02\original\Turmeric Plant Disease\Rhizome Healthy Root\Rhizome Healthy Root00069.JPG,https://data.mendeley.com/public-files/datasets/g46dvrcvwn/files/fb82efd6-bd52-488e-be42-f4e2e619088b/file_downloaded
Dataset_02_g46dvrcvwn,Rhizome Healthy Root00070.JPG,original,Rhizome_Healthy_Roots,Rhizome Healthy Root,NOT_PROVIDED_PER_FILE (ZIP_VERIFIED),de4944e4959fca9e8f5a03ad79c4f8fdf45194d6d6ad7f69b264870161b28c74,ZIP_SHA256_VERIFIED,f7f3e0e18323fbff,275140,,SUCCESS,D:\curuma\turmeric_datasets\dataset_02\original\Turmeric Plant Disease\Rhizome Healthy Root\Rhizome Healthy Root00070.JPG,https://data.mendeley.com/public-files/datasets/g46dvrcvwn/files/fb82efd6-bd52-488e-be42-f4e2e619088b/file_downloaded
Dataset_02_g46dvrcvwn,Rhizome Healthy Root00071.JPG,original,Rhizome_Healthy_Roots,Rhizome Healthy Root,NOT_PROVIDED_PER_FILE (ZIP_VERIFIED),96f3876370e73338ca929ebc4a8b986bfa03a3cdac3d8f6bddadea85c50fc223,ZIP_SHA256_VERIFIED,f7f3e0e08303fbff,297972,,SUCCESS,D:\curuma\turmeric_datasets\dataset_02\original\Turmeric Plant Disease\Rhizome Healthy Root\Rhizome Healthy Root00071.JPG,https://data.mendeley.com/public-files/datasets/g46dvrcvwn/files/fb82efd6-bd52-488e-be42-f4e2e619088b/file_downloaded
Dataset_02_g46dvrcvwn,Rhizome Healthy Root00072.JPG,original,Rhizome_Healthy_Roots,Rhizome Healthy Root,NOT_PROVIDED_PER_FILE (ZIP_VERIFIED),88647d433d4c7cf1504f69be66c4402169220653033190e71046822ad8740fa9,ZIP_SHA256_VERIFIED,f7f3e0e08303fbff,298196,,SUCCESS,D:\curuma\turmeric_datasets\dataset_02\original\Turmeric Plant Disease\Rhizome Healthy Root\Rhizome Healthy Root00072.JPG,https://data.mendeley.com/public-files/datasets/g46dvrcvwn/files/fb82efd6-bd52-488e-be42-f4e2e619088b/file_downloaded
Dataset_02_g46dvrcvwn,Rhizome Healthy Root00073.JPG,original,Rhizome_Healthy_Roots,Rhizome Healthy Root,NOT_PROVIDED_PER_FILE (ZIP_VERIFIED),597e73a3a33cee4b8645f726b1de543e925e01294c8443ae39d089b551717fdf,ZIP_SHA256_VERIFIED,f7f3e0c18363fbfb,298571,,SUCCESS,D:\curuma\turmeric_datasets\dataset_02\original\Turmeric Plant Disease\Rhizome Healthy Root\Rhizome Healthy Root00073.JPG,https://data.mendeley.com/public-files/datasets/g46dvrcvwn/files/fb82efd6-bd52-488e-be42-f4e2e619088b/file_downloaded
Dataset_02_g46dvrcvwn,Rhizome Healthy Root00074.JPG,original,Rhizome_Healthy_Roots,Rhizome Healthy Root,NOT_PROVIDED_PER_FILE (ZIP_VERIFIED),878585915555db05a090650b738b5647c395727b824a5f643262023bab110098,ZIP_SHA256_VERIFIED,ffc3c107870707e7,321173,,SUCCESS,D:\curuma\turmeric_datasets\dataset_02\original\Turmeric Plant Disease\Rhizome Healthy Root\Rhizome Healthy Root00074.JPG,https://data.mendeley.com/public-files/datasets/g46dvrcvwn/files/fb82efd6-bd52-488e-be42-f4e2e619088b/file_downloaded
Dataset_02_g46dvrcvwn,Rhizome Healthy Root00075.JPG,original,Rhizome_Healthy_Roots,Rhizome Healthy Root,NOT_PROVIDED_PER_FILE (ZIP_VERIFIED),74a33b09efb2baeacfce6ac105861ccfed08cf7d44e436f3c2dca1847ece1518,ZIP_SHA256_VERIFIED,ffc3c1078f0f07e7,317616,,SUCCESS,D:\curuma\turmeric_datasets\dataset_02\original\Turmeric Plant Disease\Rhizome Healthy Root\Rhizome Healthy Root00075.JPG,https://data.mendeley.com/public-files/datasets/g46dvrcvwn/files/fb82efd6-bd52-488e-be42-f4e2e619088b/file_downloaded
Dataset_02_g46dvrcvwn,Rhizome Healthy Root00076.JPG,original,Rhizome_Healthy_Roots,Rhizome Healthy Root,NOT_PROVIDED_PER_FILE (ZIP_VERIFIED),691346daf23f14938875fc2d72a167ea41a899c9317dbb6ec796df18b0661262,ZIP_SHA256_VERIFIED,ffc3c107870707e7,326417,,SUCCESS,D:\curuma\turmeric_datasets\dataset_02\original\Turmeric Plant Disease\Rhizome Healthy Root\Rhizome Healthy Root00076.JPG,https://data.mendeley.com/public-files/datasets/g46dvrcvwn/files/fb82efd6-bd52-488e-be42-f4e2e619088b/file_downloaded
Dataset_02_g46dvrcvwn,Rhizome Healthy Root00077.JPG,original,Rhizome_Healthy_Roots,Rhizome Healthy Root,NOT_PROVIDED_PER_FILE (ZIP_VERIFIED),23411e36d1793a97516873659d31738ca8ffc1f5404b762e96309629894e2182,ZIP_SHA256_VERIFIED,effce88030fcfcff,272561,,SUCCESS,D:\curuma\turmeric_datasets\dataset_02\original\Turmeric Plant Disease\Rhizome Healthy Root\Rhizome Healthy Root00077.JPG,https://data.mendeley.com/public-files/datasets/g46dvrcvwn/files/fb82efd6-bd52-488e-be42-f4e2e619088b/file_downloaded
Dataset_02_g46dvrcvwn,Rhizome Healthy Root00078.JPG,original,Rhizome_Healthy_Roots,Rhizome Healthy Root,NOT_PROVIDED_PER_FILE (ZIP_VERIFIED),3000b8f76b181a9b01c5ffd3eb4fc12a215ac3535d10e0af6fd737eab725c8d7,ZIP_SHA256_VERIFIED,eff8e88030fcfcff,274690,,SUCCESS,D:\curuma\turmeric_datasets\dataset_02\original\Turmeric Plant Disease\Rhizome Healthy Root\Rhizome Healthy Root00078.JPG,https://data.mendeley.com/public-files/datasets/g46dvrcvwn/files/fb82efd6-bd52-488e-be42-f4e2e619088b/file_downloaded
Dataset_02_g46dvrcvwn,Rhizome Healthy Root00079.JPG,original,Rhizome_Healthy_Roots,Rhizome Healthy Root,NOT_PROVIDED_PER_FILE (ZIP_VERIFIED),55b296bdf32422c86ac31d5a5908bb87ea02611760b9b8e4da7a1246ed87767a,ZIP_SHA256_VERIFIED,effce88030fcfcff,299772,,SUCCESS,D:\curuma\turmeric_datasets\dataset_02\original\Turmeric Plant Disease\Rhizome Healthy Root\Rhizome Healthy Root00079.JPG,https://data.mendeley.com/public-files/datasets/g46dvrcvwn/files/fb82efd6-bd52-488e-be42-f4e2e619088b/file_downloaded
Dataset_02_g46dvrcvwn,Rhizome Healthy Root00080.JPG,original,Rhizome_Healthy_Roots,Rhizome Healthy Root,NOT_PROVIDED_PER_FILE (ZIP_VERIFIED),30876a0da4aa488db7082d6283fb88bf1007ea070ab7a0b4592533a792bcf9f5,ZIP_SHA256_VERIFIED,effce88030f8fcff,299684,,SUCCESS,D:\curuma\turmeric_datasets\dataset_02\original\Turmeric Plant Disease\Rhizome Healthy Root\Rhizome Healthy Root00080.JPG,https://data.mendeley.com/public-files/datasets/g46dvrcvwn/files/fb82efd6-bd52-488e-be42-f4e2e619088b/file_downloaded
Dataset_02_g46dvrcvwn,Rhizome Healthy Root00081.JPG,original,Rhizome_Healthy_Roots,Rhizome Healthy Root,NOT_PROVIDED_PER_FILE (ZIP_VERIFIED),e0ecc65567e10ac790364845ec5fc2fee6735d2d8fe787a56ff27ffe9b00fbdc,ZIP_SHA256_VERIFIED,dfc3c3070f0f07e7,316627,,SUCCESS,D:\curuma\turmeric_datasets\dataset_02\original\Turmeric Plant Disease\Rhizome Healthy Root\Rhizome Healthy Root00081.JPG,https://data.mendeley.com/public-files/datasets/g46dvrcvwn/files/fb82efd6-bd52-488e-be42-f4e2e619088b/file_downloaded
Dataset_02_g46dvrcvwn,Rhizome Healthy Root00082.JPG,original,Rhizome_Healthy_Roots,Rhizome Healthy Root,NOT_PROVIDED_PER_FILE (ZIP_VERIFIED),7315b048319c3df8366f8351b245435c6f9024f6ab57b554a575a383fcd1b437,ZIP_SHA256_VERIFIED,dfc3c3070f0f07e7,315723,,SUCCESS,D:\curuma\turmeric_datasets\dataset_02\original\Turmeric Plant Disease\Rhizome Healthy Root\Rhizome Healthy Root00082.JPG,https://data.mendeley.com/public-files/datasets/g46dvrcvwn/files/fb82efd6-bd52-488e-be42-f4e2e619088b/file_downloaded
Dataset_02_g46dvrcvwn,Rhizome Healthy Root00083.JPG,original,Rhizome_Healthy_Roots,Rhizome Healthy Root,NOT_PROVIDED_PER_FILE (ZIP_VERIFIED),cf14c27dd67c7bbe9194e1f3915e624d8d835c9bdf63b38c058b254391e43089,ZIP_SHA256_VERIFIED,ffc3c3070f0f07e7,334643,,SUCCESS,D:\curuma\turmeric_datasets\dataset_02\original\Turmeric Plant Disease\Rhizome Healthy Root\Rhizome Healthy Root00083.JPG,https://data.mendeley.com/public-files/datasets/g46dvrcvwn/files/fb82efd6-bd52-488e-be42-f4e2e619088b/file_downloaded
Dataset_02_g46dvrcvwn,Rhizome Healthy Root00084.JPG,original,Rhizome_Healthy_Roots,Rhizome Healthy Root,NOT_PROVIDED_PER_FILE (ZIP_VERIFIED),e9cc13b31b831157324a8c2186203d0271e68e8241b47fe67fb42af8f0ffdf5f,ZIP_SHA256_VERIFIED,ffc3c3070f0f07e7,335279,,SUCCESS,D:\curuma\turmeric_datasets\dataset_02\original\Turmeric Plant Disease\Rhizome Healthy Root\Rhizome Healthy Root00084.JPG,https://data.mendeley.com/public-files/datasets/g46dvrcvwn/files/fb82efd6-bd52-488e-be42-f4e2e619088b/file_downloaded
Dataset_02_g46dvrcvwn,Rhizome Healthy Root00085.JPG,original,Rhizome_Healthy_Roots,Rhizome Healthy Root,NOT_PROVIDED_PER_FILE (ZIP_VERIFIED),ee587d725c62d59c56d4dea67e84cf4ba9079201765245d0535fa5073f2ebd62,ZIP_SHA256_VERIFIED,ffc3c1070f0f07e7,334819,,SUCCESS,D:\curuma\turmeric_datasets\dataset_02\original\Turmeric Plant Disease\Rhizome Healthy Root\Rhizome Healthy Root00085.JPG,https://data.mendeley.com/public-files/datasets/g46dvrcvwn/files/fb82efd6-bd52-488e-be42-f4e2e619088b/file_downloaded
Dataset_02_g46dvrcvwn,Rhizome Healthy Root00086.JPG,original,Rhizome_Healthy_Roots,Rhizome Healthy Root,NOT_PROVIDED_PER_FILE (ZIP_VERIFIED),3198b8a6dabb6df7ea03a6a8929e1f6265f77bf1d84967fcfc37300c1775faee,ZIP_SHA256_VERIFIED,d3c183070f07c7ff,308707,,SUCCESS,D:\curuma\turmeric_datasets\dataset_02\original\Turmeric Plant Disease\Rhizome Healthy Root\Rhizome Healthy Root00086.JPG,https://data.mendeley.com/public-files/datasets/g46dvrcvwn/files/fb82efd6-bd52-488e-be42-f4e2e619088b/file_downloaded
Dataset_02_g46dvrcvwn,Rhizome Healthy Root00087.JPG,original,Rhizome_Healthy_Roots,Rhizome Healthy Root,NOT_PROVIDED_PER_FILE (ZIP_VERIFIED),267a9bf2d120fb911e4c106e5014f3d40dade7f5d57fe6eee08d8cd6f91a94ff,ZIP_SHA256_VERIFIED,c3c183870707e7ff,309578,,SUCCESS,D:\curuma\turmeric_datasets\dataset_02\original\Turmeric Plant Disease\Rhizome Healthy Root\Rhizome Healthy Root00087.JPG,https://data.mendeley.com/public-files/datasets/g46dvrcvwn/files/fb82efd6-bd52-488e-be42-f4e2e619088b/file_downloaded
Dataset_02_g46dvrcvwn,Rhizome Healthy Root00088.JPG,original,Rhizome_Healthy_Roots,Rhizome Healthy Root,NOT_PROVIDED_PER_FILE (ZIP_VERIFIED),3fcb98106b521884f8ae8cdc20d57330609b6d53afe90dc24848a35c4599aad8,ZIP_SHA256_VERIFIED,e3c107870707e7ff,319237,,SUCCESS,D:\curuma\turmeric_datasets\dataset_02\original\Turmeric Plant Disease\Rhizome Healthy Root\Rhizome Healthy Root00088.JPG,https://data.mendeley.com/public-files/datasets/g46dvrcvwn/files/fb82efd6-bd52-488e-be42-f4e2e619088b/file_downloaded
Dataset_02_g46dvrcvwn,Rhizome Healthy Root00089.JPG,original,Rhizome_Healthy_Roots,Rhizome Healthy Root,NOT_PROVIDED_PER_FILE (ZIP_VERIFIED),368cca0dcc3f58bd23d60d010bfe7a9f589d40dde10778e111faae55af16c933,ZIP_SHA256_VERIFIED,e3c107870707f7ff,321348,,SUCCESS,D:\curuma\turmeric_datasets\dataset_02\original\Turmeric Plant Disease\Rhizome Healthy Root\Rhizome Healthy Root00089.JPG,https://data.mendeley.com/public-files/datasets/g46dvrcvwn/files/fb82efd6-bd52-488e-be42-f4e2e619088b/file_downloaded
Dataset_02_g46dvrcvwn,Rhizome Healthy Root00090.JPG,original,Rhizome_Healthy_Roots,Rhizome Healthy Root,NOT_PROVIDED_PER_FILE (ZIP_VERIFIED),9dcb865e75c8da7d3ce5e0d09dd2f08101fb8be8eff94faccc506e47fd893941,ZIP_SHA256_VERIFIED,fcd0f0c08179ffff,286832,,SUCCESS,D:\curuma\turmeric_datasets\dataset_02\original\Turmeric Plant Disease\Rhizome Healthy Root\Rhizome Healthy Root00090.JPG,https://data.mendeley.com/public-files/datasets/g46dvrcvwn/files/fb82efd6-bd52-488e-be42-f4e2e619088b/file_downloaded
Dataset_02_g46dvrcvwn,Rhizome Healthy Root00091.JPG,original,Rhizome_Healthy_Roots,Rhizome Healthy Root,NOT_PROVIDED_PER_FILE (ZIP_VERIFIED),4ba5d66acdea26fe11f563a8c8668f8b150c0d361e8c592e0c4919675badf358,ZIP_SHA256_VERIFIED,fcd0f0c08179ffff,287402,,SUCCESS,D:\curuma\turmeric_datasets\dataset_02\original\Turmeric Plant Disease\Rhizome Healthy Root\Rhizome Healthy Root00091.JPG,https://data.mendeley.com/public-files/datasets/g46dvrcvwn/files/fb82efd6-bd52-488e-be42-f4e2e619088b/file_downloaded
Dataset_02_g46dvrcvwn,Rhizome Healthy Root00092.JPG,original,Rhizome_Healthy_Roots,Rhizome Healthy Root,NOT_PROVIDED_PER_FILE (ZIP_VERIFIED),291f2cfa921421aa64c8642f2602ed0f9027a1af1eb9ca4e977f224d0ce368ca,ZIP_SHA256_VERIFIED,fcd0f0c08179ffff,305046,,SUCCESS,D:\curuma\turmeric_datasets\dataset_02\original\Turmeric Plant Disease\Rhizome Healthy Root\Rhizome Healthy Root00092.JPG,https://data.mendeley.com/public-files/datasets/g46dvrcvwn/files/fb82efd6-bd52-488e-be42-f4e2e619088b/file_downloaded
Dataset_02_g46dvrcvwn,Rhizome Healthy Root00096.JPG,original,Rhizome_Healthy_Roots,Rhizome Healthy Root,NOT_PROVIDED_PER_FILE (ZIP_VERIFIED),7e3afe336820158f3bb7319cbab4a82dfe1f61532ba2df3fa56fecdd50b1c13d,ZIP_SHA256_VERIFIED,7fecf8c00070fcfe,294920,,SUCCESS,D:\curuma\turmeric_datasets\dataset_02\original\Turmeric Plant Disease\Rhizome Healthy Root\Rhizome Healthy Root00096.JPG,https://data.mendeley.com/public-files/datasets/g46dvrcvwn/files/fb82efd6-bd52-488e-be42-f4e2e619088b/file_downloaded
Dataset_02_g46dvrcvwn,Rhizome Healthy Root00097.JPG,original,Rhizome_Healthy_Roots,Rhizome Healthy Root,NOT_PROVIDED_PER_FILE (ZIP_VERIFIED),7be979632a29f9501fc7cafeb98c9e1a689d6f288293f48d4d01c47399135349,ZIP_SHA256_VERIFIED,7fecf8c08070fcfe,299847,,SUCCESS,D:\curuma\turmeric_datasets\dataset_02\original\Turmeric Plant Disease\Rhizome Healthy Root\Rhizome Healthy Root00097.JPG,https://data.mendeley.com/public-files/datasets/g46dvrcvwn/files/fb82efd6-bd52-488e-be42-f4e2e619088b/file_downloaded
Dataset_02_g46dvrcvwn,Rhizome Healthy Root00098.JPG,original,Rhizome_Healthy_Roots,Rhizome Healthy Root,NOT_PROVIDED_PER_FILE (ZIP_VERIFIED),32406912d85f66fb3996459b629428e2d41276320b0fa0adf1696340913b81d6,ZIP_SHA256_VERIFIED,7e87070f1f1f0fcf,270268,,SUCCESS,D:\curuma\turmeric_datasets\dataset_02\original\Turmeric Plant Disease\Rhizome Healthy Root\Rhizome Healthy Root00098.JPG,https://data.mendeley.com/public-files/datasets/g46dvrcvwn/files/fb82efd6-bd52-488e-be42-f4e2e619088b/file_downloaded
Dataset_02_g46dvrcvwn,Rhizome Healthy Root00099.JPG,original,Rhizome_Healthy_Roots,Rhizome Healthy Root,NOT_PROVIDED_PER_FILE (ZIP_VERIFIED),f7fdf240f4a4b3cad2c33c5a5774eb34cbdcf3dfadc3946e5a55e1f21014ce4c,ZIP_SHA256_VERIFIED,be87830f0f1f0fcf,285371,,SUCCESS,D:\curuma\turmeric_datasets\dataset_02\original\Turmeric Plant Disease\Rhizome Healthy Root\Rhizome Healthy Root00099.JPG,https://data.mendeley.com/public-files/datasets/g46dvrcvwn/files/fb82efd6-bd52-488e-be42-f4e2e619088b/file_downloaded
Dataset_02_g46dvrcvwn,Rhizome Healthy Root00100.JPG,original,Rhizome_Healthy_Roots,Rhizome Healthy Root,NOT_PROVIDED_PER_FILE (ZIP_VERIFIED),08d9215effb001b717b3c28086ce9dc5f496e541f1d9b324e9520b926e6cc67c,ZIP_SHA256_VERIFIED,be87830f0f0f0fcf,310351,,SUCCESS,D:\curuma\turmeric_datasets\dataset_02\original\Turmeric Plant Disease\Rhizome Healthy Root\Rhizome Healthy Root00100.JPG,https://data.mendeley.com/public-files/datasets/g46dvrcvwn/files/fb82efd6-bd52-488e-be42-f4e2e619088b/file_downloaded
Dataset_02_g46dvrcvwn,Rhizome Healthy Root00101.JPG,original,Rhizome_Healthy_Roots,Rhizome Healthy Root,NOT_PROVIDED_PER_FILE (ZIP_VERIFIED),1f43cb235254d892e51f1564d154d1e4b8b2677e929959e7b4f0e4c77a5f5ea8,ZIP_SHA256_VERIFIED,fe87830f0f0f0fcf,309127,,SUCCESS,D:\curuma\turmeric_datasets\dataset_02\original\Turmeric Plant Disease\Rhizome Healthy Root\Rhizome Healthy Root00101.JPG,https://data.mendeley.com/public-files/datasets/g46dvrcvwn/files/fb82efd6-bd52-488e-be42-f4e2e619088b/file_downloaded
Dataset_02_g46dvrcvwn,Rhizome Healthy Root00102.JPG,original,Rhizome_Healthy_Roots,Rhizome Healthy Root,NOT_PROVIDED_PER_FILE (ZIP_VERIFIED),42ed63fbc1a84d627ef27ec356342cf7d62182b1cfb585f9cbc082ed88702993,ZIP_SHA256_VERIFIED,f7e7e38000c7dfff,278866,,SUCCESS,D:\curuma\turmeric_datasets\dataset_02\original\Turmeric Plant Disease\Rhizome Healthy Root\Rhizome Healthy Root00102.JPG,https://data.mendeley.com/public-files/datasets/g46dvrcvwn/files/fb82efd6-bd52-488e-be42-f4e2e619088b/file_downloaded
Dataset_02_g46dvrcvwn,Rhizome Healthy Root00103.JPG,original,Rhizome_Healthy_Roots,Rhizome Healthy Root,NOT_PROVIDED_PER_FILE (ZIP_VERIFIED),1a182a290d5ec92d08bc0bb7826ce7992966ad9ac025b6731f8d48f1b0071cec,ZIP_SHA256_VERIFIED,f7e7e38000c7dfff,280149,,SUCCESS,D:\curuma\turmeric_datasets\dataset_02\original\Turmeric Plant Disease\Rhizome Healthy Root\Rhizome Healthy Root00103.JPG,https://data.mendeley.com/public-files/datasets/g46dvrcvwn/files/fb82efd6-bd52-488e-be42-f4e2e619088b/file_downloaded
Dataset_02_g46dvrcvwn,Rhizome Healthy Root00104.JPG,original,Rhizome_Healthy_Roots,Rhizome Healthy Root,NOT_PROVIDED_PER_FILE (ZIP_VERIFIED),c6e84c358fef466d5d651d6badc72f487938a8971667c64a8b9cd6ba4e2a15f6,ZIP_SHA256_VERIFIED,f7e7e38100c7dfff,290808,,SUCCESS,D:\curuma\turmeric_datasets\dataset_02\original\Turmeric Plant Disease\Rhizome Healthy Root\Rhizome Healthy Root00104.JPG,https://data.mendeley.com/public-files/datasets/g46dvrcvwn/files/fb82efd6-bd52-488e-be42-f4e2e619088b/file_downloaded
Dataset_02_g46dvrcvwn,Rhizome Healthy Root00105.JPG,original,Rhizome_Healthy_Roots,Rhizome Healthy Root,NOT_PROVIDED_PER_FILE (ZIP_VERIFIED),a2fcddb1e0a5ba244dbb5b164d340f19134e3e15c383d7fff18cf654f226249f,ZIP_SHA256_VERIFIED,f3e78301c087ffff,277126,,SUCCESS,D:\curuma\turmeric_datasets\dataset_02\original\Turmeric Plant Disease\Rhizome Healthy Root\Rhizome Healthy Root00105.JPG,https://data.mendeley.com/public-files/datasets/g46dvrcvwn/files/fb82efd6-bd52-488e-be42-f4e2e619088b/file_downloaded
Dataset_02_g46dvrcvwn,Rhizome Healthy Root00106.JPG,original,Rhizome_Healthy_Roots,Rhizome Healthy Root,NOT_PROVIDED_PER_FILE (ZIP_VERIFIED),792099df3f2fb91a62d25fc739635a820e6c5be3fb678f74f5b5b0d40f2c3209,ZIP_SHA256_VERIFIED,f7e78301c0c5ffff,274926,,SUCCESS,D:\curuma\turmeric_datasets\dataset_02\original\Turmeric Plant Disease\Rhizome Healthy Root\Rhizome Healthy Root00106.JPG,https://data.mendeley.com/public-files/datasets/g46dvrcvwn/files/fb82efd6-bd52-488e-be42-f4e2e619088b/file_downloaded
Dataset_02_g46dvrcvwn,Rhizome Healthy Root00107.JPG,original,Rhizome_Healthy_Roots,Rhizome Healthy Root,NOT_PROVIDED_PER_FILE (ZIP_VERIFIED),017cc054582ac4cf8d0e919aa024caa2617a290a63fbfbdb4d191d3865b199b3,ZIP_SHA256_VERIFIED,fff7e7e381c0c7df,271018,,SUCCESS,D:\curuma\turmeric_datasets\dataset_02\original\Turmeric Plant Disease\Rhizome Healthy Root\Rhizome Healthy Root00107.JPG,https://data.mendeley.com/public-files/datasets/g46dvrcvwn/files/fb82efd6-bd52-488e-be42-f4e2e619088b/file_downloaded
Dataset_02_g46dvrcvwn,Rhizome Healthy Root00108.JPG,original,Rhizome_Healthy_Roots,Rhizome Healthy Root,NOT_PROVIDED_PER_FILE (ZIP_VERIFIED),18e4940395fcfda25175bff6b6cd19d48dd2ddfe0f0e68e9351caffce53c2aa0,ZIP_SHA256_VERIFIED,fff7e7e381c0c5df,269618,,SUCCESS,D:\curuma\turmeric_datasets\dataset_02\original\Turmeric Plant Disease\Rhizome Healthy Root\Rhizome Healthy Root00108.JPG,https://data.mendeley.com/public-files/datasets/g46dvrcvwn/files/fb82efd6-bd52-488e-be42-f4e2e619088b/file_downloaded
Dataset_02_g46dvrcvwn,Rhizome Healthy Root00109.JPG,original,Rhizome_Healthy_Roots,Rhizome Healthy Root,NOT_PROVIDED_PER_FILE (ZIP_VERIFIED),c8566ecdf7862e79a74895206bca12089fa6d2487a25486781aeaf4fef0aaef2,ZIP_SHA256_VERIFIED,fff7f3e38180c4df,284547,,SUCCESS,D:\curuma\turmeric_datasets\dataset_02\original\Turmeric Plant Disease\Rhizome Healthy Root\Rhizome Healthy Root00109.JPG,https://data.mendeley.com/public-files/datasets/g46dvrcvwn/files/fb82efd6-bd52-488e-be42-f4e2e619088b/file_downloaded
Dataset_02_g46dvrcvwn,Rhizome Healthy Root00110.JPG,original,Rhizome_Healthy_Roots,Rhizome Healthy Root,NOT_PROVIDED_PER_FILE (ZIP_VERIFIED),64dddffe8d5261c760844e4a37a91bac73ddbed47c0aa4b934e31f60d5986398,ZIP_SHA256_VERIFIED,fff7f3e38180c4df,280875,,SUCCESS,D:\curuma\turmeric_datasets\dataset_02\original\Turmeric Plant Disease\Rhizome Healthy Root\Rhizome Healthy Root00110.JPG,https://data.mendeley.com/public-files/datasets/g46dvrcvwn/files/fb82efd6-bd52-488e-be42-f4e2e619088b/file_downloaded
Dataset_02_g46dvrcvwn,Rhizome Healthy Root00111.JPG,original,Rhizome_Healthy_Roots,Rhizome Healthy Root,NOT_PROVIDED_PER_FILE (ZIP_VERIFIED),4ceb9b8e00e67fc3b29731d8799d7f6bcc92809c5561c2f9cfee77bf4970b65a,ZIP_SHA256_VERIFIED,fbf9f0f0c080f1e7,279789,,SUCCESS,D:\curuma\turmeric_datasets\dataset_02\original\Turmeric Plant Disease\Rhizome Healthy Root\Rhizome Healthy Root00111.JPG,https://data.mendeley.com/public-files/datasets/g46dvrcvwn/files/fb82efd6-bd52-488e-be42-f4e2e619088b/file_downloaded
Dataset_02_g46dvrcvwn,Rhizome Healthy Root00112.JPG,original,Rhizome_Healthy_Roots,Rhizome Healthy Root,NOT_PROVIDED_PER_FILE (ZIP_VERIFIED),f201e85df27c6a440f40054c468070a60e68c05c544dd30f17a168bf652304b7,ZIP_SHA256_VERIFIED,fbf9f1f0c080f1e7,277551,,SUCCESS,D:\curuma\turmeric_datasets\dataset_02\original\Turmeric Plant Disease\Rhizome Healthy Root\Rhizome Healthy Root00112.JPG,https://data.mendeley.com/public-files/datasets/g46dvrcvwn/files/fb82efd6-bd52-488e-be42-f4e2e619088b/file_downloaded
Dataset_02_g46dvrcvwn,Rhizome Healthy Root00114.JPG,original,Rhizome_Healthy_Roots,Rhizome Healthy Root,NOT_PROVIDED_PER_FILE (ZIP_VERIFIED),ae6ea41d7da0a42605fc1a24e13259b6f63d4052a6b22ddf5041c76f1918af1b,ZIP_SHA256_VERIFIED,ffcf8f0f070303ff,267184,,SUCCESS,D:\curuma\turmeric_datasets\dataset_02\original\Turmeric Plant Disease\Rhizome Healthy Root\Rhizome Healthy Root00114.JPG,https://data.mendeley.com/public-files/datasets/g46dvrcvwn/files/fb82efd6-bd52-488e-be42-f4e2e619088b/file_downloaded
Dataset_02_g46dvrcvwn,Rhizome Healthy Root00115.JPG,original,Rhizome_Healthy_Roots,Rhizome Healthy Root,NOT_PROVIDED_PER_FILE (ZIP_VERIFIED),46f178cee75f015ad34cc29a220aedb614d87dbc84fac151051ff394b780102d,ZIP_SHA256_VERIFIED,ffcf8f0f0f0703b3,267369,,SUCCESS,D:\curuma\turmeric_datasets\dataset_02\original\Turmeric Plant Disease\Rhizome Healthy Root\Rhizome Healthy Root00115.JPG,https://data.mendeley.com/public-files/datasets/g46dvrcvwn/files/fb82efd6-bd52-488e-be42-f4e2e619088b/file_downloaded
Dataset_02_g46dvrcvwn,Rhizome Healthy Root00117.JPG,original,Rhizome_Healthy_Roots,Rhizome Healthy Root,NOT_PROVIDED_PER_FILE (ZIP_VERIFIED),a4640ec31b77290af5bd6eced09350dea4d014063c1e2cf75a1c6851d947e3f3,ZIP_SHA256_VERIFIED,ffefcf0f0f070333,271865,,SUCCESS,D:\curuma\turmeric_datasets\dataset_02\original\Turmeric Plant Disease\Rhizome Healthy Root\Rhizome Healthy Root00117.JPG,https://data.mendeley.com/public-files/datasets/g46dvrcvwn/files/fb82efd6-bd52-488e-be42-f4e2e619088b/file_downloaded
Dataset_02_g46dvrcvwn,Rhizome Healthy Root00118.JPG,original,Rhizome_Healthy_Roots,Rhizome Healthy Root,NOT_PROVIDED_PER_FILE (ZIP_VERIFIED),26b1bbdb312d75367bb4139ebc0cbc514c1ffdec14ac9b6dac5b234d08af93de,ZIP_SHA256_VERIFIED,ffefcf0f0f070333,270771,,SUCCESS,D:\curuma\turmeric_datasets\dataset_02\original\Turmeric Plant Disease\Rhizome Healthy Root\Rhizome Healthy Root00118.JPG,https://data.mendeley.com/public-files/datasets/g46dvrcvwn/files/fb82efd6-bd52-488e-be42-f4e2e619088b/file_downloaded
Dataset_02_g46dvrcvwn,Rhizome Healthy Root00119.JPG,original,Rhizome_Healthy_Roots,Rhizome Healthy Root,NOT_PROVIDED_PER_FILE (ZIP_VERIFIED),a81d33e08f5ac0cbf7e6a59843c84080901abdacb3570c130ff6ae276a11c676,ZIP_SHA256_VERIFIED,fff7e3e70301c08d,292216,,SUCCESS,D:\curuma\turmeric_datasets\dataset_02\original\Turmeric Plant Disease\Rhizome Healthy Root\Rhizome Healthy Root00119.JPG,https://data.mendeley.com/public-files/datasets/g46dvrcvwn/files/fb82efd6-bd52-488e-be42-f4e2e619088b/file_downloaded
Dataset_02_g46dvrcvwn,Rhizome Healthy Root00120.JPG,original,Rhizome_Healthy_Roots,Rhizome Healthy Root,NOT_PROVIDED_PER_FILE (ZIP_VERIFIED),1f6ad88288ec6f7beafe0c0c3bffc097555f6856a31f9c77a0498d378837d034,ZIP_SHA256_VERIFIED,fff7e3c70301c08d,308204,,SUCCESS,D:\curuma\turmeric_datasets\dataset_02\original\Turmeric Plant Disease\Rhizome Healthy Root\Rhizome Healthy Root00120.JPG,https://data.mendeley.com/public-files/datasets/g46dvrcvwn/files/fb82efd6-bd52-488e-be42-f4e2e619088b/file_downloaded
Dataset_02_g46dvrcvwn,Rhizome Healthy Root00121.JPG,original,Rhizome_Healthy_Roots,Rhizome Healthy Root,NOT_PROVIDED_PER_FILE (ZIP_VERIFIED),a439739a854012b5e4aa038ac7de6b6db5de7b801749593613d18378440d2663,ZIP_SHA256_VERIFIED,fbc38383818f8f9f,322532,,SUCCESS,D:\curuma\turmeric_datasets\dataset_02\original\Turmeric Plant Disease\Rhizome Healthy Root\Rhizome Healthy Root00121.JPG,https://data.mendeley.com/public-files/datasets/g46dvrcvwn/files/fb82efd6-bd52-488e-be42-f4e2e619088b/file_downloaded
Dataset_02_g46dvrcvwn,Rhizome Healthy Root00122.JPG,original,Rhizome_Healthy_Roots,Rhizome Healthy Root,NOT_PROVIDED_PER_FILE (ZIP_VERIFIED),63c8b07d248df10bf77ad69fa52f37ef48e7196f1f649d0fe49a38e9011cd047,ZIP_SHA256_VERIFIED,fbc38383818f8f9f,318693,,SUCCESS,D:\curuma\turmeric_datasets\dataset_02\original\Turmeric Plant Disease\Rhizome Healthy Root\Rhizome Healthy Root00122.JPG,https://data.mendeley.com/public-files/datasets/g46dvrcvwn/files/fb82efd6-bd52-488e-be42-f4e2e619088b/file_downloaded
Dataset_02_g46dvrcvwn,Rhizome Healthy Root00123.JPG,original,Rhizome_Healthy_Roots,Rhizome Healthy Root,NOT_PROVIDED_PER_FILE (ZIP_VERIFIED),b27e063ac53c71ef1c1e6d2c66e93a31a0c146dbdf93c6e876e0cf2fa0b09408,ZIP_SHA256_VERIFIED,fbc38183818f8f9f,337837,,SUCCESS,D:\curuma\turmeric_datasets\dataset_02\original\Turmeric Plant Disease\Rhizome Healthy Root\Rhizome Healthy Root00123.JPG,https://data.mendeley.com/public-files/datasets/g46dvrcvwn/files/fb82efd6-bd52-488e-be42-f4e2e619088b/file_downloaded
Dataset_02_g46dvrcvwn,Rhizome Healthy Root00124.JPG,original,Rhizome_Healthy_Roots,Rhizome Healthy Root,NOT_PROVIDED_PER_FILE (ZIP_VERIFIED),64c9bae6ea0df9f11afebb4db376aedcedef0466c533355012b993f341a6b63f,ZIP_SHA256_VERIFIED,ffc181c1838d1f9f,362289,,SUCCESS,D:\curuma\turmeric_datasets\dataset_02\original\Turmeric Plant Disease\Rhizome Healthy Root\Rhizome Healthy Root00124.JPG,https://data.mendeley.com/public-files/datasets/g46dvrcvwn/files/fb82efd6-bd52-488e-be42-f4e2e619088b/file_downloaded
Dataset_02_g46dvrcvwn,Rhizome Healthy Root00125.JPG,original,Rhizome_Healthy_Roots,Rhizome Healthy Root,NOT_PROVIDED_PER_FILE (ZIP_VERIFIED),921398fead14a018233cee48d6314b31a480fd3eb69836c9965c186ad617d59a,ZIP_SHA256_VERIFIED,ffc181c1838d1f9f,366051,,SUCCESS,D:\curuma\turmeric_datasets\dataset_02\original\Turmeric Plant Disease\Rhizome Healthy Root\Rhizome Healthy Root00125.JPG,https://data.mendeley.com/public-files/datasets/g46dvrcvwn/files/fb82efd6-bd52-488e-be42-f4e2e619088b/file_downloaded
Dataset_02_g46dvrcvwn,Rhizome Healthy Root00126.JPG,original,Rhizome_Healthy_Roots,Rhizome Healthy Root,NOT_PROVIDED_PER_FILE (ZIP_VERIFIED),d718c0ad1923ae99dd9e7212cca4aa95ba6e5aeb7828197a6f3a3cc6257bd235,ZIP_SHA256_VERIFIED,c081c082878f8fcf,375465,,SUCCESS,D:\curuma\turmeric_datasets\dataset_02\original\Turmeric Plant Disease\Rhizome Healthy Root\Rhizome Healthy Root00126.JPG,https://data.mendeley.com/public-files/datasets/g46dvrcvwn/files/fb82efd6-bd52-488e-be42-f4e2e619088b/file_downloaded
Dataset_02_g46dvrcvwn,Rhizome Healthy Root00127.JPG,original,Rhizome_Healthy_Roots,Rhizome Healthy Root,NOT_PROVIDED_PER_FILE (ZIP_VERIFIED),ba1c1d6b8c96e6032fd455e67371e4a245e11f5de15432acc9f12fcfd1a3d349,ZIP_SHA256_VERIFIED,c081c082878f8fdf,369495,,SUCCESS,D:\curuma\turmeric_datasets\dataset_02\original\Turmeric Plant Disease\Rhizome Healthy Root\Rhizome Healthy Root00127.JPG,https://data.mendeley.com/public-files/datasets/g46dvrcvwn/files/fb82efd6-bd52-488e-be42-f4e2e619088b/file_downloaded
Dataset_02_g46dvrcvwn,Rhizome Healthy Root00131.JPG,original,Rhizome_Healthy_Roots,Rhizome Healthy Root,NOT_PROVIDED_PER_FILE (ZIP_VERIFIED),62d363ff72221205f95a147f699ba61d8986d00b2bb24173b20d26056e9f0943,ZIP_SHA256_VERIFIED,830383890f1f3fbf,341002,,SUCCESS,D:\curuma\turmeric_datasets\dataset_02\original\Turmeric Plant Disease\Rhizome Healthy Root\Rhizome Healthy Root00131.JPG,https://data.mendeley.com/public-files/datasets/g46dvrcvwn/files/fb82efd6-bd52-488e-be42-f4e2e619088b/file_downloaded
Dataset_02_g46dvrcvwn,Rhizome Healthy Root00132.JPG,original,Rhizome_Healthy_Roots,Rhizome Healthy Root,NOT_PROVIDED_PER_FILE (ZIP_VERIFIED),042ec5d7518f75a8da6f082711ffe5f16f3417a1c2af75bcb5a79207726fc003,ZIP_SHA256_VERIFIED,db870307031f3fbf,325941,,SUCCESS,D:\curuma\turmeric_datasets\dataset_02\original\Turmeric Plant Disease\Rhizome Healthy Root\Rhizome Healthy Root00132.JPG,https://data.mendeley.com/public-files/datasets/g46dvrcvwn/files/fb82efd6-bd52-488e-be42-f4e2e619088b/file_downloaded
Dataset_02_g46dvrcvwn,Rhizome Healthy Root00134.JPG,original,Rhizome_Healthy_Roots,Rhizome Healthy Root,NOT_PROVIDED_PER_FILE (ZIP_VERIFIED),0bb458bad5317cbb2991897ca290d1d01adcae86bae625b79dec795245e230b4,ZIP_SHA256_VERIFIED,db8703870b1f3fbf,339688,,SUCCESS,D:\curuma\turmeric_datasets\dataset_02\original\Turmeric Plant Disease\Rhizome Healthy Root\Rhizome Healthy Root00134.JPG,https://data.mendeley.com/public-files/datasets/g46dvrcvwn/files/fb82efd6-bd52-488e-be42-f4e2e619088b/file_downloaded
Dataset_02_g46dvrcvwn,Rhizome Healthy Root00135.JPG,original,Rhizome_Healthy_Roots,Rhizome Healthy Root,NOT_PROVIDED_PER_FILE (ZIP_VERIFIED),583bcaa0b150acc97c98d2e0a7834b34f715f82dc4ad2cbf1aec09a3473f5544,ZIP_SHA256_VERIFIED,db8703870b1f3fbf,340160,,SUCCESS,D:\curuma\turmeric_datasets\dataset_02\original\Turmeric Plant Disease\Rhizome Healthy Root\Rhizome Healthy Root00135.JPG,https://data.mendeley.com/public-files/datasets/g46dvrcvwn/files/fb82efd6-bd52-488e-be42-f4e2e619088b/file_downloaded
Dataset_02_g46dvrcvwn,Rhizome Healthy Root00136.JPG,original,Rhizome_Healthy_Roots,Rhizome Healthy Root,NOT_PROVIDED_PER_FILE (ZIP_VERIFIED),b8266d61350e076e853c89f5d680f4db7963e4281a2a8cd27aeab82753258414,ZIP_SHA256_VERIFIED,db8703870b1f3fbf,331907,,SUCCESS,D:\curuma\turmeric_datasets\dataset_02\original\Turmeric Plant Disease\Rhizome Healthy Root\Rhizome Healthy Root00136.JPG,https://data.mendeley.com/public-files/datasets/g46dvrcvwn/files/fb82efd6-bd52-488e-be42-f4e2e619088b/file_downloaded
Dataset_02_g46dvrcvwn,Rhizome Healthy Root00137.JPG,original,Rhizome_Healthy_Roots,Rhizome Healthy Root,NOT_PROVIDED_PER_FILE (ZIP_VERIFIED),0d6e48a6e9bf87c5bfa7b6e0991a0b4b781971477722979567bf4b1decd7069b,ZIP_SHA256_VERIFIED,eb838383818f9f9f,344992,,SUCCESS,D:\curuma\turmeric_datasets\dataset_02\original\Turmeric Plant Disease\Rhizome Healthy Root\Rhizome Healthy Root00137.JPG,https://data.mendeley.com/public-files/datasets/g46dvrcvwn/files/fb82efd6-bd52-488e-be42-f4e2e619088b/file_downloaded
Dataset_02_g46dvrcvwn,Rhizome Healthy Root00138.JPG,original,Rhizome_Healthy_Roots,Rhizome Healthy Root,NOT_PROVIDED_PER_FILE (ZIP_VERIFIED),c0af7429cece0a2f05c44f5e8d015fb6b4d847684a703d8178ccb3cbc12b9952,ZIP_SHA256_VERIFIED,e9c38183818f9f9f,347938,,SUCCESS,D:\curuma\turmeric_datasets\dataset_02\original\Turmeric Plant Disease\Rhizome Healthy Root\Rhizome Healthy Root00138.JPG,https://data.mendeley.com/public-files/datasets/g46dvrcvwn/files/fb82efd6-bd52-488e-be42-f4e2e619088b/file_downloaded
Dataset_02_g46dvrcvwn,Rhizome Healthy Root00139.JPG,original,Rhizome_Healthy_Roots,Rhizome Healthy Root,NOT_PROVIDED_PER_FILE (ZIP_VERIFIED),35572bffad8d03184458f4c991c422ef35348c33a7ac5a279ffafb3bb88f1a1c,ZIP_SHA256_VERIFIED,e3c181c1858f9fdf,345579,,SUCCESS,D:\curuma\turmeric_datasets\dataset_02\original\Turmeric Plant Disease\Rhizome Healthy Root\Rhizome Healthy Root00139.JPG,https://data.mendeley.com/public-files/datasets/g46dvrcvwn/files/fb82efd6-bd52-488e-be42-f4e2e619088b/file_downloaded
Dataset_02_g46dvrcvwn,Rhizome Healthy Root00140.JPG,original,Rhizome_Healthy_Roots,Rhizome Healthy Root,NOT_PROVIDED_PER_FILE (ZIP_VERIFIED),1eeea1553991467f05ecb3d6023876afac7ef5aff8f7ca118a00fc582167cbe6,ZIP_SHA256_VERIFIED,e3c181c1868f8fdf,345207,,SUCCESS,D:\curuma\turmeric_datasets\dataset_02\original\Turmeric Plant Disease\Rhizome Healthy Root\Rhizome Healthy Root00140.JPG,https://data.mendeley.com/public-files/datasets/g46dvrcvwn/files/fb82efd6-bd52-488e-be42-f4e2e619088b/file_downloaded
Dataset_02_g46dvrcvwn,Rhizome Healthy Root00141.JPG,original,Rhizome_Healthy_Roots,Rhizome Healthy Root,NOT_PROVIDED_PER_FILE (ZIP_VERIFIED),e6d318617e99f32a22a1605a7ae8cae32d00adddf1c3f631bc797a9daf991df6,ZIP_SHA256_VERIFIED,c1c0c1c1c78f8fdf,345873,,SUCCESS,D:\curuma\turmeric_datasets\dataset_02\original\Turmeric Plant Disease\Rhizome Healthy Root\Rhizome Healthy Root00141.JPG,https://data.mendeley.com/public-files/datasets/g46dvrcvwn/files/fb82efd6-bd52-488e-be42-f4e2e619088b/file_downloaded
Dataset_02_g46dvrcvwn,Rhizome Healthy Root00142.JPG,original,Rhizome_Healthy_Roots,Rhizome Healthy Root,NOT_PROVIDED_PER_FILE (ZIP_VERIFIED),26a5fc92d8804790467233085723e80824abe2f3713160df3e5e28de47ed3ea3,ZIP_SHA256_VERIFIED,c3c0c1c1878f8fdf,344655,,SUCCESS,D:\curuma\turmeric_datasets\dataset_02\original\Turmeric Plant Disease\Rhizome Healthy Root\Rhizome Healthy Root00142.JPG,https://data.mendeley.com/public-files/datasets/g46dvrcvwn/files/fb82efd6-bd52-488e-be42-f4e2e619088b/file_downloaded
Dataset_02_g46dvrcvwn,Rhizome Healthy Root00143.JPG,original,Rhizome_Healthy_Roots,Rhizome Healthy Root,NOT_PROVIDED_PER_FILE (ZIP_VERIFIED),22fccc3ec43ae6a809f3e2b0a87652f55d9ab1890e273f0405c179d554c83f1c,ZIP_SHA256_VERIFIED,c3c0c1c1878fcfdf,343896,,SUCCESS,D:\curuma\turmeric_datasets\dataset_02\original\Turmeric Plant Disease\Rhizome Healthy Root\Rhizome Healthy Root00143.JPG,https://data.mendeley.com/public-files/datasets/g46dvrcvwn/files/fb82efd6-bd52-488e-be42-f4e2e619088b/file_downloaded
Dataset_02_g46dvrcvwn,Rhizome Healthy Root00144.JPG,original,Rhizome_Healthy_Roots,Rhizome Healthy Root,NOT_PROVIDED_PER_FILE (ZIP_VERIFIED),f95feaad008503ab3eca6495cdb698bcaee0c121e3fcef55a71b37a9250b0322,ZIP_SHA256_VERIFIED,c1c0c1c0c78fcfdf,336759,,SUCCESS,D:\curuma\turmeric_datasets\dataset_02\original\Turmeric Plant Disease\Rhizome Healthy Root\Rhizome Healthy Root00144.JPG,https://data.mendeley.com/public-files/datasets/g46dvrcvwn/files/fb82efd6-bd52-488e-be42-f4e2e619088b/file_downloaded
Dataset_02_g46dvrcvwn,Rhizome Healthy Root00145.JPG,original,Rhizome_Healthy_Roots,Rhizome Healthy Root,NOT_PROVIDED_PER_FILE (ZIP_VERIFIED),d34ffba2f9275a48509069f29bd7746453fab54f06ae1226cd185499e65f230a,ZIP_SHA256_VERIFIED,c1c0c1c0c78fcfdf,337536,,SUCCESS,D:\curuma\turmeric_datasets\dataset_02\original\Turmeric Plant Disease\Rhizome Healthy Root\Rhizome Healthy Root00145.JPG,https://data.mendeley.com/public-files/datasets/g46dvrcvwn/files/fb82efd6-bd52-488e-be42-f4e2e619088b/file_downloaded
Dataset_02_g46dvrcvwn,Rhizome Healthy Root00146.JPG,original,Rhizome_Healthy_Roots,Rhizome Healthy Root,NOT_PROVIDED_PER_FILE (ZIP_VERIFIED),32e922b4378461ca38c20e273b4f2729a7d2fb5b52056a4346ff719a5c710cd4,ZIP_SHA256_VERIFIED,60c0e1c0c7cfcfff,327693,,SUCCESS,D:\curuma\turmeric_datasets\dataset_02\original\Turmeric Plant Disease\Rhizome Healthy Root\Rhizome Healthy Root00146.JPG,https://data.mendeley.com/public-files/datasets/g46dvrcvwn/files/fb82efd6-bd52-488e-be42-f4e2e619088b/file_downloaded
Dataset_02_g46dvrcvwn,Rhizome Healthy Root00147.JPG,original,Rhizome_Healthy_Roots,Rhizome Healthy Root,NOT_PROVIDED_PER_FILE (ZIP_VERIFIED),38c06ab3dc4c91d882639441aaa6d3ad0bf28b8f56ca53cce258563a5147c838,ZIP_SHA256_VERIFIED,e0c0e1c0c7cfcfff,332464,,SUCCESS,D:\curuma\turmeric_datasets\dataset_02\original\Turmeric Plant Disease\Rhizome Healthy Root\Rhizome Healthy Root00147.JPG,https://data.mendeley.com/public-files/datasets/g46dvrcvwn/files/fb82efd6-bd52-488e-be42-f4e2e619088b/file_downloaded
Dataset_02_g46dvrcvwn,Rhizome Healthy Root00148.JPG,original,Rhizome_Healthy_Roots,Rhizome Healthy Root,NOT_PROVIDED_PER_FILE (ZIP_VERIFIED),3305f6618ab26957092f8f776a673e1455226716bb1712340df0842fcb9d401a,ZIP_SHA256_VERIFIED,e1c0c1c0c7cfcfff,321871,,SUCCESS,D:\curuma\turmeric_datasets\dataset_02\original\Turmeric Plant Disease\Rhizome Healthy Root\Rhizome Healthy Root00148.JPG,https://data.mendeley.com/public-files/datasets/g46dvrcvwn/files/fb82efd6-bd52-488e-be42-f4e2e619088b/file_downloaded
Dataset_02_g46dvrcvwn,Rhizome Healthy Root00149.JPG,original,Rhizome_Healthy_Roots,Rhizome Healthy Root,NOT_PROVIDED_PER_FILE (ZIP_VERIFIED),71ae20c3068f00bb311e4c21430aa903ab8fb538cfac5d92f70608fd391a9b90,ZIP_SHA256_VERIFIED,c181c1c0878fcfdf,315190,,SUCCESS,D:\curuma\turmeric_datasets\dataset_02\original\Turmeric Plant Disease\Rhizome Healthy Root\Rhizome Healthy Root00149.JPG,https://data.mendeley.com/public-files/datasets/g46dvrcvwn/files/fb82efd6-bd52-488e-be42-f4e2e619088b/file_downloaded
Dataset_02_g46dvrcvwn,Rhizome Healthy Root00150.JPG,original,Rhizome_Healthy_Roots,Rhizome Healthy Root,NOT_PROVIDED_PER_FILE (ZIP_VERIFIED),e750dd1a812ec664d8e9f1421e6245a46b04be09a408ce501b0d8cb68196f449,ZIP_SHA256_VERIFIED,c38183818f9f9fdf,330547,,SUCCESS,D:\curuma\turmeric_datasets\dataset_02\original\Turmeric Plant Disease\Rhizome Healthy Root\Rhizome Healthy Root00150.JPG,https://data.mendeley.com/public-files/datasets/g46dvrcvwn/files/fb82efd6-bd52-488e-be42-f4e2e619088b/file_downloaded
Dataset_02_g46dvrcvwn,Rhizome Healthy Root00151.JPG,original,Rhizome_Healthy_Roots,Rhizome Healthy Root,NOT_PROVIDED_PER_FILE (ZIP_VERIFIED),d58ffb38e7588b582195285d47ceb9c659d6f9bd1f785da876c400746f9ca6c8,ZIP_SHA256_VERIFIED,c38183818f9f9fff,331900,,SUCCESS,D:\curuma\turmeric_datasets\dataset_02\original\Turmeric Plant Disease\Rhizome Healthy Root\Rhizome Healthy Root00151.JPG,https://data.mendeley.com/public-files/datasets/g46dvrcvwn/files/fb82efd6-bd52-488e-be42-f4e2e619088b/file_downloaded
Dataset_02_g46dvrcvwn,Rhizome Healthy Root00152.JPG,original,Rhizome_Healthy_Roots,Rhizome Healthy Root,NOT_PROVIDED_PER_FILE (ZIP_VERIFIED),8433ea9e023d2eaa2fa02af7516b9dd71987ef4c9ebdd398f82b4e4f4501fc52,ZIP_SHA256_VERIFIED,efe3c18107c5f7ff,293766,,SUCCESS,D:\curuma\turmeric_datasets\dataset_02\original\Turmeric Plant Disease\Rhizome Healthy Root\Rhizome Healthy Root00152.JPG,https://data.mendeley.com/public-files/datasets/g46dvrcvwn/files/fb82efd6-bd52-488e-be42-f4e2e619088b/file_downloaded
Dataset_02_g46dvrcvwn,Rhizome Healthy Root00153.JPG,original,Rhizome_Healthy_Roots,Rhizome Healthy Root,NOT_PROVIDED_PER_FILE (ZIP_VERIFIED),3b83c2dfee060a806f3b79544b857ebe990331b681e4f678f98b0fad7194a6df,ZIP_SHA256_VERIFIED,efc3c18107c5f7ff,295583,,SUCCESS,D:\curuma\turmeric_datasets\dataset_02\original\Turmeric Plant Disease\Rhizome Healthy Root\Rhizome Healthy Root00153.JPG,https://data.mendeley.com/public-files/datasets/g46dvrcvwn/files/fb82efd6-bd52-488e-be42-f4e2e619088b/file_downloaded
Dataset_02_g46dvrcvwn,Rhizome Healthy Root00154.JPG,original,Rhizome_Healthy_Roots,Rhizome Healthy Root,NOT_PROVIDED_PER_FILE (ZIP_VERIFIED),e3bb25c8fdba6c6d6d205eda6a6120ce941542cb701bbbf58514fc7a1cc83f5a,ZIP_SHA256_VERIFIED,efc3c18107e5f7ff,302678,,SUCCESS,D:\curuma\turmeric_datasets\dataset_02\original\Turmeric Plant Disease\Rhizome Healthy Root\Rhizome Healthy Root00154.JPG,https://data.mendeley.com/public-files/datasets/g46dvrcvwn/files/fb82efd6-bd52-488e-be42-f4e2e619088b/file_downloaded
Dataset_02_g46dvrcvwn,Rhizome Healthy Root00155.JPG,original,Rhizome_Healthy_Roots,Rhizome Healthy Root,NOT_PROVIDED_PER_FILE (ZIP_VERIFIED),53bce46cabbcafc4b0486df82c9e81a844bbc8c41a6ebad19e2b8ecc3dbcfb91,ZIP_SHA256_VERIFIED,e3c1c00003e7f2fb,358892,,SUCCESS,D:\curuma\turmeric_datasets\dataset_02\original\Turmeric Plant Disease\Rhizome Healthy Root\Rhizome Healthy Root00155.JPG,https://data.mendeley.com/public-files/datasets/g46dvrcvwn/files/fb82efd6-bd52-488e-be42-f4e2e619088b/file_downloaded
Dataset_02_g46dvrcvwn,Rhizome Healthy Root00156.JPG,original,Rhizome_Healthy_Roots,Rhizome Healthy Root,NOT_PROVIDED_PER_FILE (ZIP_VERIFIED),b7c9041442e722c4b506bb2da2f013f0534fea4e3d38ac555d0c515c9a882235,ZIP_SHA256_VERIFIED,e7c1c18003c7f2fb,352515,,SUCCESS,D:\curuma\turmeric_datasets\dataset_02\original\Turmeric Plant Disease\Rhizome Healthy Root\Rhizome Healthy Root00156.JPG,https://data.mendeley.com/public-files/datasets/g46dvrcvwn/files/fb82efd6-bd52-488e-be42-f4e2e619088b/file_downloaded
Dataset_02_g46dvrcvwn,Rhizome Healthy Root00157.JPG,original,Rhizome_Healthy_Roots,Rhizome Healthy Root,NOT_PROVIDED_PER_FILE (ZIP_VERIFIED),218f6e0bbc849c85f095c4b56aa1d3c5606c9474a4692729f148cf0b4eed608c,ZIP_SHA256_VERIFIED,e7e1c18003c7f2fb,360860,,SUCCESS,D:\curuma\turmeric_datasets\dataset_02\original\Turmeric Plant Disease\Rhizome Healthy Root\Rhizome Healthy Root00157.JPG,https://data.mendeley.com/public-files/datasets/g46dvrcvwn/files/fb82efd6-bd52-488e-be42-f4e2e619088b/file_downloaded
Dataset_02_g46dvrcvwn,Rhizome Healthy Root00158.JPG,original,Rhizome_Healthy_Roots,Rhizome Healthy Root,NOT_PROVIDED_PER_FILE (ZIP_VERIFIED),34b2c8775a40586d9ad9cc84ff91a7e248171743204b6025fd8943763206348b,ZIP_SHA256_VERIFIED,e7e3c1c003c7f2fb,357336,,SUCCESS,D:\curuma\turmeric_datasets\dataset_02\original\Turmeric Plant Disease\Rhizome Healthy Root\Rhizome Healthy Root00158.JPG,https://data.mendeley.com/public-files/datasets/g46dvrcvwn/files/fb82efd6-bd52-488e-be42-f4e2e619088b/file_downloaded
Dataset_02_g46dvrcvwn,Rhizome Healthy Root00159.JPG,original,Rhizome_Healthy_Roots,Rhizome Healthy Root,NOT_PROVIDED_PER_FILE (ZIP_VERIFIED),80edcabcb5b80d873e6c75d9e1d681494ee79f0f9c5f8a8ecc2f42cc2623aa29,ZIP_SHA256_VERIFIED,e7e3c1c00283f6fa,361049,,SUCCESS,D:\curuma\turmeric_datasets\dataset_02\original\Turmeric Plant Disease\Rhizome Healthy Root\Rhizome Healthy Root00159.JPG,https://data.mendeley.com/public-files/datasets/g46dvrcvwn/files/fb82efd6-bd52-488e-be42-f4e2e619088b/file_downloaded
Dataset_02_g46dvrcvwn,Rhizome Healthy Root00160.JPG,original,Rhizome_Healthy_Roots,Rhizome Healthy Root,NOT_PROVIDED_PER_FILE (ZIP_VERIFIED),d201a8d5a12aec7cd227e3a5c316967418d1305e70c2fc229cb89c7b651efe85,ZIP_SHA256_VERIFIED,e7e3c1c00283f6fa,367310,,SUCCESS,D:\curuma\turmeric_datasets\dataset_02\original\Turmeric Plant Disease\Rhizome Healthy Root\Rhizome Healthy Root00160.JPG,https://data.mendeley.com/public-files/datasets/g46dvrcvwn/files/fb82efd6-bd52-488e-be42-f4e2e619088b/file_downloaded
Dataset_02_g46dvrcvwn,Rhizome Healthy Root00161.JPG,original,Rhizome_Healthy_Roots,Rhizome Healthy Root,NOT_PROVIDED_PER_FILE (ZIP_VERIFIED),46815be9b1e6014f5f623a2729b09dbef627b8fc75defef2f4cd2c122c58ec7a,ZIP_SHA256_VERIFIED,e7e3c1c00283f6fa,369839,,SUCCESS,D:\curuma\turmeric_datasets\dataset_02\original\Turmeric Plant Disease\Rhizome Healthy Root\Rhizome Healthy Root00161.JPG,https://data.mendeley.com/public-files/datasets/g46dvrcvwn/files/fb82efd6-bd52-488e-be42-f4e2e619088b/file_downloaded
Dataset_02_g46dvrcvwn,Rhizome Healthy Root00162.JPG,original,Rhizome_Healthy_Roots,Rhizome Healthy Root,NOT_PROVIDED_PER_FILE (ZIP_VERIFIED),b4a725923d463786e0494af24b78ba96f527cf6009aa4fcf2a19b48e42423240,ZIP_SHA256_VERIFIED,e7e3c1c00283f6fa,368954,,SUCCESS,D:\curuma\turmeric_datasets\dataset_02\original\Turmeric Plant Disease\Rhizome Healthy Root\Rhizome Healthy Root00162.JPG,https://data.mendeley.com/public-files/datasets/g46dvrcvwn/files/fb82efd6-bd52-488e-be42-f4e2e619088b/file_downloaded
Dataset_02_g46dvrcvwn,Rhizome Healthy Root00163.JPG,original,Rhizome_Healthy_Roots,Rhizome Healthy Root,NOT_PROVIDED_PER_FILE (ZIP_VERIFIED),869cf5a33c6f53ebf29dd0eca9ad3cb76a21923d958985e55de9819cb1c7f9f9,ZIP_SHA256_VERIFIED,f7e3c1c10087e7f7,366094,,SUCCESS,D:\curuma\turmeric_datasets\dataset_02\original\Turmeric Plant Disease\Rhizome Healthy Root\Rhizome Healthy Root00163.JPG,https://data.mendeley.com/public-files/datasets/g46dvrcvwn/files/fb82efd6-bd52-488e-be42-f4e2e619088b/file_downloaded
Dataset_02_g46dvrcvwn,Rhizome Healthy Root00164.JPG,original,Rhizome_Healthy_Roots,Rhizome Healthy Root,NOT_PROVIDED_PER_FILE (ZIP_VERIFIED),a9e045bca333361e7329b09b399f84886a88acba5beab52c82be66152fd6203b,ZIP_SHA256_VERIFIED,f7e3c1c10087e7f7,366156,,SUCCESS,D:\curuma\turmeric_datasets\dataset_02\original\Turmeric Plant Disease\Rhizome Healthy Root\Rhizome Healthy Root00164.JPG,https://data.mendeley.com/public-files/datasets/g46dvrcvwn/files/fb82efd6-bd52-488e-be42-f4e2e619088b/file_downloaded
Dataset_02_g46dvrcvwn,Rhizome Healthy Root00165.JPG,original,Rhizome_Healthy_Roots,Rhizome Healthy Root,NOT_PROVIDED_PER_FILE (ZIP_VERIFIED),4b50a89ccb214329abcf08cec0f30f5df390b006b9992b37488b987eedb088e3,ZIP_SHA256_VERIFIED,f7e3c1c002c7e7f3,366352,,SUCCESS,D:\curuma\turmeric_datasets\dataset_02\original\Turmeric Plant Disease\Rhizome Healthy Root\Rhizome Healthy Root00165.JPG,https://data.mendeley.com/public-files/datasets/g46dvrcvwn/files/fb82efd6-bd52-488e-be42-f4e2e619088b/file_downloaded
Dataset_02_g46dvrcvwn,Rhizome Healthy Root00166.JPG,original,Rhizome_Healthy_Roots,Rhizome Healthy Root,NOT_PROVIDED_PER_FILE (ZIP_VERIFIED),5fa6c56bb89892cf66196864207cceb1d8bedb020f2ab78af5b4f23df47991e6,ZIP_SHA256_VERIFIED,f3e3c0c002c3f6fa,366633,,SUCCESS,D:\curuma\turmeric_datasets\dataset_02\original\Turmeric Plant Disease\Rhizome Healthy Root\Rhizome Healthy Root00166.JPG,https://data.mendeley.com/public-files/datasets/g46dvrcvwn/files/fb82efd6-bd52-488e-be42-f4e2e619088b/file_downloaded
Dataset_02_g46dvrcvwn,Rhizome Healthy Root00167.JPG,original,Rhizome_Healthy_Roots,Rhizome Healthy Root,NOT_PROVIDED_PER_FILE (ZIP_VERIFIED),875d9a0066110bb8faf31410b64a744bade60c89a9a599cf9cc385680ad5dae8,ZIP_SHA256_VERIFIED,ffc7830300838fd7,366723,,SUCCESS,D:\curuma\turmeric_datasets\dataset_02\original\Turmeric Plant Disease\Rhizome Healthy Root\Rhizome Healthy Root00167.JPG,https://data.mendeley.com/public-files/datasets/g46dvrcvwn/files/fb82efd6-bd52-488e-be42-f4e2e619088b/file_downloaded
Dataset_02_g46dvrcvwn,Rhizome Healthy Root00168.JPG,original,Rhizome_Healthy_Roots,Rhizome Healthy Root,NOT_PROVIDED_PER_FILE (ZIP_VERIFIED),26305ebbf98751dfb7e85d1a371971dd75251e95cb55d5a320458e7a198673d5,ZIP_SHA256_VERIFIED,ffc78303008387d7,351986,,SUCCESS,D:\curuma\turmeric_datasets\dataset_02\original\Turmeric Plant Disease\Rhizome Healthy Root\Rhizome Healthy Root00168.JPG,https://data.mendeley.com/public-files/datasets/g46dvrcvwn/files/fb82efd6-bd52-488e-be42-f4e2e619088b/file_downloaded
Dataset_02_g46dvrcvwn,Rhizome Healthy Root00169.JPG,original,Rhizome_Healthy_Roots,Rhizome Healthy Root,NOT_PROVIDED_PER_FILE (ZIP_VERIFIED),c0a7d3b3f980c13763e4ac4b73361de98b22951b47b7658636b58708ed31d5dd,ZIP_SHA256_VERIFIED,ffc78303808387df,301477,,SUCCESS,D:\curuma\turmeric_datasets\dataset_02\original\Turmeric Plant Disease\Rhizome Healthy Root\Rhizome Healthy Root00169.JPG,https://data.mendeley.com/public-files/datasets/g46dvrcvwn/files/fb82efd6-bd52-488e-be42-f4e2e619088b/file_downloaded
Dataset_02_g46dvrcvwn,Rhizome Healthy Root00170.JPG,original,Rhizome_Healthy_Roots,Rhizome Healthy Root,NOT_PROVIDED_PER_FILE (ZIP_VERIFIED),0bd4445ddc953c49186ebd7e4646ec0ac242195b69554e1f227ba131cf802d63,ZIP_SHA256_VERIFIED,ffe7c38380c1c7db,357544,,SUCCESS,D:\curuma\turmeric_datasets\dataset_02\original\Turmeric Plant Disease\Rhizome Healthy Root\Rhizome Healthy Root00170.JPG,https://data.mendeley.com/public-files/datasets/g46dvrcvwn/files/fb82efd6-bd52-488e-be42-f4e2e619088b/file_downloaded
Dataset_02_g46dvrcvwn,Rhizome Healthy Root00171.JPG,original,Rhizome_Healthy_Roots,Rhizome Healthy Root,NOT_PROVIDED_PER_FILE (ZIP_VERIFIED),fcad9f22937f50f0a2d974e0e70b60ac1f80460bbd9d1193f7a7cd7959e310d1,ZIP_SHA256_VERIFIED,ffe7c38380c1c7db,364410,,SUCCESS,D:\curuma\turmeric_datasets\dataset_02\original\Turmeric Plant Disease\Rhizome Healthy Root\Rhizome Healthy Root00171.JPG,https://data.mendeley.com/public-files/datasets/g46dvrcvwn/files/fb82efd6-bd52-488e-be42-f4e2e619088b/file_downloaded
Dataset_02_g46dvrcvwn,Rhizome Healthy Root00172.JPG,original,Rhizome_Healthy_Roots,Rhizome Healthy Root,NOT_PROVIDED_PER_FILE (ZIP_VERIFIED),edc68d95029d0702c151bb55825e48a559a18eea52be340a7c48f1729cca08f7,ZIP_SHA256_VERIFIED,ffe7c38180c1c7cb,293974,,SUCCESS,D:\curuma\turmeric_datasets\dataset_02\original\Turmeric Plant Disease\Rhizome Healthy Root\Rhizome Healthy Root00172.JPG,https://data.mendeley.com/public-files/datasets/g46dvrcvwn/files/fb82efd6-bd52-488e-be42-f4e2e619088b/file_downloaded
Dataset_02_g46dvrcvwn,Rhizome Healthy Root00173.JPG,original,Rhizome_Healthy_Roots,Rhizome Healthy Root,NOT_PROVIDED_PER_FILE (ZIP_VERIFIED),47706a04449487505eb6bf9354a9d3c333c42c724b6c84d4da898ebb31e14afd,ZIP_SHA256_VERIFIED,ffe7c38180c1c3eb,295920,,SUCCESS,D:\curuma\turmeric_datasets\dataset_02\original\Turmeric Plant Disease\Rhizome Healthy Root\Rhizome Healthy Root00173.JPG,https://data.mendeley.com/public-files/datasets/g46dvrcvwn/files/fb82efd6-bd52-488e-be42-f4e2e619088b/file_downloaded
Dataset_02_g46dvrcvwn,Rhizome Healthy Root00174.JPG,original,Rhizome_Healthy_Roots,Rhizome Healthy Root,NOT_PROVIDED_PER_FILE (ZIP_VERIFIED),b6037eebbd10f78870629bdfd9cccb694aaaea7a2f940590f0eb9b583f3469bf,ZIP_SHA256_VERIFIED,fecfc703018387d7,277061,,SUCCESS,D:\curuma\turmeric_datasets\dataset_02\original\Turmeric Plant Disease\Rhizome Healthy Root\Rhizome Healthy Root00174.JPG,https://data.mendeley.com/public-files/datasets/g46dvrcvwn/files/fb82efd6-bd52-488e-be42-f4e2e619088b/file_downloaded
Dataset_02_g46dvrcvwn,Rhizome Healthy Root00175.JPG,original,Rhizome_Healthy_Roots,Rhizome Healthy Root,NOT_PROVIDED_PER_FILE (ZIP_VERIFIED),419f29fc7f6e26069e28ee2c600cf27cc62df28502e787d6999eb3661ab764d4,ZIP_SHA256_VERIFIED,978180c181e1ffff,360882,,SUCCESS,D:\curuma\turmeric_datasets\dataset_02\original\Turmeric Plant Disease\Rhizome Healthy Root\Rhizome Healthy Root00175.JPG,https://data.mendeley.com/public-files/datasets/g46dvrcvwn/files/fb82efd6-bd52-488e-be42-f4e2e619088b/file_downloaded
Dataset_02_g46dvrcvwn,Rhizome Healthy Root00176.JPG,original,Rhizome_Healthy_Roots,Rhizome Healthy Root,NOT_PROVIDED_PER_FILE (ZIP_VERIFIED),1cb867a0f48a55ac0d35a34c4f61c1de321bfbe43da82710ae05799f58b2f073,ZIP_SHA256_VERIFIED,978180c181e1ffff,343998,,SUCCESS,D:\curuma\turmeric_datasets\dataset_02\original\Turmeric Plant Disease\Rhizome Healthy Root\Rhizome Healthy Root00176.JPG,https://data.mendeley.com/public-files/datasets/g46dvrcvwn/files/fb82efd6-bd52-488e-be42-f4e2e619088b/file_downloaded
Dataset_02_g46dvrcvwn,Rhizome Healthy Root00177.JPG,original,Rhizome_Healthy_Roots,Rhizome Healthy Root,NOT_PROVIDED_PER_FILE (ZIP_VERIFIED),436ed98f784cacc33ce4b7e8db4dec09dca1d596c674fe1b703fe9aca755f971,ZIP_SHA256_VERIFIED,9781808181e9ffff,306231,,SUCCESS,D:\curuma\turmeric_datasets\dataset_02\original\Turmeric Plant Disease\Rhizome Healthy Root\Rhizome Healthy Root00177.JPG,https://data.mendeley.com/public-files/datasets/g46dvrcvwn/files/fb82efd6-bd52-488e-be42-f4e2e619088b/file_downloaded
Dataset_02_g46dvrcvwn,Rhizome Healthy Root00178.JPG,original,Rhizome_Healthy_Roots,Rhizome Healthy Root,NOT_PROVIDED_PER_FILE (ZIP_VERIFIED),3e56652d55530ddc9c349f8be3477408701f85a18a6b91445610f74a42d9c42b,ZIP_SHA256_VERIFIED,978180c181e9ffff,306215,,SUCCESS,D:\curuma\turmeric_datasets\dataset_02\original\Turmeric Plant Disease\Rhizome Healthy Root\Rhizome Healthy Root00178.JPG,https://data.mendeley.com/public-files/datasets/g46dvrcvwn/files/fb82efd6-bd52-488e-be42-f4e2e619088b/file_downloaded
Dataset_02_g46dvrcvwn,Rhizome Healthy Root00179.JPG,original,Rhizome_Healthy_Roots,Rhizome Healthy Root,NOT_PROVIDED_PER_FILE (ZIP_VERIFIED),762c5304119b331626385d5644654b5dd5466ba4e60c3bac6c83a0db1beea402,ZIP_SHA256_VERIFIED,a783018183c3ffff,294672,,SUCCESS,D:\curuma\turmeric_datasets\dataset_02\original\Turmeric Plant Disease\Rhizome Healthy Root\Rhizome Healthy Root00179.JPG,https://data.mendeley.com/public-files/datasets/g46dvrcvwn/files/fb82efd6-bd52-488e-be42-f4e2e619088b/file_downloaded
Dataset_02_g46dvrcvwn,Rhizome Healthy Root00180.JPG,original,Rhizome_Healthy_Roots,Rhizome Healthy Root,NOT_PROVIDED_PER_FILE (ZIP_VERIFIED),45cfc2e712dd78161c555eb20765a3dd5e9ae60f9bacb8376bd16fd94466c5c8,ZIP_SHA256_VERIFIED,a783018183c3ffff,296087,,SUCCESS,D:\curuma\turmeric_datasets\dataset_02\original\Turmeric Plant Disease\Rhizome Healthy Root\Rhizome Healthy Root00180.JPG,https://data.mendeley.com/public-files/datasets/g46dvrcvwn/files/fb82efd6-bd52-488e-be42-f4e2e619088b/file_downloaded
Dataset_02_g46dvrcvwn,Rhizome Healthy Root00181.JPG,original,Rhizome_Healthy_Roots,Rhizome Healthy Root,NOT_PROVIDED_PER_FILE (ZIP_VERIFIED),f7704579c11c6b2fb6aaaceea8716363b81ae5d9733597dab3d80f0813a9b9b4,ZIP_SHA256_VERIFIED,a703018383c3ffff,292761,,SUCCESS,D:\curuma\turmeric_datasets\dataset_02\original\Turmeric Plant Disease\Rhizome Healthy Root\Rhizome Healthy Root00181.JPG,https://data.mendeley.com/public-files/datasets/g46dvrcvwn/files/fb82efd6-bd52-488e-be42-f4e2e619088b/file_downloaded
Dataset_02_g46dvrcvwn,Rhizome Healthy Root00182.JPG,original,Rhizome_Healthy_Roots,Rhizome Healthy Root,NOT_PROVIDED_PER_FILE (ZIP_VERIFIED),4f9036611b5a041a6800045b09975e85098c3ffcb8a58b912b4f04e20ff4f773,ZIP_SHA256_VERIFIED,a703018383c3ffff,290029,,SUCCESS,D:\curuma\turmeric_datasets\dataset_02\original\Turmeric Plant Disease\Rhizome Healthy Root\Rhizome Healthy Root00182.JPG,https://data.mendeley.com/public-files/datasets/g46dvrcvwn/files/fb82efd6-bd52-488e-be42-f4e2e619088b/file_downloaded
Dataset_02_g46dvrcvwn,Rhizome Healthy Root00183.JPG,original,Rhizome_Healthy_Roots,Rhizome Healthy Root,NOT_PROVIDED_PER_FILE (ZIP_VERIFIED),46e1f5020133b5b23603a78c498657c8ec0b940533a16d57591cd63b912bf2fa,ZIP_SHA256_VERIFIED,a703018383c3ffff,291535,,SUCCESS,D:\curuma\turmeric_datasets\dataset_02\original\Turmeric Plant Disease\Rhizome Healthy Root\Rhizome Healthy Root00183.JPG,https://data.mendeley.com/public-files/datasets/g46dvrcvwn/files/fb82efd6-bd52-488e-be42-f4e2e619088b/file_downloaded
Dataset_02_g46dvrcvwn,Rhizome Healthy Root00184.JPG,original,Rhizome_Healthy_Roots,Rhizome Healthy Root,NOT_PROVIDED_PER_FILE (ZIP_VERIFIED),dc667831672b0f22d074fa8f2700c42ce375d4ef9136af725d5b833a1de5d894,ZIP_SHA256_VERIFIED,a703018383c3ffff,293979,,SUCCESS,D:\curuma\turmeric_datasets\dataset_02\original\Turmeric Plant Disease\Rhizome Healthy Root\Rhizome Healthy Root00184.JPG,https://data.mendeley.com/public-files/datasets/g46dvrcvwn/files/fb82efd6-bd52-488e-be42-f4e2e619088b/file_downloaded
Dataset_02_g46dvrcvwn,Rhizome Healthy Root00185.JPG,original,Rhizome_Healthy_Roots,Rhizome Healthy Root,NOT_PROVIDED_PER_FILE (ZIP_VERIFIED),e99a1160519ac6c653183ffb56e3ab3f83edd74631fa96094d4b75f8f8809543,ZIP_SHA256_VERIFIED,a783018383c3ffff,292590,,SUCCESS,D:\curuma\turmeric_datasets\dataset_02\original\Turmeric Plant Disease\Rhizome Healthy Root\Rhizome Healthy Root00185.JPG,https://data.mendeley.com/public-files/datasets/g46dvrcvwn/files/fb82efd6-bd52-488e-be42-f4e2e619088b/file_downloaded
Dataset_02_g46dvrcvwn,Rhizome Healthy Root00186.JPG,original,Rhizome_Healthy_Roots,Rhizome Healthy Root,NOT_PROVIDED_PER_FILE (ZIP_VERIFIED),43a0a6994b462926adfafc46e3a10ba50e56c43ca8535faecb5a6cc25576a325,ZIP_SHA256_VERIFIED,f7f7c3e30183e3f3,277481,,SUCCESS,D:\curuma\turmeric_datasets\dataset_02\original\Turmeric Plant Disease\Rhizome Healthy Root\Rhizome Healthy Root00186.JPG,https://data.mendeley.com/public-files/datasets/g46dvrcvwn/files/fb82efd6-bd52-488e-be42-f4e2e619088b/file_downloaded
Dataset_02_g46dvrcvwn,Rhizome Healthy Root00187.JPG,original,Rhizome_Healthy_Roots,Rhizome Healthy Root,NOT_PROVIDED_PER_FILE (ZIP_VERIFIED),a3b9a985afa973947f8d1aa928fd0c9c71892574ced63e8ff1a1f2bee51e4fe2,ZIP_SHA256_VERIFIED,f7e7c3c30183e3f3,281186,,SUCCESS,D:\curuma\turmeric_datasets\dataset_02\original\Turmeric Plant Disease\Rhizome Healthy Root\Rhizome Healthy Root00187.JPG,https://data.mendeley.com/public-files/datasets/g46dvrcvwn/files/fb82efd6-bd52-488e-be42-f4e2e619088b/file_downloaded
Dataset_02_g46dvrcvwn,Rhizome Healthy Root00188.JPG,original,Rhizome_Healthy_Roots,Rhizome Healthy Root,NOT_PROVIDED_PER_FILE (ZIP_VERIFIED),98e35ad679ff2d949a0c16eec811de52b07a0fc4f98eeaec4b9a4314e3ca25e1,ZIP_SHA256_VERIFIED,f7e7c3c30183e3f7,233926,,SUCCESS,D:\curuma\turmeric_datasets\dataset_02\original\Turmeric Plant Disease\Rhizome Healthy Root\Rhizome Healthy Root00188.JPG,https://data.mendeley.com/public-files/datasets/g46dvrcvwn/files/fb82efd6-bd52-488e-be42-f4e2e619088b/file_downloaded
Dataset_02_g46dvrcvwn,Rhizome Healthy Root00189.JPG,original,Rhizome_Healthy_Roots,Rhizome Healthy Root,NOT_PROVIDED_PER_FILE (ZIP_VERIFIED),78897876985a6a5a72a7b592863d81f32c294cbddcc65cdccde9d9ecf11ef6b3,ZIP_SHA256_VERIFIED,f7e7c3c30183e3f7,237907,,SUCCESS,D:\curuma\turmeric_datasets\dataset_02\original\Turmeric Plant Disease\Rhizome Healthy Root\Rhizome Healthy Root00189.JPG,https://data.mendeley.com/public-files/datasets/g46dvrcvwn/files/fb82efd6-bd52-488e-be42-f4e2e619088b/file_downloaded
Dataset_02_g46dvrcvwn,Rhizome Healthy Root00190.JPG,original,Rhizome_Healthy_Roots,Rhizome Healthy Root,NOT_PROVIDED_PER_FILE (ZIP_VERIFIED),244c4fac0c42dd6c35c3438dd4791e625fa9fd9e8846a1630b57713cdbfb2fa1,ZIP_SHA256_VERIFIED,f7e7c3c30183c3f7,237327,,SUCCESS,D:\curuma\turmeric_datasets\dataset_02\original\Turmeric Plant Disease\Rhizome Healthy Root\Rhizome Healthy Root00190.JPG,https://data.mendeley.com/public-files/datasets/g46dvrcvwn/files/fb82efd6-bd52-488e-be42-f4e2e619088b/file_downloaded
Dataset_02_g46dvrcvwn,Rhizome Healthy Root00191.JPG,original,Rhizome_Healthy_Roots,Rhizome Healthy Root,NOT_PROVIDED_PER_FILE (ZIP_VERIFIED),f03b23b0992084209a590fc870ad31054e932f33f7bc33a102eb017fd7dd2887,ZIP_SHA256_VERIFIED,e787c7430383f7f7,248627,,SUCCESS,D:\curuma\turmeric_datasets\dataset_02\original\Turmeric Plant Disease\Rhizome Healthy Root\Rhizome Healthy Root00191.JPG,https://data.mendeley.com/public-files/datasets/g46dvrcvwn/files/fb82efd6-bd52-488e-be42-f4e2e619088b/file_downloaded
Dataset_02_g46dvrcvwn,Rhizome Healthy Root00192.JPG,original,Rhizome_Healthy_Roots,Rhizome Healthy Root,NOT_PROVIDED_PER_FILE (ZIP_VERIFIED),b323cef935d4dd360d61ec2b114bd93eb646ccd8f916e6f60f5c3dd4566e6242,ZIP_SHA256_VERIFIED,f7c7c3c30183c3f7,285424,,SUCCESS,D:\curuma\turmeric_datasets\dataset_02\original\Turmeric Plant Disease\Rhizome Healthy Root\Rhizome Healthy Root00192.JPG,https://data.mendeley.com/public-files/datasets/g46dvrcvwn/files/fb82efd6-bd52-488e-be42-f4e2e619088b/file_downloaded
Dataset_02_g46dvrcvwn,Rhizome Healthy Root00193.JPG,original,Rhizome_Healthy_Roots,Rhizome Healthy Root,NOT_PROVIDED_PER_FILE (ZIP_VERIFIED),fe0e65b63439d96447335edc10f7648d14715f22022be9195ada2228eb55d2b2,ZIP_SHA256_VERIFIED,f3f3c3e10181e1fb,259089,,SUCCESS,D:\curuma\turmeric_datasets\dataset_02\original\Turmeric Plant Disease\Rhizome Healthy Root\Rhizome Healthy Root00193.JPG,https://data.mendeley.com/public-files/datasets/g46dvrcvwn/files/fb82efd6-bd52-488e-be42-f4e2e619088b/file_downloaded
Dataset_02_g46dvrcvwn,Rhizome Healthy Root00194.JPG,original,Rhizome_Healthy_Roots,Rhizome Healthy Root,NOT_PROVIDED_PER_FILE (ZIP_VERIFIED),44e195d19ff0746e6f07079138f74b7485e8b3ccca8615e23e07366d586ecdc9,ZIP_SHA256_VERIFIED,fbf3e1e100c0e1f9,317216,,SUCCESS,D:\curuma\turmeric_datasets\dataset_02\original\Turmeric Plant Disease\Rhizome Healthy Root\Rhizome Healthy Root00194.JPG,https://data.mendeley.com/public-files/datasets/g46dvrcvwn/files/fb82efd6-bd52-488e-be42-f4e2e619088b/file_downloaded
Dataset_02_g46dvrcvwn,Rhizome Healthy Root00195.JPG,original,Rhizome_Healthy_Roots,Rhizome Healthy Root,NOT_PROVIDED_PER_FILE (ZIP_VERIFIED),ace9dc8fa18b2667cf026ec70591b652618e7efcd16d0dbfb5c220755eccb6bc,ZIP_SHA256_VERIFIED,fbf3e1e180c0e1f9,311719,,SUCCESS,D:\curuma\turmeric_datasets\dataset_02\original\Turmeric Plant Disease\Rhizome Healthy Root\Rhizome Healthy Root00195.JPG,https://data.mendeley.com/public-files/datasets/g46dvrcvwn/files/fb82efd6-bd52-488e-be42-f4e2e619088b/file_downloaded
Dataset_02_g46dvrcvwn,Rhizome Healthy Root00196.JPG,original,Rhizome_Healthy_Roots,Rhizome Healthy Root,NOT_PROVIDED_PER_FILE (ZIP_VERIFIED),32db1fb8aaf8b7c9bd1be0a326b239d796c2c80cb4cd7763ef895f883bcae3a0,ZIP_SHA256_VERIFIED,fbf3e1f100c0f1fd,255782,,SUCCESS,D:\curuma\turmeric_datasets\dataset_02\original\Turmeric Plant Disease\Rhizome Healthy Root\Rhizome Healthy Root00196.JPG,https://data.mendeley.com/public-files/datasets/g46dvrcvwn/files/fb82efd6-bd52-488e-be42-f4e2e619088b/file_downloaded
Dataset_02_g46dvrcvwn,Rhizome Healthy Root00197.JPG,original,Rhizome_Healthy_Roots,Rhizome Healthy Root,NOT_PROVIDED_PER_FILE (ZIP_VERIFIED),a80da83064e1b58fe8d6e41c454b32d0a111e01d0d2fbe1b50a6d5303b8cf8cb,ZIP_SHA256_VERIFIED,f7c3e30181c3fbfb,290763,,SUCCESS,D:\curuma\turmeric_datasets\dataset_02\original\Turmeric Plant Disease\Rhizome Healthy Root\Rhizome Healthy Root00197.JPG,https://data.mendeley.com/public-files/datasets/g46dvrcvwn/files/fb82efd6-bd52-488e-be42-f4e2e619088b/file_downloaded
Dataset_02_g46dvrcvwn,Rhizome Healthy Root00198.JPG,original,Rhizome_Healthy_Roots,Rhizome Healthy Root,NOT_PROVIDED_PER_FILE (ZIP_VERIFIED),dcd362ff05f693cd0d5729594d6880236cf0b71b68820e3fd5f3d65483ccde1a,ZIP_SHA256_VERIFIED,f7c3c30181c3fbfb,260795,,SUCCESS,D:\curuma\turmeric_datasets\dataset_02\original\Turmeric Plant Disease\Rhizome Healthy Root\Rhizome Healthy Root00198.JPG,https://data.mendeley.com/public-files/datasets/g46dvrcvwn/files/fb82efd6-bd52-488e-be42-f4e2e619088b/file_downloaded
Dataset_02_g46dvrcvwn,Rhizome Healthy Root00199.JPG,original,Rhizome_Healthy_Roots,Rhizome Healthy Root,NOT_PROVIDED_PER_FILE (ZIP_VERIFIED),b85e3ff3f9740a1f180dfcecbaca2e65370621540924f903645ebae5bddef15f,ZIP_SHA256_VERIFIED,e7c7c30183c3f3fb,226747,,SUCCESS,D:\curuma\turmeric_datasets\dataset_02\original\Turmeric Plant Disease\Rhizome Healthy Root\Rhizome Healthy Root00199.JPG,https://data.mendeley.com/public-files/datasets/g46dvrcvwn/files/fb82efd6-bd52-488e-be42-f4e2e619088b/file_downloaded
Dataset_02_g46dvrcvwn,Rhizome Healthy Root00200.JPG,original,Rhizome_Healthy_Roots,Rhizome Healthy Root,NOT_PROVIDED_PER_FILE (ZIP_VERIFIED),cdf3cafc4c9264da6ebd5ed76d13e252a12100285a9692355cba6dc7c98c7ce9,ZIP_SHA256_VERIFIED,cfc787c30383f7fb,283722,,SUCCESS,D:\curuma\turmeric_datasets\dataset_02\original\Turmeric Plant Disease\Rhizome Healthy Root\Rhizome Healthy Root00200.JPG,https://data.mendeley.com/public-files/datasets/g46dvrcvwn/files/fb82efd6-bd52-488e-be42-f4e2e619088b/file_downloaded
Dataset_02_g46dvrcvwn,Rhizome Healthy Root00201.JPG,original,Rhizome_Healthy_Roots,Rhizome Healthy Root,NOT_PROVIDED_PER_FILE (ZIP_VERIFIED),46dd6a990e9b4d5907f6a72714b518906e287ccdf1aded69a5be431b2e4fd094,ZIP_SHA256_VERIFIED,cfc787c30383f7fb,285584,,SUCCESS,D:\curuma\turmeric_datasets\dataset_02\original\Turmeric Plant Disease\Rhizome Healthy Root\Rhizome Healthy Root00201.JPG,https://data.mendeley.com/public-files/datasets/g46dvrcvwn/files/fb82efd6-bd52-488e-be42-f4e2e619088b/file_downloaded
Dataset_02_g46dvrcvwn,Rhizome Healthy Root00202.JPG,original,Rhizome_Healthy_Roots,Rhizome Healthy Root,NOT_PROVIDED_PER_FILE (ZIP_VERIFIED),6390580ec762844bf6e41251c4f4d8a8fb72754923ee6cea3fc549acacb5c34a,ZIP_SHA256_VERIFIED,cfcf07830707f7ff,225762,,SUCCESS,D:\curuma\turmeric_datasets\dataset_02\original\Turmeric Plant Disease\Rhizome Healthy Root\Rhizome Healthy Root00202.JPG,https://data.mendeley.com/public-files/datasets/g46dvrcvwn/files/fb82efd6-bd52-488e-be42-f4e2e619088b/file_downloaded
Dataset_02_g46dvrcvwn,Rhizome Healthy Root00203.JPG,original,Rhizome_Healthy_Roots,Rhizome Healthy Root,NOT_PROVIDED_PER_FILE (ZIP_VERIFIED),54b34f10151206c5f3bf3118543b47de4ddfd2a2bdb9c76556660daed65bc2c8,ZIP_SHA256_VERIFIED,9f8f07830707f7ff,288292,,SUCCESS,D:\curuma\turmeric_datasets\dataset_02\original\Turmeric Plant Disease\Rhizome Healthy Root\Rhizome Healthy Root00203.JPG,https://data.mendeley.com/public-files/datasets/g46dvrcvwn/files/fb82efd6-bd52-488e-be42-f4e2e619088b/file_downloaded
Dataset_02_g46dvrcvwn,Rhizome Healthy Root00204.JPG,original,Rhizome_Healthy_Roots,Rhizome Healthy Root,NOT_PROVIDED_PER_FILE (ZIP_VERIFIED),50dc0ee65a17d2a0643f274ef364d10e0a42a368f0946289b2908af11f962bdf,ZIP_SHA256_VERIFIED,9f8f07830707f7ff,275752,,SUCCESS,D:\curuma\turmeric_datasets\dataset_02\original\Turmeric Plant Disease\Rhizome Healthy Root\Rhizome Healthy Root00204.JPG,https://data.mendeley.com/public-files/datasets/g46dvrcvwn/files/fb82efd6-bd52-488e-be42-f4e2e619088b/file_downloaded
Dataset_02_g46dvrcvwn,Rhizome Healthy Root00205.JPG,original,Rhizome_Healthy_Roots,Rhizome Healthy Root,NOT_PROVIDED_PER_FILE (ZIP_VERIFIED),247e082710a3b6620e0c48fe4669b29968438f19cbf8f54444ab3b45eb5339a9,ZIP_SHA256_VERIFIED,df8f07830707f7ff,240798,,SUCCESS,D:\curuma\turmeric_datasets\dataset_02\original\Turmeric Plant Disease\Rhizome Healthy Root\Rhizome Healthy Root00205.JPG,https://data.mendeley.com/public-files/datasets/g46dvrcvwn/files/fb82efd6-bd52-488e-be42-f4e2e619088b/file_downloaded
Dataset_02_g46dvrcvwn,Rhizome Healthy Root00206.JPG,original,Rhizome_Healthy_Roots,Rhizome Healthy Root,NOT_PROVIDED_PER_FILE (ZIP_VERIFIED),3f7bb6825cd1f7b44fc3a3e15dd02ff7ccdedf7f88eaf7f2d85eeb67234cf737,ZIP_SHA256_VERIFIED,9f8f07830707f7ff,240318,,SUCCESS,D:\curuma\turmeric_datasets\dataset_02\original\Turmeric Plant Disease\Rhizome Healthy Root\Rhizome Healthy Root00206.JPG,https://data.mendeley.com/public-files/datasets/g46dvrcvwn/files/fb82efd6-bd52-488e-be42-f4e2e619088b/file_downloaded
Dataset_02_g46dvrcvwn,Rhizome Healthy Root00207.JPG,original,Rhizome_Healthy_Roots,Rhizome Healthy Root,NOT_PROVIDED_PER_FILE (ZIP_VERIFIED),50ee224f13578f078ec8d2c886bbf024f2645ba37742541bdde70e365fc815f4,ZIP_SHA256_VERIFIED,df8f07830707f7ff,235836,,SUCCESS,D:\curuma\turmeric_datasets\dataset_02\original\Turmeric Plant Disease\Rhizome Healthy Root\Rhizome Healthy Root00207.JPG,https://data.mendeley.com/public-files/datasets/g46dvrcvwn/files/fb82efd6-bd52-488e-be42-f4e2e619088b/file_downloaded
Dataset_02_g46dvrcvwn,Rhizome Healthy Root00208.JPG,original,Rhizome_Healthy_Roots,Rhizome Healthy Root,NOT_PROVIDED_PER_FILE (ZIP_VERIFIED),e96ce349b08357ca56d395ee3d2db98af777e0eed6fa54281e0f017433e4a795,ZIP_SHA256_VERIFIED,cfcf07c30303f3fb,239559,,SUCCESS,D:\curuma\turmeric_datasets\dataset_02\original\Turmeric Plant Disease\Rhizome Healthy Root\Rhizome Healthy Root00208.JPG,https://data.mendeley.com/public-files/datasets/g46dvrcvwn/files/fb82efd6-bd52-488e-be42-f4e2e619088b/file_downloaded
Dataset_02_g46dvrcvwn,Rhizome Healthy Root00209.JPG,original,Rhizome_Healthy_Roots,Rhizome Healthy Root,NOT_PROVIDED_PER_FILE (ZIP_VERIFIED),67d4bf08fda6563ee31bef1de6f78aaa3744608fc0dbb4ae22c8629576f6bc4b,ZIP_SHA256_VERIFIED,9f8f07c30703fbff,284827,,SUCCESS,D:\curuma\turmeric_datasets\dataset_02\original\Turmeric Plant Disease\Rhizome Healthy Root\Rhizome Healthy Root00209.JPG,https://data.mendeley.com/public-files/datasets/g46dvrcvwn/files/fb82efd6-bd52-488e-be42-f4e2e619088b/file_downloaded
Dataset_02_g46dvrcvwn,Rhizome Healthy Root00210.JPG,original,Rhizome_Healthy_Roots,Rhizome Healthy Root,NOT_PROVIDED_PER_FILE (ZIP_VERIFIED),1b254de7c175f16a3df08b352e630e6a5032916a5d339a5f0759e11454b48b27,ZIP_SHA256_VERIFIED,9f8f07838707fbff,270317,,SUCCESS,D:\curuma\turmeric_datasets\dataset_02\original\Turmeric Plant Disease\Rhizome Healthy Root\Rhizome Healthy Root00210.JPG,https://data.mendeley.com/public-files/datasets/g46dvrcvwn/files/fb82efd6-bd52-488e-be42-f4e2e619088b/file_downloaded
Dataset_02_g46dvrcvwn,Rhizome Healthy Root00211.JPG,original,Rhizome_Healthy_Roots,Rhizome Healthy Root,NOT_PROVIDED_PER_FILE (ZIP_VERIFIED),af9481a7f55c520a63981535fc3b2b4427254bd08595b35bc60a32c0c1527320,ZIP_SHA256_VERIFIED,bf9f07070707ffff,232065,,SUCCESS,D:\curuma\turmeric_datasets\dataset_02\original\Turmeric Plant Disease\Rhizome Healthy Root\Rhizome Healthy Root00211.JPG,https://data.mendeley.com/public-files/datasets/g46dvrcvwn/files/fb82efd6-bd52-488e-be42-f4e2e619088b/file_downloaded
Dataset_02_g46dvrcvwn,Rhizome Healthy Root00212.JPG,original,Rhizome_Healthy_Roots,Rhizome Healthy Root,NOT_PROVIDED_PER_FILE (ZIP_VERIFIED),0be72c09c190a65f51ff9cfb763d7b3ca7f6aa4df808bec58ee8b6ceec61d7f5,ZIP_SHA256_VERIFIED,bf9f07070707ffff,235624,,SUCCESS,D:\curuma\turmeric_datasets\dataset_02\original\Turmeric Plant Disease\Rhizome Healthy Root\Rhizome Healthy Root00212.JPG,https://data.mendeley.com/public-files/datasets/g46dvrcvwn/files/fb82efd6-bd52-488e-be42-f4e2e619088b/file_downloaded
Dataset_02_g46dvrcvwn,Rhizome Healthy Root00213.JPG,original,Rhizome_Healthy_Roots,Rhizome Healthy Root,NOT_PROVIDED_PER_FILE (ZIP_VERIFIED),edb96c84b1fc8b265c010c9fb6edaa55484fb2534e0f219a25839a49f2ce5b42,ZIP_SHA256_VERIFIED,bf9f07070707ffff,236673,,SUCCESS,D:\curuma\turmeric_datasets\dataset_02\original\Turmeric Plant Disease\Rhizome Healthy Root\Rhizome Healthy Root00213.JPG,https://data.mendeley.com/public-files/datasets/g46dvrcvwn/files/fb82efd6-bd52-488e-be42-f4e2e619088b/file_downloaded
Dataset_02_g46dvrcvwn,Rhizome Healthy Root00214.JPG,original,Rhizome_Healthy_Roots,Rhizome Healthy Root,NOT_PROVIDED_PER_FILE (ZIP_VERIFIED),41aea490e866af8f9599b2cd881c9ffc939fe82a8a807a944d000b4a76995856,ZIP_SHA256_VERIFIED,3f1f070787073bff,301652,,SUCCESS,D:\curuma\turmeric_datasets\dataset_02\original\Turmeric Plant Disease\Rhizome Healthy Root\Rhizome Healthy Root00214.JPG,https://data.mendeley.com/public-files/datasets/g46dvrcvwn/files/fb82efd6-bd52-488e-be42-f4e2e619088b/file_downloaded
Dataset_02_g46dvrcvwn,Rhizome Healthy Root00215.JPG,original,Rhizome_Healthy_Roots,Rhizome Healthy Root,NOT_PROVIDED_PER_FILE (ZIP_VERIFIED),ecd4ad933c200f4e12069c32e84a50f1eb3711b983b77ad788497b98f953a5d9,ZIP_SHA256_VERIFIED,3f1f070787073bff,266454,,SUCCESS,D:\curuma\turmeric_datasets\dataset_02\original\Turmeric Plant Disease\Rhizome Healthy Root\Rhizome Healthy Root00215.JPG,https://data.mendeley.com/public-files/datasets/g46dvrcvwn/files/fb82efd6-bd52-488e-be42-f4e2e619088b/file_downloaded
Dataset_02_g46dvrcvwn,Rhizome Healthy Root00216.JPG,original,Rhizome_Healthy_Roots,Rhizome Healthy Root,NOT_PROVIDED_PER_FILE (ZIP_VERIFIED),529a15dd806c3e009f8fd56a4df68208278266fc242f68ff7a6564b2e76a84c6,ZIP_SHA256_VERIFIED,7f1f070787073bff,253001,,SUCCESS,D:\curuma\turmeric_datasets\dataset_02\original\Turmeric Plant Disease\Rhizome Healthy Root\Rhizome Healthy Root00216.JPG,https://data.mendeley.com/public-files/datasets/g46dvrcvwn/files/fb82efd6-bd52-488e-be42-f4e2e619088b/file_downloaded
Dataset_02_g46dvrcvwn,Rhizome Healthy Root00217.JPG,original,Rhizome_Healthy_Roots,Rhizome Healthy Root,NOT_PROVIDED_PER_FILE (ZIP_VERIFIED),236cb5dd67344d928be860be6c4383eda84894cf4ac311519fee402889a0d433,ZIP_SHA256_VERIFIED,ffe781808083cfc7,348492,,SUCCESS,D:\curuma\turmeric_datasets\dataset_02\original\Turmeric Plant Disease\Rhizome Healthy Root\Rhizome Healthy Root00217.JPG,https://data.mendeley.com/public-files/datasets/g46dvrcvwn/files/fb82efd6-bd52-488e-be42-f4e2e619088b/file_downloaded
Dataset_02_g46dvrcvwn,Rhizome Healthy Root00218.JPG,original,Rhizome_Healthy_Roots,Rhizome Healthy Root,NOT_PROVIDED_PER_FILE (ZIP_VERIFIED),6ceccaab84174124921c9f3ebf05d71786c214d6a71271ea8e9d0c965b4cee73,ZIP_SHA256_VERIFIED,ffe7818083c3cfe3,340122,,SUCCESS,D:\curuma\turmeric_datasets\dataset_02\original\Turmeric Plant Disease\Rhizome Healthy Root\Rhizome Healthy Root00218.JPG,https://data.mendeley.com/public-files/datasets/g46dvrcvwn/files/fb82efd6-bd52-488e-be42-f4e2e619088b/file_downloaded
Dataset_02_g46dvrcvwn,Rhizome Healthy Root00219.JPG,original,Rhizome_Healthy_Roots,Rhizome Healthy Root,NOT_PROVIDED_PER_FILE (ZIP_VERIFIED),f32e173c84d328c848aad9591280b340074e6b2179154fcc1748f71192214f5c,ZIP_SHA256_VERIFIED,ffe7818083cbc7f3,309760,,SUCCESS,D:\curuma\turmeric_datasets\dataset_02\original\Turmeric Plant Disease\Rhizome Healthy Root\Rhizome Healthy Root00219.JPG,https://data.mendeley.com/public-files/datasets/g46dvrcvwn/files/fb82efd6-bd52-488e-be42-f4e2e619088b/file_downloaded
Dataset_02_g46dvrcvwn,Rhizome Healthy Root00220.JPG,original,Rhizome_Healthy_Roots,Rhizome Healthy Root,NOT_PROVIDED_PER_FILE (ZIP_VERIFIED),f1bac6eee43ea442e2adaaf4ecc4f0924e7e0f93c6344dfd32a207415e7fa143,ZIP_SHA256_VERIFIED,ffe783818393c7f7,324305,,SUCCESS,D:\curuma\turmeric_datasets\dataset_02\original\Turmeric Plant Disease\Rhizome Healthy Root\Rhizome Healthy Root00220.JPG,https://data.mendeley.com/public-files/datasets/g46dvrcvwn/files/fb82efd6-bd52-488e-be42-f4e2e619088b/file_downloaded
Dataset_02_g46dvrcvwn,Rhizome Healthy Root00221.JPG,original,Rhizome_Healthy_Roots,Rhizome Healthy Root,NOT_PROVIDED_PER_FILE (ZIP_VERIFIED),1fc42b6403c58dfe21862728f1edd575ee58a29997f5b30af1ef4102f5c07cfa,ZIP_SHA256_VERIFIED,ffe783818383c7f3,329036,,SUCCESS,D:\curuma\turmeric_datasets\dataset_02\original\Turmeric Plant Disease\Rhizome Healthy Root\Rhizome Healthy Root00221.JPG,https://data.mendeley.com/public-files/datasets/g46dvrcvwn/files/fb82efd6-bd52-488e-be42-f4e2e619088b/file_downloaded
Dataset_02_g46dvrcvwn,Rhizome Healthy Root00222.JPG,original,Rhizome_Healthy_Roots,Rhizome Healthy Root,NOT_PROVIDED_PER_FILE (ZIP_VERIFIED),b443d6ce3ead6b4dd5ce5a65889ea94c1dcaa5abbe92726d10d85229b0627a06,ZIP_SHA256_VERIFIED,ffc783818393c7f7,326234,,SUCCESS,D:\curuma\turmeric_datasets\dataset_02\original\Turmeric Plant Disease\Rhizome Healthy Root\Rhizome Healthy Root00222.JPG,https://data.mendeley.com/public-files/datasets/g46dvrcvwn/files/fb82efd6-bd52-488e-be42-f4e2e619088b/file_downloaded
Dataset_02_g46dvrcvwn,Rhizome Healthy Root00223.JPG,original,Rhizome_Healthy_Roots,Rhizome Healthy Root,NOT_PROVIDED_PER_FILE (ZIP_VERIFIED),f191510b944665f847caa40c8839768e908b8cb15f0bd262da9a1dfaabcb4a64,ZIP_SHA256_VERIFIED,ffe783818383c7f3,314463,,SUCCESS,D:\curuma\turmeric_datasets\dataset_02\original\Turmeric Plant Disease\Rhizome Healthy Root\Rhizome Healthy Root00223.JPG,https://data.mendeley.com/public-files/datasets/g46dvrcvwn/files/fb82efd6-bd52-488e-be42-f4e2e619088b/file_downloaded
Dataset_02_g46dvrcvwn,Rhizome Healthy Root00224.JPG,original,Rhizome_Healthy_Roots,Rhizome Healthy Root,NOT_PROVIDED_PER_FILE (ZIP_VERIFIED),1b5fa8cda9bac8d0b4146ab675c9acc12f8e946ff9f8c3fd8276d795f9999e26,ZIP_SHA256_VERIFIED,ffc3808181cfc3fb,320826,,SUCCESS,D:\curuma\turmeric_datasets\dataset_02\original\Turmeric Plant Disease\Rhizome Healthy Root\Rhizome Healthy Root00224.JPG,https://data.mendeley.com/public-files/datasets/g46dvrcvwn/files/fb82efd6-bd52-488e-be42-f4e2e619088b/file_downloaded
Dataset_02_g46dvrcvwn,Rhizome Healthy Root00225.JPG,original,Rhizome_Healthy_Roots,Rhizome Healthy Root,NOT_PROVIDED_PER_FILE (ZIP_VERIFIED),071f4ed4c7f450433b16b2668ce425ab8a0346ca539ac0610c9eef4105da1a2c,ZIP_SHA256_VERIFIED,ffc3808083cbc7f3,353344,,SUCCESS,D:\curuma\turmeric_datasets\dataset_02\original\Turmeric Plant Disease\Rhizome Healthy Root\Rhizome Healthy Root00225.JPG,https://data.mendeley.com/public-files/datasets/g46dvrcvwn/files/fb82efd6-bd52-488e-be42-f4e2e619088b/file_downloaded
Dataset_02_g46dvrcvwn,Rhizome Healthy Root00226.JPG,original,Rhizome_Healthy_Roots,Rhizome Healthy Root,NOT_PROVIDED_PER_FILE (ZIP_VERIFIED),764402986368e53e391f7a9ce18627081cdf1ae0a78eb3901d6bf7bb8b47f943,ZIP_SHA256_VERIFIED,ffc7818083cbc7f3,354372,,SUCCESS,D:\curuma\turmeric_datasets\dataset_02\original\Turmeric Plant Disease\Rhizome Healthy Root\Rhizome Healthy Root00226.JPG,https://data.mendeley.com/public-files/datasets/g46dvrcvwn/files/fb82efd6-bd52-488e-be42-f4e2e619088b/file_downloaded
Dataset_02_g46dvrcvwn,Rhizome Healthy Root00227.JPG,original,Rhizome_Healthy_Roots,Rhizome Healthy Root,NOT_PROVIDED_PER_FILE (ZIP_VERIFIED),f8757d2a4857d8a9515e95a8bca7125e773041be3715f93d5c0e59f49f6d4c48,ZIP_SHA256_VERIFIED,ffc3818083cbc7f3,355278,,SUCCESS,D:\curuma\turmeric_datasets\dataset_02\original\Turmeric Plant Disease\Rhizome Healthy Root\Rhizome Healthy Root00227.JPG,https://data.mendeley.com/public-files/datasets/g46dvrcvwn/files/fb82efd6-bd52-488e-be42-f4e2e619088b/file_downloaded
Dataset_02_g46dvrcvwn,Rhizome Healthy Root00230.JPG,original,Rhizome_Healthy_Roots,Rhizome Healthy Root,NOT_PROVIDED_PER_FILE (ZIP_VERIFIED),e3f9252cc11b870b6a8aaf941856428f06a8c70c36fbc976c8d914a03bff4296,ZIP_SHA256_VERIFIED,ffef8703079387e7,313003,,SUCCESS,D:\curuma\turmeric_datasets\dataset_02\original\Turmeric Plant Disease\Rhizome Healthy Root\Rhizome Healthy Root00230.JPG,https://data.mendeley.com/public-files/datasets/g46dvrcvwn/files/fb82efd6-bd52-488e-be42-f4e2e619088b/file_downloaded
Dataset_02_g46dvrcvwn,Rhizome Healthy Root00231.JPG,original,Rhizome_Healthy_Roots,Rhizome Healthy Root,NOT_PROVIDED_PER_FILE (ZIP_VERIFIED),173ddd1534a3df82138aa24559c71b43a224602176f4c5d40d6408993c002413,ZIP_SHA256_VERIFIED,fff1e080e0e1ffff,257750,,SUCCESS,D:\curuma\turmeric_datasets\dataset_02\original\Turmeric Plant Disease\Rhizome Healthy Root\Rhizome Healthy Root00231.JPG,https://data.mendeley.com/public-files/datasets/g46dvrcvwn/files/fb82efd6-bd52-488e-be42-f4e2e619088b/file_downloaded
Dataset_02_g46dvrcvwn,Rhizome Healthy Root00232.JPG,original,Rhizome_Healthy_Roots,Rhizome Healthy Root,NOT_PROVIDED_PER_FILE (ZIP_VERIFIED),bc937e060206b7ac479f3eee51788f6e75bc98567118a529ef1b20784b1f366c,ZIP_SHA256_VERIFIED,fff1e180c0e1ffff,254314,,SUCCESS,D:\curuma\turmeric_datasets\dataset_02\original\Turmeric Plant Disease\Rhizome Healthy Root\Rhizome Healthy Root00232.JPG,https://data.mendeley.com/public-files/datasets/g46dvrcvwn/files/fb82efd6-bd52-488e-be42-f4e2e619088b/file_downloaded
Dataset_02_g46dvrcvwn,Rhizome Healthy Root00233.JPG,original,Rhizome_Healthy_Roots,Rhizome Healthy Root,NOT_PROVIDED_PER_FILE (ZIP_VERIFIED),13232e929bfb4a08007baaee84be3da112a2bc99edada64ba088c98097387c95,ZIP_SHA256_VERIFIED,fff1e10080e1e3ff,264522,,SUCCESS,D:\curuma\turmeric_datasets\dataset_02\original\Turmeric Plant Disease\Rhizome Healthy Root\Rhizome Healthy Root00233.JPG,https://data.mendeley.com/public-files/datasets/g46dvrcvwn/files/fb82efd6-bd52-488e-be42-f4e2e619088b/file_downloaded
Dataset_02_g46dvrcvwn,Rhizome Healthy Root00234.JPG,original,Rhizome_Healthy_Roots,Rhizome Healthy Root,NOT_PROVIDED_PER_FILE (ZIP_VERIFIED),e502e303869bb478fdea6d5d858c5c04eb20958884dfa3ff7eadf40d133b2b51,ZIP_SHA256_VERIFIED,fff9f0e000c0f0e1,343755,,SUCCESS,D:\curuma\turmeric_datasets\dataset_02\original\Turmeric Plant Disease\Rhizome Healthy Root\Rhizome Healthy Root00234.JPG,https://data.mendeley.com/public-files/datasets/g46dvrcvwn/files/fb82efd6-bd52-488e-be42-f4e2e619088b/file_downloaded
Dataset_02_g46dvrcvwn,Rhizome Healthy Root00235.JPG,original,Rhizome_Healthy_Roots,Rhizome Healthy Root,NOT_PROVIDED_PER_FILE (ZIP_VERIFIED),0e89ddde9b942a3b3683d9adeebdcd36591c92ddccde6b03760c98b6f5dd4359,ZIP_SHA256_VERIFIED,fff8f0e00040f0e1,332084,,SUCCESS,D:\curuma\turmeric_datasets\dataset_02\original\Turmeric Plant Disease\Rhizome Healthy Root\Rhizome Healthy Root00235.JPG,https://data.mendeley.com/public-files/datasets/g46dvrcvwn/files/fb82efd6-bd52-488e-be42-f4e2e619088b/file_downloaded
Dataset_02_g46dvrcvwn,Rhizome Healthy Root00237.JPG,original,Rhizome_Healthy_Roots,Rhizome Healthy Root,NOT_PROVIDED_PER_FILE (ZIP_VERIFIED),45b44a3ff6f7062bf1926ffbe2156aace43021d7ff32b4340a84b2faf8c49516,ZIP_SHA256_VERIFIED,ffe3c18000e1c3db,393098,,SUCCESS,D:\curuma\turmeric_datasets\dataset_02\original\Turmeric Plant Disease\Rhizome Healthy Root\Rhizome Healthy Root00237.JPG,https://data.mendeley.com/public-files/datasets/g46dvrcvwn/files/fb82efd6-bd52-488e-be42-f4e2e619088b/file_downloaded
Dataset_02_g46dvrcvwn,Rhizome Healthy Root00238.JPG,original,Rhizome_Healthy_Roots,Rhizome Healthy Root,NOT_PROVIDED_PER_FILE (ZIP_VERIFIED),1e49bdd3ba94d9ea0a1232c87a733b18ee65e6bd4508183a486008c80800e680,ZIP_SHA256_VERIFIED,fdf1e0c000f0e1ff,275685,,SUCCESS,D:\curuma\turmeric_datasets\dataset_02\original\Turmeric Plant Disease\Rhizome Healthy Root\Rhizome Healthy Root00238.JPG,https://data.mendeley.com/public-files/datasets/g46dvrcvwn/files/fb82efd6-bd52-488e-be42-f4e2e619088b/file_downloaded
Dataset_02_g46dvrcvwn,Rhizome Healthy Root00239.JPG,original,Rhizome_Healthy_Roots,Rhizome Healthy Root,NOT_PROVIDED_PER_FILE (ZIP_VERIFIED),3e6f15c3ae8c04687343fe9af7165a54bc5ed68c51a4c62373b3ad48eda8ba23,ZIP_SHA256_VERIFIED,efc3c1808113e3ef,379788,,SUCCESS,D:\curuma\turmeric_datasets\dataset_02\original\Turmeric Plant Disease\Rhizome Healthy Root\Rhizome Healthy Root00239.JPG,https://data.mendeley.com/public-files/datasets/g46dvrcvwn/files/fb82efd6-bd52-488e-be42-f4e2e619088b/file_downloaded
Dataset_02_g46dvrcvwn,Rhizome Healthy Root00240.JPG,original,Rhizome_Healthy_Roots,Rhizome Healthy Root,NOT_PROVIDED_PER_FILE (ZIP_VERIFIED),1bbfbb185964c171f2fa0bf035b136cd2d6b56be1eaebfc83df93c8b21549572,ZIP_SHA256_VERIFIED,e7c1c0808113e3ff,364032,,SUCCESS,D:\curuma\turmeric_datasets\dataset_02\original\Turmeric Plant Disease\Rhizome Healthy Root\Rhizome Healthy Root00240.JPG,https://data.mendeley.com/public-files/datasets/g46dvrcvwn/files/fb82efd6-bd52-488e-be42-f4e2e619088b/file_downloaded
Dataset_02_g46dvrcvwn,Rhizome Healthy Root00241.JPG,original,Rhizome_Healthy_Roots,Rhizome Healthy Root,NOT_PROVIDED_PER_FILE (ZIP_VERIFIED),b5d1c098b85ce4e5e43edbd2182dddd8011c303f420c9fbaf547a426d3ac6157,ZIP_SHA256_VERIFIED,f7e0c0c0c111e7ff,336770,,SUCCESS,D:\curuma\turmeric_datasets\dataset_02\original\Turmeric Plant Disease\Rhizome Healthy Root\Rhizome Healthy Root00241.JPG,https://data.mendeley.com/public-files/datasets/g46dvrcvwn/files/fb82efd6-bd52-488e-be42-f4e2e619088b/file_downloaded
Dataset_02_g46dvrcvwn,Rhizome Healthy Root00242.JPG,original,Rhizome_Healthy_Roots,Rhizome Healthy Root,NOT_PROVIDED_PER_FILE (ZIP_VERIFIED),459000eff64b50469881ab2a48d35e1ff31126b68caf3394af2836b0392fbc56,ZIP_SHA256_VERIFIED,c1c1c18181136fff,355332,,SUCCESS,D:\curuma\turmeric_datasets\dataset_02\original\Turmeric Plant Disease\Rhizome Healthy Root\Rhizome Healthy Root00242.JPG,https://data.mendeley.com/public-files/datasets/g46dvrcvwn/files/fb82efd6-bd52-488e-be42-f4e2e619088b/file_downloaded
Dataset_02_g46dvrcvwn,Rhizome Healthy Root00243.JPG,original,Rhizome_Healthy_Roots,Rhizome Healthy Root,NOT_PROVIDED_PER_FILE (ZIP_VERIFIED),e70d6dc8e95a23bafe71df477d928cb8c97bc5598ed119984a3da15a6c25f380,ZIP_SHA256_VERIFIED,e7c1c181c19367ff,358349,,SUCCESS,D:\curuma\turmeric_datasets\dataset_02\original\Turmeric Plant Disease\Rhizome Healthy Root\Rhizome Healthy Root00243.JPG,https://data.mendeley.com/public-files/datasets/g46dvrcvwn/files/fb82efd6-bd52-488e-be42-f4e2e619088b/file_downloaded
Dataset_02_g46dvrcvwn,Rhizome Healthy Root00244.JPG,original,Rhizome_Healthy_Roots,Rhizome Healthy Root,NOT_PROVIDED_PER_FILE (ZIP_VERIFIED),85ee4bb478ae4786c3be4121428f2e933aa9db87856a45e633b9fad09db91a72,ZIP_SHA256_VERIFIED,efc1c181c19327ff,344118,,SUCCESS,D:\curuma\turmeric_datasets\dataset_02\original\Turmeric Plant Disease\Rhizome Healthy Root\Rhizome Healthy Root00244.JPG,https://data.mendeley.com/public-files/datasets/g46dvrcvwn/files/fb82efd6-bd52-488e-be42-f4e2e619088b/file_downloaded
Dataset_02_g46dvrcvwn,Rhizome Healthy Root00245.JPG,original,Rhizome_Healthy_Roots,Rhizome Healthy Root,NOT_PROVIDED_PER_FILE (ZIP_VERIFIED),ab8a51aa35ca988675a29b584c6489e1cbad3fe61e7a8bf12b8b0d9adfe9b0b8,ZIP_SHA256_VERIFIED,eec1c183c39327fe,328899,,SUCCESS,D:\curuma\turmeric_datasets\dataset_02\original\Turmeric Plant Disease\Rhizome Healthy Root\Rhizome Healthy Root00245.JPG,https://data.mendeley.com/public-files/datasets/g46dvrcvwn/files/fb82efd6-bd52-488e-be42-f4e2e619088b/file_downloaded
Dataset_02_g46dvrcvwn,Rhizome Healthy Root00246.JPG,original,Rhizome_Healthy_Roots,Rhizome Healthy Root,NOT_PROVIDED_PER_FILE (ZIP_VERIFIED),f9f9f86e6858e4efd796da720fe4949ef926c1ae500078f8444856a2a874cdaf,ZIP_SHA256_VERIFIED,6ec3c183c39327fe,328087,,SUCCESS,D:\curuma\turmeric_datasets\dataset_02\original\Turmeric Plant Disease\Rhizome Healthy Root\Rhizome Healthy Root00246.JPG,https://data.mendeley.com/public-files/datasets/g46dvrcvwn/files/fb82efd6-bd52-488e-be42-f4e2e619088b/file_downloaded
Dataset_02_g46dvrcvwn,Rhizome Healthy Root00247.JPG,original,Rhizome_Healthy_Roots,Rhizome Healthy Root,NOT_PROVIDED_PER_FILE (ZIP_VERIFIED),f78b82de55491a505106aadee85e8d9d0a48a55f257baa44709a229358cdd4c2,ZIP_SHA256_VERIFIED,7ec3c183c39327fe,327512,,SUCCESS,D:\curuma\turmeric_datasets\dataset_02\original\Turmeric Plant Disease\Rhizome Healthy Root\Rhizome Healthy Root00247.JPG,https://data.mendeley.com/public-files/datasets/g46dvrcvwn/files/fb82efd6-bd52-488e-be42-f4e2e619088b/file_downloaded
Dataset_02_g46dvrcvwn,Rhizome Healthy Root00248.JPG,original,Rhizome_Healthy_Roots,Rhizome Healthy Root,NOT_PROVIDED_PER_FILE (ZIP_VERIFIED),3d38def30739043ff27aa8da8f3d86a5d38d0b412bf1f24ec8e0dcc67822ecb8,ZIP_SHA256_VERIFIED,7ec3c183c39327fe,327942,,SUCCESS,D:\curuma\turmeric_datasets\dataset_02\original\Turmeric Plant Disease\Rhizome Healthy Root\Rhizome Healthy Root00248.JPG,https://data.mendeley.com/public-files/datasets/g46dvrcvwn/files/fb82efd6-bd52-488e-be42-f4e2e619088b/file_downloaded
Dataset_02_g46dvrcvwn,Rhizome Healthy Root00249.JPG,original,Rhizome_Healthy_Roots,Rhizome Healthy Root,NOT_PROVIDED_PER_FILE (ZIP_VERIFIED),a2291457fde3372f25438a6cf2fa7fa6011bc9bd5b171b55e0a1c91dde32ad73,ZIP_SHA256_VERIFIED,6ec1c1c1c3036ffe,332217,,SUCCESS,D:\curuma\turmeric_datasets\dataset_02\original\Turmeric Plant Disease\Rhizome Healthy Root\Rhizome Healthy Root00249.JPG,https://data.mendeley.com/public-files/datasets/g46dvrcvwn/files/fb82efd6-bd52-488e-be42-f4e2e619088b/file_downloaded
Dataset_02_g46dvrcvwn,Rhizome Healthy Root00250.JPG,original,Rhizome_Healthy_Roots,Rhizome Healthy Root,NOT_PROVIDED_PER_FILE (ZIP_VERIFIED),56db63d135d27c27e16fe85c76f624ee1721a85558d0287733f91853dfbdc8f5,ZIP_SHA256_VERIFIED,6ec1c1c1c3036ffe,321686,,SUCCESS,D:\curuma\turmeric_datasets\dataset_02\original\Turmeric Plant Disease\Rhizome Healthy Root\Rhizome Healthy Root00250.JPG,https://data.mendeley.com/public-files/datasets/g46dvrcvwn/files/fb82efd6-bd52-488e-be42-f4e2e619088b/file_downloaded
Dataset_02_g46dvrcvwn,Rhizome Healthy Root00251.JPG,original,Rhizome_Healthy_Roots,Rhizome Healthy Root,NOT_PROVIDED_PER_FILE (ZIP_VERIFIED),c50d38732a821c3358fb5f455d5ea6b0973ce00a23dc0b12234f6d174960a1b3,ZIP_SHA256_VERIFIED,67c1c1c1c193fffe,314987,,SUCCESS,D:\curuma\turmeric_datasets\dataset_02\original\Turmeric Plant Disease\Rhizome Healthy Root\Rhizome Healthy Root00251.JPG,https://data.mendeley.com/public-files/datasets/g46dvrcvwn/files/fb82efd6-bd52-488e-be42-f4e2e619088b/file_downloaded
Dataset_02_g46dvrcvwn,Rhizome Healthy Root00252.JPG,original,Rhizome_Healthy_Roots,Rhizome Healthy Root,NOT_PROVIDED_PER_FILE (ZIP_VERIFIED),05d27ba9fccc6c872eec09f5dc723e473e3947ee80745e7003c8928775a049fb,ZIP_SHA256_VERIFIED,67e1c1c1c193fffe,315105,,SUCCESS,D:\curuma\turmeric_datasets\dataset_02\original\Turmeric Plant Disease\Rhizome Healthy Root\Rhizome Healthy Root00252.JPG,https://data.mendeley.com/public-files/datasets/g46dvrcvwn/files/fb82efd6-bd52-488e-be42-f4e2e619088b/file_downloaded
Dataset_02_g46dvrcvwn,Rhizome Healthy Root00253.JPG,original,Rhizome_Healthy_Roots,Rhizome Healthy Root,NOT_PROVIDED_PER_FILE (ZIP_VERIFIED),304fe0398f35e817cd6a3ecb93a1a3233f15a788a790980da69d80cfd3358860,ZIP_SHA256_VERIFIED,67c1c1c1c1b3fffe,307879,,SUCCESS,D:\curuma\turmeric_datasets\dataset_02\original\Turmeric Plant Disease\Rhizome Healthy Root\Rhizome Healthy Root00253.JPG,https://data.mendeley.com/public-files/datasets/g46dvrcvwn/files/fb82efd6-bd52-488e-be42-f4e2e619088b/file_downloaded
Dataset_02_g46dvrcvwn,Rhizome Healthy Root00254.JPG,original,Rhizome_Healthy_Roots,Rhizome Healthy Root,NOT_PROVIDED_PER_FILE (ZIP_VERIFIED),e8417915540146578e65086909b0fe2585eaa20a42f3edbccb4186a1f44fd3bd,ZIP_SHA256_VERIFIED,77e1c0c18133fffe,289387,,SUCCESS,D:\curuma\turmeric_datasets\dataset_02\original\Turmeric Plant Disease\Rhizome Healthy Root\Rhizome Healthy Root00254.JPG,https://data.mendeley.com/public-files/datasets/g46dvrcvwn/files/fb82efd6-bd52-488e-be42-f4e2e619088b/file_downloaded
Dataset_02_g46dvrcvwn,Rhizome Healthy Root00255.JPG,original,Rhizome_Healthy_Roots,Rhizome Healthy Root,NOT_PROVIDED_PER_FILE (ZIP_VERIFIED),8d79e7982528c9eb85b88c9e4293ee6d59830e3285393e2c0035448dcd0baed1,ZIP_SHA256_VERIFIED,73e0e0c081b1ffff,291354,,SUCCESS,D:\curuma\turmeric_datasets\dataset_02\original\Turmeric Plant Disease\Rhizome Healthy Root\Rhizome Healthy Root00255.JPG,https://data.mendeley.com/public-files/datasets/g46dvrcvwn/files/fb82efd6-bd52-488e-be42-f4e2e619088b/file_downloaded
Dataset_02_g46dvrcvwn,Rhizome Healthy Root00256.JPG,original,Rhizome_Healthy_Roots,Rhizome Healthy Root,NOT_PROVIDED_PER_FILE (ZIP_VERIFIED),6ee6031414c38e5d3dc43852c06ead54e4a0f5f9d75a59274ef9cb7f24ce316c,ZIP_SHA256_VERIFIED,7fe1e0c08121f7ff,312435,,SUCCESS,D:\curuma\turmeric_datasets\dataset_02\original\Turmeric Plant Disease\Rhizome Healthy Root\Rhizome Healthy Root00256.JPG,https://data.mendeley.com/public-files/datasets/g46dvrcvwn/files/fb82efd6-bd52-488e-be42-f4e2e619088b/file_downloaded
Dataset_02_g46dvrcvwn,Rhizome Healthy Root00257.JPG,original,Rhizome_Healthy_Roots,Rhizome Healthy Root,NOT_PROVIDED_PER_FILE (ZIP_VERIFIED),27078ff663c26a35d652cb818332a4af8a42761a7662fd6a5a390f2221ed1f91,ZIP_SHA256_VERIFIED,fff3838383c3f1fd,289266,,SUCCESS,D:\curuma\turmeric_datasets\dataset_02\original\Turmeric Plant Disease\Rhizome Healthy Root\Rhizome Healthy Root00257.JPG,https://data.mendeley.com/public-files/datasets/g46dvrcvwn/files/fb82efd6-bd52-488e-be42-f4e2e619088b/file_downloaded
Dataset_02_g46dvrcvwn,Rhizome Healthy Root00258.JPG,original,Rhizome_Healthy_Roots,Rhizome Healthy Root,NOT_PROVIDED_PER_FILE (ZIP_VERIFIED),741a6e06ca571fd5eea19c54fbb3ea01caa6353c419ec5110589eb77afea706b,ZIP_SHA256_VERIFIED,fff3838383c3f3fd,292016,,SUCCESS,D:\curuma\turmeric_datasets\dataset_02\original\Turmeric Plant Disease\Rhizome Healthy Root\Rhizome Healthy Root00258.JPG,https://data.mendeley.com/public-files/datasets/g46dvrcvwn/files/fb82efd6-bd52-488e-be42-f4e2e619088b/file_downloaded
Dataset_02_g46dvrcvwn,Rhizome Healthy Root00259.JPG,original,Rhizome_Healthy_Roots,Rhizome Healthy Root,NOT_PROVIDED_PER_FILE (ZIP_VERIFIED),45c743c461da026078195557e59118c3798f11d2f7e4b651d75108b4a006ce6d,ZIP_SHA256_VERIFIED,ffe783038383f3fd,306606,,SUCCESS,D:\curuma\turmeric_datasets\dataset_02\original\Turmeric Plant Disease\Rhizome Healthy Root\Rhizome Healthy Root00259.JPG,https://data.mendeley.com/public-files/datasets/g46dvrcvwn/files/fb82efd6-bd52-488e-be42-f4e2e619088b/file_downloaded
Dataset_02_g46dvrcvwn,Rhizome Healthy Root00260.JPG,original,Rhizome_Healthy_Roots,Rhizome Healthy Root,NOT_PROVIDED_PER_FILE (ZIP_VERIFIED),22a35c0ed9d4d593a3b8aaae3a65c568233245514f082e8c4d8f89db77dd9148,ZIP_SHA256_VERIFIED,efc787070383faff,301830,,SUCCESS,D:\curuma\turmeric_datasets\dataset_02\original\Turmeric Plant Disease\Rhizome Healthy Root\Rhizome Healthy Root00260.JPG,https://data.mendeley.com/public-files/datasets/g46dvrcvwn/files/fb82efd6-bd52-488e-be42-f4e2e619088b/file_downloaded
Dataset_02_g46dvrcvwn,Rhizome Healthy Root00261.JPG,original,Rhizome_Healthy_Roots,Rhizome Healthy Root,NOT_PROVIDED_PER_FILE (ZIP_VERIFIED),add56fe53244f07a9b206e5777c51482f157787a4bdecc3af95c0efd26d6e2f5,ZIP_SHA256_VERIFIED,efc787070383f1ff,301189,,SUCCESS,D:\curuma\turmeric_datasets\dataset_02\original\Turmeric Plant Disease\Rhizome Healthy Root\Rhizome Healthy Root00261.JPG,https://data.mendeley.com/public-files/datasets/g46dvrcvwn/files/fb82efd6-bd52-488e-be42-f4e2e619088b/file_downloaded
Dataset_02_g46dvrcvwn,Rhizome Healthy Root00262.JPG,original,Rhizome_Healthy_Roots,Rhizome Healthy Root,NOT_PROVIDED_PER_FILE (ZIP_VERIFIED),680f0057e6e03b97ea006a7981b146b8893ab5650c7f93361ee5f57e55e6929a,ZIP_SHA256_VERIFIED,efc7c7070383c1fe,301042,,SUCCESS,D:\curuma\turmeric_datasets\dataset_02\original\Turmeric Plant Disease\Rhizome Healthy Root\Rhizome Healthy Root00262.JPG,https://data.mendeley.com/public-files/datasets/g46dvrcvwn/files/fb82efd6-bd52-488e-be42-f4e2e619088b/file_downloaded
Dataset_02_g46dvrcvwn,Rhizome Healthy Root00263.JPG,original,Rhizome_Healthy_Roots,Rhizome Healthy Root,NOT_PROVIDED_PER_FILE (ZIP_VERIFIED),0283d65c7290cbbc738aafebbe4b042b7d47f3f3fd1411e6014464d015f881bd,ZIP_SHA256_VERIFIED,ffefc707030381fe,287701,,SUCCESS,D:\curuma\turmeric_datasets\dataset_02\original\Turmeric Plant Disease\Rhizome Healthy Root\Rhizome Healthy Root00263.JPG,https://data.mendeley.com/public-files/datasets/g46dvrcvwn/files/fb82efd6-bd52-488e-be42-f4e2e619088b/file_downloaded
Dataset_02_g46dvrcvwn,Rhizome Healthy Root00264.JPG,original,Rhizome_Healthy_Roots,Rhizome Healthy Root,NOT_PROVIDED_PER_FILE (ZIP_VERIFIED),88850ed19f168f24a474cb68edc5f09b810f1d180c407aafbbb7abed9634f38e,ZIP_SHA256_VERIFIED,ffcfc707030381fe,287814,,SUCCESS,D:\curuma\turmeric_datasets\dataset_02\original\Turmeric Plant Disease\Rhizome Healthy Root\Rhizome Healthy Root00264.JPG,https://data.mendeley.com/public-files/datasets/g46dvrcvwn/files/fb82efd6-bd52-488e-be42-f4e2e619088b/file_downloaded
Dataset_02_g46dvrcvwn,Rhizome Healthy Root00265.JPG,original,Rhizome_Healthy_Roots,Rhizome Healthy Root,NOT_PROVIDED_PER_FILE (ZIP_VERIFIED),4c66ee0911137283f61856c4a67a4098d027c8fcfba0175633b01ce66f114c23,ZIP_SHA256_VERIFIED,dfcf87830101c7ff,325552,,SUCCESS,D:\curuma\turmeric_datasets\dataset_02\original\Turmeric Plant Disease\Rhizome Healthy Root\Rhizome Healthy Root00265.JPG,https://data.mendeley.com/public-files/datasets/g46dvrcvwn/files/fb82efd6-bd52-488e-be42-f4e2e619088b/file_downloaded
Dataset_02_g46dvrcvwn,Rhizome Healthy Root00266.JPG,original,Rhizome_Healthy_Roots,Rhizome Healthy Root,NOT_PROVIDED_PER_FILE (ZIP_VERIFIED),95531f8fd971c6935aaf215d47d89aafda5e6c0b599c6cfc56029937bc94558f,ZIP_SHA256_VERIFIED,dfcf87830101cfff,325971,,SUCCESS,D:\curuma\turmeric_datasets\dataset_02\original\Turmeric Plant Disease\Rhizome Healthy Root\Rhizome Healthy Root00266.JPG,https://data.mendeley.com/public-files/datasets/g46dvrcvwn/files/fb82efd6-bd52-488e-be42-f4e2e619088b/file_downloaded
Dataset_02_g46dvrcvwn,Rhizome Healthy Root00267.JPG,original,Rhizome_Healthy_Roots,Rhizome Healthy Root,NOT_PROVIDED_PER_FILE (ZIP_VERIFIED),a3e2b48643accc82072c55aa141bea2b21051b8539d1acb10e807cd7c9a99800,ZIP_SHA256_VERIFIED,dfcf87830101c7ff,339382,,SUCCESS,D:\curuma\turmeric_datasets\dataset_02\original\Turmeric Plant Disease\Rhizome Healthy Root\Rhizome Healthy Root00267.JPG,https://data.mendeley.com/public-files/datasets/g46dvrcvwn/files/fb82efd6-bd52-488e-be42-f4e2e619088b/file_downloaded
Dataset_02_g46dvrcvwn,Rhizome Healthy Root00268.JPG,original,Rhizome_Healthy_Roots,Rhizome Healthy Root,NOT_PROVIDED_PER_FILE (ZIP_VERIFIED),e78acfe5b06fa7c6234978bc54a8d581efc979eb8a97b144628d20dd80492712,ZIP_SHA256_VERIFIED,bf9f8f8301030fff,316387,,SUCCESS,D:\curuma\turmeric_datasets\dataset_02\original\Turmeric Plant Disease\Rhizome Healthy Root\Rhizome Healthy Root00268.JPG,https://data.mendeley.com/public-files/datasets/g46dvrcvwn/files/fb82efd6-bd52-488e-be42-f4e2e619088b/file_downloaded
Dataset_02_g46dvrcvwn,Rhizome Healthy Root00269.JPG,original,Rhizome_Healthy_Roots,Rhizome Healthy Root,NOT_PROVIDED_PER_FILE (ZIP_VERIFIED),202ff761f242e4d6359f4d152591739336fa47c9d7fc3856b2cafac120036f0c,ZIP_SHA256_VERIFIED,bf9f8f8301030fff,311338,,SUCCESS,D:\curuma\turmeric_datasets\dataset_02\original\Turmeric Plant Disease\Rhizome Healthy Root\Rhizome Healthy Root00269.JPG,https://data.mendeley.com/public-files/datasets/g46dvrcvwn/files/fb82efd6-bd52-488e-be42-f4e2e619088b/file_downloaded
Dataset_02_g46dvrcvwn,Rhizome Healthy Root00270.JPG,original,Rhizome_Healthy_Roots,Rhizome Healthy Root,NOT_PROVIDED_PER_FILE (ZIP_VERIFIED),09c34f3acaeceb7b0a94d87e4f35153e67aa12cd2f29e56529c641c77c89c197,ZIP_SHA256_VERIFIED,bf9f8f8301030fff,328353,,SUCCESS,D:\curuma\turmeric_datasets\dataset_02\original\Turmeric Plant Disease\Rhizome Healthy Root\Rhizome Healthy Root00270.JPG,https://data.mendeley.com/public-files/datasets/g46dvrcvwn/files/fb82efd6-bd52-488e-be42-f4e2e619088b/file_downloaded
Dataset_02_g46dvrcvwn,Rhizome Healthy Root00271.JPG,original,Rhizome_Healthy_Roots,Rhizome Healthy Root,NOT_PROVIDED_PER_FILE (ZIP_VERIFIED),b60d56eb5788708a78bf46eabb0050b4e0ee8c1c8ece49ace3f146d4763421ba,ZIP_SHA256_VERIFIED,bf9f8f8301030fff,328398,,SUCCESS,D:\curuma\turmeric_datasets\dataset_02\original\Turmeric Plant Disease\Rhizome Healthy Root\Rhizome Healthy Root00271.JPG,https://data.mendeley.com/public-files/datasets/g46dvrcvwn/files/fb82efd6-bd52-488e-be42-f4e2e619088b/file_downloaded
Dataset_02_g46dvrcvwn,Rhizome Healthy Root00272.JPG,original,Rhizome_Healthy_Roots,Rhizome Healthy Root,NOT_PROVIDED_PER_FILE (ZIP_VERIFIED),f4c8555ebc26d913de485159e042e9eb6515ce7ca24985f976500d64371d9fd2,ZIP_SHA256_VERIFIED,ffcfc783810087ff,305448,,SUCCESS,D:\curuma\turmeric_datasets\dataset_02\original\Turmeric Plant Disease\Rhizome Healthy Root\Rhizome Healthy Root00272.JPG,https://data.mendeley.com/public-files/datasets/g46dvrcvwn/files/fb82efd6-bd52-488e-be42-f4e2e619088b/file_downloaded
Dataset_02_g46dvrcvwn,Rhizome Healthy Root00273.JPG,original,Rhizome_Healthy_Roots,Rhizome Healthy Root,NOT_PROVIDED_PER_FILE (ZIP_VERIFIED),d61531ab1633ceed699deb492758003f5c05327bb45487a8934ccefd8dafefc4,ZIP_SHA256_VERIFIED,ffcfc7c3810083ef,300719,,SUCCESS,D:\curuma\turmeric_datasets\dataset_02\original\Turmeric Plant Disease\Rhizome Healthy Root\Rhizome Healthy Root00273.JPG,https://data.mendeley.com/public-files/datasets/g46dvrcvwn/files/fb82efd6-bd52-488e-be42-f4e2e619088b/file_downloaded
Dataset_02_g46dvrcvwn,Rhizome Healthy Root00274.JPG,original,Rhizome_Healthy_Roots,Rhizome Healthy Root,NOT_PROVIDED_PER_FILE (ZIP_VERIFIED),74bce8a01426287dc6307ad09307c32b07fbae1b8b787b345704689ffa956f7f,ZIP_SHA256_VERIFIED,ffcfc7c3810083ff,281722,,SUCCESS,D:\curuma\turmeric_datasets\dataset_02\original\Turmeric Plant Disease\Rhizome Healthy Root\Rhizome Healthy Root00274.JPG,https://data.mendeley.com/public-files/datasets/g46dvrcvwn/files/fb82efd6-bd52-488e-be42-f4e2e619088b/file_downloaded
Dataset_02_g46dvrcvwn,Rhizome Healthy Root00275.JPG,original,Rhizome_Healthy_Roots,Rhizome Healthy Root,NOT_PROVIDED_PER_FILE (ZIP_VERIFIED),c2e613b9e517ae275654546c1e48845ac0ea9448dec60ef5c30b8c2ad2800b2c,ZIP_SHA256_VERIFIED,fedf8f8703008fff,275133,,SUCCESS,D:\curuma\turmeric_datasets\dataset_02\original\Turmeric Plant Disease\Rhizome Healthy Root\Rhizome Healthy Root00275.JPG,https://data.mendeley.com/public-files/datasets/g46dvrcvwn/files/fb82efd6-bd52-488e-be42-f4e2e619088b/file_downloaded
Dataset_02_g46dvrcvwn,Rhizome Healthy Root00276.JPG,original,Rhizome_Healthy_Roots,Rhizome Healthy Root,NOT_PROVIDED_PER_FILE (ZIP_VERIFIED),ab339e9c8d3588cdc7d1d834f8f5687abba47a59f6b929ca9bdb0ba71c3b2e2d,ZIP_SHA256_VERIFIED,fedf8f8703008fff,276382,,SUCCESS,D:\curuma\turmeric_datasets\dataset_02\original\Turmeric Plant Disease\Rhizome Healthy Root\Rhizome Healthy Root00276.JPG,https://data.mendeley.com/public-files/datasets/g46dvrcvwn/files/fb82efd6-bd52-488e-be42-f4e2e619088b/file_downloaded
Dataset_02_g46dvrcvwn,Rhizome Healthy Root00277.JPG,original,Rhizome_Healthy_Roots,Rhizome Healthy Root,NOT_PROVIDED_PER_FILE (ZIP_VERIFIED),88073c56c820e1c334a0abcc89df9f106ae659e06539df1c28d6659a0b58d5a8,ZIP_SHA256_VERIFIED,fedf8f8703008fff,281750,,SUCCESS,D:\curuma\turmeric_datasets\dataset_02\original\Turmeric Plant Disease\Rhizome Healthy Root\Rhizome Healthy Root00277.JPG,https://data.mendeley.com/public-files/datasets/g46dvrcvwn/files/fb82efd6-bd52-488e-be42-f4e2e619088b/file_downloaded
Dataset_02_g46dvrcvwn,Rhizome Healthy Root00278.JPG,original,Rhizome_Healthy_Roots,Rhizome Healthy Root,NOT_PROVIDED_PER_FILE (ZIP_VERIFIED),1442a8c57d800e6bcdefd797cda6303380c6fc733c14755a8e9dbab91c739cb6,ZIP_SHA256_VERIFIED,fe9f8f8700079fff,267999,,SUCCESS,D:\curuma\turmeric_datasets\dataset_02\original\Turmeric Plant Disease\Rhizome Healthy Root\Rhizome Healthy Root00278.JPG,https://data.mendeley.com/public-files/datasets/g46dvrcvwn/files/fb82efd6-bd52-488e-be42-f4e2e619088b/file_downloaded
Dataset_02_g46dvrcvwn,Rhizome Healthy Root00279.JPG,original,Rhizome_Healthy_Roots,Rhizome Healthy Root,NOT_PROVIDED_PER_FILE (ZIP_VERIFIED),97a26b9d2ee6ac615c57f888738dd4ede40f799fb65686dcf6ba1958b86eff48,ZIP_SHA256_VERIFIED,febf8f8700079fff,265621,,SUCCESS,D:\curuma\turmeric_datasets\dataset_02\original\Turmeric Plant Disease\Rhizome Healthy Root\Rhizome Healthy Root00279.JPG,https://data.mendeley.com/public-files/datasets/g46dvrcvwn/files/fb82efd6-bd52-488e-be42-f4e2e619088b/file_downloaded
Dataset_02_g46dvrcvwn,Rhizome Healthy Root00280.JPG,original,Rhizome_Healthy_Roots,Rhizome Healthy Root,NOT_PROVIDED_PER_FILE (ZIP_VERIFIED),d9a71f80077fa2eabdb4058ffc6feab0203557641e7d1dd0c423982ee4f385c7,ZIP_SHA256_VERIFIED,febf8f8700079fff,277469,,SUCCESS,D:\curuma\turmeric_datasets\dataset_02\original\Turmeric Plant Disease\Rhizome Healthy Root\Rhizome Healthy Root00280.JPG,https://data.mendeley.com/public-files/datasets/g46dvrcvwn/files/fb82efd6-bd52-488e-be42-f4e2e619088b/file_downloaded
Dataset_02_g46dvrcvwn,Rhizome Healthy Root00281.JPG,original,Rhizome_Healthy_Roots,Rhizome Healthy Root,NOT_PROVIDED_PER_FILE (ZIP_VERIFIED),ca63a8e20a20ef7821ec2db1ea71e4c4c929571bf22458f59d8d37c772e6c58b,ZIP_SHA256_VERIFIED,febf8f8700079fff,267631,,SUCCESS,D:\curuma\turmeric_datasets\dataset_02\original\Turmeric Plant Disease\Rhizome Healthy Root\Rhizome Healthy Root00281.JPG,https://data.mendeley.com/public-files/datasets/g46dvrcvwn/files/fb82efd6-bd52-488e-be42-f4e2e619088b/file_downloaded
Dataset_02_g46dvrcvwn,Rhizome Healthy Root00282.JPG,original,Rhizome_Healthy_Roots,Rhizome Healthy Root,NOT_PROVIDED_PER_FILE (ZIP_VERIFIED),cce530c4f5497d898290db49fe6fab4c44524ca8a6385f61b997a5d6748fe5cf,ZIP_SHA256_VERIFIED,fe9f8f8700079fff,267679,,SUCCESS,D:\curuma\turmeric_datasets\dataset_02\original\Turmeric Plant Disease\Rhizome Healthy Root\Rhizome Healthy Root00282.JPG,https://data.mendeley.com/public-files/datasets/g46dvrcvwn/files/fb82efd6-bd52-488e-be42-f4e2e619088b/file_downloaded
Dataset_02_g46dvrcvwn,Rhizome Healthy Root00283.JPG,original,Rhizome_Healthy_Roots,Rhizome Healthy Root,NOT_PROVIDED_PER_FILE (ZIP_VERIFIED),21114b0aaefd71c4365a3a994c4bd9a75e35d1637dee915a954e5ae34c645bea,ZIP_SHA256_VERIFIED,fcbf8f0700079fff,261878,,SUCCESS,D:\curuma\turmeric_datasets\dataset_02\original\Turmeric Plant Disease\Rhizome Healthy Root\Rhizome Healthy Root00283.JPG,https://data.mendeley.com/public-files/datasets/g46dvrcvwn/files/fb82efd6-bd52-488e-be42-f4e2e619088b/file_downloaded
Dataset_02_g46dvrcvwn,Rhizome Healthy Root00284.JPG,original,Rhizome_Healthy_Roots,Rhizome Healthy Root,NOT_PROVIDED_PER_FILE (ZIP_VERIFIED),40db1adf644ebe22e587949ae68d043ac837a1b34e6d6e959403dc9efcaaff29,ZIP_SHA256_VERIFIED,fe3f0f01030fdfff,256690,,SUCCESS,D:\curuma\turmeric_datasets\dataset_02\original\Turmeric Plant Disease\Rhizome Healthy Root\Rhizome Healthy Root00284.JPG,https://data.mendeley.com/public-files/datasets/g46dvrcvwn/files/fb82efd6-bd52-488e-be42-f4e2e619088b/file_downloaded
Dataset_02_g46dvrcvwn,Rhizome Healthy Root00285.JPG,original,Rhizome_Healthy_Roots,Rhizome Healthy Root,NOT_PROVIDED_PER_FILE (ZIP_VERIFIED),83c686ec2538f88fd9a540b44d83db5abea6a7af5d321dc21ddfc5ab2e9cb016,ZIP_SHA256_VERIFIED,fe3f0f01030fdfff,255528,,SUCCESS,D:\curuma\turmeric_datasets\dataset_02\original\Turmeric Plant Disease\Rhizome Healthy Root\Rhizome Healthy Root00285.JPG,https://data.mendeley.com/public-files/datasets/g46dvrcvwn/files/fb82efd6-bd52-488e-be42-f4e2e619088b/file_downloaded
Dataset_02_g46dvrcvwn,Rhizome Healthy Root00286.JPG,original,Rhizome_Healthy_Roots,Rhizome Healthy Root,NOT_PROVIDED_PER_FILE (ZIP_VERIFIED),2a97b39eba2cd7fd67b6ebfeb8d559268366bd541fb27393efd1159d80f5b656,ZIP_SHA256_VERIFIED,fe3f0f01030fffff,267862,,SUCCESS,D:\curuma\turmeric_datasets\dataset_02\original\Turmeric Plant Disease\Rhizome Healthy Root\Rhizome Healthy Root00286.JPG,https://data.mendeley.com/public-files/datasets/g46dvrcvwn/files/fb82efd6-bd52-488e-be42-f4e2e619088b/file_downloaded
Dataset_02_g46dvrcvwn,Rhizome Healthy Root00287.JPG,original,Rhizome_Healthy_Roots,Rhizome Healthy Root,NOT_PROVIDED_PER_FILE (ZIP_VERIFIED),9092ce7d30b63255c3ef56124692bb99edadfc18997068852808e3f92272d06a,ZIP_SHA256_VERIFIED,fe3f0f01030fffff,266629,,SUCCESS,D:\curuma\turmeric_datasets\dataset_02\original\Turmeric Plant Disease\Rhizome Healthy Root\Rhizome Healthy Root00287.JPG,https://data.mendeley.com/public-files/datasets/g46dvrcvwn/files/fb82efd6-bd52-488e-be42-f4e2e619088b/file_downloaded
Dataset_02_g46dvrcvwn,Rhizome Healthy Root00288.JPG,original,Rhizome_Healthy_Roots,Rhizome Healthy Root,NOT_PROVIDED_PER_FILE (ZIP_VERIFIED),ec99b8839934fcab11b5f21615d333c9a18470d43c8c3faa318ba78046688f4c,ZIP_SHA256_VERIFIED,febf0f01030fdfff,258193,,SUCCESS,D:\curuma\turmeric_datasets\dataset_02\original\Turmeric Plant Disease\Rhizome Healthy Root\Rhizome Healthy Root00288.JPG,https://data.mendeley.com/public-files/datasets/g46dvrcvwn/files/fb82efd6-bd52-488e-be42-f4e2e619088b/file_downloaded
Dataset_02_g46dvrcvwn,Rhizome Healthy Root00289.JPG,original,Rhizome_Healthy_Roots,Rhizome Healthy Root,NOT_PROVIDED_PER_FILE (ZIP_VERIFIED),03e7edbda1927228f0ff7011ff44e3d3a9b78937dac23f0a7e1a86cf22b4fb6c,ZIP_SHA256_VERIFIED,eec7870783c1ffff,240635,,SUCCESS,D:\curuma\turmeric_datasets\dataset_02\original\Turmeric Plant Disease\Rhizome Healthy Root\Rhizome Healthy Root00289.JPG,https://data.mendeley.com/public-files/datasets/g46dvrcvwn/files/fb82efd6-bd52-488e-be42-f4e2e619088b/file_downloaded
Dataset_02_g46dvrcvwn,Rhizome Healthy Root00292.JPG,original,Rhizome_Healthy_Roots,Rhizome Healthy Root,NOT_PROVIDED_PER_FILE (ZIP_VERIFIED),0fcf7b1826e15adbff0cc25cb6b499e297fc3cfcf6d0ea3c400f0ba34ca9f4c5,ZIP_SHA256_VERIFIED,eec7870383f1ffff,244165,,SUCCESS,D:\curuma\turmeric_datasets\dataset_02\original\Turmeric Plant Disease\Rhizome Healthy Root\Rhizome Healthy Root00292.JPG,https://data.mendeley.com/public-files/datasets/g46dvrcvwn/files/fb82efd6-bd52-488e-be42-f4e2e619088b/file_downloaded
Dataset_02_g46dvrcvwn,Rhizome Healthy Root00298.JPG,original,Rhizome_Healthy_Roots,Rhizome Healthy Root,NOT_PROVIDED_PER_FILE (ZIP_VERIFIED),2783c1890cd370aeaac62205f04cd2f8e6dbd23c5f0a56b5e3406893bed3c47f,ZIP_SHA256_VERIFIED,f7e7878783e3fdff,249589,,SUCCESS,D:\curuma\turmeric_datasets\dataset_02\original\Turmeric Plant Disease\Rhizome Healthy Root\Rhizome Healthy Root00298.JPG,https://data.mendeley.com/public-files/datasets/g46dvrcvwn/files/fb82efd6-bd52-488e-be42-f4e2e619088b/file_downloaded
Dataset_02_g46dvrcvwn,Rhizome Healthy Root00299.JPG,original,Rhizome_Healthy_Roots,Rhizome Healthy Root,NOT_PROVIDED_PER_FILE (ZIP_VERIFIED),94dedc112c7e39025909a7e3f00bdd96ba643039775f6e99a0fda4f44c6aa907,ZIP_SHA256_VERIFIED,cece8e0703f9ffff,244201,,SUCCESS,D:\curuma\turmeric_datasets\dataset_02\original\Turmeric Plant Disease\Rhizome Healthy Root\Rhizome Healthy Root00299.JPG,https://data.mendeley.com/public-files/datasets/g46dvrcvwn/files/fb82efd6-bd52-488e-be42-f4e2e619088b/file_downloaded
Dataset_02_g46dvrcvwn,Rhizome Healthy Root00300.JPG,original,Rhizome_Healthy_Roots,Rhizome Healthy Root,NOT_PROVIDED_PER_FILE (ZIP_VERIFIED),c7ee8a02b40e1b9a09a33fca971463dbface6b16ace3c4d242f5679a76f4e042,ZIP_SHA256_VERIFIED,dcce8e0707f1ffff,246698,,SUCCESS,D:\curuma\turmeric_datasets\dataset_02\original\Turmeric Plant Disease\Rhizome Healthy Root\Rhizome Healthy Root00300.JPG,https://data.mendeley.com/public-files/datasets/g46dvrcvwn/files/fb82efd6-bd52-488e-be42-f4e2e619088b/file_downloaded
Dataset_02_g46dvrcvwn,Rhizome Healthy Root00302.JPG,original,Rhizome_Healthy_Roots,Rhizome Healthy Root,NOT_PROVIDED_PER_FILE (ZIP_VERIFIED),1b056c0bec593d0fb2c3b1ab4b9d24f80ed054d4ea4c181663cd9794f0288604,ZIP_SHA256_VERIFIED,f7e7878383e1ffff,247681,,SUCCESS,D:\curuma\turmeric_datasets\dataset_02\original\Turmeric Plant Disease\Rhizome Healthy Root\Rhizome Healthy Root00302.JPG,https://data.mendeley.com/public-files/datasets/g46dvrcvwn/files/fb82efd6-bd52-488e-be42-f4e2e619088b/file_downloaded
Dataset_02_g46dvrcvwn,Rhizome Healthy Root00303.JPG,original,Rhizome_Healthy_Roots,Rhizome Healthy Root,NOT_PROVIDED_PER_FILE (ZIP_VERIFIED),67b3e63120ef420e06cb311a4b97a1c1cb953fa026bae3e4e864d26264f1d837,ZIP_SHA256_VERIFIED,e7e7878383e1ffff,240943,,SUCCESS,D:\curuma\turmeric_datasets\dataset_02\original\Turmeric Plant Disease\Rhizome Healthy Root\Rhizome Healthy Root00303.JPG,https://data.mendeley.com/public-files/datasets/g46dvrcvwn/files/fb82efd6-bd52-488e-be42-f4e2e619088b/file_downloaded
Dataset_02_g46dvrcvwn,Rhizome Healthy Root00304.JPG,original,Rhizome_Healthy_Roots,Rhizome Healthy Root,NOT_PROVIDED_PER_FILE (ZIP_VERIFIED),ab003fdf91d56ef672021bfff6e5ba5826da3116107f32ce59b5bf824d3f429b,ZIP_SHA256_VERIFIED,ff0f0707038dffff,229681,,SUCCESS,D:\curuma\turmeric_datasets\dataset_02\original\Turmeric Plant Disease\Rhizome Healthy Root\Rhizome Healthy Root00304.JPG,https://data.mendeley.com/public-files/datasets/g46dvrcvwn/files/fb82efd6-bd52-488e-be42-f4e2e619088b/file_downloaded
Dataset_02_g46dvrcvwn,Rhizome Healthy Root00305.JPG,original,Rhizome_Healthy_Roots,Rhizome Healthy Root,NOT_PROVIDED_PER_FILE (ZIP_VERIFIED),4501e35276bb38c65ba6f9a92d96cb21139b5a1fc57daae16d95539807dd9bd1,ZIP_SHA256_VERIFIED,ff0f0703039dffff,232272,,SUCCESS,D:\curuma\turmeric_datasets\dataset_02\original\Turmeric Plant Disease\Rhizome Healthy Root\Rhizome Healthy Root00305.JPG,https://data.mendeley.com/public-files/datasets/g46dvrcvwn/files/fb82efd6-bd52-488e-be42-f4e2e619088b/file_downloaded
Dataset_02_g46dvrcvwn,Rhizome Healthy Root00306.JPG,original,Rhizome_Healthy_Roots,Rhizome Healthy Root,NOT_PROVIDED_PER_FILE (ZIP_VERIFIED),eb3d15d1dbe2c01c4fe0d9ad2f5ce1704debaa0084fdcb9eeac27489ebb5faa5,ZIP_SHA256_VERIFIED,9f0f0703079fffff,237952,,SUCCESS,D:\curuma\turmeric_datasets\dataset_02\original\Turmeric Plant Disease\Rhizome Healthy Root\Rhizome Healthy Root00306.JPG,https://data.mendeley.com/public-files/datasets/g46dvrcvwn/files/fb82efd6-bd52-488e-be42-f4e2e619088b/file_downloaded
Dataset_02_g46dvrcvwn,Rhizome Healthy Root00307.JPG,original,Rhizome_Healthy_Roots,Rhizome Healthy Root,NOT_PROVIDED_PER_FILE (ZIP_VERIFIED),2afde0877c35930aeeb7d2376979297b9743bebc3c6616e1dde5b9a6092f7b29,ZIP_SHA256_VERIFIED,9f0f0703079fffff,244417,,SUCCESS,D:\curuma\turmeric_datasets\dataset_02\original\Turmeric Plant Disease\Rhizome Healthy Root\Rhizome Healthy Root00307.JPG,https://data.mendeley.com/public-files/datasets/g46dvrcvwn/files/fb82efd6-bd52-488e-be42-f4e2e619088b/file_downloaded
Dataset_02_g46dvrcvwn,Rhizome Healthy Root00308.JPG,original,Rhizome_Healthy_Roots,Rhizome Healthy Root,NOT_PROVIDED_PER_FILE (ZIP_VERIFIED),9fb5c00d77778e3c2e964c5c782350e61106aeeb39fd03d886f44bd9559feedf,ZIP_SHA256_VERIFIED,9f070703079fffff,248681,,SUCCESS,D:\curuma\turmeric_datasets\dataset_02\original\Turmeric Plant Disease\Rhizome Healthy Root\Rhizome Healthy Root00308.JPG,https://data.mendeley.com/public-files/datasets/g46dvrcvwn/files/fb82efd6-bd52-488e-be42-f4e2e619088b/file_downloaded
Dataset_02_g46dvrcvwn,Rhizome Healthy Root00309.JPG,original,Rhizome_Healthy_Roots,Rhizome Healthy Root,NOT_PROVIDED_PER_FILE (ZIP_VERIFIED),1b74dc63ead509e79e88c1ce5cfd815cd5444046788389510599e89f870abe15,ZIP_SHA256_VERIFIED,9f0f0703079fffff,225800,,SUCCESS,D:\curuma\turmeric_datasets\dataset_02\original\Turmeric Plant Disease\Rhizome Healthy Root\Rhizome Healthy Root00309.JPG,https://data.mendeley.com/public-files/datasets/g46dvrcvwn/files/fb82efd6-bd52-488e-be42-f4e2e619088b/file_downloaded
Dataset_02_g46dvrcvwn,Rhizome Healthy Root00310.JPG,original,Rhizome_Healthy_Roots,Rhizome Healthy Root,NOT_PROVIDED_PER_FILE (ZIP_VERIFIED),ae8e6a5682a3b80db6259a79d9bc9343fc78e9ab2b93fbf22207b62237299532,ZIP_SHA256_VERIFIED,9f0f07030f9fffff,227487,,SUCCESS,D:\curuma\turmeric_datasets\dataset_02\original\Turmeric Plant Disease\Rhizome Healthy Root\Rhizome Healthy Root00310.JPG,https://data.mendeley.com/public-files/datasets/g46dvrcvwn/files/fb82efd6-bd52-488e-be42-f4e2e619088b/file_downloaded
Dataset_02_g46dvrcvwn,Rhizome Healthy Root00311.JPG,original,Rhizome_Healthy_Roots,Rhizome Healthy Root,NOT_PROVIDED_PER_FILE (ZIP_VERIFIED),bf8847c93d3d69d09ffbb3704e42a9667e0d0ec0bc353e1a6de2ae41e24c17b3,ZIP_SHA256_VERIFIED,df07038387dfffff,205339,,SUCCESS,D:\curuma\turmeric_datasets\dataset_02\original\Turmeric Plant Disease\Rhizome Healthy Root\Rhizome Healthy Root00311.JPG,https://data.mendeley.com/public-files/datasets/g46dvrcvwn/files/fb82efd6-bd52-488e-be42-f4e2e619088b/file_downloaded
Dataset_02_g46dvrcvwn,Rhizome Healthy Root00312.JPG,original,Rhizome_Healthy_Roots,Rhizome Healthy Root,NOT_PROVIDED_PER_FILE (ZIP_VERIFIED),6503d338eb7a65443873adc94de0b424f63cbabb368367e05459fa7b566268e1,ZIP_SHA256_VERIFIED,9f0f03838fffffff,216158,,SUCCESS,D:\curuma\turmeric_datasets\dataset_02\original\Turmeric Plant Disease\Rhizome Healthy Root\Rhizome Healthy Root00312.JPG,https://data.mendeley.com/public-files/datasets/g46dvrcvwn/files/fb82efd6-bd52-488e-be42-f4e2e619088b/file_downloaded
Dataset_02_g46dvrcvwn,Rhizome Healthy Root00313.JPG,original,Rhizome_Healthy_Roots,Rhizome Healthy Root,NOT_PROVIDED_PER_FILE (ZIP_VERIFIED),bab0780a27953f7599c97a75c48e8a3235161146f89d10bd9c811d94cab08cbc,ZIP_SHA256_VERIFIED,df0f07838fffffff,220775,,SUCCESS,D:\curuma\turmeric_datasets\dataset_02\original\Turmeric Plant Disease\Rhizome Healthy Root\Rhizome Healthy Root00313.JPG,https://data.mendeley.com/public-files/datasets/g46dvrcvwn/files/fb82efd6-bd52-488e-be42-f4e2e619088b/file_downloaded
