sample_id,dataset_source,filename,relative_path,label,binary_target,subcategory,split,role,md5_hash,file_size_bytes
DS01_TR_aphids_disease_(50).jpg,Dataset_01_Clean,aphids_disease_(50).jpg,turmeric_datasets\dataset_01\original\Aphids_Disease\aphids_disease_(50).jpg,turmeric_leaf,1,Aphids_Disease,train,positive_train_turmeric_leaf,56e0deaf02773a6c60916a049009fa85,3749208
DS01_TR_aphids_disease_(131).jpg,Dataset_01_Clean,aphids_disease_(131).jpg,turmeric_datasets\dataset_01\original\Aphids_Disease\aphids_disease_(131).jpg,turmeric_leaf,1,Aphids_Disease,train,positive_train_turmeric_leaf,d62792410398f3aebc6fc3a9909295da,3981128
DS01_TR_aphids_disease_(59).jpg,Dataset_01_Clean,aphids_disease_(59).jpg,turmeric_datasets\dataset_01\original\Aphids_Disease\aphids_disease_(59).jpg,turmeric_leaf,1,Aphids_Disease,train,positive_train_turmeric_leaf,d9b48d127f2f7242d78069272321e177,3752392
DS01_TR_aphids_disease_(100).jpg,Dataset_01_Clean,aphids_disease_(100).jpg,turmeric_datasets\dataset_01\original\Aphids_Disease\aphids_disease_(100).jpg,turmeric_leaf,1,Aphids_Disease,train,positive_train_turmeric_leaf,7238524ed6bf9896887de53070621072,3575363
DS01_TR_aphids_disease_(14).jpg,Dataset_01_Clean,aphids_disease_(14).jpg,turmeric_datasets\dataset_01\original\Aphids_Disease\aphids_disease_(14).jpg,turmeric_leaf,1,Aphids_Disease,train,positive_train_turmeric_leaf,95a3af481a094c830ac31f9fc1073246,3750471
DS01_TR_aphids_disease_(63).jpg,Dataset_01_Clean,aphids_disease_(63).jpg,turmeric_datasets\dataset_01\original\Aphids_Disease\aphids_disease_(63).jpg,turmeric_leaf,1,Aphids_Disease,train,positive_train_turmeric_leaf,bc3da601cbf705d2a305173df92066e0,3622356
DS01_TR_aphids_disease_(190).jpg,Dataset_01_Clean,aphids_disease_(190).jpg,turmeric_datasets\dataset_01\original\Aphids_Disease\aphids_disease_(190).jpg,turmeric_leaf,1,Aphids_Disease,train,positive_train_turmeric_leaf,2c84c92ead1d4d382b8071c496ec3afa,3646720
DS01_TR_aphids_disease_(220).jpg,Dataset_01_Clean,aphids_disease_(220).jpg,turmeric_datasets\dataset_01\original\Aphids_Disease\aphids_disease_(220).jpg,turmeric_leaf,1,Aphids_Disease,train,positive_train_turmeric_leaf,590c7b21c74bef208ed389ab0044e3ed,3887144
DS01_TR_aphids_disease_(146).jpg,Dataset_01_Clean,aphids_disease_(146).jpg,turmeric_datasets\dataset_01\original\Aphids_Disease\aphids_disease_(146).jpg,turmeric_leaf,1,Aphids_Disease,train,positive_train_turmeric_leaf,72601ba2efcec7928f96ba534f1b4d25,3757842
DS01_TR_aphids_disease_(34).jpg,Dataset_01_Clean,aphids_disease_(34).jpg,turmeric_datasets\dataset_01\original\Aphids_Disease\aphids_disease_(34).jpg,turmeric_leaf,1,Aphids_Disease,train,positive_train_turmeric_leaf,4251758a2432711b4bcacde951d6b062,4167957
DS01_TR_aphids_disease_(170).jpg,Dataset_01_Clean,aphids_disease_(170).jpg,turmeric_datasets\dataset_01\original\Aphids_Disease\aphids_disease_(170).jpg,turmeric_leaf,1,Aphids_Disease,train,positive_train_turmeric_leaf,17ae789a886d470644aea7d795d26ed7,3903994
DS01_TR_aphids_disease_(43).jpg,Dataset_01_Clean,aphids_disease_(43).jpg,turmeric_datasets\dataset_01\original\Aphids_Disease\aphids_disease_(43).jpg,turmeric_leaf,1,Aphids_Disease,train,positive_train_turmeric_leaf,aa30d1592024dc155dca3905fdebff56,3541305
DS01_TR_aphids_disease_(198).jpg,Dataset_01_Clean,aphids_disease_(198).jpg,turmeric_datasets\dataset_01\original\Aphids_Disease\aphids_disease_(198).jpg,turmeric_leaf,1,Aphids_Disease,train,positive_train_turmeric_leaf,045ed4c477757cb2f6783d9ad27233f5,3733032
DS01_TR_aphids_disease_(2).jpg,Dataset_01_Clean,aphids_disease_(2).jpg,turmeric_datasets\dataset_01\original\Aphids_Disease\aphids_disease_(2).jpg,turmeric_leaf,1,Aphids_Disease,train,positive_train_turmeric_leaf,f8951ec3f3b269f044bf8a78a95b0a38,3643995
DS01_TR_aphids_disease_(193).jpg,Dataset_01_Clean,aphids_disease_(193).jpg,turmeric_datasets\dataset_01\original\Aphids_Disease\aphids_disease_(193).jpg,turmeric_leaf,1,Aphids_Disease,train,positive_train_turmeric_leaf,34d83bb1a4782b61eda4b497e8191bac,3959976
DS01_TR_aphids_disease_(219).jpg,Dataset_01_Clean,aphids_disease_(219).jpg,turmeric_datasets\dataset_01\original\Aphids_Disease\aphids_disease_(219).jpg,turmeric_leaf,1,Aphids_Disease,train,positive_train_turmeric_leaf,8b0354d7d31085c7593e7dd7572090a7,3943785
DS01_TR_aphids_disease_(73).jpg,Dataset_01_Clean,aphids_disease_(73).jpg,turmeric_datasets\dataset_01\original\Aphids_Disease\aphids_disease_(73).jpg,turmeric_leaf,1,Aphids_Disease,train,positive_train_turmeric_leaf,ccd22f92a0877dc02dfef5ddf2c0a49b,3680335
DS01_TR_aphids_disease_(153).jpg,Dataset_01_Clean,aphids_disease_(153).jpg,turmeric_datasets\dataset_01\original\Aphids_Disease\aphids_disease_(153).jpg,turmeric_leaf,1,Aphids_Disease,train,positive_train_turmeric_leaf,75e09748a131b9b6e10da130a307a67c,4022732
DS01_TR_aphids_disease_(110).jpg,Dataset_01_Clean,aphids_disease_(110).jpg,turmeric_datasets\dataset_01\original\Aphids_Disease\aphids_disease_(110).jpg,turmeric_leaf,1,Aphids_Disease,train,positive_train_turmeric_leaf,dddde70b0a82d602837d5f4d0f14ee23,3844933
DS01_TR_aphids_disease_(139).jpg,Dataset_01_Clean,aphids_disease_(139).jpg,turmeric_datasets\dataset_01\original\Aphids_Disease\aphids_disease_(139).jpg,turmeric_leaf,1,Aphids_Disease,train,positive_train_turmeric_leaf,20026e6c801210ac42ccbba40c2b90f2,4048540
DS01_TR_aphids_disease_(113).jpg,Dataset_01_Clean,aphids_disease_(113).jpg,turmeric_datasets\dataset_01\original\Aphids_Disease\aphids_disease_(113).jpg,turmeric_leaf,1,Aphids_Disease,train,positive_train_turmeric_leaf,480f068532dbe232ed3998a460484882,3784935
DS01_TR_aphids_disease_(91).jpg,Dataset_01_Clean,aphids_disease_(91).jpg,turmeric_datasets\dataset_01\original\Aphids_Disease\aphids_disease_(91).jpg,turmeric_leaf,1,Aphids_Disease,train,positive_train_turmeric_leaf,c03fc5802acadf13d4c078e39bbe6836,3618108
DS01_TR_aphids_disease_(48).jpg,Dataset_01_Clean,aphids_disease_(48).jpg,turmeric_datasets\dataset_01\original\Aphids_Disease\aphids_disease_(48).jpg,turmeric_leaf,1,Aphids_Disease,train,positive_train_turmeric_leaf,92544a723985a5e7e56116654bdbea98,3694426
DS01_TR_aphids_disease_(125).jpg,Dataset_01_Clean,aphids_disease_(125).jpg,turmeric_datasets\dataset_01\original\Aphids_Disease\aphids_disease_(125).jpg,turmeric_leaf,1,Aphids_Disease,train,positive_train_turmeric_leaf,699bd3cfa0cbde93b40e052f346dfec5,3754015
DS01_TR_aphids_disease_(92).jpg,Dataset_01_Clean,aphids_disease_(92).jpg,turmeric_datasets\dataset_01\original\Aphids_Disease\aphids_disease_(92).jpg,turmeric_leaf,1,Aphids_Disease,train,positive_train_turmeric_leaf,84b165411ad72da57aed7b43521103dd,3735971
DS01_TR_aphids_disease_(118).jpg,Dataset_01_Clean,aphids_disease_(118).jpg,turmeric_datasets\dataset_01\original\Aphids_Disease\aphids_disease_(118).jpg,turmeric_leaf,1,Aphids_Disease,train,positive_train_turmeric_leaf,98e1317a0771b47fe49274e73625942f,3963406
DS01_TR_aphids_disease_(202).jpg,Dataset_01_Clean,aphids_disease_(202).jpg,turmeric_datasets\dataset_01\original\Aphids_Disease\aphids_disease_(202).jpg,turmeric_leaf,1,Aphids_Disease,train,positive_train_turmeric_leaf,2d25792e3574b37f910d6f18fa0d0eb3,3876892
DS01_TR_aphids_disease_(176).jpg,Dataset_01_Clean,aphids_disease_(176).jpg,turmeric_datasets\dataset_01\original\Aphids_Disease\aphids_disease_(176).jpg,turmeric_leaf,1,Aphids_Disease,train,positive_train_turmeric_leaf,2d4c7762e62efb3278fa9c1199867703,3721996
DS01_TR_aphids_disease_(126).jpg,Dataset_01_Clean,aphids_disease_(126).jpg,turmeric_datasets\dataset_01\original\Aphids_Disease\aphids_disease_(126).jpg,turmeric_leaf,1,Aphids_Disease,train,positive_train_turmeric_leaf,8281ff8de11c4678b93c444fc90f7afe,3797657
DS01_TR_aphids_disease_(77).jpg,Dataset_01_Clean,aphids_disease_(77).jpg,turmeric_datasets\dataset_01\original\Aphids_Disease\aphids_disease_(77).jpg,turmeric_leaf,1,Aphids_Disease,train,positive_train_turmeric_leaf,d1b15f7db148fc7b15f588dc8bb5e667,3929788
DS01_TR_aphids_disease_(9).jpg,Dataset_01_Clean,aphids_disease_(9).jpg,turmeric_datasets\dataset_01\original\Aphids_Disease\aphids_disease_(9).jpg,turmeric_leaf,1,Aphids_Disease,train,positive_train_turmeric_leaf,7f33c3156dd9ac5e2459c562ffc0a4d1,3572793
DS01_TR_aphids_disease_(102).jpg,Dataset_01_Clean,aphids_disease_(102).jpg,turmeric_datasets\dataset_01\original\Aphids_Disease\aphids_disease_(102).jpg,turmeric_leaf,1,Aphids_Disease,train,positive_train_turmeric_leaf,543c42ffda654974a80868e7b32abe8a,3776811
DS01_TR_aphids_disease_(137).jpg,Dataset_01_Clean,aphids_disease_(137).jpg,turmeric_datasets\dataset_01\original\Aphids_Disease\aphids_disease_(137).jpg,turmeric_leaf,1,Aphids_Disease,train,positive_train_turmeric_leaf,599aaca2d88d3dcd7ee9a8b504c33ea8,4002759
DS01_TR_aphids_disease_(141).jpg,Dataset_01_Clean,aphids_disease_(141).jpg,turmeric_datasets\dataset_01\original\Aphids_Disease\aphids_disease_(141).jpg,turmeric_leaf,1,Aphids_Disease,train,positive_train_turmeric_leaf,4e44a1c2056a0283e86ab1ae9da4d708,3955714
DS01_TR_aphids_disease_(103).jpg,Dataset_01_Clean,aphids_disease_(103).jpg,turmeric_datasets\dataset_01\original\Aphids_Disease\aphids_disease_(103).jpg,turmeric_leaf,1,Aphids_Disease,train,positive_train_turmeric_leaf,aa7e45e42afeef0e3dac5631a80ff200,3764843
DS01_TR_aphids_disease_(218).jpg,Dataset_01_Clean,aphids_disease_(218).jpg,turmeric_datasets\dataset_01\original\Aphids_Disease\aphids_disease_(218).jpg,turmeric_leaf,1,Aphids_Disease,train,positive_train_turmeric_leaf,48341f6c86f180b3223571bfb0c06621,3960607
DS01_TR_aphids_disease_(101).jpg,Dataset_01_Clean,aphids_disease_(101).jpg,turmeric_datasets\dataset_01\original\Aphids_Disease\aphids_disease_(101).jpg,turmeric_leaf,1,Aphids_Disease,train,positive_train_turmeric_leaf,ee122adaa9ff5efb4ff4e1723ffeea59,3710009
DS01_TR_aphids_disease_(112).jpg,Dataset_01_Clean,aphids_disease_(112).jpg,turmeric_datasets\dataset_01\original\Aphids_Disease\aphids_disease_(112).jpg,turmeric_leaf,1,Aphids_Disease,train,positive_train_turmeric_leaf,3eb98c194374723242f522b40d2e2e28,3682909
DS01_TR_aphids_disease_(93).jpg,Dataset_01_Clean,aphids_disease_(93).jpg,turmeric_datasets\dataset_01\original\Aphids_Disease\aphids_disease_(93).jpg,turmeric_leaf,1,Aphids_Disease,train,positive_train_turmeric_leaf,814797e4d5cd9abddd9004483d4c4136,3755526
DS01_TR_aphids_disease_(22).jpg,Dataset_01_Clean,aphids_disease_(22).jpg,turmeric_datasets\dataset_01\original\Aphids_Disease\aphids_disease_(22).jpg,turmeric_leaf,1,Aphids_Disease,train,positive_train_turmeric_leaf,a5783c634b628692d915013406856ca4,3425628
DS01_TR_aphids_disease_(83).jpg,Dataset_01_Clean,aphids_disease_(83).jpg,turmeric_datasets\dataset_01\original\Aphids_Disease\aphids_disease_(83).jpg,turmeric_leaf,1,Aphids_Disease,train,positive_train_turmeric_leaf,22c9d3307d22b677dc47b98b97c18d48,3974457
DS01_TR_aphids_disease_(45).jpg,Dataset_01_Clean,aphids_disease_(45).jpg,turmeric_datasets\dataset_01\original\Aphids_Disease\aphids_disease_(45).jpg,turmeric_leaf,1,Aphids_Disease,train,positive_train_turmeric_leaf,88c136fba2a06924b7c002cebd533dc3,3556012
DS01_TR_aphids_disease_(195).jpg,Dataset_01_Clean,aphids_disease_(195).jpg,turmeric_datasets\dataset_01\original\Aphids_Disease\aphids_disease_(195).jpg,turmeric_leaf,1,Aphids_Disease,train,positive_train_turmeric_leaf,91b4913d60ca37a3ed8fb35a8c3f14e3,3869746
DS01_TR_aphids_disease_(17).jpg,Dataset_01_Clean,aphids_disease_(17).jpg,turmeric_datasets\dataset_01\original\Aphids_Disease\aphids_disease_(17).jpg,turmeric_leaf,1,Aphids_Disease,train,positive_train_turmeric_leaf,463b20b30d62631d70a3583d1ceb0858,3720533
DS01_TR_aphids_disease_(217).jpg,Dataset_01_Clean,aphids_disease_(217).jpg,turmeric_datasets\dataset_01\original\Aphids_Disease\aphids_disease_(217).jpg,turmeric_leaf,1,Aphids_Disease,train,positive_train_turmeric_leaf,c77cdc7294c299faab6caf2f4085371e,3818123
DS01_TR_aphids_disease_(30).jpg,Dataset_01_Clean,aphids_disease_(30).jpg,turmeric_datasets\dataset_01\original\Aphids_Disease\aphids_disease_(30).jpg,turmeric_leaf,1,Aphids_Disease,train,positive_train_turmeric_leaf,87179297c430937389f5b3911dc6d1ab,181216
DS01_TR_aphids_disease_(157).jpg,Dataset_01_Clean,aphids_disease_(157).jpg,turmeric_datasets\dataset_01\original\Aphids_Disease\aphids_disease_(157).jpg,turmeric_leaf,1,Aphids_Disease,train,positive_train_turmeric_leaf,6ce51f23294ca2563cac36df7a30b223,3967008
DS01_TR_aphids_disease_(206).jpg,Dataset_01_Clean,aphids_disease_(206).jpg,turmeric_datasets\dataset_01\original\Aphids_Disease\aphids_disease_(206).jpg,turmeric_leaf,1,Aphids_Disease,train,positive_train_turmeric_leaf,73b3d512edab48f1edc3348458296567,3910607
DS01_TR_aphids_disease_(108).jpg,Dataset_01_Clean,aphids_disease_(108).jpg,turmeric_datasets\dataset_01\original\Aphids_Disease\aphids_disease_(108).jpg,turmeric_leaf,1,Aphids_Disease,train,positive_train_turmeric_leaf,4cc475c0d5c6d923bbc4410892d5ecb8,3811464
DS01_TR_aphids_disease_(172).jpg,Dataset_01_Clean,aphids_disease_(172).jpg,turmeric_datasets\dataset_01\original\Aphids_Disease\aphids_disease_(172).jpg,turmeric_leaf,1,Aphids_Disease,train,positive_train_turmeric_leaf,f8f330c9343b46604a54fcce6de780e2,3838183
DS01_TR_aphids_disease_(58).jpg,Dataset_01_Clean,aphids_disease_(58).jpg,turmeric_datasets\dataset_01\original\Aphids_Disease\aphids_disease_(58).jpg,turmeric_leaf,1,Aphids_Disease,train,positive_train_turmeric_leaf,ad17fff76e8f4a801730f1957ac94f62,3738014
DS01_TR_aphids_disease_(107).jpg,Dataset_01_Clean,aphids_disease_(107).jpg,turmeric_datasets\dataset_01\original\Aphids_Disease\aphids_disease_(107).jpg,turmeric_leaf,1,Aphids_Disease,train,positive_train_turmeric_leaf,6292421e4a0fc57179cbf516e7da162b,3994500
DS01_TR_aphids_disease_(11).jpg,Dataset_01_Clean,aphids_disease_(11).jpg,turmeric_datasets\dataset_01\original\Aphids_Disease\aphids_disease_(11).jpg,turmeric_leaf,1,Aphids_Disease,train,positive_train_turmeric_leaf,436ad4f6a920408ab9d751d6a31c0143,3826154
DS01_TR_aphids_disease_(133).jpg,Dataset_01_Clean,aphids_disease_(133).jpg,turmeric_datasets\dataset_01\original\Aphids_Disease\aphids_disease_(133).jpg,turmeric_leaf,1,Aphids_Disease,train,positive_train_turmeric_leaf,4408a563b24acf835c8ae4c9e056961f,3685948
DS01_TR_aphids_disease_(74).jpg,Dataset_01_Clean,aphids_disease_(74).jpg,turmeric_datasets\dataset_01\original\Aphids_Disease\aphids_disease_(74).jpg,turmeric_leaf,1,Aphids_Disease,train,positive_train_turmeric_leaf,bb69b83b16d851a2a3d19e2c148a6f0e,3848457
DS01_TR_aphids_disease_(154).jpg,Dataset_01_Clean,aphids_disease_(154).jpg,turmeric_datasets\dataset_01\original\Aphids_Disease\aphids_disease_(154).jpg,turmeric_leaf,1,Aphids_Disease,train,positive_train_turmeric_leaf,0164ecbf0a9cc42db19832f7a850d13f,4259069
DS01_TR_aphids_disease_(46).jpg,Dataset_01_Clean,aphids_disease_(46).jpg,turmeric_datasets\dataset_01\original\Aphids_Disease\aphids_disease_(46).jpg,turmeric_leaf,1,Aphids_Disease,train,positive_train_turmeric_leaf,084fa917fa7ef3f63f7902e3aead06ac,3766535
DS01_TR_aphids_disease_(54).jpg,Dataset_01_Clean,aphids_disease_(54).jpg,turmeric_datasets\dataset_01\original\Aphids_Disease\aphids_disease_(54).jpg,turmeric_leaf,1,Aphids_Disease,train,positive_train_turmeric_leaf,93f48c38a741c731573e6b371e749112,3828812
DS01_TR_aphids_disease_(207).jpg,Dataset_01_Clean,aphids_disease_(207).jpg,turmeric_datasets\dataset_01\original\Aphids_Disease\aphids_disease_(207).jpg,turmeric_leaf,1,Aphids_Disease,train,positive_train_turmeric_leaf,67f8955e75510c38220105981c49854e,3704350
DS01_TR_aphids_disease_(165).jpg,Dataset_01_Clean,aphids_disease_(165).jpg,turmeric_datasets\dataset_01\original\Aphids_Disease\aphids_disease_(165).jpg,turmeric_leaf,1,Aphids_Disease,train,positive_train_turmeric_leaf,98a69fd51b978934fa4454b1d3cb497e,3847560
DS01_TR_aphids_disease_(28).jpg,Dataset_01_Clean,aphids_disease_(28).jpg,turmeric_datasets\dataset_01\original\Aphids_Disease\aphids_disease_(28).jpg,turmeric_leaf,1,Aphids_Disease,train,positive_train_turmeric_leaf,ff710b3841b0be24fc9d45f1c1223640,3814555
DS01_TR_aphids_disease_(159).jpg,Dataset_01_Clean,aphids_disease_(159).jpg,turmeric_datasets\dataset_01\original\Aphids_Disease\aphids_disease_(159).jpg,turmeric_leaf,1,Aphids_Disease,train,positive_train_turmeric_leaf,7318060c37d2ed59b93ce4e06159a7f2,4089143
DS01_TR_aphids_disease_(169).jpg,Dataset_01_Clean,aphids_disease_(169).jpg,turmeric_datasets\dataset_01\original\Aphids_Disease\aphids_disease_(169).jpg,turmeric_leaf,1,Aphids_Disease,train,positive_train_turmeric_leaf,fe6340e14daeb92bd1ff29245f4f0c5c,3901054
DS01_TR_aphids_disease_(87).jpg,Dataset_01_Clean,aphids_disease_(87).jpg,turmeric_datasets\dataset_01\original\Aphids_Disease\aphids_disease_(87).jpg,turmeric_leaf,1,Aphids_Disease,train,positive_train_turmeric_leaf,495ef3ff5d2f07195fec7e00c1c85223,3616279
DS01_TR_aphids_disease_(191).jpg,Dataset_01_Clean,aphids_disease_(191).jpg,turmeric_datasets\dataset_01\original\Aphids_Disease\aphids_disease_(191).jpg,turmeric_leaf,1,Aphids_Disease,train,positive_train_turmeric_leaf,27c62b318298cf6fd320ae96de433852,3677729
DS01_TR_aphids_disease_(1).jpg,Dataset_01_Clean,aphids_disease_(1).jpg,turmeric_datasets\dataset_01\original\Aphids_Disease\aphids_disease_(1).jpg,turmeric_leaf,1,Aphids_Disease,train,positive_train_turmeric_leaf,9a2d4b1b8743044fe2e66ba7597d89d7,3664345
DS01_TR_aphids_disease_(199).jpg,Dataset_01_Clean,aphids_disease_(199).jpg,turmeric_datasets\dataset_01\original\Aphids_Disease\aphids_disease_(199).jpg,turmeric_leaf,1,Aphids_Disease,train,positive_train_turmeric_leaf,26a45975e35c7f4968554ec58558a8d2,3958534
DS01_TR_aphids_disease_(6).jpg,Dataset_01_Clean,aphids_disease_(6).jpg,turmeric_datasets\dataset_01\original\Aphids_Disease\aphids_disease_(6).jpg,turmeric_leaf,1,Aphids_Disease,train,positive_train_turmeric_leaf,d39f5cf8afc877a9cbf1dfa89f63e5ef,3639764
DS01_TR_aphids_disease_(75).jpg,Dataset_01_Clean,aphids_disease_(75).jpg,turmeric_datasets\dataset_01\original\Aphids_Disease\aphids_disease_(75).jpg,turmeric_leaf,1,Aphids_Disease,train,positive_train_turmeric_leaf,6cbd72e33ac837a6541e2a99e6465cff,3879063
DS01_TR_aphids_disease_(132).jpg,Dataset_01_Clean,aphids_disease_(132).jpg,turmeric_datasets\dataset_01\original\Aphids_Disease\aphids_disease_(132).jpg,turmeric_leaf,1,Aphids_Disease,train,positive_train_turmeric_leaf,ea6753d25d2ab8a05ee40d16dc9a68d0,3717769
DS01_TR_aphids_disease_(188).jpg,Dataset_01_Clean,aphids_disease_(188).jpg,turmeric_datasets\dataset_01\original\Aphids_Disease\aphids_disease_(188).jpg,turmeric_leaf,1,Aphids_Disease,train,positive_train_turmeric_leaf,df24f26a9867520d76b281a10d83180f,3590166
DS01_TR_aphids_disease_(24).jpg,Dataset_01_Clean,aphids_disease_(24).jpg,turmeric_datasets\dataset_01\original\Aphids_Disease\aphids_disease_(24).jpg,turmeric_leaf,1,Aphids_Disease,train,positive_train_turmeric_leaf,bb13aba3438cb16ad17c49827f303409,3506609
DS01_TR_aphids_disease_(21).jpg,Dataset_01_Clean,aphids_disease_(21).jpg,turmeric_datasets\dataset_01\original\Aphids_Disease\aphids_disease_(21).jpg,turmeric_leaf,1,Aphids_Disease,train,positive_train_turmeric_leaf,f419dc491f943b4fd80225ee30e28610,3492494
DS01_TR_aphids_disease_(212).jpg,Dataset_01_Clean,aphids_disease_(212).jpg,turmeric_datasets\dataset_01\original\Aphids_Disease\aphids_disease_(212).jpg,turmeric_leaf,1,Aphids_Disease,train,positive_train_turmeric_leaf,fb9f9f7385da2b8088b443bea458e460,3693654
DS01_TR_aphids_disease_(18).jpg,Dataset_01_Clean,aphids_disease_(18).jpg,turmeric_datasets\dataset_01\original\Aphids_Disease\aphids_disease_(18).jpg,turmeric_leaf,1,Aphids_Disease,train,positive_train_turmeric_leaf,3fcc1637d47f365208fc481bea8fab1a,3809024
DS01_TR_aphids_disease_(67).jpg,Dataset_01_Clean,aphids_disease_(67).jpg,turmeric_datasets\dataset_01\original\Aphids_Disease\aphids_disease_(67).jpg,turmeric_leaf,1,Aphids_Disease,train,positive_train_turmeric_leaf,e6d0fa1bef139ee927d5b58b1a1c6bdc,3917103
DS01_TR_aphids_disease_(95).jpg,Dataset_01_Clean,aphids_disease_(95).jpg,turmeric_datasets\dataset_01\original\Aphids_Disease\aphids_disease_(95).jpg,turmeric_leaf,1,Aphids_Disease,train,positive_train_turmeric_leaf,37becc9c77bbb2d30715fbc4198c8bee,3761387
DS01_TR_aphids_disease_(128).jpg,Dataset_01_Clean,aphids_disease_(128).jpg,turmeric_datasets\dataset_01\original\Aphids_Disease\aphids_disease_(128).jpg,turmeric_leaf,1,Aphids_Disease,train,positive_train_turmeric_leaf,817e5a792af4631a630e82842e4b1fd2,4180334
DS01_TR_aphids_disease_(52).jpg,Dataset_01_Clean,aphids_disease_(52).jpg,turmeric_datasets\dataset_01\original\Aphids_Disease\aphids_disease_(52).jpg,turmeric_leaf,1,Aphids_Disease,train,positive_train_turmeric_leaf,605360bccb57d9a6533253aa30b0fa13,4037126
DS01_TR_aphids_disease_(69).jpg,Dataset_01_Clean,aphids_disease_(69).jpg,turmeric_datasets\dataset_01\original\Aphids_Disease\aphids_disease_(69).jpg,turmeric_leaf,1,Aphids_Disease,train,positive_train_turmeric_leaf,959890ea22c64eb4a57b5958751cb8d6,3815697
DS01_TR_aphids_disease_(175).jpg,Dataset_01_Clean,aphids_disease_(175).jpg,turmeric_datasets\dataset_01\original\Aphids_Disease\aphids_disease_(175).jpg,turmeric_leaf,1,Aphids_Disease,train,positive_train_turmeric_leaf,3793807c624503f09503dcea7566f842,3810814
DS01_TR_aphids_disease_(142).jpg,Dataset_01_Clean,aphids_disease_(142).jpg,turmeric_datasets\dataset_01\original\Aphids_Disease\aphids_disease_(142).jpg,turmeric_leaf,1,Aphids_Disease,train,positive_train_turmeric_leaf,73c3f63aa8da7ce56e930129b7ae6ce7,3695635
DS01_TR_aphids_disease_(40).jpg,Dataset_01_Clean,aphids_disease_(40).jpg,turmeric_datasets\dataset_01\original\Aphids_Disease\aphids_disease_(40).jpg,turmeric_leaf,1,Aphids_Disease,train,positive_train_turmeric_leaf,bbb0888e12baf932365027cb1cef29c5,3776424
DS01_TR_aphids_disease_(209).jpg,Dataset_01_Clean,aphids_disease_(209).jpg,turmeric_datasets\dataset_01\original\Aphids_Disease\aphids_disease_(209).jpg,turmeric_leaf,1,Aphids_Disease,train,positive_train_turmeric_leaf,432b576db4d0bb50f979785bfa0fa4bc,3904508
DS01_TR_aphids_disease_(168).jpg,Dataset_01_Clean,aphids_disease_(168).jpg,turmeric_datasets\dataset_01\original\Aphids_Disease\aphids_disease_(168).jpg,turmeric_leaf,1,Aphids_Disease,train,positive_train_turmeric_leaf,4158f1bda4332e35f29c4d81ff4232de,3836887
DS01_TR_aphids_disease_(189).jpg,Dataset_01_Clean,aphids_disease_(189).jpg,turmeric_datasets\dataset_01\original\Aphids_Disease\aphids_disease_(189).jpg,turmeric_leaf,1,Aphids_Disease,train,positive_train_turmeric_leaf,04fe58cbb35494479d874db76144f927,3583160
DS01_TR_aphids_disease_(86).jpg,Dataset_01_Clean,aphids_disease_(86).jpg,turmeric_datasets\dataset_01\original\Aphids_Disease\aphids_disease_(86).jpg,turmeric_leaf,1,Aphids_Disease,train,positive_train_turmeric_leaf,849f49acab104e425f0d30c4897b95b4,3787698
DS01_TR_aphids_disease_(171).jpg,Dataset_01_Clean,aphids_disease_(171).jpg,turmeric_datasets\dataset_01\original\Aphids_Disease\aphids_disease_(171).jpg,turmeric_leaf,1,Aphids_Disease,train,positive_train_turmeric_leaf,883cf95afcb2868ddc8fc0e3f3d28cc0,3843667
DS01_TR_aphids_disease_(116).jpg,Dataset_01_Clean,aphids_disease_(116).jpg,turmeric_datasets\dataset_01\original\Aphids_Disease\aphids_disease_(116).jpg,turmeric_leaf,1,Aphids_Disease,train,positive_train_turmeric_leaf,c9ed746470aed05a233f15888ecab59c,3862437
DS01_TR_aphids_disease_(8).jpg,Dataset_01_Clean,aphids_disease_(8).jpg,turmeric_datasets\dataset_01\original\Aphids_Disease\aphids_disease_(8).jpg,turmeric_leaf,1,Aphids_Disease,train,positive_train_turmeric_leaf,e0598b1b2f8b10572ccbaa2e199d1086,3585015
DS01_TR_aphids_disease_(78).jpg,Dataset_01_Clean,aphids_disease_(78).jpg,turmeric_datasets\dataset_01\original\Aphids_Disease\aphids_disease_(78).jpg,turmeric_leaf,1,Aphids_Disease,train,positive_train_turmeric_leaf,b0a81c158ed85c44a6c52f3c58018b93,3963208
DS01_TR_aphids_disease_(53).jpg,Dataset_01_Clean,aphids_disease_(53).jpg,turmeric_datasets\dataset_01\original\Aphids_Disease\aphids_disease_(53).jpg,turmeric_leaf,1,Aphids_Disease,train,positive_train_turmeric_leaf,d987d2d9d167fcdf141271a224183211,3834710
DS01_TR_aphids_disease_(200).jpg,Dataset_01_Clean,aphids_disease_(200).jpg,turmeric_datasets\dataset_01\original\Aphids_Disease\aphids_disease_(200).jpg,turmeric_leaf,1,Aphids_Disease,train,positive_train_turmeric_leaf,7c8cdbbf0f4d647280cbed56b981708e,3786067
DS01_TR_aphids_disease_(158).jpg,Dataset_01_Clean,aphids_disease_(158).jpg,turmeric_datasets\dataset_01\original\Aphids_Disease\aphids_disease_(158).jpg,turmeric_leaf,1,Aphids_Disease,train,positive_train_turmeric_leaf,596cf3ce632cbf763a34770dc513d4fe,3995837
DS01_TR_aphids_disease_(71).jpg,Dataset_01_Clean,aphids_disease_(71).jpg,turmeric_datasets\dataset_01\original\Aphids_Disease\aphids_disease_(71).jpg,turmeric_leaf,1,Aphids_Disease,train,positive_train_turmeric_leaf,5ae8880c83724232c83bea7100f3d8e3,3757500
DS01_TR_aphids_disease_(98).jpg,Dataset_01_Clean,aphids_disease_(98).jpg,turmeric_datasets\dataset_01\original\Aphids_Disease\aphids_disease_(98).jpg,turmeric_leaf,1,Aphids_Disease,train,positive_train_turmeric_leaf,f8d813f6ca51eefd61698dee917eb8f4,3731955
DS01_TR_aphids_disease_(140).jpg,Dataset_01_Clean,aphids_disease_(140).jpg,turmeric_datasets\dataset_01\original\Aphids_Disease\aphids_disease_(140).jpg,turmeric_leaf,1,Aphids_Disease,train,positive_train_turmeric_leaf,5efa140b61827dd0e86a016079a7ed00,4066105
DS01_TR_aphids_disease_(210).jpg,Dataset_01_Clean,aphids_disease_(210).jpg,turmeric_datasets\dataset_01\original\Aphids_Disease\aphids_disease_(210).jpg,turmeric_leaf,1,Aphids_Disease,train,positive_train_turmeric_leaf,cda5a3e1c75dcaf36bd8529e767dc379,3918166
DS01_TR_aphids_disease_(19).jpg,Dataset_01_Clean,aphids_disease_(19).jpg,turmeric_datasets\dataset_01\original\Aphids_Disease\aphids_disease_(19).jpg,turmeric_leaf,1,Aphids_Disease,train,positive_train_turmeric_leaf,e1c226c047e18a272d9ad189733f0547,3750353
DS01_TR_aphids_disease_(148).jpg,Dataset_01_Clean,aphids_disease_(148).jpg,turmeric_datasets\dataset_01\original\Aphids_Disease\aphids_disease_(148).jpg,turmeric_leaf,1,Aphids_Disease,train,positive_train_turmeric_leaf,a72c667c0f897a49cb16416bf4ceba0f,4180603
DS01_TR_aphids_disease_(37).jpg,Dataset_01_Clean,aphids_disease_(37).jpg,turmeric_datasets\dataset_01\original\Aphids_Disease\aphids_disease_(37).jpg,turmeric_leaf,1,Aphids_Disease,train,positive_train_turmeric_leaf,03ffd7edab65efc750d4c3d8c9e7be1a,3712695
DS01_TR_aphids_disease_(194).jpg,Dataset_01_Clean,aphids_disease_(194).jpg,turmeric_datasets\dataset_01\original\Aphids_Disease\aphids_disease_(194).jpg,turmeric_leaf,1,Aphids_Disease,train,positive_train_turmeric_leaf,e5cac5e69d7e8699c6d182e8847b2aec,3910682
DS01_TR_aphids_disease_(64).jpg,Dataset_01_Clean,aphids_disease_(64).jpg,turmeric_datasets\dataset_01\original\Aphids_Disease\aphids_disease_(64).jpg,turmeric_leaf,1,Aphids_Disease,train,positive_train_turmeric_leaf,ee26529d98bdf975bcc3834a4e93c9a0,3764542
DS01_TR_aphids_disease_(26).jpg,Dataset_01_Clean,aphids_disease_(26).jpg,turmeric_datasets\dataset_01\original\Aphids_Disease\aphids_disease_(26).jpg,turmeric_leaf,1,Aphids_Disease,train,positive_train_turmeric_leaf,0f03bfab3fa318edb7d1bacacc02d7bc,3740835
DS01_TR_aphids_disease_(41).jpg,Dataset_01_Clean,aphids_disease_(41).jpg,turmeric_datasets\dataset_01\original\Aphids_Disease\aphids_disease_(41).jpg,turmeric_leaf,1,Aphids_Disease,train,positive_train_turmeric_leaf,252257aebf75ce23227c7016d66721e1,3783309
DS01_TR_aphids_disease_(185).jpg,Dataset_01_Clean,aphids_disease_(185).jpg,turmeric_datasets\dataset_01\original\Aphids_Disease\aphids_disease_(185).jpg,turmeric_leaf,1,Aphids_Disease,train,positive_train_turmeric_leaf,4c7f3bb01be8b1d00cff3f44a66b189e,3638761
DS01_TR_aphids_disease_(49).jpg,Dataset_01_Clean,aphids_disease_(49).jpg,turmeric_datasets\dataset_01\original\Aphids_Disease\aphids_disease_(49).jpg,turmeric_leaf,1,Aphids_Disease,train,positive_train_turmeric_leaf,1049aa5d4229a9d33a0500173eeeb7ab,3613640
DS01_TR_aphids_disease_(4).jpg,Dataset_01_Clean,aphids_disease_(4).jpg,turmeric_datasets\dataset_01\original\Aphids_Disease\aphids_disease_(4).jpg,turmeric_leaf,1,Aphids_Disease,train,positive_train_turmeric_leaf,a2a1136331545e5ef39ab5be198f7d1f,3728745
DS01_TR_aphids_disease_(129).jpg,Dataset_01_Clean,aphids_disease_(129).jpg,turmeric_datasets\dataset_01\original\Aphids_Disease\aphids_disease_(129).jpg,turmeric_leaf,1,Aphids_Disease,train,positive_train_turmeric_leaf,1f6d108444c0edf61547266a64444ab6,4134968
DS01_TR_aphids_disease_(72).jpg,Dataset_01_Clean,aphids_disease_(72).jpg,turmeric_datasets\dataset_01\original\Aphids_Disease\aphids_disease_(72).jpg,turmeric_leaf,1,Aphids_Disease,train,positive_train_turmeric_leaf,ccb895ad97853050eaa0a22e8436341c,3360270
DS01_TR_aphids_disease_(214).jpg,Dataset_01_Clean,aphids_disease_(214).jpg,turmeric_datasets\dataset_01\original\Aphids_Disease\aphids_disease_(214).jpg,turmeric_leaf,1,Aphids_Disease,train,positive_train_turmeric_leaf,08cc1a22f091d83d20c8b8dd99026999,3749839
DS01_TR_aphids_disease_(173).jpg,Dataset_01_Clean,aphids_disease_(173).jpg,turmeric_datasets\dataset_01\original\Aphids_Disease\aphids_disease_(173).jpg,turmeric_leaf,1,Aphids_Disease,train,positive_train_turmeric_leaf,c2520a43474420f2251ce2344d8d1148,3740479
DS01_TR_aphids_disease_(76).jpg,Dataset_01_Clean,aphids_disease_(76).jpg,turmeric_datasets\dataset_01\original\Aphids_Disease\aphids_disease_(76).jpg,turmeric_leaf,1,Aphids_Disease,train,positive_train_turmeric_leaf,6379a4d29b0762489ba471703bde9ad9,3735427
DS01_TR_aphids_disease_(156).jpg,Dataset_01_Clean,aphids_disease_(156).jpg,turmeric_datasets\dataset_01\original\Aphids_Disease\aphids_disease_(156).jpg,turmeric_leaf,1,Aphids_Disease,train,positive_train_turmeric_leaf,d538e064ba156dbb84bac1cc86d73f65,4116168
DS01_TR_aphids_disease_(216).jpg,Dataset_01_Clean,aphids_disease_(216).jpg,turmeric_datasets\dataset_01\original\Aphids_Disease\aphids_disease_(216).jpg,turmeric_leaf,1,Aphids_Disease,train,positive_train_turmeric_leaf,2bd390f8382f71d5f2b4dc5cedd446b5,3790448
DS01_TR_aphids_disease_(208).jpg,Dataset_01_Clean,aphids_disease_(208).jpg,turmeric_datasets\dataset_01\original\Aphids_Disease\aphids_disease_(208).jpg,turmeric_leaf,1,Aphids_Disease,train,positive_train_turmeric_leaf,fa7d13c87589a7b79c07f54329d7905f,3957966
DS01_TR_aphids_disease_(211).jpg,Dataset_01_Clean,aphids_disease_(211).jpg,turmeric_datasets\dataset_01\original\Aphids_Disease\aphids_disease_(211).jpg,turmeric_leaf,1,Aphids_Disease,train,positive_train_turmeric_leaf,8e0f30138d72900d2edcb5a8771fb374,3809795
DS01_TR_aphids_disease_(55).jpg,Dataset_01_Clean,aphids_disease_(55).jpg,turmeric_datasets\dataset_01\original\Aphids_Disease\aphids_disease_(55).jpg,turmeric_leaf,1,Aphids_Disease,train,positive_train_turmeric_leaf,981da160a7fa6b36d48ed51d7295cf78,3856686
DS01_TR_aphids_disease_(20).jpg,Dataset_01_Clean,aphids_disease_(20).jpg,turmeric_datasets\dataset_01\original\Aphids_Disease\aphids_disease_(20).jpg,turmeric_leaf,1,Aphids_Disease,train,positive_train_turmeric_leaf,b9e6b02d37122b7129e25b3153d79b5a,3626848
DS01_TR_aphids_disease_(164).jpg,Dataset_01_Clean,aphids_disease_(164).jpg,turmeric_datasets\dataset_01\original\Aphids_Disease\aphids_disease_(164).jpg,turmeric_leaf,1,Aphids_Disease,train,positive_train_turmeric_leaf,c4b53ee13a1d1b20a45947fb708c8b04,3890921
DS01_TR_aphids_disease_(31).jpg,Dataset_01_Clean,aphids_disease_(31).jpg,turmeric_datasets\dataset_01\original\Aphids_Disease\aphids_disease_(31).jpg,turmeric_leaf,1,Aphids_Disease,train,positive_train_turmeric_leaf,deb6d4598edb9a38e50d034651411b19,3730201
DS01_TR_aphids_disease_(123).jpg,Dataset_01_Clean,aphids_disease_(123).jpg,turmeric_datasets\dataset_01\original\Aphids_Disease\aphids_disease_(123).jpg,turmeric_leaf,1,Aphids_Disease,train,positive_train_turmeric_leaf,abeac290556d0e21dce5d490dbb10dc7,3790015
DS01_TR_aphids_disease_(213).jpg,Dataset_01_Clean,aphids_disease_(213).jpg,turmeric_datasets\dataset_01\original\Aphids_Disease\aphids_disease_(213).jpg,turmeric_leaf,1,Aphids_Disease,train,positive_train_turmeric_leaf,93dd2b2e63bfa696867b1549e7bac0fd,3811202
DS01_TR_aphids_disease_(13).jpg,Dataset_01_Clean,aphids_disease_(13).jpg,turmeric_datasets\dataset_01\original\Aphids_Disease\aphids_disease_(13).jpg,turmeric_leaf,1,Aphids_Disease,train,positive_train_turmeric_leaf,6aec4e3d492f489146f510c6c8fc75ba,3843189
DS01_TR_aphids_disease_(145).jpg,Dataset_01_Clean,aphids_disease_(145).jpg,turmeric_datasets\dataset_01\original\Aphids_Disease\aphids_disease_(145).jpg,turmeric_leaf,1,Aphids_Disease,train,positive_train_turmeric_leaf,4bcdf5ff48c2bc714b11ca5590758036,3731299
DS01_TR_aphids_disease_(66).jpg,Dataset_01_Clean,aphids_disease_(66).jpg,turmeric_datasets\dataset_01\original\Aphids_Disease\aphids_disease_(66).jpg,turmeric_leaf,1,Aphids_Disease,train,positive_train_turmeric_leaf,dbdc806252e4570fff7c09da45f6c0da,3851805
DS01_TR_aphids_disease_(192).jpg,Dataset_01_Clean,aphids_disease_(192).jpg,turmeric_datasets\dataset_01\original\Aphids_Disease\aphids_disease_(192).jpg,turmeric_leaf,1,Aphids_Disease,train,positive_train_turmeric_leaf,d08c89192060085ae764bfeef8fbb987,3931904
DS01_TR_aphids_disease_(84).jpg,Dataset_01_Clean,aphids_disease_(84).jpg,turmeric_datasets\dataset_01\original\Aphids_Disease\aphids_disease_(84).jpg,turmeric_leaf,1,Aphids_Disease,train,positive_train_turmeric_leaf,069d120df5ec404718593c07b7362ad1,3612590
DS01_TR_aphids_disease_(38).jpg,Dataset_01_Clean,aphids_disease_(38).jpg,turmeric_datasets\dataset_01\original\Aphids_Disease\aphids_disease_(38).jpg,turmeric_leaf,1,Aphids_Disease,train,positive_train_turmeric_leaf,1f3a6f24ee524ee7ecd48b1ceac290c9,3617952
DS01_TR_aphids_disease_(111).jpg,Dataset_01_Clean,aphids_disease_(111).jpg,turmeric_datasets\dataset_01\original\Aphids_Disease\aphids_disease_(111).jpg,turmeric_leaf,1,Aphids_Disease,train,positive_train_turmeric_leaf,2a8edcfceb10a23ebe59252e98814552,3912470
DS01_TR_aphids_disease_(174).jpg,Dataset_01_Clean,aphids_disease_(174).jpg,turmeric_datasets\dataset_01\original\Aphids_Disease\aphids_disease_(174).jpg,turmeric_leaf,1,Aphids_Disease,train,positive_train_turmeric_leaf,7db076515ea955236cf49ac8caae4851,3673101
DS01_TR_aphids_disease_(89).jpg,Dataset_01_Clean,aphids_disease_(89).jpg,turmeric_datasets\dataset_01\original\Aphids_Disease\aphids_disease_(89).jpg,turmeric_leaf,1,Aphids_Disease,train,positive_train_turmeric_leaf,a5c2f10f9964ad33b4d92573df4b591f,3804125
DS01_TR_aphids_disease_(161).jpg,Dataset_01_Clean,aphids_disease_(161).jpg,turmeric_datasets\dataset_01\original\Aphids_Disease\aphids_disease_(161).jpg,turmeric_leaf,1,Aphids_Disease,train,positive_train_turmeric_leaf,04600ded31b55d59d460bd2858d29f64,3931572
DS01_TR_aphids_disease_(33).jpg,Dataset_01_Clean,aphids_disease_(33).jpg,turmeric_datasets\dataset_01\original\Aphids_Disease\aphids_disease_(33).jpg,turmeric_leaf,1,Aphids_Disease,train,positive_train_turmeric_leaf,38dcd29a8cfc0b22afeb6a5a5a39e0d0,4277837
DS01_TR_aphids_disease_(205).jpg,Dataset_01_Clean,aphids_disease_(205).jpg,turmeric_datasets\dataset_01\original\Aphids_Disease\aphids_disease_(205).jpg,turmeric_leaf,1,Aphids_Disease,train,positive_train_turmeric_leaf,cce8a379a45d18349644d349d729c795,3841746
DS01_TR_aphids_disease_(3).jpg,Dataset_01_Clean,aphids_disease_(3).jpg,turmeric_datasets\dataset_01\original\Aphids_Disease\aphids_disease_(3).jpg,turmeric_leaf,1,Aphids_Disease,train,positive_train_turmeric_leaf,a85138be69b97b726122762df55e6f01,3684839
DS01_TR_aphids_disease_(94).jpg,Dataset_01_Clean,aphids_disease_(94).jpg,turmeric_datasets\dataset_01\original\Aphids_Disease\aphids_disease_(94).jpg,turmeric_leaf,1,Aphids_Disease,train,positive_train_turmeric_leaf,9fe3956787a99caa07f6f86cbfc3f9d8,3794707
DS01_TR_aphids_disease_(221).jpg,Dataset_01_Clean,aphids_disease_(221).jpg,turmeric_datasets\dataset_01\original\Aphids_Disease\aphids_disease_(221).jpg,turmeric_leaf,1,Aphids_Disease,train,positive_train_turmeric_leaf,33e59fb1a6c0ab0f28be68555efa97ad,3885152
DS01_TR_aphids_disease_(138).jpg,Dataset_01_Clean,aphids_disease_(138).jpg,turmeric_datasets\dataset_01\original\Aphids_Disease\aphids_disease_(138).jpg,turmeric_leaf,1,Aphids_Disease,train,positive_train_turmeric_leaf,314fdd757f56143141b1bca427763c7e,3945250
DS01_TR_aphids_disease_(115).jpg,Dataset_01_Clean,aphids_disease_(115).jpg,turmeric_datasets\dataset_01\original\Aphids_Disease\aphids_disease_(115).jpg,turmeric_leaf,1,Aphids_Disease,train,positive_train_turmeric_leaf,6d9654e264cb45e8a81ff704969149da,3815637
DS01_TR_aphids_disease_(160).jpg,Dataset_01_Clean,aphids_disease_(160).jpg,turmeric_datasets\dataset_01\original\Aphids_Disease\aphids_disease_(160).jpg,turmeric_leaf,1,Aphids_Disease,train,positive_train_turmeric_leaf,e04c2ad81d63eaa7f5927fbece443377,4130969
DS01_TR_aphids_disease_(147).jpg,Dataset_01_Clean,aphids_disease_(147).jpg,turmeric_datasets\dataset_01\original\Aphids_Disease\aphids_disease_(147).jpg,turmeric_leaf,1,Aphids_Disease,train,positive_train_turmeric_leaf,40ef180d7fe8e03132218d919f8fe83f,4115288
DS01_TR_aphids_disease_(180).jpg,Dataset_01_Clean,aphids_disease_(180).jpg,turmeric_datasets\dataset_01\original\Aphids_Disease\aphids_disease_(180).jpg,turmeric_leaf,1,Aphids_Disease,train,positive_train_turmeric_leaf,54c35800c4c671d629a3b4f97db341ec,3672427
DS01_TR_aphids_disease_(184).jpg,Dataset_01_Clean,aphids_disease_(184).jpg,turmeric_datasets\dataset_01\original\Aphids_Disease\aphids_disease_(184).jpg,turmeric_leaf,1,Aphids_Disease,train,positive_train_turmeric_leaf,db221810e517d0514c872e82c16a8668,3645184
DS01_TR_aphids_disease_(136).jpg,Dataset_01_Clean,aphids_disease_(136).jpg,turmeric_datasets\dataset_01\original\Aphids_Disease\aphids_disease_(136).jpg,turmeric_leaf,1,Aphids_Disease,train,positive_train_turmeric_leaf,c5810b16c40e35e3c43ce5922eb0e8a0,3748827
DS01_TR_aphids_disease_(183).jpg,Dataset_01_Clean,aphids_disease_(183).jpg,turmeric_datasets\dataset_01\original\Aphids_Disease\aphids_disease_(183).jpg,turmeric_leaf,1,Aphids_Disease,train,positive_train_turmeric_leaf,2b85f2cd494b04204d1c731b25c56578,3640640
DS01_TR_aphids_disease_(203).jpg,Dataset_01_Clean,aphids_disease_(203).jpg,turmeric_datasets\dataset_01\original\Aphids_Disease\aphids_disease_(203).jpg,turmeric_leaf,1,Aphids_Disease,train,positive_train_turmeric_leaf,ff87c291544cf71322f1ca7c0b19d471,3892562
DS01_TR_aphids_disease_(62).jpg,Dataset_01_Clean,aphids_disease_(62).jpg,turmeric_datasets\dataset_01\original\Aphids_Disease\aphids_disease_(62).jpg,turmeric_leaf,1,Aphids_Disease,train,positive_train_turmeric_leaf,44f97353084c686f47b052b9fbed7dd4,3636902
DS01_TR_aphids_disease_(57).jpg,Dataset_01_Clean,aphids_disease_(57).jpg,turmeric_datasets\dataset_01\original\Aphids_Disease\aphids_disease_(57).jpg,turmeric_leaf,1,Aphids_Disease,train,positive_train_turmeric_leaf,8f4c3ca2b67f704a9f3d9fa93a7205e0,3771489
DS01_TR_aphids_disease_(121).jpg,Dataset_01_Clean,aphids_disease_(121).jpg,turmeric_datasets\dataset_01\original\Aphids_Disease\aphids_disease_(121).jpg,turmeric_leaf,1,Aphids_Disease,train,positive_train_turmeric_leaf,13857d9f10f6b18ab0f9ee479e8f4119,3915787
DS01_TR_aphids_disease_(80).jpg,Dataset_01_Clean,aphids_disease_(80).jpg,turmeric_datasets\dataset_01\original\Aphids_Disease\aphids_disease_(80).jpg,turmeric_leaf,1,Aphids_Disease,train,positive_train_turmeric_leaf,829a6885710063daea71336fe5ab14d0,3947427
DS01_TR_aphids_disease_(99).jpg,Dataset_01_Clean,aphids_disease_(99).jpg,turmeric_datasets\dataset_01\original\Aphids_Disease\aphids_disease_(99).jpg,turmeric_leaf,1,Aphids_Disease,train,positive_train_turmeric_leaf,6ce7c3724c0fd728c2d70e7c613f3758,3647353
DS01_TR_aphids_disease_(166).jpg,Dataset_01_Clean,aphids_disease_(166).jpg,turmeric_datasets\dataset_01\original\Aphids_Disease\aphids_disease_(166).jpg,turmeric_leaf,1,Aphids_Disease,train,positive_train_turmeric_leaf,215091e9355aeb6f9a3ba2e4edeb8d60,3825899
DS01_TR_aphids_disease_(151).jpg,Dataset_01_Clean,aphids_disease_(151).jpg,turmeric_datasets\dataset_01\original\Aphids_Disease\aphids_disease_(151).jpg,turmeric_leaf,1,Aphids_Disease,train,positive_train_turmeric_leaf,086b8c32cc75ae284ee7e8e4fa7510c1,4046445
DS01_TR_aphids_disease_(51).jpg,Dataset_01_Clean,aphids_disease_(51).jpg,turmeric_datasets\dataset_01\original\Aphids_Disease\aphids_disease_(51).jpg,turmeric_leaf,1,Aphids_Disease,train,positive_train_turmeric_leaf,bb274665eeb2d49cb09aa3cb7b6e05a5,3693447
DS01_VA_aphids_disease_(114).jpg,Dataset_01_Clean,aphids_disease_(114).jpg,turmeric_datasets\dataset_01\original\Aphids_Disease\aphids_disease_(114).jpg,turmeric_leaf,1,Aphids_Disease,val,positive_val_turmeric_leaf,501a32101178a2bd50f724b64f0d741c,3844579
DS01_VA_aphids_disease_(143).jpg,Dataset_01_Clean,aphids_disease_(143).jpg,turmeric_datasets\dataset_01\original\Aphids_Disease\aphids_disease_(143).jpg,turmeric_leaf,1,Aphids_Disease,val,positive_val_turmeric_leaf,b35a603a75c2a32e6426744bac6f9a98,3735732
DS01_VA_aphids_disease_(32).jpg,Dataset_01_Clean,aphids_disease_(32).jpg,turmeric_datasets\dataset_01\original\Aphids_Disease\aphids_disease_(32).jpg,turmeric_leaf,1,Aphids_Disease,val,positive_val_turmeric_leaf,863e1b414a8d8b65af1abe5f0d45be3b,4068646
DS01_VA_aphids_disease_(182).jpg,Dataset_01_Clean,aphids_disease_(182).jpg,turmeric_datasets\dataset_01\original\Aphids_Disease\aphids_disease_(182).jpg,turmeric_leaf,1,Aphids_Disease,val,positive_val_turmeric_leaf,2946fc4d66f9219927a6cc6623c3175a,3784773
DS01_VA_aphids_disease_(42).jpg,Dataset_01_Clean,aphids_disease_(42).jpg,turmeric_datasets\dataset_01\original\Aphids_Disease\aphids_disease_(42).jpg,turmeric_leaf,1,Aphids_Disease,val,positive_val_turmeric_leaf,1cb124fd64201752de02796c32ef5d69,3542593
DS01_VA_aphids_disease_(44).jpg,Dataset_01_Clean,aphids_disease_(44).jpg,turmeric_datasets\dataset_01\original\Aphids_Disease\aphids_disease_(44).jpg,turmeric_leaf,1,Aphids_Disease,val,positive_val_turmeric_leaf,19b4c727cbaf10aa38d15ad3b7e1e7a9,3620132
DS01_VA_aphids_disease_(167).jpg,Dataset_01_Clean,aphids_disease_(167).jpg,turmeric_datasets\dataset_01\original\Aphids_Disease\aphids_disease_(167).jpg,turmeric_leaf,1,Aphids_Disease,val,positive_val_turmeric_leaf,a67c217739b1741484d3a04a22681f08,3734844
DS01_VA_aphids_disease_(27).jpg,Dataset_01_Clean,aphids_disease_(27).jpg,turmeric_datasets\dataset_01\original\Aphids_Disease\aphids_disease_(27).jpg,turmeric_leaf,1,Aphids_Disease,val,positive_val_turmeric_leaf,98ed2fd198dd3cb9bd5bf4033c530fd2,3888703
DS01_VA_aphids_disease_(117).jpg,Dataset_01_Clean,aphids_disease_(117).jpg,turmeric_datasets\dataset_01\original\Aphids_Disease\aphids_disease_(117).jpg,turmeric_leaf,1,Aphids_Disease,val,positive_val_turmeric_leaf,4eccdf043b34943dfc3600e39159ec74,3941989
DS01_VA_aphids_disease_(186).jpg,Dataset_01_Clean,aphids_disease_(186).jpg,turmeric_datasets\dataset_01\original\Aphids_Disease\aphids_disease_(186).jpg,turmeric_leaf,1,Aphids_Disease,val,positive_val_turmeric_leaf,000d6e4ae66e7cd8e2e011e9097863de,3665787
DS01_VA_aphids_disease_(127).jpg,Dataset_01_Clean,aphids_disease_(127).jpg,turmeric_datasets\dataset_01\original\Aphids_Disease\aphids_disease_(127).jpg,turmeric_leaf,1,Aphids_Disease,val,positive_val_turmeric_leaf,e8ee163dfebd097bcc46a5195822c72f,4175709
DS01_VA_aphids_disease_(23).jpg,Dataset_01_Clean,aphids_disease_(23).jpg,turmeric_datasets\dataset_01\original\Aphids_Disease\aphids_disease_(23).jpg,turmeric_leaf,1,Aphids_Disease,val,positive_val_turmeric_leaf,e60a2915025d5af9b2e3b54b37347b54,3623934
DS01_VA_aphids_disease_(204).jpg,Dataset_01_Clean,aphids_disease_(204).jpg,turmeric_datasets\dataset_01\original\Aphids_Disease\aphids_disease_(204).jpg,turmeric_leaf,1,Aphids_Disease,val,positive_val_turmeric_leaf,25e2f9ea14fd3658f8fec963e12cef30,4002720
DS01_VA_aphids_disease_(109).jpg,Dataset_01_Clean,aphids_disease_(109).jpg,turmeric_datasets\dataset_01\original\Aphids_Disease\aphids_disease_(109).jpg,turmeric_leaf,1,Aphids_Disease,val,positive_val_turmeric_leaf,6f0e8959bee040cf4044e10293712d6e,3897683
DS01_VA_aphids_disease_(16).jpg,Dataset_01_Clean,aphids_disease_(16).jpg,turmeric_datasets\dataset_01\original\Aphids_Disease\aphids_disease_(16).jpg,turmeric_leaf,1,Aphids_Disease,val,positive_val_turmeric_leaf,55b91e3bc56d0ab3e5309a6ffe9854fb,3713681
DS01_VA_aphids_disease_(79).jpg,Dataset_01_Clean,aphids_disease_(79).jpg,turmeric_datasets\dataset_01\original\Aphids_Disease\aphids_disease_(79).jpg,turmeric_leaf,1,Aphids_Disease,val,positive_val_turmeric_leaf,78b4a7b4b546d4d313283d25d2712061,3906260
DS01_VA_aphids_disease_(179).jpg,Dataset_01_Clean,aphids_disease_(179).jpg,turmeric_datasets\dataset_01\original\Aphids_Disease\aphids_disease_(179).jpg,turmeric_leaf,1,Aphids_Disease,val,positive_val_turmeric_leaf,f6249efac9f3b7192335018f1e8c8bf1,3728452
DS01_VA_aphids_disease_(181).jpg,Dataset_01_Clean,aphids_disease_(181).jpg,turmeric_datasets\dataset_01\original\Aphids_Disease\aphids_disease_(181).jpg,turmeric_leaf,1,Aphids_Disease,val,positive_val_turmeric_leaf,33b839f9f2318360ae4bc744319d0f1d,3708303
DS01_VA_aphids_disease_(120).jpg,Dataset_01_Clean,aphids_disease_(120).jpg,turmeric_datasets\dataset_01\original\Aphids_Disease\aphids_disease_(120).jpg,turmeric_leaf,1,Aphids_Disease,val,positive_val_turmeric_leaf,bbc842b289fbed6865676526dd22daa4,3916418
DS01_VA_aphids_disease_(187).jpg,Dataset_01_Clean,aphids_disease_(187).jpg,turmeric_datasets\dataset_01\original\Aphids_Disease\aphids_disease_(187).jpg,turmeric_leaf,1,Aphids_Disease,val,positive_val_turmeric_leaf,d615729704621b23454b03fb096aeee8,3560714
DS01_VA_aphids_disease_(82).jpg,Dataset_01_Clean,aphids_disease_(82).jpg,turmeric_datasets\dataset_01\original\Aphids_Disease\aphids_disease_(82).jpg,turmeric_leaf,1,Aphids_Disease,val,positive_val_turmeric_leaf,4091fe470de306f285c43ef450b7b59c,3837603
DS01_VA_aphids_disease_(90).jpg,Dataset_01_Clean,aphids_disease_(90).jpg,turmeric_datasets\dataset_01\original\Aphids_Disease\aphids_disease_(90).jpg,turmeric_leaf,1,Aphids_Disease,val,positive_val_turmeric_leaf,4ae1acaa3e6308f822d28604df7791e7,3567007
DS01_VA_aphids_disease_(177).jpg,Dataset_01_Clean,aphids_disease_(177).jpg,turmeric_datasets\dataset_01\original\Aphids_Disease\aphids_disease_(177).jpg,turmeric_leaf,1,Aphids_Disease,val,positive_val_turmeric_leaf,116ea611cd9d1b05f3e90ff6f3818d4f,3801068
DS01_VA_aphids_disease_(81).jpg,Dataset_01_Clean,aphids_disease_(81).jpg,turmeric_datasets\dataset_01\original\Aphids_Disease\aphids_disease_(81).jpg,turmeric_leaf,1,Aphids_Disease,val,positive_val_turmeric_leaf,5a888cac798feb6022609523c71cf1a6,3898035
DS01_VA_aphids_disease_(134).jpg,Dataset_01_Clean,aphids_disease_(134).jpg,turmeric_datasets\dataset_01\original\Aphids_Disease\aphids_disease_(134).jpg,turmeric_leaf,1,Aphids_Disease,val,positive_val_turmeric_leaf,6fa61f4cd6e4d7f904d52564bdb04e58,3684680
DS01_VA_aphids_disease_(68).jpg,Dataset_01_Clean,aphids_disease_(68).jpg,turmeric_datasets\dataset_01\original\Aphids_Disease\aphids_disease_(68).jpg,turmeric_leaf,1,Aphids_Disease,val,positive_val_turmeric_leaf,8a872144a439a2cb00c666c4c0c0f61d,3712020
DS01_VA_aphids_disease_(178).jpg,Dataset_01_Clean,aphids_disease_(178).jpg,turmeric_datasets\dataset_01\original\Aphids_Disease\aphids_disease_(178).jpg,turmeric_leaf,1,Aphids_Disease,val,positive_val_turmeric_leaf,40ef7c1b4dc22f32f9b451e980ee5383,3721409
DS01_VA_aphids_disease_(85).jpg,Dataset_01_Clean,aphids_disease_(85).jpg,turmeric_datasets\dataset_01\original\Aphids_Disease\aphids_disease_(85).jpg,turmeric_leaf,1,Aphids_Disease,val,positive_val_turmeric_leaf,09a1b63cf35848b724ad987e3bb264db,3678575
DS01_VA_aphids_disease_(60).jpg,Dataset_01_Clean,aphids_disease_(60).jpg,turmeric_datasets\dataset_01\original\Aphids_Disease\aphids_disease_(60).jpg,turmeric_leaf,1,Aphids_Disease,val,positive_val_turmeric_leaf,1a49036639ba5713968b4c887c256440,3463064
DS01_VA_aphids_disease_(135).jpg,Dataset_01_Clean,aphids_disease_(135).jpg,turmeric_datasets\dataset_01\original\Aphids_Disease\aphids_disease_(135).jpg,turmeric_leaf,1,Aphids_Disease,val,positive_val_turmeric_leaf,fca209155b6e8b1a058841aa32ae66d2,3717114
DS01_VA_aphids_disease_(10).jpg,Dataset_01_Clean,aphids_disease_(10).jpg,turmeric_datasets\dataset_01\original\Aphids_Disease\aphids_disease_(10).jpg,turmeric_leaf,1,Aphids_Disease,val,positive_val_turmeric_leaf,ed04becf8641cbb5e8c18cfd3b471c1f,3613968
DS01_VA_aphids_disease_(163).jpg,Dataset_01_Clean,aphids_disease_(163).jpg,turmeric_datasets\dataset_01\original\Aphids_Disease\aphids_disease_(163).jpg,turmeric_leaf,1,Aphids_Disease,val,positive_val_turmeric_leaf,0532346bbb1d4b5f98e8aab8a873d69a,3861015
DS01_VA_aphids_disease_(35).jpg,Dataset_01_Clean,aphids_disease_(35).jpg,turmeric_datasets\dataset_01\original\Aphids_Disease\aphids_disease_(35).jpg,turmeric_leaf,1,Aphids_Disease,val,positive_val_turmeric_leaf,fd04a1698f33beba461d57b7fb715bda,4097216
DS01_IN_aphids_disease_(201).jpg,Dataset_01_Clean,aphids_disease_(201).jpg,turmeric_datasets\dataset_01\original\Aphids_Disease\aphids_disease_(201).jpg,turmeric_leaf,1,Aphids_Disease,internal_test,positive_internal_test_turmeric_leaf,708afd7ef0c2e7d5ae2cc35dd235b219,3894081
DS01_IN_aphids_disease_(15).jpg,Dataset_01_Clean,aphids_disease_(15).jpg,turmeric_datasets\dataset_01\original\Aphids_Disease\aphids_disease_(15).jpg,turmeric_leaf,1,Aphids_Disease,internal_test,positive_internal_test_turmeric_leaf,67fea89ad54e0a194fb31c592fe8ab26,3580567
DS01_IN_aphids_disease_(196).jpg,Dataset_01_Clean,aphids_disease_(196).jpg,turmeric_datasets\dataset_01\original\Aphids_Disease\aphids_disease_(196).jpg,turmeric_leaf,1,Aphids_Disease,internal_test,positive_internal_test_turmeric_leaf,6b276473c889997526cc63fdc8b7c192,3875059
DS01_IN_aphids_disease_(88).jpg,Dataset_01_Clean,aphids_disease_(88).jpg,turmeric_datasets\dataset_01\original\Aphids_Disease\aphids_disease_(88).jpg,turmeric_leaf,1,Aphids_Disease,internal_test,positive_internal_test_turmeric_leaf,de12fc9a85fe459b7747ca87fc995a92,3772560
DS01_IN_aphids_disease_(61).jpg,Dataset_01_Clean,aphids_disease_(61).jpg,turmeric_datasets\dataset_01\original\Aphids_Disease\aphids_disease_(61).jpg,turmeric_leaf,1,Aphids_Disease,internal_test,positive_internal_test_turmeric_leaf,a4e01b65e731841830f8b70beb21b777,3523919
DS01_IN_aphids_disease_(5).jpg,Dataset_01_Clean,aphids_disease_(5).jpg,turmeric_datasets\dataset_01\original\Aphids_Disease\aphids_disease_(5).jpg,turmeric_leaf,1,Aphids_Disease,internal_test,positive_internal_test_turmeric_leaf,d2f837757578204c989c53a79998885e,3748641
DS01_IN_aphids_disease_(65).jpg,Dataset_01_Clean,aphids_disease_(65).jpg,turmeric_datasets\dataset_01\original\Aphids_Disease\aphids_disease_(65).jpg,turmeric_leaf,1,Aphids_Disease,internal_test,positive_internal_test_turmeric_leaf,235fdad23d0d569f6fa54667184328a6,3637350
DS01_IN_aphids_disease_(144).jpg,Dataset_01_Clean,aphids_disease_(144).jpg,turmeric_datasets\dataset_01\original\Aphids_Disease\aphids_disease_(144).jpg,turmeric_leaf,1,Aphids_Disease,internal_test,positive_internal_test_turmeric_leaf,16c06bc418cd9002acfd3c14446c68f9,3752614
DS01_IN_aphids_disease_(29).jpg,Dataset_01_Clean,aphids_disease_(29).jpg,turmeric_datasets\dataset_01\original\Aphids_Disease\aphids_disease_(29).jpg,turmeric_leaf,1,Aphids_Disease,internal_test,positive_internal_test_turmeric_leaf,9e373aa169d4a7aef9082df7cb8052b5,3750237
DS01_IN_aphids_disease_(97).jpg,Dataset_01_Clean,aphids_disease_(97).jpg,turmeric_datasets\dataset_01\original\Aphids_Disease\aphids_disease_(97).jpg,turmeric_leaf,1,Aphids_Disease,internal_test,positive_internal_test_turmeric_leaf,fbd747e99ac7794877d184543c5970de,3688417
DS01_IN_aphids_disease_(39).jpg,Dataset_01_Clean,aphids_disease_(39).jpg,turmeric_datasets\dataset_01\original\Aphids_Disease\aphids_disease_(39).jpg,turmeric_leaf,1,Aphids_Disease,internal_test,positive_internal_test_turmeric_leaf,e3b46a742a611978145a3affb6a40b76,3684285
DS01_IN_aphids_disease_(215).jpg,Dataset_01_Clean,aphids_disease_(215).jpg,turmeric_datasets\dataset_01\original\Aphids_Disease\aphids_disease_(215).jpg,turmeric_leaf,1,Aphids_Disease,internal_test,positive_internal_test_turmeric_leaf,4a48dd5d11bcda34ac186ed458c5fc61,3823463
DS01_IN_aphids_disease_(152).jpg,Dataset_01_Clean,aphids_disease_(152).jpg,turmeric_datasets\dataset_01\original\Aphids_Disease\aphids_disease_(152).jpg,turmeric_leaf,1,Aphids_Disease,internal_test,positive_internal_test_turmeric_leaf,2fd06d37ca858482483873626e5591a8,4011699
DS01_IN_aphids_disease_(149).jpg,Dataset_01_Clean,aphids_disease_(149).jpg,turmeric_datasets\dataset_01\original\Aphids_Disease\aphids_disease_(149).jpg,turmeric_leaf,1,Aphids_Disease,internal_test,positive_internal_test_turmeric_leaf,c8224a949bf8f11e33ac8a888d65349b,4368236
DS01_IN_aphids_disease_(12).jpg,Dataset_01_Clean,aphids_disease_(12).jpg,turmeric_datasets\dataset_01\original\Aphids_Disease\aphids_disease_(12).jpg,turmeric_leaf,1,Aphids_Disease,internal_test,positive_internal_test_turmeric_leaf,8d65428019daf88cfc7c81a213fb4067,3833167
DS01_IN_aphids_disease_(105).jpg,Dataset_01_Clean,aphids_disease_(105).jpg,turmeric_datasets\dataset_01\original\Aphids_Disease\aphids_disease_(105).jpg,turmeric_leaf,1,Aphids_Disease,internal_test,positive_internal_test_turmeric_leaf,3b815db7c9029561c370cf7dffeefe92,3688669
DS01_IN_aphids_disease_(106).jpg,Dataset_01_Clean,aphids_disease_(106).jpg,turmeric_datasets\dataset_01\original\Aphids_Disease\aphids_disease_(106).jpg,turmeric_leaf,1,Aphids_Disease,internal_test,positive_internal_test_turmeric_leaf,93ec1bb423c3064dd59aa147ecbabc14,3708192
DS01_IN_aphids_disease_(197).jpg,Dataset_01_Clean,aphids_disease_(197).jpg,turmeric_datasets\dataset_01\original\Aphids_Disease\aphids_disease_(197).jpg,turmeric_leaf,1,Aphids_Disease,internal_test,positive_internal_test_turmeric_leaf,19d9b616a2f48ae1241c536f1b67eab0,3725358
DS01_IN_aphids_disease_(36).jpg,Dataset_01_Clean,aphids_disease_(36).jpg,turmeric_datasets\dataset_01\original\Aphids_Disease\aphids_disease_(36).jpg,turmeric_leaf,1,Aphids_Disease,internal_test,positive_internal_test_turmeric_leaf,4bb36861201f9688e0f7856e0b7953cb,3780175
DS01_IN_aphids_disease_(119).jpg,Dataset_01_Clean,aphids_disease_(119).jpg,turmeric_datasets\dataset_01\original\Aphids_Disease\aphids_disease_(119).jpg,turmeric_leaf,1,Aphids_Disease,internal_test,positive_internal_test_turmeric_leaf,d9a5c196cd024b20e96bfd7084c0df8e,3960961
DS01_IN_aphids_disease_(25).jpg,Dataset_01_Clean,aphids_disease_(25).jpg,turmeric_datasets\dataset_01\original\Aphids_Disease\aphids_disease_(25).jpg,turmeric_leaf,1,Aphids_Disease,internal_test,positive_internal_test_turmeric_leaf,19479930091042e64396e0859cb21918,3386832
DS01_IN_aphids_disease_(96).jpg,Dataset_01_Clean,aphids_disease_(96).jpg,turmeric_datasets\dataset_01\original\Aphids_Disease\aphids_disease_(96).jpg,turmeric_leaf,1,Aphids_Disease,internal_test,positive_internal_test_turmeric_leaf,49f308e431699b2388368bd65bf0be08,3760472
DS01_IN_aphids_disease_(56).jpg,Dataset_01_Clean,aphids_disease_(56).jpg,turmeric_datasets\dataset_01\original\Aphids_Disease\aphids_disease_(56).jpg,turmeric_leaf,1,Aphids_Disease,internal_test,positive_internal_test_turmeric_leaf,ec81d06726ccd6575881c8de75620a95,3774222
DS01_IN_aphids_disease_(122).jpg,Dataset_01_Clean,aphids_disease_(122).jpg,turmeric_datasets\dataset_01\original\Aphids_Disease\aphids_disease_(122).jpg,turmeric_leaf,1,Aphids_Disease,internal_test,positive_internal_test_turmeric_leaf,c3078563355940e6a40689b6c1a53c3b,3690087
DS01_IN_aphids_disease_(7).jpg,Dataset_01_Clean,aphids_disease_(7).jpg,turmeric_datasets\dataset_01\original\Aphids_Disease\aphids_disease_(7).jpg,turmeric_leaf,1,Aphids_Disease,internal_test,positive_internal_test_turmeric_leaf,99967e18270eadba8e5043265ac01c92,3482942
DS01_IN_aphids_disease_(130).jpg,Dataset_01_Clean,aphids_disease_(130).jpg,turmeric_datasets\dataset_01\original\Aphids_Disease\aphids_disease_(130).jpg,turmeric_leaf,1,Aphids_Disease,internal_test,positive_internal_test_turmeric_leaf,2643982ce41aed0a5a477190663a17ce,4151354
DS01_IN_aphids_disease_(150).jpg,Dataset_01_Clean,aphids_disease_(150).jpg,turmeric_datasets\dataset_01\original\Aphids_Disease\aphids_disease_(150).jpg,turmeric_leaf,1,Aphids_Disease,internal_test,positive_internal_test_turmeric_leaf,d2e604063e4144619516882ea7d25ebb,4179573
DS01_IN_aphids_disease_(155).jpg,Dataset_01_Clean,aphids_disease_(155).jpg,turmeric_datasets\dataset_01\original\Aphids_Disease\aphids_disease_(155).jpg,turmeric_leaf,1,Aphids_Disease,internal_test,positive_internal_test_turmeric_leaf,05453ae10fe9d1fc5485d4b663f4ecb3,3987223
DS01_IN_aphids_disease_(162).jpg,Dataset_01_Clean,aphids_disease_(162).jpg,turmeric_datasets\dataset_01\original\Aphids_Disease\aphids_disease_(162).jpg,turmeric_leaf,1,Aphids_Disease,internal_test,positive_internal_test_turmeric_leaf,ddaa7ecb1c392df2faa4b1966ec1f57d,3928553
DS01_IN_aphids_disease_(70).jpg,Dataset_01_Clean,aphids_disease_(70).jpg,turmeric_datasets\dataset_01\original\Aphids_Disease\aphids_disease_(70).jpg,turmeric_leaf,1,Aphids_Disease,internal_test,positive_internal_test_turmeric_leaf,c5977cc7c674c85d76371c8ebf75e4df,3741010
DS01_IN_aphids_disease_(104).jpg,Dataset_01_Clean,aphids_disease_(104).jpg,turmeric_datasets\dataset_01\original\Aphids_Disease\aphids_disease_(104).jpg,turmeric_leaf,1,Aphids_Disease,internal_test,positive_internal_test_turmeric_leaf,6099b56dc51916518dfdb76e2ed4bfc5,3768910
DS01_IN_aphids_disease_(124).jpg,Dataset_01_Clean,aphids_disease_(124).jpg,turmeric_datasets\dataset_01\original\Aphids_Disease\aphids_disease_(124).jpg,turmeric_leaf,1,Aphids_Disease,internal_test,positive_internal_test_turmeric_leaf,2f233940bc1fa2671a742f23628b5bb4,3704298
DS01_IN_aphids_disease_(47).jpg,Dataset_01_Clean,aphids_disease_(47).jpg,turmeric_datasets\dataset_01\original\Aphids_Disease\aphids_disease_(47).jpg,turmeric_leaf,1,Aphids_Disease,internal_test,positive_internal_test_turmeric_leaf,6645a00e10bf504f3f3f6fd3c36c2041,3924563
DS01_TR_blotch_(228).jpg,Dataset_01_Clean,blotch_(228).jpg,turmeric_datasets\dataset_01\original\Blotch\blotch_(228).jpg,turmeric_leaf,1,Blotch,train,positive_train_turmeric_leaf,eddc40b04f871650c47f57b91061f09c,3797517
DS01_TR_blotch_(211).jpg,Dataset_01_Clean,blotch_(211).jpg,turmeric_datasets\dataset_01\original\Blotch\blotch_(211).jpg,turmeric_leaf,1,Blotch,train,positive_train_turmeric_leaf,b810f302c68219c1368a578cbe72d9b2,3696361
DS01_TR_blotch_(7).jpg,Dataset_01_Clean,blotch_(7).jpg,turmeric_datasets\dataset_01\original\Blotch\blotch_(7).jpg,turmeric_leaf,1,Blotch,train,positive_train_turmeric_leaf,26a49e9a468ca30e4346e1e727a05ef9,4016894
DS01_TR_blotch_(238).jpg,Dataset_01_Clean,blotch_(238).jpg,turmeric_datasets\dataset_01\original\Blotch\blotch_(238).jpg,turmeric_leaf,1,Blotch,train,positive_train_turmeric_leaf,9a9bc0cf27dc78567a678424f508271f,3684175
DS01_TR_blotch_(119).jpg,Dataset_01_Clean,blotch_(119).jpg,turmeric_datasets\dataset_01\original\Blotch\blotch_(119).jpg,turmeric_leaf,1,Blotch,train,positive_train_turmeric_leaf,2e0181cf7324862e07226828562c0959,3596614
DS01_TR_blotch_(28).jpg,Dataset_01_Clean,blotch_(28).jpg,turmeric_datasets\dataset_01\original\Blotch\blotch_(28).jpg,turmeric_leaf,1,Blotch,train,positive_train_turmeric_leaf,0e94cb2a9d54ccc84e2157ee20c66313,3649055
DS01_TR_blotch_(136).jpg,Dataset_01_Clean,blotch_(136).jpg,turmeric_datasets\dataset_01\original\Blotch\blotch_(136).jpg,turmeric_leaf,1,Blotch,train,positive_train_turmeric_leaf,516af8d9a5acce65cf914ece6f6de858,3608949
DS01_TR_blotch_(145).jpg,Dataset_01_Clean,blotch_(145).jpg,turmeric_datasets\dataset_01\original\Blotch\blotch_(145).jpg,turmeric_leaf,1,Blotch,train,positive_train_turmeric_leaf,ce7aa222f441fa88453635545bca01fe,3644103
DS01_TR_blotch_(125).jpg,Dataset_01_Clean,blotch_(125).jpg,turmeric_datasets\dataset_01\original\Blotch\blotch_(125).jpg,turmeric_leaf,1,Blotch,train,positive_train_turmeric_leaf,6d61ae5de477eb9c7b2b3e7f91658ada,3606061
DS01_TR_blotch_(178).jpg,Dataset_01_Clean,blotch_(178).jpg,turmeric_datasets\dataset_01\original\Blotch\blotch_(178).jpg,turmeric_leaf,1,Blotch,train,positive_train_turmeric_leaf,6dacc0012c84173181468aabe18403cb,4036412
DS01_TR_blotch_(183).jpg,Dataset_01_Clean,blotch_(183).jpg,turmeric_datasets\dataset_01\original\Blotch\blotch_(183).jpg,turmeric_leaf,1,Blotch,train,positive_train_turmeric_leaf,ea33937484d13555bdceab1a4c5ef6ff,3695116
DS01_TR_blotch_(236).jpg,Dataset_01_Clean,blotch_(236).jpg,turmeric_datasets\dataset_01\original\Blotch\blotch_(236).jpg,turmeric_leaf,1,Blotch,train,positive_train_turmeric_leaf,32afb9a538966709357fa2e10f12e92a,3677165
DS01_TR_blotch_(79).jpg,Dataset_01_Clean,blotch_(79).jpg,turmeric_datasets\dataset_01\original\Blotch\blotch_(79).jpg,turmeric_leaf,1,Blotch,train,positive_train_turmeric_leaf,c25c66f2c1d00bafa4c372c2c5f881e6,3629584
DS01_TR_blotch_(195).jpg,Dataset_01_Clean,blotch_(195).jpg,turmeric_datasets\dataset_01\original\Blotch\blotch_(195).jpg,turmeric_leaf,1,Blotch,train,positive_train_turmeric_leaf,0c4b479c7fe79aff3c93459a89f4cb46,3738443
DS01_TR_blotch_(18).jpg,Dataset_01_Clean,blotch_(18).jpg,turmeric_datasets\dataset_01\original\Blotch\blotch_(18).jpg,turmeric_leaf,1,Blotch,train,positive_train_turmeric_leaf,7a94d48eafafad420115f5c45cd12b7b,3793089
DS01_TR_blotch_(44).jpg,Dataset_01_Clean,blotch_(44).jpg,turmeric_datasets\dataset_01\original\Blotch\blotch_(44).jpg,turmeric_leaf,1,Blotch,train,positive_train_turmeric_leaf,350deb89e00d5cf48ceb123b9c2b6205,3776290
DS01_TR_blotch_(182).jpg,Dataset_01_Clean,blotch_(182).jpg,turmeric_datasets\dataset_01\original\Blotch\blotch_(182).jpg,turmeric_leaf,1,Blotch,train,positive_train_turmeric_leaf,81a6a6f6c1ce2faf2d07de63c8a7fc37,3803425
DS01_TR_blotch_(76).jpg,Dataset_01_Clean,blotch_(76).jpg,turmeric_datasets\dataset_01\original\Blotch\blotch_(76).jpg,turmeric_leaf,1,Blotch,train,positive_train_turmeric_leaf,5f8104c126b9bf4dae2712af43ee0cac,3684168
DS01_TR_blotch_(146).jpg,Dataset_01_Clean,blotch_(146).jpg,turmeric_datasets\dataset_01\original\Blotch\blotch_(146).jpg,turmeric_leaf,1,Blotch,train,positive_train_turmeric_leaf,566c71b15b103f40345e0739e586ce12,3683793
DS01_TR_blotch_(132).jpg,Dataset_01_Clean,blotch_(132).jpg,turmeric_datasets\dataset_01\original\Blotch\blotch_(132).jpg,turmeric_leaf,1,Blotch,train,positive_train_turmeric_leaf,eb9fd0fad2c0d3fc433fc9608a2575c1,3670001
DS01_TR_blotch_(104).jpg,Dataset_01_Clean,blotch_(104).jpg,turmeric_datasets\dataset_01\original\Blotch\blotch_(104).jpg,turmeric_leaf,1,Blotch,train,positive_train_turmeric_leaf,3aaf9a6e0855127637768549755657f6,3973404
DS01_TR_blotch_(150).jpg,Dataset_01_Clean,blotch_(150).jpg,turmeric_datasets\dataset_01\original\Blotch\blotch_(150).jpg,turmeric_leaf,1,Blotch,train,positive_train_turmeric_leaf,7ec401a59af8d2b9a30c93059fe3f1e4,3643035
DS01_TR_blotch_(40).jpg,Dataset_01_Clean,blotch_(40).jpg,turmeric_datasets\dataset_01\original\Blotch\blotch_(40).jpg,turmeric_leaf,1,Blotch,train,positive_train_turmeric_leaf,cdf293cebf699a4a5f33de3c6ad48ea2,3673997
DS01_TR_blotch_(109).jpg,Dataset_01_Clean,blotch_(109).jpg,turmeric_datasets\dataset_01\original\Blotch\blotch_(109).jpg,turmeric_leaf,1,Blotch,train,positive_train_turmeric_leaf,d69da40445edded5286c0af7e458da8a,3757256
DS01_TR_blotch_(169).jpg,Dataset_01_Clean,blotch_(169).jpg,turmeric_datasets\dataset_01\original\Blotch\blotch_(169).jpg,turmeric_leaf,1,Blotch,train,positive_train_turmeric_leaf,736a1ab0bfdaf548985eb8f1d0adeab4,3820074
DS01_TR_blotch_(202).jpg,Dataset_01_Clean,blotch_(202).jpg,turmeric_datasets\dataset_01\original\Blotch\blotch_(202).jpg,turmeric_leaf,1,Blotch,train,positive_train_turmeric_leaf,d2b10dc2de8c6460b908643f25685ad5,3753885
DS01_TR_blotch_(152).jpg,Dataset_01_Clean,blotch_(152).jpg,turmeric_datasets\dataset_01\original\Blotch\blotch_(152).jpg,turmeric_leaf,1,Blotch,train,positive_train_turmeric_leaf,9d8241f09eae69e7a54761abd3a2d108,3624218
DS01_TR_blotch_(215).jpg,Dataset_01_Clean,blotch_(215).jpg,turmeric_datasets\dataset_01\original\Blotch\blotch_(215).jpg,turmeric_leaf,1,Blotch,train,positive_train_turmeric_leaf,4f2823377225345f41266404eecaecbf,3755087
DS01_TR_blotch_(158).jpg,Dataset_01_Clean,blotch_(158).jpg,turmeric_datasets\dataset_01\original\Blotch\blotch_(158).jpg,turmeric_leaf,1,Blotch,train,positive_train_turmeric_leaf,26a87c00879284ccb2931e70b0715a20,3590515
DS01_TR_blotch_(232).jpg,Dataset_01_Clean,blotch_(232).jpg,turmeric_datasets\dataset_01\original\Blotch\blotch_(232).jpg,turmeric_leaf,1,Blotch,train,positive_train_turmeric_leaf,bfcaefccb57c817705eeb0434e2493a9,3761387
DS01_TR_blotch_(88).jpg,Dataset_01_Clean,blotch_(88).jpg,turmeric_datasets\dataset_01\original\Blotch\blotch_(88).jpg,turmeric_leaf,1,Blotch,train,positive_train_turmeric_leaf,57e976923aa3b7454aeb6019b8bf6ff6,3946652
DS01_TR_blotch_(69).jpg,Dataset_01_Clean,blotch_(69).jpg,turmeric_datasets\dataset_01\original\Blotch\blotch_(69).jpg,turmeric_leaf,1,Blotch,train,positive_train_turmeric_leaf,2426cd21bcab380dd55fbef11c8a1e35,3886367
DS01_TR_blotch_(172).jpg,Dataset_01_Clean,blotch_(172).jpg,turmeric_datasets\dataset_01\original\Blotch\blotch_(172).jpg,turmeric_leaf,1,Blotch,train,positive_train_turmeric_leaf,2f82ae8a07b7e3b8cec6a32deb5dc77d,3816425
DS01_TR_blotch_(67).jpg,Dataset_01_Clean,blotch_(67).jpg,turmeric_datasets\dataset_01\original\Blotch\blotch_(67).jpg,turmeric_leaf,1,Blotch,train,positive_train_turmeric_leaf,eece08f764e1cdd887a802de5a96a54c,3647453
DS01_TR_blotch_(102).jpg,Dataset_01_Clean,blotch_(102).jpg,turmeric_datasets\dataset_01\original\Blotch\blotch_(102).jpg,turmeric_leaf,1,Blotch,train,positive_train_turmeric_leaf,6f54a998c6a6aa3582229722dcf7d977,3647382
DS01_TR_blotch_(105).jpg,Dataset_01_Clean,blotch_(105).jpg,turmeric_datasets\dataset_01\original\Blotch\blotch_(105).jpg,turmeric_leaf,1,Blotch,train,positive_train_turmeric_leaf,38eb74e322e1ab2d159e0c4e4226dad6,3926831
DS01_TR_blotch_(47).jpg,Dataset_01_Clean,blotch_(47).jpg,turmeric_datasets\dataset_01\original\Blotch\blotch_(47).jpg,turmeric_leaf,1,Blotch,train,positive_train_turmeric_leaf,9a8817883e7df9162dfcb0dda21554fb,3835577
DS01_TR_blotch_(233).jpg,Dataset_01_Clean,blotch_(233).jpg,turmeric_datasets\dataset_01\original\Blotch\blotch_(233).jpg,turmeric_leaf,1,Blotch,train,positive_train_turmeric_leaf,e5961074bc5262c54a9a01330c820092,3826246
DS01_TR_blotch_(56).jpg,Dataset_01_Clean,blotch_(56).jpg,turmeric_datasets\dataset_01\original\Blotch\blotch_(56).jpg,turmeric_leaf,1,Blotch,train,positive_train_turmeric_leaf,2ef356d8d41e0789613520674554851e,4119433
DS01_TR_blotch_(49).jpg,Dataset_01_Clean,blotch_(49).jpg,turmeric_datasets\dataset_01\original\Blotch\blotch_(49).jpg,turmeric_leaf,1,Blotch,train,positive_train_turmeric_leaf,f0d8b1ce07db6e17e49ed6962e797ea7,4059316
DS01_TR_blotch_(124).jpg,Dataset_01_Clean,blotch_(124).jpg,turmeric_datasets\dataset_01\original\Blotch\blotch_(124).jpg,turmeric_leaf,1,Blotch,train,positive_train_turmeric_leaf,8d4e3c6114a5463305a80d1f3a8759a8,3120914
DS01_TR_blotch_(45).jpg,Dataset_01_Clean,blotch_(45).jpg,turmeric_datasets\dataset_01\original\Blotch\blotch_(45).jpg,turmeric_leaf,1,Blotch,train,positive_train_turmeric_leaf,d99850fc4f17677f9707f745b1a58ecd,3864768
DS01_TR_blotch_(204).jpg,Dataset_01_Clean,blotch_(204).jpg,turmeric_datasets\dataset_01\original\Blotch\blotch_(204).jpg,turmeric_leaf,1,Blotch,train,positive_train_turmeric_leaf,97c4afc2c653f972bd8ceb71ef3899be,3662201
DS01_TR_blotch_(6).jpg,Dataset_01_Clean,blotch_(6).jpg,turmeric_datasets\dataset_01\original\Blotch\blotch_(6).jpg,turmeric_leaf,1,Blotch,train,positive_train_turmeric_leaf,8d34009551228e0884991aa3b2ce6319,3868726
DS01_TR_blotch_(174).jpg,Dataset_01_Clean,blotch_(174).jpg,turmeric_datasets\dataset_01\original\Blotch\blotch_(174).jpg,turmeric_leaf,1,Blotch,train,positive_train_turmeric_leaf,e431e9d93006abaf1d046ebf95049de6,4076311
DS01_TR_blotch_(154).jpg,Dataset_01_Clean,blotch_(154).jpg,turmeric_datasets\dataset_01\original\Blotch\blotch_(154).jpg,turmeric_leaf,1,Blotch,train,positive_train_turmeric_leaf,31036896f297ce15c696369fb9af238d,3606060
DS01_TR_blotch_(26).jpg,Dataset_01_Clean,blotch_(26).jpg,turmeric_datasets\dataset_01\original\Blotch\blotch_(26).jpg,turmeric_leaf,1,Blotch,train,positive_train_turmeric_leaf,0906ea105b134f200e7f20b6ac066533,3649230
DS01_TR_blotch_(100).jpg,Dataset_01_Clean,blotch_(100).jpg,turmeric_datasets\dataset_01\original\Blotch\blotch_(100).jpg,turmeric_leaf,1,Blotch,train,positive_train_turmeric_leaf,99004238d61c1300ebfdd09651d7d433,3506586
DS01_TR_blotch_(237).jpg,Dataset_01_Clean,blotch_(237).jpg,turmeric_datasets\dataset_01\original\Blotch\blotch_(237).jpg,turmeric_leaf,1,Blotch,train,positive_train_turmeric_leaf,0e90b695c77fb104e815b4ac3a18ef21,3655423
DS01_TR_blotch_(179).jpg,Dataset_01_Clean,blotch_(179).jpg,turmeric_datasets\dataset_01\original\Blotch\blotch_(179).jpg,turmeric_leaf,1,Blotch,train,positive_train_turmeric_leaf,a09774d71fc950ca295fb5d7cc587e92,3807604
DS01_TR_blotch_(184).jpg,Dataset_01_Clean,blotch_(184).jpg,turmeric_datasets\dataset_01\original\Blotch\blotch_(184).jpg,turmeric_leaf,1,Blotch,train,positive_train_turmeric_leaf,afdd6a2baa79a22a3661a18b7876302c,3654599
DS01_TR_blotch_(212).jpg,Dataset_01_Clean,blotch_(212).jpg,turmeric_datasets\dataset_01\original\Blotch\blotch_(212).jpg,turmeric_leaf,1,Blotch,train,positive_train_turmeric_leaf,341cccea685eabdd1e137732f11bbebb,3774276
DS01_TR_blotch_(37).jpg,Dataset_01_Clean,blotch_(37).jpg,turmeric_datasets\dataset_01\original\Blotch\blotch_(37).jpg,turmeric_leaf,1,Blotch,train,positive_train_turmeric_leaf,190abb156b9e13d3ba8959839f247302,3623202
DS01_TR_blotch_(17).jpg,Dataset_01_Clean,blotch_(17).jpg,turmeric_datasets\dataset_01\original\Blotch\blotch_(17).jpg,turmeric_leaf,1,Blotch,train,positive_train_turmeric_leaf,11ef8871849edfe7d5910d8e90fd4794,3786349
DS01_TR_blotch_(190).jpg,Dataset_01_Clean,blotch_(190).jpg,turmeric_datasets\dataset_01\original\Blotch\blotch_(190).jpg,turmeric_leaf,1,Blotch,train,positive_train_turmeric_leaf,5199b12d2fc765ab49a200ae502df449,3645534
DS01_TR_blotch_(128).jpg,Dataset_01_Clean,blotch_(128).jpg,turmeric_datasets\dataset_01\original\Blotch\blotch_(128).jpg,turmeric_leaf,1,Blotch,train,positive_train_turmeric_leaf,a5b48679a9af6e3bbaa8e637bde0dabf,3483836
DS01_TR_blotch_(94).jpg,Dataset_01_Clean,blotch_(94).jpg,turmeric_datasets\dataset_01\original\Blotch\blotch_(94).jpg,turmeric_leaf,1,Blotch,train,positive_train_turmeric_leaf,0840e011391aac22b15641fbeb8daae5,3624544
DS01_TR_blotch_(30).jpg,Dataset_01_Clean,blotch_(30).jpg,turmeric_datasets\dataset_01\original\Blotch\blotch_(30).jpg,turmeric_leaf,1,Blotch,train,positive_train_turmeric_leaf,53bbee75bc3885b899f088fb0353451b,3683421
DS01_TR_blotch_(188).jpg,Dataset_01_Clean,blotch_(188).jpg,turmeric_datasets\dataset_01\original\Blotch\blotch_(188).jpg,turmeric_leaf,1,Blotch,train,positive_train_turmeric_leaf,f93ee7551120f90c1de282e6b2d51542,3632057
DS01_TR_blotch_(138).jpg,Dataset_01_Clean,blotch_(138).jpg,turmeric_datasets\dataset_01\original\Blotch\blotch_(138).jpg,turmeric_leaf,1,Blotch,train,positive_train_turmeric_leaf,83d324c396be6a24f1de0640da235b8c,3762057
DS01_TR_blotch_(78).jpg,Dataset_01_Clean,blotch_(78).jpg,turmeric_datasets\dataset_01\original\Blotch\blotch_(78).jpg,turmeric_leaf,1,Blotch,train,positive_train_turmeric_leaf,690e5d9fa8b9fd25518eaad9c9ded6be,3732303
DS01_TR_blotch_(118).jpg,Dataset_01_Clean,blotch_(118).jpg,turmeric_datasets\dataset_01\original\Blotch\blotch_(118).jpg,turmeric_leaf,1,Blotch,train,positive_train_turmeric_leaf,2bf62d65de6c51de4134744ce98fb940,3858923
DS01_TR_blotch_(14).jpg,Dataset_01_Clean,blotch_(14).jpg,turmeric_datasets\dataset_01\original\Blotch\blotch_(14).jpg,turmeric_leaf,1,Blotch,train,positive_train_turmeric_leaf,e7ce1fc1a72f341543e7f321b989e85b,3643465
DS01_TR_blotch_(68).jpg,Dataset_01_Clean,blotch_(68).jpg,turmeric_datasets\dataset_01\original\Blotch\blotch_(68).jpg,turmeric_leaf,1,Blotch,train,positive_train_turmeric_leaf,64e8296668deacc3e1572b1e8d59a6e3,3754169
DS01_TR_blotch_(235).jpg,Dataset_01_Clean,blotch_(235).jpg,turmeric_datasets\dataset_01\original\Blotch\blotch_(235).jpg,turmeric_leaf,1,Blotch,train,positive_train_turmeric_leaf,a4876e1caf3ddbd2fc094ab32d9536b9,3772979
DS01_TR_blotch_(13).jpg,Dataset_01_Clean,blotch_(13).jpg,turmeric_datasets\dataset_01\original\Blotch\blotch_(13).jpg,turmeric_leaf,1,Blotch,train,positive_train_turmeric_leaf,346a104fdc641ee811b2ffca787aa7c1,3546952
DS01_TR_blotch_(43).jpg,Dataset_01_Clean,blotch_(43).jpg,turmeric_datasets\dataset_01\original\Blotch\blotch_(43).jpg,turmeric_leaf,1,Blotch,train,positive_train_turmeric_leaf,75a95580785754be27014fe5b95c3964,3752496
DS01_TR_blotch_(46).jpg,Dataset_01_Clean,blotch_(46).jpg,turmeric_datasets\dataset_01\original\Blotch\blotch_(46).jpg,turmeric_leaf,1,Blotch,train,positive_train_turmeric_leaf,46adad77c61c06036edaf551febca8c0,3810751
DS01_TR_blotch_(50).jpg,Dataset_01_Clean,blotch_(50).jpg,turmeric_datasets\dataset_01\original\Blotch\blotch_(50).jpg,turmeric_leaf,1,Blotch,train,positive_train_turmeric_leaf,8043998286abbb5cf6d305a3cd5fe2e8,4137692
DS01_TR_blotch_(55).jpg,Dataset_01_Clean,blotch_(55).jpg,turmeric_datasets\dataset_01\original\Blotch\blotch_(55).jpg,turmeric_leaf,1,Blotch,train,positive_train_turmeric_leaf,79a3c1553c9f162c6e3be0df34f32df3,3888860
DS01_TR_blotch_(22).jpg,Dataset_01_Clean,blotch_(22).jpg,turmeric_datasets\dataset_01\original\Blotch\blotch_(22).jpg,turmeric_leaf,1,Blotch,train,positive_train_turmeric_leaf,cec1efe7a6f845291463789fa0632f2c,3632388
DS01_TR_blotch_(62).jpg,Dataset_01_Clean,blotch_(62).jpg,turmeric_datasets\dataset_01\original\Blotch\blotch_(62).jpg,turmeric_leaf,1,Blotch,train,positive_train_turmeric_leaf,229eed48410563bc55b0969674da4b78,3671403
DS01_TR_blotch_(74).jpg,Dataset_01_Clean,blotch_(74).jpg,turmeric_datasets\dataset_01\original\Blotch\blotch_(74).jpg,turmeric_leaf,1,Blotch,train,positive_train_turmeric_leaf,effa7fc2fb76859940fe60b26dd40720,3576289
DS01_TR_blotch_(162).jpg,Dataset_01_Clean,blotch_(162).jpg,turmeric_datasets\dataset_01\original\Blotch\blotch_(162).jpg,turmeric_leaf,1,Blotch,train,positive_train_turmeric_leaf,4f1cbda15b8842b1f9d35a19eb023141,3693298
DS01_TR_blotch_(185).jpg,Dataset_01_Clean,blotch_(185).jpg,turmeric_datasets\dataset_01\original\Blotch\blotch_(185).jpg,turmeric_leaf,1,Blotch,train,positive_train_turmeric_leaf,8753c20d4eea41cf32ec413dca839634,3519448
DS01_TR_blotch_(24).jpg,Dataset_01_Clean,blotch_(24).jpg,turmeric_datasets\dataset_01\original\Blotch\blotch_(24).jpg,turmeric_leaf,1,Blotch,train,positive_train_turmeric_leaf,6ea1d2b4d9a24a2658c2cf7b911c5ff5,3730612
DS01_TR_blotch_(19).jpg,Dataset_01_Clean,blotch_(19).jpg,turmeric_datasets\dataset_01\original\Blotch\blotch_(19).jpg,turmeric_leaf,1,Blotch,train,positive_train_turmeric_leaf,ad00ab3fb5c1aa571b3bf667985fada6,3585199
DS01_TR_blotch_(161).jpg,Dataset_01_Clean,blotch_(161).jpg,turmeric_datasets\dataset_01\original\Blotch\blotch_(161).jpg,turmeric_leaf,1,Blotch,train,positive_train_turmeric_leaf,00c68768e834c970e057b5b730a8428c,3761618
DS01_TR_blotch_(98).jpg,Dataset_01_Clean,blotch_(98).jpg,turmeric_datasets\dataset_01\original\Blotch\blotch_(98).jpg,turmeric_leaf,1,Blotch,train,positive_train_turmeric_leaf,49e228137aaff6f7ee9006542089cb37,3653994
DS01_TR_blotch_(219).jpg,Dataset_01_Clean,blotch_(219).jpg,turmeric_datasets\dataset_01\original\Blotch\blotch_(219).jpg,turmeric_leaf,1,Blotch,train,positive_train_turmeric_leaf,ed5de84db74a3e17677fb38a63031990,3758693
DS01_TR_blotch_(131).jpg,Dataset_01_Clean,blotch_(131).jpg,turmeric_datasets\dataset_01\original\Blotch\blotch_(131).jpg,turmeric_leaf,1,Blotch,train,positive_train_turmeric_leaf,22e3737a1916097a8138c188667424f4,3651735
DS01_TR_blotch_(218).jpg,Dataset_01_Clean,blotch_(218).jpg,turmeric_datasets\dataset_01\original\Blotch\blotch_(218).jpg,turmeric_leaf,1,Blotch,train,positive_train_turmeric_leaf,9c74bb8bf99b79cc26d55dd601b29415,3682215
DS01_TR_blotch_(31).jpg,Dataset_01_Clean,blotch_(31).jpg,turmeric_datasets\dataset_01\original\Blotch\blotch_(31).jpg,turmeric_leaf,1,Blotch,train,positive_train_turmeric_leaf,2ac34df44f47712dd64e3eeaa34d4548,3665200
DS01_TR_blotch_(90).jpg,Dataset_01_Clean,blotch_(90).jpg,turmeric_datasets\dataset_01\original\Blotch\blotch_(90).jpg,turmeric_leaf,1,Blotch,train,positive_train_turmeric_leaf,723cd0cef45e1608796b3c7ad8267636,3773596
DS01_TR_blotch_(139).jpg,Dataset_01_Clean,blotch_(139).jpg,turmeric_datasets\dataset_01\original\Blotch\blotch_(139).jpg,turmeric_leaf,1,Blotch,train,positive_train_turmeric_leaf,24415475d162afbc221cf8582fccf282,3889410
DS01_TR_blotch_(229).jpg,Dataset_01_Clean,blotch_(229).jpg,turmeric_datasets\dataset_01\original\Blotch\blotch_(229).jpg,turmeric_leaf,1,Blotch,train,positive_train_turmeric_leaf,c1ad48fdcf1531cc9f73f319d57a37e0,3823082
DS01_TR_blotch_(75).jpg,Dataset_01_Clean,blotch_(75).jpg,turmeric_datasets\dataset_01\original\Blotch\blotch_(75).jpg,turmeric_leaf,1,Blotch,train,positive_train_turmeric_leaf,1792d3a304b38302fbee148b6bdcfd80,3585212
DS01_TR_blotch_(157).jpg,Dataset_01_Clean,blotch_(157).jpg,turmeric_datasets\dataset_01\original\Blotch\blotch_(157).jpg,turmeric_leaf,1,Blotch,train,positive_train_turmeric_leaf,9dfdb349937e655f1faa00058aa6c7c8,3619710
DS01_TR_blotch_(54).jpg,Dataset_01_Clean,blotch_(54).jpg,turmeric_datasets\dataset_01\original\Blotch\blotch_(54).jpg,turmeric_leaf,1,Blotch,train,positive_train_turmeric_leaf,481b3d0616c3eb992d5625e43eb59850,3856495
DS01_TR_blotch_(160).jpg,Dataset_01_Clean,blotch_(160).jpg,turmeric_datasets\dataset_01\original\Blotch\blotch_(160).jpg,turmeric_leaf,1,Blotch,train,positive_train_turmeric_leaf,db328d79e5c1f1f039ea99ccddf05e4b,3759122
DS01_TR_blotch_(27).jpg,Dataset_01_Clean,blotch_(27).jpg,turmeric_datasets\dataset_01\original\Blotch\blotch_(27).jpg,turmeric_leaf,1,Blotch,train,positive_train_turmeric_leaf,53be4b741827c2f6d6d0496243de71d3,3761135
DS01_TR_blotch_(41).jpg,Dataset_01_Clean,blotch_(41).jpg,turmeric_datasets\dataset_01\original\Blotch\blotch_(41).jpg,turmeric_leaf,1,Blotch,train,positive_train_turmeric_leaf,661ac1011ea30306daba0d063f68d20e,3700706
DS01_TR_blotch_(5).jpg,Dataset_01_Clean,blotch_(5).jpg,turmeric_datasets\dataset_01\original\Blotch\blotch_(5).jpg,turmeric_leaf,1,Blotch,train,positive_train_turmeric_leaf,31868f5864eda9e8185533711f863e28,3858286
DS01_TR_blotch_(64).jpg,Dataset_01_Clean,blotch_(64).jpg,turmeric_datasets\dataset_01\original\Blotch\blotch_(64).jpg,turmeric_leaf,1,Blotch,train,positive_train_turmeric_leaf,609f86cd34ccbc35c41c900de07c872c,3567176
DS01_TR_blotch_(25).jpg,Dataset_01_Clean,blotch_(25).jpg,turmeric_datasets\dataset_01\original\Blotch\blotch_(25).jpg,turmeric_leaf,1,Blotch,train,positive_train_turmeric_leaf,0fe2d8671891280cfe698df52247698d,3702746
DS01_TR_blotch_(97).jpg,Dataset_01_Clean,blotch_(97).jpg,turmeric_datasets\dataset_01\original\Blotch\blotch_(97).jpg,turmeric_leaf,1,Blotch,train,positive_train_turmeric_leaf,0e94aceeb7092b4fb6d6c9eff4f3537f,3680273
DS01_TR_blotch_(107).jpg,Dataset_01_Clean,blotch_(107).jpg,turmeric_datasets\dataset_01\original\Blotch\blotch_(107).jpg,turmeric_leaf,1,Blotch,train,positive_train_turmeric_leaf,5b8fa78d58135e86055409de2b8d5ad8,3851001
DS01_TR_blotch_(186).jpg,Dataset_01_Clean,blotch_(186).jpg,turmeric_datasets\dataset_01\original\Blotch\blotch_(186).jpg,turmeric_leaf,1,Blotch,train,positive_train_turmeric_leaf,322589c4fee773a1860fe8496ab8700c,3628202
DS01_TR_blotch_(196).jpg,Dataset_01_Clean,blotch_(196).jpg,turmeric_datasets\dataset_01\original\Blotch\blotch_(196).jpg,turmeric_leaf,1,Blotch,train,positive_train_turmeric_leaf,6a35c3750928d18665369cba6b9f8571,3705862
DS01_TR_blotch_(92).jpg,Dataset_01_Clean,blotch_(92).jpg,turmeric_datasets\dataset_01\original\Blotch\blotch_(92).jpg,turmeric_leaf,1,Blotch,train,positive_train_turmeric_leaf,3a32c20381fe01e7e2f4bf800d3cdefb,3744455
DS01_TR_blotch_(133).jpg,Dataset_01_Clean,blotch_(133).jpg,turmeric_datasets\dataset_01\original\Blotch\blotch_(133).jpg,turmeric_leaf,1,Blotch,train,positive_train_turmeric_leaf,0e0040354d6b1334c9fe1ec118401555,3584770
DS01_TR_blotch_(173).jpg,Dataset_01_Clean,blotch_(173).jpg,turmeric_datasets\dataset_01\original\Blotch\blotch_(173).jpg,turmeric_leaf,1,Blotch,train,positive_train_turmeric_leaf,790b44301c085fb8d214bee433987157,3639811
DS01_TR_blotch_(198).jpg,Dataset_01_Clean,blotch_(198).jpg,turmeric_datasets\dataset_01\original\Blotch\blotch_(198).jpg,turmeric_leaf,1,Blotch,train,positive_train_turmeric_leaf,e363c8950f0eca6a83e68283e51889bc,3780615
DS01_TR_blotch_(113).jpg,Dataset_01_Clean,blotch_(113).jpg,turmeric_datasets\dataset_01\original\Blotch\blotch_(113).jpg,turmeric_leaf,1,Blotch,train,positive_train_turmeric_leaf,974ceb13ede28bc8fbf0bd1a1f1f2ddf,3815649
DS01_TR_blotch_(144).jpg,Dataset_01_Clean,blotch_(144).jpg,turmeric_datasets\dataset_01\original\Blotch\blotch_(144).jpg,turmeric_leaf,1,Blotch,train,positive_train_turmeric_leaf,4c4b5cd50de84f410a692be35d22a623,3662986
DS01_TR_blotch_(2).jpg,Dataset_01_Clean,blotch_(2).jpg,turmeric_datasets\dataset_01\original\Blotch\blotch_(2).jpg,turmeric_leaf,1,Blotch,train,positive_train_turmeric_leaf,3117fd3c4503cdb0b90abebefd3ffdf7,4092678
DS01_TR_blotch_(213).jpg,Dataset_01_Clean,blotch_(213).jpg,turmeric_datasets\dataset_01\original\Blotch\blotch_(213).jpg,turmeric_leaf,1,Blotch,train,positive_train_turmeric_leaf,080ae6190bfea2194eb13a91056fb824,3584628
DS01_TR_blotch_(20).jpg,Dataset_01_Clean,blotch_(20).jpg,turmeric_datasets\dataset_01\original\Blotch\blotch_(20).jpg,turmeric_leaf,1,Blotch,train,positive_train_turmeric_leaf,88c1f1defc79852ea108a144b7ab530a,3673710
DS01_TR_blotch_(181).jpg,Dataset_01_Clean,blotch_(181).jpg,turmeric_datasets\dataset_01\original\Blotch\blotch_(181).jpg,turmeric_leaf,1,Blotch,train,positive_train_turmeric_leaf,280aad11d7507684c8313774b50e3074,3776296
DS01_TR_blotch_(176).jpg,Dataset_01_Clean,blotch_(176).jpg,turmeric_datasets\dataset_01\original\Blotch\blotch_(176).jpg,turmeric_leaf,1,Blotch,train,positive_train_turmeric_leaf,6b999be72d5a5cf8eda04b84645e2b23,3958181
DS01_TR_blotch_(122).jpg,Dataset_01_Clean,blotch_(122).jpg,turmeric_datasets\dataset_01\original\Blotch\blotch_(122).jpg,turmeric_leaf,1,Blotch,train,positive_train_turmeric_leaf,6671abdba11b04942448b9da38feda80,3517163
DS01_TR_blotch_(80).jpg,Dataset_01_Clean,blotch_(80).jpg,turmeric_datasets\dataset_01\original\Blotch\blotch_(80).jpg,turmeric_leaf,1,Blotch,train,positive_train_turmeric_leaf,6d872b3d5f103a3f4d725cd68b13aa99,3686048
DS01_TR_blotch_(221).jpg,Dataset_01_Clean,blotch_(221).jpg,turmeric_datasets\dataset_01\original\Blotch\blotch_(221).jpg,turmeric_leaf,1,Blotch,train,positive_train_turmeric_leaf,5cc47c659e530e815805b0c5223999b9,3668550
DS01_TR_blotch_(159).jpg,Dataset_01_Clean,blotch_(159).jpg,turmeric_datasets\dataset_01\original\Blotch\blotch_(159).jpg,turmeric_leaf,1,Blotch,train,positive_train_turmeric_leaf,3e80cf4ddda5ffc1664511d119e120b5,3677026
DS01_TR_blotch_(99).jpg,Dataset_01_Clean,blotch_(99).jpg,turmeric_datasets\dataset_01\original\Blotch\blotch_(99).jpg,turmeric_leaf,1,Blotch,train,positive_train_turmeric_leaf,4d2e3d588cf1f4a8f04c395f2a5999db,3692892
DS01_TR_blotch_(224).jpg,Dataset_01_Clean,blotch_(224).jpg,turmeric_datasets\dataset_01\original\Blotch\blotch_(224).jpg,turmeric_leaf,1,Blotch,train,positive_train_turmeric_leaf,e95c8e7325ca697bfd36d9ec8ed86c79,3793263
DS01_TR_blotch_(89).jpg,Dataset_01_Clean,blotch_(89).jpg,turmeric_datasets\dataset_01\original\Blotch\blotch_(89).jpg,turmeric_leaf,1,Blotch,train,positive_train_turmeric_leaf,54814519cbc26b769984e233fd54958e,3761497
DS01_TR_blotch_(147).jpg,Dataset_01_Clean,blotch_(147).jpg,turmeric_datasets\dataset_01\original\Blotch\blotch_(147).jpg,turmeric_leaf,1,Blotch,train,positive_train_turmeric_leaf,ce7b88deecc4541cf7caee024d0b1a04,3722264
DS01_TR_blotch_(108).jpg,Dataset_01_Clean,blotch_(108).jpg,turmeric_datasets\dataset_01\original\Blotch\blotch_(108).jpg,turmeric_leaf,1,Blotch,train,positive_train_turmeric_leaf,b42504b17586e5db0989b0e838bd4f1c,3947400
DS01_TR_blotch_(170).jpg,Dataset_01_Clean,blotch_(170).jpg,turmeric_datasets\dataset_01\original\Blotch\blotch_(170).jpg,turmeric_leaf,1,Blotch,train,positive_train_turmeric_leaf,e0f1516b2e22ee0c249177d62d42afb5,3781684
DS01_TR_blotch_(103).jpg,Dataset_01_Clean,blotch_(103).jpg,turmeric_datasets\dataset_01\original\Blotch\blotch_(103).jpg,turmeric_leaf,1,Blotch,train,positive_train_turmeric_leaf,d6f60f18fb07db4f7ad1421858d7addf,3685061
DS01_TR_blotch_(168).jpg,Dataset_01_Clean,blotch_(168).jpg,turmeric_datasets\dataset_01\original\Blotch\blotch_(168).jpg,turmeric_leaf,1,Blotch,train,positive_train_turmeric_leaf,2ca888b405a8ed6aefe168460aaa75ac,3911849
DS01_TR_blotch_(166).jpg,Dataset_01_Clean,blotch_(166).jpg,turmeric_datasets\dataset_01\original\Blotch\blotch_(166).jpg,turmeric_leaf,1,Blotch,train,positive_train_turmeric_leaf,2d2871a20e8aba72c0929ed00f5e8808,4077496
DS01_TR_blotch_(127).jpg,Dataset_01_Clean,blotch_(127).jpg,turmeric_datasets\dataset_01\original\Blotch\blotch_(127).jpg,turmeric_leaf,1,Blotch,train,positive_train_turmeric_leaf,b47cad01e049e9e119eed562375fd5c7,3604255
DS01_TR_blotch_(164).jpg,Dataset_01_Clean,blotch_(164).jpg,turmeric_datasets\dataset_01\original\Blotch\blotch_(164).jpg,turmeric_leaf,1,Blotch,train,positive_train_turmeric_leaf,5068638e6669d5827e9014556b906d75,3716642
DS01_TR_blotch_(42).jpg,Dataset_01_Clean,blotch_(42).jpg,turmeric_datasets\dataset_01\original\Blotch\blotch_(42).jpg,turmeric_leaf,1,Blotch,train,positive_train_turmeric_leaf,08e36a71f83325c3d7b5adb43b0ab6b8,3687108
DS01_TR_blotch_(207).jpg,Dataset_01_Clean,blotch_(207).jpg,turmeric_datasets\dataset_01\original\Blotch\blotch_(207).jpg,turmeric_leaf,1,Blotch,train,positive_train_turmeric_leaf,4033d685911b5b9fa251a4d94e36bd6a,3646098
DS01_TR_blotch_(126).jpg,Dataset_01_Clean,blotch_(126).jpg,turmeric_datasets\dataset_01\original\Blotch\blotch_(126).jpg,turmeric_leaf,1,Blotch,train,positive_train_turmeric_leaf,f77398720717d5e84e1b1b6aeb3a6807,3556565
DS01_TR_blotch_(57).jpg,Dataset_01_Clean,blotch_(57).jpg,turmeric_datasets\dataset_01\original\Blotch\blotch_(57).jpg,turmeric_leaf,1,Blotch,train,positive_train_turmeric_leaf,e0698df3b96c6fd1fb5637f05c4e2d3e,3884886
DS01_TR_blotch_(60).jpg,Dataset_01_Clean,blotch_(60).jpg,turmeric_datasets\dataset_01\original\Blotch\blotch_(60).jpg,turmeric_leaf,1,Blotch,train,positive_train_turmeric_leaf,e7c2313daa87ad11100774aec0a23fdf,3730114
DS01_TR_blotch_(87).jpg,Dataset_01_Clean,blotch_(87).jpg,turmeric_datasets\dataset_01\original\Blotch\blotch_(87).jpg,turmeric_leaf,1,Blotch,train,positive_train_turmeric_leaf,b7a28fce8aa8a17b0b684d818a5413ef,3906803
DS01_TR_blotch_(91).jpg,Dataset_01_Clean,blotch_(91).jpg,turmeric_datasets\dataset_01\original\Blotch\blotch_(91).jpg,turmeric_leaf,1,Blotch,train,positive_train_turmeric_leaf,3f20ea00be1f221c11cb319d0f5357d3,3754085
DS01_TR_blotch_(141).jpg,Dataset_01_Clean,blotch_(141).jpg,turmeric_datasets\dataset_01\original\Blotch\blotch_(141).jpg,turmeric_leaf,1,Blotch,train,positive_train_turmeric_leaf,7c0c7215524ce0341daec2c2bfd0d1bb,3936802
DS01_TR_blotch_(117).jpg,Dataset_01_Clean,blotch_(117).jpg,turmeric_datasets\dataset_01\original\Blotch\blotch_(117).jpg,turmeric_leaf,1,Blotch,train,positive_train_turmeric_leaf,bc2c36e2bb5196a551b3a5338d59f27f,3856271
DS01_TR_blotch_(216).jpg,Dataset_01_Clean,blotch_(216).jpg,turmeric_datasets\dataset_01\original\Blotch\blotch_(216).jpg,turmeric_leaf,1,Blotch,train,positive_train_turmeric_leaf,04bc671d6d7fbba2aba95deb1ee509c2,3806285
DS01_TR_blotch_(226).jpg,Dataset_01_Clean,blotch_(226).jpg,turmeric_datasets\dataset_01\original\Blotch\blotch_(226).jpg,turmeric_leaf,1,Blotch,train,positive_train_turmeric_leaf,486adbc9692acf5a6b4a3063233a6195,3756178
DS01_TR_blotch_(135).jpg,Dataset_01_Clean,blotch_(135).jpg,turmeric_datasets\dataset_01\original\Blotch\blotch_(135).jpg,turmeric_leaf,1,Blotch,train,positive_train_turmeric_leaf,87260080b049e6f4c64a09e3dbb776fd,3627758
DS01_TR_blotch_(220).jpg,Dataset_01_Clean,blotch_(220).jpg,turmeric_datasets\dataset_01\original\Blotch\blotch_(220).jpg,turmeric_leaf,1,Blotch,train,positive_train_turmeric_leaf,53f2d6cc24061794611d7ce7d2a9fc6f,3595693
DS01_TR_blotch_(214).jpg,Dataset_01_Clean,blotch_(214).jpg,turmeric_datasets\dataset_01\original\Blotch\blotch_(214).jpg,turmeric_leaf,1,Blotch,train,positive_train_turmeric_leaf,cc258fb302a2333260a8d15f57905a1a,3768422
DS01_TR_blotch_(209).jpg,Dataset_01_Clean,blotch_(209).jpg,turmeric_datasets\dataset_01\original\Blotch\blotch_(209).jpg,turmeric_leaf,1,Blotch,train,positive_train_turmeric_leaf,68a5603e9c5aa4cdceac139085688abb,3651414
DS01_TR_blotch_(61).jpg,Dataset_01_Clean,blotch_(61).jpg,turmeric_datasets\dataset_01\original\Blotch\blotch_(61).jpg,turmeric_leaf,1,Blotch,train,positive_train_turmeric_leaf,fd603c297488c202f0f6b4e111a21bb3,3702374
DS01_TR_blotch_(23).jpg,Dataset_01_Clean,blotch_(23).jpg,turmeric_datasets\dataset_01\original\Blotch\blotch_(23).jpg,turmeric_leaf,1,Blotch,train,positive_train_turmeric_leaf,bbf6f4c3917a9f186a88df00c0556d91,3717860
DS01_TR_blotch_(171).jpg,Dataset_01_Clean,blotch_(171).jpg,turmeric_datasets\dataset_01\original\Blotch\blotch_(171).jpg,turmeric_leaf,1,Blotch,train,positive_train_turmeric_leaf,c179b3e9b9eeee6ef26d77536d137eaa,3585084
DS01_TR_blotch_(29).jpg,Dataset_01_Clean,blotch_(29).jpg,turmeric_datasets\dataset_01\original\Blotch\blotch_(29).jpg,turmeric_leaf,1,Blotch,train,positive_train_turmeric_leaf,5cde20b3f10d18eda4a235e8435ca989,3678299
DS01_TR_blotch_(38).jpg,Dataset_01_Clean,blotch_(38).jpg,turmeric_datasets\dataset_01\original\Blotch\blotch_(38).jpg,turmeric_leaf,1,Blotch,train,positive_train_turmeric_leaf,10f0e7abce344f57bcffafedd6720695,3820906
DS01_TR_blotch_(111).jpg,Dataset_01_Clean,blotch_(111).jpg,turmeric_datasets\dataset_01\original\Blotch\blotch_(111).jpg,turmeric_leaf,1,Blotch,train,positive_train_turmeric_leaf,f5b9790fccb5b058fa3bab0c8f28d6c6,3769589
DS01_TR_blotch_(149).jpg,Dataset_01_Clean,blotch_(149).jpg,turmeric_datasets\dataset_01\original\Blotch\blotch_(149).jpg,turmeric_leaf,1,Blotch,train,positive_train_turmeric_leaf,aa5d8b1763dd7a30cbaa5c0cb9cc0c38,3625712
DS01_TR_blotch_(167).jpg,Dataset_01_Clean,blotch_(167).jpg,turmeric_datasets\dataset_01\original\Blotch\blotch_(167).jpg,turmeric_leaf,1,Blotch,train,positive_train_turmeric_leaf,9005fd0a1dedf53a56df33e9c90ec07c,3882883
DS01_TR_blotch_(8).jpg,Dataset_01_Clean,blotch_(8).jpg,turmeric_datasets\dataset_01\original\Blotch\blotch_(8).jpg,turmeric_leaf,1,Blotch,train,positive_train_turmeric_leaf,990922a4804035ed60dd7a00388c759f,3923515
DS01_TR_blotch_(134).jpg,Dataset_01_Clean,blotch_(134).jpg,turmeric_datasets\dataset_01\original\Blotch\blotch_(134).jpg,turmeric_leaf,1,Blotch,train,positive_train_turmeric_leaf,8fb7292db83c0db906f9619f7022dd2d,3717049
DS01_TR_blotch_(32).jpg,Dataset_01_Clean,blotch_(32).jpg,turmeric_datasets\dataset_01\original\Blotch\blotch_(32).jpg,turmeric_leaf,1,Blotch,train,positive_train_turmeric_leaf,8d9e99af1c1dc7169049202dfe9be18f,3673452
DS01_TR_blotch_(227).jpg,Dataset_01_Clean,blotch_(227).jpg,turmeric_datasets\dataset_01\original\Blotch\blotch_(227).jpg,turmeric_leaf,1,Blotch,train,positive_train_turmeric_leaf,c7fb52f88d296a09e2e3adac90939cd2,3770225
DS01_TR_blotch_(95).jpg,Dataset_01_Clean,blotch_(95).jpg,turmeric_datasets\dataset_01\original\Blotch\blotch_(95).jpg,turmeric_leaf,1,Blotch,train,positive_train_turmeric_leaf,2b62bbdc51ebf5621019e0a73c06631c,3652917
DS01_TR_blotch_(165).jpg,Dataset_01_Clean,blotch_(165).jpg,turmeric_datasets\dataset_01\original\Blotch\blotch_(165).jpg,turmeric_leaf,1,Blotch,train,positive_train_turmeric_leaf,9105f8f445d715449b6f7e08d58158e5,3897300
DS01_TR_blotch_(203).jpg,Dataset_01_Clean,blotch_(203).jpg,turmeric_datasets\dataset_01\original\Blotch\blotch_(203).jpg,turmeric_leaf,1,Blotch,train,positive_train_turmeric_leaf,b44fd60f1fed20cd42b84977c894eb23,3879647
DS01_TR_blotch_(16).jpg,Dataset_01_Clean,blotch_(16).jpg,turmeric_datasets\dataset_01\original\Blotch\blotch_(16).jpg,turmeric_leaf,1,Blotch,train,positive_train_turmeric_leaf,4bf907bac8c8c0cdbcce215a1a79e8fa,3941581
DS01_TR_blotch_(189).jpg,Dataset_01_Clean,blotch_(189).jpg,turmeric_datasets\dataset_01\original\Blotch\blotch_(189).jpg,turmeric_leaf,1,Blotch,train,positive_train_turmeric_leaf,1c9580cfe1a5e48b1f9f141a6477ad34,3639459
DS01_TR_blotch_(1).jpg,Dataset_01_Clean,blotch_(1).jpg,turmeric_datasets\dataset_01\original\Blotch\blotch_(1).jpg,turmeric_leaf,1,Blotch,train,positive_train_turmeric_leaf,af970e3252b8e848a50954ec1614ac5a,4194677
DS01_TR_blotch_(187).jpg,Dataset_01_Clean,blotch_(187).jpg,turmeric_datasets\dataset_01\original\Blotch\blotch_(187).jpg,turmeric_leaf,1,Blotch,train,positive_train_turmeric_leaf,f6d3bb6056997c5bc6c649e1947de84f,3745196
DS01_TR_blotch_(84).jpg,Dataset_01_Clean,blotch_(84).jpg,turmeric_datasets\dataset_01\original\Blotch\blotch_(84).jpg,turmeric_leaf,1,Blotch,train,positive_train_turmeric_leaf,bdb9efcd27d8205e05280f8d3187b715,3844813
DS01_TR_blotch_(58).jpg,Dataset_01_Clean,blotch_(58).jpg,turmeric_datasets\dataset_01\original\Blotch\blotch_(58).jpg,turmeric_leaf,1,Blotch,train,positive_train_turmeric_leaf,5a95115b1355e321e65dbaa86bdbb5b0,3956376
DS01_TR_blotch_(191).jpg,Dataset_01_Clean,blotch_(191).jpg,turmeric_datasets\dataset_01\original\Blotch\blotch_(191).jpg,turmeric_leaf,1,Blotch,train,positive_train_turmeric_leaf,b91d2bc6d989214eb89330c729bb8a11,3623992
DS01_TR_blotch_(82).jpg,Dataset_01_Clean,blotch_(82).jpg,turmeric_datasets\dataset_01\original\Blotch\blotch_(82).jpg,turmeric_leaf,1,Blotch,train,positive_train_turmeric_leaf,f48a53f63cf854927476a3ee412cd680,3729998
DS01_TR_blotch_(21).jpg,Dataset_01_Clean,blotch_(21).jpg,turmeric_datasets\dataset_01\original\Blotch\blotch_(21).jpg,turmeric_leaf,1,Blotch,train,positive_train_turmeric_leaf,8fc4e2c16c0875a492a037670dd585d1,3641100
DS01_TR_blotch_(9).jpg,Dataset_01_Clean,blotch_(9).jpg,turmeric_datasets\dataset_01\original\Blotch\blotch_(9).jpg,turmeric_leaf,1,Blotch,train,positive_train_turmeric_leaf,d8730a71fd47d56a1ef2a5a20cff09e3,3692862
DS01_TR_blotch_(72).jpg,Dataset_01_Clean,blotch_(72).jpg,turmeric_datasets\dataset_01\original\Blotch\blotch_(72).jpg,turmeric_leaf,1,Blotch,train,positive_train_turmeric_leaf,b22bc722b470d18246c5313262464e2d,3883029
DS01_TR_blotch_(137).jpg,Dataset_01_Clean,blotch_(137).jpg,turmeric_datasets\dataset_01\original\Blotch\blotch_(137).jpg,turmeric_leaf,1,Blotch,train,positive_train_turmeric_leaf,138a909ea9b409544d1ee65fca2d5d0b,3671495
DS01_VA_blotch_(86).jpg,Dataset_01_Clean,blotch_(86).jpg,turmeric_datasets\dataset_01\original\Blotch\blotch_(86).jpg,turmeric_leaf,1,Blotch,val,positive_val_turmeric_leaf,a3f131e0f7cde23261cb130b258d54e4,3803304
DS01_VA_blotch_(12).jpg,Dataset_01_Clean,blotch_(12).jpg,turmeric_datasets\dataset_01\original\Blotch\blotch_(12).jpg,turmeric_leaf,1,Blotch,val,positive_val_turmeric_leaf,784e0fc51dc6ecf16a222777a21b0eaa,3596905
DS01_VA_blotch_(101).jpg,Dataset_01_Clean,blotch_(101).jpg,turmeric_datasets\dataset_01\original\Blotch\blotch_(101).jpg,turmeric_leaf,1,Blotch,val,positive_val_turmeric_leaf,25d298040baf87ed8cf3568d1af2e9fd,3720384
DS01_VA_blotch_(81).jpg,Dataset_01_Clean,blotch_(81).jpg,turmeric_datasets\dataset_01\original\Blotch\blotch_(81).jpg,turmeric_leaf,1,Blotch,val,positive_val_turmeric_leaf,d7f08741ce0b5f174fd79bb7e7aa7cb3,3541811
DS01_VA_blotch_(34).jpg,Dataset_01_Clean,blotch_(34).jpg,turmeric_datasets\dataset_01\original\Blotch\blotch_(34).jpg,turmeric_leaf,1,Blotch,val,positive_val_turmeric_leaf,f4aa5b50448dbd982bd9a5f6fa750d48,3774635
DS01_VA_blotch_(11).jpg,Dataset_01_Clean,blotch_(11).jpg,turmeric_datasets\dataset_01\original\Blotch\blotch_(11).jpg,turmeric_leaf,1,Blotch,val,positive_val_turmeric_leaf,dabd5ba67cad4a243711eca31d7d868c,3700131
DS01_VA_blotch_(59).jpg,Dataset_01_Clean,blotch_(59).jpg,turmeric_datasets\dataset_01\original\Blotch\blotch_(59).jpg,turmeric_leaf,1,Blotch,val,positive_val_turmeric_leaf,9d9a617f8ccff6506a1f23460a0ca6d9,3703475
DS01_VA_blotch_(225).jpg,Dataset_01_Clean,blotch_(225).jpg,turmeric_datasets\dataset_01\original\Blotch\blotch_(225).jpg,turmeric_leaf,1,Blotch,val,positive_val_turmeric_leaf,1ea2c76b9d06e479a2f78d21d3fd96e8,3736591
DS01_VA_blotch_(200).jpg,Dataset_01_Clean,blotch_(200).jpg,turmeric_datasets\dataset_01\original\Blotch\blotch_(200).jpg,turmeric_leaf,1,Blotch,val,positive_val_turmeric_leaf,4303bef3c3599717e7ad63f0957fb1f1,3829786
DS01_VA_blotch_(116).jpg,Dataset_01_Clean,blotch_(116).jpg,turmeric_datasets\dataset_01\original\Blotch\blotch_(116).jpg,turmeric_leaf,1,Blotch,val,positive_val_turmeric_leaf,b1ab8180fa46db8c9ef996e990699624,3701644
DS01_VA_blotch_(53).jpg,Dataset_01_Clean,blotch_(53).jpg,turmeric_datasets\dataset_01\original\Blotch\blotch_(53).jpg,turmeric_leaf,1,Blotch,val,positive_val_turmeric_leaf,b5a7afc5f7b5ebd650d4be728f434762,4114257
DS01_VA_blotch_(205).jpg,Dataset_01_Clean,blotch_(205).jpg,turmeric_datasets\dataset_01\original\Blotch\blotch_(205).jpg,turmeric_leaf,1,Blotch,val,positive_val_turmeric_leaf,cb54b7050e1d29033c34bf9352da3e0e,3703901
DS01_VA_blotch_(85).jpg,Dataset_01_Clean,blotch_(85).jpg,turmeric_datasets\dataset_01\original\Blotch\blotch_(85).jpg,turmeric_leaf,1,Blotch,val,positive_val_turmeric_leaf,f4e6e8005350eb811a764d6d2daa7ad5,3805674
DS01_VA_blotch_(140).jpg,Dataset_01_Clean,blotch_(140).jpg,turmeric_datasets\dataset_01\original\Blotch\blotch_(140).jpg,turmeric_leaf,1,Blotch,val,positive_val_turmeric_leaf,c29f807017af56596ed9796aa93d0d8a,3863666
DS01_VA_blotch_(66).jpg,Dataset_01_Clean,blotch_(66).jpg,turmeric_datasets\dataset_01\original\Blotch\blotch_(66).jpg,turmeric_leaf,1,Blotch,val,positive_val_turmeric_leaf,2fd55a762096c79a0896d41ecb52a8a4,3715253
DS01_VA_blotch_(130).jpg,Dataset_01_Clean,blotch_(130).jpg,turmeric_datasets\dataset_01\original\Blotch\blotch_(130).jpg,turmeric_leaf,1,Blotch,val,positive_val_turmeric_leaf,7a2f1b63e8cd804f180d68df572710cc,3669266
DS01_VA_blotch_(201).jpg,Dataset_01_Clean,blotch_(201).jpg,turmeric_datasets\dataset_01\original\Blotch\blotch_(201).jpg,turmeric_leaf,1,Blotch,val,positive_val_turmeric_leaf,f6ab14ed66f2e06d617cfbc0afa27689,3721694
DS01_VA_blotch_(222).jpg,Dataset_01_Clean,blotch_(222).jpg,turmeric_datasets\dataset_01\original\Blotch\blotch_(222).jpg,turmeric_leaf,1,Blotch,val,positive_val_turmeric_leaf,391490376d1d47eee2ae675f1988b8cb,3606451
DS01_VA_blotch_(71).jpg,Dataset_01_Clean,blotch_(71).jpg,turmeric_datasets\dataset_01\original\Blotch\blotch_(71).jpg,turmeric_leaf,1,Blotch,val,positive_val_turmeric_leaf,5e81b01309b9e81f3570a87866a577b9,3970414
DS01_VA_blotch_(143).jpg,Dataset_01_Clean,blotch_(143).jpg,turmeric_datasets\dataset_01\original\Blotch\blotch_(143).jpg,turmeric_leaf,1,Blotch,val,positive_val_turmeric_leaf,368aad02319dd9bf132cfa433e908934,3912616
DS01_VA_blotch_(156).jpg,Dataset_01_Clean,blotch_(156).jpg,turmeric_datasets\dataset_01\original\Blotch\blotch_(156).jpg,turmeric_leaf,1,Blotch,val,positive_val_turmeric_leaf,98c6272e36159248f055bb109bba8602,3531334
DS01_VA_blotch_(123).jpg,Dataset_01_Clean,blotch_(123).jpg,turmeric_datasets\dataset_01\original\Blotch\blotch_(123).jpg,turmeric_leaf,1,Blotch,val,positive_val_turmeric_leaf,03925a715e789aa4e77740be666d3d06,3525189
DS01_VA_blotch_(177).jpg,Dataset_01_Clean,blotch_(177).jpg,turmeric_datasets\dataset_01\original\Blotch\blotch_(177).jpg,turmeric_leaf,1,Blotch,val,positive_val_turmeric_leaf,ab76e2c4c924f4871e0f2a1902f86144,4016710
DS01_VA_blotch_(63).jpg,Dataset_01_Clean,blotch_(63).jpg,turmeric_datasets\dataset_01\original\Blotch\blotch_(63).jpg,turmeric_leaf,1,Blotch,val,positive_val_turmeric_leaf,1dd17fa2b9f2dd86355180cf8714f112,3730078
DS01_VA_blotch_(192).jpg,Dataset_01_Clean,blotch_(192).jpg,turmeric_datasets\dataset_01\original\Blotch\blotch_(192).jpg,turmeric_leaf,1,Blotch,val,positive_val_turmeric_leaf,2ac259afd544dc86a9daad8fb19ef12f,3667425
DS01_VA_blotch_(93).jpg,Dataset_01_Clean,blotch_(93).jpg,turmeric_datasets\dataset_01\original\Blotch\blotch_(93).jpg,turmeric_leaf,1,Blotch,val,positive_val_turmeric_leaf,3e1ddf1ce593ca288837273e85d0133c,3812638
DS01_VA_blotch_(121).jpg,Dataset_01_Clean,blotch_(121).jpg,turmeric_datasets\dataset_01\original\Blotch\blotch_(121).jpg,turmeric_leaf,1,Blotch,val,positive_val_turmeric_leaf,b1f4a5a19c820b709660ea06af745e7d,3515810
DS01_VA_blotch_(33).jpg,Dataset_01_Clean,blotch_(33).jpg,turmeric_datasets\dataset_01\original\Blotch\blotch_(33).jpg,turmeric_leaf,1,Blotch,val,positive_val_turmeric_leaf,a377f75b763d042fd4b0042c88535284,3726486
DS01_VA_blotch_(35).jpg,Dataset_01_Clean,blotch_(35).jpg,turmeric_datasets\dataset_01\original\Blotch\blotch_(35).jpg,turmeric_leaf,1,Blotch,val,positive_val_turmeric_leaf,1e359fbdb3844fcbfb663af216911891,3695221
DS01_VA_blotch_(4).jpg,Dataset_01_Clean,blotch_(4).jpg,turmeric_datasets\dataset_01\original\Blotch\blotch_(4).jpg,turmeric_leaf,1,Blotch,val,positive_val_turmeric_leaf,cb7ad00f1af154e3aeb8985ad4670048,3769049
DS01_VA_blotch_(110).jpg,Dataset_01_Clean,blotch_(110).jpg,turmeric_datasets\dataset_01\original\Blotch\blotch_(110).jpg,turmeric_leaf,1,Blotch,val,positive_val_turmeric_leaf,bedc74cd02ea1d037506209099afb8aa,3808567
DS01_VA_blotch_(52).jpg,Dataset_01_Clean,blotch_(52).jpg,turmeric_datasets\dataset_01\original\Blotch\blotch_(52).jpg,turmeric_leaf,1,Blotch,val,positive_val_turmeric_leaf,e1b65f58b10aa77ae79bd760c1b5fbbc,4134174
DS01_VA_blotch_(206).jpg,Dataset_01_Clean,blotch_(206).jpg,turmeric_datasets\dataset_01\original\Blotch\blotch_(206).jpg,turmeric_leaf,1,Blotch,val,positive_val_turmeric_leaf,e8596df54e92393ee3701ce828283143,3665714
DS01_VA_blotch_(194).jpg,Dataset_01_Clean,blotch_(194).jpg,turmeric_datasets\dataset_01\original\Blotch\blotch_(194).jpg,turmeric_leaf,1,Blotch,val,positive_val_turmeric_leaf,4948d619eec6962ba127d8584c3c1901,3673039
DS01_VA_blotch_(197).jpg,Dataset_01_Clean,blotch_(197).jpg,turmeric_datasets\dataset_01\original\Blotch\blotch_(197).jpg,turmeric_leaf,1,Blotch,val,positive_val_turmeric_leaf,8e44a16438cb188ec60cb1a929a94171,3715911
DS01_VA_blotch_(180).jpg,Dataset_01_Clean,blotch_(180).jpg,turmeric_datasets\dataset_01\original\Blotch\blotch_(180).jpg,turmeric_leaf,1,Blotch,val,positive_val_turmeric_leaf,785504ba86f1abd2970267a5e8058203,3808369
DS01_IN_blotch_(199).jpg,Dataset_01_Clean,blotch_(199).jpg,turmeric_datasets\dataset_01\original\Blotch\blotch_(199).jpg,turmeric_leaf,1,Blotch,internal_test,positive_internal_test_turmeric_leaf,a8eadad32705074eb78fe083b65487c2,3786583
DS01_IN_blotch_(36).jpg,Dataset_01_Clean,blotch_(36).jpg,turmeric_datasets\dataset_01\original\Blotch\blotch_(36).jpg,turmeric_leaf,1,Blotch,internal_test,positive_internal_test_turmeric_leaf,a8beb6faffb7e7fe170cde4c4ee0e3a5,3833240
DS01_IN_blotch_(73).jpg,Dataset_01_Clean,blotch_(73).jpg,turmeric_datasets\dataset_01\original\Blotch\blotch_(73).jpg,turmeric_leaf,1,Blotch,internal_test,positive_internal_test_turmeric_leaf,08e0f962b9dbf824ef88e0cac9024776,3981241
DS01_IN_blotch_(120).jpg,Dataset_01_Clean,blotch_(120).jpg,turmeric_datasets\dataset_01\original\Blotch\blotch_(120).jpg,turmeric_leaf,1,Blotch,internal_test,positive_internal_test_turmeric_leaf,6718c73d9d80b09d471d34c0f4b9e3f0,3573369
DS01_IN_blotch_(142).jpg,Dataset_01_Clean,blotch_(142).jpg,turmeric_datasets\dataset_01\original\Blotch\blotch_(142).jpg,turmeric_leaf,1,Blotch,internal_test,positive_internal_test_turmeric_leaf,cf364f1ef7a454b52372fef001259a79,3943414
DS01_IN_blotch_(193).jpg,Dataset_01_Clean,blotch_(193).jpg,turmeric_datasets\dataset_01\original\Blotch\blotch_(193).jpg,turmeric_leaf,1,Blotch,internal_test,positive_internal_test_turmeric_leaf,c9257e6c0573f17ab818a5e02c4565aa,3664414
DS01_IN_blotch_(70).jpg,Dataset_01_Clean,blotch_(70).jpg,turmeric_datasets\dataset_01\original\Blotch\blotch_(70).jpg,turmeric_leaf,1,Blotch,internal_test,positive_internal_test_turmeric_leaf,162a22eb69212955aca38dd9747090e6,3851228
DS01_IN_blotch_(77).jpg,Dataset_01_Clean,blotch_(77).jpg,turmeric_datasets\dataset_01\original\Blotch\blotch_(77).jpg,turmeric_leaf,1,Blotch,internal_test,positive_internal_test_turmeric_leaf,ec8aaf2b4e632a15a05f7685fcd2e31a,3683239
DS01_IN_blotch_(65).jpg,Dataset_01_Clean,blotch_(65).jpg,turmeric_datasets\dataset_01\original\Blotch\blotch_(65).jpg,turmeric_leaf,1,Blotch,internal_test,positive_internal_test_turmeric_leaf,4607f64d3cde28939cd8f08b5aa20e77,3751342
DS01_IN_blotch_(155).jpg,Dataset_01_Clean,blotch_(155).jpg,turmeric_datasets\dataset_01\original\Blotch\blotch_(155).jpg,turmeric_leaf,1,Blotch,internal_test,positive_internal_test_turmeric_leaf,9e376116d148716345bf86d29401efd9,3529869
DS01_IN_blotch_(208).jpg,Dataset_01_Clean,blotch_(208).jpg,turmeric_datasets\dataset_01\original\Blotch\blotch_(208).jpg,turmeric_leaf,1,Blotch,internal_test,positive_internal_test_turmeric_leaf,74971f0faf366e8c228b2259b16760f7,3725945
DS01_IN_blotch_(231).jpg,Dataset_01_Clean,blotch_(231).jpg,turmeric_datasets\dataset_01\original\Blotch\blotch_(231).jpg,turmeric_leaf,1,Blotch,internal_test,positive_internal_test_turmeric_leaf,2d74ceff4e212627864764b9c8764cbe,3897983
DS01_IN_blotch_(230).jpg,Dataset_01_Clean,blotch_(230).jpg,turmeric_datasets\dataset_01\original\Blotch\blotch_(230).jpg,turmeric_leaf,1,Blotch,internal_test,positive_internal_test_turmeric_leaf,3a22cf59646b7d98847c1379b55d2ee8,3853453
DS01_IN_blotch_(51).jpg,Dataset_01_Clean,blotch_(51).jpg,turmeric_datasets\dataset_01\original\Blotch\blotch_(51).jpg,turmeric_leaf,1,Blotch,internal_test,positive_internal_test_turmeric_leaf,3627f9d15fb98813e03f36997ea98b57,4186032
DS01_IN_blotch_(129).jpg,Dataset_01_Clean,blotch_(129).jpg,turmeric_datasets\dataset_01\original\Blotch\blotch_(129).jpg,turmeric_leaf,1,Blotch,internal_test,positive_internal_test_turmeric_leaf,e5cdfefd44a14a9d054d25534f5ceb99,3704018
DS01_IN_blotch_(223).jpg,Dataset_01_Clean,blotch_(223).jpg,turmeric_datasets\dataset_01\original\Blotch\blotch_(223).jpg,turmeric_leaf,1,Blotch,internal_test,positive_internal_test_turmeric_leaf,d52860068a445dfed79da591e9ee6d77,3650339
DS01_IN_blotch_(148).jpg,Dataset_01_Clean,blotch_(148).jpg,turmeric_datasets\dataset_01\original\Blotch\blotch_(148).jpg,turmeric_leaf,1,Blotch,internal_test,positive_internal_test_turmeric_leaf,47b3be5a63d688c3b6f2b25f444d7d4d,3637251
DS01_IN_blotch_(210).jpg,Dataset_01_Clean,blotch_(210).jpg,turmeric_datasets\dataset_01\original\Blotch\blotch_(210).jpg,turmeric_leaf,1,Blotch,internal_test,positive_internal_test_turmeric_leaf,0e3230dc959b1d800bb98332d91ebf6a,3649590
DS01_IN_blotch_(39).jpg,Dataset_01_Clean,blotch_(39).jpg,turmeric_datasets\dataset_01\original\Blotch\blotch_(39).jpg,turmeric_leaf,1,Blotch,internal_test,positive_internal_test_turmeric_leaf,5f9dba2814763539d7b96614766c4d64,3722323
DS01_IN_blotch_(163).jpg,Dataset_01_Clean,blotch_(163).jpg,turmeric_datasets\dataset_01\original\Blotch\blotch_(163).jpg,turmeric_leaf,1,Blotch,internal_test,positive_internal_test_turmeric_leaf,69cf3fb9a4b8f79c08515f3475044eef,3724229
DS01_IN_blotch_(153).jpg,Dataset_01_Clean,blotch_(153).jpg,turmeric_datasets\dataset_01\original\Blotch\blotch_(153).jpg,turmeric_leaf,1,Blotch,internal_test,positive_internal_test_turmeric_leaf,db8d31fb706f5fcbbfafdd3983655149,3727483
DS01_IN_blotch_(217).jpg,Dataset_01_Clean,blotch_(217).jpg,turmeric_datasets\dataset_01\original\Blotch\blotch_(217).jpg,turmeric_leaf,1,Blotch,internal_test,positive_internal_test_turmeric_leaf,a22efb19b8c2a8e70c14ddd173b28d42,3740604
DS01_IN_blotch_(96).jpg,Dataset_01_Clean,blotch_(96).jpg,turmeric_datasets\dataset_01\original\Blotch\blotch_(96).jpg,turmeric_leaf,1,Blotch,internal_test,positive_internal_test_turmeric_leaf,85de5351971d33beed8d518bced7afbc,3662390
DS01_IN_blotch_(175).jpg,Dataset_01_Clean,blotch_(175).jpg,turmeric_datasets\dataset_01\original\Blotch\blotch_(175).jpg,turmeric_leaf,1,Blotch,internal_test,positive_internal_test_turmeric_leaf,8dd8e5b4745123638a6d062e7d66d06d,4083159
DS01_IN_blotch_(83).jpg,Dataset_01_Clean,blotch_(83).jpg,turmeric_datasets\dataset_01\original\Blotch\blotch_(83).jpg,turmeric_leaf,1,Blotch,internal_test,positive_internal_test_turmeric_leaf,e9a38def58a2f28d96e37e083667cc28,3544266
DS01_IN_blotch_(106).jpg,Dataset_01_Clean,blotch_(106).jpg,turmeric_datasets\dataset_01\original\Blotch\blotch_(106).jpg,turmeric_leaf,1,Blotch,internal_test,positive_internal_test_turmeric_leaf,b55572fb95bc9190e666d69d93d09b21,3950760
DS01_IN_blotch_(114).jpg,Dataset_01_Clean,blotch_(114).jpg,turmeric_datasets\dataset_01\original\Blotch\blotch_(114).jpg,turmeric_leaf,1,Blotch,internal_test,positive_internal_test_turmeric_leaf,a9faef5d07f2669b694389ce8be3d997,3782598
DS01_IN_blotch_(151).jpg,Dataset_01_Clean,blotch_(151).jpg,turmeric_datasets\dataset_01\original\Blotch\blotch_(151).jpg,turmeric_leaf,1,Blotch,internal_test,positive_internal_test_turmeric_leaf,76d963b741f6aa56bbcda4e2acfd2428,3645368
DS01_IN_blotch_(112).jpg,Dataset_01_Clean,blotch_(112).jpg,turmeric_datasets\dataset_01\original\Blotch\blotch_(112).jpg,turmeric_leaf,1,Blotch,internal_test,positive_internal_test_turmeric_leaf,56ffacdd870e86215fb33a64257090b4,3780807
DS01_IN_blotch_(3).jpg,Dataset_01_Clean,blotch_(3).jpg,turmeric_datasets\dataset_01\original\Blotch\blotch_(3).jpg,turmeric_leaf,1,Blotch,internal_test,positive_internal_test_turmeric_leaf,0435eb36266c602eeb2d5dfaac818cd3,4053633
DS01_IN_blotch_(48).jpg,Dataset_01_Clean,blotch_(48).jpg,turmeric_datasets\dataset_01\original\Blotch\blotch_(48).jpg,turmeric_leaf,1,Blotch,internal_test,positive_internal_test_turmeric_leaf,d73de1ddf8ed8a3a04d03df767f22d3e,3732287
DS01_IN_blotch_(115).jpg,Dataset_01_Clean,blotch_(115).jpg,turmeric_datasets\dataset_01\original\Blotch\blotch_(115).jpg,turmeric_leaf,1,Blotch,internal_test,positive_internal_test_turmeric_leaf,b3c6473c11eec78bb7a7c2490bd7867a,3821349
DS01_IN_blotch_(10).jpg,Dataset_01_Clean,blotch_(10).jpg,turmeric_datasets\dataset_01\original\Blotch\blotch_(10).jpg,turmeric_leaf,1,Blotch,internal_test,positive_internal_test_turmeric_leaf,863bc3d18b2f848b5d432077162aed19,3595267
DS01_IN_blotch_(15).jpg,Dataset_01_Clean,blotch_(15).jpg,turmeric_datasets\dataset_01\original\Blotch\blotch_(15).jpg,turmeric_leaf,1,Blotch,internal_test,positive_internal_test_turmeric_leaf,6c4d8668d24f672dcc3779b70e6489c6,3696991
DS01_IN_blotch_(234).jpg,Dataset_01_Clean,blotch_(234).jpg,turmeric_datasets\dataset_01\original\Blotch\blotch_(234).jpg,turmeric_leaf,1,Blotch,internal_test,positive_internal_test_turmeric_leaf,24eed14772c2eb833e0e90dddd55a3a6,3691609
DS01_TR_healthy_(100).jpg,Dataset_01_Clean,healthy_(100).jpg,turmeric_datasets\dataset_01\original\Healthy_Leaf\healthy_(100).jpg,turmeric_leaf,1,Healthy_Leaf,train,positive_train_turmeric_leaf,12cecf76970b31112d09a066d66423fd,3773712
DS01_TR_healthy_(12).jpg,Dataset_01_Clean,healthy_(12).jpg,turmeric_datasets\dataset_01\original\Healthy_Leaf\healthy_(12).jpg,turmeric_leaf,1,Healthy_Leaf,train,positive_train_turmeric_leaf,5562c8ab82364da4a8d8b7c9de2ea73e,3980302
DS01_TR_healthy_(52).jpg,Dataset_01_Clean,healthy_(52).jpg,turmeric_datasets\dataset_01\original\Healthy_Leaf\healthy_(52).jpg,turmeric_leaf,1,Healthy_Leaf,train,positive_train_turmeric_leaf,b7e8e91cdcccce736f54a529eb3c0048,4260191
DS01_TR_healthy_(10).jpg,Dataset_01_Clean,healthy_(10).jpg,turmeric_datasets\dataset_01\original\Healthy_Leaf\healthy_(10).jpg,turmeric_leaf,1,Healthy_Leaf,train,positive_train_turmeric_leaf,6eea3ef26520289f9f79245ae7a4ac7a,3904832
DS01_TR_healthy_(113).jpg,Dataset_01_Clean,healthy_(113).jpg,turmeric_datasets\dataset_01\original\Healthy_Leaf\healthy_(113).jpg,turmeric_leaf,1,Healthy_Leaf,train,positive_train_turmeric_leaf,7cec02c07b2dc3b3ea66f04817ceb74a,4684368
DS01_TR_healthy_(79).jpg,Dataset_01_Clean,healthy_(79).jpg,turmeric_datasets\dataset_01\original\Healthy_Leaf\healthy_(79).jpg,turmeric_leaf,1,Healthy_Leaf,train,positive_train_turmeric_leaf,133414172d3e94fc049dbbb6fe0da5d7,4292064
DS01_TR_healthy_(108).jpg,Dataset_01_Clean,healthy_(108).jpg,turmeric_datasets\dataset_01\original\Healthy_Leaf\healthy_(108).jpg,turmeric_leaf,1,Healthy_Leaf,train,positive_train_turmeric_leaf,f119dd74dc206c41addd72254f6a7e80,3942434
DS01_TR_healthy_(140).jpg,Dataset_01_Clean,healthy_(140).jpg,turmeric_datasets\dataset_01\original\Healthy_Leaf\healthy_(140).jpg,turmeric_leaf,1,Healthy_Leaf,train,positive_train_turmeric_leaf,9127594582de355ba4b14e69a446af3a,4741925
DS01_TR_healthy_(116).jpg,Dataset_01_Clean,healthy_(116).jpg,turmeric_datasets\dataset_01\original\Healthy_Leaf\healthy_(116).jpg,turmeric_leaf,1,Healthy_Leaf,train,positive_train_turmeric_leaf,b89848aeeb9593406696e3ae9edf744a,4069735
DS01_TR_healthy_(88).jpg,Dataset_01_Clean,healthy_(88).jpg,turmeric_datasets\dataset_01\original\Healthy_Leaf\healthy_(88).jpg,turmeric_leaf,1,Healthy_Leaf,train,positive_train_turmeric_leaf,28f500f98fa9e03592f496d040d52d46,4449006
DS01_TR_healthy_(22).jpg,Dataset_01_Clean,healthy_(22).jpg,turmeric_datasets\dataset_01\original\Healthy_Leaf\healthy_(22).jpg,turmeric_leaf,1,Healthy_Leaf,train,positive_train_turmeric_leaf,60700b180765924b4fdf00ab7d80b72e,3974083
DS01_TR_healthy_(28).jpg,Dataset_01_Clean,healthy_(28).jpg,turmeric_datasets\dataset_01\original\Healthy_Leaf\healthy_(28).jpg,turmeric_leaf,1,Healthy_Leaf,train,positive_train_turmeric_leaf,aadac452ae5acd4bff197240ce7c9331,3996599
DS01_TR_healthy_(202).jpg,Dataset_01_Clean,healthy_(202).jpg,turmeric_datasets\dataset_01\original\Healthy_Leaf\healthy_(202).jpg,turmeric_leaf,1,Healthy_Leaf,train,positive_train_turmeric_leaf,dc9ef7bf4b021e6f57672a26e4ed1d0f,3801487
DS01_TR_healthy_(39).jpg,Dataset_01_Clean,healthy_(39).jpg,turmeric_datasets\dataset_01\original\Healthy_Leaf\healthy_(39).jpg,turmeric_leaf,1,Healthy_Leaf,train,positive_train_turmeric_leaf,d695252f83d2a59c4ec61d2fe0df9606,3880546
DS01_TR_healthy_(212).jpg,Dataset_01_Clean,healthy_(212).jpg,turmeric_datasets\dataset_01\original\Healthy_Leaf\healthy_(212).jpg,turmeric_leaf,1,Healthy_Leaf,train,positive_train_turmeric_leaf,38a728e66aa78d564f173e22f276f874,3710895
DS01_TR_healthy_(75).jpg,Dataset_01_Clean,healthy_(75).jpg,turmeric_datasets\dataset_01\original\Healthy_Leaf\healthy_(75).jpg,turmeric_leaf,1,Healthy_Leaf,train,positive_train_turmeric_leaf,c15a7a08c035bf4a71b1d3250d8f7060,4897895
DS01_TR_healthy_(185).jpg,Dataset_01_Clean,healthy_(185).jpg,turmeric_datasets\dataset_01\original\Healthy_Leaf\healthy_(185).jpg,turmeric_leaf,1,Healthy_Leaf,train,positive_train_turmeric_leaf,5465b0ee85e5a94622f96318e257e6b8,3559643
DS01_TR_healthy_(20).jpg,Dataset_01_Clean,healthy_(20).jpg,turmeric_datasets\dataset_01\original\Healthy_Leaf\healthy_(20).jpg,turmeric_leaf,1,Healthy_Leaf,train,positive_train_turmeric_leaf,55e733e6c58d7f87b77524281647cd47,3829662
DS01_TR_healthy_(136).jpg,Dataset_01_Clean,healthy_(136).jpg,turmeric_datasets\dataset_01\original\Healthy_Leaf\healthy_(136).jpg,turmeric_leaf,1,Healthy_Leaf,train,positive_train_turmeric_leaf,15a2043903fa23b9c5a88a2ce41bbfc6,3871907
DS01_TR_healthy_(97).jpg,Dataset_01_Clean,healthy_(97).jpg,turmeric_datasets\dataset_01\original\Healthy_Leaf\healthy_(97).jpg,turmeric_leaf,1,Healthy_Leaf,train,positive_train_turmeric_leaf,350c1f0b1b27313195b4622957dbaa19,3863392
DS01_TR_healthy_(69).jpg,Dataset_01_Clean,healthy_(69).jpg,turmeric_datasets\dataset_01\original\Healthy_Leaf\healthy_(69).jpg,turmeric_leaf,1,Healthy_Leaf,train,positive_train_turmeric_leaf,ee85a46f7877d69fc1a72ba5a76262a3,3949492
DS01_TR_healthy_(184).jpg,Dataset_01_Clean,healthy_(184).jpg,turmeric_datasets\dataset_01\original\Healthy_Leaf\healthy_(184).jpg,turmeric_leaf,1,Healthy_Leaf,train,positive_train_turmeric_leaf,7e434f25c87cdd930f0591214d678fc3,3625494
DS01_TR_healthy_(149).jpg,Dataset_01_Clean,healthy_(149).jpg,turmeric_datasets\dataset_01\original\Healthy_Leaf\healthy_(149).jpg,turmeric_leaf,1,Healthy_Leaf,train,positive_train_turmeric_leaf,4f9e39b2aeed79fb7555abaa3084b119,4319971
DS01_TR_healthy_(94).jpg,Dataset_01_Clean,healthy_(94).jpg,turmeric_datasets\dataset_01\original\Healthy_Leaf\healthy_(94).jpg,turmeric_leaf,1,Healthy_Leaf,train,positive_train_turmeric_leaf,c1af12b471e2b0ef18cb2c30fc4e9b1f,4406942
DS01_TR_healthy_(36).jpg,Dataset_01_Clean,healthy_(36).jpg,turmeric_datasets\dataset_01\original\Healthy_Leaf\healthy_(36).jpg,turmeric_leaf,1,Healthy_Leaf,train,positive_train_turmeric_leaf,58e1e84289c2fffbe4612e356f8983b2,3990335
DS01_TR_healthy_(176).jpg,Dataset_01_Clean,healthy_(176).jpg,turmeric_datasets\dataset_01\original\Healthy_Leaf\healthy_(176).jpg,turmeric_leaf,1,Healthy_Leaf,train,positive_train_turmeric_leaf,d53ec7170fd0dcb36ec784856941e7bf,3740305
DS01_TR_healthy_(146).jpg,Dataset_01_Clean,healthy_(146).jpg,turmeric_datasets\dataset_01\original\Healthy_Leaf\healthy_(146).jpg,turmeric_leaf,1,Healthy_Leaf,train,positive_train_turmeric_leaf,bb2adb3ef5252a4b3b11e0540637ebe6,4705625
DS01_TR_healthy_(45).jpg,Dataset_01_Clean,healthy_(45).jpg,turmeric_datasets\dataset_01\original\Healthy_Leaf\healthy_(45).jpg,turmeric_leaf,1,Healthy_Leaf,train,positive_train_turmeric_leaf,c028b6e48c3b9c711b9a9db8e72c0df4,3987855
DS01_TR_healthy_(11).jpg,Dataset_01_Clean,healthy_(11).jpg,turmeric_datasets\dataset_01\original\Healthy_Leaf\healthy_(11).jpg,turmeric_leaf,1,Healthy_Leaf,train,positive_train_turmeric_leaf,6f7778af9d586bb95838397977647caa,4009848
DS01_TR_healthy_(46).jpg,Dataset_01_Clean,healthy_(46).jpg,turmeric_datasets\dataset_01\original\Healthy_Leaf\healthy_(46).jpg,turmeric_leaf,1,Healthy_Leaf,train,positive_train_turmeric_leaf,72100d6bc995f767448775f554eaac60,4217704
DS01_TR_healthy_(71).jpg,Dataset_01_Clean,healthy_(71).jpg,turmeric_datasets\dataset_01\original\Healthy_Leaf\healthy_(71).jpg,turmeric_leaf,1,Healthy_Leaf,train,positive_train_turmeric_leaf,109cc8e869b58bb5e824de7ed5aa1d91,4689987
DS01_TR_healthy_(195).jpg,Dataset_01_Clean,healthy_(195).jpg,turmeric_datasets\dataset_01\original\Healthy_Leaf\healthy_(195).jpg,turmeric_leaf,1,Healthy_Leaf,train,positive_train_turmeric_leaf,ebce32c4368142de33860d23cff315e1,3564141
DS01_TR_healthy_(29).jpg,Dataset_01_Clean,healthy_(29).jpg,turmeric_datasets\dataset_01\original\Healthy_Leaf\healthy_(29).jpg,turmeric_leaf,1,Healthy_Leaf,train,positive_train_turmeric_leaf,7865f44d221cd87d05cf5554fdfd136b,3900699
DS01_TR_healthy_(132).jpg,Dataset_01_Clean,healthy_(132).jpg,turmeric_datasets\dataset_01\original\Healthy_Leaf\healthy_(132).jpg,turmeric_leaf,1,Healthy_Leaf,train,positive_train_turmeric_leaf,8eab712f6096eb86ebd2be09ddea0135,4129647
DS01_TR_healthy_(61).jpg,Dataset_01_Clean,healthy_(61).jpg,turmeric_datasets\dataset_01\original\Healthy_Leaf\healthy_(61).jpg,turmeric_leaf,1,Healthy_Leaf,train,positive_train_turmeric_leaf,d82ac5106d77906a7e5d3aa3677f87e2,4012875
DS01_TR_healthy_(141).jpg,Dataset_01_Clean,healthy_(141).jpg,turmeric_datasets\dataset_01\original\Healthy_Leaf\healthy_(141).jpg,turmeric_leaf,1,Healthy_Leaf,train,positive_train_turmeric_leaf,e89f25549a15128eaa4cbb89034aeab1,4050786
DS01_TR_healthy_(154).jpg,Dataset_01_Clean,healthy_(154).jpg,turmeric_datasets\dataset_01\original\Healthy_Leaf\healthy_(154).jpg,turmeric_leaf,1,Healthy_Leaf,train,positive_train_turmeric_leaf,b0e6bcfeba95569f10616666e9dd9d57,4385512
DS01_TR_healthy_(133).jpg,Dataset_01_Clean,healthy_(133).jpg,turmeric_datasets\dataset_01\original\Healthy_Leaf\healthy_(133).jpg,turmeric_leaf,1,Healthy_Leaf,train,positive_train_turmeric_leaf,90ba1e95714223e8bc13ae3485234b06,4576105
DS01_TR_healthy_(122).jpg,Dataset_01_Clean,healthy_(122).jpg,turmeric_datasets\dataset_01\original\Healthy_Leaf\healthy_(122).jpg,turmeric_leaf,1,Healthy_Leaf,train,positive_train_turmeric_leaf,7907e539dfb874363f129078d2eb8a36,3894699
DS01_TR_healthy_(162).jpg,Dataset_01_Clean,healthy_(162).jpg,turmeric_datasets\dataset_01\original\Healthy_Leaf\healthy_(162).jpg,turmeric_leaf,1,Healthy_Leaf,train,positive_train_turmeric_leaf,9a62dfe33875b0113a0f37410f888643,4443378
DS01_TR_healthy_(180).jpg,Dataset_01_Clean,healthy_(180).jpg,turmeric_datasets\dataset_01\original\Healthy_Leaf\healthy_(180).jpg,turmeric_leaf,1,Healthy_Leaf,train,positive_train_turmeric_leaf,81b29e02d879ee6ac74c261fff052b29,3664080
DS01_TR_healthy_(35).jpg,Dataset_01_Clean,healthy_(35).jpg,turmeric_datasets\dataset_01\original\Healthy_Leaf\healthy_(35).jpg,turmeric_leaf,1,Healthy_Leaf,train,positive_train_turmeric_leaf,625e18917fa75502992ce5a3423f4326,4039518
DS01_TR_healthy_(189).jpg,Dataset_01_Clean,healthy_(189).jpg,turmeric_datasets\dataset_01\original\Healthy_Leaf\healthy_(189).jpg,turmeric_leaf,1,Healthy_Leaf,train,positive_train_turmeric_leaf,cdead4d03c5b5b172cc69fb435152f88,3771144
DS01_TR_healthy_(111).jpg,Dataset_01_Clean,healthy_(111).jpg,turmeric_datasets\dataset_01\original\Healthy_Leaf\healthy_(111).jpg,turmeric_leaf,1,Healthy_Leaf,train,positive_train_turmeric_leaf,2b7ec0d92b3c7e51ac236f912e0d6bb7,4119847
DS01_TR_healthy_(54).jpg,Dataset_01_Clean,healthy_(54).jpg,turmeric_datasets\dataset_01\original\Healthy_Leaf\healthy_(54).jpg,turmeric_leaf,1,Healthy_Leaf,train,positive_train_turmeric_leaf,582e22f11f7c90f2461eb6924053074e,4388023
DS01_TR_healthy_(106).jpg,Dataset_01_Clean,healthy_(106).jpg,turmeric_datasets\dataset_01\original\Healthy_Leaf\healthy_(106).jpg,turmeric_leaf,1,Healthy_Leaf,train,positive_train_turmeric_leaf,d4cc8c001ea2f79adfa6409c6b9006be,4558706
DS01_TR_healthy_(198).jpg,Dataset_01_Clean,healthy_(198).jpg,turmeric_datasets\dataset_01\original\Healthy_Leaf\healthy_(198).jpg,turmeric_leaf,1,Healthy_Leaf,train,positive_train_turmeric_leaf,b98f72e59196b17766c2abe7ffa26f44,3739912
DS01_TR_healthy_(13).jpg,Dataset_01_Clean,healthy_(13).jpg,turmeric_datasets\dataset_01\original\Healthy_Leaf\healthy_(13).jpg,turmeric_leaf,1,Healthy_Leaf,train,positive_train_turmeric_leaf,6575dad9efa15a4887db8246cb20279e,4037228
DS01_TR_healthy_(160).jpg,Dataset_01_Clean,healthy_(160).jpg,turmeric_datasets\dataset_01\original\Healthy_Leaf\healthy_(160).jpg,turmeric_leaf,1,Healthy_Leaf,train,positive_train_turmeric_leaf,23f1d3950607c34de796b1cf65996133,4457425
DS01_TR_healthy_(213).jpg,Dataset_01_Clean,healthy_(213).jpg,turmeric_datasets\dataset_01\original\Healthy_Leaf\healthy_(213).jpg,turmeric_leaf,1,Healthy_Leaf,train,positive_train_turmeric_leaf,cdb072f0b83a914dac37ed231b4b88b4,3611965
DS01_TR_healthy_(164).jpg,Dataset_01_Clean,healthy_(164).jpg,turmeric_datasets\dataset_01\original\Healthy_Leaf\healthy_(164).jpg,turmeric_leaf,1,Healthy_Leaf,train,positive_train_turmeric_leaf,e24148da48cc05ef81d3a293881215b4,4544294
DS01_TR_healthy_(210).jpg,Dataset_01_Clean,healthy_(210).jpg,turmeric_datasets\dataset_01\original\Healthy_Leaf\healthy_(210).jpg,turmeric_leaf,1,Healthy_Leaf,train,positive_train_turmeric_leaf,73bd03d5b2b00033a4226a683b39b4b6,3546646
DS01_TR_healthy_(182).jpg,Dataset_01_Clean,healthy_(182).jpg,turmeric_datasets\dataset_01\original\Healthy_Leaf\healthy_(182).jpg,turmeric_leaf,1,Healthy_Leaf,train,positive_train_turmeric_leaf,e867772faaf0a308949b7d4e17678bde,3657244
DS01_TR_healthy_(72).jpg,Dataset_01_Clean,healthy_(72).jpg,turmeric_datasets\dataset_01\original\Healthy_Leaf\healthy_(72).jpg,turmeric_leaf,1,Healthy_Leaf,train,positive_train_turmeric_leaf,1a8e3fd15b6819081036c20337449c4a,4667046
DS01_TR_healthy_(102).jpg,Dataset_01_Clean,healthy_(102).jpg,turmeric_datasets\dataset_01\original\Healthy_Leaf\healthy_(102).jpg,turmeric_leaf,1,Healthy_Leaf,train,positive_train_turmeric_leaf,14bd95f402ebb4068b939f6ea88ed659,4518431
DS01_TR_healthy_(203).jpg,Dataset_01_Clean,healthy_(203).jpg,turmeric_datasets\dataset_01\original\Healthy_Leaf\healthy_(203).jpg,turmeric_leaf,1,Healthy_Leaf,train,positive_train_turmeric_leaf,a6a25e2349eedec798bfec72d65c14a7,3717567
DS01_TR_healthy_(31).jpg,Dataset_01_Clean,healthy_(31).jpg,turmeric_datasets\dataset_01\original\Healthy_Leaf\healthy_(31).jpg,turmeric_leaf,1,Healthy_Leaf,train,positive_train_turmeric_leaf,49ec4972c2f7624502f1604c816e39d1,3911422
DS01_TR_healthy_(209).jpg,Dataset_01_Clean,healthy_(209).jpg,turmeric_datasets\dataset_01\original\Healthy_Leaf\healthy_(209).jpg,turmeric_leaf,1,Healthy_Leaf,train,positive_train_turmeric_leaf,b70b0e249d873327a37c37b79493c18d,3676395
DS01_TR_healthy_(19).jpg,Dataset_01_Clean,healthy_(19).jpg,turmeric_datasets\dataset_01\original\Healthy_Leaf\healthy_(19).jpg,turmeric_leaf,1,Healthy_Leaf,train,positive_train_turmeric_leaf,40a65cf8a8f9d6f60b6acc1d40081a2f,4029297
DS01_TR_healthy_(166).jpg,Dataset_01_Clean,healthy_(166).jpg,turmeric_datasets\dataset_01\original\Healthy_Leaf\healthy_(166).jpg,turmeric_leaf,1,Healthy_Leaf,train,positive_train_turmeric_leaf,337fd8085715ae73263bc693fa685049,4251875
DS01_TR_healthy_(211).jpg,Dataset_01_Clean,healthy_(211).jpg,turmeric_datasets\dataset_01\original\Healthy_Leaf\healthy_(211).jpg,turmeric_leaf,1,Healthy_Leaf,train,positive_train_turmeric_leaf,f8175493b6305872797b63e3ca53a5df,3570763
DS01_TR_healthy_(155).jpg,Dataset_01_Clean,healthy_(155).jpg,turmeric_datasets\dataset_01\original\Healthy_Leaf\healthy_(155).jpg,turmeric_leaf,1,Healthy_Leaf,train,positive_train_turmeric_leaf,32d7bcf3e9f31f14cef90450b657180b,3860147
DS01_TR_healthy_(205).jpg,Dataset_01_Clean,healthy_(205).jpg,turmeric_datasets\dataset_01\original\Healthy_Leaf\healthy_(205).jpg,turmeric_leaf,1,Healthy_Leaf,train,positive_train_turmeric_leaf,7c67bc0710743e5561178b3d4413e902,3223869
DS01_TR_healthy_(130).jpg,Dataset_01_Clean,healthy_(130).jpg,turmeric_datasets\dataset_01\original\Healthy_Leaf\healthy_(130).jpg,turmeric_leaf,1,Healthy_Leaf,train,positive_train_turmeric_leaf,271e4958578ff20bfc31af0c33302693,4121027
DS01_TR_healthy_(190).jpg,Dataset_01_Clean,healthy_(190).jpg,turmeric_datasets\dataset_01\original\Healthy_Leaf\healthy_(190).jpg,turmeric_leaf,1,Healthy_Leaf,train,positive_train_turmeric_leaf,aa643c54bb2fd86a4e5726a8dfa64b99,3579302
DS01_TR_healthy_(129).jpg,Dataset_01_Clean,healthy_(129).jpg,turmeric_datasets\dataset_01\original\Healthy_Leaf\healthy_(129).jpg,turmeric_leaf,1,Healthy_Leaf,train,positive_train_turmeric_leaf,072dea6a59b9ebbb518e677714519817,4193835
DS01_TR_healthy_(161).jpg,Dataset_01_Clean,healthy_(161).jpg,turmeric_datasets\dataset_01\original\Healthy_Leaf\healthy_(161).jpg,turmeric_leaf,1,Healthy_Leaf,train,positive_train_turmeric_leaf,f8e9b13a3e87ca6495651ddbe9a0149f,4406474
DS01_TR_healthy_(37).jpg,Dataset_01_Clean,healthy_(37).jpg,turmeric_datasets\dataset_01\original\Healthy_Leaf\healthy_(37).jpg,turmeric_leaf,1,Healthy_Leaf,train,positive_train_turmeric_leaf,d8a5bb4986908f7f1c8636736fbcd730,3897092
DS01_TR_healthy_(117).jpg,Dataset_01_Clean,healthy_(117).jpg,turmeric_datasets\dataset_01\original\Healthy_Leaf\healthy_(117).jpg,turmeric_leaf,1,Healthy_Leaf,train,positive_train_turmeric_leaf,467f12f2a429c805bb16642d5cfdd6ff,3813694
DS01_TR_healthy_(9).jpg,Dataset_01_Clean,healthy_(9).jpg,turmeric_datasets\dataset_01\original\Healthy_Leaf\healthy_(9).jpg,turmeric_leaf,1,Healthy_Leaf,train,positive_train_turmeric_leaf,39ea38bf436a528b9114bc56e02a836f,4013632
DS01_TR_healthy_(178).jpg,Dataset_01_Clean,healthy_(178).jpg,turmeric_datasets\dataset_01\original\Healthy_Leaf\healthy_(178).jpg,turmeric_leaf,1,Healthy_Leaf,train,positive_train_turmeric_leaf,f040a674d5c4c917b40f21ade9235bf0,3655892
DS01_TR_healthy_(157).jpg,Dataset_01_Clean,healthy_(157).jpg,turmeric_datasets\dataset_01\original\Healthy_Leaf\healthy_(157).jpg,turmeric_leaf,1,Healthy_Leaf,train,positive_train_turmeric_leaf,af2f3a3f89a13b46e26e166d37951f63,4531072
DS01_TR_healthy_(96).jpg,Dataset_01_Clean,healthy_(96).jpg,turmeric_datasets\dataset_01\original\Healthy_Leaf\healthy_(96).jpg,turmeric_leaf,1,Healthy_Leaf,train,positive_train_turmeric_leaf,28d09659ce6565d5c6d8f0a525e26fbb,3933026
DS01_TR_healthy_(135).jpg,Dataset_01_Clean,healthy_(135).jpg,turmeric_datasets\dataset_01\original\Healthy_Leaf\healthy_(135).jpg,turmeric_leaf,1,Healthy_Leaf,train,positive_train_turmeric_leaf,05c01bb84694cc1f1afeb99483a7b0c0,4185675
DS01_TR_healthy_(21).jpg,Dataset_01_Clean,healthy_(21).jpg,turmeric_datasets\dataset_01\original\Healthy_Leaf\healthy_(21).jpg,turmeric_leaf,1,Healthy_Leaf,train,positive_train_turmeric_leaf,6e7cd635911272b08ca03e65d5e16cb8,3983274
DS01_TR_healthy_(70).jpg,Dataset_01_Clean,healthy_(70).jpg,turmeric_datasets\dataset_01\original\Healthy_Leaf\healthy_(70).jpg,turmeric_leaf,1,Healthy_Leaf,train,positive_train_turmeric_leaf,5f482eb6e29502471cb8116943d029e5,4116713
DS01_TR_healthy_(194).jpg,Dataset_01_Clean,healthy_(194).jpg,turmeric_datasets\dataset_01\original\Healthy_Leaf\healthy_(194).jpg,turmeric_leaf,1,Healthy_Leaf,train,positive_train_turmeric_leaf,980620b3bf222c1ab6c655a9be648e49,3755195
DS01_TR_healthy_(5).jpg,Dataset_01_Clean,healthy_(5).jpg,turmeric_datasets\dataset_01\original\Healthy_Leaf\healthy_(5).jpg,turmeric_leaf,1,Healthy_Leaf,train,positive_train_turmeric_leaf,1dd93a65d98a07a459c50a10667bf28e,4048216
DS01_TR_healthy_(25).jpg,Dataset_01_Clean,healthy_(25).jpg,turmeric_datasets\dataset_01\original\Healthy_Leaf\healthy_(25).jpg,turmeric_leaf,1,Healthy_Leaf,train,positive_train_turmeric_leaf,f579d37a63d5653f0a05af3ba914243e,4022934
DS01_TR_healthy_(112).jpg,Dataset_01_Clean,healthy_(112).jpg,turmeric_datasets\dataset_01\original\Healthy_Leaf\healthy_(112).jpg,turmeric_leaf,1,Healthy_Leaf,train,positive_train_turmeric_leaf,7551606532e46aaf9d1293c1877a3c41,4250694
DS01_TR_healthy_(51).jpg,Dataset_01_Clean,healthy_(51).jpg,turmeric_datasets\dataset_01\original\Healthy_Leaf\healthy_(51).jpg,turmeric_leaf,1,Healthy_Leaf,train,positive_train_turmeric_leaf,a54321d851fcdf85a164f7fe42a67508,4350727
DS01_TR_healthy_(82).jpg,Dataset_01_Clean,healthy_(82).jpg,turmeric_datasets\dataset_01\original\Healthy_Leaf\healthy_(82).jpg,turmeric_leaf,1,Healthy_Leaf,train,positive_train_turmeric_leaf,ecbd64b50de6e629506521b43f01892e,4120708
DS01_TR_healthy_(89).jpg,Dataset_01_Clean,healthy_(89).jpg,turmeric_datasets\dataset_01\original\Healthy_Leaf\healthy_(89).jpg,turmeric_leaf,1,Healthy_Leaf,train,positive_train_turmeric_leaf,b00d786f92507cce36b4157d940cbddf,4347772
DS01_TR_healthy_(152).jpg,Dataset_01_Clean,healthy_(152).jpg,turmeric_datasets\dataset_01\original\Healthy_Leaf\healthy_(152).jpg,turmeric_leaf,1,Healthy_Leaf,train,positive_train_turmeric_leaf,dc25e5c2d998adad0dcaa38a95a60257,4525120
DS01_TR_healthy_(73).jpg,Dataset_01_Clean,healthy_(73).jpg,turmeric_datasets\dataset_01\original\Healthy_Leaf\healthy_(73).jpg,turmeric_leaf,1,Healthy_Leaf,train,positive_train_turmeric_leaf,18cd9aa3457d2cd287311776baf2699c,4620179
DS01_TR_healthy_(119).jpg,Dataset_01_Clean,healthy_(119).jpg,turmeric_datasets\dataset_01\original\Healthy_Leaf\healthy_(119).jpg,turmeric_leaf,1,Healthy_Leaf,train,positive_train_turmeric_leaf,4af9d6bf1b17c86066694e5f45e94844,3946391
DS01_TR_healthy_(201).jpg,Dataset_01_Clean,healthy_(201).jpg,turmeric_datasets\dataset_01\original\Healthy_Leaf\healthy_(201).jpg,turmeric_leaf,1,Healthy_Leaf,train,positive_train_turmeric_leaf,4f61d751825ccc2c8536152c1346d82b,3677128
DS01_TR_healthy_(62).jpg,Dataset_01_Clean,healthy_(62).jpg,turmeric_datasets\dataset_01\original\Healthy_Leaf\healthy_(62).jpg,turmeric_leaf,1,Healthy_Leaf,train,positive_train_turmeric_leaf,9f092d21bbd42368582af5b4563d964e,4517010
DS01_TR_healthy_(110).jpg,Dataset_01_Clean,healthy_(110).jpg,turmeric_datasets\dataset_01\original\Healthy_Leaf\healthy_(110).jpg,turmeric_leaf,1,Healthy_Leaf,train,positive_train_turmeric_leaf,1424052bf42dd424320aca9083207351,4772552
DS01_TR_healthy_(32).jpg,Dataset_01_Clean,healthy_(32).jpg,turmeric_datasets\dataset_01\original\Healthy_Leaf\healthy_(32).jpg,turmeric_leaf,1,Healthy_Leaf,train,positive_train_turmeric_leaf,8bd5e1d59d55c66dc35103b7216dbde8,4026024
DS01_TR_healthy_(66).jpg,Dataset_01_Clean,healthy_(66).jpg,turmeric_datasets\dataset_01\original\Healthy_Leaf\healthy_(66).jpg,turmeric_leaf,1,Healthy_Leaf,train,positive_train_turmeric_leaf,99c0f0add9e5b184a87a2f74c1f72aa3,4024843
DS01_TR_healthy_(42).jpg,Dataset_01_Clean,healthy_(42).jpg,turmeric_datasets\dataset_01\original\Healthy_Leaf\healthy_(42).jpg,turmeric_leaf,1,Healthy_Leaf,train,positive_train_turmeric_leaf,dcee123e842f31d55dc92a10f3d94156,4036884
DS01_TR_healthy_(56).jpg,Dataset_01_Clean,healthy_(56).jpg,turmeric_datasets\dataset_01\original\Healthy_Leaf\healthy_(56).jpg,turmeric_leaf,1,Healthy_Leaf,train,positive_train_turmeric_leaf,1e4ccc698643f6cc07fbc482878806b2,4388634
DS01_TR_healthy_(197).jpg,Dataset_01_Clean,healthy_(197).jpg,turmeric_datasets\dataset_01\original\Healthy_Leaf\healthy_(197).jpg,turmeric_leaf,1,Healthy_Leaf,train,positive_train_turmeric_leaf,37b5cf301667eace80c2dee3c5104306,3760928
DS01_TR_healthy_(95).jpg,Dataset_01_Clean,healthy_(95).jpg,turmeric_datasets\dataset_01\original\Healthy_Leaf\healthy_(95).jpg,turmeric_leaf,1,Healthy_Leaf,train,positive_train_turmeric_leaf,0a57e717c5962367580e78e52ab54c0e,4763786
DS01_TR_healthy_(156).jpg,Dataset_01_Clean,healthy_(156).jpg,turmeric_datasets\dataset_01\original\Healthy_Leaf\healthy_(156).jpg,turmeric_leaf,1,Healthy_Leaf,train,positive_train_turmeric_leaf,94fc88f07824d072f2a6f4fdd3e4e442,4404510
DS01_TR_healthy_(38).jpg,Dataset_01_Clean,healthy_(38).jpg,turmeric_datasets\dataset_01\original\Healthy_Leaf\healthy_(38).jpg,turmeric_leaf,1,Healthy_Leaf,train,positive_train_turmeric_leaf,2875559fcd92244f2c14f5e5bf83e320,4071265
DS01_TR_healthy_(81).jpg,Dataset_01_Clean,healthy_(81).jpg,turmeric_datasets\dataset_01\original\Healthy_Leaf\healthy_(81).jpg,turmeric_leaf,1,Healthy_Leaf,train,positive_train_turmeric_leaf,8f9ad372ed70f94644fb29c540d6f9b7,4098245
DS01_TR_healthy_(181).jpg,Dataset_01_Clean,healthy_(181).jpg,turmeric_datasets\dataset_01\original\Healthy_Leaf\healthy_(181).jpg,turmeric_leaf,1,Healthy_Leaf,train,positive_train_turmeric_leaf,342607fbdb67a912bb460ecd061f3ca0,3730472
DS01_TR_healthy_(120).jpg,Dataset_01_Clean,healthy_(120).jpg,turmeric_datasets\dataset_01\original\Healthy_Leaf\healthy_(120).jpg,turmeric_leaf,1,Healthy_Leaf,train,positive_train_turmeric_leaf,55797fe95971e7fbb326b854fac56d6e,3933344
DS01_TR_healthy_(53).jpg,Dataset_01_Clean,healthy_(53).jpg,turmeric_datasets\dataset_01\original\Healthy_Leaf\healthy_(53).jpg,turmeric_leaf,1,Healthy_Leaf,train,positive_train_turmeric_leaf,0fb7bcb90c80efcbc70e9b7a4575fce1,4279179
DS01_TR_healthy_(48).jpg,Dataset_01_Clean,healthy_(48).jpg,turmeric_datasets\dataset_01\original\Healthy_Leaf\healthy_(48).jpg,turmeric_leaf,1,Healthy_Leaf,train,positive_train_turmeric_leaf,0a580d63d68a485bdf404b4fb87fdcf8,4867271
DS01_TR_healthy_(3).jpg,Dataset_01_Clean,healthy_(3).jpg,turmeric_datasets\dataset_01\original\Healthy_Leaf\healthy_(3).jpg,turmeric_leaf,1,Healthy_Leaf,train,positive_train_turmeric_leaf,345d6356575088b6899f698b3b4ae3cd,4191551
DS01_TR_healthy_(91).jpg,Dataset_01_Clean,healthy_(91).jpg,turmeric_datasets\dataset_01\original\Healthy_Leaf\healthy_(91).jpg,turmeric_leaf,1,Healthy_Leaf,train,positive_train_turmeric_leaf,51f3838cc9667fef5999461fa14d5980,4555940
DS01_TR_healthy_(7).jpg,Dataset_01_Clean,healthy_(7).jpg,turmeric_datasets\dataset_01\original\Healthy_Leaf\healthy_(7).jpg,turmeric_leaf,1,Healthy_Leaf,train,positive_train_turmeric_leaf,30d651f413619eea9396e819531ebf41,3902306
DS01_TR_healthy_(60).jpg,Dataset_01_Clean,healthy_(60).jpg,turmeric_datasets\dataset_01\original\Healthy_Leaf\healthy_(60).jpg,turmeric_leaf,1,Healthy_Leaf,train,positive_train_turmeric_leaf,5b9587d0b9e6428e1e9fadec4fe3baba,4059213
DS01_TR_healthy_(92).jpg,Dataset_01_Clean,healthy_(92).jpg,turmeric_datasets\dataset_01\original\Healthy_Leaf\healthy_(92).jpg,turmeric_leaf,1,Healthy_Leaf,train,positive_train_turmeric_leaf,e178d06b031762e466498d9f822fe346,4635558
DS01_TR_healthy_(153).jpg,Dataset_01_Clean,healthy_(153).jpg,turmeric_datasets\dataset_01\original\Healthy_Leaf\healthy_(153).jpg,turmeric_leaf,1,Healthy_Leaf,train,positive_train_turmeric_leaf,9fa3f132293b3a8c5f00230fc8da165f,4296868
DS01_TR_healthy_(78).jpg,Dataset_01_Clean,healthy_(78).jpg,turmeric_datasets\dataset_01\original\Healthy_Leaf\healthy_(78).jpg,turmeric_leaf,1,Healthy_Leaf,train,positive_train_turmeric_leaf,3868459bb3f09050d56a3217a9fcc429,2928981
DS01_TR_healthy_(103).jpg,Dataset_01_Clean,healthy_(103).jpg,turmeric_datasets\dataset_01\original\Healthy_Leaf\healthy_(103).jpg,turmeric_leaf,1,Healthy_Leaf,train,positive_train_turmeric_leaf,50233e4d5b37d9690ba54c67654a8565,3825867
DS01_TR_healthy_(101).jpg,Dataset_01_Clean,healthy_(101).jpg,turmeric_datasets\dataset_01\original\Healthy_Leaf\healthy_(101).jpg,turmeric_leaf,1,Healthy_Leaf,train,positive_train_turmeric_leaf,68486c816f688d466f277eef38bca47c,3702157
DS01_TR_healthy_(115).jpg,Dataset_01_Clean,healthy_(115).jpg,turmeric_datasets\dataset_01\original\Healthy_Leaf\healthy_(115).jpg,turmeric_leaf,1,Healthy_Leaf,train,positive_train_turmeric_leaf,257e220b27c5acd694afee1e70ff8eab,4172805
DS01_TR_healthy_(121).jpg,Dataset_01_Clean,healthy_(121).jpg,turmeric_datasets\dataset_01\original\Healthy_Leaf\healthy_(121).jpg,turmeric_leaf,1,Healthy_Leaf,train,positive_train_turmeric_leaf,775eb19cd916639e4befe6094a9f5875,3870055
DS01_TR_healthy_(33).jpg,Dataset_01_Clean,healthy_(33).jpg,turmeric_datasets\dataset_01\original\Healthy_Leaf\healthy_(33).jpg,turmeric_leaf,1,Healthy_Leaf,train,positive_train_turmeric_leaf,d71b9e7668fb3ddfbafe9f581926ebc7,4095832
DS01_TR_healthy_(124).jpg,Dataset_01_Clean,healthy_(124).jpg,turmeric_datasets\dataset_01\original\Healthy_Leaf\healthy_(124).jpg,turmeric_leaf,1,Healthy_Leaf,train,positive_train_turmeric_leaf,ff5ba30cef978e811a344701013498a3,4510203
DS01_TR_healthy_(134).jpg,Dataset_01_Clean,healthy_(134).jpg,turmeric_datasets\dataset_01\original\Healthy_Leaf\healthy_(134).jpg,turmeric_leaf,1,Healthy_Leaf,train,positive_train_turmeric_leaf,148663f16439d92bd2f483a33dbe92d2,4638606
DS01_TR_healthy_(177).jpg,Dataset_01_Clean,healthy_(177).jpg,turmeric_datasets\dataset_01\original\Healthy_Leaf\healthy_(177).jpg,turmeric_leaf,1,Healthy_Leaf,train,positive_train_turmeric_leaf,36fb5e64b08e023e0a96104385f8f257,3791724
DS01_TR_healthy_(126).jpg,Dataset_01_Clean,healthy_(126).jpg,turmeric_datasets\dataset_01\original\Healthy_Leaf\healthy_(126).jpg,turmeric_leaf,1,Healthy_Leaf,train,positive_train_turmeric_leaf,4827967aee6566f8079bec5b1b3873cb,3930550
DS01_TR_healthy_(186).jpg,Dataset_01_Clean,healthy_(186).jpg,turmeric_datasets\dataset_01\original\Healthy_Leaf\healthy_(186).jpg,turmeric_leaf,1,Healthy_Leaf,train,positive_train_turmeric_leaf,75aab9383afe62553d95fe93a5704df2,3617315
DS01_TR_healthy_(43).jpg,Dataset_01_Clean,healthy_(43).jpg,turmeric_datasets\dataset_01\original\Healthy_Leaf\healthy_(43).jpg,turmeric_leaf,1,Healthy_Leaf,train,positive_train_turmeric_leaf,6eb42b5121ae81a645e7d80764d78b7c,4057253
DS01_TR_healthy_(57).jpg,Dataset_01_Clean,healthy_(57).jpg,turmeric_datasets\dataset_01\original\Healthy_Leaf\healthy_(57).jpg,turmeric_leaf,1,Healthy_Leaf,train,positive_train_turmeric_leaf,726f7342061f1a2f4d7851d07ba4d1ce,4391876
DS01_TR_healthy_(137).jpg,Dataset_01_Clean,healthy_(137).jpg,turmeric_datasets\dataset_01\original\Healthy_Leaf\healthy_(137).jpg,turmeric_leaf,1,Healthy_Leaf,train,positive_train_turmeric_leaf,8b5bcec96560aca1b83f3faf6968f2d6,4195626
DS01_TR_healthy_(68).jpg,Dataset_01_Clean,healthy_(68).jpg,turmeric_datasets\dataset_01\original\Healthy_Leaf\healthy_(68).jpg,turmeric_leaf,1,Healthy_Leaf,train,positive_train_turmeric_leaf,1e579034631f2ecd11e3ac485305bae4,4396626
DS01_TR_healthy_(172).jpg,Dataset_01_Clean,healthy_(172).jpg,turmeric_datasets\dataset_01\original\Healthy_Leaf\healthy_(172).jpg,turmeric_leaf,1,Healthy_Leaf,train,positive_train_turmeric_leaf,3caec91656a668ce062f1bc331baa3f4,4148958
DS01_TR_healthy_(49).jpg,Dataset_01_Clean,healthy_(49).jpg,turmeric_datasets\dataset_01\original\Healthy_Leaf\healthy_(49).jpg,turmeric_leaf,1,Healthy_Leaf,train,positive_train_turmeric_leaf,794b93bbdc096095bd547bab6a5763f8,4341825
DS01_TR_healthy_(58).jpg,Dataset_01_Clean,healthy_(58).jpg,turmeric_datasets\dataset_01\original\Healthy_Leaf\healthy_(58).jpg,turmeric_leaf,1,Healthy_Leaf,train,positive_train_turmeric_leaf,a4ab92886a3f03354be1d8083cd618c6,4094355
DS01_TR_healthy_(131).jpg,Dataset_01_Clean,healthy_(131).jpg,turmeric_datasets\dataset_01\original\Healthy_Leaf\healthy_(131).jpg,turmeric_leaf,1,Healthy_Leaf,train,positive_train_turmeric_leaf,538498343038f1a28023509486a9aa58,4114524
DS01_TR_healthy_(118).jpg,Dataset_01_Clean,healthy_(118).jpg,turmeric_datasets\dataset_01\original\Healthy_Leaf\healthy_(118).jpg,turmeric_leaf,1,Healthy_Leaf,train,positive_train_turmeric_leaf,50a546fe3ce6190181f02d550aabdec9,4024276
DS01_TR_healthy_(138).jpg,Dataset_01_Clean,healthy_(138).jpg,turmeric_datasets\dataset_01\original\Healthy_Leaf\healthy_(138).jpg,turmeric_leaf,1,Healthy_Leaf,train,positive_train_turmeric_leaf,233018f96cc37f73c7f8c1507fd760e8,4009455
DS01_TR_healthy_(208).jpg,Dataset_01_Clean,healthy_(208).jpg,turmeric_datasets\dataset_01\original\Healthy_Leaf\healthy_(208).jpg,turmeric_leaf,1,Healthy_Leaf,train,positive_train_turmeric_leaf,7ee4ce55d3d103b4159a250679b6f9d3,3738407
DS01_TR_healthy_(148).jpg,Dataset_01_Clean,healthy_(148).jpg,turmeric_datasets\dataset_01\original\Healthy_Leaf\healthy_(148).jpg,turmeric_leaf,1,Healthy_Leaf,train,positive_train_turmeric_leaf,10af4e65276dd84a73d134cee88666ab,4289307
DS01_TR_healthy_(26).jpg,Dataset_01_Clean,healthy_(26).jpg,turmeric_datasets\dataset_01\original\Healthy_Leaf\healthy_(26).jpg,turmeric_leaf,1,Healthy_Leaf,train,positive_train_turmeric_leaf,6faeb29070b8e95a92434de744c5dc2d,4041999
DS01_TR_healthy_(200).jpg,Dataset_01_Clean,healthy_(200).jpg,turmeric_datasets\dataset_01\original\Healthy_Leaf\healthy_(200).jpg,turmeric_leaf,1,Healthy_Leaf,train,positive_train_turmeric_leaf,685c6c3578fa70dca8863ae2a40b9338,3574123
DS01_TR_healthy_(206).jpg,Dataset_01_Clean,healthy_(206).jpg,turmeric_datasets\dataset_01\original\Healthy_Leaf\healthy_(206).jpg,turmeric_leaf,1,Healthy_Leaf,train,positive_train_turmeric_leaf,498765f3cf8c60315d53206cd2a0f658,3782951
DS01_TR_healthy_(173).jpg,Dataset_01_Clean,healthy_(173).jpg,turmeric_datasets\dataset_01\original\Healthy_Leaf\healthy_(173).jpg,turmeric_leaf,1,Healthy_Leaf,train,positive_train_turmeric_leaf,b72bf6aaa2bc35de0930cf696c10993f,3714555
DS01_TR_healthy_(50).jpg,Dataset_01_Clean,healthy_(50).jpg,turmeric_datasets\dataset_01\original\Healthy_Leaf\healthy_(50).jpg,turmeric_leaf,1,Healthy_Leaf,train,positive_train_turmeric_leaf,bcc9858273f5f49aeb96ec1798008a7d,4097361
DS01_TR_healthy_(147).jpg,Dataset_01_Clean,healthy_(147).jpg,turmeric_datasets\dataset_01\original\Healthy_Leaf\healthy_(147).jpg,turmeric_leaf,1,Healthy_Leaf,train,positive_train_turmeric_leaf,1e3851871517e47596dbbbd99f94e27f,4519455
DS01_TR_healthy_(165).jpg,Dataset_01_Clean,healthy_(165).jpg,turmeric_datasets\dataset_01\original\Healthy_Leaf\healthy_(165).jpg,turmeric_leaf,1,Healthy_Leaf,train,positive_train_turmeric_leaf,384d16418a7995dd6ff0444db99f2353,4059841
DS01_TR_healthy_(6).jpg,Dataset_01_Clean,healthy_(6).jpg,turmeric_datasets\dataset_01\original\Healthy_Leaf\healthy_(6).jpg,turmeric_leaf,1,Healthy_Leaf,train,positive_train_turmeric_leaf,e4e362ff6435440d24e2ccc15d7c755a,3905738
DS01_TR_healthy_(80).jpg,Dataset_01_Clean,healthy_(80).jpg,turmeric_datasets\dataset_01\original\Healthy_Leaf\healthy_(80).jpg,turmeric_leaf,1,Healthy_Leaf,train,positive_train_turmeric_leaf,8453c6466a9ce8aeae503e0f593da30e,4364269
DS01_TR_healthy_(41).jpg,Dataset_01_Clean,healthy_(41).jpg,turmeric_datasets\dataset_01\original\Healthy_Leaf\healthy_(41).jpg,turmeric_leaf,1,Healthy_Leaf,train,positive_train_turmeric_leaf,bf930baf53ded631ed242b2763bc081d,3962625
DS01_TR_healthy_(169).jpg,Dataset_01_Clean,healthy_(169).jpg,turmeric_datasets\dataset_01\original\Healthy_Leaf\healthy_(169).jpg,turmeric_leaf,1,Healthy_Leaf,train,positive_train_turmeric_leaf,211c20fe47fb2e76d732298951fa45f3,3967483
DS01_TR_healthy_(139).jpg,Dataset_01_Clean,healthy_(139).jpg,turmeric_datasets\dataset_01\original\Healthy_Leaf\healthy_(139).jpg,turmeric_leaf,1,Healthy_Leaf,train,positive_train_turmeric_leaf,190d40eece5bb4637d95a2ef05c5231e,4026785
DS01_TR_healthy_(99).jpg,Dataset_01_Clean,healthy_(99).jpg,turmeric_datasets\dataset_01\original\Healthy_Leaf\healthy_(99).jpg,turmeric_leaf,1,Healthy_Leaf,train,positive_train_turmeric_leaf,508820f9bc2a2af12bc268416b7fd7fe,3623708
DS01_TR_healthy_(196).jpg,Dataset_01_Clean,healthy_(196).jpg,turmeric_datasets\dataset_01\original\Healthy_Leaf\healthy_(196).jpg,turmeric_leaf,1,Healthy_Leaf,train,positive_train_turmeric_leaf,7ed3121ea3a3b12c1056ba8fb76596fe,3577274
DS01_TR_healthy_(87).jpg,Dataset_01_Clean,healthy_(87).jpg,turmeric_datasets\dataset_01\original\Healthy_Leaf\healthy_(87).jpg,turmeric_leaf,1,Healthy_Leaf,train,positive_train_turmeric_leaf,0c8a9c42791e3b0ea17a6a38886771c8,4423980
DS01_TR_healthy_(128).jpg,Dataset_01_Clean,healthy_(128).jpg,turmeric_datasets\dataset_01\original\Healthy_Leaf\healthy_(128).jpg,turmeric_leaf,1,Healthy_Leaf,train,positive_train_turmeric_leaf,be3879db99d1d56731bfc39d5e7c00ce,4283148
DS01_TR_healthy_(34).jpg,Dataset_01_Clean,healthy_(34).jpg,turmeric_datasets\dataset_01\original\Healthy_Leaf\healthy_(34).jpg,turmeric_leaf,1,Healthy_Leaf,train,positive_train_turmeric_leaf,5108a5657fef40379f11f3bd973a4f3a,3980915
DS01_TR_healthy_(167).jpg,Dataset_01_Clean,healthy_(167).jpg,turmeric_datasets\dataset_01\original\Healthy_Leaf\healthy_(167).jpg,turmeric_leaf,1,Healthy_Leaf,train,positive_train_turmeric_leaf,85d198dfb877dd5e232a158bdd340790,4236961
DS01_VA_healthy_(192).jpg,Dataset_01_Clean,healthy_(192).jpg,turmeric_datasets\dataset_01\original\Healthy_Leaf\healthy_(192).jpg,turmeric_leaf,1,Healthy_Leaf,val,positive_val_turmeric_leaf,f90536dd21a5374008110c846995c9a4,3711184
DS01_VA_healthy_(174).jpg,Dataset_01_Clean,healthy_(174).jpg,turmeric_datasets\dataset_01\original\Healthy_Leaf\healthy_(174).jpg,turmeric_leaf,1,Healthy_Leaf,val,positive_val_turmeric_leaf,580c5d00e171f5c301555ebe6a9b26d9,3789149
DS01_VA_healthy_(193).jpg,Dataset_01_Clean,healthy_(193).jpg,turmeric_datasets\dataset_01\original\Healthy_Leaf\healthy_(193).jpg,turmeric_leaf,1,Healthy_Leaf,val,positive_val_turmeric_leaf,77873292092e275b061caf82839d438f,3528161
DS01_VA_healthy_(170).jpg,Dataset_01_Clean,healthy_(170).jpg,turmeric_datasets\dataset_01\original\Healthy_Leaf\healthy_(170).jpg,turmeric_leaf,1,Healthy_Leaf,val,positive_val_turmeric_leaf,feb741ed17b2d266cb91399e7872ad68,4060526
DS01_VA_healthy_(23).jpg,Dataset_01_Clean,healthy_(23).jpg,turmeric_datasets\dataset_01\original\Healthy_Leaf\healthy_(23).jpg,turmeric_leaf,1,Healthy_Leaf,val,positive_val_turmeric_leaf,de1be497347f9800bce38e6e907ca18c,4028916
DS01_VA_healthy_(168).jpg,Dataset_01_Clean,healthy_(168).jpg,turmeric_datasets\dataset_01\original\Healthy_Leaf\healthy_(168).jpg,turmeric_leaf,1,Healthy_Leaf,val,positive_val_turmeric_leaf,356425a93c15327bf3426a86a9941c18,3849136
DS01_VA_healthy_(127).jpg,Dataset_01_Clean,healthy_(127).jpg,turmeric_datasets\dataset_01\original\Healthy_Leaf\healthy_(127).jpg,turmeric_leaf,1,Healthy_Leaf,val,positive_val_turmeric_leaf,d6f67aaef19e9798f709dc1d1b65c437,4569465
DS01_VA_healthy_(65).jpg,Dataset_01_Clean,healthy_(65).jpg,turmeric_datasets\dataset_01\original\Healthy_Leaf\healthy_(65).jpg,turmeric_leaf,1,Healthy_Leaf,val,positive_val_turmeric_leaf,7f0957e76caf40852dc1306c2029ed66,3962076
DS01_VA_healthy_(76).jpg,Dataset_01_Clean,healthy_(76).jpg,turmeric_datasets\dataset_01\original\Healthy_Leaf\healthy_(76).jpg,turmeric_leaf,1,Healthy_Leaf,val,positive_val_turmeric_leaf,a44f5cf615f3327eed1e32a71f0a40b1,3982937
DS01_VA_healthy_(83).jpg,Dataset_01_Clean,healthy_(83).jpg,turmeric_datasets\dataset_01\original\Healthy_Leaf\healthy_(83).jpg,turmeric_leaf,1,Healthy_Leaf,val,positive_val_turmeric_leaf,574fa1f059024e52af85ccfd70d3231d,4565158
DS01_VA_healthy_(199).jpg,Dataset_01_Clean,healthy_(199).jpg,turmeric_datasets\dataset_01\original\Healthy_Leaf\healthy_(199).jpg,turmeric_leaf,1,Healthy_Leaf,val,positive_val_turmeric_leaf,481fff80426a4a2c0fe58268b8cd69e6,3740318
DS01_VA_healthy_(183).jpg,Dataset_01_Clean,healthy_(183).jpg,turmeric_datasets\dataset_01\original\Healthy_Leaf\healthy_(183).jpg,turmeric_leaf,1,Healthy_Leaf,val,positive_val_turmeric_leaf,dcb813fa834e34065df0bcdf12af1e3b,3713447
DS01_VA_healthy_(144).jpg,Dataset_01_Clean,healthy_(144).jpg,turmeric_datasets\dataset_01\original\Healthy_Leaf\healthy_(144).jpg,turmeric_leaf,1,Healthy_Leaf,val,positive_val_turmeric_leaf,d8519a288d27a6dfc0069142a18f7f67,4511134
DS01_VA_healthy_(77).jpg,Dataset_01_Clean,healthy_(77).jpg,turmeric_datasets\dataset_01\original\Healthy_Leaf\healthy_(77).jpg,turmeric_leaf,1,Healthy_Leaf,val,positive_val_turmeric_leaf,da04de0f5df775d5230bfcece8c36139,4117923
DS01_VA_healthy_(27).jpg,Dataset_01_Clean,healthy_(27).jpg,turmeric_datasets\dataset_01\original\Healthy_Leaf\healthy_(27).jpg,turmeric_leaf,1,Healthy_Leaf,val,positive_val_turmeric_leaf,6b79abadb024c495de0183528e85f3eb,3982944
DS01_VA_healthy_(1).jpg,Dataset_01_Clean,healthy_(1).jpg,turmeric_datasets\dataset_01\original\Healthy_Leaf\healthy_(1).jpg,turmeric_leaf,1,Healthy_Leaf,val,positive_val_turmeric_leaf,3d1e2aa2196b55837ff2ec4bcc161bc1,4050507
DS01_VA_healthy_(64).jpg,Dataset_01_Clean,healthy_(64).jpg,turmeric_datasets\dataset_01\original\Healthy_Leaf\healthy_(64).jpg,turmeric_leaf,1,Healthy_Leaf,val,positive_val_turmeric_leaf,f552e53f0ad8f7643ec5f7b139c35f7c,3777410
DS01_VA_healthy_(109).jpg,Dataset_01_Clean,healthy_(109).jpg,turmeric_datasets\dataset_01\original\Healthy_Leaf\healthy_(109).jpg,turmeric_leaf,1,Healthy_Leaf,val,positive_val_turmeric_leaf,f34b270dba93df63cccf030e2d067e0c,4522631
DS01_VA_healthy_(158).jpg,Dataset_01_Clean,healthy_(158).jpg,turmeric_datasets\dataset_01\original\Healthy_Leaf\healthy_(158).jpg,turmeric_leaf,1,Healthy_Leaf,val,positive_val_turmeric_leaf,cc10b432ac13cff85a78d01486d6c740,4667476
DS01_VA_healthy_(142).jpg,Dataset_01_Clean,healthy_(142).jpg,turmeric_datasets\dataset_01\original\Healthy_Leaf\healthy_(142).jpg,turmeric_leaf,1,Healthy_Leaf,val,positive_val_turmeric_leaf,48406bca0f3a4cc79d7950b05b23f139,4633442
DS01_VA_healthy_(4).jpg,Dataset_01_Clean,healthy_(4).jpg,turmeric_datasets\dataset_01\original\Healthy_Leaf\healthy_(4).jpg,turmeric_leaf,1,Healthy_Leaf,val,positive_val_turmeric_leaf,9b5f5330a4f13f5a992b27faaee0c5e4,4072371
DS01_VA_healthy_(188).jpg,Dataset_01_Clean,healthy_(188).jpg,turmeric_datasets\dataset_01\original\Healthy_Leaf\healthy_(188).jpg,turmeric_leaf,1,Healthy_Leaf,val,positive_val_turmeric_leaf,95b44527ff592856507e9764c3934640,3799857
DS01_VA_healthy_(74).jpg,Dataset_01_Clean,healthy_(74).jpg,turmeric_datasets\dataset_01\original\Healthy_Leaf\healthy_(74).jpg,turmeric_leaf,1,Healthy_Leaf,val,positive_val_turmeric_leaf,fe1aad5c1f38ecff24bd7553ee49c851,4652414
DS01_VA_healthy_(8).jpg,Dataset_01_Clean,healthy_(8).jpg,turmeric_datasets\dataset_01\original\Healthy_Leaf\healthy_(8).jpg,turmeric_leaf,1,Healthy_Leaf,val,positive_val_turmeric_leaf,e973e6ddeba782ac8813dcbf2cab4041,4023450
DS01_VA_healthy_(47).jpg,Dataset_01_Clean,healthy_(47).jpg,turmeric_datasets\dataset_01\original\Healthy_Leaf\healthy_(47).jpg,turmeric_leaf,1,Healthy_Leaf,val,positive_val_turmeric_leaf,be0e5e320fcf3f67d8912d21c47f368d,4205349
DS01_VA_healthy_(67).jpg,Dataset_01_Clean,healthy_(67).jpg,turmeric_datasets\dataset_01\original\Healthy_Leaf\healthy_(67).jpg,turmeric_leaf,1,Healthy_Leaf,val,positive_val_turmeric_leaf,c01cc3a9bde3f3da61876b097cab2362,4548232
DS01_VA_healthy_(171).jpg,Dataset_01_Clean,healthy_(171).jpg,turmeric_datasets\dataset_01\original\Healthy_Leaf\healthy_(171).jpg,turmeric_leaf,1,Healthy_Leaf,val,positive_val_turmeric_leaf,4fba76ffb32275b4929cabd5e0676e0a,4064263
DS01_VA_healthy_(179).jpg,Dataset_01_Clean,healthy_(179).jpg,turmeric_datasets\dataset_01\original\Healthy_Leaf\healthy_(179).jpg,turmeric_leaf,1,Healthy_Leaf,val,positive_val_turmeric_leaf,2de220f76d725cede074699ef7666c0d,3755554
DS01_VA_healthy_(2).jpg,Dataset_01_Clean,healthy_(2).jpg,turmeric_datasets\dataset_01\original\Healthy_Leaf\healthy_(2).jpg,turmeric_leaf,1,Healthy_Leaf,val,positive_val_turmeric_leaf,2168a27c86ade48e4b3646cbe5312b03,4089552
DS01_VA_healthy_(44).jpg,Dataset_01_Clean,healthy_(44).jpg,turmeric_datasets\dataset_01\original\Healthy_Leaf\healthy_(44).jpg,turmeric_leaf,1,Healthy_Leaf,val,positive_val_turmeric_leaf,60146e7844944a4771587d1b9d3d1371,3992217
DS01_VA_healthy_(123).jpg,Dataset_01_Clean,healthy_(123).jpg,turmeric_datasets\dataset_01\original\Healthy_Leaf\healthy_(123).jpg,turmeric_leaf,1,Healthy_Leaf,val,positive_val_turmeric_leaf,ec1ffc10654b8ab8f1b83dfd2c0b1889,4532213
DS01_VA_healthy_(98).jpg,Dataset_01_Clean,healthy_(98).jpg,turmeric_datasets\dataset_01\original\Healthy_Leaf\healthy_(98).jpg,turmeric_leaf,1,Healthy_Leaf,val,positive_val_turmeric_leaf,0c951a6cd1f49f5b14e64fd23d18278c,3836977
DS01_IN_healthy_(16).jpg,Dataset_01_Clean,healthy_(16).jpg,turmeric_datasets\dataset_01\original\Healthy_Leaf\healthy_(16).jpg,turmeric_leaf,1,Healthy_Leaf,internal_test,positive_internal_test_turmeric_leaf,59210da756d587e417a59a26e84e142b,3858577
DS01_IN_healthy_(40).jpg,Dataset_01_Clean,healthy_(40).jpg,turmeric_datasets\dataset_01\original\Healthy_Leaf\healthy_(40).jpg,turmeric_leaf,1,Healthy_Leaf,internal_test,positive_internal_test_turmeric_leaf,99ee44e452304ce8687118f32f42d54d,3897869
DS01_IN_healthy_(14).jpg,Dataset_01_Clean,healthy_(14).jpg,turmeric_datasets\dataset_01\original\Healthy_Leaf\healthy_(14).jpg,turmeric_leaf,1,Healthy_Leaf,internal_test,positive_internal_test_turmeric_leaf,4aaf389646e2ae2410775ab5f25ad9da,3697693
DS01_IN_healthy_(159).jpg,Dataset_01_Clean,healthy_(159).jpg,turmeric_datasets\dataset_01\original\Healthy_Leaf\healthy_(159).jpg,turmeric_leaf,1,Healthy_Leaf,internal_test,positive_internal_test_turmeric_leaf,2402d9a4f3ace3d3e9e54174c7b8e171,4820991
DS01_IN_healthy_(125).jpg,Dataset_01_Clean,healthy_(125).jpg,turmeric_datasets\dataset_01\original\Healthy_Leaf\healthy_(125).jpg,turmeric_leaf,1,Healthy_Leaf,internal_test,positive_internal_test_turmeric_leaf,39f3320fd8061999577d1eda3d6897fc,4051359
DS01_IN_healthy_(105).jpg,Dataset_01_Clean,healthy_(105).jpg,turmeric_datasets\dataset_01\original\Healthy_Leaf\healthy_(105).jpg,turmeric_leaf,1,Healthy_Leaf,internal_test,positive_internal_test_turmeric_leaf,6577599ad47ed0bb45f159f995f9f02a,4579838
DS01_IN_healthy_(85).jpg,Dataset_01_Clean,healthy_(85).jpg,turmeric_datasets\dataset_01\original\Healthy_Leaf\healthy_(85).jpg,turmeric_leaf,1,Healthy_Leaf,internal_test,positive_internal_test_turmeric_leaf,d96ceca03695dc1fbf6b2797a0765210,4001385
DS01_IN_healthy_(30).jpg,Dataset_01_Clean,healthy_(30).jpg,turmeric_datasets\dataset_01\original\Healthy_Leaf\healthy_(30).jpg,turmeric_leaf,1,Healthy_Leaf,internal_test,positive_internal_test_turmeric_leaf,c3dc51b33c916dc6f6682fcadf95914d,3946470
DS01_IN_healthy_(63).jpg,Dataset_01_Clean,healthy_(63).jpg,turmeric_datasets\dataset_01\original\Healthy_Leaf\healthy_(63).jpg,turmeric_leaf,1,Healthy_Leaf,internal_test,positive_internal_test_turmeric_leaf,c52cdaddfd9e27121f00cab9c1d9c38c,4219121
DS01_IN_healthy_(86).jpg,Dataset_01_Clean,healthy_(86).jpg,turmeric_datasets\dataset_01\original\Healthy_Leaf\healthy_(86).jpg,turmeric_leaf,1,Healthy_Leaf,internal_test,positive_internal_test_turmeric_leaf,68c30029d2e662fbb83089a9db23f3d3,4643838
DS01_IN_healthy_(24).jpg,Dataset_01_Clean,healthy_(24).jpg,turmeric_datasets\dataset_01\original\Healthy_Leaf\healthy_(24).jpg,turmeric_leaf,1,Healthy_Leaf,internal_test,positive_internal_test_turmeric_leaf,e8e9d4dd0d2081bb9dc6389d40e7c4bd,3925129
DS01_IN_healthy_(55).jpg,Dataset_01_Clean,healthy_(55).jpg,turmeric_datasets\dataset_01\original\Healthy_Leaf\healthy_(55).jpg,turmeric_leaf,1,Healthy_Leaf,internal_test,positive_internal_test_turmeric_leaf,7390d526acecdf1c8787e4719429d043,4235971
DS01_IN_healthy_(93).jpg,Dataset_01_Clean,healthy_(93).jpg,turmeric_datasets\dataset_01\original\Healthy_Leaf\healthy_(93).jpg,turmeric_leaf,1,Healthy_Leaf,internal_test,positive_internal_test_turmeric_leaf,9f53ea597caa74672bc07e70b19297c7,4727521
DS01_IN_healthy_(84).jpg,Dataset_01_Clean,healthy_(84).jpg,turmeric_datasets\dataset_01\original\Healthy_Leaf\healthy_(84).jpg,turmeric_leaf,1,Healthy_Leaf,internal_test,positive_internal_test_turmeric_leaf,45ffc99c8c5e168df342c20817ad127e,4686739
DS01_IN_healthy_(114).jpg,Dataset_01_Clean,healthy_(114).jpg,turmeric_datasets\dataset_01\original\Healthy_Leaf\healthy_(114).jpg,turmeric_leaf,1,Healthy_Leaf,internal_test,positive_internal_test_turmeric_leaf,2f0019a5fce1f46e6735bcee3f4802f9,4480245
DS01_IN_healthy_(163).jpg,Dataset_01_Clean,healthy_(163).jpg,turmeric_datasets\dataset_01\original\Healthy_Leaf\healthy_(163).jpg,turmeric_leaf,1,Healthy_Leaf,internal_test,positive_internal_test_turmeric_leaf,a4681adddb349f8a1c9a75223097114f,3916770
DS01_IN_healthy_(175).jpg,Dataset_01_Clean,healthy_(175).jpg,turmeric_datasets\dataset_01\original\Healthy_Leaf\healthy_(175).jpg,turmeric_leaf,1,Healthy_Leaf,internal_test,positive_internal_test_turmeric_leaf,f2a10c65c88c6b38d3b9d123ccde7f7e,3798107
DS01_IN_healthy_(191).jpg,Dataset_01_Clean,healthy_(191).jpg,turmeric_datasets\dataset_01\original\Healthy_Leaf\healthy_(191).jpg,turmeric_leaf,1,Healthy_Leaf,internal_test,positive_internal_test_turmeric_leaf,e1bdb253dea20dcf08c7f7d0b45ee86d,3707977
DS01_IN_healthy_(143).jpg,Dataset_01_Clean,healthy_(143).jpg,turmeric_datasets\dataset_01\original\Healthy_Leaf\healthy_(143).jpg,turmeric_leaf,1,Healthy_Leaf,internal_test,positive_internal_test_turmeric_leaf,d8a300c2fead4d01973596c16fae105d,4513570
DS01_IN_healthy_(59).jpg,Dataset_01_Clean,healthy_(59).jpg,turmeric_datasets\dataset_01\original\Healthy_Leaf\healthy_(59).jpg,turmeric_leaf,1,Healthy_Leaf,internal_test,positive_internal_test_turmeric_leaf,8ebb233f4b5d7ade6c6b3220dfd8e32b,3985308
DS01_IN_healthy_(104).jpg,Dataset_01_Clean,healthy_(104).jpg,turmeric_datasets\dataset_01\original\Healthy_Leaf\healthy_(104).jpg,turmeric_leaf,1,Healthy_Leaf,internal_test,positive_internal_test_turmeric_leaf,a40a8eb7f4d1b9b84cba585f4f8b3ac1,4436923
DS01_IN_healthy_(150).jpg,Dataset_01_Clean,healthy_(150).jpg,turmeric_datasets\dataset_01\original\Healthy_Leaf\healthy_(150).jpg,turmeric_leaf,1,Healthy_Leaf,internal_test,positive_internal_test_turmeric_leaf,bfc1698d7c21b8a47b03cddeef56586c,4027505
DS01_IN_healthy_(151).jpg,Dataset_01_Clean,healthy_(151).jpg,turmeric_datasets\dataset_01\original\Healthy_Leaf\healthy_(151).jpg,turmeric_leaf,1,Healthy_Leaf,internal_test,positive_internal_test_turmeric_leaf,924f3ef62a35d1446bedb194151cc177,4242528
DS01_IN_healthy_(90).jpg,Dataset_01_Clean,healthy_(90).jpg,turmeric_datasets\dataset_01\original\Healthy_Leaf\healthy_(90).jpg,turmeric_leaf,1,Healthy_Leaf,internal_test,positive_internal_test_turmeric_leaf,6adaf6f9a82c4d853499a689386cf109,4371280
DS01_IN_healthy_(17).jpg,Dataset_01_Clean,healthy_(17).jpg,turmeric_datasets\dataset_01\original\Healthy_Leaf\healthy_(17).jpg,turmeric_leaf,1,Healthy_Leaf,internal_test,positive_internal_test_turmeric_leaf,3d47254940ed6cfb53014241636269c6,3881328
DS01_IN_healthy_(18).jpg,Dataset_01_Clean,healthy_(18).jpg,turmeric_datasets\dataset_01\original\Healthy_Leaf\healthy_(18).jpg,turmeric_leaf,1,Healthy_Leaf,internal_test,positive_internal_test_turmeric_leaf,3784f4d43bbc814726ccb07f78219430,3977010
DS01_IN_healthy_(204).jpg,Dataset_01_Clean,healthy_(204).jpg,turmeric_datasets\dataset_01\original\Healthy_Leaf\healthy_(204).jpg,turmeric_leaf,1,Healthy_Leaf,internal_test,positive_internal_test_turmeric_leaf,7940691d32b1de65db3f88943340b7a8,3648255
DS01_IN_healthy_(145).jpg,Dataset_01_Clean,healthy_(145).jpg,turmeric_datasets\dataset_01\original\Healthy_Leaf\healthy_(145).jpg,turmeric_leaf,1,Healthy_Leaf,internal_test,positive_internal_test_turmeric_leaf,b7a19ce4557e47af8cffd38c747b3133,3101195
DS01_IN_healthy_(15).jpg,Dataset_01_Clean,healthy_(15).jpg,turmeric_datasets\dataset_01\original\Healthy_Leaf\healthy_(15).jpg,turmeric_leaf,1,Healthy_Leaf,internal_test,positive_internal_test_turmeric_leaf,2956e87f67223c92c9b0e417940764d4,3935235
DS01_IN_healthy_(207).jpg,Dataset_01_Clean,healthy_(207).jpg,turmeric_datasets\dataset_01\original\Healthy_Leaf\healthy_(207).jpg,turmeric_leaf,1,Healthy_Leaf,internal_test,positive_internal_test_turmeric_leaf,c8d4e32ccb6b65a802f65099713a0c7d,3741650
DS01_IN_healthy_(107).jpg,Dataset_01_Clean,healthy_(107).jpg,turmeric_datasets\dataset_01\original\Healthy_Leaf\healthy_(107).jpg,turmeric_leaf,1,Healthy_Leaf,internal_test,positive_internal_test_turmeric_leaf,8ab559724e590a9ea2da503bbf74b248,3796605
DS01_IN_healthy_(187).jpg,Dataset_01_Clean,healthy_(187).jpg,turmeric_datasets\dataset_01\original\Healthy_Leaf\healthy_(187).jpg,turmeric_leaf,1,Healthy_Leaf,internal_test,positive_internal_test_turmeric_leaf,0a7db5ddbee30192405e11a1894f1f70,3776528
DS01_TR_leaf_spot_(182).jpg,Dataset_01_Clean,leaf_spot_(182).jpg,turmeric_datasets\dataset_01\original\Leaf_Spot\leaf_spot_(182).jpg,turmeric_leaf,1,Leaf_Spot,train,positive_train_turmeric_leaf,cc7c5aa0fca5b43baa4a8dddfee62e8b,3673303
DS01_TR_leaf_spot_(185).jpg,Dataset_01_Clean,leaf_spot_(185).jpg,turmeric_datasets\dataset_01\original\Leaf_Spot\leaf_spot_(185).jpg,turmeric_leaf,1,Leaf_Spot,train,positive_train_turmeric_leaf,32928c7cf7d8dabc846854d9dadf78aa,3516445
DS01_TR_leaf_spot_(79).jpg,Dataset_01_Clean,leaf_spot_(79).jpg,turmeric_datasets\dataset_01\original\Leaf_Spot\leaf_spot_(79).jpg,turmeric_leaf,1,Leaf_Spot,train,positive_train_turmeric_leaf,9a08659794e2e4d911b8cefea57117c7,3760610
DS01_TR_leaf_spot_(143).jpg,Dataset_01_Clean,leaf_spot_(143).jpg,turmeric_datasets\dataset_01\original\Leaf_Spot\leaf_spot_(143).jpg,turmeric_leaf,1,Leaf_Spot,train,positive_train_turmeric_leaf,bfdb7b45794caf7c46acbfd44a18c236,3831559
DS01_TR_leaf_spot_(63).jpg,Dataset_01_Clean,leaf_spot_(63).jpg,turmeric_datasets\dataset_01\original\Leaf_Spot\leaf_spot_(63).jpg,turmeric_leaf,1,Leaf_Spot,train,positive_train_turmeric_leaf,7a10b108be372ef23cd2953998fcf642,3896713
DS01_TR_leaf_spot_(81).jpg,Dataset_01_Clean,leaf_spot_(81).jpg,turmeric_datasets\dataset_01\original\Leaf_Spot\leaf_spot_(81).jpg,turmeric_leaf,1,Leaf_Spot,train,positive_train_turmeric_leaf,cbd74b26b5de3b78f5acfe183122d7ec,3520682
DS01_TR_leaf_spot_(1).jpg,Dataset_01_Clean,leaf_spot_(1).jpg,turmeric_datasets\dataset_01\original\Leaf_Spot\leaf_spot_(1).jpg,turmeric_leaf,1,Leaf_Spot,train,positive_train_turmeric_leaf,b1aa5149e5795423a0bd36a00d7ce446,3832987
DS01_TR_leaf_spot_(70).jpg,Dataset_01_Clean,leaf_spot_(70).jpg,turmeric_datasets\dataset_01\original\Leaf_Spot\leaf_spot_(70).jpg,turmeric_leaf,1,Leaf_Spot,train,positive_train_turmeric_leaf,5f4ceb2ea4c727879e3f8c8609695164,4003603
DS01_TR_leaf_spot_(100).jpg,Dataset_01_Clean,leaf_spot_(100).jpg,turmeric_datasets\dataset_01\original\Leaf_Spot\leaf_spot_(100).jpg,turmeric_leaf,1,Leaf_Spot,train,positive_train_turmeric_leaf,2da8f9f92ca02c89d10e10d70fb8d405,3909538
DS01_TR_leaf_spot_(131).jpg,Dataset_01_Clean,leaf_spot_(131).jpg,turmeric_datasets\dataset_01\original\Leaf_Spot\leaf_spot_(131).jpg,turmeric_leaf,1,Leaf_Spot,train,positive_train_turmeric_leaf,a489a78426ed01a33861a994f978e847,3834628
DS01_TR_leaf_spot_(86).jpg,Dataset_01_Clean,leaf_spot_(86).jpg,turmeric_datasets\dataset_01\original\Leaf_Spot\leaf_spot_(86).jpg,turmeric_leaf,1,Leaf_Spot,train,positive_train_turmeric_leaf,6f7f9eeec1fa5508f84e3e9f492505af,3817739
DS01_TR_leaf_spot_(90).jpg,Dataset_01_Clean,leaf_spot_(90).jpg,turmeric_datasets\dataset_01\original\Leaf_Spot\leaf_spot_(90).jpg,turmeric_leaf,1,Leaf_Spot,train,positive_train_turmeric_leaf,6ab95766f0d5984cd86ce39b39949084,3752674
DS01_TR_leaf_spot_(16).jpg,Dataset_01_Clean,leaf_spot_(16).jpg,turmeric_datasets\dataset_01\original\Leaf_Spot\leaf_spot_(16).jpg,turmeric_leaf,1,Leaf_Spot,train,positive_train_turmeric_leaf,911e70cd850c2e86002602a0b6bed3d4,3719857
DS01_TR_leaf_spot_(27).jpg,Dataset_01_Clean,leaf_spot_(27).jpg,turmeric_datasets\dataset_01\original\Leaf_Spot\leaf_spot_(27).jpg,turmeric_leaf,1,Leaf_Spot,train,positive_train_turmeric_leaf,dafd3fb3c638d16651f5617b83421e9b,3590692
DS01_TR_leaf_spot_(60).jpg,Dataset_01_Clean,leaf_spot_(60).jpg,turmeric_datasets\dataset_01\original\Leaf_Spot\leaf_spot_(60).jpg,turmeric_leaf,1,Leaf_Spot,train,positive_train_turmeric_leaf,1446b1f33ebf67cc94c821d7bf0fadf0,3531737
DS01_TR_leaf_spot_(107).jpg,Dataset_01_Clean,leaf_spot_(107).jpg,turmeric_datasets\dataset_01\original\Leaf_Spot\leaf_spot_(107).jpg,turmeric_leaf,1,Leaf_Spot,train,positive_train_turmeric_leaf,f9a746cdcefb9852a7be8bf5dae34ba2,3957949
DS01_TR_leaf_spot_(113).jpg,Dataset_01_Clean,leaf_spot_(113).jpg,turmeric_datasets\dataset_01\original\Leaf_Spot\leaf_spot_(113).jpg,turmeric_leaf,1,Leaf_Spot,train,positive_train_turmeric_leaf,da0b3547dfb214afb04c37699b02d56e,3717166
DS01_TR_leaf_spot_(178).jpg,Dataset_01_Clean,leaf_spot_(178).jpg,turmeric_datasets\dataset_01\original\Leaf_Spot\leaf_spot_(178).jpg,turmeric_leaf,1,Leaf_Spot,train,positive_train_turmeric_leaf,613665f521db0c62feea63b58e3a47e6,3608959
DS01_TR_leaf_spot_(25).jpg,Dataset_01_Clean,leaf_spot_(25).jpg,turmeric_datasets\dataset_01\original\Leaf_Spot\leaf_spot_(25).jpg,turmeric_leaf,1,Leaf_Spot,train,positive_train_turmeric_leaf,c3a88e599f4f020ba0bda4b8bab60e7b,3542193
DS01_TR_leaf_spot_(75).jpg,Dataset_01_Clean,leaf_spot_(75).jpg,turmeric_datasets\dataset_01\original\Leaf_Spot\leaf_spot_(75).jpg,turmeric_leaf,1,Leaf_Spot,train,positive_train_turmeric_leaf,25064ab73fa386cbd8ae659d90315b57,3773122
DS01_TR_leaf_spot_(43).jpg,Dataset_01_Clean,leaf_spot_(43).jpg,turmeric_datasets\dataset_01\original\Leaf_Spot\leaf_spot_(43).jpg,turmeric_leaf,1,Leaf_Spot,train,positive_train_turmeric_leaf,69e5cdc1c3ff53a872cc076bc0652c78,3949983
DS01_TR_leaf_spot_(65).jpg,Dataset_01_Clean,leaf_spot_(65).jpg,turmeric_datasets\dataset_01\original\Leaf_Spot\leaf_spot_(65).jpg,turmeric_leaf,1,Leaf_Spot,train,positive_train_turmeric_leaf,130bd4db1250172e54a82c79027bc277,3916470
DS01_TR_leaf_spot_(95).jpg,Dataset_01_Clean,leaf_spot_(95).jpg,turmeric_datasets\dataset_01\original\Leaf_Spot\leaf_spot_(95).jpg,turmeric_leaf,1,Leaf_Spot,train,positive_train_turmeric_leaf,ea50314c7e8b01d85ae0d50b40054881,3636084
DS01_TR_leaf_spot_(37).jpg,Dataset_01_Clean,leaf_spot_(37).jpg,turmeric_datasets\dataset_01\original\Leaf_Spot\leaf_spot_(37).jpg,turmeric_leaf,1,Leaf_Spot,train,positive_train_turmeric_leaf,b085417467dbd683419d4ba12a5abfc2,3478170
DS01_TR_leaf_spot_(38).jpg,Dataset_01_Clean,leaf_spot_(38).jpg,turmeric_datasets\dataset_01\original\Leaf_Spot\leaf_spot_(38).jpg,turmeric_leaf,1,Leaf_Spot,train,positive_train_turmeric_leaf,5cd9d8e841e16048eb973691a9b9ccbd,3509530
DS01_TR_leaf_spot_(188).jpg,Dataset_01_Clean,leaf_spot_(188).jpg,turmeric_datasets\dataset_01\original\Leaf_Spot\leaf_spot_(188).jpg,turmeric_leaf,1,Leaf_Spot,train,positive_train_turmeric_leaf,c79552a941342a0d95891286662ab361,3534606
DS01_TR_leaf_spot_(72).jpg,Dataset_01_Clean,leaf_spot_(72).jpg,turmeric_datasets\dataset_01\original\Leaf_Spot\leaf_spot_(72).jpg,turmeric_leaf,1,Leaf_Spot,train,positive_train_turmeric_leaf,2df21282082e1039d6f812034693443e,3873831
DS01_TR_leaf_spot_(36).jpg,Dataset_01_Clean,leaf_spot_(36).jpg,turmeric_datasets\dataset_01\original\Leaf_Spot\leaf_spot_(36).jpg,turmeric_leaf,1,Leaf_Spot,train,positive_train_turmeric_leaf,d8eec1db53d28f71c3cebe01c615f31b,3527404
DS01_TR_leaf_spot_(171).jpg,Dataset_01_Clean,leaf_spot_(171).jpg,turmeric_datasets\dataset_01\original\Leaf_Spot\leaf_spot_(171).jpg,turmeric_leaf,1,Leaf_Spot,train,positive_train_turmeric_leaf,a7d077836f3f9518b7ab9dac8e8498d1,3624222
DS01_TR_leaf_spot_(67).jpg,Dataset_01_Clean,leaf_spot_(67).jpg,turmeric_datasets\dataset_01\original\Leaf_Spot\leaf_spot_(67).jpg,turmeric_leaf,1,Leaf_Spot,train,positive_train_turmeric_leaf,196a14144906623773dd8f919213e7bc,3661114
DS01_TR_leaf_spot_(35).jpg,Dataset_01_Clean,leaf_spot_(35).jpg,turmeric_datasets\dataset_01\original\Leaf_Spot\leaf_spot_(35).jpg,turmeric_leaf,1,Leaf_Spot,train,positive_train_turmeric_leaf,4cf27f04db3fbc4a3e9e579d6279d977,3794833
DS01_TR_leaf_spot_(15).jpg,Dataset_01_Clean,leaf_spot_(15).jpg,turmeric_datasets\dataset_01\original\Leaf_Spot\leaf_spot_(15).jpg,turmeric_leaf,1,Leaf_Spot,train,positive_train_turmeric_leaf,2ffd3e5dac73b0b1ba54c99e1edc0b33,3699383
DS01_TR_leaf_spot_(99).jpg,Dataset_01_Clean,leaf_spot_(99).jpg,turmeric_datasets\dataset_01\original\Leaf_Spot\leaf_spot_(99).jpg,turmeric_leaf,1,Leaf_Spot,train,positive_train_turmeric_leaf,c17846ac4969ccd2fbe8ceb941999b88,3676153
DS01_TR_leaf_spot_(53).jpg,Dataset_01_Clean,leaf_spot_(53).jpg,turmeric_datasets\dataset_01\original\Leaf_Spot\leaf_spot_(53).jpg,turmeric_leaf,1,Leaf_Spot,train,positive_train_turmeric_leaf,7b367cbc9eb9d125aa67fc966d435bcb,4055122
DS01_TR_leaf_spot_(133).jpg,Dataset_01_Clean,leaf_spot_(133).jpg,turmeric_datasets\dataset_01\original\Leaf_Spot\leaf_spot_(133).jpg,turmeric_leaf,1,Leaf_Spot,train,positive_train_turmeric_leaf,64164a6d0ddc02f59f91dbb380848956,3871289
DS01_TR_leaf_spot_(91).jpg,Dataset_01_Clean,leaf_spot_(91).jpg,turmeric_datasets\dataset_01\original\Leaf_Spot\leaf_spot_(91).jpg,turmeric_leaf,1,Leaf_Spot,train,positive_train_turmeric_leaf,2c11e2a15b426d77df8d9c3ab185f255,3562397
DS01_TR_leaf_spot_(135).jpg,Dataset_01_Clean,leaf_spot_(135).jpg,turmeric_datasets\dataset_01\original\Leaf_Spot\leaf_spot_(135).jpg,turmeric_leaf,1,Leaf_Spot,train,positive_train_turmeric_leaf,bb40b787d9bd40c050795c9d89a1124a,3724956
DS01_TR_leaf_spot_(59).jpg,Dataset_01_Clean,leaf_spot_(59).jpg,turmeric_datasets\dataset_01\original\Leaf_Spot\leaf_spot_(59).jpg,turmeric_leaf,1,Leaf_Spot,train,positive_train_turmeric_leaf,2171b13bbb7938c0d0044132be5bb105,3527794
DS01_TR_leaf_spot_(193).jpg,Dataset_01_Clean,leaf_spot_(193).jpg,turmeric_datasets\dataset_01\original\Leaf_Spot\leaf_spot_(193).jpg,turmeric_leaf,1,Leaf_Spot,train,positive_train_turmeric_leaf,fd60dbaadb8ebc0deda6523693435096,3502966
DS01_TR_leaf_spot_(165).jpg,Dataset_01_Clean,leaf_spot_(165).jpg,turmeric_datasets\dataset_01\original\Leaf_Spot\leaf_spot_(165).jpg,turmeric_leaf,1,Leaf_Spot,train,positive_train_turmeric_leaf,8c547d4225b5f46a827f08a7ed718a34,3732897
DS01_TR_leaf_spot_(49).jpg,Dataset_01_Clean,leaf_spot_(49).jpg,turmeric_datasets\dataset_01\original\Leaf_Spot\leaf_spot_(49).jpg,turmeric_leaf,1,Leaf_Spot,train,positive_train_turmeric_leaf,6eca4e70a0abb014771cd67c902c83a3,3634977
DS01_TR_leaf_spot_(30).jpg,Dataset_01_Clean,leaf_spot_(30).jpg,turmeric_datasets\dataset_01\original\Leaf_Spot\leaf_spot_(30).jpg,turmeric_leaf,1,Leaf_Spot,train,positive_train_turmeric_leaf,4e473de6a64a1ac2c654361482976902,3607718
DS01_TR_leaf_spot_(42).jpg,Dataset_01_Clean,leaf_spot_(42).jpg,turmeric_datasets\dataset_01\original\Leaf_Spot\leaf_spot_(42).jpg,turmeric_leaf,1,Leaf_Spot,train,positive_train_turmeric_leaf,054fcf33cb969dfb324c8b1978ba0d66,4053696
DS01_TR_leaf_spot_(132).jpg,Dataset_01_Clean,leaf_spot_(132).jpg,turmeric_datasets\dataset_01\original\Leaf_Spot\leaf_spot_(132).jpg,turmeric_leaf,1,Leaf_Spot,train,positive_train_turmeric_leaf,bf4de6ad6346b714e2b95c31384ce163,3841449
DS01_TR_leaf_spot_(54).jpg,Dataset_01_Clean,leaf_spot_(54).jpg,turmeric_datasets\dataset_01\original\Leaf_Spot\leaf_spot_(54).jpg,turmeric_leaf,1,Leaf_Spot,train,positive_train_turmeric_leaf,cd12e8160571f85f5b90f960ac1fff15,3884147
DS01_TR_leaf_spot_(9).jpg,Dataset_01_Clean,leaf_spot_(9).jpg,turmeric_datasets\dataset_01\original\Leaf_Spot\leaf_spot_(9).jpg,turmeric_leaf,1,Leaf_Spot,train,positive_train_turmeric_leaf,eee849eb7d0db19337f0b0b28f44b6bf,3497761
DS01_TR_leaf_spot_(153).jpg,Dataset_01_Clean,leaf_spot_(153).jpg,turmeric_datasets\dataset_01\original\Leaf_Spot\leaf_spot_(153).jpg,turmeric_leaf,1,Leaf_Spot,train,positive_train_turmeric_leaf,0d2e3ffc7d50d75910ad91545d7b0bb8,3926990
DS01_TR_leaf_spot_(176).jpg,Dataset_01_Clean,leaf_spot_(176).jpg,turmeric_datasets\dataset_01\original\Leaf_Spot\leaf_spot_(176).jpg,turmeric_leaf,1,Leaf_Spot,train,positive_train_turmeric_leaf,7f283fca9c0ac1fe9c90245d1104034c,3652178
DS01_TR_leaf_spot_(121).jpg,Dataset_01_Clean,leaf_spot_(121).jpg,turmeric_datasets\dataset_01\original\Leaf_Spot\leaf_spot_(121).jpg,turmeric_leaf,1,Leaf_Spot,train,positive_train_turmeric_leaf,ff640fa13fcc3f9d9d42748888df5bda,3815968
DS01_TR_leaf_spot_(111).jpg,Dataset_01_Clean,leaf_spot_(111).jpg,turmeric_datasets\dataset_01\original\Leaf_Spot\leaf_spot_(111).jpg,turmeric_leaf,1,Leaf_Spot,train,positive_train_turmeric_leaf,efb2cc957fef54d7d536cbba2d48476e,3784550
DS01_TR_leaf_spot_(115).jpg,Dataset_01_Clean,leaf_spot_(115).jpg,turmeric_datasets\dataset_01\original\Leaf_Spot\leaf_spot_(115).jpg,turmeric_leaf,1,Leaf_Spot,train,positive_train_turmeric_leaf,3abb8a9e6a8e64626f3e08178ab136db,3795170
DS01_TR_leaf_spot_(64).jpg,Dataset_01_Clean,leaf_spot_(64).jpg,turmeric_datasets\dataset_01\original\Leaf_Spot\leaf_spot_(64).jpg,turmeric_leaf,1,Leaf_Spot,train,positive_train_turmeric_leaf,0089e8b13186214469dac5e043ea972c,3936787
DS01_TR_leaf_spot_(161).jpg,Dataset_01_Clean,leaf_spot_(161).jpg,turmeric_datasets\dataset_01\original\Leaf_Spot\leaf_spot_(161).jpg,turmeric_leaf,1,Leaf_Spot,train,positive_train_turmeric_leaf,5815d561f50f8af76497f476b9fad0c3,4124978
DS01_TR_leaf_spot_(46).jpg,Dataset_01_Clean,leaf_spot_(46).jpg,turmeric_datasets\dataset_01\original\Leaf_Spot\leaf_spot_(46).jpg,turmeric_leaf,1,Leaf_Spot,train,positive_train_turmeric_leaf,b1f0a8f6fb48edafbacce24a7e623928,3853273
DS01_TR_leaf_spot_(124).jpg,Dataset_01_Clean,leaf_spot_(124).jpg,turmeric_datasets\dataset_01\original\Leaf_Spot\leaf_spot_(124).jpg,turmeric_leaf,1,Leaf_Spot,train,positive_train_turmeric_leaf,8a67fb5279eac3838bcc90fa762c0047,4024667
DS01_TR_leaf_spot_(8).jpg,Dataset_01_Clean,leaf_spot_(8).jpg,turmeric_datasets\dataset_01\original\Leaf_Spot\leaf_spot_(8).jpg,turmeric_leaf,1,Leaf_Spot,train,positive_train_turmeric_leaf,8bbfde337c5729d61b1649ceb2ac4310,3557256
DS01_TR_leaf_spot_(166).jpg,Dataset_01_Clean,leaf_spot_(166).jpg,turmeric_datasets\dataset_01\original\Leaf_Spot\leaf_spot_(166).jpg,turmeric_leaf,1,Leaf_Spot,train,positive_train_turmeric_leaf,51f8d8186acc310ba1c31503ac218c05,3842461
DS01_TR_leaf_spot_(47).jpg,Dataset_01_Clean,leaf_spot_(47).jpg,turmeric_datasets\dataset_01\original\Leaf_Spot\leaf_spot_(47).jpg,turmeric_leaf,1,Leaf_Spot,train,positive_train_turmeric_leaf,c7898ea99b47f81c7c38d1e3651ab09c,3544982
DS01_TR_leaf_spot_(56).jpg,Dataset_01_Clean,leaf_spot_(56).jpg,turmeric_datasets\dataset_01\original\Leaf_Spot\leaf_spot_(56).jpg,turmeric_leaf,1,Leaf_Spot,train,positive_train_turmeric_leaf,faea4289bcf8fd161a87b82b922fade0,133570
DS01_TR_leaf_spot_(139).jpg,Dataset_01_Clean,leaf_spot_(139).jpg,turmeric_datasets\dataset_01\original\Leaf_Spot\leaf_spot_(139).jpg,turmeric_leaf,1,Leaf_Spot,train,positive_train_turmeric_leaf,e2d6ca23b0d5a9e90f7d9d8323e7f5b1,3755358
DS01_TR_leaf_spot_(112).jpg,Dataset_01_Clean,leaf_spot_(112).jpg,turmeric_datasets\dataset_01\original\Leaf_Spot\leaf_spot_(112).jpg,turmeric_leaf,1,Leaf_Spot,train,positive_train_turmeric_leaf,a75645398fa29f62435f9ba04e8aedbb,3727182
DS01_TR_leaf_spot_(74).jpg,Dataset_01_Clean,leaf_spot_(74).jpg,turmeric_datasets\dataset_01\original\Leaf_Spot\leaf_spot_(74).jpg,turmeric_leaf,1,Leaf_Spot,train,positive_train_turmeric_leaf,16e789db7b7cc7638876402b1098e284,3559309
DS01_TR_leaf_spot_(162).jpg,Dataset_01_Clean,leaf_spot_(162).jpg,turmeric_datasets\dataset_01\original\Leaf_Spot\leaf_spot_(162).jpg,turmeric_leaf,1,Leaf_Spot,train,positive_train_turmeric_leaf,ecca9af2c7ec88f6d9a225eb9f40e3d3,3603457
DS01_TR_leaf_spot_(168).jpg,Dataset_01_Clean,leaf_spot_(168).jpg,turmeric_datasets\dataset_01\original\Leaf_Spot\leaf_spot_(168).jpg,turmeric_leaf,1,Leaf_Spot,train,positive_train_turmeric_leaf,343734e181d7b1a73b181fd3b7fd8090,3659766
DS01_TR_leaf_spot_(146).jpg,Dataset_01_Clean,leaf_spot_(146).jpg,turmeric_datasets\dataset_01\original\Leaf_Spot\leaf_spot_(146).jpg,turmeric_leaf,1,Leaf_Spot,train,positive_train_turmeric_leaf,69413de1c820106fe4d13b800780feb0,3873952
DS01_TR_leaf_spot_(41).jpg,Dataset_01_Clean,leaf_spot_(41).jpg,turmeric_datasets\dataset_01\original\Leaf_Spot\leaf_spot_(41).jpg,turmeric_leaf,1,Leaf_Spot,train,positive_train_turmeric_leaf,1fce30246bdfde6209c292adfd16ef55,3927577
DS01_TR_leaf_spot_(40).jpg,Dataset_01_Clean,leaf_spot_(40).jpg,turmeric_datasets\dataset_01\original\Leaf_Spot\leaf_spot_(40).jpg,turmeric_leaf,1,Leaf_Spot,train,positive_train_turmeric_leaf,815910e6850656d72f4757a49ca75400,3952740
DS01_TR_leaf_spot_(120).jpg,Dataset_01_Clean,leaf_spot_(120).jpg,turmeric_datasets\dataset_01\original\Leaf_Spot\leaf_spot_(120).jpg,turmeric_leaf,1,Leaf_Spot,train,positive_train_turmeric_leaf,9033c9de8bb0b0b3ed4640a5ff7fa6a8,3877310
DS01_TR_leaf_spot_(191).jpg,Dataset_01_Clean,leaf_spot_(191).jpg,turmeric_datasets\dataset_01\original\Leaf_Spot\leaf_spot_(191).jpg,turmeric_leaf,1,Leaf_Spot,train,positive_train_turmeric_leaf,7827718bf3a5f9be5d9378e30a2fabed,3493592
DS01_TR_leaf_spot_(88).jpg,Dataset_01_Clean,leaf_spot_(88).jpg,turmeric_datasets\dataset_01\original\Leaf_Spot\leaf_spot_(88).jpg,turmeric_leaf,1,Leaf_Spot,train,positive_train_turmeric_leaf,cf08885bf5db0a4f88d6d2d61b964793,3799125
DS01_TR_leaf_spot_(93).jpg,Dataset_01_Clean,leaf_spot_(93).jpg,turmeric_datasets\dataset_01\original\Leaf_Spot\leaf_spot_(93).jpg,turmeric_leaf,1,Leaf_Spot,train,positive_train_turmeric_leaf,9c080854c708d2a76c20247b3a17a673,3684221
DS01_TR_leaf_spot_(4).jpg,Dataset_01_Clean,leaf_spot_(4).jpg,turmeric_datasets\dataset_01\original\Leaf_Spot\leaf_spot_(4).jpg,turmeric_leaf,1,Leaf_Spot,train,positive_train_turmeric_leaf,07f3723303cc1e78d503aa4f217cd34b,3463428
DS01_TR_leaf_spot_(24).jpg,Dataset_01_Clean,leaf_spot_(24).jpg,turmeric_datasets\dataset_01\original\Leaf_Spot\leaf_spot_(24).jpg,turmeric_leaf,1,Leaf_Spot,train,positive_train_turmeric_leaf,f9a972e037637073b9113aa91307d003,3960203
DS01_TR_leaf_spot_(129).jpg,Dataset_01_Clean,leaf_spot_(129).jpg,turmeric_datasets\dataset_01\original\Leaf_Spot\leaf_spot_(129).jpg,turmeric_leaf,1,Leaf_Spot,train,positive_train_turmeric_leaf,fb92a2a8ff7baf38470502a65de71868,3993282
DS01_TR_leaf_spot_(14).jpg,Dataset_01_Clean,leaf_spot_(14).jpg,turmeric_datasets\dataset_01\original\Leaf_Spot\leaf_spot_(14).jpg,turmeric_leaf,1,Leaf_Spot,train,positive_train_turmeric_leaf,10e4055dc140a7a3449cf758b098b905,3814787
DS01_TR_leaf_spot_(50).jpg,Dataset_01_Clean,leaf_spot_(50).jpg,turmeric_datasets\dataset_01\original\Leaf_Spot\leaf_spot_(50).jpg,turmeric_leaf,1,Leaf_Spot,train,positive_train_turmeric_leaf,9cb59f4fc7d7540506c971b6f5a7a510,4014424
DS01_TR_leaf_spot_(28).jpg,Dataset_01_Clean,leaf_spot_(28).jpg,turmeric_datasets\dataset_01\original\Leaf_Spot\leaf_spot_(28).jpg,turmeric_leaf,1,Leaf_Spot,train,positive_train_turmeric_leaf,0384595819618acdf87d38a885a12e21,3541223
DS01_TR_leaf_spot_(12).jpg,Dataset_01_Clean,leaf_spot_(12).jpg,turmeric_datasets\dataset_01\original\Leaf_Spot\leaf_spot_(12).jpg,turmeric_leaf,1,Leaf_Spot,train,positive_train_turmeric_leaf,88ee1fdbabc466c16f217292e22c5720,3739984
DS01_TR_leaf_spot_(181).jpg,Dataset_01_Clean,leaf_spot_(181).jpg,turmeric_datasets\dataset_01\original\Leaf_Spot\leaf_spot_(181).jpg,turmeric_leaf,1,Leaf_Spot,train,positive_train_turmeric_leaf,32103f51762efffb860f0cfcce1c58db,3647619
DS01_TR_leaf_spot_(66).jpg,Dataset_01_Clean,leaf_spot_(66).jpg,turmeric_datasets\dataset_01\original\Leaf_Spot\leaf_spot_(66).jpg,turmeric_leaf,1,Leaf_Spot,train,positive_train_turmeric_leaf,98e24e91e8e06a4f14830e58525ef63d,3960092
DS01_TR_leaf_spot_(101).jpg,Dataset_01_Clean,leaf_spot_(101).jpg,turmeric_datasets\dataset_01\original\Leaf_Spot\leaf_spot_(101).jpg,turmeric_leaf,1,Leaf_Spot,train,positive_train_turmeric_leaf,10ef265796dc8c80abdf99248e4b0d1c,3911971
DS01_TR_leaf_spot_(57).jpg,Dataset_01_Clean,leaf_spot_(57).jpg,turmeric_datasets\dataset_01\original\Leaf_Spot\leaf_spot_(57).jpg,turmeric_leaf,1,Leaf_Spot,train,positive_train_turmeric_leaf,3454ee7add97c1e665575ffda397cf56,3839037
DS01_TR_leaf_spot_(189).jpg,Dataset_01_Clean,leaf_spot_(189).jpg,turmeric_datasets\dataset_01\original\Leaf_Spot\leaf_spot_(189).jpg,turmeric_leaf,1,Leaf_Spot,train,positive_train_turmeric_leaf,c21e22e913ae9dd7a98ce10b8eded24d,3472582
DS01_TR_leaf_spot_(164).jpg,Dataset_01_Clean,leaf_spot_(164).jpg,turmeric_datasets\dataset_01\original\Leaf_Spot\leaf_spot_(164).jpg,turmeric_leaf,1,Leaf_Spot,train,positive_train_turmeric_leaf,efdd5d8eb7acfe089228aabe3e9f3014,3838987
DS01_TR_leaf_spot_(98).jpg,Dataset_01_Clean,leaf_spot_(98).jpg,turmeric_datasets\dataset_01\original\Leaf_Spot\leaf_spot_(98).jpg,turmeric_leaf,1,Leaf_Spot,train,positive_train_turmeric_leaf,db12a2e67069ca0c41ad5f1976663fc3,3507802
DS01_TR_leaf_spot_(77).jpg,Dataset_01_Clean,leaf_spot_(77).jpg,turmeric_datasets\dataset_01\original\Leaf_Spot\leaf_spot_(77).jpg,turmeric_leaf,1,Leaf_Spot,train,positive_train_turmeric_leaf,a0916b60af2e8d37dcad83412f8b7804,3654041
DS01_TR_leaf_spot_(7).jpg,Dataset_01_Clean,leaf_spot_(7).jpg,turmeric_datasets\dataset_01\original\Leaf_Spot\leaf_spot_(7).jpg,turmeric_leaf,1,Leaf_Spot,train,positive_train_turmeric_leaf,218db7a9aa7300b6361781498de23de3,3560522
DS01_TR_leaf_spot_(130).jpg,Dataset_01_Clean,leaf_spot_(130).jpg,turmeric_datasets\dataset_01\original\Leaf_Spot\leaf_spot_(130).jpg,turmeric_leaf,1,Leaf_Spot,train,positive_train_turmeric_leaf,8ae60858fe6dd3580fab934e945c8521,3788476
DS01_TR_leaf_spot_(109).jpg,Dataset_01_Clean,leaf_spot_(109).jpg,turmeric_datasets\dataset_01\original\Leaf_Spot\leaf_spot_(109).jpg,turmeric_leaf,1,Leaf_Spot,train,positive_train_turmeric_leaf,2a1ebb414c4fd15c4990dbf0ea39b335,3633163
DS01_TR_leaf_spot_(127).jpg,Dataset_01_Clean,leaf_spot_(127).jpg,turmeric_datasets\dataset_01\original\Leaf_Spot\leaf_spot_(127).jpg,turmeric_leaf,1,Leaf_Spot,train,positive_train_turmeric_leaf,bbc5e67e30fb7e19f568e3d2d5875002,3985333
DS01_TR_leaf_spot_(52).jpg,Dataset_01_Clean,leaf_spot_(52).jpg,turmeric_datasets\dataset_01\original\Leaf_Spot\leaf_spot_(52).jpg,turmeric_leaf,1,Leaf_Spot,train,positive_train_turmeric_leaf,235199a224a72312724c8ccbcd0b569b,4140235
DS01_TR_leaf_spot_(96).jpg,Dataset_01_Clean,leaf_spot_(96).jpg,turmeric_datasets\dataset_01\original\Leaf_Spot\leaf_spot_(96).jpg,turmeric_leaf,1,Leaf_Spot,train,positive_train_turmeric_leaf,0d9993ebba4d87c4b5329cd1e00d0e77,3607278
DS01_TR_leaf_spot_(167).jpg,Dataset_01_Clean,leaf_spot_(167).jpg,turmeric_datasets\dataset_01\original\Leaf_Spot\leaf_spot_(167).jpg,turmeric_leaf,1,Leaf_Spot,train,positive_train_turmeric_leaf,ad06a253e23b59f950ca57bcc5c91f5e,3859854
DS01_TR_leaf_spot_(192).jpg,Dataset_01_Clean,leaf_spot_(192).jpg,turmeric_datasets\dataset_01\original\Leaf_Spot\leaf_spot_(192).jpg,turmeric_leaf,1,Leaf_Spot,train,positive_train_turmeric_leaf,aca0334d6dcbe9283c56fb31155f5ed2,3498642
DS01_TR_leaf_spot_(29).jpg,Dataset_01_Clean,leaf_spot_(29).jpg,turmeric_datasets\dataset_01\original\Leaf_Spot\leaf_spot_(29).jpg,turmeric_leaf,1,Leaf_Spot,train,positive_train_turmeric_leaf,27d1e85c2c8e476b9f8be2217d8ce486,3573809
DS01_TR_leaf_spot_(152).jpg,Dataset_01_Clean,leaf_spot_(152).jpg,turmeric_datasets\dataset_01\original\Leaf_Spot\leaf_spot_(152).jpg,turmeric_leaf,1,Leaf_Spot,train,positive_train_turmeric_leaf,a206727eed003d75d0ead78422dd0899,4035024
DS01_TR_leaf_spot_(62).jpg,Dataset_01_Clean,leaf_spot_(62).jpg,turmeric_datasets\dataset_01\original\Leaf_Spot\leaf_spot_(62).jpg,turmeric_leaf,1,Leaf_Spot,train,positive_train_turmeric_leaf,bc554e996850b60ff910cf6a09538980,3811704
DS01_TR_leaf_spot_(39).jpg,Dataset_01_Clean,leaf_spot_(39).jpg,turmeric_datasets\dataset_01\original\Leaf_Spot\leaf_spot_(39).jpg,turmeric_leaf,1,Leaf_Spot,train,positive_train_turmeric_leaf,156612163ab88072c3c2b427949b5a5c,3945157
DS01_TR_leaf_spot_(17).jpg,Dataset_01_Clean,leaf_spot_(17).jpg,turmeric_datasets\dataset_01\original\Leaf_Spot\leaf_spot_(17).jpg,turmeric_leaf,1,Leaf_Spot,train,positive_train_turmeric_leaf,1f59ecffa2928a5bd317a369d9a69eb5,3735169
DS01_TR_leaf_spot_(89).jpg,Dataset_01_Clean,leaf_spot_(89).jpg,turmeric_datasets\dataset_01\original\Leaf_Spot\leaf_spot_(89).jpg,turmeric_leaf,1,Leaf_Spot,train,positive_train_turmeric_leaf,0dab6f84853fb9719f3b9f5509589336,3679759
DS01_TR_leaf_spot_(80).jpg,Dataset_01_Clean,leaf_spot_(80).jpg,turmeric_datasets\dataset_01\original\Leaf_Spot\leaf_spot_(80).jpg,turmeric_leaf,1,Leaf_Spot,train,positive_train_turmeric_leaf,b437f72abf154057b09eefc836651d04,3464302
DS01_TR_leaf_spot_(85).jpg,Dataset_01_Clean,leaf_spot_(85).jpg,turmeric_datasets\dataset_01\original\Leaf_Spot\leaf_spot_(85).jpg,turmeric_leaf,1,Leaf_Spot,train,positive_train_turmeric_leaf,5e8c2b72bbfe9d4a424a92927b73c87e,3734942
DS01_TR_leaf_spot_(183).jpg,Dataset_01_Clean,leaf_spot_(183).jpg,turmeric_datasets\dataset_01\original\Leaf_Spot\leaf_spot_(183).jpg,turmeric_leaf,1,Leaf_Spot,train,positive_train_turmeric_leaf,9a0e66ccbaf8eaba625426d4b968a0f8,4056720
DS01_TR_leaf_spot_(119).jpg,Dataset_01_Clean,leaf_spot_(119).jpg,turmeric_datasets\dataset_01\original\Leaf_Spot\leaf_spot_(119).jpg,turmeric_leaf,1,Leaf_Spot,train,positive_train_turmeric_leaf,ddbd409f6395aa53b56456cc503c3c01,3957212
DS01_TR_leaf_spot_(26).jpg,Dataset_01_Clean,leaf_spot_(26).jpg,turmeric_datasets\dataset_01\original\Leaf_Spot\leaf_spot_(26).jpg,turmeric_leaf,1,Leaf_Spot,train,positive_train_turmeric_leaf,550e46a2ba18baaaf559bb99f3694c6b,3492255
DS01_TR_leaf_spot_(45).jpg,Dataset_01_Clean,leaf_spot_(45).jpg,turmeric_datasets\dataset_01\original\Leaf_Spot\leaf_spot_(45).jpg,turmeric_leaf,1,Leaf_Spot,train,positive_train_turmeric_leaf,b7e3f341d2c7eb1334e5a46bff088a0c,3770919
DS01_TR_leaf_spot_(180).jpg,Dataset_01_Clean,leaf_spot_(180).jpg,turmeric_datasets\dataset_01\original\Leaf_Spot\leaf_spot_(180).jpg,turmeric_leaf,1,Leaf_Spot,train,positive_train_turmeric_leaf,8eec57b2ba39d4f7200e4e0d4eef6c3a,3642819
DS01_TR_leaf_spot_(151).jpg,Dataset_01_Clean,leaf_spot_(151).jpg,turmeric_datasets\dataset_01\original\Leaf_Spot\leaf_spot_(151).jpg,turmeric_leaf,1,Leaf_Spot,train,positive_train_turmeric_leaf,67cb55c746d878d63b741f7165e3cb1a,3925189
DS01_TR_leaf_spot_(20).jpg,Dataset_01_Clean,leaf_spot_(20).jpg,turmeric_datasets\dataset_01\original\Leaf_Spot\leaf_spot_(20).jpg,turmeric_leaf,1,Leaf_Spot,train,positive_train_turmeric_leaf,d1b04c1e3570455191acdbe952c89dee,3564387
DS01_TR_leaf_spot_(172).jpg,Dataset_01_Clean,leaf_spot_(172).jpg,turmeric_datasets\dataset_01\original\Leaf_Spot\leaf_spot_(172).jpg,turmeric_leaf,1,Leaf_Spot,train,positive_train_turmeric_leaf,6b92cb9cd979c176a68ccab625e7182a,4064636
DS01_TR_leaf_spot_(87).jpg,Dataset_01_Clean,leaf_spot_(87).jpg,turmeric_datasets\dataset_01\original\Leaf_Spot\leaf_spot_(87).jpg,turmeric_leaf,1,Leaf_Spot,train,positive_train_turmeric_leaf,11f5e218245b9ccc9a26c6f7f515c55f,3708838
DS01_TR_leaf_spot_(58).jpg,Dataset_01_Clean,leaf_spot_(58).jpg,turmeric_datasets\dataset_01\original\Leaf_Spot\leaf_spot_(58).jpg,turmeric_leaf,1,Leaf_Spot,train,positive_train_turmeric_leaf,d12f199bb3e07c8efb61b08311a8fc3a,3498327
DS01_TR_leaf_spot_(71).jpg,Dataset_01_Clean,leaf_spot_(71).jpg,turmeric_datasets\dataset_01\original\Leaf_Spot\leaf_spot_(71).jpg,turmeric_leaf,1,Leaf_Spot,train,positive_train_turmeric_leaf,ba2274832e969868552f2ee72892a593,3797809
DS01_TR_leaf_spot_(44).jpg,Dataset_01_Clean,leaf_spot_(44).jpg,turmeric_datasets\dataset_01\original\Leaf_Spot\leaf_spot_(44).jpg,turmeric_leaf,1,Leaf_Spot,train,positive_train_turmeric_leaf,1b26c6eae73d56db3f5d118c3d810879,3677423
DS01_TR_leaf_spot_(2).jpg,Dataset_01_Clean,leaf_spot_(2).jpg,turmeric_datasets\dataset_01\original\Leaf_Spot\leaf_spot_(2).jpg,turmeric_leaf,1,Leaf_Spot,train,positive_train_turmeric_leaf,e7c0cbfa452cc60de9a9891698b63164,4087598
DS01_TR_leaf_spot_(147).jpg,Dataset_01_Clean,leaf_spot_(147).jpg,turmeric_datasets\dataset_01\original\Leaf_Spot\leaf_spot_(147).jpg,turmeric_leaf,1,Leaf_Spot,train,positive_train_turmeric_leaf,a7bbf6fe837a46f1bf60472fe905502f,3939206
DS01_TR_leaf_spot_(22).jpg,Dataset_01_Clean,leaf_spot_(22).jpg,turmeric_datasets\dataset_01\original\Leaf_Spot\leaf_spot_(22).jpg,turmeric_leaf,1,Leaf_Spot,train,positive_train_turmeric_leaf,9ad690f40f1ea95a19df2d9a564a0c86,3577127
DS01_TR_leaf_spot_(10).jpg,Dataset_01_Clean,leaf_spot_(10).jpg,turmeric_datasets\dataset_01\original\Leaf_Spot\leaf_spot_(10).jpg,turmeric_leaf,1,Leaf_Spot,train,positive_train_turmeric_leaf,b3fca92d2f730ae463ce464c7b0d6533,3538664
DS01_TR_leaf_spot_(138).jpg,Dataset_01_Clean,leaf_spot_(138).jpg,turmeric_datasets\dataset_01\original\Leaf_Spot\leaf_spot_(138).jpg,turmeric_leaf,1,Leaf_Spot,train,positive_train_turmeric_leaf,74eb9ec38e11f75541760de45d2ab6d7,3667766
DS01_TR_leaf_spot_(173).jpg,Dataset_01_Clean,leaf_spot_(173).jpg,turmeric_datasets\dataset_01\original\Leaf_Spot\leaf_spot_(173).jpg,turmeric_leaf,1,Leaf_Spot,train,positive_train_turmeric_leaf,7de75b6204f6b81ac5f75a10d44ff7f6,3623531
DS01_TR_leaf_spot_(76).jpg,Dataset_01_Clean,leaf_spot_(76).jpg,turmeric_datasets\dataset_01\original\Leaf_Spot\leaf_spot_(76).jpg,turmeric_leaf,1,Leaf_Spot,train,positive_train_turmeric_leaf,dad2c212f023a2b2c4a14fa26b805b34,3609497
DS01_TR_leaf_spot_(106).jpg,Dataset_01_Clean,leaf_spot_(106).jpg,turmeric_datasets\dataset_01\original\Leaf_Spot\leaf_spot_(106).jpg,turmeric_leaf,1,Leaf_Spot,train,positive_train_turmeric_leaf,9f13868bf6a133bff15b8a36c21e0caa,3577810
DS01_TR_leaf_spot_(175).jpg,Dataset_01_Clean,leaf_spot_(175).jpg,turmeric_datasets\dataset_01\original\Leaf_Spot\leaf_spot_(175).jpg,turmeric_leaf,1,Leaf_Spot,train,positive_train_turmeric_leaf,c3b6fc5c473de10b9cd08a908bfefa8e,3687830
DS01_TR_leaf_spot_(82).jpg,Dataset_01_Clean,leaf_spot_(82).jpg,turmeric_datasets\dataset_01\original\Leaf_Spot\leaf_spot_(82).jpg,turmeric_leaf,1,Leaf_Spot,train,positive_train_turmeric_leaf,c09ec60dfe7425c5c6da37c9df63a9a0,3563088
DS01_TR_leaf_spot_(160).jpg,Dataset_01_Clean,leaf_spot_(160).jpg,turmeric_datasets\dataset_01\original\Leaf_Spot\leaf_spot_(160).jpg,turmeric_leaf,1,Leaf_Spot,train,positive_train_turmeric_leaf,fb675c82f3b18bb8a2310416e0c0169a,3710533
DS01_TR_leaf_spot_(179).jpg,Dataset_01_Clean,leaf_spot_(179).jpg,turmeric_datasets\dataset_01\original\Leaf_Spot\leaf_spot_(179).jpg,turmeric_leaf,1,Leaf_Spot,train,positive_train_turmeric_leaf,1d537277449d28d4a6ecb1fa39a80ac9,3200844
DS01_TR_leaf_spot_(68).jpg,Dataset_01_Clean,leaf_spot_(68).jpg,turmeric_datasets\dataset_01\original\Leaf_Spot\leaf_spot_(68).jpg,turmeric_leaf,1,Leaf_Spot,train,positive_train_turmeric_leaf,0a6e237fe7c7c490eaf80ec34f30807a,3797480
DS01_TR_leaf_spot_(126).jpg,Dataset_01_Clean,leaf_spot_(126).jpg,turmeric_datasets\dataset_01\original\Leaf_Spot\leaf_spot_(126).jpg,turmeric_leaf,1,Leaf_Spot,train,positive_train_turmeric_leaf,23ce7accdcbfa3df22177e6c603a817e,3833923
DS01_TR_leaf_spot_(169).jpg,Dataset_01_Clean,leaf_spot_(169).jpg,turmeric_datasets\dataset_01\original\Leaf_Spot\leaf_spot_(169).jpg,turmeric_leaf,1,Leaf_Spot,train,positive_train_turmeric_leaf,d17fdd782b4a53edbebd5701973b4764,3538952
DS01_TR_leaf_spot_(122).jpg,Dataset_01_Clean,leaf_spot_(122).jpg,turmeric_datasets\dataset_01\original\Leaf_Spot\leaf_spot_(122).jpg,turmeric_leaf,1,Leaf_Spot,train,positive_train_turmeric_leaf,ed213ca02c26f3d0fec81d699e29a4f0,3958289
DS01_TR_leaf_spot_(155).jpg,Dataset_01_Clean,leaf_spot_(155).jpg,turmeric_datasets\dataset_01\original\Leaf_Spot\leaf_spot_(155).jpg,turmeric_leaf,1,Leaf_Spot,train,positive_train_turmeric_leaf,6be65202302d5c24b1b8798a419ee303,3761868
DS01_TR_leaf_spot_(116).jpg,Dataset_01_Clean,leaf_spot_(116).jpg,turmeric_datasets\dataset_01\original\Leaf_Spot\leaf_spot_(116).jpg,turmeric_leaf,1,Leaf_Spot,train,positive_train_turmeric_leaf,13906b92d764f5d61bf93fa4c995da2c,3677185
DS01_VA_leaf_spot_(190).jpg,Dataset_01_Clean,leaf_spot_(190).jpg,turmeric_datasets\dataset_01\original\Leaf_Spot\leaf_spot_(190).jpg,turmeric_leaf,1,Leaf_Spot,val,positive_val_turmeric_leaf,6cf980937d2df3a0208f2b4c55f5e0a4,3397082
DS01_VA_leaf_spot_(186).jpg,Dataset_01_Clean,leaf_spot_(186).jpg,turmeric_datasets\dataset_01\original\Leaf_Spot\leaf_spot_(186).jpg,turmeric_leaf,1,Leaf_Spot,val,positive_val_turmeric_leaf,c61748d3912dd1ea7895d587e073efd0,3523078
DS01_VA_leaf_spot_(51).jpg,Dataset_01_Clean,leaf_spot_(51).jpg,turmeric_datasets\dataset_01\original\Leaf_Spot\leaf_spot_(51).jpg,turmeric_leaf,1,Leaf_Spot,val,positive_val_turmeric_leaf,1d57c19b436afc15ae1abbcd7c5c0de1,4086600
DS01_VA_leaf_spot_(92).jpg,Dataset_01_Clean,leaf_spot_(92).jpg,turmeric_datasets\dataset_01\original\Leaf_Spot\leaf_spot_(92).jpg,turmeric_leaf,1,Leaf_Spot,val,positive_val_turmeric_leaf,6cf9494e252b47ec7be800547ed2b60f,3733570
DS01_VA_leaf_spot_(123).jpg,Dataset_01_Clean,leaf_spot_(123).jpg,turmeric_datasets\dataset_01\original\Leaf_Spot\leaf_spot_(123).jpg,turmeric_leaf,1,Leaf_Spot,val,positive_val_turmeric_leaf,8e1eeb7c16179fe4e1ce13ffc421b647,3951393
DS01_VA_leaf_spot_(170).jpg,Dataset_01_Clean,leaf_spot_(170).jpg,turmeric_datasets\dataset_01\original\Leaf_Spot\leaf_spot_(170).jpg,turmeric_leaf,1,Leaf_Spot,val,positive_val_turmeric_leaf,cadbff2e1d5c9c267436d50d7fbaf943,3604889
DS01_VA_leaf_spot_(136).jpg,Dataset_01_Clean,leaf_spot_(136).jpg,turmeric_datasets\dataset_01\original\Leaf_Spot\leaf_spot_(136).jpg,turmeric_leaf,1,Leaf_Spot,val,positive_val_turmeric_leaf,385241efc1173f5890b2551498df21ea,3749460
DS01_VA_leaf_spot_(6).jpg,Dataset_01_Clean,leaf_spot_(6).jpg,turmeric_datasets\dataset_01\original\Leaf_Spot\leaf_spot_(6).jpg,turmeric_leaf,1,Leaf_Spot,val,positive_val_turmeric_leaf,0330e4c350f69795f6e79fc9e5a64d97,3523031
DS01_VA_leaf_spot_(137).jpg,Dataset_01_Clean,leaf_spot_(137).jpg,turmeric_datasets\dataset_01\original\Leaf_Spot\leaf_spot_(137).jpg,turmeric_leaf,1,Leaf_Spot,val,positive_val_turmeric_leaf,77dbeb84fe36da3accae9519c824d0f9,3687665
DS01_VA_leaf_spot_(184).jpg,Dataset_01_Clean,leaf_spot_(184).jpg,turmeric_datasets\dataset_01\original\Leaf_Spot\leaf_spot_(184).jpg,turmeric_leaf,1,Leaf_Spot,val,positive_val_turmeric_leaf,bf5aa585b81bcfa4adfcb7e82296c862,3563535
DS01_VA_leaf_spot_(158).jpg,Dataset_01_Clean,leaf_spot_(158).jpg,turmeric_datasets\dataset_01\original\Leaf_Spot\leaf_spot_(158).jpg,turmeric_leaf,1,Leaf_Spot,val,positive_val_turmeric_leaf,e07bc562ab7effa41a19247c6d9c5d13,3578424
DS01_VA_leaf_spot_(32).jpg,Dataset_01_Clean,leaf_spot_(32).jpg,turmeric_datasets\dataset_01\original\Leaf_Spot\leaf_spot_(32).jpg,turmeric_leaf,1,Leaf_Spot,val,positive_val_turmeric_leaf,3765e424a0e5f1ba54ee1a33f7ce64d5,3616467
DS01_VA_leaf_spot_(149).jpg,Dataset_01_Clean,leaf_spot_(149).jpg,turmeric_datasets\dataset_01\original\Leaf_Spot\leaf_spot_(149).jpg,turmeric_leaf,1,Leaf_Spot,val,positive_val_turmeric_leaf,57dac32fc3525ae876525dc9f2e26227,3804733
DS01_VA_leaf_spot_(94).jpg,Dataset_01_Clean,leaf_spot_(94).jpg,turmeric_datasets\dataset_01\original\Leaf_Spot\leaf_spot_(94).jpg,turmeric_leaf,1,Leaf_Spot,val,positive_val_turmeric_leaf,66b1cb9bd7e118034f9349c0b8d7d61f,3555368
DS01_VA_leaf_spot_(125).jpg,Dataset_01_Clean,leaf_spot_(125).jpg,turmeric_datasets\dataset_01\original\Leaf_Spot\leaf_spot_(125).jpg,turmeric_leaf,1,Leaf_Spot,val,positive_val_turmeric_leaf,9807eebb723692af97cda429f17777b2,3982788
DS01_VA_leaf_spot_(34).jpg,Dataset_01_Clean,leaf_spot_(34).jpg,turmeric_datasets\dataset_01\original\Leaf_Spot\leaf_spot_(34).jpg,turmeric_leaf,1,Leaf_Spot,val,positive_val_turmeric_leaf,8eae1f94a639e46d6ed3e826ff0bd02a,3447140
DS01_VA_leaf_spot_(128).jpg,Dataset_01_Clean,leaf_spot_(128).jpg,turmeric_datasets\dataset_01\original\Leaf_Spot\leaf_spot_(128).jpg,turmeric_leaf,1,Leaf_Spot,val,positive_val_turmeric_leaf,629bbcb8b40022f5a319263834e4ddb7,3725749
DS01_VA_leaf_spot_(154).jpg,Dataset_01_Clean,leaf_spot_(154).jpg,turmeric_datasets\dataset_01\original\Leaf_Spot\leaf_spot_(154).jpg,turmeric_leaf,1,Leaf_Spot,val,positive_val_turmeric_leaf,2a4d27daece1ab55b136761e42768b69,3774245
DS01_VA_leaf_spot_(134).jpg,Dataset_01_Clean,leaf_spot_(134).jpg,turmeric_datasets\dataset_01\original\Leaf_Spot\leaf_spot_(134).jpg,turmeric_leaf,1,Leaf_Spot,val,positive_val_turmeric_leaf,5ef58c3a4d598c8b3502ad779df0711d,3887057
DS01_VA_leaf_spot_(103).jpg,Dataset_01_Clean,leaf_spot_(103).jpg,turmeric_datasets\dataset_01\original\Leaf_Spot\leaf_spot_(103).jpg,turmeric_leaf,1,Leaf_Spot,val,positive_val_turmeric_leaf,519a8b7c8a548b9dec57165cf94b72d3,3809691
DS01_VA_leaf_spot_(145).jpg,Dataset_01_Clean,leaf_spot_(145).jpg,turmeric_datasets\dataset_01\original\Leaf_Spot\leaf_spot_(145).jpg,turmeric_leaf,1,Leaf_Spot,val,positive_val_turmeric_leaf,18b6ae2a309f2ef2e755658c0db935b8,3916678
DS01_VA_leaf_spot_(156).jpg,Dataset_01_Clean,leaf_spot_(156).jpg,turmeric_datasets\dataset_01\original\Leaf_Spot\leaf_spot_(156).jpg,turmeric_leaf,1,Leaf_Spot,val,positive_val_turmeric_leaf,62f8246e78b3737b62216fc3359490ab,3943508
DS01_VA_leaf_spot_(105).jpg,Dataset_01_Clean,leaf_spot_(105).jpg,turmeric_datasets\dataset_01\original\Leaf_Spot\leaf_spot_(105).jpg,turmeric_leaf,1,Leaf_Spot,val,positive_val_turmeric_leaf,d9053bcb7bbd176d893b5d74f19ecb49,3858534
DS01_VA_leaf_spot_(108).jpg,Dataset_01_Clean,leaf_spot_(108).jpg,turmeric_datasets\dataset_01\original\Leaf_Spot\leaf_spot_(108).jpg,turmeric_leaf,1,Leaf_Spot,val,positive_val_turmeric_leaf,e6ddc451e52bc8ff8020c0d74f8a7284,3721453
DS01_VA_leaf_spot_(114).jpg,Dataset_01_Clean,leaf_spot_(114).jpg,turmeric_datasets\dataset_01\original\Leaf_Spot\leaf_spot_(114).jpg,turmeric_leaf,1,Leaf_Spot,val,positive_val_turmeric_leaf,4682780642eb7e5bae548ec50db8bf32,3755559
DS01_VA_leaf_spot_(150).jpg,Dataset_01_Clean,leaf_spot_(150).jpg,turmeric_datasets\dataset_01\original\Leaf_Spot\leaf_spot_(150).jpg,turmeric_leaf,1,Leaf_Spot,val,positive_val_turmeric_leaf,4b3132dc8d9af254eb2b48087ced23ac,3784686
DS01_VA_leaf_spot_(18).jpg,Dataset_01_Clean,leaf_spot_(18).jpg,turmeric_datasets\dataset_01\original\Leaf_Spot\leaf_spot_(18).jpg,turmeric_leaf,1,Leaf_Spot,val,positive_val_turmeric_leaf,7cf0d756ab4d2811bc8cdfd13ea7c967,3485743
DS01_VA_leaf_spot_(110).jpg,Dataset_01_Clean,leaf_spot_(110).jpg,turmeric_datasets\dataset_01\original\Leaf_Spot\leaf_spot_(110).jpg,turmeric_leaf,1,Leaf_Spot,val,positive_val_turmeric_leaf,dd592f6a2206f66b0530726b1a7d7be3,3714860
DS01_VA_leaf_spot_(5).jpg,Dataset_01_Clean,leaf_spot_(5).jpg,turmeric_datasets\dataset_01\original\Leaf_Spot\leaf_spot_(5).jpg,turmeric_leaf,1,Leaf_Spot,val,positive_val_turmeric_leaf,dcc6541c94c5d0dd2ac0ff6afe24e019,3451839
DS01_IN_leaf_spot_(102).jpg,Dataset_01_Clean,leaf_spot_(102).jpg,turmeric_datasets\dataset_01\original\Leaf_Spot\leaf_spot_(102).jpg,turmeric_leaf,1,Leaf_Spot,internal_test,positive_internal_test_turmeric_leaf,71dc243fbdad66ae51fbd29f0e44ae75,3732703
DS01_IN_leaf_spot_(33).jpg,Dataset_01_Clean,leaf_spot_(33).jpg,turmeric_datasets\dataset_01\original\Leaf_Spot\leaf_spot_(33).jpg,turmeric_leaf,1,Leaf_Spot,internal_test,positive_internal_test_turmeric_leaf,20594be0cb1489b65a2462612de3227e,3582155
DS01_IN_leaf_spot_(117).jpg,Dataset_01_Clean,leaf_spot_(117).jpg,turmeric_datasets\dataset_01\original\Leaf_Spot\leaf_spot_(117).jpg,turmeric_leaf,1,Leaf_Spot,internal_test,positive_internal_test_turmeric_leaf,7996b6ce7f81efef41d72e146d911207,3654825
DS01_IN_leaf_spot_(157).jpg,Dataset_01_Clean,leaf_spot_(157).jpg,turmeric_datasets\dataset_01\original\Leaf_Spot\leaf_spot_(157).jpg,turmeric_leaf,1,Leaf_Spot,internal_test,positive_internal_test_turmeric_leaf,21175c61e7ba98a05b5364e66898c93c,3722178
DS01_IN_leaf_spot_(21).jpg,Dataset_01_Clean,leaf_spot_(21).jpg,turmeric_datasets\dataset_01\original\Leaf_Spot\leaf_spot_(21).jpg,turmeric_leaf,1,Leaf_Spot,internal_test,positive_internal_test_turmeric_leaf,887ada28a3385461dd12b7cf5d67211c,3493080
DS01_IN_leaf_spot_(163).jpg,Dataset_01_Clean,leaf_spot_(163).jpg,turmeric_datasets\dataset_01\original\Leaf_Spot\leaf_spot_(163).jpg,turmeric_leaf,1,Leaf_Spot,internal_test,positive_internal_test_turmeric_leaf,43409afb30786acad2e33dc99794f10d,3717595
DS01_IN_leaf_spot_(84).jpg,Dataset_01_Clean,leaf_spot_(84).jpg,turmeric_datasets\dataset_01\original\Leaf_Spot\leaf_spot_(84).jpg,turmeric_leaf,1,Leaf_Spot,internal_test,positive_internal_test_turmeric_leaf,74902469969075ed6c71e9795221742c,3702830
DS01_IN_leaf_spot_(177).jpg,Dataset_01_Clean,leaf_spot_(177).jpg,turmeric_datasets\dataset_01\original\Leaf_Spot\leaf_spot_(177).jpg,turmeric_leaf,1,Leaf_Spot,internal_test,positive_internal_test_turmeric_leaf,9573c73a6893f58a89afebbe3422e19b,3620003
DS01_IN_leaf_spot_(83).jpg,Dataset_01_Clean,leaf_spot_(83).jpg,turmeric_datasets\dataset_01\original\Leaf_Spot\leaf_spot_(83).jpg,turmeric_leaf,1,Leaf_Spot,internal_test,positive_internal_test_turmeric_leaf,e0711e8f81f29ab4a0d7a7195543f847,3584981
DS01_IN_leaf_spot_(3).jpg,Dataset_01_Clean,leaf_spot_(3).jpg,turmeric_datasets\dataset_01\original\Leaf_Spot\leaf_spot_(3).jpg,turmeric_leaf,1,Leaf_Spot,internal_test,positive_internal_test_turmeric_leaf,a3a67600815a332e7f5a400ce60bb901,3450931
DS01_IN_leaf_spot_(148).jpg,Dataset_01_Clean,leaf_spot_(148).jpg,turmeric_datasets\dataset_01\original\Leaf_Spot\leaf_spot_(148).jpg,turmeric_leaf,1,Leaf_Spot,internal_test,positive_internal_test_turmeric_leaf,def0eefbad4feec41d6c8bd2172b9daa,3792430
DS01_IN_leaf_spot_(174).jpg,Dataset_01_Clean,leaf_spot_(174).jpg,turmeric_datasets\dataset_01\original\Leaf_Spot\leaf_spot_(174).jpg,turmeric_leaf,1,Leaf_Spot,internal_test,positive_internal_test_turmeric_leaf,05f023c6f9e941e5a0958fbb881f45de,3600851
DS01_IN_leaf_spot_(187).jpg,Dataset_01_Clean,leaf_spot_(187).jpg,turmeric_datasets\dataset_01\original\Leaf_Spot\leaf_spot_(187).jpg,turmeric_leaf,1,Leaf_Spot,internal_test,positive_internal_test_turmeric_leaf,8217f92f5e069ee8731a7faf426eac74,3473118
DS01_IN_leaf_spot_(159).jpg,Dataset_01_Clean,leaf_spot_(159).jpg,turmeric_datasets\dataset_01\original\Leaf_Spot\leaf_spot_(159).jpg,turmeric_leaf,1,Leaf_Spot,internal_test,positive_internal_test_turmeric_leaf,311d360b7cadf67449665d61a33f9d61,3558942
DS01_IN_leaf_spot_(11).jpg,Dataset_01_Clean,leaf_spot_(11).jpg,turmeric_datasets\dataset_01\original\Leaf_Spot\leaf_spot_(11).jpg,turmeric_leaf,1,Leaf_Spot,internal_test,positive_internal_test_turmeric_leaf,580d37a225f276668fbea4cd352a7123,3407282
DS01_IN_leaf_spot_(140).jpg,Dataset_01_Clean,leaf_spot_(140).jpg,turmeric_datasets\dataset_01\original\Leaf_Spot\leaf_spot_(140).jpg,turmeric_leaf,1,Leaf_Spot,internal_test,positive_internal_test_turmeric_leaf,aac9d4dd5521f7688aa8ba8964734312,3753703
DS01_IN_leaf_spot_(31).jpg,Dataset_01_Clean,leaf_spot_(31).jpg,turmeric_datasets\dataset_01\original\Leaf_Spot\leaf_spot_(31).jpg,turmeric_leaf,1,Leaf_Spot,internal_test,positive_internal_test_turmeric_leaf,371c583601436890cb360986c66e47a7,3493644
DS01_IN_leaf_spot_(13).jpg,Dataset_01_Clean,leaf_spot_(13).jpg,turmeric_datasets\dataset_01\original\Leaf_Spot\leaf_spot_(13).jpg,turmeric_leaf,1,Leaf_Spot,internal_test,positive_internal_test_turmeric_leaf,b20a7946ce95a701b48f3962721a71c2,3644119
DS01_IN_leaf_spot_(23).jpg,Dataset_01_Clean,leaf_spot_(23).jpg,turmeric_datasets\dataset_01\original\Leaf_Spot\leaf_spot_(23).jpg,turmeric_leaf,1,Leaf_Spot,internal_test,positive_internal_test_turmeric_leaf,99533959bd979af0b59b7479faf516a9,3482508
DS01_IN_leaf_spot_(73).jpg,Dataset_01_Clean,leaf_spot_(73).jpg,turmeric_datasets\dataset_01\original\Leaf_Spot\leaf_spot_(73).jpg,turmeric_leaf,1,Leaf_Spot,internal_test,positive_internal_test_turmeric_leaf,9db71e853fa9a722624b3b188bc0cbf0,3747709
DS01_IN_leaf_spot_(118).jpg,Dataset_01_Clean,leaf_spot_(118).jpg,turmeric_datasets\dataset_01\original\Leaf_Spot\leaf_spot_(118).jpg,turmeric_leaf,1,Leaf_Spot,internal_test,positive_internal_test_turmeric_leaf,f20edce50ac20effd29507e8d9257c29,3861967
DS01_IN_leaf_spot_(97).jpg,Dataset_01_Clean,leaf_spot_(97).jpg,turmeric_datasets\dataset_01\original\Leaf_Spot\leaf_spot_(97).jpg,turmeric_leaf,1,Leaf_Spot,internal_test,positive_internal_test_turmeric_leaf,80a026a8c3a4e179a765820b4ad30903,3662693
DS01_IN_leaf_spot_(78).jpg,Dataset_01_Clean,leaf_spot_(78).jpg,turmeric_datasets\dataset_01\original\Leaf_Spot\leaf_spot_(78).jpg,turmeric_leaf,1,Leaf_Spot,internal_test,positive_internal_test_turmeric_leaf,d9db0b5292f8adce5699c91bbf33930c,3602790
DS01_IN_leaf_spot_(55).jpg,Dataset_01_Clean,leaf_spot_(55).jpg,turmeric_datasets\dataset_01\original\Leaf_Spot\leaf_spot_(55).jpg,turmeric_leaf,1,Leaf_Spot,internal_test,positive_internal_test_turmeric_leaf,9f03db56ea97c3391ee49f914b53e555,3607590
DS01_IN_leaf_spot_(61).jpg,Dataset_01_Clean,leaf_spot_(61).jpg,turmeric_datasets\dataset_01\original\Leaf_Spot\leaf_spot_(61).jpg,turmeric_leaf,1,Leaf_Spot,internal_test,positive_internal_test_turmeric_leaf,d2a5bc5daee4bac8522581526318fb61,3475611
DS01_IN_leaf_spot_(19).jpg,Dataset_01_Clean,leaf_spot_(19).jpg,turmeric_datasets\dataset_01\original\Leaf_Spot\leaf_spot_(19).jpg,turmeric_leaf,1,Leaf_Spot,internal_test,positive_internal_test_turmeric_leaf,8b2d3c826aea75f5dc98fcf21d428d35,3485044
DS01_IN_leaf_spot_(104).jpg,Dataset_01_Clean,leaf_spot_(104).jpg,turmeric_datasets\dataset_01\original\Leaf_Spot\leaf_spot_(104).jpg,turmeric_leaf,1,Leaf_Spot,internal_test,positive_internal_test_turmeric_leaf,73bce7586265524f0f167e6c23bd20f2,3808506
DS01_IN_leaf_spot_(48).jpg,Dataset_01_Clean,leaf_spot_(48).jpg,turmeric_datasets\dataset_01\original\Leaf_Spot\leaf_spot_(48).jpg,turmeric_leaf,1,Leaf_Spot,internal_test,positive_internal_test_turmeric_leaf,f068d271913fb9072755f5d1a56a5845,3744466
DS01_IN_leaf_spot_(69).jpg,Dataset_01_Clean,leaf_spot_(69).jpg,turmeric_datasets\dataset_01\original\Leaf_Spot\leaf_spot_(69).jpg,turmeric_leaf,1,Leaf_Spot,internal_test,positive_internal_test_turmeric_leaf,326f20fee086f0237ce754e57debf346,3765175
DS02_EXT_FROZEN_001_Healthy Leaf00002.JPG,Dataset_02_Mendeley,Healthy Leaf00002.JPG,turmeric_datasets\dataset_02\original\Turmeric Plant Disease\Healthy Leaf\Healthy Leaf00002.JPG,turmeric_leaf,1,Healthy_Field,external_test,held_out_external_generalization_test,49e67a75436027c5329208a380f8d3f0,221071
DS02_EXT_FROZEN_002_Healthy Leaf00007.JPG,Dataset_02_Mendeley,Healthy Leaf00007.JPG,turmeric_datasets\dataset_02\original\Turmeric Plant Disease\Healthy Leaf\Healthy Leaf00007.JPG,turmeric_leaf,1,Healthy_Field,external_test,held_out_external_generalization_test,f762950b99dc549c4b382b700ffc2f06,208301
DS02_EXT_FROZEN_003_Healthy Leaf00007.JPG,Dataset_02_Mendeley,Healthy Leaf00007.JPG,turmeric_datasets\dataset_02\original\Turmeric Plant Disease\Healthy Leaf\Healthy Leaf00007.JPG,turmeric_leaf,1,Healthy_Field,external_test,held_out_external_generalization_test,f762950b99dc549c4b382b700ffc2f06,208301
DS02_EXT_FROZEN_004_Healthy Leaf00008.JPG,Dataset_02_Mendeley,Healthy Leaf00008.JPG,turmeric_datasets\dataset_02\original\Turmeric Plant Disease\Healthy Leaf\Healthy Leaf00008.JPG,turmeric_leaf,1,Healthy_Field,external_test,held_out_external_generalization_test,9920d5cafeabcb7279e6f12e9686549e,226873
DS02_EXT_FROZEN_005_Healthy Leaf00009.JPG,Dataset_02_Mendeley,Healthy Leaf00009.JPG,turmeric_datasets\dataset_02\original\Turmeric Plant Disease\Healthy Leaf\Healthy Leaf00009.JPG,turmeric_leaf,1,Healthy_Field,external_test,held_out_external_generalization_test,21101c7b1bb0d4f4bda19380468a6859,208601
DS02_EXT_FROZEN_006_Healthy Leaf00012.JPG,Dataset_02_Mendeley,Healthy Leaf00012.JPG,turmeric_datasets\dataset_02\original\Turmeric Plant Disease\Healthy Leaf\Healthy Leaf00012.JPG,turmeric_leaf,1,Healthy_Field,external_test,held_out_external_generalization_test,81e572a6d1fbf8da7d57d677a2fbe0fa,231270
DS02_EXT_FROZEN_007_Healthy Leaf00012.JPG,Dataset_02_Mendeley,Healthy Leaf00012.JPG,turmeric_datasets\dataset_02\original\Turmeric Plant Disease\Healthy Leaf\Healthy Leaf00012.JPG,turmeric_leaf,1,Healthy_Field,external_test,held_out_external_generalization_test,81e572a6d1fbf8da7d57d677a2fbe0fa,231270
DS02_EXT_FROZEN_008_Healthy Leaf00015.JPG,Dataset_02_Mendeley,Healthy Leaf00015.JPG,turmeric_datasets\dataset_02\original\Turmeric Plant Disease\Healthy Leaf\Healthy Leaf00015.JPG,turmeric_leaf,1,Healthy_Field,external_test,held_out_external_generalization_test,256f2349efae281720ce0c6d8699a1f6,238019
DS02_EXT_FROZEN_009_Healthy Leaf00017.JPG,Dataset_02_Mendeley,Healthy Leaf00017.JPG,turmeric_datasets\dataset_02\original\Turmeric Plant Disease\Healthy Leaf\Healthy Leaf00017.JPG,turmeric_leaf,1,Healthy_Field,external_test,held_out_external_generalization_test,4fa28524ad8ce48510a53226bede8318,248318
DS02_EXT_FROZEN_010_Healthy Leaf00018.JPG,Dataset_02_Mendeley,Healthy Leaf00018.JPG,turmeric_datasets\dataset_02\original\Turmeric Plant Disease\Healthy Leaf\Healthy Leaf00018.JPG,turmeric_leaf,1,Healthy_Field,external_test,held_out_external_generalization_test,3ae87d9253af77d96ee423da2891811d,245763
DS02_EXT_FROZEN_011_Healthy Leaf00019.JPG,Dataset_02_Mendeley,Healthy Leaf00019.JPG,turmeric_datasets\dataset_02\original\Turmeric Plant Disease\Healthy Leaf\Healthy Leaf00019.JPG,turmeric_leaf,1,Healthy_Field,external_test,held_out_external_generalization_test,e49eefcef6e3147327971ea3fd0a7d25,209961
DS02_EXT_FROZEN_012_Healthy Leaf00021.JPG,Dataset_02_Mendeley,Healthy Leaf00021.JPG,turmeric_datasets\dataset_02\original\Turmeric Plant Disease\Healthy Leaf\Healthy Leaf00021.JPG,turmeric_leaf,1,Healthy_Field,external_test,held_out_external_generalization_test,4d473b3f366af0c5ac2418f64e63dd9c,272926
DS02_EXT_FROZEN_013_Healthy Leaf00023.JPG,Dataset_02_Mendeley,Healthy Leaf00023.JPG,turmeric_datasets\dataset_02\original\Turmeric Plant Disease\Healthy Leaf\Healthy Leaf00023.JPG,turmeric_leaf,1,Healthy_Field,external_test,held_out_external_generalization_test,c7715c95d265ad8919929fd861d2e7f9,284839
DS02_EXT_FROZEN_014_Healthy Leaf00024.JPG,Dataset_02_Mendeley,Healthy Leaf00024.JPG,turmeric_datasets\dataset_02\original\Turmeric Plant Disease\Healthy Leaf\Healthy Leaf00024.JPG,turmeric_leaf,1,Healthy_Field,external_test,held_out_external_generalization_test,96add6b1d3d10b79f421f6f66931bc1b,260507
DS02_EXT_FROZEN_015_Healthy Leaf00025.JPG,Dataset_02_Mendeley,Healthy Leaf00025.JPG,turmeric_datasets\dataset_02\original\Turmeric Plant Disease\Healthy Leaf\Healthy Leaf00025.JPG,turmeric_leaf,1,Healthy_Field,external_test,held_out_external_generalization_test,34fa7fcec5008c2cec610985b8b773eb,266368
DS02_EXT_FROZEN_016_Healthy Leaf00026.JPG,Dataset_02_Mendeley,Healthy Leaf00026.JPG,turmeric_datasets\dataset_02\original\Turmeric Plant Disease\Healthy Leaf\Healthy Leaf00026.JPG,turmeric_leaf,1,Healthy_Field,external_test,held_out_external_generalization_test,7068aeea06291ebba6e8ef205bcd5898,282137
DS02_EXT_FROZEN_017_Healthy Leaf00027.JPG,Dataset_02_Mendeley,Healthy Leaf00027.JPG,turmeric_datasets\dataset_02\original\Turmeric Plant Disease\Healthy Leaf\Healthy Leaf00027.JPG,turmeric_leaf,1,Healthy_Field,external_test,held_out_external_generalization_test,0a6cb42b9dbff660e3b92fa65d5be4b1,244870
DS02_EXT_FROZEN_018_Healthy Leaf00029.JPG,Dataset_02_Mendeley,Healthy Leaf00029.JPG,turmeric_datasets\dataset_02\original\Turmeric Plant Disease\Healthy Leaf\Healthy Leaf00029.JPG,turmeric_leaf,1,Healthy_Field,external_test,held_out_external_generalization_test,51ff5eff0edcefdbf4e583144a7a06e8,228185
DS02_EXT_FROZEN_019_Healthy Leaf00032.JPG,Dataset_02_Mendeley,Healthy Leaf00032.JPG,turmeric_datasets\dataset_02\original\Turmeric Plant Disease\Healthy Leaf\Healthy Leaf00032.JPG,turmeric_leaf,1,Healthy_Field,external_test,held_out_external_generalization_test,fcefaa76808b571330854ef8e06d6721,209305
DS02_EXT_FROZEN_020_Healthy Leaf00036.JPG,Dataset_02_Mendeley,Healthy Leaf00036.JPG,turmeric_datasets\dataset_02\original\Turmeric Plant Disease\Healthy Leaf\Healthy Leaf00036.JPG,turmeric_leaf,1,Healthy_Field,external_test,held_out_external_generalization_test,8c487ec0e5642798c35719e893e663ae,203946
DS02_EXT_FROZEN_021_Healthy Leaf00040.JPG,Dataset_02_Mendeley,Healthy Leaf00040.JPG,turmeric_datasets\dataset_02\original\Turmeric Plant Disease\Healthy Leaf\Healthy Leaf00040.JPG,turmeric_leaf,1,Healthy_Field,external_test,held_out_external_generalization_test,7bdca77dca562b71fc405d1607f9d0cc,197356
DS02_EXT_FROZEN_022_Healthy Leaf00041.JPG,Dataset_02_Mendeley,Healthy Leaf00041.JPG,turmeric_datasets\dataset_02\original\Turmeric Plant Disease\Healthy Leaf\Healthy Leaf00041.JPG,turmeric_leaf,1,Healthy_Field,external_test,held_out_external_generalization_test,99dcacbc80a3c18d7d179d9632ec4748,197400
DS02_EXT_FROZEN_023_Healthy Leaf00042.JPG,Dataset_02_Mendeley,Healthy Leaf00042.JPG,turmeric_datasets\dataset_02\original\Turmeric Plant Disease\Healthy Leaf\Healthy Leaf00042.JPG,turmeric_leaf,1,Healthy_Field,external_test,held_out_external_generalization_test,c9151c077f6da2a3c8aefe89182e7959,199607
DS02_EXT_FROZEN_024_Healthy Leaf00044.JPG,Dataset_02_Mendeley,Healthy Leaf00044.JPG,turmeric_datasets\dataset_02\original\Turmeric Plant Disease\Healthy Leaf\Healthy Leaf00044.JPG,turmeric_leaf,1,Healthy_Field,external_test,held_out_external_generalization_test,7fbf3ad6e1ea13303abcf35f770ba24e,196843
DS02_EXT_FROZEN_025_Healthy Leaf00050.JPG,Dataset_02_Mendeley,Healthy Leaf00050.JPG,turmeric_datasets\dataset_02\original\Turmeric Plant Disease\Healthy Leaf\Healthy Leaf00050.JPG,turmeric_leaf,1,Healthy_Field,external_test,held_out_external_generalization_test,72030bf84cf42c6e05fe02333c9351c5,215673
DS02_EXT_FROZEN_026_Healthy Leaf00051.JPG,Dataset_02_Mendeley,Healthy Leaf00051.JPG,turmeric_datasets\dataset_02\original\Turmeric Plant Disease\Healthy Leaf\Healthy Leaf00051.JPG,turmeric_leaf,1,Healthy_Field,external_test,held_out_external_generalization_test,4d207ff362a2fbdf1b1e391f7a7af1fa,212671
DS02_EXT_FROZEN_027_Healthy Leaf00054.JPG,Dataset_02_Mendeley,Healthy Leaf00054.JPG,turmeric_datasets\dataset_02\original\Turmeric Plant Disease\Healthy Leaf\Healthy Leaf00054.JPG,turmeric_leaf,1,Healthy_Field,external_test,held_out_external_generalization_test,f42b14755f74e50c6799bb9b9f73bea9,205247
DS02_EXT_FROZEN_028_Healthy Leaf00055.JPG,Dataset_02_Mendeley,Healthy Leaf00055.JPG,turmeric_datasets\dataset_02\original\Turmeric Plant Disease\Healthy Leaf\Healthy Leaf00055.JPG,turmeric_leaf,1,Healthy_Field,external_test,held_out_external_generalization_test,dfe57ccce7702a7a42dfd3d13d064d28,223485
DS02_EXT_FROZEN_029_Healthy Leaf00056.JPG,Dataset_02_Mendeley,Healthy Leaf00056.JPG,turmeric_datasets\dataset_02\original\Turmeric Plant Disease\Healthy Leaf\Healthy Leaf00056.JPG,turmeric_leaf,1,Healthy_Field,external_test,held_out_external_generalization_test,bcac740b25a8a0410998e6f09ac8f505,200653
DS02_EXT_FROZEN_030_Healthy Leaf00056.JPG,Dataset_02_Mendeley,Healthy Leaf00056.JPG,turmeric_datasets\dataset_02\original\Turmeric Plant Disease\Healthy Leaf\Healthy Leaf00056.JPG,turmeric_leaf,1,Healthy_Field,external_test,held_out_external_generalization_test,bcac740b25a8a0410998e6f09ac8f505,200653
DS02_EXT_FROZEN_031_Healthy Leaf00057.JPG,Dataset_02_Mendeley,Healthy Leaf00057.JPG,turmeric_datasets\dataset_02\original\Turmeric Plant Disease\Healthy Leaf\Healthy Leaf00057.JPG,turmeric_leaf,1,Healthy_Field,external_test,held_out_external_generalization_test,cb6b3331576bc6e496292bda473364d7,219360
DS02_EXT_FROZEN_032_Healthy Leaf00058.JPG,Dataset_02_Mendeley,Healthy Leaf00058.JPG,turmeric_datasets\dataset_02\original\Turmeric Plant Disease\Healthy Leaf\Healthy Leaf00058.JPG,turmeric_leaf,1,Healthy_Field,external_test,held_out_external_generalization_test,4d7d0a20482ce84e51fd91fd8b1a3f47,244851
DS02_EXT_FROZEN_033_Healthy Leaf00059.JPG,Dataset_02_Mendeley,Healthy Leaf00059.JPG,turmeric_datasets\dataset_02\original\Turmeric Plant Disease\Healthy Leaf\Healthy Leaf00059.JPG,turmeric_leaf,1,Healthy_Field,external_test,held_out_external_generalization_test,56d40ac53de337b815f88cf6978aaf17,198354
DS02_EXT_FROZEN_034_Healthy Leaf00059.JPG,Dataset_02_Mendeley,Healthy Leaf00059.JPG,turmeric_datasets\dataset_02\original\Turmeric Plant Disease\Healthy Leaf\Healthy Leaf00059.JPG,turmeric_leaf,1,Healthy_Field,external_test,held_out_external_generalization_test,56d40ac53de337b815f88cf6978aaf17,198354
DS02_EXT_FROZEN_035_Healthy Leaf00060.JPG,Dataset_02_Mendeley,Healthy Leaf00060.JPG,turmeric_datasets\dataset_02\original\Turmeric Plant Disease\Healthy Leaf\Healthy Leaf00060.JPG,turmeric_leaf,1,Healthy_Field,external_test,held_out_external_generalization_test,75c38b78466358d338277e2aabbfc313,243874
DS02_EXT_FROZEN_036_Healthy Leaf00063.JPG,Dataset_02_Mendeley,Healthy Leaf00063.JPG,turmeric_datasets\dataset_02\original\Turmeric Plant Disease\Healthy Leaf\Healthy Leaf00063.JPG,turmeric_leaf,1,Healthy_Field,external_test,held_out_external_generalization_test,b9d85251d35f8e39d3fe3e273469416c,267503
DS02_EXT_FROZEN_037_Healthy Leaf00068.JPG,Dataset_02_Mendeley,Healthy Leaf00068.JPG,turmeric_datasets\dataset_02\original\Turmeric Plant Disease\Healthy Leaf\Healthy Leaf00068.JPG,turmeric_leaf,1,Healthy_Field,external_test,held_out_external_generalization_test,1102a8cf7346e8ced05a3b8e678eae1f,216000
DS02_EXT_FROZEN_038_Healthy Leaf00069.JPG,Dataset_02_Mendeley,Healthy Leaf00069.JPG,turmeric_datasets\dataset_02\original\Turmeric Plant Disease\Healthy Leaf\Healthy Leaf00069.JPG,turmeric_leaf,1,Healthy_Field,external_test,held_out_external_generalization_test,8ca0525e086c3222e528c0af3143451f,254896
DS02_EXT_FROZEN_039_Healthy Leaf00069.JPG,Dataset_02_Mendeley,Healthy Leaf00069.JPG,turmeric_datasets\dataset_02\original\Turmeric Plant Disease\Healthy Leaf\Healthy Leaf00069.JPG,turmeric_leaf,1,Healthy_Field,external_test,held_out_external_generalization_test,8ca0525e086c3222e528c0af3143451f,254896
DS02_EXT_FROZEN_040_Healthy Leaf00070.JPG,Dataset_02_Mendeley,Healthy Leaf00070.JPG,turmeric_datasets\dataset_02\original\Turmeric Plant Disease\Healthy Leaf\Healthy Leaf00070.JPG,turmeric_leaf,1,Healthy_Field,external_test,held_out_external_generalization_test,c10d79b2fa8b9b6f54dd8cebe2ea56d7,221137
DS02_EXT_FROZEN_041_Healthy Leaf00071.JPG,Dataset_02_Mendeley,Healthy Leaf00071.JPG,turmeric_datasets\dataset_02\original\Turmeric Plant Disease\Healthy Leaf\Healthy Leaf00071.JPG,turmeric_leaf,1,Healthy_Field,external_test,held_out_external_generalization_test,66438cf11e4ba8f1c2d87938922c925c,226567
DS02_EXT_FROZEN_042_Healthy Leaf00072.JPG,Dataset_02_Mendeley,Healthy Leaf00072.JPG,turmeric_datasets\dataset_02\original\Turmeric Plant Disease\Healthy Leaf\Healthy Leaf00072.JPG,turmeric_leaf,1,Healthy_Field,external_test,held_out_external_generalization_test,7f6b9a42783a224e944d850545a1ae9b,217251
DS02_EXT_FROZEN_043_Healthy Leaf00075.JPG,Dataset_02_Mendeley,Healthy Leaf00075.JPG,turmeric_datasets\dataset_02\original\Turmeric Plant Disease\Healthy Leaf\Healthy Leaf00075.JPG,turmeric_leaf,1,Healthy_Field,external_test,held_out_external_generalization_test,2103715288a86009ec2c05d4340f3b76,308813
DS02_EXT_FROZEN_044_Healthy Leaf00076.JPG,Dataset_02_Mendeley,Healthy Leaf00076.JPG,turmeric_datasets\dataset_02\original\Turmeric Plant Disease\Healthy Leaf\Healthy Leaf00076.JPG,turmeric_leaf,1,Healthy_Field,external_test,held_out_external_generalization_test,ef79c40bea0f65038657f31f5f8da59f,225479
DS02_EXT_FROZEN_045_Healthy Leaf00081.JPG,Dataset_02_Mendeley,Healthy Leaf00081.JPG,turmeric_datasets\dataset_02\original\Turmeric Plant Disease\Healthy Leaf\Healthy Leaf00081.JPG,turmeric_leaf,1,Healthy_Field,external_test,held_out_external_generalization_test,f1149ceb01fdb35a36875ccda0311636,257685
DS02_EXT_FROZEN_046_Healthy Leaf00084.JPG,Dataset_02_Mendeley,Healthy Leaf00084.JPG,turmeric_datasets\dataset_02\original\Turmeric Plant Disease\Healthy Leaf\Healthy Leaf00084.JPG,turmeric_leaf,1,Healthy_Field,external_test,held_out_external_generalization_test,8ed501363918a209e8bc4380909dbb9d,255741
DS02_EXT_FROZEN_047_Healthy Leaf00087.JPG,Dataset_02_Mendeley,Healthy Leaf00087.JPG,turmeric_datasets\dataset_02\original\Turmeric Plant Disease\Healthy Leaf\Healthy Leaf00087.JPG,turmeric_leaf,1,Healthy_Field,external_test,held_out_external_generalization_test,45c8439eaf490a21922cc5b2456e7392,254890
DS02_EXT_FROZEN_048_Healthy Leaf00088.JPG,Dataset_02_Mendeley,Healthy Leaf00088.JPG,turmeric_datasets\dataset_02\original\Turmeric Plant Disease\Healthy Leaf\Healthy Leaf00088.JPG,turmeric_leaf,1,Healthy_Field,external_test,held_out_external_generalization_test,f83cdd95965c5ff8ba351be3d27c1886,240473
DS02_EXT_FROZEN_049_Healthy Leaf00089.JPG,Dataset_02_Mendeley,Healthy Leaf00089.JPG,turmeric_datasets\dataset_02\original\Turmeric Plant Disease\Healthy Leaf\Healthy Leaf00089.JPG,turmeric_leaf,1,Healthy_Field,external_test,held_out_external_generalization_test,04321e91855acaf2b12d90c85451bf50,262854
DS02_EXT_FROZEN_050_Healthy Leaf00091.JPG,Dataset_02_Mendeley,Healthy Leaf00091.JPG,turmeric_datasets\dataset_02\original\Turmeric Plant Disease\Healthy Leaf\Healthy Leaf00091.JPG,turmeric_leaf,1,Healthy_Field,external_test,held_out_external_generalization_test,973e5b253bb5b04f646eaa9b70e88863,260375
DS02_EXT_FROZEN_051_Healthy Leaf00092.JPG,Dataset_02_Mendeley,Healthy Leaf00092.JPG,turmeric_datasets\dataset_02\original\Turmeric Plant Disease\Healthy Leaf\Healthy Leaf00092.JPG,turmeric_leaf,1,Healthy_Field,external_test,held_out_external_generalization_test,9488d3b3ddb8646dfbc0b94bf4ea0717,263194
DS02_EXT_FROZEN_052_Healthy Leaf00093.JPG,Dataset_02_Mendeley,Healthy Leaf00093.JPG,turmeric_datasets\dataset_02\original\Turmeric Plant Disease\Healthy Leaf\Healthy Leaf00093.JPG,turmeric_leaf,1,Healthy_Field,external_test,held_out_external_generalization_test,9f5c4436df1da3a7cdb041735f0cc543,267656
DS02_EXT_FROZEN_053_Healthy Leaf00094.JPG,Dataset_02_Mendeley,Healthy Leaf00094.JPG,turmeric_datasets\dataset_02\original\Turmeric Plant Disease\Healthy Leaf\Healthy Leaf00094.JPG,turmeric_leaf,1,Healthy_Field,external_test,held_out_external_generalization_test,09bf1c24ed743e5849ff748894174286,264438
DS02_EXT_FROZEN_054_Healthy Leaf00095.JPG,Dataset_02_Mendeley,Healthy Leaf00095.JPG,turmeric_datasets\dataset_02\original\Turmeric Plant Disease\Healthy Leaf\Healthy Leaf00095.JPG,turmeric_leaf,1,Healthy_Field,external_test,held_out_external_generalization_test,52c184fc49ab5d4956a8b1daed86c9b3,236074
DS02_EXT_FROZEN_055_Healthy Leaf00097.JPG,Dataset_02_Mendeley,Healthy Leaf00097.JPG,turmeric_datasets\dataset_02\original\Turmeric Plant Disease\Healthy Leaf\Healthy Leaf00097.JPG,turmeric_leaf,1,Healthy_Field,external_test,held_out_external_generalization_test,8ca4d9ef26a53598908633ef378fe7a4,230468
DS02_EXT_FROZEN_056_Healthy Leaf00098.JPG,Dataset_02_Mendeley,Healthy Leaf00098.JPG,turmeric_datasets\dataset_02\original\Turmeric Plant Disease\Healthy Leaf\Healthy Leaf00098.JPG,turmeric_leaf,1,Healthy_Field,external_test,held_out_external_generalization_test,044b3996a054c92b0d5f0269b8cf36eb,225361
DS02_EXT_FROZEN_057_Healthy Leaf00103.JPG,Dataset_02_Mendeley,Healthy Leaf00103.JPG,turmeric_datasets\dataset_02\original\Turmeric Plant Disease\Healthy Leaf\Healthy Leaf00103.JPG,turmeric_leaf,1,Healthy_Field,external_test,held_out_external_generalization_test,6bcdce2b8df113ccd9e1d25dc313c6bd,275816
DS02_EXT_FROZEN_058_Healthy Leaf00108.JPG,Dataset_02_Mendeley,Healthy Leaf00108.JPG,turmeric_datasets\dataset_02\original\Turmeric Plant Disease\Healthy Leaf\Healthy Leaf00108.JPG,turmeric_leaf,1,Healthy_Field,external_test,held_out_external_generalization_test,f3a8c4e9d76bb1a8f6340ea079e1a1b5,243947
DS02_EXT_FROZEN_059_Healthy Leaf00109.JPG,Dataset_02_Mendeley,Healthy Leaf00109.JPG,turmeric_datasets\dataset_02\original\Turmeric Plant Disease\Healthy Leaf\Healthy Leaf00109.JPG,turmeric_leaf,1,Healthy_Field,external_test,held_out_external_generalization_test,639729028e83409fdbf18cd87c281536,238104
DS02_EXT_FROZEN_060_Healthy Leaf00115.JPG,Dataset_02_Mendeley,Healthy Leaf00115.JPG,turmeric_datasets\dataset_02\original\Turmeric Plant Disease\Healthy Leaf\Healthy Leaf00115.JPG,turmeric_leaf,1,Healthy_Field,external_test,held_out_external_generalization_test,4bf01b659f5b58ff7df09fa70acc1455,213395
DS02_EXT_FROZEN_061_Healthy Leaf00117.JPG,Dataset_02_Mendeley,Healthy Leaf00117.JPG,turmeric_datasets\dataset_02\original\Turmeric Plant Disease\Healthy Leaf\Healthy Leaf00117.JPG,turmeric_leaf,1,Healthy_Field,external_test,held_out_external_generalization_test,a5f7442f1055696da62277aa178a0683,222880
DS02_EXT_FROZEN_062_Healthy Leaf00118.JPG,Dataset_02_Mendeley,Healthy Leaf00118.JPG,turmeric_datasets\dataset_02\original\Turmeric Plant Disease\Healthy Leaf\Healthy Leaf00118.JPG,turmeric_leaf,1,Healthy_Field,external_test,held_out_external_generalization_test,84c26ca51b6bf7bf72c5cb2666b6f32d,228907
DS02_EXT_FROZEN_063_Healthy Leaf00119.JPG,Dataset_02_Mendeley,Healthy Leaf00119.JPG,turmeric_datasets\dataset_02\original\Turmeric Plant Disease\Healthy Leaf\Healthy Leaf00119.JPG,turmeric_leaf,1,Healthy_Field,external_test,held_out_external_generalization_test,066775f7002a171f540be4065be51169,230152
DS02_EXT_FROZEN_064_Healthy Leaf00130.JPG,Dataset_02_Mendeley,Healthy Leaf00130.JPG,turmeric_datasets\dataset_02\original\Turmeric Plant Disease\Healthy Leaf\Healthy Leaf00130.JPG,turmeric_leaf,1,Healthy_Field,external_test,held_out_external_generalization_test,c54c4f805dc390dfc4f8b110dfd6c8c3,272902
DS02_EXT_FROZEN_065_Healthy Leaf00137.JPG,Dataset_02_Mendeley,Healthy Leaf00137.JPG,turmeric_datasets\dataset_02\original\Turmeric Plant Disease\Healthy Leaf\Healthy Leaf00137.JPG,turmeric_leaf,1,Healthy_Field,external_test,held_out_external_generalization_test,600a4f4bd248160923f898986f957376,233861
DS02_EXT_FROZEN_066_Healthy Leaf00138.JPG,Dataset_02_Mendeley,Healthy Leaf00138.JPG,turmeric_datasets\dataset_02\original\Turmeric Plant Disease\Healthy Leaf\Healthy Leaf00138.JPG,turmeric_leaf,1,Healthy_Field,external_test,held_out_external_generalization_test,0ba4c8923a177f180e3a73d2e71a5044,251037
DS02_EXT_FROZEN_067_Healthy Leaf00140.JPG,Dataset_02_Mendeley,Healthy Leaf00140.JPG,turmeric_datasets\dataset_02\original\Turmeric Plant Disease\Healthy Leaf\Healthy Leaf00140.JPG,turmeric_leaf,1,Healthy_Field,external_test,held_out_external_generalization_test,dde175d4e311ccc054960d119d21cb4c,214985
DS02_EXT_FROZEN_068_Healthy Leaf00142.JPG,Dataset_02_Mendeley,Healthy Leaf00142.JPG,turmeric_datasets\dataset_02\original\Turmeric Plant Disease\Healthy Leaf\Healthy Leaf00142.JPG,turmeric_leaf,1,Healthy_Field,external_test,held_out_external_generalization_test,0315fca10dd3d81d537e407a67731256,219579
DS02_EXT_FROZEN_069_Healthy Leaf00143.JPG,Dataset_02_Mendeley,Healthy Leaf00143.JPG,turmeric_datasets\dataset_02\original\Turmeric Plant Disease\Healthy Leaf\Healthy Leaf00143.JPG,turmeric_leaf,1,Healthy_Field,external_test,held_out_external_generalization_test,727b9037b3baafa5c08f0f90bd9e5091,242757
DS02_EXT_FROZEN_070_Healthy Leaf00144.JPG,Dataset_02_Mendeley,Healthy Leaf00144.JPG,turmeric_datasets\dataset_02\original\Turmeric Plant Disease\Healthy Leaf\Healthy Leaf00144.JPG,turmeric_leaf,1,Healthy_Field,external_test,held_out_external_generalization_test,a0a5cdcf2d2fbc9debdaa4ad521d96bb,250617
DS02_EXT_FROZEN_071_Healthy Leaf00148.JPG,Dataset_02_Mendeley,Healthy Leaf00148.JPG,turmeric_datasets\dataset_02\original\Turmeric Plant Disease\Healthy Leaf\Healthy Leaf00148.JPG,turmeric_leaf,1,Healthy_Field,external_test,held_out_external_generalization_test,8325fcc74d871641aab411a715bccce9,265438
DS02_EXT_FROZEN_072_Healthy Leaf00151.JPG,Dataset_02_Mendeley,Healthy Leaf00151.JPG,turmeric_datasets\dataset_02\original\Turmeric Plant Disease\Healthy Leaf\Healthy Leaf00151.JPG,turmeric_leaf,1,Healthy_Field,external_test,held_out_external_generalization_test,2f36df0f35e1c5c35cda9019d8d06c95,200832
DS02_EXT_FROZEN_073_Healthy Leaf00152.JPG,Dataset_02_Mendeley,Healthy Leaf00152.JPG,turmeric_datasets\dataset_02\original\Turmeric Plant Disease\Healthy Leaf\Healthy Leaf00152.JPG,turmeric_leaf,1,Healthy_Field,external_test,held_out_external_generalization_test,516d8718867d0dcf7540e919ed10153a,263598
DS02_EXT_FROZEN_074_Healthy Leaf00155.JPG,Dataset_02_Mendeley,Healthy Leaf00155.JPG,turmeric_datasets\dataset_02\original\Turmeric Plant Disease\Healthy Leaf\Healthy Leaf00155.JPG,turmeric_leaf,1,Healthy_Field,external_test,held_out_external_generalization_test,546a7cf8f0d1216329bcf41ea1893700,240858
DS02_EXT_FROZEN_075_Healthy Leaf00155.JPG,Dataset_02_Mendeley,Healthy Leaf00155.JPG,turmeric_datasets\dataset_02\original\Turmeric Plant Disease\Healthy Leaf\Healthy Leaf00155.JPG,turmeric_leaf,1,Healthy_Field,external_test,held_out_external_generalization_test,546a7cf8f0d1216329bcf41ea1893700,240858
DS02_EXT_FROZEN_076_Healthy Leaf00156.JPG,Dataset_02_Mendeley,Healthy Leaf00156.JPG,turmeric_datasets\dataset_02\original\Turmeric Plant Disease\Healthy Leaf\Healthy Leaf00156.JPG,turmeric_leaf,1,Healthy_Field,external_test,held_out_external_generalization_test,0c572e6b7b3cb3d7d5525f6d597902d6,277048
DS02_EXT_FROZEN_077_Healthy Leaf00159.JPG,Dataset_02_Mendeley,Healthy Leaf00159.JPG,turmeric_datasets\dataset_02\original\Turmeric Plant Disease\Healthy Leaf\Healthy Leaf00159.JPG,turmeric_leaf,1,Healthy_Field,external_test,held_out_external_generalization_test,6a9094060be5fc753fffa17ed563d5aa,277408
DS02_EXT_FROZEN_078_Healthy Leaf00160.JPG,Dataset_02_Mendeley,Healthy Leaf00160.JPG,turmeric_datasets\dataset_02\original\Turmeric Plant Disease\Healthy Leaf\Healthy Leaf00160.JPG,turmeric_leaf,1,Healthy_Field,external_test,held_out_external_generalization_test,f7d9187437d8d97d783b4555cbe4de7b,203672
DS02_EXT_FROZEN_079_Healthy Leaf00161.JPG,Dataset_02_Mendeley,Healthy Leaf00161.JPG,turmeric_datasets\dataset_02\original\Turmeric Plant Disease\Healthy Leaf\Healthy Leaf00161.JPG,turmeric_leaf,1,Healthy_Field,external_test,held_out_external_generalization_test,926f9556c28e726ea2d93c93bd39349b,192709
DS02_EXT_FROZEN_080_Healthy Leaf00162.JPG,Dataset_02_Mendeley,Healthy Leaf00162.JPG,turmeric_datasets\dataset_02\original\Turmeric Plant Disease\Healthy Leaf\Healthy Leaf00162.JPG,turmeric_leaf,1,Healthy_Field,external_test,held_out_external_generalization_test,12fb849bb754bc8abcb1f5bcb25a9956,241986
DS02_EXT_FROZEN_081_Healthy Leaf00164.JPG,Dataset_02_Mendeley,Healthy Leaf00164.JPG,turmeric_datasets\dataset_02\original\Turmeric Plant Disease\Healthy Leaf\Healthy Leaf00164.JPG,turmeric_leaf,1,Healthy_Field,external_test,held_out_external_generalization_test,29239a88072901665efaeeb736f8e7ef,244356
DS02_EXT_FROZEN_082_Healthy Leaf00167.JPG,Dataset_02_Mendeley,Healthy Leaf00167.JPG,turmeric_datasets\dataset_02\original\Turmeric Plant Disease\Healthy Leaf\Healthy Leaf00167.JPG,turmeric_leaf,1,Healthy_Field,external_test,held_out_external_generalization_test,ebab77dd0b31f2c502b8af72fc5e2eb5,203519
DS02_EXT_FROZEN_083_Healthy Leaf00169.JPG,Dataset_02_Mendeley,Healthy Leaf00169.JPG,turmeric_datasets\dataset_02\original\Turmeric Plant Disease\Healthy Leaf\Healthy Leaf00169.JPG,turmeric_leaf,1,Healthy_Field,external_test,held_out_external_generalization_test,bc02fc81d8ca4aabc01718d5598e2da6,212599
DS02_EXT_FROZEN_084_Healthy Leaf00174.JPG,Dataset_02_Mendeley,Healthy Leaf00174.JPG,turmeric_datasets\dataset_02\original\Turmeric Plant Disease\Healthy Leaf\Healthy Leaf00174.JPG,turmeric_leaf,1,Healthy_Field,external_test,held_out_external_generalization_test,75b57769fb3fd384fc9c7fbc90e83554,205175
DS02_EXT_FROZEN_085_Healthy Leaf00175.JPG,Dataset_02_Mendeley,Healthy Leaf00175.JPG,turmeric_datasets\dataset_02\original\Turmeric Plant Disease\Healthy Leaf\Healthy Leaf00175.JPG,turmeric_leaf,1,Healthy_Field,external_test,held_out_external_generalization_test,002f7c04b93955bc439bd896f71821c6,245660
DS02_EXT_FROZEN_086_Healthy Leaf00178.JPG,Dataset_02_Mendeley,Healthy Leaf00178.JPG,turmeric_datasets\dataset_02\original\Turmeric Plant Disease\Healthy Leaf\Healthy Leaf00178.JPG,turmeric_leaf,1,Healthy_Field,external_test,held_out_external_generalization_test,41bbf90d136203f143dca58f096c819f,220808
DS02_EXT_FROZEN_087_Healthy Leaf00180.JPG,Dataset_02_Mendeley,Healthy Leaf00180.JPG,turmeric_datasets\dataset_02\original\Turmeric Plant Disease\Healthy Leaf\Healthy Leaf00180.JPG,turmeric_leaf,1,Healthy_Field,external_test,held_out_external_generalization_test,b80d9e36a16d0779fc5338c4fa1efd7d,225867
DS02_EXT_FROZEN_088_Healthy Leaf00182.JPG,Dataset_02_Mendeley,Healthy Leaf00182.JPG,turmeric_datasets\dataset_02\original\Turmeric Plant Disease\Healthy Leaf\Healthy Leaf00182.JPG,turmeric_leaf,1,Healthy_Field,external_test,held_out_external_generalization_test,0abcac8ad52c5937fbc8e0b0994e576b,210692
DS02_EXT_FROZEN_089_Healthy Leaf00183.JPG,Dataset_02_Mendeley,Healthy Leaf00183.JPG,turmeric_datasets\dataset_02\original\Turmeric Plant Disease\Healthy Leaf\Healthy Leaf00183.JPG,turmeric_leaf,1,Healthy_Field,external_test,held_out_external_generalization_test,171badf5eca68f5005b6374ef5e8a2b5,216402
DS02_EXT_FROZEN_090_Healthy Leaf00184.JPG,Dataset_02_Mendeley,Healthy Leaf00184.JPG,turmeric_datasets\dataset_02\original\Turmeric Plant Disease\Healthy Leaf\Healthy Leaf00184.JPG,turmeric_leaf,1,Healthy_Field,external_test,held_out_external_generalization_test,6e0294d068ce428c22c8b730aef54dd6,179063
DS02_EXT_FROZEN_091_Healthy Leaf00187.JPG,Dataset_02_Mendeley,Healthy Leaf00187.JPG,turmeric_datasets\dataset_02\original\Turmeric Plant Disease\Healthy Leaf\Healthy Leaf00187.JPG,turmeric_leaf,1,Healthy_Field,external_test,held_out_external_generalization_test,4b689848d72e02687708bcbc8df0d33a,155096
DS02_EXT_FROZEN_092_Healthy Leaf00188.JPG,Dataset_02_Mendeley,Healthy Leaf00188.JPG,turmeric_datasets\dataset_02\original\Turmeric Plant Disease\Healthy Leaf\Healthy Leaf00188.JPG,turmeric_leaf,1,Healthy_Field,external_test,held_out_external_generalization_test,5e150e2d0bd626ff74a90fb32ab2d01e,182225
DS02_EXT_FROZEN_093_Healthy Leaf00189.JPG,Dataset_02_Mendeley,Healthy Leaf00189.JPG,turmeric_datasets\dataset_02\original\Turmeric Plant Disease\Healthy Leaf\Healthy Leaf00189.JPG,turmeric_leaf,1,Healthy_Field,external_test,held_out_external_generalization_test,71171363f59fe7de2c247a50d6812101,220678
DS02_EXT_FROZEN_094_Healthy Leaf00190.JPG,Dataset_02_Mendeley,Healthy Leaf00190.JPG,turmeric_datasets\dataset_02\original\Turmeric Plant Disease\Healthy Leaf\Healthy Leaf00190.JPG,turmeric_leaf,1,Healthy_Field,external_test,held_out_external_generalization_test,1980f0d90fd4274f25724b4f1998c72d,188081
DS02_EXT_FROZEN_095_Healthy Leaf00190.JPG,Dataset_02_Mendeley,Healthy Leaf00190.JPG,turmeric_datasets\dataset_02\original\Turmeric Plant Disease\Healthy Leaf\Healthy Leaf00190.JPG,turmeric_leaf,1,Healthy_Field,external_test,held_out_external_generalization_test,1980f0d90fd4274f25724b4f1998c72d,188081
DS02_EXT_FROZEN_096_Healthy Leaf00191.JPG,Dataset_02_Mendeley,Healthy Leaf00191.JPG,turmeric_datasets\dataset_02\original\Turmeric Plant Disease\Healthy Leaf\Healthy Leaf00191.JPG,turmeric_leaf,1,Healthy_Field,external_test,held_out_external_generalization_test,c606fc0a61f2971956163eaf11896656,196081
DS02_EXT_FROZEN_097_Healthy Leaf00193.JPG,Dataset_02_Mendeley,Healthy Leaf00193.JPG,turmeric_datasets\dataset_02\original\Turmeric Plant Disease\Healthy Leaf\Healthy Leaf00193.JPG,turmeric_leaf,1,Healthy_Field,external_test,held_out_external_generalization_test,3df203fe79a4abe9324eaaf03e2bdd7c,198074
DS02_EXT_FROZEN_098_Healthy Leaf00193.JPG,Dataset_02_Mendeley,Healthy Leaf00193.JPG,turmeric_datasets\dataset_02\original\Turmeric Plant Disease\Healthy Leaf\Healthy Leaf00193.JPG,turmeric_leaf,1,Healthy_Field,external_test,held_out_external_generalization_test,3df203fe79a4abe9324eaaf03e2bdd7c,198074
DS02_EXT_FROZEN_099_Healthy Leaf00195.JPG,Dataset_02_Mendeley,Healthy Leaf00195.JPG,turmeric_datasets\dataset_02\original\Turmeric Plant Disease\Healthy Leaf\Healthy Leaf00195.JPG,turmeric_leaf,1,Healthy_Field,external_test,held_out_external_generalization_test,7fb141eaae2d9b39a69e8a796c1fac12,207695
DS02_EXT_FROZEN_100_Healthy Leaf00196.JPG,Dataset_02_Mendeley,Healthy Leaf00196.JPG,turmeric_datasets\dataset_02\original\Turmeric Plant Disease\Healthy Leaf\Healthy Leaf00196.JPG,turmeric_leaf,1,Healthy_Field,external_test,held_out_external_generalization_test,0ade0f5c24f14a2beae92b7c1570d11f,199082
DS02_EXT_FROZEN_101_Leaf Blotch00001.JPG,Dataset_02_Mendeley,Leaf Blotch00001.JPG,turmeric_datasets\dataset_02\original\Turmeric Plant Disease\Leaf Blotch\Leaf Blotch00001.JPG,turmeric_leaf,1,Blotch_Field,external_test,held_out_external_generalization_test,a9ee672c7c60fbf91b652c9b1895dd88,242447
DS02_EXT_FROZEN_102_Leaf Blotch00001.JPG,Dataset_02_Mendeley,Leaf Blotch00001.JPG,turmeric_datasets\dataset_02\original\Turmeric Plant Disease\Leaf Blotch\Leaf Blotch00001.JPG,turmeric_leaf,1,Blotch_Field,external_test,held_out_external_generalization_test,a9ee672c7c60fbf91b652c9b1895dd88,242447
DS02_EXT_FROZEN_103_Leaf Blotch00003.JPG,Dataset_02_Mendeley,Leaf Blotch00003.JPG,turmeric_datasets\dataset_02\original\Turmeric Plant Disease\Leaf Blotch\Leaf Blotch00003.JPG,turmeric_leaf,1,Blotch_Field,external_test,held_out_external_generalization_test,6a11e66fe8e0a36edb537a650a912fb8,203009
DS02_EXT_FROZEN_104_Leaf Blotch00005.JPG,Dataset_02_Mendeley,Leaf Blotch00005.JPG,turmeric_datasets\dataset_02\original\Turmeric Plant Disease\Leaf Blotch\Leaf Blotch00005.JPG,turmeric_leaf,1,Blotch_Field,external_test,held_out_external_generalization_test,15eb09f6d2299bb0f2a575c467d9da37,191710
DS02_EXT_FROZEN_105_Leaf Blotch00013.JPG,Dataset_02_Mendeley,Leaf Blotch00013.JPG,turmeric_datasets\dataset_02\original\Turmeric Plant Disease\Leaf Blotch\Leaf Blotch00013.JPG,turmeric_leaf,1,Blotch_Field,external_test,held_out_external_generalization_test,a4bc239b95aa76ddd8386dd1ab9b1d5b,179352
DS02_EXT_FROZEN_106_Leaf Blotch00015.JPG,Dataset_02_Mendeley,Leaf Blotch00015.JPG,turmeric_datasets\dataset_02\original\Turmeric Plant Disease\Leaf Blotch\Leaf Blotch00015.JPG,turmeric_leaf,1,Blotch_Field,external_test,held_out_external_generalization_test,db36322d3a129dd1f8bb6bde0b2a4acc,203083
DS02_EXT_FROZEN_107_Leaf Blotch00017.JPG,Dataset_02_Mendeley,Leaf Blotch00017.JPG,turmeric_datasets\dataset_02\original\Turmeric Plant Disease\Leaf Blotch\Leaf Blotch00017.JPG,turmeric_leaf,1,Blotch_Field,external_test,held_out_external_generalization_test,46cd11e482b9a4e5b4d4ec8a8681165c,249570
DS02_EXT_FROZEN_108_Leaf Blotch00018.JPG,Dataset_02_Mendeley,Leaf Blotch00018.JPG,turmeric_datasets\dataset_02\original\Turmeric Plant Disease\Leaf Blotch\Leaf Blotch00018.JPG,turmeric_leaf,1,Blotch_Field,external_test,held_out_external_generalization_test,add3d192570920b30c4297adbf47addf,220446
DS02_EXT_FROZEN_109_Leaf Blotch00021.JPG,Dataset_02_Mendeley,Leaf Blotch00021.JPG,turmeric_datasets\dataset_02\original\Turmeric Plant Disease\Leaf Blotch\Leaf Blotch00021.JPG,turmeric_leaf,1,Blotch_Field,external_test,held_out_external_generalization_test,8dad632ee257d21c12b87112b0ac7228,165072
DS02_EXT_FROZEN_110_Leaf Blotch00022.JPG,Dataset_02_Mendeley,Leaf Blotch00022.JPG,turmeric_datasets\dataset_02\original\Turmeric Plant Disease\Leaf Blotch\Leaf Blotch00022.JPG,turmeric_leaf,1,Blotch_Field,external_test,held_out_external_generalization_test,c4d90b4573e4c681690f637a23af3921,209622
DS02_EXT_FROZEN_111_Leaf Blotch00024.JPG,Dataset_02_Mendeley,Leaf Blotch00024.JPG,turmeric_datasets\dataset_02\original\Turmeric Plant Disease\Leaf Blotch\Leaf Blotch00024.JPG,turmeric_leaf,1,Blotch_Field,external_test,held_out_external_generalization_test,e166a53fadaaf6449669decb9a09b821,229620
DS02_EXT_FROZEN_112_Leaf Blotch00028.JPG,Dataset_02_Mendeley,Leaf Blotch00028.JPG,turmeric_datasets\dataset_02\original\Turmeric Plant Disease\Leaf Blotch\Leaf Blotch00028.JPG,turmeric_leaf,1,Blotch_Field,external_test,held_out_external_generalization_test,46ab82f6ff642b82a2a3c7b44ccea94c,229830
DS02_EXT_FROZEN_113_Leaf Blotch00029.JPG,Dataset_02_Mendeley,Leaf Blotch00029.JPG,turmeric_datasets\dataset_02\original\Turmeric Plant Disease\Leaf Blotch\Leaf Blotch00029.JPG,turmeric_leaf,1,Blotch_Field,external_test,held_out_external_generalization_test,dbcc9a1f4907de7b68b2a315b2cd67a8,242969
DS02_EXT_FROZEN_114_Leaf Blotch00029.JPG,Dataset_02_Mendeley,Leaf Blotch00029.JPG,turmeric_datasets\dataset_02\original\Turmeric Plant Disease\Leaf Blotch\Leaf Blotch00029.JPG,turmeric_leaf,1,Blotch_Field,external_test,held_out_external_generalization_test,dbcc9a1f4907de7b68b2a315b2cd67a8,242969
DS02_EXT_FROZEN_115_Leaf Blotch00030.JPG,Dataset_02_Mendeley,Leaf Blotch00030.JPG,turmeric_datasets\dataset_02\original\Turmeric Plant Disease\Leaf Blotch\Leaf Blotch00030.JPG,turmeric_leaf,1,Blotch_Field,external_test,held_out_external_generalization_test,10ceaf6e244cbe8f8b5a3b91e2b9f155,204240
DS02_EXT_FROZEN_116_Leaf Blotch00033.JPG,Dataset_02_Mendeley,Leaf Blotch00033.JPG,turmeric_datasets\dataset_02\original\Turmeric Plant Disease\Leaf Blotch\Leaf Blotch00033.JPG,turmeric_leaf,1,Blotch_Field,external_test,held_out_external_generalization_test,59392eb9ab17cb384a7c974408b741ba,211975
DS02_EXT_FROZEN_117_Leaf Blotch00033.JPG,Dataset_02_Mendeley,Leaf Blotch00033.JPG,turmeric_datasets\dataset_02\original\Turmeric Plant Disease\Leaf Blotch\Leaf Blotch00033.JPG,turmeric_leaf,1,Blotch_Field,external_test,held_out_external_generalization_test,59392eb9ab17cb384a7c974408b741ba,211975
DS02_EXT_FROZEN_118_Leaf Blotch00036.JPG,Dataset_02_Mendeley,Leaf Blotch00036.JPG,turmeric_datasets\dataset_02\original\Turmeric Plant Disease\Leaf Blotch\Leaf Blotch00036.JPG,turmeric_leaf,1,Blotch_Field,external_test,held_out_external_generalization_test,9a2a123d799543dfe34b47919739616c,295486
DS02_EXT_FROZEN_119_Leaf Blotch00036.JPG,Dataset_02_Mendeley,Leaf Blotch00036.JPG,turmeric_datasets\dataset_02\original\Turmeric Plant Disease\Leaf Blotch\Leaf Blotch00036.JPG,turmeric_leaf,1,Blotch_Field,external_test,held_out_external_generalization_test,9a2a123d799543dfe34b47919739616c,295486
DS02_EXT_FROZEN_120_Leaf Blotch00037.JPG,Dataset_02_Mendeley,Leaf Blotch00037.JPG,turmeric_datasets\dataset_02\original\Turmeric Plant Disease\Leaf Blotch\Leaf Blotch00037.JPG,turmeric_leaf,1,Blotch_Field,external_test,held_out_external_generalization_test,41e66ce1ab7e401b24ca405c7884c7dc,275299
DS02_EXT_FROZEN_121_Leaf Blotch00040.JPG,Dataset_02_Mendeley,Leaf Blotch00040.JPG,turmeric_datasets\dataset_02\original\Turmeric Plant Disease\Leaf Blotch\Leaf Blotch00040.JPG,turmeric_leaf,1,Blotch_Field,external_test,held_out_external_generalization_test,2a359b509986d6712ef5b49bdd70600b,329793
DS02_EXT_FROZEN_122_Leaf Blotch00041.JPG,Dataset_02_Mendeley,Leaf Blotch00041.JPG,turmeric_datasets\dataset_02\original\Turmeric Plant Disease\Leaf Blotch\Leaf Blotch00041.JPG,turmeric_leaf,1,Blotch_Field,external_test,held_out_external_generalization_test,76d8817c20a91ce25c5812f9a1a8a01b,320337
DS02_EXT_FROZEN_123_Leaf Blotch00041.JPG,Dataset_02_Mendeley,Leaf Blotch00041.JPG,turmeric_datasets\dataset_02\original\Turmeric Plant Disease\Leaf Blotch\Leaf Blotch00041.JPG,turmeric_leaf,1,Blotch_Field,external_test,held_out_external_generalization_test,76d8817c20a91ce25c5812f9a1a8a01b,320337
DS02_EXT_FROZEN_124_Leaf Blotch00042.JPG,Dataset_02_Mendeley,Leaf Blotch00042.JPG,turmeric_datasets\dataset_02\original\Turmeric Plant Disease\Leaf Blotch\Leaf Blotch00042.JPG,turmeric_leaf,1,Blotch_Field,external_test,held_out_external_generalization_test,b866edd503c9b07d7a04ed9e3ef964af,319814
DS02_EXT_FROZEN_125_Leaf Blotch00043.JPG,Dataset_02_Mendeley,Leaf Blotch00043.JPG,turmeric_datasets\dataset_02\original\Turmeric Plant Disease\Leaf Blotch\Leaf Blotch00043.JPG,turmeric_leaf,1,Blotch_Field,external_test,held_out_external_generalization_test,415eb2f32f1af1a7f9f1eac13d36c70a,340013
DS02_EXT_FROZEN_126_Leaf Blotch00046.JPG,Dataset_02_Mendeley,Leaf Blotch00046.JPG,turmeric_datasets\dataset_02\original\Turmeric Plant Disease\Leaf Blotch\Leaf Blotch00046.JPG,turmeric_leaf,1,Blotch_Field,external_test,held_out_external_generalization_test,0417ca4a4dd604c7cdc27d185126e73b,345582
DS02_EXT_FROZEN_127_Leaf Blotch00051.JPG,Dataset_02_Mendeley,Leaf Blotch00051.JPG,turmeric_datasets\dataset_02\original\Turmeric Plant Disease\Leaf Blotch\Leaf Blotch00051.JPG,turmeric_leaf,1,Blotch_Field,external_test,held_out_external_generalization_test,e7c25180365edeb65a069c09bae2fe30,325553
DS02_EXT_FROZEN_128_Leaf Blotch00055.JPG,Dataset_02_Mendeley,Leaf Blotch00055.JPG,turmeric_datasets\dataset_02\original\Turmeric Plant Disease\Leaf Blotch\Leaf Blotch00055.JPG,turmeric_leaf,1,Blotch_Field,external_test,held_out_external_generalization_test,b18ac832af3c56fb4fb38fac73585472,321250
DS02_EXT_FROZEN_129_Leaf Blotch00057.JPG,Dataset_02_Mendeley,Leaf Blotch00057.JPG,turmeric_datasets\dataset_02\original\Turmeric Plant Disease\Leaf Blotch\Leaf Blotch00057.JPG,turmeric_leaf,1,Blotch_Field,external_test,held_out_external_generalization_test,385bfe22942fa8c294af09ec2c0f2fac,322935
DS02_EXT_FROZEN_130_Leaf Blotch00062.JPG,Dataset_02_Mendeley,Leaf Blotch00062.JPG,turmeric_datasets\dataset_02\original\Turmeric Plant Disease\Leaf Blotch\Leaf Blotch00062.JPG,turmeric_leaf,1,Blotch_Field,external_test,held_out_external_generalization_test,7578748043c3033d7a32846aac91b29b,312282
DS02_EXT_FROZEN_131_Leaf Blotch00062.JPG,Dataset_02_Mendeley,Leaf Blotch00062.JPG,turmeric_datasets\dataset_02\original\Turmeric Plant Disease\Leaf Blotch\Leaf Blotch00062.JPG,turmeric_leaf,1,Blotch_Field,external_test,held_out_external_generalization_test,7578748043c3033d7a32846aac91b29b,312282
DS02_EXT_FROZEN_132_Leaf Blotch00064.JPG,Dataset_02_Mendeley,Leaf Blotch00064.JPG,turmeric_datasets\dataset_02\original\Turmeric Plant Disease\Leaf Blotch\Leaf Blotch00064.JPG,turmeric_leaf,1,Blotch_Field,external_test,held_out_external_generalization_test,e543a804c376aa5bd9c83f080e0ebfd9,302106
DS02_EXT_FROZEN_133_Leaf Blotch00065.JPG,Dataset_02_Mendeley,Leaf Blotch00065.JPG,turmeric_datasets\dataset_02\original\Turmeric Plant Disease\Leaf Blotch\Leaf Blotch00065.JPG,turmeric_leaf,1,Blotch_Field,external_test,held_out_external_generalization_test,f08ed88539032d20c3da3249c0e03d30,309325
DS02_EXT_FROZEN_134_Leaf Blotch00068.JPG,Dataset_02_Mendeley,Leaf Blotch00068.JPG,turmeric_datasets\dataset_02\original\Turmeric Plant Disease\Leaf Blotch\Leaf Blotch00068.JPG,turmeric_leaf,1,Blotch_Field,external_test,held_out_external_generalization_test,7dff27ca50baf2850181f5ee6b932fac,319683
DS02_EXT_FROZEN_135_Leaf Blotch00068.JPG,Dataset_02_Mendeley,Leaf Blotch00068.JPG,turmeric_datasets\dataset_02\original\Turmeric Plant Disease\Leaf Blotch\Leaf Blotch00068.JPG,turmeric_leaf,1,Blotch_Field,external_test,held_out_external_generalization_test,7dff27ca50baf2850181f5ee6b932fac,319683
DS02_EXT_FROZEN_136_Leaf Blotch00069.JPG,Dataset_02_Mendeley,Leaf Blotch00069.JPG,turmeric_datasets\dataset_02\original\Turmeric Plant Disease\Leaf Blotch\Leaf Blotch00069.JPG,turmeric_leaf,1,Blotch_Field,external_test,held_out_external_generalization_test,aca0d23b8265469ec9649b84bf272699,293029
DS02_EXT_FROZEN_137_Leaf Blotch00076.JPG,Dataset_02_Mendeley,Leaf Blotch00076.JPG,turmeric_datasets\dataset_02\original\Turmeric Plant Disease\Leaf Blotch\Leaf Blotch00076.JPG,turmeric_leaf,1,Blotch_Field,external_test,held_out_external_generalization_test,4ccddbbb03bdd156e7888947ed155a7d,379358
DS02_EXT_FROZEN_138_Leaf Blotch00077.JPG,Dataset_02_Mendeley,Leaf Blotch00077.JPG,turmeric_datasets\dataset_02\original\Turmeric Plant Disease\Leaf Blotch\Leaf Blotch00077.JPG,turmeric_leaf,1,Blotch_Field,external_test,held_out_external_generalization_test,5d81d2dc625aecb1dc6bc167b446578c,330846
DS02_EXT_FROZEN_139_Leaf Blotch00079.JPG,Dataset_02_Mendeley,Leaf Blotch00079.JPG,turmeric_datasets\dataset_02\original\Turmeric Plant Disease\Leaf Blotch\Leaf Blotch00079.JPG,turmeric_leaf,1,Blotch_Field,external_test,held_out_external_generalization_test,5d2778d81c258d84e88133184f0530a0,258157
DS02_EXT_FROZEN_140_Leaf Blotch00081.JPG,Dataset_02_Mendeley,Leaf Blotch00081.JPG,turmeric_datasets\dataset_02\original\Turmeric Plant Disease\Leaf Blotch\Leaf Blotch00081.JPG,turmeric_leaf,1,Blotch_Field,external_test,held_out_external_generalization_test,dff5e2d9b36563f333915ebbb5468327,324430
DS02_EXT_FROZEN_141_Leaf Blotch00083.JPG,Dataset_02_Mendeley,Leaf Blotch00083.JPG,turmeric_datasets\dataset_02\original\Turmeric Plant Disease\Leaf Blotch\Leaf Blotch00083.JPG,turmeric_leaf,1,Blotch_Field,external_test,held_out_external_generalization_test,ccafd32f43ff919f8afa6fb6ae087678,329659
DS02_EXT_FROZEN_142_Leaf Blotch00088.JPG,Dataset_02_Mendeley,Leaf Blotch00088.JPG,turmeric_datasets\dataset_02\original\Turmeric Plant Disease\Leaf Blotch\Leaf Blotch00088.JPG,turmeric_leaf,1,Blotch_Field,external_test,held_out_external_generalization_test,85e52a8ba6585d51a847e35cbfd21a82,329662
DS02_EXT_FROZEN_143_Leaf Blotch00093.JPG,Dataset_02_Mendeley,Leaf Blotch00093.JPG,turmeric_datasets\dataset_02\original\Turmeric Plant Disease\Leaf Blotch\Leaf Blotch00093.JPG,turmeric_leaf,1,Blotch_Field,external_test,held_out_external_generalization_test,f4d34b2e482205389ec54999e80bae46,324365
DS02_EXT_FROZEN_144_Leaf Blotch00096.JPG,Dataset_02_Mendeley,Leaf Blotch00096.JPG,turmeric_datasets\dataset_02\original\Turmeric Plant Disease\Leaf Blotch\Leaf Blotch00096.JPG,turmeric_leaf,1,Blotch_Field,external_test,held_out_external_generalization_test,2b698c0831b22a01bb6978b11278a2be,237475
DS02_EXT_FROZEN_145_Leaf Blotch00098.JPG,Dataset_02_Mendeley,Leaf Blotch00098.JPG,turmeric_datasets\dataset_02\original\Turmeric Plant Disease\Leaf Blotch\Leaf Blotch00098.JPG,turmeric_leaf,1,Blotch_Field,external_test,held_out_external_generalization_test,2f3a208ebb095f187d6f44991e5ec15d,247032
DS02_EXT_FROZEN_146_Leaf Blotch00099.JPG,Dataset_02_Mendeley,Leaf Blotch00099.JPG,turmeric_datasets\dataset_02\original\Turmeric Plant Disease\Leaf Blotch\Leaf Blotch00099.JPG,turmeric_leaf,1,Blotch_Field,external_test,held_out_external_generalization_test,83e3acc3687ca09378cf35b1bd54fd2b,310072
DS02_EXT_FROZEN_147_Leaf Blotch00102.JPG,Dataset_02_Mendeley,Leaf Blotch00102.JPG,turmeric_datasets\dataset_02\original\Turmeric Plant Disease\Leaf Blotch\Leaf Blotch00102.JPG,turmeric_leaf,1,Blotch_Field,external_test,held_out_external_generalization_test,331b689d1bd3a53d9725cc9e57e25844,315522
DS02_EXT_FROZEN_148_Leaf Blotch00103.JPG,Dataset_02_Mendeley,Leaf Blotch00103.JPG,turmeric_datasets\dataset_02\original\Turmeric Plant Disease\Leaf Blotch\Leaf Blotch00103.JPG,turmeric_leaf,1,Blotch_Field,external_test,held_out_external_generalization_test,2a74bf18ca28b46fffe969037e40e724,247745
DS02_EXT_FROZEN_149_Leaf Blotch00109.JPG,Dataset_02_Mendeley,Leaf Blotch00109.JPG,turmeric_datasets\dataset_02\original\Turmeric Plant Disease\Leaf Blotch\Leaf Blotch00109.JPG,turmeric_leaf,1,Blotch_Field,external_test,held_out_external_generalization_test,f04132d7d9cd5be6152acf0e9ee217bb,271976
DS02_EXT_FROZEN_150_Leaf Blotch00110.JPG,Dataset_02_Mendeley,Leaf Blotch00110.JPG,turmeric_datasets\dataset_02\original\Turmeric Plant Disease\Leaf Blotch\Leaf Blotch00110.JPG,turmeric_leaf,1,Blotch_Field,external_test,held_out_external_generalization_test,debe088442c6db573215becc9b92b1d0,281519
DS02_EXT_FROZEN_151_Leaf Blotch00112.JPG,Dataset_02_Mendeley,Leaf Blotch00112.JPG,turmeric_datasets\dataset_02\original\Turmeric Plant Disease\Leaf Blotch\Leaf Blotch00112.JPG,turmeric_leaf,1,Blotch_Field,external_test,held_out_external_generalization_test,f611e566b3e14596ecf60d20d70348f2,217920
DS02_EXT_FROZEN_152_Leaf Blotch00117.JPG,Dataset_02_Mendeley,Leaf Blotch00117.JPG,turmeric_datasets\dataset_02\original\Turmeric Plant Disease\Leaf Blotch\Leaf Blotch00117.JPG,turmeric_leaf,1,Blotch_Field,external_test,held_out_external_generalization_test,3331cd36f6d4f40298c4d390116b0b51,340798
DS02_EXT_FROZEN_153_Leaf Blotch00118.JPG,Dataset_02_Mendeley,Leaf Blotch00118.JPG,turmeric_datasets\dataset_02\original\Turmeric Plant Disease\Leaf Blotch\Leaf Blotch00118.JPG,turmeric_leaf,1,Blotch_Field,external_test,held_out_external_generalization_test,0efe0bce4b0aa936a1cf86298ebc48e6,292100
DS02_EXT_FROZEN_154_Leaf Blotch00120.JPG,Dataset_02_Mendeley,Leaf Blotch00120.JPG,turmeric_datasets\dataset_02\original\Turmeric Plant Disease\Leaf Blotch\Leaf Blotch00120.JPG,turmeric_leaf,1,Blotch_Field,external_test,held_out_external_generalization_test,79da6ef44ebb4e5c37e71aa0030a54c2,322552
DS02_EXT_FROZEN_155_Leaf Blotch00122.JPG,Dataset_02_Mendeley,Leaf Blotch00122.JPG,turmeric_datasets\dataset_02\original\Turmeric Plant Disease\Leaf Blotch\Leaf Blotch00122.JPG,turmeric_leaf,1,Blotch_Field,external_test,held_out_external_generalization_test,6bd4c7832cb60aeb56a5a077465c6a2d,215543
DS02_EXT_FROZEN_156_Leaf Blotch00125.JPG,Dataset_02_Mendeley,Leaf Blotch00125.JPG,turmeric_datasets\dataset_02\original\Turmeric Plant Disease\Leaf Blotch\Leaf Blotch00125.JPG,turmeric_leaf,1,Blotch_Field,external_test,held_out_external_generalization_test,be3e4f3de526257bbe949c0b656a366a,182906
DS02_EXT_FROZEN_157_Leaf Blotch00126.JPG,Dataset_02_Mendeley,Leaf Blotch00126.JPG,turmeric_datasets\dataset_02\original\Turmeric Plant Disease\Leaf Blotch\Leaf Blotch00126.JPG,turmeric_leaf,1,Blotch_Field,external_test,held_out_external_generalization_test,1adbbdc739380c6cf389304a88f78056,213710
DS02_EXT_FROZEN_158_Leaf Blotch00127.JPG,Dataset_02_Mendeley,Leaf Blotch00127.JPG,turmeric_datasets\dataset_02\original\Turmeric Plant Disease\Leaf Blotch\Leaf Blotch00127.JPG,turmeric_leaf,1,Blotch_Field,external_test,held_out_external_generalization_test,4b230d07aa2cbac6ea7d283e40795bc0,203534
DS02_EXT_FROZEN_159_Leaf Blotch00128.JPG,Dataset_02_Mendeley,Leaf Blotch00128.JPG,turmeric_datasets\dataset_02\original\Turmeric Plant Disease\Leaf Blotch\Leaf Blotch00128.JPG,turmeric_leaf,1,Blotch_Field,external_test,held_out_external_generalization_test,809ab7a5148e8c4da7b6f8f0f9a66211,246412
DS02_EXT_FROZEN_160_Leaf Blotch00129.JPG,Dataset_02_Mendeley,Leaf Blotch00129.JPG,turmeric_datasets\dataset_02\original\Turmeric Plant Disease\Leaf Blotch\Leaf Blotch00129.JPG,turmeric_leaf,1,Blotch_Field,external_test,held_out_external_generalization_test,6c42e838403b092a03e93b8b424e386a,270702
DS02_EXT_FROZEN_161_Leaf Blotch00130.JPG,Dataset_02_Mendeley,Leaf Blotch00130.JPG,turmeric_datasets\dataset_02\original\Turmeric Plant Disease\Leaf Blotch\Leaf Blotch00130.JPG,turmeric_leaf,1,Blotch_Field,external_test,held_out_external_generalization_test,45b070a6ec78adf17fbbe0b0bc91c20c,265819
DS02_EXT_FROZEN_162_Leaf Blotch00131.JPG,Dataset_02_Mendeley,Leaf Blotch00131.JPG,turmeric_datasets\dataset_02\original\Turmeric Plant Disease\Leaf Blotch\Leaf Blotch00131.JPG,turmeric_leaf,1,Blotch_Field,external_test,held_out_external_generalization_test,ce995e5c3ec413776b2eccbad70c1751,264734
DS02_EXT_FROZEN_163_Leaf Blotch00136.JPG,Dataset_02_Mendeley,Leaf Blotch00136.JPG,turmeric_datasets\dataset_02\original\Turmeric Plant Disease\Leaf Blotch\Leaf Blotch00136.JPG,turmeric_leaf,1,Blotch_Field,external_test,held_out_external_generalization_test,fbdc2a476161d50026b67a83ded64d80,253498
DS02_EXT_FROZEN_164_Leaf Blotch00136.JPG,Dataset_02_Mendeley,Leaf Blotch00136.JPG,turmeric_datasets\dataset_02\original\Turmeric Plant Disease\Leaf Blotch\Leaf Blotch00136.JPG,turmeric_leaf,1,Blotch_Field,external_test,held_out_external_generalization_test,fbdc2a476161d50026b67a83ded64d80,253498
DS02_EXT_FROZEN_165_Leaf Blotch00137.JPG,Dataset_02_Mendeley,Leaf Blotch00137.JPG,turmeric_datasets\dataset_02\original\Turmeric Plant Disease\Leaf Blotch\Leaf Blotch00137.JPG,turmeric_leaf,1,Blotch_Field,external_test,held_out_external_generalization_test,127b1153d8bc3317b4f9f313f32f3e67,240581
DS02_EXT_FROZEN_166_Leaf Blotch00138.JPG,Dataset_02_Mendeley,Leaf Blotch00138.JPG,turmeric_datasets\dataset_02\original\Turmeric Plant Disease\Leaf Blotch\Leaf Blotch00138.JPG,turmeric_leaf,1,Blotch_Field,external_test,held_out_external_generalization_test,55829d67c3aa5de95bd17eba7728e5af,320553
DS02_EXT_FROZEN_167_Leaf Blotch00138.JPG,Dataset_02_Mendeley,Leaf Blotch00138.JPG,turmeric_datasets\dataset_02\original\Turmeric Plant Disease\Leaf Blotch\Leaf Blotch00138.JPG,turmeric_leaf,1,Blotch_Field,external_test,held_out_external_generalization_test,55829d67c3aa5de95bd17eba7728e5af,320553
DS02_EXT_FROZEN_168_Leaf Blotch00139.JPG,Dataset_02_Mendeley,Leaf Blotch00139.JPG,turmeric_datasets\dataset_02\original\Turmeric Plant Disease\Leaf Blotch\Leaf Blotch00139.JPG,turmeric_leaf,1,Blotch_Field,external_test,held_out_external_generalization_test,b9181a3515fcdcf8651e816d1ae3d7a1,313670
DS02_EXT_FROZEN_169_Leaf Blotch00141.JPG,Dataset_02_Mendeley,Leaf Blotch00141.JPG,turmeric_datasets\dataset_02\original\Turmeric Plant Disease\Leaf Blotch\Leaf Blotch00141.JPG,turmeric_leaf,1,Blotch_Field,external_test,held_out_external_generalization_test,a4daafdc3907ce728a2b653aea94c6c3,380238
DS02_EXT_FROZEN_170_Leaf Blotch00142.JPG,Dataset_02_Mendeley,Leaf Blotch00142.JPG,turmeric_datasets\dataset_02\original\Turmeric Plant Disease\Leaf Blotch\Leaf Blotch00142.JPG,turmeric_leaf,1,Blotch_Field,external_test,held_out_external_generalization_test,565d384692cc49fc7a63d99006f7bbeb,331705
DS02_EXT_FROZEN_171_Leaf Blotch00144.JPG,Dataset_02_Mendeley,Leaf Blotch00144.JPG,turmeric_datasets\dataset_02\original\Turmeric Plant Disease\Leaf Blotch\Leaf Blotch00144.JPG,turmeric_leaf,1,Blotch_Field,external_test,held_out_external_generalization_test,c4ee05cf049d3e0fdb6a699cf2ccbd7f,337868
DS02_EXT_FROZEN_172_Leaf Blotch00146.JPG,Dataset_02_Mendeley,Leaf Blotch00146.JPG,turmeric_datasets\dataset_02\original\Turmeric Plant Disease\Leaf Blotch\Leaf Blotch00146.JPG,turmeric_leaf,1,Blotch_Field,external_test,held_out_external_generalization_test,a68e314502a21d51b2fade6a3db4c77e,322217
DS02_EXT_FROZEN_173_Leaf Blotch00150.JPG,Dataset_02_Mendeley,Leaf Blotch00150.JPG,turmeric_datasets\dataset_02\original\Turmeric Plant Disease\Leaf Blotch\Leaf Blotch00150.JPG,turmeric_leaf,1,Blotch_Field,external_test,held_out_external_generalization_test,510b0182304511d54ae3fefdc4f937ff,412444
DS02_EXT_FROZEN_174_Leaf Blotch00150.JPG,Dataset_02_Mendeley,Leaf Blotch00150.JPG,turmeric_datasets\dataset_02\original\Turmeric Plant Disease\Leaf Blotch\Leaf Blotch00150.JPG,turmeric_leaf,1,Blotch_Field,external_test,held_out_external_generalization_test,510b0182304511d54ae3fefdc4f937ff,412444
DS02_EXT_FROZEN_175_Leaf Blotch00153.JPG,Dataset_02_Mendeley,Leaf Blotch00153.JPG,turmeric_datasets\dataset_02\original\Turmeric Plant Disease\Leaf Blotch\Leaf Blotch00153.JPG,turmeric_leaf,1,Blotch_Field,external_test,held_out_external_generalization_test,d4250d8fada7c523348ed4c1ea542ca1,294245
DS02_EXT_FROZEN_176_Leaf Blotch00154.JPG,Dataset_02_Mendeley,Leaf Blotch00154.JPG,turmeric_datasets\dataset_02\original\Turmeric Plant Disease\Leaf Blotch\Leaf Blotch00154.JPG,turmeric_leaf,1,Blotch_Field,external_test,held_out_external_generalization_test,7d632fb8aebf71d2f8c0003fbc484450,329081
DS02_EXT_FROZEN_177_Leaf Blotch00156.JPG,Dataset_02_Mendeley,Leaf Blotch00156.JPG,turmeric_datasets\dataset_02\original\Turmeric Plant Disease\Leaf Blotch\Leaf Blotch00156.JPG,turmeric_leaf,1,Blotch_Field,external_test,held_out_external_generalization_test,ccdfce640c79df14ef1d6fb787546a2e,306464
DS02_EXT_FROZEN_178_Leaf Blotch00161.JPG,Dataset_02_Mendeley,Leaf Blotch00161.JPG,turmeric_datasets\dataset_02\original\Turmeric Plant Disease\Leaf Blotch\Leaf Blotch00161.JPG,turmeric_leaf,1,Blotch_Field,external_test,held_out_external_generalization_test,b280d63e5cc031df9d0c7b2037f92cd0,330095
DS02_EXT_FROZEN_179_Leaf Blotch00161.JPG,Dataset_02_Mendeley,Leaf Blotch00161.JPG,turmeric_datasets\dataset_02\original\Turmeric Plant Disease\Leaf Blotch\Leaf Blotch00161.JPG,turmeric_leaf,1,Blotch_Field,external_test,held_out_external_generalization_test,b280d63e5cc031df9d0c7b2037f92cd0,330095
DS02_EXT_FROZEN_180_Leaf Blotch00164.JPG,Dataset_02_Mendeley,Leaf Blotch00164.JPG,turmeric_datasets\dataset_02\original\Turmeric Plant Disease\Leaf Blotch\Leaf Blotch00164.JPG,turmeric_leaf,1,Blotch_Field,external_test,held_out_external_generalization_test,407d64b7201d5ce90f46e0b07da99685,289340
DS02_EXT_FROZEN_181_Leaf Blotch00164.JPG,Dataset_02_Mendeley,Leaf Blotch00164.JPG,turmeric_datasets\dataset_02\original\Turmeric Plant Disease\Leaf Blotch\Leaf Blotch00164.JPG,turmeric_leaf,1,Blotch_Field,external_test,held_out_external_generalization_test,407d64b7201d5ce90f46e0b07da99685,289340
DS02_EXT_FROZEN_182_Leaf Blotch00165.JPG,Dataset_02_Mendeley,Leaf Blotch00165.JPG,turmeric_datasets\dataset_02\original\Turmeric Plant Disease\Leaf Blotch\Leaf Blotch00165.JPG,turmeric_leaf,1,Blotch_Field,external_test,held_out_external_generalization_test,3e8093041250b834e4020ef0017d61d2,282588
DS02_EXT_FROZEN_183_Leaf Blotch00165.JPG,Dataset_02_Mendeley,Leaf Blotch00165.JPG,turmeric_datasets\dataset_02\original\Turmeric Plant Disease\Leaf Blotch\Leaf Blotch00165.JPG,turmeric_leaf,1,Blotch_Field,external_test,held_out_external_generalization_test,3e8093041250b834e4020ef0017d61d2,282588
DS02_EXT_FROZEN_184_Leaf Blotch00168.JPG,Dataset_02_Mendeley,Leaf Blotch00168.JPG,turmeric_datasets\dataset_02\original\Turmeric Plant Disease\Leaf Blotch\Leaf Blotch00168.JPG,turmeric_leaf,1,Blotch_Field,external_test,held_out_external_generalization_test,b1b6779f827261932c09ff734b320886,235137
DS02_EXT_FROZEN_185_Leaf Blotch00169.JPG,Dataset_02_Mendeley,Leaf Blotch00169.JPG,turmeric_datasets\dataset_02\original\Turmeric Plant Disease\Leaf Blotch\Leaf Blotch00169.JPG,turmeric_leaf,1,Blotch_Field,external_test,held_out_external_generalization_test,2b6a9536c5380d494e33ef909eb7692f,230275
DS02_EXT_FROZEN_186_Leaf Blotch00174.JPG,Dataset_02_Mendeley,Leaf Blotch00174.JPG,turmeric_datasets\dataset_02\original\Turmeric Plant Disease\Leaf Blotch\Leaf Blotch00174.JPG,turmeric_leaf,1,Blotch_Field,external_test,held_out_external_generalization_test,d1f2ae4269d00f1c3855e537be7fa2b7,247151
DS02_EXT_FROZEN_187_Leaf Blotch00175.JPG,Dataset_02_Mendeley,Leaf Blotch00175.JPG,turmeric_datasets\dataset_02\original\Turmeric Plant Disease\Leaf Blotch\Leaf Blotch00175.JPG,turmeric_leaf,1,Blotch_Field,external_test,held_out_external_generalization_test,6597a5f67cbc67cec31cf2947a257f11,311948
DS02_EXT_FROZEN_188_Leaf Blotch00175.JPG,Dataset_02_Mendeley,Leaf Blotch00175.JPG,turmeric_datasets\dataset_02\original\Turmeric Plant Disease\Leaf Blotch\Leaf Blotch00175.JPG,turmeric_leaf,1,Blotch_Field,external_test,held_out_external_generalization_test,6597a5f67cbc67cec31cf2947a257f11,311948
DS02_EXT_FROZEN_189_Leaf Blotch00179.JPG,Dataset_02_Mendeley,Leaf Blotch00179.JPG,turmeric_datasets\dataset_02\original\Turmeric Plant Disease\Leaf Blotch\Leaf Blotch00179.JPG,turmeric_leaf,1,Blotch_Field,external_test,held_out_external_generalization_test,ca1e51ce3d6ab535782cd1632bef76cb,318167
DS02_EXT_FROZEN_190_Leaf Blotch00182.JPG,Dataset_02_Mendeley,Leaf Blotch00182.JPG,turmeric_datasets\dataset_02\original\Turmeric Plant Disease\Leaf Blotch\Leaf Blotch00182.JPG,turmeric_leaf,1,Blotch_Field,external_test,held_out_external_generalization_test,c4d7c51fc6e1631a671c36d76af97606,420505
DS02_EXT_FROZEN_191_Leaf Blotch00183.JPG,Dataset_02_Mendeley,Leaf Blotch00183.JPG,turmeric_datasets\dataset_02\original\Turmeric Plant Disease\Leaf Blotch\Leaf Blotch00183.JPG,turmeric_leaf,1,Blotch_Field,external_test,held_out_external_generalization_test,a7278b82630914804e1f76cb495088da,417426
DS02_EXT_FROZEN_192_Leaf Blotch00183.JPG,Dataset_02_Mendeley,Leaf Blotch00183.JPG,turmeric_datasets\dataset_02\original\Turmeric Plant Disease\Leaf Blotch\Leaf Blotch00183.JPG,turmeric_leaf,1,Blotch_Field,external_test,held_out_external_generalization_test,a7278b82630914804e1f76cb495088da,417426
DS02_EXT_FROZEN_193_Leaf Blotch00184.JPG,Dataset_02_Mendeley,Leaf Blotch00184.JPG,turmeric_datasets\dataset_02\original\Turmeric Plant Disease\Leaf Blotch\Leaf Blotch00184.JPG,turmeric_leaf,1,Blotch_Field,external_test,held_out_external_generalization_test,818defd880f47b71a88eeb84f71d8e34,268625
DS02_EXT_FROZEN_194_Leaf Blotch00185.JPG,Dataset_02_Mendeley,Leaf Blotch00185.JPG,turmeric_datasets\dataset_02\original\Turmeric Plant Disease\Leaf Blotch\Leaf Blotch00185.JPG,turmeric_leaf,1,Blotch_Field,external_test,held_out_external_generalization_test,bbc6c3c4bab492084878c965cb4f20cf,226848
DS02_EXT_FROZEN_195_Leaf Blotch00189.JPG,Dataset_02_Mendeley,Leaf Blotch00189.JPG,turmeric_datasets\dataset_02\original\Turmeric Plant Disease\Leaf Blotch\Leaf Blotch00189.JPG,turmeric_leaf,1,Blotch_Field,external_test,held_out_external_generalization_test,f42806bff6d448a55490eecb2d28e181,290452
DS02_EXT_FROZEN_196_Leaf Blotch00191.JPG,Dataset_02_Mendeley,Leaf Blotch00191.JPG,turmeric_datasets\dataset_02\original\Turmeric Plant Disease\Leaf Blotch\Leaf Blotch00191.JPG,turmeric_leaf,1,Blotch_Field,external_test,held_out_external_generalization_test,b0ab75024849dc2229523c99ddc27950,293856
DS02_EXT_FROZEN_197_Leaf Blotch00193.JPG,Dataset_02_Mendeley,Leaf Blotch00193.JPG,turmeric_datasets\dataset_02\original\Turmeric Plant Disease\Leaf Blotch\Leaf Blotch00193.JPG,turmeric_leaf,1,Blotch_Field,external_test,held_out_external_generalization_test,949f566ed69672c1936fc28abb354ce0,322325
DS02_EXT_FROZEN_198_Leaf Blotch00194.JPG,Dataset_02_Mendeley,Leaf Blotch00194.JPG,turmeric_datasets\dataset_02\original\Turmeric Plant Disease\Leaf Blotch\Leaf Blotch00194.JPG,turmeric_leaf,1,Blotch_Field,external_test,held_out_external_generalization_test,c3b2aaba6b5c5077f9a9aac508e40ac1,301043
DS02_EXT_FROZEN_199_Leaf Blotch00198.JPG,Dataset_02_Mendeley,Leaf Blotch00198.JPG,turmeric_datasets\dataset_02\original\Turmeric Plant Disease\Leaf Blotch\Leaf Blotch00198.JPG,turmeric_leaf,1,Blotch_Field,external_test,held_out_external_generalization_test,12007cff4d319ef1f5b2d1c539fae282,326241
DS02_EXT_FROZEN_200_Leaf Blotch00199.JPG,Dataset_02_Mendeley,Leaf Blotch00199.JPG,turmeric_datasets\dataset_02\original\Turmeric Plant Disease\Leaf Blotch\Leaf Blotch00199.JPG,turmeric_leaf,1,Blotch_Field,external_test,held_out_external_generalization_test,c4c49e471da506d24287d1611bcf61f8,319015
DS02_RESERVE_Healthy Leaf00001.JPG,Dataset_02_Mendeley,Healthy Leaf00001.JPG,turmeric_datasets\dataset_02\original\Turmeric Plant Disease\Healthy Leaf\Healthy Leaf00001.JPG,turmeric_leaf,1,Healthy_Field_Reserve,external_reserve,excluded_external_reserve,8a34836f2778d063a4c80709e6f201a4,217313
DS02_RESERVE_Healthy Leaf00003.JPG,Dataset_02_Mendeley,Healthy Leaf00003.JPG,turmeric_datasets\dataset_02\original\Turmeric Plant Disease\Healthy Leaf\Healthy Leaf00003.JPG,turmeric_leaf,1,Healthy_Field_Reserve,external_reserve,excluded_external_reserve,b30c2a698086b0ef6bacaa469f5d3bb9,215605
DS02_RESERVE_Healthy Leaf00004.JPG,Dataset_02_Mendeley,Healthy Leaf00004.JPG,turmeric_datasets\dataset_02\original\Turmeric Plant Disease\Healthy Leaf\Healthy Leaf00004.JPG,turmeric_leaf,1,Healthy_Field_Reserve,external_reserve,excluded_external_reserve,ab51b84528dc43eea962d20c53680628,225639
DS02_RESERVE_Healthy Leaf00005.JPG,Dataset_02_Mendeley,Healthy Leaf00005.JPG,turmeric_datasets\dataset_02\original\Turmeric Plant Disease\Healthy Leaf\Healthy Leaf00005.JPG,turmeric_leaf,1,Healthy_Field_Reserve,external_reserve,excluded_external_reserve,4d6bd3327949a433f217371bec13e551,205491
DS02_RESERVE_Healthy Leaf00006.JPG,Dataset_02_Mendeley,Healthy Leaf00006.JPG,turmeric_datasets\dataset_02\original\Turmeric Plant Disease\Healthy Leaf\Healthy Leaf00006.JPG,turmeric_leaf,1,Healthy_Field_Reserve,external_reserve,excluded_external_reserve,aa6e36ecccee02b3fdfc27af2743339c,207172
DS02_RESERVE_Healthy Leaf00010.JPG,Dataset_02_Mendeley,Healthy Leaf00010.JPG,turmeric_datasets\dataset_02\original\Turmeric Plant Disease\Healthy Leaf\Healthy Leaf00010.JPG,turmeric_leaf,1,Healthy_Field_Reserve,external_reserve,excluded_external_reserve,6f929fe30b840351db3cbc956ade2feb,186340
DS02_RESERVE_Healthy Leaf00011.JPG,Dataset_02_Mendeley,Healthy Leaf00011.JPG,turmeric_datasets\dataset_02\original\Turmeric Plant Disease\Healthy Leaf\Healthy Leaf00011.JPG,turmeric_leaf,1,Healthy_Field_Reserve,external_reserve,excluded_external_reserve,4fcc2f3549ed04d37eb9b9f0b1fa3b55,241041
DS02_RESERVE_Healthy Leaf00013.JPG,Dataset_02_Mendeley,Healthy Leaf00013.JPG,turmeric_datasets\dataset_02\original\Turmeric Plant Disease\Healthy Leaf\Healthy Leaf00013.JPG,turmeric_leaf,1,Healthy_Field_Reserve,external_reserve,excluded_external_reserve,ffb3063e15e75136041eecc9fa5fe992,249034
DS02_RESERVE_Healthy Leaf00014.JPG,Dataset_02_Mendeley,Healthy Leaf00014.JPG,turmeric_datasets\dataset_02\original\Turmeric Plant Disease\Healthy Leaf\Healthy Leaf00014.JPG,turmeric_leaf,1,Healthy_Field_Reserve,external_reserve,excluded_external_reserve,880efb6559bec476a806383abbd3076b,228557
DS02_RESERVE_Healthy Leaf00016.JPG,Dataset_02_Mendeley,Healthy Leaf00016.JPG,turmeric_datasets\dataset_02\original\Turmeric Plant Disease\Healthy Leaf\Healthy Leaf00016.JPG,turmeric_leaf,1,Healthy_Field_Reserve,external_reserve,excluded_external_reserve,caac27e9fea0b9f33785123426f3aeda,251647
DS02_RESERVE_Healthy Leaf00020.JPG,Dataset_02_Mendeley,Healthy Leaf00020.JPG,turmeric_datasets\dataset_02\original\Turmeric Plant Disease\Healthy Leaf\Healthy Leaf00020.JPG,turmeric_leaf,1,Healthy_Field_Reserve,external_reserve,excluded_external_reserve,26a2f498393212bca79a2935cabcc25f,214488
DS02_RESERVE_Healthy Leaf00022.JPG,Dataset_02_Mendeley,Healthy Leaf00022.JPG,turmeric_datasets\dataset_02\original\Turmeric Plant Disease\Healthy Leaf\Healthy Leaf00022.JPG,turmeric_leaf,1,Healthy_Field_Reserve,external_reserve,excluded_external_reserve,4e30cc95328eb3384d395080bf8a6e63,283785
DS02_RESERVE_Healthy Leaf00028.JPG,Dataset_02_Mendeley,Healthy Leaf00028.JPG,turmeric_datasets\dataset_02\original\Turmeric Plant Disease\Healthy Leaf\Healthy Leaf00028.JPG,turmeric_leaf,1,Healthy_Field_Reserve,external_reserve,excluded_external_reserve,3153a06a006cf208fa0789c6a1d0fa68,235492
DS02_RESERVE_Healthy Leaf00030.JPG,Dataset_02_Mendeley,Healthy Leaf00030.JPG,turmeric_datasets\dataset_02\original\Turmeric Plant Disease\Healthy Leaf\Healthy Leaf00030.JPG,turmeric_leaf,1,Healthy_Field_Reserve,external_reserve,excluded_external_reserve,c5e1234618411da39b17cf026e240168,211487
DS02_RESERVE_Healthy Leaf00031.JPG,Dataset_02_Mendeley,Healthy Leaf00031.JPG,turmeric_datasets\dataset_02\original\Turmeric Plant Disease\Healthy Leaf\Healthy Leaf00031.JPG,turmeric_leaf,1,Healthy_Field_Reserve,external_reserve,excluded_external_reserve,6bc90e384e36f7833a0ac8b2a5afac36,232550
DS02_RESERVE_Healthy Leaf00033.JPG,Dataset_02_Mendeley,Healthy Leaf00033.JPG,turmeric_datasets\dataset_02\original\Turmeric Plant Disease\Healthy Leaf\Healthy Leaf00033.JPG,turmeric_leaf,1,Healthy_Field_Reserve,external_reserve,excluded_external_reserve,24a56618aff7217bcd6b8638a87ff3e4,207791
DS02_RESERVE_Healthy Leaf00034.JPG,Dataset_02_Mendeley,Healthy Leaf00034.JPG,turmeric_datasets\dataset_02\original\Turmeric Plant Disease\Healthy Leaf\Healthy Leaf00034.JPG,turmeric_leaf,1,Healthy_Field_Reserve,external_reserve,excluded_external_reserve,f55be9387632c3aa3268ce49101df52d,190135
DS02_RESERVE_Healthy Leaf00035.JPG,Dataset_02_Mendeley,Healthy Leaf00035.JPG,turmeric_datasets\dataset_02\original\Turmeric Plant Disease\Healthy Leaf\Healthy Leaf00035.JPG,turmeric_leaf,1,Healthy_Field_Reserve,external_reserve,excluded_external_reserve,0481051f189277d843aeb7c394cad0ef,201941
DS02_RESERVE_Healthy Leaf00037.JPG,Dataset_02_Mendeley,Healthy Leaf00037.JPG,turmeric_datasets\dataset_02\original\Turmeric Plant Disease\Healthy Leaf\Healthy Leaf00037.JPG,turmeric_leaf,1,Healthy_Field_Reserve,external_reserve,excluded_external_reserve,565c60774ac55d9839d01b2320039311,188814
DS02_RESERVE_Healthy Leaf00038.JPG,Dataset_02_Mendeley,Healthy Leaf00038.JPG,turmeric_datasets\dataset_02\original\Turmeric Plant Disease\Healthy Leaf\Healthy Leaf00038.JPG,turmeric_leaf,1,Healthy_Field_Reserve,external_reserve,excluded_external_reserve,93e920bccd0d89e10d8a1d44b14c2e9c,183231
DS02_RESERVE_Healthy Leaf00039.JPG,Dataset_02_Mendeley,Healthy Leaf00039.JPG,turmeric_datasets\dataset_02\original\Turmeric Plant Disease\Healthy Leaf\Healthy Leaf00039.JPG,turmeric_leaf,1,Healthy_Field_Reserve,external_reserve,excluded_external_reserve,ac429afaf0b7bbd65380cf39b3459daa,187886
DS02_RESERVE_Healthy Leaf00043.JPG,Dataset_02_Mendeley,Healthy Leaf00043.JPG,turmeric_datasets\dataset_02\original\Turmeric Plant Disease\Healthy Leaf\Healthy Leaf00043.JPG,turmeric_leaf,1,Healthy_Field_Reserve,external_reserve,excluded_external_reserve,8aa3eda08492b1883934fc28be7c54de,194873
DS02_RESERVE_Healthy Leaf00045.JPG,Dataset_02_Mendeley,Healthy Leaf00045.JPG,turmeric_datasets\dataset_02\original\Turmeric Plant Disease\Healthy Leaf\Healthy Leaf00045.JPG,turmeric_leaf,1,Healthy_Field_Reserve,external_reserve,excluded_external_reserve,906400ba487ac929e0d6a55991c28d4c,211870
DS02_RESERVE_Healthy Leaf00046.JPG,Dataset_02_Mendeley,Healthy Leaf00046.JPG,turmeric_datasets\dataset_02\original\Turmeric Plant Disease\Healthy Leaf\Healthy Leaf00046.JPG,turmeric_leaf,1,Healthy_Field_Reserve,external_reserve,excluded_external_reserve,f8543be82a03087a5ad21407edd28889,243265
DS02_RESERVE_Healthy Leaf00047.JPG,Dataset_02_Mendeley,Healthy Leaf00047.JPG,turmeric_datasets\dataset_02\original\Turmeric Plant Disease\Healthy Leaf\Healthy Leaf00047.JPG,turmeric_leaf,1,Healthy_Field_Reserve,external_reserve,excluded_external_reserve,e63af32c1373a7bfffb375a58d8fa9c9,213633
DS02_RESERVE_Healthy Leaf00048.JPG,Dataset_02_Mendeley,Healthy Leaf00048.JPG,turmeric_datasets\dataset_02\original\Turmeric Plant Disease\Healthy Leaf\Healthy Leaf00048.JPG,turmeric_leaf,1,Healthy_Field_Reserve,external_reserve,excluded_external_reserve,bd5bdeee68f959a4ea33433a332f4e87,205390
DS02_RESERVE_Healthy Leaf00049.JPG,Dataset_02_Mendeley,Healthy Leaf00049.JPG,turmeric_datasets\dataset_02\original\Turmeric Plant Disease\Healthy Leaf\Healthy Leaf00049.JPG,turmeric_leaf,1,Healthy_Field_Reserve,external_reserve,excluded_external_reserve,1628ff55280fd991746a8f8253db3591,150104
DS02_RESERVE_Healthy Leaf00052.JPG,Dataset_02_Mendeley,Healthy Leaf00052.JPG,turmeric_datasets\dataset_02\original\Turmeric Plant Disease\Healthy Leaf\Healthy Leaf00052.JPG,turmeric_leaf,1,Healthy_Field_Reserve,external_reserve,excluded_external_reserve,63c528ad6543eab39687a8ff9ab3887b,210085
DS02_RESERVE_Healthy Leaf00053.JPG,Dataset_02_Mendeley,Healthy Leaf00053.JPG,turmeric_datasets\dataset_02\original\Turmeric Plant Disease\Healthy Leaf\Healthy Leaf00053.JPG,turmeric_leaf,1,Healthy_Field_Reserve,external_reserve,excluded_external_reserve,a881d7e71e5047fa9c2b4abf2161a217,209975
DS02_RESERVE_Healthy Leaf00061.JPG,Dataset_02_Mendeley,Healthy Leaf00061.JPG,turmeric_datasets\dataset_02\original\Turmeric Plant Disease\Healthy Leaf\Healthy Leaf00061.JPG,turmeric_leaf,1,Healthy_Field_Reserve,external_reserve,excluded_external_reserve,d1e9d3a31d6baa3494fb5609682a67b1,213784
DS02_RESERVE_Healthy Leaf00062.JPG,Dataset_02_Mendeley,Healthy Leaf00062.JPG,turmeric_datasets\dataset_02\original\Turmeric Plant Disease\Healthy Leaf\Healthy Leaf00062.JPG,turmeric_leaf,1,Healthy_Field_Reserve,external_reserve,excluded_external_reserve,39026dcd227bc2f96f6f5cc935e4f9a2,230415
DS02_RESERVE_Healthy Leaf00064.JPG,Dataset_02_Mendeley,Healthy Leaf00064.JPG,turmeric_datasets\dataset_02\original\Turmeric Plant Disease\Healthy Leaf\Healthy Leaf00064.JPG,turmeric_leaf,1,Healthy_Field_Reserve,external_reserve,excluded_external_reserve,8443dc85844ed08947b78f8fae9e135b,254148
DS02_RESERVE_Healthy Leaf00065.JPG,Dataset_02_Mendeley,Healthy Leaf00065.JPG,turmeric_datasets\dataset_02\original\Turmeric Plant Disease\Healthy Leaf\Healthy Leaf00065.JPG,turmeric_leaf,1,Healthy_Field_Reserve,external_reserve,excluded_external_reserve,8d93174214365ebbf4eaacd8316e7f85,321185
DS02_RESERVE_Healthy Leaf00066.JPG,Dataset_02_Mendeley,Healthy Leaf00066.JPG,turmeric_datasets\dataset_02\original\Turmeric Plant Disease\Healthy Leaf\Healthy Leaf00066.JPG,turmeric_leaf,1,Healthy_Field_Reserve,external_reserve,excluded_external_reserve,f5431adfe0a0f83493a7e74cd0527c10,352781
DS02_RESERVE_Healthy Leaf00067.JPG,Dataset_02_Mendeley,Healthy Leaf00067.JPG,turmeric_datasets\dataset_02\original\Turmeric Plant Disease\Healthy Leaf\Healthy Leaf00067.JPG,turmeric_leaf,1,Healthy_Field_Reserve,external_reserve,excluded_external_reserve,39c81e176588ebc1e478238c9a34d946,268557
DS02_RESERVE_Healthy Leaf00073.JPG,Dataset_02_Mendeley,Healthy Leaf00073.JPG,turmeric_datasets\dataset_02\original\Turmeric Plant Disease\Healthy Leaf\Healthy Leaf00073.JPG,turmeric_leaf,1,Healthy_Field_Reserve,external_reserve,excluded_external_reserve,ed7904224f1f1680f0dbc607170f8644,213593
DS02_RESERVE_Healthy Leaf00074.JPG,Dataset_02_Mendeley,Healthy Leaf00074.JPG,turmeric_datasets\dataset_02\original\Turmeric Plant Disease\Healthy Leaf\Healthy Leaf00074.JPG,turmeric_leaf,1,Healthy_Field_Reserve,external_reserve,excluded_external_reserve,e37bb1a0116bd3868d8ced3efca40a3f,330793
DS02_RESERVE_Healthy Leaf00077.JPG,Dataset_02_Mendeley,Healthy Leaf00077.JPG,turmeric_datasets\dataset_02\original\Turmeric Plant Disease\Healthy Leaf\Healthy Leaf00077.JPG,turmeric_leaf,1,Healthy_Field_Reserve,external_reserve,excluded_external_reserve,0efa4ed27518ef3c001d03ca5a8642c0,207157
DS02_RESERVE_Healthy Leaf00078.JPG,Dataset_02_Mendeley,Healthy Leaf00078.JPG,turmeric_datasets\dataset_02\original\Turmeric Plant Disease\Healthy Leaf\Healthy Leaf00078.JPG,turmeric_leaf,1,Healthy_Field_Reserve,external_reserve,excluded_external_reserve,2e74109cb5761dcd74ef14799fb76f87,246695
DS02_RESERVE_Healthy Leaf00079.JPG,Dataset_02_Mendeley,Healthy Leaf00079.JPG,turmeric_datasets\dataset_02\original\Turmeric Plant Disease\Healthy Leaf\Healthy Leaf00079.JPG,turmeric_leaf,1,Healthy_Field_Reserve,external_reserve,excluded_external_reserve,8143156cdcd0383fff61c94ed12fa6be,271525
DS02_RESERVE_Healthy Leaf00080.JPG,Dataset_02_Mendeley,Healthy Leaf00080.JPG,turmeric_datasets\dataset_02\original\Turmeric Plant Disease\Healthy Leaf\Healthy Leaf00080.JPG,turmeric_leaf,1,Healthy_Field_Reserve,external_reserve,excluded_external_reserve,9a6e3426713332f8a167cf4adf04fb83,233038
DS02_RESERVE_Healthy Leaf00082.JPG,Dataset_02_Mendeley,Healthy Leaf00082.JPG,turmeric_datasets\dataset_02\original\Turmeric Plant Disease\Healthy Leaf\Healthy Leaf00082.JPG,turmeric_leaf,1,Healthy_Field_Reserve,external_reserve,excluded_external_reserve,cdb3b156d5963b4a5599245c24694c43,262389
DS02_RESERVE_Healthy Leaf00083.JPG,Dataset_02_Mendeley,Healthy Leaf00083.JPG,turmeric_datasets\dataset_02\original\Turmeric Plant Disease\Healthy Leaf\Healthy Leaf00083.JPG,turmeric_leaf,1,Healthy_Field_Reserve,external_reserve,excluded_external_reserve,6615a65bfa312929c0e7637fe1b05961,271831
DS02_RESERVE_Healthy Leaf00085.JPG,Dataset_02_Mendeley,Healthy Leaf00085.JPG,turmeric_datasets\dataset_02\original\Turmeric Plant Disease\Healthy Leaf\Healthy Leaf00085.JPG,turmeric_leaf,1,Healthy_Field_Reserve,external_reserve,excluded_external_reserve,050f78788e9df4657f5ac66a4d4e823b,222465
DS02_RESERVE_Healthy Leaf00086.JPG,Dataset_02_Mendeley,Healthy Leaf00086.JPG,turmeric_datasets\dataset_02\original\Turmeric Plant Disease\Healthy Leaf\Healthy Leaf00086.JPG,turmeric_leaf,1,Healthy_Field_Reserve,external_reserve,excluded_external_reserve,d6d17a7a0bde24f5c551f54e6818a774,242960
DS02_RESERVE_Healthy Leaf00090.JPG,Dataset_02_Mendeley,Healthy Leaf00090.JPG,turmeric_datasets\dataset_02\original\Turmeric Plant Disease\Healthy Leaf\Healthy Leaf00090.JPG,turmeric_leaf,1,Healthy_Field_Reserve,external_reserve,excluded_external_reserve,0b2bb279d3f64deca587fcdd340f15ec,246589
DS02_RESERVE_Healthy Leaf00096.JPG,Dataset_02_Mendeley,Healthy Leaf00096.JPG,turmeric_datasets\dataset_02\original\Turmeric Plant Disease\Healthy Leaf\Healthy Leaf00096.JPG,turmeric_leaf,1,Healthy_Field_Reserve,external_reserve,excluded_external_reserve,fdf596e58cf82f020270322d10061f72,254806
DS02_RESERVE_Healthy Leaf00099.JPG,Dataset_02_Mendeley,Healthy Leaf00099.JPG,turmeric_datasets\dataset_02\original\Turmeric Plant Disease\Healthy Leaf\Healthy Leaf00099.JPG,turmeric_leaf,1,Healthy_Field_Reserve,external_reserve,excluded_external_reserve,b75a58c791872dacc82342bcaded6a24,215141
DS02_RESERVE_Healthy Leaf00100.JPG,Dataset_02_Mendeley,Healthy Leaf00100.JPG,turmeric_datasets\dataset_02\original\Turmeric Plant Disease\Healthy Leaf\Healthy Leaf00100.JPG,turmeric_leaf,1,Healthy_Field_Reserve,external_reserve,excluded_external_reserve,038eb5f134f0e5018565569083d0d4a8,296062
DS02_RESERVE_Healthy Leaf00101.JPG,Dataset_02_Mendeley,Healthy Leaf00101.JPG,turmeric_datasets\dataset_02\original\Turmeric Plant Disease\Healthy Leaf\Healthy Leaf00101.JPG,turmeric_leaf,1,Healthy_Field_Reserve,external_reserve,excluded_external_reserve,fecd7a1a6e152eff633d2ec94b5e9b9b,308948
DS02_RESERVE_Healthy Leaf00102.JPG,Dataset_02_Mendeley,Healthy Leaf00102.JPG,turmeric_datasets\dataset_02\original\Turmeric Plant Disease\Healthy Leaf\Healthy Leaf00102.JPG,turmeric_leaf,1,Healthy_Field_Reserve,external_reserve,excluded_external_reserve,a4b1b1768eb230374575e8319cfe072b,220836
DS02_RESERVE_Healthy Leaf00104.JPG,Dataset_02_Mendeley,Healthy Leaf00104.JPG,turmeric_datasets\dataset_02\original\Turmeric Plant Disease\Healthy Leaf\Healthy Leaf00104.JPG,turmeric_leaf,1,Healthy_Field_Reserve,external_reserve,excluded_external_reserve,598db3d9b79f673a2ddfe3eeb150db03,237924
DS02_RESERVE_Healthy Leaf00105.JPG,Dataset_02_Mendeley,Healthy Leaf00105.JPG,turmeric_datasets\dataset_02\original\Turmeric Plant Disease\Healthy Leaf\Healthy Leaf00105.JPG,turmeric_leaf,1,Healthy_Field_Reserve,external_reserve,excluded_external_reserve,88463c1bac425f4cda1e8195d99e8ead,240108
DS02_RESERVE_Healthy Leaf00106.JPG,Dataset_02_Mendeley,Healthy Leaf00106.JPG,turmeric_datasets\dataset_02\original\Turmeric Plant Disease\Healthy Leaf\Healthy Leaf00106.JPG,turmeric_leaf,1,Healthy_Field_Reserve,external_reserve,excluded_external_reserve,547938ddeb819e9296a75aadeeb429af,243612
DS02_RESERVE_Healthy Leaf00107.JPG,Dataset_02_Mendeley,Healthy Leaf00107.JPG,turmeric_datasets\dataset_02\original\Turmeric Plant Disease\Healthy Leaf\Healthy Leaf00107.JPG,turmeric_leaf,1,Healthy_Field_Reserve,external_reserve,excluded_external_reserve,7a6a09026e790dcedd58c00b0e73bd6d,222916
DS02_RESERVE_Healthy Leaf00110.JPG,Dataset_02_Mendeley,Healthy Leaf00110.JPG,turmeric_datasets\dataset_02\original\Turmeric Plant Disease\Healthy Leaf\Healthy Leaf00110.JPG,turmeric_leaf,1,Healthy_Field_Reserve,external_reserve,excluded_external_reserve,4d8c85bec68a8d1598efb742a14f479e,260900
DS02_RESERVE_Healthy Leaf00111.JPG,Dataset_02_Mendeley,Healthy Leaf00111.JPG,turmeric_datasets\dataset_02\original\Turmeric Plant Disease\Healthy Leaf\Healthy Leaf00111.JPG,turmeric_leaf,1,Healthy_Field_Reserve,external_reserve,excluded_external_reserve,85f0fac72a14516292ed0a979dcb85f7,228579
DS02_RESERVE_Healthy Leaf00112.JPG,Dataset_02_Mendeley,Healthy Leaf00112.JPG,turmeric_datasets\dataset_02\original\Turmeric Plant Disease\Healthy Leaf\Healthy Leaf00112.JPG,turmeric_leaf,1,Healthy_Field_Reserve,external_reserve,excluded_external_reserve,e4e659fa4efb8cc2a2f15058d153f434,212195
DS02_RESERVE_Healthy Leaf00113.JPG,Dataset_02_Mendeley,Healthy Leaf00113.JPG,turmeric_datasets\dataset_02\original\Turmeric Plant Disease\Healthy Leaf\Healthy Leaf00113.JPG,turmeric_leaf,1,Healthy_Field_Reserve,external_reserve,excluded_external_reserve,8b7ffdc5d4a271b290c0b2e14e0e78eb,189146
DS02_RESERVE_Healthy Leaf00114.JPG,Dataset_02_Mendeley,Healthy Leaf00114.JPG,turmeric_datasets\dataset_02\original\Turmeric Plant Disease\Healthy Leaf\Healthy Leaf00114.JPG,turmeric_leaf,1,Healthy_Field_Reserve,external_reserve,excluded_external_reserve,a01e2adce9866a738fdeafa47ad6a99a,193330
DS02_RESERVE_Healthy Leaf00116.JPG,Dataset_02_Mendeley,Healthy Leaf00116.JPG,turmeric_datasets\dataset_02\original\Turmeric Plant Disease\Healthy Leaf\Healthy Leaf00116.JPG,turmeric_leaf,1,Healthy_Field_Reserve,external_reserve,excluded_external_reserve,d042c7342fa01f115a7556f5b34120ac,216202
DS02_RESERVE_Healthy Leaf00120.JPG,Dataset_02_Mendeley,Healthy Leaf00120.JPG,turmeric_datasets\dataset_02\original\Turmeric Plant Disease\Healthy Leaf\Healthy Leaf00120.JPG,turmeric_leaf,1,Healthy_Field_Reserve,external_reserve,excluded_external_reserve,9358305f8da4df98e3f9011aa5d26d7a,220055
DS02_RESERVE_Healthy Leaf00121.JPG,Dataset_02_Mendeley,Healthy Leaf00121.JPG,turmeric_datasets\dataset_02\original\Turmeric Plant Disease\Healthy Leaf\Healthy Leaf00121.JPG,turmeric_leaf,1,Healthy_Field_Reserve,external_reserve,excluded_external_reserve,f287bc5e1bbdd7f63060f0d920474537,230022
DS02_RESERVE_Healthy Leaf00122.JPG,Dataset_02_Mendeley,Healthy Leaf00122.JPG,turmeric_datasets\dataset_02\original\Turmeric Plant Disease\Healthy Leaf\Healthy Leaf00122.JPG,turmeric_leaf,1,Healthy_Field_Reserve,external_reserve,excluded_external_reserve,677c669c49a097d79dde9d8ccb674f18,237267
DS02_RESERVE_Healthy Leaf00123.JPG,Dataset_02_Mendeley,Healthy Leaf00123.JPG,turmeric_datasets\dataset_02\original\Turmeric Plant Disease\Healthy Leaf\Healthy Leaf00123.JPG,turmeric_leaf,1,Healthy_Field_Reserve,external_reserve,excluded_external_reserve,c94c99297ade10b044f1261f60956971,265860
DS02_RESERVE_Healthy Leaf00124.JPG,Dataset_02_Mendeley,Healthy Leaf00124.JPG,turmeric_datasets\dataset_02\original\Turmeric Plant Disease\Healthy Leaf\Healthy Leaf00124.JPG,turmeric_leaf,1,Healthy_Field_Reserve,external_reserve,excluded_external_reserve,dc3481f883573aed25d02ab0fe6a74b4,248321
DS02_RESERVE_Healthy Leaf00125.JPG,Dataset_02_Mendeley,Healthy Leaf00125.JPG,turmeric_datasets\dataset_02\original\Turmeric Plant Disease\Healthy Leaf\Healthy Leaf00125.JPG,turmeric_leaf,1,Healthy_Field_Reserve,external_reserve,excluded_external_reserve,fbfbdbad6386588d4e05fdfee66ea0b5,244059
DS02_RESERVE_Healthy Leaf00126.JPG,Dataset_02_Mendeley,Healthy Leaf00126.JPG,turmeric_datasets\dataset_02\original\Turmeric Plant Disease\Healthy Leaf\Healthy Leaf00126.JPG,turmeric_leaf,1,Healthy_Field_Reserve,external_reserve,excluded_external_reserve,6a2d21b54358c27f5c645a763193055a,189632
DS02_RESERVE_Healthy Leaf00127.JPG,Dataset_02_Mendeley,Healthy Leaf00127.JPG,turmeric_datasets\dataset_02\original\Turmeric Plant Disease\Healthy Leaf\Healthy Leaf00127.JPG,turmeric_leaf,1,Healthy_Field_Reserve,external_reserve,excluded_external_reserve,1956ee4fd293b714cc5c063f8fce5c8b,241893
DS02_RESERVE_Healthy Leaf00128.JPG,Dataset_02_Mendeley,Healthy Leaf00128.JPG,turmeric_datasets\dataset_02\original\Turmeric Plant Disease\Healthy Leaf\Healthy Leaf00128.JPG,turmeric_leaf,1,Healthy_Field_Reserve,external_reserve,excluded_external_reserve,eacca08ea5344f399c1c02a956434ac0,204113
DS02_RESERVE_Healthy Leaf00129.JPG,Dataset_02_Mendeley,Healthy Leaf00129.JPG,turmeric_datasets\dataset_02\original\Turmeric Plant Disease\Healthy Leaf\Healthy Leaf00129.JPG,turmeric_leaf,1,Healthy_Field_Reserve,external_reserve,excluded_external_reserve,6b1b5766efbab1387cd81a6292673ed8,207729
DS02_RESERVE_Healthy Leaf00131.JPG,Dataset_02_Mendeley,Healthy Leaf00131.JPG,turmeric_datasets\dataset_02\original\Turmeric Plant Disease\Healthy Leaf\Healthy Leaf00131.JPG,turmeric_leaf,1,Healthy_Field_Reserve,external_reserve,excluded_external_reserve,7bede03abcdf815da12a2f83bf2d5911,245424
DS02_RESERVE_Healthy Leaf00132.JPG,Dataset_02_Mendeley,Healthy Leaf00132.JPG,turmeric_datasets\dataset_02\original\Turmeric Plant Disease\Healthy Leaf\Healthy Leaf00132.JPG,turmeric_leaf,1,Healthy_Field_Reserve,external_reserve,excluded_external_reserve,bdb6f1908051bf5757348061ff025d4f,268106
DS02_RESERVE_Healthy Leaf00133.JPG,Dataset_02_Mendeley,Healthy Leaf00133.JPG,turmeric_datasets\dataset_02\original\Turmeric Plant Disease\Healthy Leaf\Healthy Leaf00133.JPG,turmeric_leaf,1,Healthy_Field_Reserve,external_reserve,excluded_external_reserve,9345ee951301a6c4fb3f8db8653da11e,246855
DS02_RESERVE_Healthy Leaf00134.JPG,Dataset_02_Mendeley,Healthy Leaf00134.JPG,turmeric_datasets\dataset_02\original\Turmeric Plant Disease\Healthy Leaf\Healthy Leaf00134.JPG,turmeric_leaf,1,Healthy_Field_Reserve,external_reserve,excluded_external_reserve,464fd715c91c29548eb18c98c07d27c3,250054
DS02_RESERVE_Healthy Leaf00135.JPG,Dataset_02_Mendeley,Healthy Leaf00135.JPG,turmeric_datasets\dataset_02\original\Turmeric Plant Disease\Healthy Leaf\Healthy Leaf00135.JPG,turmeric_leaf,1,Healthy_Field_Reserve,external_reserve,excluded_external_reserve,a3c9e3569c2e6097ba941cdea8c37161,213309
DS02_RESERVE_Healthy Leaf00136.JPG,Dataset_02_Mendeley,Healthy Leaf00136.JPG,turmeric_datasets\dataset_02\original\Turmeric Plant Disease\Healthy Leaf\Healthy Leaf00136.JPG,turmeric_leaf,1,Healthy_Field_Reserve,external_reserve,excluded_external_reserve,0fb695f4566fc06e7b4de8ff1f91400a,228303
DS02_RESERVE_Healthy Leaf00139.JPG,Dataset_02_Mendeley,Healthy Leaf00139.JPG,turmeric_datasets\dataset_02\original\Turmeric Plant Disease\Healthy Leaf\Healthy Leaf00139.JPG,turmeric_leaf,1,Healthy_Field_Reserve,external_reserve,excluded_external_reserve,af6b1f02aa1a6ca2b8628aa29dfbd14b,212313
DS02_RESERVE_Healthy Leaf00141.JPG,Dataset_02_Mendeley,Healthy Leaf00141.JPG,turmeric_datasets\dataset_02\original\Turmeric Plant Disease\Healthy Leaf\Healthy Leaf00141.JPG,turmeric_leaf,1,Healthy_Field_Reserve,external_reserve,excluded_external_reserve,534080913bec15b6866d8101be5202e7,234603
DS02_RESERVE_Healthy Leaf00145.JPG,Dataset_02_Mendeley,Healthy Leaf00145.JPG,turmeric_datasets\dataset_02\original\Turmeric Plant Disease\Healthy Leaf\Healthy Leaf00145.JPG,turmeric_leaf,1,Healthy_Field_Reserve,external_reserve,excluded_external_reserve,8774b09bc03fd67be91709af9568da96,248651
DS02_RESERVE_Healthy Leaf00146.JPG,Dataset_02_Mendeley,Healthy Leaf00146.JPG,turmeric_datasets\dataset_02\original\Turmeric Plant Disease\Healthy Leaf\Healthy Leaf00146.JPG,turmeric_leaf,1,Healthy_Field_Reserve,external_reserve,excluded_external_reserve,821dd2eb6134548341c7704327968aa5,238349
DS02_RESERVE_Healthy Leaf00147.JPG,Dataset_02_Mendeley,Healthy Leaf00147.JPG,turmeric_datasets\dataset_02\original\Turmeric Plant Disease\Healthy Leaf\Healthy Leaf00147.JPG,turmeric_leaf,1,Healthy_Field_Reserve,external_reserve,excluded_external_reserve,db8f213e099afcef0d1538017a3275af,250251
DS02_RESERVE_Healthy Leaf00149.JPG,Dataset_02_Mendeley,Healthy Leaf00149.JPG,turmeric_datasets\dataset_02\original\Turmeric Plant Disease\Healthy Leaf\Healthy Leaf00149.JPG,turmeric_leaf,1,Healthy_Field_Reserve,external_reserve,excluded_external_reserve,90119b423e0b066c10626f3822bea946,253478
DS02_RESERVE_Healthy Leaf00150.JPG,Dataset_02_Mendeley,Healthy Leaf00150.JPG,turmeric_datasets\dataset_02\original\Turmeric Plant Disease\Healthy Leaf\Healthy Leaf00150.JPG,turmeric_leaf,1,Healthy_Field_Reserve,external_reserve,excluded_external_reserve,78d6f6fe8d6ce150f7729be927513481,205069
DS02_RESERVE_Healthy Leaf00153.JPG,Dataset_02_Mendeley,Healthy Leaf00153.JPG,turmeric_datasets\dataset_02\original\Turmeric Plant Disease\Healthy Leaf\Healthy Leaf00153.JPG,turmeric_leaf,1,Healthy_Field_Reserve,external_reserve,excluded_external_reserve,18b58846a9489bb76b115e118e3cab01,276390
DS02_RESERVE_Healthy Leaf00154.JPG,Dataset_02_Mendeley,Healthy Leaf00154.JPG,turmeric_datasets\dataset_02\original\Turmeric Plant Disease\Healthy Leaf\Healthy Leaf00154.JPG,turmeric_leaf,1,Healthy_Field_Reserve,external_reserve,excluded_external_reserve,1e9b641f5c844f8ca46c9e145ece7b62,264457
DS02_RESERVE_Healthy Leaf00157.JPG,Dataset_02_Mendeley,Healthy Leaf00157.JPG,turmeric_datasets\dataset_02\original\Turmeric Plant Disease\Healthy Leaf\Healthy Leaf00157.JPG,turmeric_leaf,1,Healthy_Field_Reserve,external_reserve,excluded_external_reserve,b0a3c31a7f9efed8512f2f7be697d3c5,284446
DS02_RESERVE_Healthy Leaf00158.JPG,Dataset_02_Mendeley,Healthy Leaf00158.JPG,turmeric_datasets\dataset_02\original\Turmeric Plant Disease\Healthy Leaf\Healthy Leaf00158.JPG,turmeric_leaf,1,Healthy_Field_Reserve,external_reserve,excluded_external_reserve,69657d5966707e449158f3839a440b68,221324
DS02_RESERVE_Healthy Leaf00163.JPG,Dataset_02_Mendeley,Healthy Leaf00163.JPG,turmeric_datasets\dataset_02\original\Turmeric Plant Disease\Healthy Leaf\Healthy Leaf00163.JPG,turmeric_leaf,1,Healthy_Field_Reserve,external_reserve,excluded_external_reserve,3de8228331734aba21d39edbad5d193d,266617
DS02_RESERVE_Healthy Leaf00165.JPG,Dataset_02_Mendeley,Healthy Leaf00165.JPG,turmeric_datasets\dataset_02\original\Turmeric Plant Disease\Healthy Leaf\Healthy Leaf00165.JPG,turmeric_leaf,1,Healthy_Field_Reserve,external_reserve,excluded_external_reserve,ed30ee23f2940dc4237883c4fb0c4147,233879
DS02_RESERVE_Healthy Leaf00166.JPG,Dataset_02_Mendeley,Healthy Leaf00166.JPG,turmeric_datasets\dataset_02\original\Turmeric Plant Disease\Healthy Leaf\Healthy Leaf00166.JPG,turmeric_leaf,1,Healthy_Field_Reserve,external_reserve,excluded_external_reserve,e62f019c033b423c463c680b5320d87b,205082
DS02_RESERVE_Healthy Leaf00168.JPG,Dataset_02_Mendeley,Healthy Leaf00168.JPG,turmeric_datasets\dataset_02\original\Turmeric Plant Disease\Healthy Leaf\Healthy Leaf00168.JPG,turmeric_leaf,1,Healthy_Field_Reserve,external_reserve,excluded_external_reserve,3585bcbb9ade663fb860b74a5fded22a,204195
DS02_RESERVE_Healthy Leaf00170.JPG,Dataset_02_Mendeley,Healthy Leaf00170.JPG,turmeric_datasets\dataset_02\original\Turmeric Plant Disease\Healthy Leaf\Healthy Leaf00170.JPG,turmeric_leaf,1,Healthy_Field_Reserve,external_reserve,excluded_external_reserve,7c4810ada20b080ed23def2ff098b18d,187022
DS02_RESERVE_Healthy Leaf00171.JPG,Dataset_02_Mendeley,Healthy Leaf00171.JPG,turmeric_datasets\dataset_02\original\Turmeric Plant Disease\Healthy Leaf\Healthy Leaf00171.JPG,turmeric_leaf,1,Healthy_Field_Reserve,external_reserve,excluded_external_reserve,129a641135b4106df1e17f08bc0ae6eb,202914
DS02_RESERVE_Healthy Leaf00172.JPG,Dataset_02_Mendeley,Healthy Leaf00172.JPG,turmeric_datasets\dataset_02\original\Turmeric Plant Disease\Healthy Leaf\Healthy Leaf00172.JPG,turmeric_leaf,1,Healthy_Field_Reserve,external_reserve,excluded_external_reserve,91bf699859e4e3df725ca1b969e0dcad,186888
DS02_RESERVE_Healthy Leaf00173.JPG,Dataset_02_Mendeley,Healthy Leaf00173.JPG,turmeric_datasets\dataset_02\original\Turmeric Plant Disease\Healthy Leaf\Healthy Leaf00173.JPG,turmeric_leaf,1,Healthy_Field_Reserve,external_reserve,excluded_external_reserve,683d76df58a05ba35c312c15abe265a3,206832
DS02_RESERVE_Healthy Leaf00176.JPG,Dataset_02_Mendeley,Healthy Leaf00176.JPG,turmeric_datasets\dataset_02\original\Turmeric Plant Disease\Healthy Leaf\Healthy Leaf00176.JPG,turmeric_leaf,1,Healthy_Field_Reserve,external_reserve,excluded_external_reserve,6f7c096a7696554336b6150f29b8b1a2,259440
DS02_RESERVE_Healthy Leaf00177.JPG,Dataset_02_Mendeley,Healthy Leaf00177.JPG,turmeric_datasets\dataset_02\original\Turmeric Plant Disease\Healthy Leaf\Healthy Leaf00177.JPG,turmeric_leaf,1,Healthy_Field_Reserve,external_reserve,excluded_external_reserve,51608f56cf418f08447d25b3944e0c21,240664
DS02_RESERVE_Healthy Leaf00179.JPG,Dataset_02_Mendeley,Healthy Leaf00179.JPG,turmeric_datasets\dataset_02\original\Turmeric Plant Disease\Healthy Leaf\Healthy Leaf00179.JPG,turmeric_leaf,1,Healthy_Field_Reserve,external_reserve,excluded_external_reserve,54f3c6af216dac2e18ea800566604148,184233
DS02_RESERVE_Healthy Leaf00181.JPG,Dataset_02_Mendeley,Healthy Leaf00181.JPG,turmeric_datasets\dataset_02\original\Turmeric Plant Disease\Healthy Leaf\Healthy Leaf00181.JPG,turmeric_leaf,1,Healthy_Field_Reserve,external_reserve,excluded_external_reserve,d3a985b7fb7b69510df2f1dcbb02bc8d,198149
DS02_RESERVE_Healthy Leaf00185.JPG,Dataset_02_Mendeley,Healthy Leaf00185.JPG,turmeric_datasets\dataset_02\original\Turmeric Plant Disease\Healthy Leaf\Healthy Leaf00185.JPG,turmeric_leaf,1,Healthy_Field_Reserve,external_reserve,excluded_external_reserve,1ff5a5f5b08043bd9543bfa374e1bcc9,210526
DS02_RESERVE_Healthy Leaf00186.JPG,Dataset_02_Mendeley,Healthy Leaf00186.JPG,turmeric_datasets\dataset_02\original\Turmeric Plant Disease\Healthy Leaf\Healthy Leaf00186.JPG,turmeric_leaf,1,Healthy_Field_Reserve,external_reserve,excluded_external_reserve,599b712224e4820612b7a442896436b9,170324
DS02_RESERVE_Healthy Leaf00192.JPG,Dataset_02_Mendeley,Healthy Leaf00192.JPG,turmeric_datasets\dataset_02\original\Turmeric Plant Disease\Healthy Leaf\Healthy Leaf00192.JPG,turmeric_leaf,1,Healthy_Field_Reserve,external_reserve,excluded_external_reserve,d668f0232900470403a8e3e5f7abaa80,207023
DS02_RESERVE_Healthy Leaf00194.JPG,Dataset_02_Mendeley,Healthy Leaf00194.JPG,turmeric_datasets\dataset_02\original\Turmeric Plant Disease\Healthy Leaf\Healthy Leaf00194.JPG,turmeric_leaf,1,Healthy_Field_Reserve,external_reserve,excluded_external_reserve,eb1907b66f0743bc4589d5277fbe48b0,216079
DS02_RESERVE_Healthy Leaf00197.JPG,Dataset_02_Mendeley,Healthy Leaf00197.JPG,turmeric_datasets\dataset_02\original\Turmeric Plant Disease\Healthy Leaf\Healthy Leaf00197.JPG,turmeric_leaf,1,Healthy_Field_Reserve,external_reserve,excluded_external_reserve,75222b1632b2b2ed4af7271b2c548c6d,198581
DS02_RESERVE_Leaf Blotch00002.JPG,Dataset_02_Mendeley,Leaf Blotch00002.JPG,turmeric_datasets\dataset_02\original\Turmeric Plant Disease\Leaf Blotch\Leaf Blotch00002.JPG,turmeric_leaf,1,Blotch_Field_Reserve,external_reserve,excluded_external_reserve,8c746ab2ff4f4e10ba01d10166c64e8e,242285
DS02_RESERVE_Leaf Blotch00004.JPG,Dataset_02_Mendeley,Leaf Blotch00004.JPG,turmeric_datasets\dataset_02\original\Turmeric Plant Disease\Leaf Blotch\Leaf Blotch00004.JPG,turmeric_leaf,1,Blotch_Field_Reserve,external_reserve,excluded_external_reserve,9165bee14633f2c7db386f591b842579,190637
DS02_RESERVE_Leaf Blotch00006.JPG,Dataset_02_Mendeley,Leaf Blotch00006.JPG,turmeric_datasets\dataset_02\original\Turmeric Plant Disease\Leaf Blotch\Leaf Blotch00006.JPG,turmeric_leaf,1,Blotch_Field_Reserve,external_reserve,excluded_external_reserve,2b0f495038395ef05f5add7b5759354a,202632
DS02_RESERVE_Leaf Blotch00007.JPG,Dataset_02_Mendeley,Leaf Blotch00007.JPG,turmeric_datasets\dataset_02\original\Turmeric Plant Disease\Leaf Blotch\Leaf Blotch00007.JPG,turmeric_leaf,1,Blotch_Field_Reserve,external_reserve,excluded_external_reserve,b809dbe3d175f4ac43d3eaa21e81f072,183856
DS02_RESERVE_Leaf Blotch00008.JPG,Dataset_02_Mendeley,Leaf Blotch00008.JPG,turmeric_datasets\dataset_02\original\Turmeric Plant Disease\Leaf Blotch\Leaf Blotch00008.JPG,turmeric_leaf,1,Blotch_Field_Reserve,external_reserve,excluded_external_reserve,9fc79f4da38092b9730c2b504efc552c,202951
DS02_RESERVE_Leaf Blotch00009.JPG,Dataset_02_Mendeley,Leaf Blotch00009.JPG,turmeric_datasets\dataset_02\original\Turmeric Plant Disease\Leaf Blotch\Leaf Blotch00009.JPG,turmeric_leaf,1,Blotch_Field_Reserve,external_reserve,excluded_external_reserve,11afcb0870ad06f2262ec6f8e0582356,218538
DS02_RESERVE_Leaf Blotch00010.JPG,Dataset_02_Mendeley,Leaf Blotch00010.JPG,turmeric_datasets\dataset_02\original\Turmeric Plant Disease\Leaf Blotch\Leaf Blotch00010.JPG,turmeric_leaf,1,Blotch_Field_Reserve,external_reserve,excluded_external_reserve,042aaf0cfa98641e7add8c08371ec5b5,196478
DS02_RESERVE_Leaf Blotch00011.JPG,Dataset_02_Mendeley,Leaf Blotch00011.JPG,turmeric_datasets\dataset_02\original\Turmeric Plant Disease\Leaf Blotch\Leaf Blotch00011.JPG,turmeric_leaf,1,Blotch_Field_Reserve,external_reserve,excluded_external_reserve,8b3603496024c901cfc2f5ecc2b81a15,176014
DS02_RESERVE_Leaf Blotch00012.JPG,Dataset_02_Mendeley,Leaf Blotch00012.JPG,turmeric_datasets\dataset_02\original\Turmeric Plant Disease\Leaf Blotch\Leaf Blotch00012.JPG,turmeric_leaf,1,Blotch_Field_Reserve,external_reserve,excluded_external_reserve,8e6936e0bb4224bc13d3962dc73bf07b,186012
DS02_RESERVE_Leaf Blotch00014.JPG,Dataset_02_Mendeley,Leaf Blotch00014.JPG,turmeric_datasets\dataset_02\original\Turmeric Plant Disease\Leaf Blotch\Leaf Blotch00014.JPG,turmeric_leaf,1,Blotch_Field_Reserve,external_reserve,excluded_external_reserve,18b6eae6ed6cd61aa626ae856de25a80,174299
DS02_RESERVE_Leaf Blotch00016.JPG,Dataset_02_Mendeley,Leaf Blotch00016.JPG,turmeric_datasets\dataset_02\original\Turmeric Plant Disease\Leaf Blotch\Leaf Blotch00016.JPG,turmeric_leaf,1,Blotch_Field_Reserve,external_reserve,excluded_external_reserve,04a7ea288e8902cd97f747b865655baf,185986
DS02_RESERVE_Leaf Blotch00019.JPG,Dataset_02_Mendeley,Leaf Blotch00019.JPG,turmeric_datasets\dataset_02\original\Turmeric Plant Disease\Leaf Blotch\Leaf Blotch00019.JPG,turmeric_leaf,1,Blotch_Field_Reserve,external_reserve,excluded_external_reserve,49a53d43101d0585915e28e4f399351b,242240
DS02_RESERVE_Leaf Blotch00020.JPG,Dataset_02_Mendeley,Leaf Blotch00020.JPG,turmeric_datasets\dataset_02\original\Turmeric Plant Disease\Leaf Blotch\Leaf Blotch00020.JPG,turmeric_leaf,1,Blotch_Field_Reserve,external_reserve,excluded_external_reserve,a43c4a81db3511f7d7e7eabfa78a2633,176020
DS02_RESERVE_Leaf Blotch00023.JPG,Dataset_02_Mendeley,Leaf Blotch00023.JPG,turmeric_datasets\dataset_02\original\Turmeric Plant Disease\Leaf Blotch\Leaf Blotch00023.JPG,turmeric_leaf,1,Blotch_Field_Reserve,external_reserve,excluded_external_reserve,f1e8268e3196c89597494ee57e18b7bd,252219
DS02_RESERVE_Leaf Blotch00025.JPG,Dataset_02_Mendeley,Leaf Blotch00025.JPG,turmeric_datasets\dataset_02\original\Turmeric Plant Disease\Leaf Blotch\Leaf Blotch00025.JPG,turmeric_leaf,1,Blotch_Field_Reserve,external_reserve,excluded_external_reserve,bef02a90624e9cfc000a0e8573a00ac7,179891
DS02_RESERVE_Leaf Blotch00026.JPG,Dataset_02_Mendeley,Leaf Blotch00026.JPG,turmeric_datasets\dataset_02\original\Turmeric Plant Disease\Leaf Blotch\Leaf Blotch00026.JPG,turmeric_leaf,1,Blotch_Field_Reserve,external_reserve,excluded_external_reserve,91d89b567bdb21596e23af3cf9d7681c,244165
DS02_RESERVE_Leaf Blotch00027.JPG,Dataset_02_Mendeley,Leaf Blotch00027.JPG,turmeric_datasets\dataset_02\original\Turmeric Plant Disease\Leaf Blotch\Leaf Blotch00027.JPG,turmeric_leaf,1,Blotch_Field_Reserve,external_reserve,excluded_external_reserve,b840cb1a56eb8457015b6227870c0de4,237819
DS02_RESERVE_Leaf Blotch00031.JPG,Dataset_02_Mendeley,Leaf Blotch00031.JPG,turmeric_datasets\dataset_02\original\Turmeric Plant Disease\Leaf Blotch\Leaf Blotch00031.JPG,turmeric_leaf,1,Blotch_Field_Reserve,external_reserve,excluded_external_reserve,1087ffce3c23c495e65f600f961d02d7,184274
DS02_RESERVE_Leaf Blotch00032.JPG,Dataset_02_Mendeley,Leaf Blotch00032.JPG,turmeric_datasets\dataset_02\original\Turmeric Plant Disease\Leaf Blotch\Leaf Blotch00032.JPG,turmeric_leaf,1,Blotch_Field_Reserve,external_reserve,excluded_external_reserve,98f2994a7ed87cd296ed2d5b80d4c959,226119
DS02_RESERVE_Leaf Blotch00034.JPG,Dataset_02_Mendeley,Leaf Blotch00034.JPG,turmeric_datasets\dataset_02\original\Turmeric Plant Disease\Leaf Blotch\Leaf Blotch00034.JPG,turmeric_leaf,1,Blotch_Field_Reserve,external_reserve,excluded_external_reserve,5f7f5cc9cb7963d0427390d5431262f4,254311
DS02_RESERVE_Leaf Blotch00035.JPG,Dataset_02_Mendeley,Leaf Blotch00035.JPG,turmeric_datasets\dataset_02\original\Turmeric Plant Disease\Leaf Blotch\Leaf Blotch00035.JPG,turmeric_leaf,1,Blotch_Field_Reserve,external_reserve,excluded_external_reserve,149123a9d97ddaaf43f10a9c70bc19db,239533
DS02_RESERVE_Leaf Blotch00038.JPG,Dataset_02_Mendeley,Leaf Blotch00038.JPG,turmeric_datasets\dataset_02\original\Turmeric Plant Disease\Leaf Blotch\Leaf Blotch00038.JPG,turmeric_leaf,1,Blotch_Field_Reserve,external_reserve,excluded_external_reserve,8cd52b3c375b4affd1a992c181ebd9eb,347377
DS02_RESERVE_Leaf Blotch00039.JPG,Dataset_02_Mendeley,Leaf Blotch00039.JPG,turmeric_datasets\dataset_02\original\Turmeric Plant Disease\Leaf Blotch\Leaf Blotch00039.JPG,turmeric_leaf,1,Blotch_Field_Reserve,external_reserve,excluded_external_reserve,2b8a11be4b663b0a1769365db81b8bd2,268298
DS02_RESERVE_Leaf Blotch00044.JPG,Dataset_02_Mendeley,Leaf Blotch00044.JPG,turmeric_datasets\dataset_02\original\Turmeric Plant Disease\Leaf Blotch\Leaf Blotch00044.JPG,turmeric_leaf,1,Blotch_Field_Reserve,external_reserve,excluded_external_reserve,829f6e0067c4761f840185d2a44e93fd,361157
DS02_RESERVE_Leaf Blotch00045.JPG,Dataset_02_Mendeley,Leaf Blotch00045.JPG,turmeric_datasets\dataset_02\original\Turmeric Plant Disease\Leaf Blotch\Leaf Blotch00045.JPG,turmeric_leaf,1,Blotch_Field_Reserve,external_reserve,excluded_external_reserve,4e6add978795c1a2a5289b4847da3f10,351160
DS02_RESERVE_Leaf Blotch00047.JPG,Dataset_02_Mendeley,Leaf Blotch00047.JPG,turmeric_datasets\dataset_02\original\Turmeric Plant Disease\Leaf Blotch\Leaf Blotch00047.JPG,turmeric_leaf,1,Blotch_Field_Reserve,external_reserve,excluded_external_reserve,349add84305530a7d611f9e5e476e36c,300418
DS02_RESERVE_Leaf Blotch00048.JPG,Dataset_02_Mendeley,Leaf Blotch00048.JPG,turmeric_datasets\dataset_02\original\Turmeric Plant Disease\Leaf Blotch\Leaf Blotch00048.JPG,turmeric_leaf,1,Blotch_Field_Reserve,external_reserve,excluded_external_reserve,091c3f2840d022331cf7eb50ce41b125,314764
DS02_RESERVE_Leaf Blotch00049.JPG,Dataset_02_Mendeley,Leaf Blotch00049.JPG,turmeric_datasets\dataset_02\original\Turmeric Plant Disease\Leaf Blotch\Leaf Blotch00049.JPG,turmeric_leaf,1,Blotch_Field_Reserve,external_reserve,excluded_external_reserve,a09222e0061c1d9443d8d581a699938f,317006
DS02_RESERVE_Leaf Blotch00050.JPG,Dataset_02_Mendeley,Leaf Blotch00050.JPG,turmeric_datasets\dataset_02\original\Turmeric Plant Disease\Leaf Blotch\Leaf Blotch00050.JPG,turmeric_leaf,1,Blotch_Field_Reserve,external_reserve,excluded_external_reserve,787f9a67704ea6fc7cc10d00259f6748,278079
DS02_RESERVE_Leaf Blotch00052.JPG,Dataset_02_Mendeley,Leaf Blotch00052.JPG,turmeric_datasets\dataset_02\original\Turmeric Plant Disease\Leaf Blotch\Leaf Blotch00052.JPG,turmeric_leaf,1,Blotch_Field_Reserve,external_reserve,excluded_external_reserve,95fcd926671201550c4ca380dfc7b7e4,293774
DS02_RESERVE_Leaf Blotch00053.JPG,Dataset_02_Mendeley,Leaf Blotch00053.JPG,turmeric_datasets\dataset_02\original\Turmeric Plant Disease\Leaf Blotch\Leaf Blotch00053.JPG,turmeric_leaf,1,Blotch_Field_Reserve,external_reserve,excluded_external_reserve,230f99b43fef5c8a11b5493192dd3f35,383271
DS02_RESERVE_Leaf Blotch00054.JPG,Dataset_02_Mendeley,Leaf Blotch00054.JPG,turmeric_datasets\dataset_02\original\Turmeric Plant Disease\Leaf Blotch\Leaf Blotch00054.JPG,turmeric_leaf,1,Blotch_Field_Reserve,external_reserve,excluded_external_reserve,fd7b34c4942ecf439b7b04c4c5364ec8,393154
DS02_RESERVE_Leaf Blotch00056.JPG,Dataset_02_Mendeley,Leaf Blotch00056.JPG,turmeric_datasets\dataset_02\original\Turmeric Plant Disease\Leaf Blotch\Leaf Blotch00056.JPG,turmeric_leaf,1,Blotch_Field_Reserve,external_reserve,excluded_external_reserve,289f52db8e6178ce4a137ed047feb234,307215
DS02_RESERVE_Leaf Blotch00058.JPG,Dataset_02_Mendeley,Leaf Blotch00058.JPG,turmeric_datasets\dataset_02\original\Turmeric Plant Disease\Leaf Blotch\Leaf Blotch00058.JPG,turmeric_leaf,1,Blotch_Field_Reserve,external_reserve,excluded_external_reserve,41bca6faffd92cb55f383a8cc41c0e92,301587
DS02_RESERVE_Leaf Blotch00059.JPG,Dataset_02_Mendeley,Leaf Blotch00059.JPG,turmeric_datasets\dataset_02\original\Turmeric Plant Disease\Leaf Blotch\Leaf Blotch00059.JPG,turmeric_leaf,1,Blotch_Field_Reserve,external_reserve,excluded_external_reserve,124c070dcacfa659be2b72c0d6e38e4c,354392
DS02_RESERVE_Leaf Blotch00060.JPG,Dataset_02_Mendeley,Leaf Blotch00060.JPG,turmeric_datasets\dataset_02\original\Turmeric Plant Disease\Leaf Blotch\Leaf Blotch00060.JPG,turmeric_leaf,1,Blotch_Field_Reserve,external_reserve,excluded_external_reserve,f2e1e5609f7f2c05199d49e3e66cda1f,331171
DS02_RESERVE_Leaf Blotch00061.JPG,Dataset_02_Mendeley,Leaf Blotch00061.JPG,turmeric_datasets\dataset_02\original\Turmeric Plant Disease\Leaf Blotch\Leaf Blotch00061.JPG,turmeric_leaf,1,Blotch_Field_Reserve,external_reserve,excluded_external_reserve,6f5bbcbcd51a38e6231e3072414e6169,328042
DS02_RESERVE_Leaf Blotch00063.JPG,Dataset_02_Mendeley,Leaf Blotch00063.JPG,turmeric_datasets\dataset_02\original\Turmeric Plant Disease\Leaf Blotch\Leaf Blotch00063.JPG,turmeric_leaf,1,Blotch_Field_Reserve,external_reserve,excluded_external_reserve,a722e33346e2a210d38fc37a9a6982b4,288221
DS02_RESERVE_Leaf Blotch00066.JPG,Dataset_02_Mendeley,Leaf Blotch00066.JPG,turmeric_datasets\dataset_02\original\Turmeric Plant Disease\Leaf Blotch\Leaf Blotch00066.JPG,turmeric_leaf,1,Blotch_Field_Reserve,external_reserve,excluded_external_reserve,69df7cba27d98d4f33368748c17400b8,274363
DS02_RESERVE_Leaf Blotch00067.JPG,Dataset_02_Mendeley,Leaf Blotch00067.JPG,turmeric_datasets\dataset_02\original\Turmeric Plant Disease\Leaf Blotch\Leaf Blotch00067.JPG,turmeric_leaf,1,Blotch_Field_Reserve,external_reserve,excluded_external_reserve,6a575ef171b63f7968886b4aef209354,294310
DS02_RESERVE_Leaf Blotch00070.JPG,Dataset_02_Mendeley,Leaf Blotch00070.JPG,turmeric_datasets\dataset_02\original\Turmeric Plant Disease\Leaf Blotch\Leaf Blotch00070.JPG,turmeric_leaf,1,Blotch_Field_Reserve,external_reserve,excluded_external_reserve,7f46cc44f82f8d571f9607e2507e1b00,313873
DS02_RESERVE_Leaf Blotch00071.JPG,Dataset_02_Mendeley,Leaf Blotch00071.JPG,turmeric_datasets\dataset_02\original\Turmeric Plant Disease\Leaf Blotch\Leaf Blotch00071.JPG,turmeric_leaf,1,Blotch_Field_Reserve,external_reserve,excluded_external_reserve,052e992ffa0b0adef26315658bbf09cb,345460
DS02_RESERVE_Leaf Blotch00072.JPG,Dataset_02_Mendeley,Leaf Blotch00072.JPG,turmeric_datasets\dataset_02\original\Turmeric Plant Disease\Leaf Blotch\Leaf Blotch00072.JPG,turmeric_leaf,1,Blotch_Field_Reserve,external_reserve,excluded_external_reserve,1e5ac4be487fbbe32c36fbbdc3418fd5,298103
DS02_RESERVE_Leaf Blotch00073.JPG,Dataset_02_Mendeley,Leaf Blotch00073.JPG,turmeric_datasets\dataset_02\original\Turmeric Plant Disease\Leaf Blotch\Leaf Blotch00073.JPG,turmeric_leaf,1,Blotch_Field_Reserve,external_reserve,excluded_external_reserve,63200bcccd9176dd984d86ca5d5343dd,261160
DS02_RESERVE_Leaf Blotch00074.JPG,Dataset_02_Mendeley,Leaf Blotch00074.JPG,turmeric_datasets\dataset_02\original\Turmeric Plant Disease\Leaf Blotch\Leaf Blotch00074.JPG,turmeric_leaf,1,Blotch_Field_Reserve,external_reserve,excluded_external_reserve,ece441d7e3d5e1efb3df87b8d3426212,310717
DS02_RESERVE_Leaf Blotch00075.JPG,Dataset_02_Mendeley,Leaf Blotch00075.JPG,turmeric_datasets\dataset_02\original\Turmeric Plant Disease\Leaf Blotch\Leaf Blotch00075.JPG,turmeric_leaf,1,Blotch_Field_Reserve,external_reserve,excluded_external_reserve,5ab4b7b55f64bee92880d3444b477b0e,344437
DS02_RESERVE_Leaf Blotch00078.JPG,Dataset_02_Mendeley,Leaf Blotch00078.JPG,turmeric_datasets\dataset_02\original\Turmeric Plant Disease\Leaf Blotch\Leaf Blotch00078.JPG,turmeric_leaf,1,Blotch_Field_Reserve,external_reserve,excluded_external_reserve,7185b4297a2f04a5bee48528dbbf5217,291741
DS02_RESERVE_Leaf Blotch00080.JPG,Dataset_02_Mendeley,Leaf Blotch00080.JPG,turmeric_datasets\dataset_02\original\Turmeric Plant Disease\Leaf Blotch\Leaf Blotch00080.JPG,turmeric_leaf,1,Blotch_Field_Reserve,external_reserve,excluded_external_reserve,5a81d6cdd7f0c5ead0ffa1dc2c3e278f,315235
DS02_RESERVE_Leaf Blotch00082.JPG,Dataset_02_Mendeley,Leaf Blotch00082.JPG,turmeric_datasets\dataset_02\original\Turmeric Plant Disease\Leaf Blotch\Leaf Blotch00082.JPG,turmeric_leaf,1,Blotch_Field_Reserve,external_reserve,excluded_external_reserve,712bd3b383e82db3c56a3b2040b39a9f,324708
DS02_RESERVE_Leaf Blotch00084.JPG,Dataset_02_Mendeley,Leaf Blotch00084.JPG,turmeric_datasets\dataset_02\original\Turmeric Plant Disease\Leaf Blotch\Leaf Blotch00084.JPG,turmeric_leaf,1,Blotch_Field_Reserve,external_reserve,excluded_external_reserve,5346c258bf90624b2eed0dd1ec140da9,360280
DS02_RESERVE_Leaf Blotch00085.JPG,Dataset_02_Mendeley,Leaf Blotch00085.JPG,turmeric_datasets\dataset_02\original\Turmeric Plant Disease\Leaf Blotch\Leaf Blotch00085.JPG,turmeric_leaf,1,Blotch_Field_Reserve,external_reserve,excluded_external_reserve,ccd895a1713c7567b58997dbf4a995e0,351499
DS02_RESERVE_Leaf Blotch00086.JPG,Dataset_02_Mendeley,Leaf Blotch00086.JPG,turmeric_datasets\dataset_02\original\Turmeric Plant Disease\Leaf Blotch\Leaf Blotch00086.JPG,turmeric_leaf,1,Blotch_Field_Reserve,external_reserve,excluded_external_reserve,6a502b10bb5b23f7bcbeea8e004fb3b0,364069
DS02_RESERVE_Leaf Blotch00087.JPG,Dataset_02_Mendeley,Leaf Blotch00087.JPG,turmeric_datasets\dataset_02\original\Turmeric Plant Disease\Leaf Blotch\Leaf Blotch00087.JPG,turmeric_leaf,1,Blotch_Field_Reserve,external_reserve,excluded_external_reserve,6a96e22ef140384b686f5107357a41ca,374988
DS02_RESERVE_Leaf Blotch00089.JPG,Dataset_02_Mendeley,Leaf Blotch00089.JPG,turmeric_datasets\dataset_02\original\Turmeric Plant Disease\Leaf Blotch\Leaf Blotch00089.JPG,turmeric_leaf,1,Blotch_Field_Reserve,external_reserve,excluded_external_reserve,7c1b688b79bdfed8b3f29fe900c43c3c,341990
DS02_RESERVE_Leaf Blotch00090.JPG,Dataset_02_Mendeley,Leaf Blotch00090.JPG,turmeric_datasets\dataset_02\original\Turmeric Plant Disease\Leaf Blotch\Leaf Blotch00090.JPG,turmeric_leaf,1,Blotch_Field_Reserve,external_reserve,excluded_external_reserve,5d4262bf241f92c6feed1504477c9a72,340180
DS02_RESERVE_Leaf Blotch00091.JPG,Dataset_02_Mendeley,Leaf Blotch00091.JPG,turmeric_datasets\dataset_02\original\Turmeric Plant Disease\Leaf Blotch\Leaf Blotch00091.JPG,turmeric_leaf,1,Blotch_Field_Reserve,external_reserve,excluded_external_reserve,26586515b00cfa2182beeb62c441e9af,345022
DS02_RESERVE_Leaf Blotch00092.JPG,Dataset_02_Mendeley,Leaf Blotch00092.JPG,turmeric_datasets\dataset_02\original\Turmeric Plant Disease\Leaf Blotch\Leaf Blotch00092.JPG,turmeric_leaf,1,Blotch_Field_Reserve,external_reserve,excluded_external_reserve,f96609baad91b82f36f906cb8c47e1cb,325359
DS02_RESERVE_Leaf Blotch00094.JPG,Dataset_02_Mendeley,Leaf Blotch00094.JPG,turmeric_datasets\dataset_02\original\Turmeric Plant Disease\Leaf Blotch\Leaf Blotch00094.JPG,turmeric_leaf,1,Blotch_Field_Reserve,external_reserve,excluded_external_reserve,66d41fc69c8e48123514373d6cccb033,317527
DS02_RESERVE_Leaf Blotch00095.JPG,Dataset_02_Mendeley,Leaf Blotch00095.JPG,turmeric_datasets\dataset_02\original\Turmeric Plant Disease\Leaf Blotch\Leaf Blotch00095.JPG,turmeric_leaf,1,Blotch_Field_Reserve,external_reserve,excluded_external_reserve,f5b48a2e7b0dc47efada87338b08dfae,295313
DS02_RESERVE_Leaf Blotch00097.JPG,Dataset_02_Mendeley,Leaf Blotch00097.JPG,turmeric_datasets\dataset_02\original\Turmeric Plant Disease\Leaf Blotch\Leaf Blotch00097.JPG,turmeric_leaf,1,Blotch_Field_Reserve,external_reserve,excluded_external_reserve,f7b545d8c7e3efb460a85a4a5db0e0d2,332671
DS02_RESERVE_Leaf Blotch00100.JPG,Dataset_02_Mendeley,Leaf Blotch00100.JPG,turmeric_datasets\dataset_02\original\Turmeric Plant Disease\Leaf Blotch\Leaf Blotch00100.JPG,turmeric_leaf,1,Blotch_Field_Reserve,external_reserve,excluded_external_reserve,df001f1597435af89f3f8bb4c21b848d,310736
DS02_RESERVE_Leaf Blotch00101.JPG,Dataset_02_Mendeley,Leaf Blotch00101.JPG,turmeric_datasets\dataset_02\original\Turmeric Plant Disease\Leaf Blotch\Leaf Blotch00101.JPG,turmeric_leaf,1,Blotch_Field_Reserve,external_reserve,excluded_external_reserve,eb24d1edc5987f5dde2d4790af6c1cc2,302342
DS02_RESERVE_Leaf Blotch00104.JPG,Dataset_02_Mendeley,Leaf Blotch00104.JPG,turmeric_datasets\dataset_02\original\Turmeric Plant Disease\Leaf Blotch\Leaf Blotch00104.JPG,turmeric_leaf,1,Blotch_Field_Reserve,external_reserve,excluded_external_reserve,dcb1ee664b90c02d5686848e29268d2e,245600
DS02_RESERVE_Leaf Blotch00105.JPG,Dataset_02_Mendeley,Leaf Blotch00105.JPG,turmeric_datasets\dataset_02\original\Turmeric Plant Disease\Leaf Blotch\Leaf Blotch00105.JPG,turmeric_leaf,1,Blotch_Field_Reserve,external_reserve,excluded_external_reserve,db94e59f9d71701d58a9f657e7658149,251573
DS02_RESERVE_Leaf Blotch00106.JPG,Dataset_02_Mendeley,Leaf Blotch00106.JPG,turmeric_datasets\dataset_02\original\Turmeric Plant Disease\Leaf Blotch\Leaf Blotch00106.JPG,turmeric_leaf,1,Blotch_Field_Reserve,external_reserve,excluded_external_reserve,3b3528c0da85b198ffd74c6099d2f12d,203686
DS02_RESERVE_Leaf Blotch00107.JPG,Dataset_02_Mendeley,Leaf Blotch00107.JPG,turmeric_datasets\dataset_02\original\Turmeric Plant Disease\Leaf Blotch\Leaf Blotch00107.JPG,turmeric_leaf,1,Blotch_Field_Reserve,external_reserve,excluded_external_reserve,a920faf77980d0c296a5b67c3d45f40d,257232
DS02_RESERVE_Leaf Blotch00108.JPG,Dataset_02_Mendeley,Leaf Blotch00108.JPG,turmeric_datasets\dataset_02\original\Turmeric Plant Disease\Leaf Blotch\Leaf Blotch00108.JPG,turmeric_leaf,1,Blotch_Field_Reserve,external_reserve,excluded_external_reserve,6be85233ff18654b1ef61223b491022b,298777
DS02_RESERVE_Leaf Blotch00111.JPG,Dataset_02_Mendeley,Leaf Blotch00111.JPG,turmeric_datasets\dataset_02\original\Turmeric Plant Disease\Leaf Blotch\Leaf Blotch00111.JPG,turmeric_leaf,1,Blotch_Field_Reserve,external_reserve,excluded_external_reserve,31aca8058931b1207b753607cb04ca75,256629
DS02_RESERVE_Leaf Blotch00113.JPG,Dataset_02_Mendeley,Leaf Blotch00113.JPG,turmeric_datasets\dataset_02\original\Turmeric Plant Disease\Leaf Blotch\Leaf Blotch00113.JPG,turmeric_leaf,1,Blotch_Field_Reserve,external_reserve,excluded_external_reserve,ad7cfb9f33b182b49cd3be8004db7a4f,228250
DS02_RESERVE_Leaf Blotch00114.JPG,Dataset_02_Mendeley,Leaf Blotch00114.JPG,turmeric_datasets\dataset_02\original\Turmeric Plant Disease\Leaf Blotch\Leaf Blotch00114.JPG,turmeric_leaf,1,Blotch_Field_Reserve,external_reserve,excluded_external_reserve,d8cd315f34accc352a85b4c7298d2904,296847
DS02_RESERVE_Leaf Blotch00115.JPG,Dataset_02_Mendeley,Leaf Blotch00115.JPG,turmeric_datasets\dataset_02\original\Turmeric Plant Disease\Leaf Blotch\Leaf Blotch00115.JPG,turmeric_leaf,1,Blotch_Field_Reserve,external_reserve,excluded_external_reserve,9514a2b787a897ee8e30f1cae610739f,293291
DS02_RESERVE_Leaf Blotch00116.JPG,Dataset_02_Mendeley,Leaf Blotch00116.JPG,turmeric_datasets\dataset_02\original\Turmeric Plant Disease\Leaf Blotch\Leaf Blotch00116.JPG,turmeric_leaf,1,Blotch_Field_Reserve,external_reserve,excluded_external_reserve,712b887ecfebd5198b6c4ca00c4c9f4d,319251
DS02_RESERVE_Leaf Blotch00119.JPG,Dataset_02_Mendeley,Leaf Blotch00119.JPG,turmeric_datasets\dataset_02\original\Turmeric Plant Disease\Leaf Blotch\Leaf Blotch00119.JPG,turmeric_leaf,1,Blotch_Field_Reserve,external_reserve,excluded_external_reserve,16862a6967c6c56636c0eff5071ae272,326308
DS02_RESERVE_Leaf Blotch00121.JPG,Dataset_02_Mendeley,Leaf Blotch00121.JPG,turmeric_datasets\dataset_02\original\Turmeric Plant Disease\Leaf Blotch\Leaf Blotch00121.JPG,turmeric_leaf,1,Blotch_Field_Reserve,external_reserve,excluded_external_reserve,66ca464f397bc6d8ffdb651ff680960b,357968
DS02_RESERVE_Leaf Blotch00123.JPG,Dataset_02_Mendeley,Leaf Blotch00123.JPG,turmeric_datasets\dataset_02\original\Turmeric Plant Disease\Leaf Blotch\Leaf Blotch00123.JPG,turmeric_leaf,1,Blotch_Field_Reserve,external_reserve,excluded_external_reserve,d19004021add8318f98c90c20ebe0033,258353
DS02_RESERVE_Leaf Blotch00124.JPG,Dataset_02_Mendeley,Leaf Blotch00124.JPG,turmeric_datasets\dataset_02\original\Turmeric Plant Disease\Leaf Blotch\Leaf Blotch00124.JPG,turmeric_leaf,1,Blotch_Field_Reserve,external_reserve,excluded_external_reserve,5decbb6fd5c7d3b9157c38d9fa19e396,212977
DS02_RESERVE_Leaf Blotch00132.JPG,Dataset_02_Mendeley,Leaf Blotch00132.JPG,turmeric_datasets\dataset_02\original\Turmeric Plant Disease\Leaf Blotch\Leaf Blotch00132.JPG,turmeric_leaf,1,Blotch_Field_Reserve,external_reserve,excluded_external_reserve,cbd0da932cf8abf95adec0a76f12a5f2,305008
DS02_RESERVE_Leaf Blotch00133.JPG,Dataset_02_Mendeley,Leaf Blotch00133.JPG,turmeric_datasets\dataset_02\original\Turmeric Plant Disease\Leaf Blotch\Leaf Blotch00133.JPG,turmeric_leaf,1,Blotch_Field_Reserve,external_reserve,excluded_external_reserve,15cbfdb002f25400417855b454bfa04d,239742
DS02_RESERVE_Leaf Blotch00134.JPG,Dataset_02_Mendeley,Leaf Blotch00134.JPG,turmeric_datasets\dataset_02\original\Turmeric Plant Disease\Leaf Blotch\Leaf Blotch00134.JPG,turmeric_leaf,1,Blotch_Field_Reserve,external_reserve,excluded_external_reserve,cf4bae72f15c5f3e3230c52344cd2b0d,257962
DS02_RESERVE_Leaf Blotch00135.JPG,Dataset_02_Mendeley,Leaf Blotch00135.JPG,turmeric_datasets\dataset_02\original\Turmeric Plant Disease\Leaf Blotch\Leaf Blotch00135.JPG,turmeric_leaf,1,Blotch_Field_Reserve,external_reserve,excluded_external_reserve,f9aec6e09a1f03547ca97b7ef4931cd9,256025
DS02_RESERVE_Leaf Blotch00140.JPG,Dataset_02_Mendeley,Leaf Blotch00140.JPG,turmeric_datasets\dataset_02\original\Turmeric Plant Disease\Leaf Blotch\Leaf Blotch00140.JPG,turmeric_leaf,1,Blotch_Field_Reserve,external_reserve,excluded_external_reserve,e1eecd69804202f36bd2f56475f2435c,348896
DS02_RESERVE_Leaf Blotch00143.JPG,Dataset_02_Mendeley,Leaf Blotch00143.JPG,turmeric_datasets\dataset_02\original\Turmeric Plant Disease\Leaf Blotch\Leaf Blotch00143.JPG,turmeric_leaf,1,Blotch_Field_Reserve,external_reserve,excluded_external_reserve,3c1b9789b3ca3d083734cf08beeb801a,384096
DS02_RESERVE_Leaf Blotch00145.JPG,Dataset_02_Mendeley,Leaf Blotch00145.JPG,turmeric_datasets\dataset_02\original\Turmeric Plant Disease\Leaf Blotch\Leaf Blotch00145.JPG,turmeric_leaf,1,Blotch_Field_Reserve,external_reserve,excluded_external_reserve,c0a5222e3d90170c545b2111f3e1639e,325904
DS02_RESERVE_Leaf Blotch00147.JPG,Dataset_02_Mendeley,Leaf Blotch00147.JPG,turmeric_datasets\dataset_02\original\Turmeric Plant Disease\Leaf Blotch\Leaf Blotch00147.JPG,turmeric_leaf,1,Blotch_Field_Reserve,external_reserve,excluded_external_reserve,52c06bb757b977e44ff55c23533efd32,333030
DS02_RESERVE_Leaf Blotch00148.JPG,Dataset_02_Mendeley,Leaf Blotch00148.JPG,turmeric_datasets\dataset_02\original\Turmeric Plant Disease\Leaf Blotch\Leaf Blotch00148.JPG,turmeric_leaf,1,Blotch_Field_Reserve,external_reserve,excluded_external_reserve,0183d413d57894f1a3912e50468866c0,323134
DS02_RESERVE_Leaf Blotch00149.JPG,Dataset_02_Mendeley,Leaf Blotch00149.JPG,turmeric_datasets\dataset_02\original\Turmeric Plant Disease\Leaf Blotch\Leaf Blotch00149.JPG,turmeric_leaf,1,Blotch_Field_Reserve,external_reserve,excluded_external_reserve,e33a4a29eb2f61fdf5aaa150d6f3abbb,403758
DS02_RESERVE_Leaf Blotch00151.JPG,Dataset_02_Mendeley,Leaf Blotch00151.JPG,turmeric_datasets\dataset_02\original\Turmeric Plant Disease\Leaf Blotch\Leaf Blotch00151.JPG,turmeric_leaf,1,Blotch_Field_Reserve,external_reserve,excluded_external_reserve,03ac90c7640b0a146d4afc28551e6cd4,286285
DS02_RESERVE_Leaf Blotch00152.JPG,Dataset_02_Mendeley,Leaf Blotch00152.JPG,turmeric_datasets\dataset_02\original\Turmeric Plant Disease\Leaf Blotch\Leaf Blotch00152.JPG,turmeric_leaf,1,Blotch_Field_Reserve,external_reserve,excluded_external_reserve,54073375379db35cea9284959ba7d519,272483
DS02_RESERVE_Leaf Blotch00155.JPG,Dataset_02_Mendeley,Leaf Blotch00155.JPG,turmeric_datasets\dataset_02\original\Turmeric Plant Disease\Leaf Blotch\Leaf Blotch00155.JPG,turmeric_leaf,1,Blotch_Field_Reserve,external_reserve,excluded_external_reserve,0533765aca1393de0479c0cf2bc60f4b,345207
DS02_RESERVE_Leaf Blotch00157.JPG,Dataset_02_Mendeley,Leaf Blotch00157.JPG,turmeric_datasets\dataset_02\original\Turmeric Plant Disease\Leaf Blotch\Leaf Blotch00157.JPG,turmeric_leaf,1,Blotch_Field_Reserve,external_reserve,excluded_external_reserve,ebbdff2a6e6af199e30d1cd8e140d4d9,252094
DS02_RESERVE_Leaf Blotch00158.JPG,Dataset_02_Mendeley,Leaf Blotch00158.JPG,turmeric_datasets\dataset_02\original\Turmeric Plant Disease\Leaf Blotch\Leaf Blotch00158.JPG,turmeric_leaf,1,Blotch_Field_Reserve,external_reserve,excluded_external_reserve,8cc52c283247ceab2e10248c8abd0543,231884
DS02_RESERVE_Leaf Blotch00159.JPG,Dataset_02_Mendeley,Leaf Blotch00159.JPG,turmeric_datasets\dataset_02\original\Turmeric Plant Disease\Leaf Blotch\Leaf Blotch00159.JPG,turmeric_leaf,1,Blotch_Field_Reserve,external_reserve,excluded_external_reserve,fef3a610765c9427f6be1bf3d5cdc50b,326515
DS02_RESERVE_Leaf Blotch00160.JPG,Dataset_02_Mendeley,Leaf Blotch00160.JPG,turmeric_datasets\dataset_02\original\Turmeric Plant Disease\Leaf Blotch\Leaf Blotch00160.JPG,turmeric_leaf,1,Blotch_Field_Reserve,external_reserve,excluded_external_reserve,a39ebe21385dff6057e48850a8e7d758,288401
DS02_RESERVE_Leaf Blotch00162.JPG,Dataset_02_Mendeley,Leaf Blotch00162.JPG,turmeric_datasets\dataset_02\original\Turmeric Plant Disease\Leaf Blotch\Leaf Blotch00162.JPG,turmeric_leaf,1,Blotch_Field_Reserve,external_reserve,excluded_external_reserve,87cd95de34a57edddfc6a0eeb88ef192,328675
DS02_RESERVE_Leaf Blotch00163.JPG,Dataset_02_Mendeley,Leaf Blotch00163.JPG,turmeric_datasets\dataset_02\original\Turmeric Plant Disease\Leaf Blotch\Leaf Blotch00163.JPG,turmeric_leaf,1,Blotch_Field_Reserve,external_reserve,excluded_external_reserve,f7bd0b733005c0810a63e9ba23c36eb6,355690
DS02_RESERVE_Leaf Blotch00166.JPG,Dataset_02_Mendeley,Leaf Blotch00166.JPG,turmeric_datasets\dataset_02\original\Turmeric Plant Disease\Leaf Blotch\Leaf Blotch00166.JPG,turmeric_leaf,1,Blotch_Field_Reserve,external_reserve,excluded_external_reserve,ee13200473fc1ee409319bd6bb4e4349,288831
DS02_RESERVE_Leaf Blotch00167.JPG,Dataset_02_Mendeley,Leaf Blotch00167.JPG,turmeric_datasets\dataset_02\original\Turmeric Plant Disease\Leaf Blotch\Leaf Blotch00167.JPG,turmeric_leaf,1,Blotch_Field_Reserve,external_reserve,excluded_external_reserve,0e55aa53c672cb6f9e075156ab5b4b06,337804
DS02_RESERVE_Leaf Blotch00170.JPG,Dataset_02_Mendeley,Leaf Blotch00170.JPG,turmeric_datasets\dataset_02\original\Turmeric Plant Disease\Leaf Blotch\Leaf Blotch00170.JPG,turmeric_leaf,1,Blotch_Field_Reserve,external_reserve,excluded_external_reserve,e314f234fbbf8f4478eda40d79ca6705,215959
DS02_RESERVE_Leaf Blotch00171.JPG,Dataset_02_Mendeley,Leaf Blotch00171.JPG,turmeric_datasets\dataset_02\original\Turmeric Plant Disease\Leaf Blotch\Leaf Blotch00171.JPG,turmeric_leaf,1,Blotch_Field_Reserve,external_reserve,excluded_external_reserve,5f09293c9bd1cba222b7bebe3841e5c1,268062
DS02_RESERVE_Leaf Blotch00172.JPG,Dataset_02_Mendeley,Leaf Blotch00172.JPG,turmeric_datasets\dataset_02\original\Turmeric Plant Disease\Leaf Blotch\Leaf Blotch00172.JPG,turmeric_leaf,1,Blotch_Field_Reserve,external_reserve,excluded_external_reserve,bba44f8f7812dc48de3977831bd20e33,235127
DS02_RESERVE_Leaf Blotch00173.JPG,Dataset_02_Mendeley,Leaf Blotch00173.JPG,turmeric_datasets\dataset_02\original\Turmeric Plant Disease\Leaf Blotch\Leaf Blotch00173.JPG,turmeric_leaf,1,Blotch_Field_Reserve,external_reserve,excluded_external_reserve,136da75f9bad3018983ecf2dcb3f9469,277113
DS02_RESERVE_Leaf Blotch00176.JPG,Dataset_02_Mendeley,Leaf Blotch00176.JPG,turmeric_datasets\dataset_02\original\Turmeric Plant Disease\Leaf Blotch\Leaf Blotch00176.JPG,turmeric_leaf,1,Blotch_Field_Reserve,external_reserve,excluded_external_reserve,8a4b48b0033e83db37e7dd5ca9cb22a7,270376
DS02_RESERVE_Leaf Blotch00177.JPG,Dataset_02_Mendeley,Leaf Blotch00177.JPG,turmeric_datasets\dataset_02\original\Turmeric Plant Disease\Leaf Blotch\Leaf Blotch00177.JPG,turmeric_leaf,1,Blotch_Field_Reserve,external_reserve,excluded_external_reserve,4c1a0aa6dd706c618dd33bebe37d4f47,228044
DS02_RESERVE_Leaf Blotch00178.JPG,Dataset_02_Mendeley,Leaf Blotch00178.JPG,turmeric_datasets\dataset_02\original\Turmeric Plant Disease\Leaf Blotch\Leaf Blotch00178.JPG,turmeric_leaf,1,Blotch_Field_Reserve,external_reserve,excluded_external_reserve,8a3d382b1fd0c3e05d3425e708f288f7,285183
DS02_RESERVE_Leaf Blotch00180.JPG,Dataset_02_Mendeley,Leaf Blotch00180.JPG,turmeric_datasets\dataset_02\original\Turmeric Plant Disease\Leaf Blotch\Leaf Blotch00180.JPG,turmeric_leaf,1,Blotch_Field_Reserve,external_reserve,excluded_external_reserve,b0c5b49f7cb67ff79f832444dde09af4,303544
DS02_RESERVE_Leaf Blotch00181.JPG,Dataset_02_Mendeley,Leaf Blotch00181.JPG,turmeric_datasets\dataset_02\original\Turmeric Plant Disease\Leaf Blotch\Leaf Blotch00181.JPG,turmeric_leaf,1,Blotch_Field_Reserve,external_reserve,excluded_external_reserve,8bbba4f6ec0323afaeb2b5240315e1ec,304476
DS02_RESERVE_Leaf Blotch00186.JPG,Dataset_02_Mendeley,Leaf Blotch00186.JPG,turmeric_datasets\dataset_02\original\Turmeric Plant Disease\Leaf Blotch\Leaf Blotch00186.JPG,turmeric_leaf,1,Blotch_Field_Reserve,external_reserve,excluded_external_reserve,b3b159272d02444439028f31c1077c37,210739
DS02_RESERVE_Leaf Blotch00187.JPG,Dataset_02_Mendeley,Leaf Blotch00187.JPG,turmeric_datasets\dataset_02\original\Turmeric Plant Disease\Leaf Blotch\Leaf Blotch00187.JPG,turmeric_leaf,1,Blotch_Field_Reserve,external_reserve,excluded_external_reserve,82fbcd356f3c259ee0de12f2f7e10005,297724
DS02_RESERVE_Leaf Blotch00188.JPG,Dataset_02_Mendeley,Leaf Blotch00188.JPG,turmeric_datasets\dataset_02\original\Turmeric Plant Disease\Leaf Blotch\Leaf Blotch00188.JPG,turmeric_leaf,1,Blotch_Field_Reserve,external_reserve,excluded_external_reserve,792d7a16345d78d3f18c14c97b84a71f,320634
DS02_RESERVE_Leaf Blotch00190.JPG,Dataset_02_Mendeley,Leaf Blotch00190.JPG,turmeric_datasets\dataset_02\original\Turmeric Plant Disease\Leaf Blotch\Leaf Blotch00190.JPG,turmeric_leaf,1,Blotch_Field_Reserve,external_reserve,excluded_external_reserve,81965b7f79d9b1dca4c682550b207add,299432
DS02_RESERVE_Leaf Blotch00192.JPG,Dataset_02_Mendeley,Leaf Blotch00192.JPG,turmeric_datasets\dataset_02\original\Turmeric Plant Disease\Leaf Blotch\Leaf Blotch00192.JPG,turmeric_leaf,1,Blotch_Field_Reserve,external_reserve,excluded_external_reserve,85d68db80970f736d86833b0b989518e,296857
DS02_RESERVE_Leaf Blotch00195.JPG,Dataset_02_Mendeley,Leaf Blotch00195.JPG,turmeric_datasets\dataset_02\original\Turmeric Plant Disease\Leaf Blotch\Leaf Blotch00195.JPG,turmeric_leaf,1,Blotch_Field_Reserve,external_reserve,excluded_external_reserve,45a27cf211a0738499be38d1edc643b7,267187
DS02_RESERVE_Leaf Blotch00196.JPG,Dataset_02_Mendeley,Leaf Blotch00196.JPG,turmeric_datasets\dataset_02\original\Turmeric Plant Disease\Leaf Blotch\Leaf Blotch00196.JPG,turmeric_leaf,1,Blotch_Field_Reserve,external_reserve,excluded_external_reserve,c11bace45f35004daa558ddad5a68bbe,278612
DS02_RESERVE_Leaf Blotch00197.JPG,Dataset_02_Mendeley,Leaf Blotch00197.JPG,turmeric_datasets\dataset_02\original\Turmeric Plant Disease\Leaf Blotch\Leaf Blotch00197.JPG,turmeric_leaf,1,Blotch_Field_Reserve,external_reserve,excluded_external_reserve,da6c485f2e0976d9481469438114e493,278545
DS02_EDGE_DRY_Dry Leaf00001.JPG,Dataset_02_Mendeley,Dry Leaf00001.JPG,turmeric_datasets\dataset_02\original\Turmeric Plant Disease\Dry Leaf\Dry Leaf00001.JPG,turmeric_senescent_edge_case,-1,Dry_Senescent_Foliage,external_edge_case,turmeric_senescent_field_edge_case,ba5bd3a4816eb75d302e5d0a3b310ba7,224888
DS02_EDGE_DRY_Dry Leaf00002.JPG,Dataset_02_Mendeley,Dry Leaf00002.JPG,turmeric_datasets\dataset_02\original\Turmeric Plant Disease\Dry Leaf\Dry Leaf00002.JPG,turmeric_senescent_edge_case,-1,Dry_Senescent_Foliage,external_edge_case,turmeric_senescent_field_edge_case,fddcb586bba93e1c2ed49435b8244943,231906
DS02_EDGE_DRY_Dry Leaf00003.JPG,Dataset_02_Mendeley,Dry Leaf00003.JPG,turmeric_datasets\dataset_02\original\Turmeric Plant Disease\Dry Leaf\Dry Leaf00003.JPG,turmeric_senescent_edge_case,-1,Dry_Senescent_Foliage,external_edge_case,turmeric_senescent_field_edge_case,771974eab9c412e4a93b9c67ecbe0e02,254755
DS02_EDGE_DRY_Dry Leaf00004.JPG,Dataset_02_Mendeley,Dry Leaf00004.JPG,turmeric_datasets\dataset_02\original\Turmeric Plant Disease\Dry Leaf\Dry Leaf00004.JPG,turmeric_senescent_edge_case,-1,Dry_Senescent_Foliage,external_edge_case,turmeric_senescent_field_edge_case,60ea3a2db7234f3c74461851e5467022,267919
DS02_EDGE_DRY_Dry Leaf00005.JPG,Dataset_02_Mendeley,Dry Leaf00005.JPG,turmeric_datasets\dataset_02\original\Turmeric Plant Disease\Dry Leaf\Dry Leaf00005.JPG,turmeric_senescent_edge_case,-1,Dry_Senescent_Foliage,external_edge_case,turmeric_senescent_field_edge_case,78e12b1f1f98d6d8178e1f5366785704,289093
DS02_EDGE_DRY_Dry Leaf00006.JPG,Dataset_02_Mendeley,Dry Leaf00006.JPG,turmeric_datasets\dataset_02\original\Turmeric Plant Disease\Dry Leaf\Dry Leaf00006.JPG,turmeric_senescent_edge_case,-1,Dry_Senescent_Foliage,external_edge_case,turmeric_senescent_field_edge_case,4eeb5377ea2813d1863ac81bc04d5c23,340290
DS02_EDGE_DRY_Dry Leaf00007.JPG,Dataset_02_Mendeley,Dry Leaf00007.JPG,turmeric_datasets\dataset_02\original\Turmeric Plant Disease\Dry Leaf\Dry Leaf00007.JPG,turmeric_senescent_edge_case,-1,Dry_Senescent_Foliage,external_edge_case,turmeric_senescent_field_edge_case,a151909eb0f98125a01abe18a68f9014,279380
DS02_EDGE_DRY_Dry Leaf00008.JPG,Dataset_02_Mendeley,Dry Leaf00008.JPG,turmeric_datasets\dataset_02\original\Turmeric Plant Disease\Dry Leaf\Dry Leaf00008.JPG,turmeric_senescent_edge_case,-1,Dry_Senescent_Foliage,external_edge_case,turmeric_senescent_field_edge_case,ed9eb3c64ea4c63dd23d484fc4eaef21,249237
DS02_EDGE_DRY_Dry Leaf00009.JPG,Dataset_02_Mendeley,Dry Leaf00009.JPG,turmeric_datasets\dataset_02\original\Turmeric Plant Disease\Dry Leaf\Dry Leaf00009.JPG,turmeric_senescent_edge_case,-1,Dry_Senescent_Foliage,external_edge_case,turmeric_senescent_field_edge_case,b800b65e34904b260ac78df094f1f224,222376
DS02_EDGE_DRY_Dry Leaf00010.JPG,Dataset_02_Mendeley,Dry Leaf00010.JPG,turmeric_datasets\dataset_02\original\Turmeric Plant Disease\Dry Leaf\Dry Leaf00010.JPG,turmeric_senescent_edge_case,-1,Dry_Senescent_Foliage,external_edge_case,turmeric_senescent_field_edge_case,b9e9ad6ec435466d6a571b1bacb40297,224626
DS02_EDGE_DRY_Dry Leaf00011.JPG,Dataset_02_Mendeley,Dry Leaf00011.JPG,turmeric_datasets\dataset_02\original\Turmeric Plant Disease\Dry Leaf\Dry Leaf00011.JPG,turmeric_senescent_edge_case,-1,Dry_Senescent_Foliage,external_edge_case,turmeric_senescent_field_edge_case,4f932b5ee367170c787da96b3d249db5,233581
DS02_EDGE_DRY_Dry Leaf00012.JPG,Dataset_02_Mendeley,Dry Leaf00012.JPG,turmeric_datasets\dataset_02\original\Turmeric Plant Disease\Dry Leaf\Dry Leaf00012.JPG,turmeric_senescent_edge_case,-1,Dry_Senescent_Foliage,external_edge_case,turmeric_senescent_field_edge_case,cc6301c1fc5479ee38af591fe3c95b7e,195384
DS02_EDGE_DRY_Dry Leaf00013.JPG,Dataset_02_Mendeley,Dry Leaf00013.JPG,turmeric_datasets\dataset_02\original\Turmeric Plant Disease\Dry Leaf\Dry Leaf00013.JPG,turmeric_senescent_edge_case,-1,Dry_Senescent_Foliage,external_edge_case,turmeric_senescent_field_edge_case,de739953ba6096979fd3c02febec26e2,205075
DS02_EDGE_DRY_Dry Leaf00014.JPG,Dataset_02_Mendeley,Dry Leaf00014.JPG,turmeric_datasets\dataset_02\original\Turmeric Plant Disease\Dry Leaf\Dry Leaf00014.JPG,turmeric_senescent_edge_case,-1,Dry_Senescent_Foliage,external_edge_case,turmeric_senescent_field_edge_case,981bef75638f61dd68084b2f7404ba03,185772
DS02_EDGE_DRY_Dry Leaf00015.JPG,Dataset_02_Mendeley,Dry Leaf00015.JPG,turmeric_datasets\dataset_02\original\Turmeric Plant Disease\Dry Leaf\Dry Leaf00015.JPG,turmeric_senescent_edge_case,-1,Dry_Senescent_Foliage,external_edge_case,turmeric_senescent_field_edge_case,b05a55f7ba8161114913949f342c0b7f,188023
DS02_EDGE_DRY_Dry Leaf00016.JPG,Dataset_02_Mendeley,Dry Leaf00016.JPG,turmeric_datasets\dataset_02\original\Turmeric Plant Disease\Dry Leaf\Dry Leaf00016.JPG,turmeric_senescent_edge_case,-1,Dry_Senescent_Foliage,external_edge_case,turmeric_senescent_field_edge_case,036d061576643a9b2a867289a5039e4f,196336
DS02_EDGE_DRY_Dry Leaf00017.JPG,Dataset_02_Mendeley,Dry Leaf00017.JPG,turmeric_datasets\dataset_02\original\Turmeric Plant Disease\Dry Leaf\Dry Leaf00017.JPG,turmeric_senescent_edge_case,-1,Dry_Senescent_Foliage,external_edge_case,turmeric_senescent_field_edge_case,86b761d88f306a15cc86fcba38e22988,221396
DS02_EDGE_DRY_Dry Leaf00018.JPG,Dataset_02_Mendeley,Dry Leaf00018.JPG,turmeric_datasets\dataset_02\original\Turmeric Plant Disease\Dry Leaf\Dry Leaf00018.JPG,turmeric_senescent_edge_case,-1,Dry_Senescent_Foliage,external_edge_case,turmeric_senescent_field_edge_case,da0031427ac75fe384cc606ba6ad3275,236505
DS02_EDGE_DRY_Dry Leaf00019.JPG,Dataset_02_Mendeley,Dry Leaf00019.JPG,turmeric_datasets\dataset_02\original\Turmeric Plant Disease\Dry Leaf\Dry Leaf00019.JPG,turmeric_senescent_edge_case,-1,Dry_Senescent_Foliage,external_edge_case,turmeric_senescent_field_edge_case,7ada533c57ee1eae72d6ed27fecf09d7,182323
DS02_EDGE_DRY_Dry Leaf00020.JPG,Dataset_02_Mendeley,Dry Leaf00020.JPG,turmeric_datasets\dataset_02\original\Turmeric Plant Disease\Dry Leaf\Dry Leaf00020.JPG,turmeric_senescent_edge_case,-1,Dry_Senescent_Foliage,external_edge_case,turmeric_senescent_field_edge_case,6b8ea4514d0bc69fccf34c6bb05b2458,184050
DS02_EDGE_DRY_Dry Leaf00021.JPG,Dataset_02_Mendeley,Dry Leaf00021.JPG,turmeric_datasets\dataset_02\original\Turmeric Plant Disease\Dry Leaf\Dry Leaf00021.JPG,turmeric_senescent_edge_case,-1,Dry_Senescent_Foliage,external_edge_case,turmeric_senescent_field_edge_case,82055a89382016cc759925122165fec2,201425
DS02_EDGE_DRY_Dry Leaf00022.JPG,Dataset_02_Mendeley,Dry Leaf00022.JPG,turmeric_datasets\dataset_02\original\Turmeric Plant Disease\Dry Leaf\Dry Leaf00022.JPG,turmeric_senescent_edge_case,-1,Dry_Senescent_Foliage,external_edge_case,turmeric_senescent_field_edge_case,2fbaec8d9b018961860a51b2e3ca6c81,161161
DS02_EDGE_DRY_Dry Leaf00023.JPG,Dataset_02_Mendeley,Dry Leaf00023.JPG,turmeric_datasets\dataset_02\original\Turmeric Plant Disease\Dry Leaf\Dry Leaf00023.JPG,turmeric_senescent_edge_case,-1,Dry_Senescent_Foliage,external_edge_case,turmeric_senescent_field_edge_case,189c3e322ee4c18dab9f7eeba606958a,174510
DS02_EDGE_DRY_Dry Leaf00024.JPG,Dataset_02_Mendeley,Dry Leaf00024.JPG,turmeric_datasets\dataset_02\original\Turmeric Plant Disease\Dry Leaf\Dry Leaf00024.JPG,turmeric_senescent_edge_case,-1,Dry_Senescent_Foliage,external_edge_case,turmeric_senescent_field_edge_case,4c197ec3704d8f82206e5da8bb27ccfb,180981
DS02_EDGE_DRY_Dry Leaf00025.JPG,Dataset_02_Mendeley,Dry Leaf00025.JPG,turmeric_datasets\dataset_02\original\Turmeric Plant Disease\Dry Leaf\Dry Leaf00025.JPG,turmeric_senescent_edge_case,-1,Dry_Senescent_Foliage,external_edge_case,turmeric_senescent_field_edge_case,1f418f6b3c79e2aff485bcef43829720,195947
DS02_EDGE_DRY_Dry Leaf00026.JPG,Dataset_02_Mendeley,Dry Leaf00026.JPG,turmeric_datasets\dataset_02\original\Turmeric Plant Disease\Dry Leaf\Dry Leaf00026.JPG,turmeric_senescent_edge_case,-1,Dry_Senescent_Foliage,external_edge_case,turmeric_senescent_field_edge_case,34c66f2d056635c70bbd4aef26c644ab,185310
DS02_EDGE_DRY_Dry Leaf00027.JPG,Dataset_02_Mendeley,Dry Leaf00027.JPG,turmeric_datasets\dataset_02\original\Turmeric Plant Disease\Dry Leaf\Dry Leaf00027.JPG,turmeric_senescent_edge_case,-1,Dry_Senescent_Foliage,external_edge_case,turmeric_senescent_field_edge_case,2302cfe8cb9b50142e2d917b7f50995c,186900
DS02_EDGE_DRY_Dry Leaf00028.JPG,Dataset_02_Mendeley,Dry Leaf00028.JPG,turmeric_datasets\dataset_02\original\Turmeric Plant Disease\Dry Leaf\Dry Leaf00028.JPG,turmeric_senescent_edge_case,-1,Dry_Senescent_Foliage,external_edge_case,turmeric_senescent_field_edge_case,2b02347ca360329c72d44eee2991ee5b,163251
DS02_EDGE_DRY_Dry Leaf00029.JPG,Dataset_02_Mendeley,Dry Leaf00029.JPG,turmeric_datasets\dataset_02\original\Turmeric Plant Disease\Dry Leaf\Dry Leaf00029.JPG,turmeric_senescent_edge_case,-1,Dry_Senescent_Foliage,external_edge_case,turmeric_senescent_field_edge_case,56d557522c71c795f76c0f05f5ebc1a4,158853
DS02_EDGE_DRY_Dry Leaf00030.JPG,Dataset_02_Mendeley,Dry Leaf00030.JPG,turmeric_datasets\dataset_02\original\Turmeric Plant Disease\Dry Leaf\Dry Leaf00030.JPG,turmeric_senescent_edge_case,-1,Dry_Senescent_Foliage,external_edge_case,turmeric_senescent_field_edge_case,0dd2dd3974885f2818b45f7577a519f9,140712
DS02_EDGE_DRY_Dry Leaf00031.JPG,Dataset_02_Mendeley,Dry Leaf00031.JPG,turmeric_datasets\dataset_02\original\Turmeric Plant Disease\Dry Leaf\Dry Leaf00031.JPG,turmeric_senescent_edge_case,-1,Dry_Senescent_Foliage,external_edge_case,turmeric_senescent_field_edge_case,85b850fe8ae2d333b0270c3a2511a7e2,181224
DS02_EDGE_DRY_Dry Leaf00032.JPG,Dataset_02_Mendeley,Dry Leaf00032.JPG,turmeric_datasets\dataset_02\original\Turmeric Plant Disease\Dry Leaf\Dry Leaf00032.JPG,turmeric_senescent_edge_case,-1,Dry_Senescent_Foliage,external_edge_case,turmeric_senescent_field_edge_case,8680a9d033b2e060dc0bb9d29f0f4991,157452
DS02_EDGE_DRY_Dry Leaf00033.JPG,Dataset_02_Mendeley,Dry Leaf00033.JPG,turmeric_datasets\dataset_02\original\Turmeric Plant Disease\Dry Leaf\Dry Leaf00033.JPG,turmeric_senescent_edge_case,-1,Dry_Senescent_Foliage,external_edge_case,turmeric_senescent_field_edge_case,769d8e4c5101eca0fdc7f8745a963c09,181761
DS02_EDGE_DRY_Dry Leaf00034.JPG,Dataset_02_Mendeley,Dry Leaf00034.JPG,turmeric_datasets\dataset_02\original\Turmeric Plant Disease\Dry Leaf\Dry Leaf00034.JPG,turmeric_senescent_edge_case,-1,Dry_Senescent_Foliage,external_edge_case,turmeric_senescent_field_edge_case,575b1a5b06103b687121582200bbf873,211496
DS02_EDGE_DRY_Dry Leaf00035.JPG,Dataset_02_Mendeley,Dry Leaf00035.JPG,turmeric_datasets\dataset_02\original\Turmeric Plant Disease\Dry Leaf\Dry Leaf00035.JPG,turmeric_senescent_edge_case,-1,Dry_Senescent_Foliage,external_edge_case,turmeric_senescent_field_edge_case,ab48bf86b74e02501304d7201140a4fa,183690
DS02_EDGE_DRY_Dry Leaf00036.JPG,Dataset_02_Mendeley,Dry Leaf00036.JPG,turmeric_datasets\dataset_02\original\Turmeric Plant Disease\Dry Leaf\Dry Leaf00036.JPG,turmeric_senescent_edge_case,-1,Dry_Senescent_Foliage,external_edge_case,turmeric_senescent_field_edge_case,ebd55bac44f6d648f120bc8af5d9322c,185120
DS02_EDGE_DRY_Dry Leaf00037.JPG,Dataset_02_Mendeley,Dry Leaf00037.JPG,turmeric_datasets\dataset_02\original\Turmeric Plant Disease\Dry Leaf\Dry Leaf00037.JPG,turmeric_senescent_edge_case,-1,Dry_Senescent_Foliage,external_edge_case,turmeric_senescent_field_edge_case,0911a39e4202d6dec8158a067b390169,174989
DS02_EDGE_DRY_Dry Leaf00038.JPG,Dataset_02_Mendeley,Dry Leaf00038.JPG,turmeric_datasets\dataset_02\original\Turmeric Plant Disease\Dry Leaf\Dry Leaf00038.JPG,turmeric_senescent_edge_case,-1,Dry_Senescent_Foliage,external_edge_case,turmeric_senescent_field_edge_case,869ad02ad577f5aa29624a909307d1b9,174917
DS02_EDGE_DRY_Dry Leaf00039.JPG,Dataset_02_Mendeley,Dry Leaf00039.JPG,turmeric_datasets\dataset_02\original\Turmeric Plant Disease\Dry Leaf\Dry Leaf00039.JPG,turmeric_senescent_edge_case,-1,Dry_Senescent_Foliage,external_edge_case,turmeric_senescent_field_edge_case,a7963b6ac24173a170a6a025349696d2,173930
DS02_EDGE_DRY_Dry Leaf00040.JPG,Dataset_02_Mendeley,Dry Leaf00040.JPG,turmeric_datasets\dataset_02\original\Turmeric Plant Disease\Dry Leaf\Dry Leaf00040.JPG,turmeric_senescent_edge_case,-1,Dry_Senescent_Foliage,external_edge_case,turmeric_senescent_field_edge_case,954c65dcedc7dadf73ea4fd5f59941fc,185538
DS02_EDGE_DRY_Dry Leaf00041.JPG,Dataset_02_Mendeley,Dry Leaf00041.JPG,turmeric_datasets\dataset_02\original\Turmeric Plant Disease\Dry Leaf\Dry Leaf00041.JPG,turmeric_senescent_edge_case,-1,Dry_Senescent_Foliage,external_edge_case,turmeric_senescent_field_edge_case,325ba27efbd73cd8c882262bbae84856,213180
DS02_EDGE_DRY_Dry Leaf00042.JPG,Dataset_02_Mendeley,Dry Leaf00042.JPG,turmeric_datasets\dataset_02\original\Turmeric Plant Disease\Dry Leaf\Dry Leaf00042.JPG,turmeric_senescent_edge_case,-1,Dry_Senescent_Foliage,external_edge_case,turmeric_senescent_field_edge_case,9f8bcdba3b22eef04eafb42247a11799,167329
DS02_EDGE_DRY_Dry Leaf00043.JPG,Dataset_02_Mendeley,Dry Leaf00043.JPG,turmeric_datasets\dataset_02\original\Turmeric Plant Disease\Dry Leaf\Dry Leaf00043.JPG,turmeric_senescent_edge_case,-1,Dry_Senescent_Foliage,external_edge_case,turmeric_senescent_field_edge_case,a952f9f394a7e5bcca4cd51f405aa2dc,156784
DS02_EDGE_DRY_Dry Leaf00044.JPG,Dataset_02_Mendeley,Dry Leaf00044.JPG,turmeric_datasets\dataset_02\original\Turmeric Plant Disease\Dry Leaf\Dry Leaf00044.JPG,turmeric_senescent_edge_case,-1,Dry_Senescent_Foliage,external_edge_case,turmeric_senescent_field_edge_case,204d17b455605b4f885087ad8c901374,165882
DS02_EDGE_DRY_Dry Leaf00045.JPG,Dataset_02_Mendeley,Dry Leaf00045.JPG,turmeric_datasets\dataset_02\original\Turmeric Plant Disease\Dry Leaf\Dry Leaf00045.JPG,turmeric_senescent_edge_case,-1,Dry_Senescent_Foliage,external_edge_case,turmeric_senescent_field_edge_case,d92acd269ddfa1fe99d67b48fe0781d1,172649
DS02_EDGE_DRY_Dry Leaf00046.JPG,Dataset_02_Mendeley,Dry Leaf00046.JPG,turmeric_datasets\dataset_02\original\Turmeric Plant Disease\Dry Leaf\Dry Leaf00046.JPG,turmeric_senescent_edge_case,-1,Dry_Senescent_Foliage,external_edge_case,turmeric_senescent_field_edge_case,5dd03362c20244b9e3fccec76fc1d1a8,163986
DS02_EDGE_DRY_Dry Leaf00047.JPG,Dataset_02_Mendeley,Dry Leaf00047.JPG,turmeric_datasets\dataset_02\original\Turmeric Plant Disease\Dry Leaf\Dry Leaf00047.JPG,turmeric_senescent_edge_case,-1,Dry_Senescent_Foliage,external_edge_case,turmeric_senescent_field_edge_case,77dff6ae1954a2cd7300f3dd2eb91534,162046
DS02_EDGE_DRY_Dry Leaf00048.JPG,Dataset_02_Mendeley,Dry Leaf00048.JPG,turmeric_datasets\dataset_02\original\Turmeric Plant Disease\Dry Leaf\Dry Leaf00048.JPG,turmeric_senescent_edge_case,-1,Dry_Senescent_Foliage,external_edge_case,turmeric_senescent_field_edge_case,040ca42e591a1c796212dfc004f2f015,177791
DS02_EDGE_DRY_Dry Leaf00049.JPG,Dataset_02_Mendeley,Dry Leaf00049.JPG,turmeric_datasets\dataset_02\original\Turmeric Plant Disease\Dry Leaf\Dry Leaf00049.JPG,turmeric_senescent_edge_case,-1,Dry_Senescent_Foliage,external_edge_case,turmeric_senescent_field_edge_case,58ebfe5c47c01a0a1d7af5d9453b9b06,174875
DS02_EDGE_DRY_Dry Leaf00050.JPG,Dataset_02_Mendeley,Dry Leaf00050.JPG,turmeric_datasets\dataset_02\original\Turmeric Plant Disease\Dry Leaf\Dry Leaf00050.JPG,turmeric_senescent_edge_case,-1,Dry_Senescent_Foliage,external_edge_case,turmeric_senescent_field_edge_case,818251a64e092f3d2e8bdb4e46142ed7,155330
DS02_EDGE_DRY_Dry Leaf00051.JPG,Dataset_02_Mendeley,Dry Leaf00051.JPG,turmeric_datasets\dataset_02\original\Turmeric Plant Disease\Dry Leaf\Dry Leaf00051.JPG,turmeric_senescent_edge_case,-1,Dry_Senescent_Foliage,external_edge_case,turmeric_senescent_field_edge_case,717c75a58e6e9daef0a1de4e0709baf6,179935
DS02_EDGE_DRY_Dry Leaf00052.JPG,Dataset_02_Mendeley,Dry Leaf00052.JPG,turmeric_datasets\dataset_02\original\Turmeric Plant Disease\Dry Leaf\Dry Leaf00052.JPG,turmeric_senescent_edge_case,-1,Dry_Senescent_Foliage,external_edge_case,turmeric_senescent_field_edge_case,74c11a991233b1bcf4d256fe71778552,204434
DS02_EDGE_DRY_Dry Leaf00053.JPG,Dataset_02_Mendeley,Dry Leaf00053.JPG,turmeric_datasets\dataset_02\original\Turmeric Plant Disease\Dry Leaf\Dry Leaf00053.JPG,turmeric_senescent_edge_case,-1,Dry_Senescent_Foliage,external_edge_case,turmeric_senescent_field_edge_case,a4d78818607a27111e549a3ed7023303,159535
DS02_EDGE_DRY_Dry Leaf00054.JPG,Dataset_02_Mendeley,Dry Leaf00054.JPG,turmeric_datasets\dataset_02\original\Turmeric Plant Disease\Dry Leaf\Dry Leaf00054.JPG,turmeric_senescent_edge_case,-1,Dry_Senescent_Foliage,external_edge_case,turmeric_senescent_field_edge_case,932e775a8697580ef7f22ffd809ffa17,151980
DS02_EDGE_DRY_Dry Leaf00055.JPG,Dataset_02_Mendeley,Dry Leaf00055.JPG,turmeric_datasets\dataset_02\original\Turmeric Plant Disease\Dry Leaf\Dry Leaf00055.JPG,turmeric_senescent_edge_case,-1,Dry_Senescent_Foliage,external_edge_case,turmeric_senescent_field_edge_case,9b82d6a4bb0c3310c74f31545bdbb524,154225
DS02_EDGE_DRY_Dry Leaf00056.JPG,Dataset_02_Mendeley,Dry Leaf00056.JPG,turmeric_datasets\dataset_02\original\Turmeric Plant Disease\Dry Leaf\Dry Leaf00056.JPG,turmeric_senescent_edge_case,-1,Dry_Senescent_Foliage,external_edge_case,turmeric_senescent_field_edge_case,fb50beb4befe155f220f8ca23edd751b,126946
DS02_EDGE_DRY_Dry Leaf00057.JPG,Dataset_02_Mendeley,Dry Leaf00057.JPG,turmeric_datasets\dataset_02\original\Turmeric Plant Disease\Dry Leaf\Dry Leaf00057.JPG,turmeric_senescent_edge_case,-1,Dry_Senescent_Foliage,external_edge_case,turmeric_senescent_field_edge_case,e93465ea8635731fb54871cd0c54568b,171587
DS02_EDGE_DRY_Dry Leaf00058.JPG,Dataset_02_Mendeley,Dry Leaf00058.JPG,turmeric_datasets\dataset_02\original\Turmeric Plant Disease\Dry Leaf\Dry Leaf00058.JPG,turmeric_senescent_edge_case,-1,Dry_Senescent_Foliage,external_edge_case,turmeric_senescent_field_edge_case,e926ca00ce080c6845283719f5f7d93b,132708
DS02_EDGE_DRY_Dry Leaf00059.JPG,Dataset_02_Mendeley,Dry Leaf00059.JPG,turmeric_datasets\dataset_02\original\Turmeric Plant Disease\Dry Leaf\Dry Leaf00059.JPG,turmeric_senescent_edge_case,-1,Dry_Senescent_Foliage,external_edge_case,turmeric_senescent_field_edge_case,737452bc0698328f8652bd1916b732dd,174038
DS02_EDGE_DRY_Dry Leaf00060.JPG,Dataset_02_Mendeley,Dry Leaf00060.JPG,turmeric_datasets\dataset_02\original\Turmeric Plant Disease\Dry Leaf\Dry Leaf00060.JPG,turmeric_senescent_edge_case,-1,Dry_Senescent_Foliage,external_edge_case,turmeric_senescent_field_edge_case,1fb66b06f7a1463223b5ea92dfde0351,141624
DS02_EDGE_DRY_Dry Leaf00061.JPG,Dataset_02_Mendeley,Dry Leaf00061.JPG,turmeric_datasets\dataset_02\original\Turmeric Plant Disease\Dry Leaf\Dry Leaf00061.JPG,turmeric_senescent_edge_case,-1,Dry_Senescent_Foliage,external_edge_case,turmeric_senescent_field_edge_case,714466f224e1e6d1781bab815ebbb362,178358
DS02_EDGE_DRY_Dry Leaf00062.JPG,Dataset_02_Mendeley,Dry Leaf00062.JPG,turmeric_datasets\dataset_02\original\Turmeric Plant Disease\Dry Leaf\Dry Leaf00062.JPG,turmeric_senescent_edge_case,-1,Dry_Senescent_Foliage,external_edge_case,turmeric_senescent_field_edge_case,3532a6d2b6e9b55bcf0058cf288bca6a,158618
DS02_EDGE_DRY_Dry Leaf00063.JPG,Dataset_02_Mendeley,Dry Leaf00063.JPG,turmeric_datasets\dataset_02\original\Turmeric Plant Disease\Dry Leaf\Dry Leaf00063.JPG,turmeric_senescent_edge_case,-1,Dry_Senescent_Foliage,external_edge_case,turmeric_senescent_field_edge_case,2f4dcdfe5f2032e5374e73b71fb560a8,147098
DS02_EDGE_DRY_Dry Leaf00064.JPG,Dataset_02_Mendeley,Dry Leaf00064.JPG,turmeric_datasets\dataset_02\original\Turmeric Plant Disease\Dry Leaf\Dry Leaf00064.JPG,turmeric_senescent_edge_case,-1,Dry_Senescent_Foliage,external_edge_case,turmeric_senescent_field_edge_case,1e61b46311a2ace42802690020ef7609,192983
DS02_EDGE_DRY_Dry Leaf00065.JPG,Dataset_02_Mendeley,Dry Leaf00065.JPG,turmeric_datasets\dataset_02\original\Turmeric Plant Disease\Dry Leaf\Dry Leaf00065.JPG,turmeric_senescent_edge_case,-1,Dry_Senescent_Foliage,external_edge_case,turmeric_senescent_field_edge_case,337719ff56156abf2088f8c1951a5260,194182
DS02_EDGE_DRY_Dry Leaf00066.JPG,Dataset_02_Mendeley,Dry Leaf00066.JPG,turmeric_datasets\dataset_02\original\Turmeric Plant Disease\Dry Leaf\Dry Leaf00066.JPG,turmeric_senescent_edge_case,-1,Dry_Senescent_Foliage,external_edge_case,turmeric_senescent_field_edge_case,6b95f535e3cc4275f7cf2d5f81258807,143657
DS02_EDGE_DRY_Dry Leaf00067.JPG,Dataset_02_Mendeley,Dry Leaf00067.JPG,turmeric_datasets\dataset_02\original\Turmeric Plant Disease\Dry Leaf\Dry Leaf00067.JPG,turmeric_senescent_edge_case,-1,Dry_Senescent_Foliage,external_edge_case,turmeric_senescent_field_edge_case,fba5d0170b84aaa971c3f5a5e683c9e5,115488
DS02_EDGE_DRY_Dry Leaf00068.JPG,Dataset_02_Mendeley,Dry Leaf00068.JPG,turmeric_datasets\dataset_02\original\Turmeric Plant Disease\Dry Leaf\Dry Leaf00068.JPG,turmeric_senescent_edge_case,-1,Dry_Senescent_Foliage,external_edge_case,turmeric_senescent_field_edge_case,68dc5e602aa018afddf34912d57592d4,196040
DS02_EDGE_DRY_Dry Leaf00069.JPG,Dataset_02_Mendeley,Dry Leaf00069.JPG,turmeric_datasets\dataset_02\original\Turmeric Plant Disease\Dry Leaf\Dry Leaf00069.JPG,turmeric_senescent_edge_case,-1,Dry_Senescent_Foliage,external_edge_case,turmeric_senescent_field_edge_case,68bea5c285f238a979dd08c773168203,185203
DS02_EDGE_DRY_Dry Leaf00070.JPG,Dataset_02_Mendeley,Dry Leaf00070.JPG,turmeric_datasets\dataset_02\original\Turmeric Plant Disease\Dry Leaf\Dry Leaf00070.JPG,turmeric_senescent_edge_case,-1,Dry_Senescent_Foliage,external_edge_case,turmeric_senescent_field_edge_case,b9bb10cfce8ffd38b826fc27f050a113,165060
DS02_EDGE_DRY_Dry Leaf00071.JPG,Dataset_02_Mendeley,Dry Leaf00071.JPG,turmeric_datasets\dataset_02\original\Turmeric Plant Disease\Dry Leaf\Dry Leaf00071.JPG,turmeric_senescent_edge_case,-1,Dry_Senescent_Foliage,external_edge_case,turmeric_senescent_field_edge_case,25cd6d5b71705843c1ec4da6e080240a,177554
DS02_EDGE_DRY_Dry Leaf00072.JPG,Dataset_02_Mendeley,Dry Leaf00072.JPG,turmeric_datasets\dataset_02\original\Turmeric Plant Disease\Dry Leaf\Dry Leaf00072.JPG,turmeric_senescent_edge_case,-1,Dry_Senescent_Foliage,external_edge_case,turmeric_senescent_field_edge_case,8142bae166bc07032649e1f07598a6c0,172407
DS02_EDGE_DRY_Dry Leaf00073.JPG,Dataset_02_Mendeley,Dry Leaf00073.JPG,turmeric_datasets\dataset_02\original\Turmeric Plant Disease\Dry Leaf\Dry Leaf00073.JPG,turmeric_senescent_edge_case,-1,Dry_Senescent_Foliage,external_edge_case,turmeric_senescent_field_edge_case,e3a5ac267e7c659f76274c9405c4fb9d,168387
DS02_EDGE_DRY_Dry Leaf00074.JPG,Dataset_02_Mendeley,Dry Leaf00074.JPG,turmeric_datasets\dataset_02\original\Turmeric Plant Disease\Dry Leaf\Dry Leaf00074.JPG,turmeric_senescent_edge_case,-1,Dry_Senescent_Foliage,external_edge_case,turmeric_senescent_field_edge_case,88b8d1a66595ec937243fc2451d4ed7f,170893
DS02_EDGE_DRY_Dry Leaf00075.JPG,Dataset_02_Mendeley,Dry Leaf00075.JPG,turmeric_datasets\dataset_02\original\Turmeric Plant Disease\Dry Leaf\Dry Leaf00075.JPG,turmeric_senescent_edge_case,-1,Dry_Senescent_Foliage,external_edge_case,turmeric_senescent_field_edge_case,9ce7ab6a9fcf16370bc897a8b593ae1b,170467
DS02_EDGE_DRY_Dry Leaf00076.JPG,Dataset_02_Mendeley,Dry Leaf00076.JPG,turmeric_datasets\dataset_02\original\Turmeric Plant Disease\Dry Leaf\Dry Leaf00076.JPG,turmeric_senescent_edge_case,-1,Dry_Senescent_Foliage,external_edge_case,turmeric_senescent_field_edge_case,baddb241014c21ee627b68fe46792059,185191
DS02_EDGE_DRY_Dry Leaf00077.JPG,Dataset_02_Mendeley,Dry Leaf00077.JPG,turmeric_datasets\dataset_02\original\Turmeric Plant Disease\Dry Leaf\Dry Leaf00077.JPG,turmeric_senescent_edge_case,-1,Dry_Senescent_Foliage,external_edge_case,turmeric_senescent_field_edge_case,9bd9ab16b4a5adc855adcdd0d3feda32,168739
DS02_EDGE_DRY_Dry Leaf00078.JPG,Dataset_02_Mendeley,Dry Leaf00078.JPG,turmeric_datasets\dataset_02\original\Turmeric Plant Disease\Dry Leaf\Dry Leaf00078.JPG,turmeric_senescent_edge_case,-1,Dry_Senescent_Foliage,external_edge_case,turmeric_senescent_field_edge_case,5375a4bf9577aa6931ec96e9f0cecd3a,171208
DS02_EDGE_DRY_Dry Leaf00079.JPG,Dataset_02_Mendeley,Dry Leaf00079.JPG,turmeric_datasets\dataset_02\original\Turmeric Plant Disease\Dry Leaf\Dry Leaf00079.JPG,turmeric_senescent_edge_case,-1,Dry_Senescent_Foliage,external_edge_case,turmeric_senescent_field_edge_case,dace29e7eac37e1f093ac06f0f143515,194478
DS02_EDGE_DRY_Dry Leaf00080.JPG,Dataset_02_Mendeley,Dry Leaf00080.JPG,turmeric_datasets\dataset_02\original\Turmeric Plant Disease\Dry Leaf\Dry Leaf00080.JPG,turmeric_senescent_edge_case,-1,Dry_Senescent_Foliage,external_edge_case,turmeric_senescent_field_edge_case,928c473ac0819e19c9cfe6aa8ec1027e,206963
DS02_EDGE_DRY_Dry Leaf00081.JPG,Dataset_02_Mendeley,Dry Leaf00081.JPG,turmeric_datasets\dataset_02\original\Turmeric Plant Disease\Dry Leaf\Dry Leaf00081.JPG,turmeric_senescent_edge_case,-1,Dry_Senescent_Foliage,external_edge_case,turmeric_senescent_field_edge_case,9023ec04594d8e5472b9e52809f1323d,188185
DS02_EDGE_DRY_Dry Leaf00082.JPG,Dataset_02_Mendeley,Dry Leaf00082.JPG,turmeric_datasets\dataset_02\original\Turmeric Plant Disease\Dry Leaf\Dry Leaf00082.JPG,turmeric_senescent_edge_case,-1,Dry_Senescent_Foliage,external_edge_case,turmeric_senescent_field_edge_case,41f048a86a9b52b0bc96f2c2f43b67e3,191368
DS02_EDGE_DRY_Dry Leaf00083.JPG,Dataset_02_Mendeley,Dry Leaf00083.JPG,turmeric_datasets\dataset_02\original\Turmeric Plant Disease\Dry Leaf\Dry Leaf00083.JPG,turmeric_senescent_edge_case,-1,Dry_Senescent_Foliage,external_edge_case,turmeric_senescent_field_edge_case,873f640d55b06064e8b4b250230b793f,227500
DS02_EDGE_DRY_Dry Leaf00084.JPG,Dataset_02_Mendeley,Dry Leaf00084.JPG,turmeric_datasets\dataset_02\original\Turmeric Plant Disease\Dry Leaf\Dry Leaf00084.JPG,turmeric_senescent_edge_case,-1,Dry_Senescent_Foliage,external_edge_case,turmeric_senescent_field_edge_case,8717501fb5e738f2de682e93b106599a,179806
DS02_EDGE_DRY_Dry Leaf00085.JPG,Dataset_02_Mendeley,Dry Leaf00085.JPG,turmeric_datasets\dataset_02\original\Turmeric Plant Disease\Dry Leaf\Dry Leaf00085.JPG,turmeric_senescent_edge_case,-1,Dry_Senescent_Foliage,external_edge_case,turmeric_senescent_field_edge_case,3d68bd00067577f51992882edf7c6d3f,199876
DS02_EDGE_DRY_Dry Leaf00086.JPG,Dataset_02_Mendeley,Dry Leaf00086.JPG,turmeric_datasets\dataset_02\original\Turmeric Plant Disease\Dry Leaf\Dry Leaf00086.JPG,turmeric_senescent_edge_case,-1,Dry_Senescent_Foliage,external_edge_case,turmeric_senescent_field_edge_case,6bf48327b93f772139b97f17524147f1,203493
DS02_EDGE_DRY_Dry Leaf00087.JPG,Dataset_02_Mendeley,Dry Leaf00087.JPG,turmeric_datasets\dataset_02\original\Turmeric Plant Disease\Dry Leaf\Dry Leaf00087.JPG,turmeric_senescent_edge_case,-1,Dry_Senescent_Foliage,external_edge_case,turmeric_senescent_field_edge_case,40d62da9a281f31c08654a9249e483a7,228534
DS02_EDGE_DRY_Dry Leaf00088.JPG,Dataset_02_Mendeley,Dry Leaf00088.JPG,turmeric_datasets\dataset_02\original\Turmeric Plant Disease\Dry Leaf\Dry Leaf00088.JPG,turmeric_senescent_edge_case,-1,Dry_Senescent_Foliage,external_edge_case,turmeric_senescent_field_edge_case,8d8bc9de472790d01f2cbdb5b4d3d80a,199272
DS02_EDGE_DRY_Dry Leaf00089.JPG,Dataset_02_Mendeley,Dry Leaf00089.JPG,turmeric_datasets\dataset_02\original\Turmeric Plant Disease\Dry Leaf\Dry Leaf00089.JPG,turmeric_senescent_edge_case,-1,Dry_Senescent_Foliage,external_edge_case,turmeric_senescent_field_edge_case,9dea56faa257d9b51f3c493b542a1f1b,201792
DS02_EDGE_DRY_Dry Leaf00090.JPG,Dataset_02_Mendeley,Dry Leaf00090.JPG,turmeric_datasets\dataset_02\original\Turmeric Plant Disease\Dry Leaf\Dry Leaf00090.JPG,turmeric_senescent_edge_case,-1,Dry_Senescent_Foliage,external_edge_case,turmeric_senescent_field_edge_case,e6fcb987c57764e8860f191690a743a2,183521
DS02_EDGE_DRY_Dry Leaf00091.JPG,Dataset_02_Mendeley,Dry Leaf00091.JPG,turmeric_datasets\dataset_02\original\Turmeric Plant Disease\Dry Leaf\Dry Leaf00091.JPG,turmeric_senescent_edge_case,-1,Dry_Senescent_Foliage,external_edge_case,turmeric_senescent_field_edge_case,def3ef0e8955a1c831be15179fceffd2,179754
DS02_EDGE_DRY_Dry Leaf00092.JPG,Dataset_02_Mendeley,Dry Leaf00092.JPG,turmeric_datasets\dataset_02\original\Turmeric Plant Disease\Dry Leaf\Dry Leaf00092.JPG,turmeric_senescent_edge_case,-1,Dry_Senescent_Foliage,external_edge_case,turmeric_senescent_field_edge_case,7e2d3dc4175fb431ac0fa143076e4b4b,241058
DS02_EDGE_DRY_Dry Leaf00093.JPG,Dataset_02_Mendeley,Dry Leaf00093.JPG,turmeric_datasets\dataset_02\original\Turmeric Plant Disease\Dry Leaf\Dry Leaf00093.JPG,turmeric_senescent_edge_case,-1,Dry_Senescent_Foliage,external_edge_case,turmeric_senescent_field_edge_case,9f67c40c4f169ff7e14e92bdb88a4518,192587
DS02_EDGE_DRY_Dry Leaf00094.JPG,Dataset_02_Mendeley,Dry Leaf00094.JPG,turmeric_datasets\dataset_02\original\Turmeric Plant Disease\Dry Leaf\Dry Leaf00094.JPG,turmeric_senescent_edge_case,-1,Dry_Senescent_Foliage,external_edge_case,turmeric_senescent_field_edge_case,30b568960788304a1ba46bfd3e8c22b4,177997
DS02_EDGE_DRY_Dry Leaf00095.JPG,Dataset_02_Mendeley,Dry Leaf00095.JPG,turmeric_datasets\dataset_02\original\Turmeric Plant Disease\Dry Leaf\Dry Leaf00095.JPG,turmeric_senescent_edge_case,-1,Dry_Senescent_Foliage,external_edge_case,turmeric_senescent_field_edge_case,ca9c81cbbf5980cb18fb9d67dc7f462b,214721
DS02_EDGE_DRY_Dry Leaf00096.JPG,Dataset_02_Mendeley,Dry Leaf00096.JPG,turmeric_datasets\dataset_02\original\Turmeric Plant Disease\Dry Leaf\Dry Leaf00096.JPG,turmeric_senescent_edge_case,-1,Dry_Senescent_Foliage,external_edge_case,turmeric_senescent_field_edge_case,1bc1aca2cb7aeaa98cc76936fff7bb5e,184388
DS02_EDGE_DRY_Dry Leaf00097.JPG,Dataset_02_Mendeley,Dry Leaf00097.JPG,turmeric_datasets\dataset_02\original\Turmeric Plant Disease\Dry Leaf\Dry Leaf00097.JPG,turmeric_senescent_edge_case,-1,Dry_Senescent_Foliage,external_edge_case,turmeric_senescent_field_edge_case,2d29a66a63d5959aaa67cd3d2ac2c5d2,223257
DS02_EDGE_DRY_Dry Leaf00098.JPG,Dataset_02_Mendeley,Dry Leaf00098.JPG,turmeric_datasets\dataset_02\original\Turmeric Plant Disease\Dry Leaf\Dry Leaf00098.JPG,turmeric_senescent_edge_case,-1,Dry_Senescent_Foliage,external_edge_case,turmeric_senescent_field_edge_case,ca01907b0f5d70c928a3f0d4e62fc44b,228457
DS02_EDGE_DRY_Dry Leaf00099.JPG,Dataset_02_Mendeley,Dry Leaf00099.JPG,turmeric_datasets\dataset_02\original\Turmeric Plant Disease\Dry Leaf\Dry Leaf00099.JPG,turmeric_senescent_edge_case,-1,Dry_Senescent_Foliage,external_edge_case,turmeric_senescent_field_edge_case,a6069d0167481c27b08164d736dd7a6a,194515
DS02_EDGE_DRY_Dry Leaf00100.JPG,Dataset_02_Mendeley,Dry Leaf00100.JPG,turmeric_datasets\dataset_02\original\Turmeric Plant Disease\Dry Leaf\Dry Leaf00100.JPG,turmeric_senescent_edge_case,-1,Dry_Senescent_Foliage,external_edge_case,turmeric_senescent_field_edge_case,2052a0a3c9e8e66c802aef9c4693b7f2,166581
DS02_EDGE_DRY_Dry Leaf00101.JPG,Dataset_02_Mendeley,Dry Leaf00101.JPG,turmeric_datasets\dataset_02\original\Turmeric Plant Disease\Dry Leaf\Dry Leaf00101.JPG,turmeric_senescent_edge_case,-1,Dry_Senescent_Foliage,external_edge_case,turmeric_senescent_field_edge_case,ff09f5fa82b273806accd41539365d9f,255049
DS02_EDGE_DRY_Dry Leaf00102.JPG,Dataset_02_Mendeley,Dry Leaf00102.JPG,turmeric_datasets\dataset_02\original\Turmeric Plant Disease\Dry Leaf\Dry Leaf00102.JPG,turmeric_senescent_edge_case,-1,Dry_Senescent_Foliage,external_edge_case,turmeric_senescent_field_edge_case,8e1d18b1481d9abece1a3ce49bfb99cd,216294
DS02_EDGE_DRY_Dry Leaf00103.JPG,Dataset_02_Mendeley,Dry Leaf00103.JPG,turmeric_datasets\dataset_02\original\Turmeric Plant Disease\Dry Leaf\Dry Leaf00103.JPG,turmeric_senescent_edge_case,-1,Dry_Senescent_Foliage,external_edge_case,turmeric_senescent_field_edge_case,21256ff20ac053ed347c76ba69b4077e,199833
DS02_EDGE_DRY_Dry Leaf00104.JPG,Dataset_02_Mendeley,Dry Leaf00104.JPG,turmeric_datasets\dataset_02\original\Turmeric Plant Disease\Dry Leaf\Dry Leaf00104.JPG,turmeric_senescent_edge_case,-1,Dry_Senescent_Foliage,external_edge_case,turmeric_senescent_field_edge_case,d5d194fd694a153daeaef936a9836592,206075
DS02_EDGE_DRY_Dry Leaf00105.JPG,Dataset_02_Mendeley,Dry Leaf00105.JPG,turmeric_datasets\dataset_02\original\Turmeric Plant Disease\Dry Leaf\Dry Leaf00105.JPG,turmeric_senescent_edge_case,-1,Dry_Senescent_Foliage,external_edge_case,turmeric_senescent_field_edge_case,e78c0a7e3a6e1c200541fed7e50fb5ef,168311
DS02_EDGE_DRY_Dry Leaf00106.JPG,Dataset_02_Mendeley,Dry Leaf00106.JPG,turmeric_datasets\dataset_02\original\Turmeric Plant Disease\Dry Leaf\Dry Leaf00106.JPG,turmeric_senescent_edge_case,-1,Dry_Senescent_Foliage,external_edge_case,turmeric_senescent_field_edge_case,def6e0e7bd74aa7b83ddecffa51cf9aa,166483
DS02_EDGE_DRY_Dry Leaf00107.JPG,Dataset_02_Mendeley,Dry Leaf00107.JPG,turmeric_datasets\dataset_02\original\Turmeric Plant Disease\Dry Leaf\Dry Leaf00107.JPG,turmeric_senescent_edge_case,-1,Dry_Senescent_Foliage,external_edge_case,turmeric_senescent_field_edge_case,092b31e5e0bf0258d0368eca9d5f1fc5,155812
DS02_EDGE_DRY_Dry Leaf00108.JPG,Dataset_02_Mendeley,Dry Leaf00108.JPG,turmeric_datasets\dataset_02\original\Turmeric Plant Disease\Dry Leaf\Dry Leaf00108.JPG,turmeric_senescent_edge_case,-1,Dry_Senescent_Foliage,external_edge_case,turmeric_senescent_field_edge_case,95c6e17c1b3801da96f2e5a36a6f62d5,178557
DS02_EDGE_DRY_Dry Leaf00109.JPG,Dataset_02_Mendeley,Dry Leaf00109.JPG,turmeric_datasets\dataset_02\original\Turmeric Plant Disease\Dry Leaf\Dry Leaf00109.JPG,turmeric_senescent_edge_case,-1,Dry_Senescent_Foliage,external_edge_case,turmeric_senescent_field_edge_case,9fcad4c6be33fe98c2cce4bf170b4a89,144990
DS02_EDGE_DRY_Dry Leaf00110.JPG,Dataset_02_Mendeley,Dry Leaf00110.JPG,turmeric_datasets\dataset_02\original\Turmeric Plant Disease\Dry Leaf\Dry Leaf00110.JPG,turmeric_senescent_edge_case,-1,Dry_Senescent_Foliage,external_edge_case,turmeric_senescent_field_edge_case,80ae562579114ca36dc0e500d2c7766a,188698
DS02_EDGE_DRY_Dry Leaf00111.JPG,Dataset_02_Mendeley,Dry Leaf00111.JPG,turmeric_datasets\dataset_02\original\Turmeric Plant Disease\Dry Leaf\Dry Leaf00111.JPG,turmeric_senescent_edge_case,-1,Dry_Senescent_Foliage,external_edge_case,turmeric_senescent_field_edge_case,3b7dd40a146c3f24ce7cf12f5edd1592,120822
DS02_EDGE_DRY_Dry Leaf00112.JPG,Dataset_02_Mendeley,Dry Leaf00112.JPG,turmeric_datasets\dataset_02\original\Turmeric Plant Disease\Dry Leaf\Dry Leaf00112.JPG,turmeric_senescent_edge_case,-1,Dry_Senescent_Foliage,external_edge_case,turmeric_senescent_field_edge_case,53a58956cd760e10dcfa7aa38a4b28e5,174883
DS02_EDGE_DRY_Dry Leaf00113.JPG,Dataset_02_Mendeley,Dry Leaf00113.JPG,turmeric_datasets\dataset_02\original\Turmeric Plant Disease\Dry Leaf\Dry Leaf00113.JPG,turmeric_senescent_edge_case,-1,Dry_Senescent_Foliage,external_edge_case,turmeric_senescent_field_edge_case,3a08c48096b1fe891c438358cbb5e6da,189268
DS02_EDGE_DRY_Dry Leaf00114.JPG,Dataset_02_Mendeley,Dry Leaf00114.JPG,turmeric_datasets\dataset_02\original\Turmeric Plant Disease\Dry Leaf\Dry Leaf00114.JPG,turmeric_senescent_edge_case,-1,Dry_Senescent_Foliage,external_edge_case,turmeric_senescent_field_edge_case,803a13e512aa6667caafcb3ee7e5c0d7,167690
DS02_EDGE_DRY_Dry Leaf00115.JPG,Dataset_02_Mendeley,Dry Leaf00115.JPG,turmeric_datasets\dataset_02\original\Turmeric Plant Disease\Dry Leaf\Dry Leaf00115.JPG,turmeric_senescent_edge_case,-1,Dry_Senescent_Foliage,external_edge_case,turmeric_senescent_field_edge_case,2d5cdf3cf41517d8f06ec93a88592819,163438
DS02_EDGE_DRY_Dry Leaf00116.JPG,Dataset_02_Mendeley,Dry Leaf00116.JPG,turmeric_datasets\dataset_02\original\Turmeric Plant Disease\Dry Leaf\Dry Leaf00116.JPG,turmeric_senescent_edge_case,-1,Dry_Senescent_Foliage,external_edge_case,turmeric_senescent_field_edge_case,38b6734e0d93a7ae90d7777952a23b71,171022
DS02_EDGE_DRY_Dry Leaf00117.JPG,Dataset_02_Mendeley,Dry Leaf00117.JPG,turmeric_datasets\dataset_02\original\Turmeric Plant Disease\Dry Leaf\Dry Leaf00117.JPG,turmeric_senescent_edge_case,-1,Dry_Senescent_Foliage,external_edge_case,turmeric_senescent_field_edge_case,6cee16f041718dac6cbbbf2d9e90e414,169265
DS02_EDGE_DRY_Dry Leaf00118.JPG,Dataset_02_Mendeley,Dry Leaf00118.JPG,turmeric_datasets\dataset_02\original\Turmeric Plant Disease\Dry Leaf\Dry Leaf00118.JPG,turmeric_senescent_edge_case,-1,Dry_Senescent_Foliage,external_edge_case,turmeric_senescent_field_edge_case,115d6ad417b26e73ecd840299bbd331f,166611
DS02_EDGE_DRY_Dry Leaf00119.JPG,Dataset_02_Mendeley,Dry Leaf00119.JPG,turmeric_datasets\dataset_02\original\Turmeric Plant Disease\Dry Leaf\Dry Leaf00119.JPG,turmeric_senescent_edge_case,-1,Dry_Senescent_Foliage,external_edge_case,turmeric_senescent_field_edge_case,b403f8d9f143d810f3fa4d97e4d21391,203434
DS02_EDGE_DRY_Dry Leaf00120.JPG,Dataset_02_Mendeley,Dry Leaf00120.JPG,turmeric_datasets\dataset_02\original\Turmeric Plant Disease\Dry Leaf\Dry Leaf00120.JPG,turmeric_senescent_edge_case,-1,Dry_Senescent_Foliage,external_edge_case,turmeric_senescent_field_edge_case,fc9ed3de12a2f7aaed8b805b1006a712,225582
DS02_EDGE_DRY_Dry Leaf00121.JPG,Dataset_02_Mendeley,Dry Leaf00121.JPG,turmeric_datasets\dataset_02\original\Turmeric Plant Disease\Dry Leaf\Dry Leaf00121.JPG,turmeric_senescent_edge_case,-1,Dry_Senescent_Foliage,external_edge_case,turmeric_senescent_field_edge_case,15a320a35ffde910bdef339e4ecbbbe8,206315
DS02_EDGE_DRY_Dry Leaf00122.JPG,Dataset_02_Mendeley,Dry Leaf00122.JPG,turmeric_datasets\dataset_02\original\Turmeric Plant Disease\Dry Leaf\Dry Leaf00122.JPG,turmeric_senescent_edge_case,-1,Dry_Senescent_Foliage,external_edge_case,turmeric_senescent_field_edge_case,0dc60030f7d293702c301d06340d428d,211054
DS02_EDGE_DRY_Dry Leaf00123.JPG,Dataset_02_Mendeley,Dry Leaf00123.JPG,turmeric_datasets\dataset_02\original\Turmeric Plant Disease\Dry Leaf\Dry Leaf00123.JPG,turmeric_senescent_edge_case,-1,Dry_Senescent_Foliage,external_edge_case,turmeric_senescent_field_edge_case,96bbc8f1bb77e5e939bbaa782f5a3c13,224416
DS02_EDGE_DRY_Dry Leaf00124.JPG,Dataset_02_Mendeley,Dry Leaf00124.JPG,turmeric_datasets\dataset_02\original\Turmeric Plant Disease\Dry Leaf\Dry Leaf00124.JPG,turmeric_senescent_edge_case,-1,Dry_Senescent_Foliage,external_edge_case,turmeric_senescent_field_edge_case,379c9f4f8fbf8eb12aa774f92d88c791,204338
DS02_EDGE_DRY_Dry Leaf00125.JPG,Dataset_02_Mendeley,Dry Leaf00125.JPG,turmeric_datasets\dataset_02\original\Turmeric Plant Disease\Dry Leaf\Dry Leaf00125.JPG,turmeric_senescent_edge_case,-1,Dry_Senescent_Foliage,external_edge_case,turmeric_senescent_field_edge_case,e7d10e73d4029913b536c797954abc16,252109
DS02_EDGE_DRY_Dry Leaf00126.JPG,Dataset_02_Mendeley,Dry Leaf00126.JPG,turmeric_datasets\dataset_02\original\Turmeric Plant Disease\Dry Leaf\Dry Leaf00126.JPG,turmeric_senescent_edge_case,-1,Dry_Senescent_Foliage,external_edge_case,turmeric_senescent_field_edge_case,542e249752260d202cd052d42b519110,198003
DS02_EDGE_DRY_Dry Leaf00127.JPG,Dataset_02_Mendeley,Dry Leaf00127.JPG,turmeric_datasets\dataset_02\original\Turmeric Plant Disease\Dry Leaf\Dry Leaf00127.JPG,turmeric_senescent_edge_case,-1,Dry_Senescent_Foliage,external_edge_case,turmeric_senescent_field_edge_case,dd5cb69a6dd1f0cf457532e862893970,185773
DS02_EDGE_DRY_Dry Leaf00128.JPG,Dataset_02_Mendeley,Dry Leaf00128.JPG,turmeric_datasets\dataset_02\original\Turmeric Plant Disease\Dry Leaf\Dry Leaf00128.JPG,turmeric_senescent_edge_case,-1,Dry_Senescent_Foliage,external_edge_case,turmeric_senescent_field_edge_case,aea933c90b34b58a56e198d9b8ec4ad6,170115
DS02_EDGE_DRY_Dry Leaf00129.JPG,Dataset_02_Mendeley,Dry Leaf00129.JPG,turmeric_datasets\dataset_02\original\Turmeric Plant Disease\Dry Leaf\Dry Leaf00129.JPG,turmeric_senescent_edge_case,-1,Dry_Senescent_Foliage,external_edge_case,turmeric_senescent_field_edge_case,2b6c5a23c0268a4dde1381740275d0b0,199319
DS02_EDGE_DRY_Dry Leaf00130.JPG,Dataset_02_Mendeley,Dry Leaf00130.JPG,turmeric_datasets\dataset_02\original\Turmeric Plant Disease\Dry Leaf\Dry Leaf00130.JPG,turmeric_senescent_edge_case,-1,Dry_Senescent_Foliage,external_edge_case,turmeric_senescent_field_edge_case,3f8c494d7d379381dbd7d02f166d66f1,217258
DS02_EDGE_DRY_Dry Leaf00131.JPG,Dataset_02_Mendeley,Dry Leaf00131.JPG,turmeric_datasets\dataset_02\original\Turmeric Plant Disease\Dry Leaf\Dry Leaf00131.JPG,turmeric_senescent_edge_case,-1,Dry_Senescent_Foliage,external_edge_case,turmeric_senescent_field_edge_case,30af89b0efd6ac59e9c1e451abfdb44d,173346
DS02_EDGE_DRY_Dry Leaf00132.JPG,Dataset_02_Mendeley,Dry Leaf00132.JPG,turmeric_datasets\dataset_02\original\Turmeric Plant Disease\Dry Leaf\Dry Leaf00132.JPG,turmeric_senescent_edge_case,-1,Dry_Senescent_Foliage,external_edge_case,turmeric_senescent_field_edge_case,d804dba04eac1b2763d48b3637bcc836,165733
DS02_EDGE_DRY_Dry Leaf00133.JPG,Dataset_02_Mendeley,Dry Leaf00133.JPG,turmeric_datasets\dataset_02\original\Turmeric Plant Disease\Dry Leaf\Dry Leaf00133.JPG,turmeric_senescent_edge_case,-1,Dry_Senescent_Foliage,external_edge_case,turmeric_senescent_field_edge_case,82f187332a407577a210094302593830,182758
DS02_EDGE_DRY_Dry Leaf00134.JPG,Dataset_02_Mendeley,Dry Leaf00134.JPG,turmeric_datasets\dataset_02\original\Turmeric Plant Disease\Dry Leaf\Dry Leaf00134.JPG,turmeric_senescent_edge_case,-1,Dry_Senescent_Foliage,external_edge_case,turmeric_senescent_field_edge_case,33ebe29fbbcd8d73715639b9df03b502,138410
DS02_EDGE_DRY_Dry Leaf00135.JPG,Dataset_02_Mendeley,Dry Leaf00135.JPG,turmeric_datasets\dataset_02\original\Turmeric Plant Disease\Dry Leaf\Dry Leaf00135.JPG,turmeric_senescent_edge_case,-1,Dry_Senescent_Foliage,external_edge_case,turmeric_senescent_field_edge_case,07917b5fafa12f4e7c1723939374f00f,167431
DS02_EDGE_DRY_Dry Leaf00136.JPG,Dataset_02_Mendeley,Dry Leaf00136.JPG,turmeric_datasets\dataset_02\original\Turmeric Plant Disease\Dry Leaf\Dry Leaf00136.JPG,turmeric_senescent_edge_case,-1,Dry_Senescent_Foliage,external_edge_case,turmeric_senescent_field_edge_case,a62fa9fa53074aa0b7fe8674a61329ae,183675
DS02_EDGE_DRY_Dry Leaf00137.JPG,Dataset_02_Mendeley,Dry Leaf00137.JPG,turmeric_datasets\dataset_02\original\Turmeric Plant Disease\Dry Leaf\Dry Leaf00137.JPG,turmeric_senescent_edge_case,-1,Dry_Senescent_Foliage,external_edge_case,turmeric_senescent_field_edge_case,c69716c8199d38b31eaa9c8cec8fd69e,142358
DS02_EDGE_DRY_Dry Leaf00138.JPG,Dataset_02_Mendeley,Dry Leaf00138.JPG,turmeric_datasets\dataset_02\original\Turmeric Plant Disease\Dry Leaf\Dry Leaf00138.JPG,turmeric_senescent_edge_case,-1,Dry_Senescent_Foliage,external_edge_case,turmeric_senescent_field_edge_case,c75e7cbb42e373aa96cc921195650381,182554
DS02_EDGE_DRY_Dry Leaf00139.JPG,Dataset_02_Mendeley,Dry Leaf00139.JPG,turmeric_datasets\dataset_02\original\Turmeric Plant Disease\Dry Leaf\Dry Leaf00139.JPG,turmeric_senescent_edge_case,-1,Dry_Senescent_Foliage,external_edge_case,turmeric_senescent_field_edge_case,6fdc06d3415e4425ba6b26fa3ce0dc23,207925
DS02_EDGE_DRY_Dry Leaf00140.JPG,Dataset_02_Mendeley,Dry Leaf00140.JPG,turmeric_datasets\dataset_02\original\Turmeric Plant Disease\Dry Leaf\Dry Leaf00140.JPG,turmeric_senescent_edge_case,-1,Dry_Senescent_Foliage,external_edge_case,turmeric_senescent_field_edge_case,f3931894bb2c133b036bf852884e4edb,213187
DS02_EDGE_DRY_Dry Leaf00141.JPG,Dataset_02_Mendeley,Dry Leaf00141.JPG,turmeric_datasets\dataset_02\original\Turmeric Plant Disease\Dry Leaf\Dry Leaf00141.JPG,turmeric_senescent_edge_case,-1,Dry_Senescent_Foliage,external_edge_case,turmeric_senescent_field_edge_case,aeb94f8b36f8239580a6582a3535de4c,176594
DS02_EDGE_DRY_Dry Leaf00142.JPG,Dataset_02_Mendeley,Dry Leaf00142.JPG,turmeric_datasets\dataset_02\original\Turmeric Plant Disease\Dry Leaf\Dry Leaf00142.JPG,turmeric_senescent_edge_case,-1,Dry_Senescent_Foliage,external_edge_case,turmeric_senescent_field_edge_case,69f8a0affd06f7e4fbcbc6ed97aff746,213217
DS02_EDGE_DRY_Dry Leaf00143.JPG,Dataset_02_Mendeley,Dry Leaf00143.JPG,turmeric_datasets\dataset_02\original\Turmeric Plant Disease\Dry Leaf\Dry Leaf00143.JPG,turmeric_senescent_edge_case,-1,Dry_Senescent_Foliage,external_edge_case,turmeric_senescent_field_edge_case,fc0e13e8040c7acb9e43970c3b237fe2,181446
DS02_EDGE_DRY_Dry Leaf00144.JPG,Dataset_02_Mendeley,Dry Leaf00144.JPG,turmeric_datasets\dataset_02\original\Turmeric Plant Disease\Dry Leaf\Dry Leaf00144.JPG,turmeric_senescent_edge_case,-1,Dry_Senescent_Foliage,external_edge_case,turmeric_senescent_field_edge_case,d466ccccdccbf83eb4bd715d4e5f5cd3,222521
DS02_EDGE_DRY_Dry Leaf00145.JPG,Dataset_02_Mendeley,Dry Leaf00145.JPG,turmeric_datasets\dataset_02\original\Turmeric Plant Disease\Dry Leaf\Dry Leaf00145.JPG,turmeric_senescent_edge_case,-1,Dry_Senescent_Foliage,external_edge_case,turmeric_senescent_field_edge_case,7730aff3746bbd6d964bd392b614d3a9,183893
DS02_EDGE_DRY_Dry Leaf00146.JPG,Dataset_02_Mendeley,Dry Leaf00146.JPG,turmeric_datasets\dataset_02\original\Turmeric Plant Disease\Dry Leaf\Dry Leaf00146.JPG,turmeric_senescent_edge_case,-1,Dry_Senescent_Foliage,external_edge_case,turmeric_senescent_field_edge_case,5e4b18572bb791d104e8cd110b5cacf1,170304
DS02_EDGE_DRY_Dry Leaf00147.JPG,Dataset_02_Mendeley,Dry Leaf00147.JPG,turmeric_datasets\dataset_02\original\Turmeric Plant Disease\Dry Leaf\Dry Leaf00147.JPG,turmeric_senescent_edge_case,-1,Dry_Senescent_Foliage,external_edge_case,turmeric_senescent_field_edge_case,1ebf98206751b66dc851e019b466440b,200023
DS02_EDGE_DRY_Dry Leaf00148.JPG,Dataset_02_Mendeley,Dry Leaf00148.JPG,turmeric_datasets\dataset_02\original\Turmeric Plant Disease\Dry Leaf\Dry Leaf00148.JPG,turmeric_senescent_edge_case,-1,Dry_Senescent_Foliage,external_edge_case,turmeric_senescent_field_edge_case,3c8a62dc11ceab26a6b9a7b6a37325df,162086
DS02_EDGE_DRY_Dry Leaf00149.JPG,Dataset_02_Mendeley,Dry Leaf00149.JPG,turmeric_datasets\dataset_02\original\Turmeric Plant Disease\Dry Leaf\Dry Leaf00149.JPG,turmeric_senescent_edge_case,-1,Dry_Senescent_Foliage,external_edge_case,turmeric_senescent_field_edge_case,a4332245679a61dcd5e74205973c41f7,200614
DS02_EDGE_DRY_Dry Leaf00150.JPG,Dataset_02_Mendeley,Dry Leaf00150.JPG,turmeric_datasets\dataset_02\original\Turmeric Plant Disease\Dry Leaf\Dry Leaf00150.JPG,turmeric_senescent_edge_case,-1,Dry_Senescent_Foliage,external_edge_case,turmeric_senescent_field_edge_case,d4f3ac7ccf8b27f50f18bb7b13ce3523,203878
DS02_EDGE_DRY_Dry Leaf00151.JPG,Dataset_02_Mendeley,Dry Leaf00151.JPG,turmeric_datasets\dataset_02\original\Turmeric Plant Disease\Dry Leaf\Dry Leaf00151.JPG,turmeric_senescent_edge_case,-1,Dry_Senescent_Foliage,external_edge_case,turmeric_senescent_field_edge_case,839f2e08f92bc491d02e133e136c489e,186226
DS02_EDGE_DRY_Dry Leaf00152.JPG,Dataset_02_Mendeley,Dry Leaf00152.JPG,turmeric_datasets\dataset_02\original\Turmeric Plant Disease\Dry Leaf\Dry Leaf00152.JPG,turmeric_senescent_edge_case,-1,Dry_Senescent_Foliage,external_edge_case,turmeric_senescent_field_edge_case,900b0c0660e7956e823fc2182beb87a7,192662
DS02_EDGE_DRY_Dry Leaf00153.JPG,Dataset_02_Mendeley,Dry Leaf00153.JPG,turmeric_datasets\dataset_02\original\Turmeric Plant Disease\Dry Leaf\Dry Leaf00153.JPG,turmeric_senescent_edge_case,-1,Dry_Senescent_Foliage,external_edge_case,turmeric_senescent_field_edge_case,dbd0771df0539d5ec157023840e22a6c,174414
DS02_EDGE_DRY_Dry Leaf00154.JPG,Dataset_02_Mendeley,Dry Leaf00154.JPG,turmeric_datasets\dataset_02\original\Turmeric Plant Disease\Dry Leaf\Dry Leaf00154.JPG,turmeric_senescent_edge_case,-1,Dry_Senescent_Foliage,external_edge_case,turmeric_senescent_field_edge_case,793e5d3400d31e8d6d14ebebb3028ce3,198531
DS02_EDGE_DRY_Dry Leaf00155.JPG,Dataset_02_Mendeley,Dry Leaf00155.JPG,turmeric_datasets\dataset_02\original\Turmeric Plant Disease\Dry Leaf\Dry Leaf00155.JPG,turmeric_senescent_edge_case,-1,Dry_Senescent_Foliage,external_edge_case,turmeric_senescent_field_edge_case,a9163c2ecb1957ca7ade249ca5f2429b,178202
DS02_EDGE_DRY_Dry Leaf00156.JPG,Dataset_02_Mendeley,Dry Leaf00156.JPG,turmeric_datasets\dataset_02\original\Turmeric Plant Disease\Dry Leaf\Dry Leaf00156.JPG,turmeric_senescent_edge_case,-1,Dry_Senescent_Foliage,external_edge_case,turmeric_senescent_field_edge_case,7aaa925838654c6809f8e64f5ab20ebb,204194
DS02_EDGE_DRY_Dry Leaf00157.JPG,Dataset_02_Mendeley,Dry Leaf00157.JPG,turmeric_datasets\dataset_02\original\Turmeric Plant Disease\Dry Leaf\Dry Leaf00157.JPG,turmeric_senescent_edge_case,-1,Dry_Senescent_Foliage,external_edge_case,turmeric_senescent_field_edge_case,2251c0d829594476627d121ca185ea22,183334
DS02_EDGE_DRY_Dry Leaf00158.JPG,Dataset_02_Mendeley,Dry Leaf00158.JPG,turmeric_datasets\dataset_02\original\Turmeric Plant Disease\Dry Leaf\Dry Leaf00158.JPG,turmeric_senescent_edge_case,-1,Dry_Senescent_Foliage,external_edge_case,turmeric_senescent_field_edge_case,178d958d91a9ae254ac4014591bd82d3,175465
DS02_EDGE_DRY_Dry Leaf00159.JPG,Dataset_02_Mendeley,Dry Leaf00159.JPG,turmeric_datasets\dataset_02\original\Turmeric Plant Disease\Dry Leaf\Dry Leaf00159.JPG,turmeric_senescent_edge_case,-1,Dry_Senescent_Foliage,external_edge_case,turmeric_senescent_field_edge_case,e431a4663908e689b311edda8cd5a7a1,188927
DS02_EDGE_DRY_Dry Leaf00160.JPG,Dataset_02_Mendeley,Dry Leaf00160.JPG,turmeric_datasets\dataset_02\original\Turmeric Plant Disease\Dry Leaf\Dry Leaf00160.JPG,turmeric_senescent_edge_case,-1,Dry_Senescent_Foliage,external_edge_case,turmeric_senescent_field_edge_case,a588ffdd3380b5577b4e46bd5ccc486c,192881
DS02_EDGE_DRY_Dry Leaf00161.JPG,Dataset_02_Mendeley,Dry Leaf00161.JPG,turmeric_datasets\dataset_02\original\Turmeric Plant Disease\Dry Leaf\Dry Leaf00161.JPG,turmeric_senescent_edge_case,-1,Dry_Senescent_Foliage,external_edge_case,turmeric_senescent_field_edge_case,dab25e5125aa20ecf269de2c584afca1,214472
DS02_EDGE_DRY_Dry Leaf00162.JPG,Dataset_02_Mendeley,Dry Leaf00162.JPG,turmeric_datasets\dataset_02\original\Turmeric Plant Disease\Dry Leaf\Dry Leaf00162.JPG,turmeric_senescent_edge_case,-1,Dry_Senescent_Foliage,external_edge_case,turmeric_senescent_field_edge_case,62382a7108d4e4f8039220acbb118acb,185780
DS02_EDGE_DRY_Dry Leaf00163.JPG,Dataset_02_Mendeley,Dry Leaf00163.JPG,turmeric_datasets\dataset_02\original\Turmeric Plant Disease\Dry Leaf\Dry Leaf00163.JPG,turmeric_senescent_edge_case,-1,Dry_Senescent_Foliage,external_edge_case,turmeric_senescent_field_edge_case,3235b91c852dec3db8b97d661c6ea34b,205987
DS02_EDGE_DRY_Dry Leaf00164.JPG,Dataset_02_Mendeley,Dry Leaf00164.JPG,turmeric_datasets\dataset_02\original\Turmeric Plant Disease\Dry Leaf\Dry Leaf00164.JPG,turmeric_senescent_edge_case,-1,Dry_Senescent_Foliage,external_edge_case,turmeric_senescent_field_edge_case,e3c29cd6f6877eb7f6087a9577b12b23,200632
DS02_EDGE_DRY_Dry Leaf00165.JPG,Dataset_02_Mendeley,Dry Leaf00165.JPG,turmeric_datasets\dataset_02\original\Turmeric Plant Disease\Dry Leaf\Dry Leaf00165.JPG,turmeric_senescent_edge_case,-1,Dry_Senescent_Foliage,external_edge_case,turmeric_senescent_field_edge_case,c0176651ff99daaf8c268eb54f8a73d3,192942
DS02_EDGE_DRY_Dry Leaf00166.JPG,Dataset_02_Mendeley,Dry Leaf00166.JPG,turmeric_datasets\dataset_02\original\Turmeric Plant Disease\Dry Leaf\Dry Leaf00166.JPG,turmeric_senescent_edge_case,-1,Dry_Senescent_Foliage,external_edge_case,turmeric_senescent_field_edge_case,40420aaf4f061a5d68ef65ef33524b15,175442
DS02_EDGE_DRY_Dry Leaf00167.JPG,Dataset_02_Mendeley,Dry Leaf00167.JPG,turmeric_datasets\dataset_02\original\Turmeric Plant Disease\Dry Leaf\Dry Leaf00167.JPG,turmeric_senescent_edge_case,-1,Dry_Senescent_Foliage,external_edge_case,turmeric_senescent_field_edge_case,af5a334c4d3df98a8eea52caf0dabd11,184146
DS02_EDGE_DRY_Dry Leaf00168.JPG,Dataset_02_Mendeley,Dry Leaf00168.JPG,turmeric_datasets\dataset_02\original\Turmeric Plant Disease\Dry Leaf\Dry Leaf00168.JPG,turmeric_senescent_edge_case,-1,Dry_Senescent_Foliage,external_edge_case,turmeric_senescent_field_edge_case,8af29f1287d5a2004220bfbb48f55849,181545
DS02_EDGE_DRY_Dry Leaf00169.JPG,Dataset_02_Mendeley,Dry Leaf00169.JPG,turmeric_datasets\dataset_02\original\Turmeric Plant Disease\Dry Leaf\Dry Leaf00169.JPG,turmeric_senescent_edge_case,-1,Dry_Senescent_Foliage,external_edge_case,turmeric_senescent_field_edge_case,fe0a60999c6dbdfb72c8df1073ca70ae,193458
DS02_EDGE_DRY_Dry Leaf00170.JPG,Dataset_02_Mendeley,Dry Leaf00170.JPG,turmeric_datasets\dataset_02\original\Turmeric Plant Disease\Dry Leaf\Dry Leaf00170.JPG,turmeric_senescent_edge_case,-1,Dry_Senescent_Foliage,external_edge_case,turmeric_senescent_field_edge_case,64f57d2fcd457a1b3de6bb351ae88b1c,216980
DS02_EDGE_DRY_Dry Leaf00171.JPG,Dataset_02_Mendeley,Dry Leaf00171.JPG,turmeric_datasets\dataset_02\original\Turmeric Plant Disease\Dry Leaf\Dry Leaf00171.JPG,turmeric_senescent_edge_case,-1,Dry_Senescent_Foliage,external_edge_case,turmeric_senescent_field_edge_case,27d630f229046bcc5a65915c01f2f75f,244737
DS02_EDGE_DRY_Dry Leaf00172.JPG,Dataset_02_Mendeley,Dry Leaf00172.JPG,turmeric_datasets\dataset_02\original\Turmeric Plant Disease\Dry Leaf\Dry Leaf00172.JPG,turmeric_senescent_edge_case,-1,Dry_Senescent_Foliage,external_edge_case,turmeric_senescent_field_edge_case,b8f2b742ec2cc0dde2832c51f2d79946,222428
DS02_EDGE_DRY_Dry Leaf00173.JPG,Dataset_02_Mendeley,Dry Leaf00173.JPG,turmeric_datasets\dataset_02\original\Turmeric Plant Disease\Dry Leaf\Dry Leaf00173.JPG,turmeric_senescent_edge_case,-1,Dry_Senescent_Foliage,external_edge_case,turmeric_senescent_field_edge_case,bc370b0d8ab2f9afcff93acfa685a270,172399
DS02_EDGE_DRY_Dry Leaf00174.JPG,Dataset_02_Mendeley,Dry Leaf00174.JPG,turmeric_datasets\dataset_02\original\Turmeric Plant Disease\Dry Leaf\Dry Leaf00174.JPG,turmeric_senescent_edge_case,-1,Dry_Senescent_Foliage,external_edge_case,turmeric_senescent_field_edge_case,712ffcee3ecb378c482cd6f33a0f0aa7,120327
DS02_EDGE_DRY_Dry Leaf00175.JPG,Dataset_02_Mendeley,Dry Leaf00175.JPG,turmeric_datasets\dataset_02\original\Turmeric Plant Disease\Dry Leaf\Dry Leaf00175.JPG,turmeric_senescent_edge_case,-1,Dry_Senescent_Foliage,external_edge_case,turmeric_senescent_field_edge_case,cf4fa1f46a78737ce3ffd7acc1d765fd,166803
DS02_EDGE_DRY_Dry Leaf00176.JPG,Dataset_02_Mendeley,Dry Leaf00176.JPG,turmeric_datasets\dataset_02\original\Turmeric Plant Disease\Dry Leaf\Dry Leaf00176.JPG,turmeric_senescent_edge_case,-1,Dry_Senescent_Foliage,external_edge_case,turmeric_senescent_field_edge_case,a90bc5b452b27cd1babd1762bae72871,190306
DS02_EDGE_DRY_Dry Leaf00177.JPG,Dataset_02_Mendeley,Dry Leaf00177.JPG,turmeric_datasets\dataset_02\original\Turmeric Plant Disease\Dry Leaf\Dry Leaf00177.JPG,turmeric_senescent_edge_case,-1,Dry_Senescent_Foliage,external_edge_case,turmeric_senescent_field_edge_case,de520c011f729f84db1049603cd41212,181416
DS02_EDGE_DRY_Dry Leaf00178.JPG,Dataset_02_Mendeley,Dry Leaf00178.JPG,turmeric_datasets\dataset_02\original\Turmeric Plant Disease\Dry Leaf\Dry Leaf00178.JPG,turmeric_senescent_edge_case,-1,Dry_Senescent_Foliage,external_edge_case,turmeric_senescent_field_edge_case,be4b9f8e20937564821a56acb9779d0e,184167
DS02_EDGE_DRY_Dry Leaf00179.JPG,Dataset_02_Mendeley,Dry Leaf00179.JPG,turmeric_datasets\dataset_02\original\Turmeric Plant Disease\Dry Leaf\Dry Leaf00179.JPG,turmeric_senescent_edge_case,-1,Dry_Senescent_Foliage,external_edge_case,turmeric_senescent_field_edge_case,85e7e311f3d39ab4f6eb0ba3637b3db9,178178
DS02_EDGE_DRY_Dry Leaf00180.JPG,Dataset_02_Mendeley,Dry Leaf00180.JPG,turmeric_datasets\dataset_02\original\Turmeric Plant Disease\Dry Leaf\Dry Leaf00180.JPG,turmeric_senescent_edge_case,-1,Dry_Senescent_Foliage,external_edge_case,turmeric_senescent_field_edge_case,15442bc2ac379b777e6ac3c543f82972,194914
DS02_EDGE_DRY_Dry Leaf00181.JPG,Dataset_02_Mendeley,Dry Leaf00181.JPG,turmeric_datasets\dataset_02\original\Turmeric Plant Disease\Dry Leaf\Dry Leaf00181.JPG,turmeric_senescent_edge_case,-1,Dry_Senescent_Foliage,external_edge_case,turmeric_senescent_field_edge_case,651f4177b511212737ee267f8e91d874,175848
DS02_EDGE_DRY_Dry Leaf00182.JPG,Dataset_02_Mendeley,Dry Leaf00182.JPG,turmeric_datasets\dataset_02\original\Turmeric Plant Disease\Dry Leaf\Dry Leaf00182.JPG,turmeric_senescent_edge_case,-1,Dry_Senescent_Foliage,external_edge_case,turmeric_senescent_field_edge_case,7f742618e6cace7d9990a8e079d3d010,184780
DS02_EDGE_DRY_Dry Leaf00183.JPG,Dataset_02_Mendeley,Dry Leaf00183.JPG,turmeric_datasets\dataset_02\original\Turmeric Plant Disease\Dry Leaf\Dry Leaf00183.JPG,turmeric_senescent_edge_case,-1,Dry_Senescent_Foliage,external_edge_case,turmeric_senescent_field_edge_case,af10dac169bad776e7957aeb8544b881,174999
DS02_EDGE_DRY_Dry Leaf00184.JPG,Dataset_02_Mendeley,Dry Leaf00184.JPG,turmeric_datasets\dataset_02\original\Turmeric Plant Disease\Dry Leaf\Dry Leaf00184.JPG,turmeric_senescent_edge_case,-1,Dry_Senescent_Foliage,external_edge_case,turmeric_senescent_field_edge_case,89800c6b12123a450a0f82625a327006,157133
DS02_EDGE_DRY_Dry Leaf00185.JPG,Dataset_02_Mendeley,Dry Leaf00185.JPG,turmeric_datasets\dataset_02\original\Turmeric Plant Disease\Dry Leaf\Dry Leaf00185.JPG,turmeric_senescent_edge_case,-1,Dry_Senescent_Foliage,external_edge_case,turmeric_senescent_field_edge_case,7463b822b7cf6996af2d20b5b1905f69,176198
DS02_EDGE_DRY_Dry Leaf00186.JPG,Dataset_02_Mendeley,Dry Leaf00186.JPG,turmeric_datasets\dataset_02\original\Turmeric Plant Disease\Dry Leaf\Dry Leaf00186.JPG,turmeric_senescent_edge_case,-1,Dry_Senescent_Foliage,external_edge_case,turmeric_senescent_field_edge_case,1dac2a3ff990a72faae0356b57334fb1,247377
DS02_EDGE_DRY_Dry Leaf00187.JPG,Dataset_02_Mendeley,Dry Leaf00187.JPG,turmeric_datasets\dataset_02\original\Turmeric Plant Disease\Dry Leaf\Dry Leaf00187.JPG,turmeric_senescent_edge_case,-1,Dry_Senescent_Foliage,external_edge_case,turmeric_senescent_field_edge_case,6d308e333b9b9d307c41f4d88e7fcf99,202711
DS02_EDGE_DRY_Dry Leaf00188.JPG,Dataset_02_Mendeley,Dry Leaf00188.JPG,turmeric_datasets\dataset_02\original\Turmeric Plant Disease\Dry Leaf\Dry Leaf00188.JPG,turmeric_senescent_edge_case,-1,Dry_Senescent_Foliage,external_edge_case,turmeric_senescent_field_edge_case,6bb3d24660ac176d7ea95c5ed5d05c11,214424
DS02_EDGE_DRY_Dry Leaf00189.JPG,Dataset_02_Mendeley,Dry Leaf00189.JPG,turmeric_datasets\dataset_02\original\Turmeric Plant Disease\Dry Leaf\Dry Leaf00189.JPG,turmeric_senescent_edge_case,-1,Dry_Senescent_Foliage,external_edge_case,turmeric_senescent_field_edge_case,62f67b3818a8cfc3d583fd9cef54c512,219280
DS02_EDGE_DRY_Dry Leaf00190.JPG,Dataset_02_Mendeley,Dry Leaf00190.JPG,turmeric_datasets\dataset_02\original\Turmeric Plant Disease\Dry Leaf\Dry Leaf00190.JPG,turmeric_senescent_edge_case,-1,Dry_Senescent_Foliage,external_edge_case,turmeric_senescent_field_edge_case,297d8ba7118217e1cb54229457d48194,197435
DS02_EDGE_DRY_Dry Leaf00191.JPG,Dataset_02_Mendeley,Dry Leaf00191.JPG,turmeric_datasets\dataset_02\original\Turmeric Plant Disease\Dry Leaf\Dry Leaf00191.JPG,turmeric_senescent_edge_case,-1,Dry_Senescent_Foliage,external_edge_case,turmeric_senescent_field_edge_case,fdbf3b68e9dd1209a1283fefa2c87a61,185708
DS02_EDGE_DRY_Dry Leaf00192.JPG,Dataset_02_Mendeley,Dry Leaf00192.JPG,turmeric_datasets\dataset_02\original\Turmeric Plant Disease\Dry Leaf\Dry Leaf00192.JPG,turmeric_senescent_edge_case,-1,Dry_Senescent_Foliage,external_edge_case,turmeric_senescent_field_edge_case,10166534168c5681a716dc70690aec32,178053
DS02_EDGE_DRY_Dry Leaf00193.JPG,Dataset_02_Mendeley,Dry Leaf00193.JPG,turmeric_datasets\dataset_02\original\Turmeric Plant Disease\Dry Leaf\Dry Leaf00193.JPG,turmeric_senescent_edge_case,-1,Dry_Senescent_Foliage,external_edge_case,turmeric_senescent_field_edge_case,b0467eb0dbe61a51676cbeaeb85e7f82,217056
DS02_EDGE_DRY_Dry Leaf00194.JPG,Dataset_02_Mendeley,Dry Leaf00194.JPG,turmeric_datasets\dataset_02\original\Turmeric Plant Disease\Dry Leaf\Dry Leaf00194.JPG,turmeric_senescent_edge_case,-1,Dry_Senescent_Foliage,external_edge_case,turmeric_senescent_field_edge_case,557df002c0dffb8bfd08690998cbbc87,201476
DS02_EDGE_DRY_Dry Leaf00195.JPG,Dataset_02_Mendeley,Dry Leaf00195.JPG,turmeric_datasets\dataset_02\original\Turmeric Plant Disease\Dry Leaf\Dry Leaf00195.JPG,turmeric_senescent_edge_case,-1,Dry_Senescent_Foliage,external_edge_case,turmeric_senescent_field_edge_case,c8597e00ae62fce586adec878ae8cd48,214607
DS02_EDGE_DRY_Dry Leaf00196.JPG,Dataset_02_Mendeley,Dry Leaf00196.JPG,turmeric_datasets\dataset_02\original\Turmeric Plant Disease\Dry Leaf\Dry Leaf00196.JPG,turmeric_senescent_edge_case,-1,Dry_Senescent_Foliage,external_edge_case,turmeric_senescent_field_edge_case,a9293de7ffdf7de19ea2b7b21fd1567b,174790
DS02_EDGE_DRY_Dry Leaf00197.JPG,Dataset_02_Mendeley,Dry Leaf00197.JPG,turmeric_datasets\dataset_02\original\Turmeric Plant Disease\Dry Leaf\Dry Leaf00197.JPG,turmeric_senescent_edge_case,-1,Dry_Senescent_Foliage,external_edge_case,turmeric_senescent_field_edge_case,61d4b383f666134b81f7b4f0549e93ef,233089
DS02_EDGE_DRY_Dry Leaf00198.JPG,Dataset_02_Mendeley,Dry Leaf00198.JPG,turmeric_datasets\dataset_02\original\Turmeric Plant Disease\Dry Leaf\Dry Leaf00198.JPG,turmeric_senescent_edge_case,-1,Dry_Senescent_Foliage,external_edge_case,turmeric_senescent_field_edge_case,97886e5ad544058578a71897ebb6ee64,183623
DS02_EDGE_DRY_Dry Leaf00199.JPG,Dataset_02_Mendeley,Dry Leaf00199.JPG,turmeric_datasets\dataset_02\original\Turmeric Plant Disease\Dry Leaf\Dry Leaf00199.JPG,turmeric_senescent_edge_case,-1,Dry_Senescent_Foliage,external_edge_case,turmeric_senescent_field_edge_case,9460778edac2744ee1d9f8f89628c1ae,188399
DS02_EDGE_DRY_Dry Leaf00200.JPG,Dataset_02_Mendeley,Dry Leaf00200.JPG,turmeric_datasets\dataset_02\original\Turmeric Plant Disease\Dry Leaf\Dry Leaf00200.JPG,turmeric_senescent_edge_case,-1,Dry_Senescent_Foliage,external_edge_case,turmeric_senescent_field_edge_case,8be641835d2d6f3a7df344ab194a9555,189376
DS02_EDGE_DRY_Dry Leaf00201.JPG,Dataset_02_Mendeley,Dry Leaf00201.JPG,turmeric_datasets\dataset_02\original\Turmeric Plant Disease\Dry Leaf\Dry Leaf00201.JPG,turmeric_senescent_edge_case,-1,Dry_Senescent_Foliage,external_edge_case,turmeric_senescent_field_edge_case,8e10b89a041ab9a6b7dc9429995365e1,182303
DS02_EDGE_DRY_Dry Leaf00202.JPG,Dataset_02_Mendeley,Dry Leaf00202.JPG,turmeric_datasets\dataset_02\original\Turmeric Plant Disease\Dry Leaf\Dry Leaf00202.JPG,turmeric_senescent_edge_case,-1,Dry_Senescent_Foliage,external_edge_case,turmeric_senescent_field_edge_case,3a521b87613e9ac87013ba931f51dd0d,181797
DS02_EDGE_DRY_Dry Leaf00203.JPG,Dataset_02_Mendeley,Dry Leaf00203.JPG,turmeric_datasets\dataset_02\original\Turmeric Plant Disease\Dry Leaf\Dry Leaf00203.JPG,turmeric_senescent_edge_case,-1,Dry_Senescent_Foliage,external_edge_case,turmeric_senescent_field_edge_case,89ca498bfd665d85fd5624a165c9d57d,174393
DS02_TR_RHIZOME_Rhizome Disease Root00161.JPG,Dataset_02_Mendeley,Rhizome Disease Root00161.JPG,turmeric_datasets\dataset_02\original\Turmeric Plant Disease\Rhizome Disease Root\Rhizome Disease Root00161.JPG,non_turmeric,0,Rhizome_Disease_Root,train,negative_train_rhizome_specimen,61eb0d71dba2e8ae2487a945e6a70fe8,176809
DS02_TR_RHIZOME_Rhizome Healthy Root00103.JPG,Dataset_02_Mendeley,Rhizome Healthy Root00103.JPG,turmeric_datasets\dataset_02\original\Turmeric Plant Disease\Rhizome Healthy Root\Rhizome Healthy Root00103.JPG,non_turmeric,0,Rhizome_Healthy_Root,train,negative_train_rhizome_specimen,a4163f5ae0ba0100eb7948467bcbf8c0,280149
DS02_TR_RHIZOME_Rhizome Healthy Root00052.JPG,Dataset_02_Mendeley,Rhizome Healthy Root00052.JPG,turmeric_datasets\dataset_02\original\Turmeric Plant Disease\Rhizome Healthy Root\Rhizome Healthy Root00052.JPG,non_turmeric,0,Rhizome_Healthy_Root,train,negative_train_rhizome_specimen,96c8a2a28dc5debdd73f1e62a8eb3336,199344
DS02_TR_RHIZOME_Rhizome Disease Root00003.JPG,Dataset_02_Mendeley,Rhizome Disease Root00003.JPG,turmeric_datasets\dataset_02\original\Turmeric Plant Disease\Rhizome Disease Root\Rhizome Disease Root00003.JPG,non_turmeric,0,Rhizome_Disease_Root,train,negative_train_rhizome_specimen,1ab36d330fa2c381f527dfbed777d107,315444
DS02_TR_RHIZOME_Rhizome Healthy Root00277.JPG,Dataset_02_Mendeley,Rhizome Healthy Root00277.JPG,turmeric_datasets\dataset_02\original\Turmeric Plant Disease\Rhizome Healthy Root\Rhizome Healthy Root00277.JPG,non_turmeric,0,Rhizome_Healthy_Root,train,negative_train_rhizome_specimen,42528171d134f59e8bfb31485e8e420e,281750
DS02_TR_RHIZOME_Rhizome Healthy Root00266.JPG,Dataset_02_Mendeley,Rhizome Healthy Root00266.JPG,turmeric_datasets\dataset_02\original\Turmeric Plant Disease\Rhizome Healthy Root\Rhizome Healthy Root00266.JPG,non_turmeric,0,Rhizome_Healthy_Root,train,negative_train_rhizome_specimen,2e76c2a566cfeef26abb5e7b64545442,325971
DS02_TR_RHIZOME_Rhizome Healthy Root00150.JPG,Dataset_02_Mendeley,Rhizome Healthy Root00150.JPG,turmeric_datasets\dataset_02\original\Turmeric Plant Disease\Rhizome Healthy Root\Rhizome Healthy Root00150.JPG,non_turmeric,0,Rhizome_Healthy_Root,train,negative_train_rhizome_specimen,915214dce975c3845b2367da70cef994,330547
DS02_TR_RHIZOME_Rhizome Healthy Root00208.JPG,Dataset_02_Mendeley,Rhizome Healthy Root00208.JPG,turmeric_datasets\dataset_02\original\Turmeric Plant Disease\Rhizome Healthy Root\Rhizome Healthy Root00208.JPG,non_turmeric,0,Rhizome_Healthy_Root,train,negative_train_rhizome_specimen,1af8123b892479eeebc3ba165a16d33f,239559
DS02_TR_RHIZOME_Rhizome Healthy Root00298.JPG,Dataset_02_Mendeley,Rhizome Healthy Root00298.JPG,turmeric_datasets\dataset_02\original\Turmeric Plant Disease\Rhizome Healthy Root\Rhizome Healthy Root00298.JPG,non_turmeric,0,Rhizome_Healthy_Root,train,negative_train_rhizome_specimen,96e7e4f8c83b2713a9b2ebdd6fdc3735,249589
DS02_TR_RHIZOME_Rhizome Disease Root00156.JPG,Dataset_02_Mendeley,Rhizome Disease Root00156.JPG,turmeric_datasets\dataset_02\original\Turmeric Plant Disease\Rhizome Disease Root\Rhizome Disease Root00156.JPG,non_turmeric,0,Rhizome_Disease_Root,train,negative_train_rhizome_specimen,0cb3df3e28dd674cf519724caed71542,142923
DS02_TR_RHIZOME_Rhizome Healthy Root00110.JPG,Dataset_02_Mendeley,Rhizome Healthy Root00110.JPG,turmeric_datasets\dataset_02\original\Turmeric Plant Disease\Rhizome Healthy Root\Rhizome Healthy Root00110.JPG,non_turmeric,0,Rhizome_Healthy_Root,train,negative_train_rhizome_specimen,e91d9b8c2282eeafce97aa8f237591d5,280875
DS02_TR_RHIZOME_Rhizome Healthy Root00104.JPG,Dataset_02_Mendeley,Rhizome Healthy Root00104.JPG,turmeric_datasets\dataset_02\original\Turmeric Plant Disease\Rhizome Healthy Root\Rhizome Healthy Root00104.JPG,non_turmeric,0,Rhizome_Healthy_Root,train,negative_train_rhizome_specimen,0cd48a0bcc84928ed9f31c5121bf9c30,290808
DS02_TR_RHIZOME_Rhizome Healthy Root00181.JPG,Dataset_02_Mendeley,Rhizome Healthy Root00181.JPG,turmeric_datasets\dataset_02\original\Turmeric Plant Disease\Rhizome Healthy Root\Rhizome Healthy Root00181.JPG,non_turmeric,0,Rhizome_Healthy_Root,train,negative_train_rhizome_specimen,183d1d7b90accd4bac2743bb46042027,292761
DS02_TR_RHIZOME_Rhizome Healthy Root00270.JPG,Dataset_02_Mendeley,Rhizome Healthy Root00270.JPG,turmeric_datasets\dataset_02\original\Turmeric Plant Disease\Rhizome Healthy Root\Rhizome Healthy Root00270.JPG,non_turmeric,0,Rhizome_Healthy_Root,train,negative_train_rhizome_specimen,f77d5fba7da419aced191b704ba3bef6,328353
DS02_TR_RHIZOME_Rhizome Healthy Root00126.JPG,Dataset_02_Mendeley,Rhizome Healthy Root00126.JPG,turmeric_datasets\dataset_02\original\Turmeric Plant Disease\Rhizome Healthy Root\Rhizome Healthy Root00126.JPG,non_turmeric,0,Rhizome_Healthy_Root,train,negative_train_rhizome_specimen,72510e2026842c6a143527075e227e71,375465
DS02_TR_RHIZOME_Rhizome Healthy Root00257.JPG,Dataset_02_Mendeley,Rhizome Healthy Root00257.JPG,turmeric_datasets\dataset_02\original\Turmeric Plant Disease\Rhizome Healthy Root\Rhizome Healthy Root00257.JPG,non_turmeric,0,Rhizome_Healthy_Root,train,negative_train_rhizome_specimen,645f1ca3e01f7d47831401928609213c,289266
DS02_TR_RHIZOME_Rhizome Disease Root00022.JPG,Dataset_02_Mendeley,Rhizome Disease Root00022.JPG,turmeric_datasets\dataset_02\original\Turmeric Plant Disease\Rhizome Disease Root\Rhizome Disease Root00022.JPG,non_turmeric,0,Rhizome_Disease_Root,train,negative_train_rhizome_specimen,b99608ac2076ba1f42d5164af85c48d0,260663
DS02_TR_RHIZOME_Rhizome Healthy Root00209.JPG,Dataset_02_Mendeley,Rhizome Healthy Root00209.JPG,turmeric_datasets\dataset_02\original\Turmeric Plant Disease\Rhizome Healthy Root\Rhizome Healthy Root00209.JPG,non_turmeric,0,Rhizome_Healthy_Root,train,negative_train_rhizome_specimen,0025561ec87e3406bf90c27a1914454f,284827
DS02_TR_RHIZOME_Rhizome Healthy Root00123.JPG,Dataset_02_Mendeley,Rhizome Healthy Root00123.JPG,turmeric_datasets\dataset_02\original\Turmeric Plant Disease\Rhizome Healthy Root\Rhizome Healthy Root00123.JPG,non_turmeric,0,Rhizome_Healthy_Root,train,negative_train_rhizome_specimen,bd3c7cccb876a777c7cdaf4768b75690,337837
DS02_TR_RHIZOME_Rhizome Healthy Root00154.JPG,Dataset_02_Mendeley,Rhizome Healthy Root00154.JPG,turmeric_datasets\dataset_02\original\Turmeric Plant Disease\Rhizome Healthy Root\Rhizome Healthy Root00154.JPG,non_turmeric,0,Rhizome_Healthy_Root,train,negative_train_rhizome_specimen,d704274391c6d9ecbbc966b3ebd5c076,302678
DS02_TR_RHIZOME_Rhizome Disease Root00023.JPG,Dataset_02_Mendeley,Rhizome Disease Root00023.JPG,turmeric_datasets\dataset_02\original\Turmeric Plant Disease\Rhizome Disease Root\Rhizome Disease Root00023.JPG,non_turmeric,0,Rhizome_Disease_Root,train,negative_train_rhizome_specimen,18f8da59dff1907e5e560d0cd0382f1b,234968
DS02_TR_RHIZOME_Rhizome Healthy Root00175.JPG,Dataset_02_Mendeley,Rhizome Healthy Root00175.JPG,turmeric_datasets\dataset_02\original\Turmeric Plant Disease\Rhizome Healthy Root\Rhizome Healthy Root00175.JPG,non_turmeric,0,Rhizome_Healthy_Root,train,negative_train_rhizome_specimen,6528b96b3491083d183fe7f8db98f0c3,360882
DS02_TR_RHIZOME_Rhizome Disease Root00163.JPG,Dataset_02_Mendeley,Rhizome Disease Root00163.JPG,turmeric_datasets\dataset_02\original\Turmeric Plant Disease\Rhizome Disease Root\Rhizome Disease Root00163.JPG,non_turmeric,0,Rhizome_Disease_Root,train,negative_train_rhizome_specimen,9c171eb301f5d842d8dbf7f6c2a40571,205153
DS02_TR_RHIZOME_Rhizome Healthy Root00185.JPG,Dataset_02_Mendeley,Rhizome Healthy Root00185.JPG,turmeric_datasets\dataset_02\original\Turmeric Plant Disease\Rhizome Healthy Root\Rhizome Healthy Root00185.JPG,non_turmeric,0,Rhizome_Healthy_Root,train,negative_train_rhizome_specimen,c6d90d04ad13434584269ae54b7c3e58,292590
DS02_TR_RHIZOME_Rhizome Healthy Root00219.JPG,Dataset_02_Mendeley,Rhizome Healthy Root00219.JPG,turmeric_datasets\dataset_02\original\Turmeric Plant Disease\Rhizome Healthy Root\Rhizome Healthy Root00219.JPG,non_turmeric,0,Rhizome_Healthy_Root,train,negative_train_rhizome_specimen,8ccb32959816672e4c987a555821b1bf,309760
DS02_TR_RHIZOME_Rhizome Healthy Root00237.JPG,Dataset_02_Mendeley,Rhizome Healthy Root00237.JPG,turmeric_datasets\dataset_02\original\Turmeric Plant Disease\Rhizome Healthy Root\Rhizome Healthy Root00237.JPG,non_turmeric,0,Rhizome_Healthy_Root,train,negative_train_rhizome_specimen,775105bdadb581d190ca159289e63ee6,393098
DS02_TR_RHIZOME_Rhizome Healthy Root00166.JPG,Dataset_02_Mendeley,Rhizome Healthy Root00166.JPG,turmeric_datasets\dataset_02\original\Turmeric Plant Disease\Rhizome Healthy Root\Rhizome Healthy Root00166.JPG,non_turmeric,0,Rhizome_Healthy_Root,train,negative_train_rhizome_specimen,7d2d701a8571aafcdafe5dafbdcbf553,366633
DS02_TR_RHIZOME_Rhizome Healthy Root00198.JPG,Dataset_02_Mendeley,Rhizome Healthy Root00198.JPG,turmeric_datasets\dataset_02\original\Turmeric Plant Disease\Rhizome Healthy Root\Rhizome Healthy Root00198.JPG,non_turmeric,0,Rhizome_Healthy_Root,train,negative_train_rhizome_specimen,97327b3e277166ba6650c6955e1249ca,260795
DS02_TR_RHIZOME_Rhizome Disease Root00150.JPG,Dataset_02_Mendeley,Rhizome Disease Root00150.JPG,turmeric_datasets\dataset_02\original\Turmeric Plant Disease\Rhizome Disease Root\Rhizome Disease Root00150.JPG,non_turmeric,0,Rhizome_Disease_Root,train,negative_train_rhizome_specimen,b8fdab6fb04d49dc337197d8a03e4a47,207526
DS02_TR_RHIZOME_Rhizome Healthy Root00177.JPG,Dataset_02_Mendeley,Rhizome Healthy Root00177.JPG,turmeric_datasets\dataset_02\original\Turmeric Plant Disease\Rhizome Healthy Root\Rhizome Healthy Root00177.JPG,non_turmeric,0,Rhizome_Healthy_Root,train,negative_train_rhizome_specimen,5446bc428f0d313c0a7af8ebfb34baec,306231
DS02_TR_RHIZOME_Rhizome Disease Root00060.JPG,Dataset_02_Mendeley,Rhizome Disease Root00060.JPG,turmeric_datasets\dataset_02\original\Turmeric Plant Disease\Rhizome Disease Root\Rhizome Disease Root00060.JPG,non_turmeric,0,Rhizome_Disease_Root,train,negative_train_rhizome_specimen,d4c4a845495826b1dbdd087ee3b741b1,282679
DS02_TR_RHIZOME_Rhizome Healthy Root00234.JPG,Dataset_02_Mendeley,Rhizome Healthy Root00234.JPG,turmeric_datasets\dataset_02\original\Turmeric Plant Disease\Rhizome Healthy Root\Rhizome Healthy Root00234.JPG,non_turmeric,0,Rhizome_Healthy_Root,train,negative_train_rhizome_specimen,dbd95418c9e224ceba3442909e7b766e,343755
DS02_TR_RHIZOME_Rhizome Disease Root00126.JPG,Dataset_02_Mendeley,Rhizome Disease Root00126.JPG,turmeric_datasets\dataset_02\original\Turmeric Plant Disease\Rhizome Disease Root\Rhizome Disease Root00126.JPG,non_turmeric,0,Rhizome_Disease_Root,train,negative_train_rhizome_specimen,603fe38ed287e22ae4e8f2e04be098ab,183160
DS02_TR_RHIZOME_Rhizome Healthy Root00176.JPG,Dataset_02_Mendeley,Rhizome Healthy Root00176.JPG,turmeric_datasets\dataset_02\original\Turmeric Plant Disease\Rhizome Healthy Root\Rhizome Healthy Root00176.JPG,non_turmeric,0,Rhizome_Healthy_Root,train,negative_train_rhizome_specimen,807e000140db1283a44a6a4b2237a453,343998
DS02_TR_RHIZOME_Rhizome Healthy Root00224.JPG,Dataset_02_Mendeley,Rhizome Healthy Root00224.JPG,turmeric_datasets\dataset_02\original\Turmeric Plant Disease\Rhizome Healthy Root\Rhizome Healthy Root00224.JPG,non_turmeric,0,Rhizome_Healthy_Root,train,negative_train_rhizome_specimen,c6b375e18d5162e6757fca004d225676,320826
DS02_TR_RHIZOME_Rhizome Healthy Root00089.JPG,Dataset_02_Mendeley,Rhizome Healthy Root00089.JPG,turmeric_datasets\dataset_02\original\Turmeric Plant Disease\Rhizome Healthy Root\Rhizome Healthy Root00089.JPG,non_turmeric,0,Rhizome_Healthy_Root,train,negative_train_rhizome_specimen,29be855f7a68f5fb33bb1608020ce8d8,321348
DS02_TR_RHIZOME_Rhizome Healthy Root00265.JPG,Dataset_02_Mendeley,Rhizome Healthy Root00265.JPG,turmeric_datasets\dataset_02\original\Turmeric Plant Disease\Rhizome Healthy Root\Rhizome Healthy Root00265.JPG,non_turmeric,0,Rhizome_Healthy_Root,train,negative_train_rhizome_specimen,af543112a717094a8bd1ffffa89663f6,325552
DS02_TR_RHIZOME_Rhizome Healthy Root00071.JPG,Dataset_02_Mendeley,Rhizome Healthy Root00071.JPG,turmeric_datasets\dataset_02\original\Turmeric Plant Disease\Rhizome Healthy Root\Rhizome Healthy Root00071.JPG,non_turmeric,0,Rhizome_Healthy_Root,train,negative_train_rhizome_specimen,591ca9098e802b25acb426bcae61e5b9,297972
DS02_TR_RHIZOME_Rhizome Disease Root00104.JPG,Dataset_02_Mendeley,Rhizome Disease Root00104.JPG,turmeric_datasets\dataset_02\original\Turmeric Plant Disease\Rhizome Disease Root\Rhizome Disease Root00104.JPG,non_turmeric,0,Rhizome_Disease_Root,train,negative_train_rhizome_specimen,139e389543f8542bf798dc459c083a57,216731
DS02_TR_RHIZOME_Rhizome Healthy Root00148.JPG,Dataset_02_Mendeley,Rhizome Healthy Root00148.JPG,turmeric_datasets\dataset_02\original\Turmeric Plant Disease\Rhizome Healthy Root\Rhizome Healthy Root00148.JPG,non_turmeric,0,Rhizome_Healthy_Root,train,negative_train_rhizome_specimen,33b3783f4ea53ff639e2bada66f4be3a,321871
DS02_TR_RHIZOME_Rhizome Healthy Root00242.JPG,Dataset_02_Mendeley,Rhizome Healthy Root00242.JPG,turmeric_datasets\dataset_02\original\Turmeric Plant Disease\Rhizome Healthy Root\Rhizome Healthy Root00242.JPG,non_turmeric,0,Rhizome_Healthy_Root,train,negative_train_rhizome_specimen,2233f470c6fb7a07b3d396f1aaa73438,355332
DS02_TR_RHIZOME_Rhizome Healthy Root00048.JPG,Dataset_02_Mendeley,Rhizome Healthy Root00048.JPG,turmeric_datasets\dataset_02\original\Turmeric Plant Disease\Rhizome Healthy Root\Rhizome Healthy Root00048.JPG,non_turmeric,0,Rhizome_Healthy_Root,train,negative_train_rhizome_specimen,27eb3236f98a2ca6daf30c49a0011d21,239222
DS02_TR_RHIZOME_Rhizome Disease Root00129.JPG,Dataset_02_Mendeley,Rhizome Disease Root00129.JPG,turmeric_datasets\dataset_02\original\Turmeric Plant Disease\Rhizome Disease Root\Rhizome Disease Root00129.JPG,non_turmeric,0,Rhizome_Disease_Root,train,negative_train_rhizome_specimen,75005ea4799119560692a4778375cadc,171084
DS02_TR_RHIZOME_Rhizome Healthy Root00004.JPG,Dataset_02_Mendeley,Rhizome Healthy Root00004.JPG,turmeric_datasets\dataset_02\original\Turmeric Plant Disease\Rhizome Healthy Root\Rhizome Healthy Root00004.JPG,non_turmeric,0,Rhizome_Healthy_Root,train,negative_train_rhizome_specimen,0929d68452f408a7a3fcd13e1d46933b,255205
DS02_TR_RHIZOME_Rhizome Healthy Root00088.JPG,Dataset_02_Mendeley,Rhizome Healthy Root00088.JPG,turmeric_datasets\dataset_02\original\Turmeric Plant Disease\Rhizome Healthy Root\Rhizome Healthy Root00088.JPG,non_turmeric,0,Rhizome_Healthy_Root,train,negative_train_rhizome_specimen,c2f7afe5ff53b8ebba2d724f5b8555dd,319237
DS02_TR_RHIZOME_Rhizome Disease Root00128.JPG,Dataset_02_Mendeley,Rhizome Disease Root00128.JPG,turmeric_datasets\dataset_02\original\Turmeric Plant Disease\Rhizome Disease Root\Rhizome Disease Root00128.JPG,non_turmeric,0,Rhizome_Disease_Root,train,negative_train_rhizome_specimen,7f7054710188e6d09e4bd9eeaf6066ef,142567
DS02_TR_RHIZOME_Rhizome Disease Root00007.JPG,Dataset_02_Mendeley,Rhizome Disease Root00007.JPG,turmeric_datasets\dataset_02\original\Turmeric Plant Disease\Rhizome Disease Root\Rhizome Disease Root00007.JPG,non_turmeric,0,Rhizome_Disease_Root,train,negative_train_rhizome_specimen,8a7b17e30cc9269d002ead77caf3344a,225653
DS02_TR_RHIZOME_Rhizome Healthy Root00007.JPG,Dataset_02_Mendeley,Rhizome Healthy Root00007.JPG,turmeric_datasets\dataset_02\original\Turmeric Plant Disease\Rhizome Healthy Root\Rhizome Healthy Root00007.JPG,non_turmeric,0,Rhizome_Healthy_Root,train,negative_train_rhizome_specimen,5bb1bc75801e663bc465e6cf8214aa61,337493
DS02_TR_RHIZOME_Rhizome Healthy Root00010.JPG,Dataset_02_Mendeley,Rhizome Healthy Root00010.JPG,turmeric_datasets\dataset_02\original\Turmeric Plant Disease\Rhizome Healthy Root\Rhizome Healthy Root00010.JPG,non_turmeric,0,Rhizome_Healthy_Root,train,negative_train_rhizome_specimen,2b9ea05ee7bb5bab969a3fdee4eff5f0,278438
DS02_TR_RHIZOME_Rhizome Healthy Root00109.JPG,Dataset_02_Mendeley,Rhizome Healthy Root00109.JPG,turmeric_datasets\dataset_02\original\Turmeric Plant Disease\Rhizome Healthy Root\Rhizome Healthy Root00109.JPG,non_turmeric,0,Rhizome_Healthy_Root,train,negative_train_rhizome_specimen,5a0319664bece63975dc2be92443185e,284547
DS02_TR_RHIZOME_Rhizome Healthy Root00064.JPG,Dataset_02_Mendeley,Rhizome Healthy Root00064.JPG,turmeric_datasets\dataset_02\original\Turmeric Plant Disease\Rhizome Healthy Root\Rhizome Healthy Root00064.JPG,non_turmeric,0,Rhizome_Healthy_Root,train,negative_train_rhizome_specimen,3faa38c02411f1e8c3fe3ef710f1fbfc,299890
DS02_TR_RHIZOME_Rhizome Healthy Root00231.JPG,Dataset_02_Mendeley,Rhizome Healthy Root00231.JPG,turmeric_datasets\dataset_02\original\Turmeric Plant Disease\Rhizome Healthy Root\Rhizome Healthy Root00231.JPG,non_turmeric,0,Rhizome_Healthy_Root,train,negative_train_rhizome_specimen,0438c27218904c1a94830749cc148b16,257750
DS02_TR_RHIZOME_Rhizome Healthy Root00056.JPG,Dataset_02_Mendeley,Rhizome Healthy Root00056.JPG,turmeric_datasets\dataset_02\original\Turmeric Plant Disease\Rhizome Healthy Root\Rhizome Healthy Root00056.JPG,non_turmeric,0,Rhizome_Healthy_Root,train,negative_train_rhizome_specimen,490bae5aa9402e6b2e6cfd000186602f,221847
DS02_TR_RHIZOME_Rhizome Disease Root00083.JPG,Dataset_02_Mendeley,Rhizome Disease Root00083.JPG,turmeric_datasets\dataset_02\original\Turmeric Plant Disease\Rhizome Disease Root\Rhizome Disease Root00083.JPG,non_turmeric,0,Rhizome_Disease_Root,train,negative_train_rhizome_specimen,63a3f871cf3bef188eb886df36d81ca0,184094
DS02_TR_RHIZOME_Rhizome Disease Root00072.JPG,Dataset_02_Mendeley,Rhizome Disease Root00072.JPG,turmeric_datasets\dataset_02\original\Turmeric Plant Disease\Rhizome Disease Root\Rhizome Disease Root00072.JPG,non_turmeric,0,Rhizome_Disease_Root,train,negative_train_rhizome_specimen,cf8815b86a8dd2904d14ac4a378485f4,178491
DS02_TR_RHIZOME_Rhizome Disease Root00113.JPG,Dataset_02_Mendeley,Rhizome Disease Root00113.JPG,turmeric_datasets\dataset_02\original\Turmeric Plant Disease\Rhizome Disease Root\Rhizome Disease Root00113.JPG,non_turmeric,0,Rhizome_Disease_Root,train,negative_train_rhizome_specimen,450bb88248520fd3c69cc48d39a227b4,223498
DS02_TR_RHIZOME_Rhizome Healthy Root00153.JPG,Dataset_02_Mendeley,Rhizome Healthy Root00153.JPG,turmeric_datasets\dataset_02\original\Turmeric Plant Disease\Rhizome Healthy Root\Rhizome Healthy Root00153.JPG,non_turmeric,0,Rhizome_Healthy_Root,train,negative_train_rhizome_specimen,705b5b489ad4c22a66e20091ff37274d,295583
DS02_TR_RHIZOME_Rhizome Healthy Root00190.JPG,Dataset_02_Mendeley,Rhizome Healthy Root00190.JPG,turmeric_datasets\dataset_02\original\Turmeric Plant Disease\Rhizome Healthy Root\Rhizome Healthy Root00190.JPG,non_turmeric,0,Rhizome_Healthy_Root,train,negative_train_rhizome_specimen,9badc60308c6e81cc639ce6832e77b39,237327
DS02_TR_RHIZOME_Rhizome Healthy Root00136.JPG,Dataset_02_Mendeley,Rhizome Healthy Root00136.JPG,turmeric_datasets\dataset_02\original\Turmeric Plant Disease\Rhizome Healthy Root\Rhizome Healthy Root00136.JPG,non_turmeric,0,Rhizome_Healthy_Root,train,negative_train_rhizome_specimen,da6de09be173570dfb1ef3b29187f513,331907
DS02_TR_RHIZOME_Rhizome Healthy Root00117.JPG,Dataset_02_Mendeley,Rhizome Healthy Root00117.JPG,turmeric_datasets\dataset_02\original\Turmeric Plant Disease\Rhizome Healthy Root\Rhizome Healthy Root00117.JPG,non_turmeric,0,Rhizome_Healthy_Root,train,negative_train_rhizome_specimen,61fb9cd0020dfbcf447ca97fe0654fc7,271865
DS02_TR_RHIZOME_Rhizome Disease Root00080.JPG,Dataset_02_Mendeley,Rhizome Disease Root00080.JPG,turmeric_datasets\dataset_02\original\Turmeric Plant Disease\Rhizome Disease Root\Rhizome Disease Root00080.JPG,non_turmeric,0,Rhizome_Disease_Root,train,negative_train_rhizome_specimen,091c2ea644b7adeb489b864bef05012a,263403
DS02_TR_RHIZOME_Rhizome Healthy Root00024.JPG,Dataset_02_Mendeley,Rhizome Healthy Root00024.JPG,turmeric_datasets\dataset_02\original\Turmeric Plant Disease\Rhizome Healthy Root\Rhizome Healthy Root00024.JPG,non_turmeric,0,Rhizome_Healthy_Root,train,negative_train_rhizome_specimen,786e825c82669ef3033363f54404fbbb,155394
DS02_TR_RHIZOME_Rhizome Disease Root00059.JPG,Dataset_02_Mendeley,Rhizome Disease Root00059.JPG,turmeric_datasets\dataset_02\original\Turmeric Plant Disease\Rhizome Disease Root\Rhizome Disease Root00059.JPG,non_turmeric,0,Rhizome_Disease_Root,train,negative_train_rhizome_specimen,1d9d294a035b544117f5f67d2b952037,267315
DS02_TR_RHIZOME_Rhizome Healthy Root00312.JPG,Dataset_02_Mendeley,Rhizome Healthy Root00312.JPG,turmeric_datasets\dataset_02\original\Turmeric Plant Disease\Rhizome Healthy Root\Rhizome Healthy Root00312.JPG,non_turmeric,0,Rhizome_Healthy_Root,train,negative_train_rhizome_specimen,bbdbe2506ca581f0c9dee8b2a28786d5,216158
DS02_TR_RHIZOME_Rhizome Healthy Root00211.JPG,Dataset_02_Mendeley,Rhizome Healthy Root00211.JPG,turmeric_datasets\dataset_02\original\Turmeric Plant Disease\Rhizome Healthy Root\Rhizome Healthy Root00211.JPG,non_turmeric,0,Rhizome_Healthy_Root,train,negative_train_rhizome_specimen,b5859b478ca049e8634ad9a6f1af2172,232065
DS02_TR_RHIZOME_Rhizome Healthy Root00191.JPG,Dataset_02_Mendeley,Rhizome Healthy Root00191.JPG,turmeric_datasets\dataset_02\original\Turmeric Plant Disease\Rhizome Healthy Root\Rhizome Healthy Root00191.JPG,non_turmeric,0,Rhizome_Healthy_Root,train,negative_train_rhizome_specimen,550c3d87ba95de02a9e5e2535d2870db,248627
DS02_TR_RHIZOME_Rhizome Healthy Root00014.JPG,Dataset_02_Mendeley,Rhizome Healthy Root00014.JPG,turmeric_datasets\dataset_02\original\Turmeric Plant Disease\Rhizome Healthy Root\Rhizome Healthy Root00014.JPG,non_turmeric,0,Rhizome_Healthy_Root,train,negative_train_rhizome_specimen,c44797518ce2bc845d6a79c494d7ae06,270511
DS02_TR_RHIZOME_Rhizome Healthy Root00009.JPG,Dataset_02_Mendeley,Rhizome Healthy Root00009.JPG,turmeric_datasets\dataset_02\original\Turmeric Plant Disease\Rhizome Healthy Root\Rhizome Healthy Root00009.JPG,non_turmeric,0,Rhizome_Healthy_Root,train,negative_train_rhizome_specimen,30c5b1f1d489ca92e77b78e7ff5b4c22,258912
DS02_TR_RHIZOME_Rhizome Disease Root00033.JPG,Dataset_02_Mendeley,Rhizome Disease Root00033.JPG,turmeric_datasets\dataset_02\original\Turmeric Plant Disease\Rhizome Disease Root\Rhizome Disease Root00033.JPG,non_turmeric,0,Rhizome_Disease_Root,train,negative_train_rhizome_specimen,21a05e180a739096f7df4ac4353b2d26,241071
DS02_TR_RHIZOME_Rhizome Disease Root00124.JPG,Dataset_02_Mendeley,Rhizome Disease Root00124.JPG,turmeric_datasets\dataset_02\original\Turmeric Plant Disease\Rhizome Disease Root\Rhizome Disease Root00124.JPG,non_turmeric,0,Rhizome_Disease_Root,train,negative_train_rhizome_specimen,f5db4e8bf9a5f4b7fbc9e9f4e6c104a2,217158
DS02_TR_RHIZOME_Rhizome Healthy Root00194.JPG,Dataset_02_Mendeley,Rhizome Healthy Root00194.JPG,turmeric_datasets\dataset_02\original\Turmeric Plant Disease\Rhizome Healthy Root\Rhizome Healthy Root00194.JPG,non_turmeric,0,Rhizome_Healthy_Root,train,negative_train_rhizome_specimen,65044afc420ff5cda03ea43201d26011,317216
DS02_TR_RHIZOME_Rhizome Disease Root00036.JPG,Dataset_02_Mendeley,Rhizome Disease Root00036.JPG,turmeric_datasets\dataset_02\original\Turmeric Plant Disease\Rhizome Disease Root\Rhizome Disease Root00036.JPG,non_turmeric,0,Rhizome_Disease_Root,train,negative_train_rhizome_specimen,08b574671cbaa54e1df33dfb203a61b4,230332
DS02_TR_RHIZOME_Rhizome Healthy Root00086.JPG,Dataset_02_Mendeley,Rhizome Healthy Root00086.JPG,turmeric_datasets\dataset_02\original\Turmeric Plant Disease\Rhizome Healthy Root\Rhizome Healthy Root00086.JPG,non_turmeric,0,Rhizome_Healthy_Root,train,negative_train_rhizome_specimen,322dd508bc876880380efd8ca655da41,308707
DS02_TR_RHIZOME_Rhizome Disease Root00026.JPG,Dataset_02_Mendeley,Rhizome Disease Root00026.JPG,turmeric_datasets\dataset_02\original\Turmeric Plant Disease\Rhizome Disease Root\Rhizome Disease Root00026.JPG,non_turmeric,0,Rhizome_Disease_Root,train,negative_train_rhizome_specimen,53f22a519838dc59838979604bf58499,288063
DS02_TR_RHIZOME_Rhizome Healthy Root00032.JPG,Dataset_02_Mendeley,Rhizome Healthy Root00032.JPG,turmeric_datasets\dataset_02\original\Turmeric Plant Disease\Rhizome Healthy Root\Rhizome Healthy Root00032.JPG,non_turmeric,0,Rhizome_Healthy_Root,train,negative_train_rhizome_specimen,cc7853f22a79b1373ec2b00ae04a674f,260771
DS02_TR_RHIZOME_Rhizome Healthy Root00200.JPG,Dataset_02_Mendeley,Rhizome Healthy Root00200.JPG,turmeric_datasets\dataset_02\original\Turmeric Plant Disease\Rhizome Healthy Root\Rhizome Healthy Root00200.JPG,non_turmeric,0,Rhizome_Healthy_Root,train,negative_train_rhizome_specimen,a512da5be9dc17e576fdb02b582acf99,283722
DS02_TR_RHIZOME_Rhizome Healthy Root00045.JPG,Dataset_02_Mendeley,Rhizome Healthy Root00045.JPG,turmeric_datasets\dataset_02\original\Turmeric Plant Disease\Rhizome Healthy Root\Rhizome Healthy Root00045.JPG,non_turmeric,0,Rhizome_Healthy_Root,train,negative_train_rhizome_specimen,ac2c9ad1085b186cb21ff1bd3917b340,251689
DS02_TR_RHIZOME_Rhizome Healthy Root00205.JPG,Dataset_02_Mendeley,Rhizome Healthy Root00205.JPG,turmeric_datasets\dataset_02\original\Turmeric Plant Disease\Rhizome Healthy Root\Rhizome Healthy Root00205.JPG,non_turmeric,0,Rhizome_Healthy_Root,train,negative_train_rhizome_specimen,e8ff83e61363bbef38e19620242efd39,240798
DS02_TR_RHIZOME_Rhizome Disease Root00032.JPG,Dataset_02_Mendeley,Rhizome Disease Root00032.JPG,turmeric_datasets\dataset_02\original\Turmeric Plant Disease\Rhizome Disease Root\Rhizome Disease Root00032.JPG,non_turmeric,0,Rhizome_Disease_Root,train,negative_train_rhizome_specimen,d30c530d0337b1b516380e35861a1922,262738
DS02_TR_RHIZOME_Rhizome Healthy Root00108.JPG,Dataset_02_Mendeley,Rhizome Healthy Root00108.JPG,turmeric_datasets\dataset_02\original\Turmeric Plant Disease\Rhizome Healthy Root\Rhizome Healthy Root00108.JPG,non_turmeric,0,Rhizome_Healthy_Root,train,negative_train_rhizome_specimen,9074ab71f8fd962eb6ffd287b498fa4a,269618
DS02_TR_RHIZOME_Rhizome Disease Root00042.JPG,Dataset_02_Mendeley,Rhizome Disease Root00042.JPG,turmeric_datasets\dataset_02\original\Turmeric Plant Disease\Rhizome Disease Root\Rhizome Disease Root00042.JPG,non_turmeric,0,Rhizome_Disease_Root,train,negative_train_rhizome_specimen,2f0c42d1323b35eecbb92b54e4f97f55,227425
DS02_TR_RHIZOME_Rhizome Healthy Root00165.JPG,Dataset_02_Mendeley,Rhizome Healthy Root00165.JPG,turmeric_datasets\dataset_02\original\Turmeric Plant Disease\Rhizome Healthy Root\Rhizome Healthy Root00165.JPG,non_turmeric,0,Rhizome_Healthy_Root,train,negative_train_rhizome_specimen,a6d6aea27c2b2a1bedef7985db37f527,366352
DS02_TR_RHIZOME_Rhizome Healthy Root00213.JPG,Dataset_02_Mendeley,Rhizome Healthy Root00213.JPG,turmeric_datasets\dataset_02\original\Turmeric Plant Disease\Rhizome Healthy Root\Rhizome Healthy Root00213.JPG,non_turmeric,0,Rhizome_Healthy_Root,train,negative_train_rhizome_specimen,e6ce675a0ff3715d2f0965f2c6233392,236673
DS02_TR_RHIZOME_Rhizome Disease Root00091.JPG,Dataset_02_Mendeley,Rhizome Disease Root00091.JPG,turmeric_datasets\dataset_02\original\Turmeric Plant Disease\Rhizome Disease Root\Rhizome Disease Root00091.JPG,non_turmeric,0,Rhizome_Disease_Root,train,negative_train_rhizome_specimen,421a498af66bc6fd5f6aa512284b2674,182029
DS02_TR_RHIZOME_Rhizome Disease Root00109.JPG,Dataset_02_Mendeley,Rhizome Disease Root00109.JPG,turmeric_datasets\dataset_02\original\Turmeric Plant Disease\Rhizome Disease Root\Rhizome Disease Root00109.JPG,non_turmeric,0,Rhizome_Disease_Root,train,negative_train_rhizome_specimen,6c55be12c1e7ee04388a381e2d82e33f,193043
DS02_TR_RHIZOME_Rhizome Healthy Root00107.JPG,Dataset_02_Mendeley,Rhizome Healthy Root00107.JPG,turmeric_datasets\dataset_02\original\Turmeric Plant Disease\Rhizome Healthy Root\Rhizome Healthy Root00107.JPG,non_turmeric,0,Rhizome_Healthy_Root,train,negative_train_rhizome_specimen,1244c6d51eacd00274be7f9c69db6713,271018
DS02_TR_RHIZOME_Rhizome Disease Root00043.JPG,Dataset_02_Mendeley,Rhizome Disease Root00043.JPG,turmeric_datasets\dataset_02\original\Turmeric Plant Disease\Rhizome Disease Root\Rhizome Disease Root00043.JPG,non_turmeric,0,Rhizome_Disease_Root,train,negative_train_rhizome_specimen,b1a0489d025498d1f95c99eb6092aacf,230555
DS02_TR_RHIZOME_Rhizome Healthy Root00230.JPG,Dataset_02_Mendeley,Rhizome Healthy Root00230.JPG,turmeric_datasets\dataset_02\original\Turmeric Plant Disease\Rhizome Healthy Root\Rhizome Healthy Root00230.JPG,non_turmeric,0,Rhizome_Healthy_Root,train,negative_train_rhizome_specimen,22f2aea2045490caa2bbf12d807ed437,313003
DS02_TR_RHIZOME_Rhizome Disease Root00086.JPG,Dataset_02_Mendeley,Rhizome Disease Root00086.JPG,turmeric_datasets\dataset_02\original\Turmeric Plant Disease\Rhizome Disease Root\Rhizome Disease Root00086.JPG,non_turmeric,0,Rhizome_Disease_Root,train,negative_train_rhizome_specimen,7f432a3c9006c73639b2ea9fbe45cd6a,162007
DS02_TR_RHIZOME_Rhizome Healthy Root00184.JPG,Dataset_02_Mendeley,Rhizome Healthy Root00184.JPG,turmeric_datasets\dataset_02\original\Turmeric Plant Disease\Rhizome Healthy Root\Rhizome Healthy Root00184.JPG,non_turmeric,0,Rhizome_Healthy_Root,train,negative_train_rhizome_specimen,1c2b44e746e5ae0317adfc45b3aa3f7a,293979
DS02_TR_RHIZOME_Rhizome Disease Root00082.JPG,Dataset_02_Mendeley,Rhizome Disease Root00082.JPG,turmeric_datasets\dataset_02\original\Turmeric Plant Disease\Rhizome Disease Root\Rhizome Disease Root00082.JPG,non_turmeric,0,Rhizome_Disease_Root,train,negative_train_rhizome_specimen,045989406b01b7910c46d6d57a1df243,179155
DS02_TR_RHIZOME_Rhizome Disease Root00052.JPG,Dataset_02_Mendeley,Rhizome Disease Root00052.JPG,turmeric_datasets\dataset_02\original\Turmeric Plant Disease\Rhizome Disease Root\Rhizome Disease Root00052.JPG,non_turmeric,0,Rhizome_Disease_Root,train,negative_train_rhizome_specimen,e6269322ae015460cdc2fb237fe92dac,199218
DS02_TR_RHIZOME_Rhizome Disease Root00077.JPG,Dataset_02_Mendeley,Rhizome Disease Root00077.JPG,turmeric_datasets\dataset_02\original\Turmeric Plant Disease\Rhizome Disease Root\Rhizome Disease Root00077.JPG,non_turmeric,0,Rhizome_Disease_Root,train,negative_train_rhizome_specimen,94f74a90fc65076b170b0f466fe8dc9f,241019
DS02_TR_RHIZOME_Rhizome Healthy Root00233.JPG,Dataset_02_Mendeley,Rhizome Healthy Root00233.JPG,turmeric_datasets\dataset_02\original\Turmeric Plant Disease\Rhizome Healthy Root\Rhizome Healthy Root00233.JPG,non_turmeric,0,Rhizome_Healthy_Root,train,negative_train_rhizome_specimen,f4e05eb307538cfa6b59d1e8481ba292,264522
DS02_TR_RHIZOME_Rhizome Healthy Root00081.JPG,Dataset_02_Mendeley,Rhizome Healthy Root00081.JPG,turmeric_datasets\dataset_02\original\Turmeric Plant Disease\Rhizome Healthy Root\Rhizome Healthy Root00081.JPG,non_turmeric,0,Rhizome_Healthy_Root,train,negative_train_rhizome_specimen,d606a9e3ff5e6e608315705e06de02c3,316627
DS02_TR_RHIZOME_Rhizome Healthy Root00269.JPG,Dataset_02_Mendeley,Rhizome Healthy Root00269.JPG,turmeric_datasets\dataset_02\original\Turmeric Plant Disease\Rhizome Healthy Root\Rhizome Healthy Root00269.JPG,non_turmeric,0,Rhizome_Healthy_Root,train,negative_train_rhizome_specimen,2482d55d4d37054be094653031625611,311338
DS02_TR_RHIZOME_Rhizome Disease Root00016.JPG,Dataset_02_Mendeley,Rhizome Disease Root00016.JPG,turmeric_datasets\dataset_02\original\Turmeric Plant Disease\Rhizome Disease Root\Rhizome Disease Root00016.JPG,non_turmeric,0,Rhizome_Disease_Root,train,negative_train_rhizome_specimen,de7d96f59298e60e13e336e39b4719da,273479
DS02_TR_RHIZOME_Rhizome Disease Root00088.JPG,Dataset_02_Mendeley,Rhizome Disease Root00088.JPG,turmeric_datasets\dataset_02\original\Turmeric Plant Disease\Rhizome Disease Root\Rhizome Disease Root00088.JPG,non_turmeric,0,Rhizome_Disease_Root,train,negative_train_rhizome_specimen,ec509e6555bb1fa6ec6ed652b3c93d2c,276987
DS02_TR_RHIZOME_Rhizome Healthy Root00160.JPG,Dataset_02_Mendeley,Rhizome Healthy Root00160.JPG,turmeric_datasets\dataset_02\original\Turmeric Plant Disease\Rhizome Healthy Root\Rhizome Healthy Root00160.JPG,non_turmeric,0,Rhizome_Healthy_Root,train,negative_train_rhizome_specimen,babc5e8fd4960bbc19a5479c54b48924,367310
DS02_TR_RHIZOME_Rhizome Healthy Root00041.JPG,Dataset_02_Mendeley,Rhizome Healthy Root00041.JPG,turmeric_datasets\dataset_02\original\Turmeric Plant Disease\Rhizome Healthy Root\Rhizome Healthy Root00041.JPG,non_turmeric,0,Rhizome_Healthy_Root,train,negative_train_rhizome_specimen,0610cb53a0dbf64a301a08c295060f9d,246106
DS02_TR_RHIZOME_Rhizome Disease Root00081.JPG,Dataset_02_Mendeley,Rhizome Disease Root00081.JPG,turmeric_datasets\dataset_02\original\Turmeric Plant Disease\Rhizome Disease Root\Rhizome Disease Root00081.JPG,non_turmeric,0,Rhizome_Disease_Root,train,negative_train_rhizome_specimen,45549ed2999bb23bc10cf2b73d93b03c,244826
DS02_TR_RHIZOME_Rhizome Disease Root00169.JPG,Dataset_02_Mendeley,Rhizome Disease Root00169.JPG,turmeric_datasets\dataset_02\original\Turmeric Plant Disease\Rhizome Disease Root\Rhizome Disease Root00169.JPG,non_turmeric,0,Rhizome_Disease_Root,train,negative_train_rhizome_specimen,a159db479a8faa36c5eb121157e5a5fa,225667
DS02_TR_RHIZOME_Rhizome Healthy Root00141.JPG,Dataset_02_Mendeley,Rhizome Healthy Root00141.JPG,turmeric_datasets\dataset_02\original\Turmeric Plant Disease\Rhizome Healthy Root\Rhizome Healthy Root00141.JPG,non_turmeric,0,Rhizome_Healthy_Root,train,negative_train_rhizome_specimen,5323a4784bae373a1c47489f1de95ec8,345873
DS02_TR_RHIZOME_Rhizome Healthy Root00247.JPG,Dataset_02_Mendeley,Rhizome Healthy Root00247.JPG,turmeric_datasets\dataset_02\original\Turmeric Plant Disease\Rhizome Healthy Root\Rhizome Healthy Root00247.JPG,non_turmeric,0,Rhizome_Healthy_Root,train,negative_train_rhizome_specimen,f8c09686dac974f9803ddcb323e01a11,327512
DS02_TR_RHIZOME_Rhizome Healthy Root00299.JPG,Dataset_02_Mendeley,Rhizome Healthy Root00299.JPG,turmeric_datasets\dataset_02\original\Turmeric Plant Disease\Rhizome Healthy Root\Rhizome Healthy Root00299.JPG,non_turmeric,0,Rhizome_Healthy_Root,train,negative_train_rhizome_specimen,4002d2d7b4ca530f45f185aee5a9ff3b,244201
DS02_TR_RHIZOME_Rhizome Healthy Root00217.JPG,Dataset_02_Mendeley,Rhizome Healthy Root00217.JPG,turmeric_datasets\dataset_02\original\Turmeric Plant Disease\Rhizome Healthy Root\Rhizome Healthy Root00217.JPG,non_turmeric,0,Rhizome_Healthy_Root,train,negative_train_rhizome_specimen,dba33aa74f442f8e75dffcf3dd8d3d63,348492
DS02_TR_RHIZOME_Rhizome Healthy Root00080.JPG,Dataset_02_Mendeley,Rhizome Healthy Root00080.JPG,turmeric_datasets\dataset_02\original\Turmeric Plant Disease\Rhizome Healthy Root\Rhizome Healthy Root00080.JPG,non_turmeric,0,Rhizome_Healthy_Root,train,negative_train_rhizome_specimen,be7b642e5d2811c75f428c8eeabaf22d,299684
DS02_TR_RHIZOME_Rhizome Disease Root00130.JPG,Dataset_02_Mendeley,Rhizome Disease Root00130.JPG,turmeric_datasets\dataset_02\original\Turmeric Plant Disease\Rhizome Disease Root\Rhizome Disease Root00130.JPG,non_turmeric,0,Rhizome_Disease_Root,train,negative_train_rhizome_specimen,7ba9e1ebf8025fc520451a78364092e4,188714
DS02_TR_RHIZOME_Rhizome Disease Root00049.JPG,Dataset_02_Mendeley,Rhizome Disease Root00049.JPG,turmeric_datasets\dataset_02\original\Turmeric Plant Disease\Rhizome Disease Root\Rhizome Disease Root00049.JPG,non_turmeric,0,Rhizome_Disease_Root,train,negative_train_rhizome_specimen,2f3bec02f67f53f5505fd8a7df3c6feb,275605
DS02_TR_RHIZOME_Rhizome Healthy Root00084.JPG,Dataset_02_Mendeley,Rhizome Healthy Root00084.JPG,turmeric_datasets\dataset_02\original\Turmeric Plant Disease\Rhizome Healthy Root\Rhizome Healthy Root00084.JPG,non_turmeric,0,Rhizome_Healthy_Root,train,negative_train_rhizome_specimen,245916f5c6db06a359d392b0f455d3fe,335279
DS02_TR_RHIZOME_Rhizome Disease Root00138.JPG,Dataset_02_Mendeley,Rhizome Disease Root00138.JPG,turmeric_datasets\dataset_02\original\Turmeric Plant Disease\Rhizome Disease Root\Rhizome Disease Root00138.JPG,non_turmeric,0,Rhizome_Disease_Root,train,negative_train_rhizome_specimen,3b03ed3acc3c08f44789852d9814778c,173364
DS02_TR_RHIZOME_Rhizome Healthy Root00183.JPG,Dataset_02_Mendeley,Rhizome Healthy Root00183.JPG,turmeric_datasets\dataset_02\original\Turmeric Plant Disease\Rhizome Healthy Root\Rhizome Healthy Root00183.JPG,non_turmeric,0,Rhizome_Healthy_Root,train,negative_train_rhizome_specimen,4572df65914b549788ed8d1273ac9f4c,291535
DS02_TR_RHIZOME_Rhizome Healthy Root00268.JPG,Dataset_02_Mendeley,Rhizome Healthy Root00268.JPG,turmeric_datasets\dataset_02\original\Turmeric Plant Disease\Rhizome Healthy Root\Rhizome Healthy Root00268.JPG,non_turmeric,0,Rhizome_Healthy_Root,train,negative_train_rhizome_specimen,e11f203dfe7724fe569acb8c1c290ba9,316387
DS02_TR_RHIZOME_Rhizome Disease Root00153.JPG,Dataset_02_Mendeley,Rhizome Disease Root00153.JPG,turmeric_datasets\dataset_02\original\Turmeric Plant Disease\Rhizome Disease Root\Rhizome Disease Root00153.JPG,non_turmeric,0,Rhizome_Disease_Root,train,negative_train_rhizome_specimen,2751a23026ac633c5a2c7286dc206c22,152260
DS02_TR_RHIZOME_Rhizome Healthy Root00111.JPG,Dataset_02_Mendeley,Rhizome Healthy Root00111.JPG,turmeric_datasets\dataset_02\original\Turmeric Plant Disease\Rhizome Healthy Root\Rhizome Healthy Root00111.JPG,non_turmeric,0,Rhizome_Healthy_Root,train,negative_train_rhizome_specimen,e53b7e91c01a2bdef68ab84f6d7bb97c,279789
DS02_TR_RHIZOME_Rhizome Healthy Root00179.JPG,Dataset_02_Mendeley,Rhizome Healthy Root00179.JPG,turmeric_datasets\dataset_02\original\Turmeric Plant Disease\Rhizome Healthy Root\Rhizome Healthy Root00179.JPG,non_turmeric,0,Rhizome_Healthy_Root,train,negative_train_rhizome_specimen,d471fd01d716d3beb0856bd5114512a4,294672
DS02_TR_RHIZOME_Rhizome Disease Root00029.JPG,Dataset_02_Mendeley,Rhizome Disease Root00029.JPG,turmeric_datasets\dataset_02\original\Turmeric Plant Disease\Rhizome Disease Root\Rhizome Disease Root00029.JPG,non_turmeric,0,Rhizome_Disease_Root,train,negative_train_rhizome_specimen,fa636059434886422c31736aed202ef4,227246
DS02_TR_RHIZOME_Rhizome Healthy Root00049.JPG,Dataset_02_Mendeley,Rhizome Healthy Root00049.JPG,turmeric_datasets\dataset_02\original\Turmeric Plant Disease\Rhizome Healthy Root\Rhizome Healthy Root00049.JPG,non_turmeric,0,Rhizome_Healthy_Root,train,negative_train_rhizome_specimen,5451e8e708f6a5faf6295831a0673b2b,248356
DS02_TR_RHIZOME_Rhizome Disease Root00142.JPG,Dataset_02_Mendeley,Rhizome Disease Root00142.JPG,turmeric_datasets\dataset_02\original\Turmeric Plant Disease\Rhizome Disease Root\Rhizome Disease Root00142.JPG,non_turmeric,0,Rhizome_Disease_Root,train,negative_train_rhizome_specimen,7f496b0e3a2031887114d3aeffd63e71,156689
DS02_TR_RHIZOME_Rhizome Disease Root00053.JPG,Dataset_02_Mendeley,Rhizome Disease Root00053.JPG,turmeric_datasets\dataset_02\original\Turmeric Plant Disease\Rhizome Disease Root\Rhizome Disease Root00053.JPG,non_turmeric,0,Rhizome_Disease_Root,train,negative_train_rhizome_specimen,3ebbb6dd3e490f66135eef45ba316f6a,192841
DS02_TR_RHIZOME_Rhizome Disease Root00041.JPG,Dataset_02_Mendeley,Rhizome Disease Root00041.JPG,turmeric_datasets\dataset_02\original\Turmeric Plant Disease\Rhizome Disease Root\Rhizome Disease Root00041.JPG,non_turmeric,0,Rhizome_Disease_Root,train,negative_train_rhizome_specimen,5660770a8c9b1f677786bd94895cd05a,223303
DS02_TR_RHIZOME_Rhizome Healthy Root00061.JPG,Dataset_02_Mendeley,Rhizome Healthy Root00061.JPG,turmeric_datasets\dataset_02\original\Turmeric Plant Disease\Rhizome Healthy Root\Rhizome Healthy Root00061.JPG,non_turmeric,0,Rhizome_Healthy_Root,train,negative_train_rhizome_specimen,bd254b023446f52f5228318e92d215eb,256084
DS02_TR_RHIZOME_Rhizome Healthy Root00249.JPG,Dataset_02_Mendeley,Rhizome Healthy Root00249.JPG,turmeric_datasets\dataset_02\original\Turmeric Plant Disease\Rhizome Healthy Root\Rhizome Healthy Root00249.JPG,non_turmeric,0,Rhizome_Healthy_Root,train,negative_train_rhizome_specimen,8f62e41d676a4f740b8463cb07c514e7,332217
DS02_TR_RHIZOME_Rhizome Disease Root00114.JPG,Dataset_02_Mendeley,Rhizome Disease Root00114.JPG,turmeric_datasets\dataset_02\original\Turmeric Plant Disease\Rhizome Disease Root\Rhizome Disease Root00114.JPG,non_turmeric,0,Rhizome_Disease_Root,train,negative_train_rhizome_specimen,d799f140b2d42330f0e7eb4b0206a375,221623
DS02_TR_RHIZOME_Rhizome Healthy Root00164.JPG,Dataset_02_Mendeley,Rhizome Healthy Root00164.JPG,turmeric_datasets\dataset_02\original\Turmeric Plant Disease\Rhizome Healthy Root\Rhizome Healthy Root00164.JPG,non_turmeric,0,Rhizome_Healthy_Root,train,negative_train_rhizome_specimen,8756cc2cde9eb9fcd6a2dfcc5049ba1e,366156
DS02_TR_RHIZOME_Rhizome Disease Root00012.JPG,Dataset_02_Mendeley,Rhizome Disease Root00012.JPG,turmeric_datasets\dataset_02\original\Turmeric Plant Disease\Rhizome Disease Root\Rhizome Disease Root00012.JPG,non_turmeric,0,Rhizome_Disease_Root,train,negative_train_rhizome_specimen,fd7b98810ab87bb7c109da48123808e6,268307
DS02_TR_RHIZOME_Rhizome Healthy Root00100.JPG,Dataset_02_Mendeley,Rhizome Healthy Root00100.JPG,turmeric_datasets\dataset_02\original\Turmeric Plant Disease\Rhizome Healthy Root\Rhizome Healthy Root00100.JPG,non_turmeric,0,Rhizome_Healthy_Root,train,negative_train_rhizome_specimen,61999fab13a8fa2fd12d5f1d8dc8a0c9,310351
DS02_TR_RHIZOME_Rhizome Disease Root00147.JPG,Dataset_02_Mendeley,Rhizome Disease Root00147.JPG,turmeric_datasets\dataset_02\original\Turmeric Plant Disease\Rhizome Disease Root\Rhizome Disease Root00147.JPG,non_turmeric,0,Rhizome_Disease_Root,train,negative_train_rhizome_specimen,8019f15b410e7ff9bfe338f6b070377e,156881
DS02_TR_RHIZOME_Rhizome Healthy Root00078.JPG,Dataset_02_Mendeley,Rhizome Healthy Root00078.JPG,turmeric_datasets\dataset_02\original\Turmeric Plant Disease\Rhizome Healthy Root\Rhizome Healthy Root00078.JPG,non_turmeric,0,Rhizome_Healthy_Root,train,negative_train_rhizome_specimen,a55ebc426056150d3a341983c1cc6c14,274690
DS02_TR_RHIZOME_Rhizome Healthy Root00170.JPG,Dataset_02_Mendeley,Rhizome Healthy Root00170.JPG,turmeric_datasets\dataset_02\original\Turmeric Plant Disease\Rhizome Healthy Root\Rhizome Healthy Root00170.JPG,non_turmeric,0,Rhizome_Healthy_Root,train,negative_train_rhizome_specimen,aa88b0b1f86528b3a349dd0b47a1b5a9,357544
DS02_TR_RHIZOME_Rhizome Disease Root00095.JPG,Dataset_02_Mendeley,Rhizome Disease Root00095.JPG,turmeric_datasets\dataset_02\original\Turmeric Plant Disease\Rhizome Disease Root\Rhizome Disease Root00095.JPG,non_turmeric,0,Rhizome_Disease_Root,train,negative_train_rhizome_specimen,abd8ee4209bf02fc431730d92beaae6e,238172
DS02_TR_RHIZOME_Rhizome Healthy Root00203.JPG,Dataset_02_Mendeley,Rhizome Healthy Root00203.JPG,turmeric_datasets\dataset_02\original\Turmeric Plant Disease\Rhizome Healthy Root\Rhizome Healthy Root00203.JPG,non_turmeric,0,Rhizome_Healthy_Root,train,negative_train_rhizome_specimen,9ca5a8da7ae235dd1bd8893c82d15692,288292
DS02_TR_RHIZOME_Rhizome Healthy Root00013.JPG,Dataset_02_Mendeley,Rhizome Healthy Root00013.JPG,turmeric_datasets\dataset_02\original\Turmeric Plant Disease\Rhizome Healthy Root\Rhizome Healthy Root00013.JPG,non_turmeric,0,Rhizome_Healthy_Root,train,negative_train_rhizome_specimen,88068802421720545d41e8258114137d,268518
DS02_TR_RHIZOME_Rhizome Healthy Root00281.JPG,Dataset_02_Mendeley,Rhizome Healthy Root00281.JPG,turmeric_datasets\dataset_02\original\Turmeric Plant Disease\Rhizome Healthy Root\Rhizome Healthy Root00281.JPG,non_turmeric,0,Rhizome_Healthy_Root,train,negative_train_rhizome_specimen,77c08c64cd6de0e341f8800c1c7a3178,267631
DS02_TR_RHIZOME_Rhizome Healthy Root00040.JPG,Dataset_02_Mendeley,Rhizome Healthy Root00040.JPG,turmeric_datasets\dataset_02\original\Turmeric Plant Disease\Rhizome Healthy Root\Rhizome Healthy Root00040.JPG,non_turmeric,0,Rhizome_Healthy_Root,train,negative_train_rhizome_specimen,8ae68da97a39e9a3a0807086d287223d,246441
DS02_TR_RHIZOME_Rhizome Healthy Root00220.JPG,Dataset_02_Mendeley,Rhizome Healthy Root00220.JPG,turmeric_datasets\dataset_02\original\Turmeric Plant Disease\Rhizome Healthy Root\Rhizome Healthy Root00220.JPG,non_turmeric,0,Rhizome_Healthy_Root,train,negative_train_rhizome_specimen,38825e5361192f95dd2481db5fe9a632,324305
DS02_TR_RHIZOME_Rhizome Healthy Root00196.JPG,Dataset_02_Mendeley,Rhizome Healthy Root00196.JPG,turmeric_datasets\dataset_02\original\Turmeric Plant Disease\Rhizome Healthy Root\Rhizome Healthy Root00196.JPG,non_turmeric,0,Rhizome_Healthy_Root,train,negative_train_rhizome_specimen,e2f568d60d74ec38e536af00a6672713,255782
DS02_TR_RHIZOME_Rhizome Healthy Root00172.JPG,Dataset_02_Mendeley,Rhizome Healthy Root00172.JPG,turmeric_datasets\dataset_02\original\Turmeric Plant Disease\Rhizome Healthy Root\Rhizome Healthy Root00172.JPG,non_turmeric,0,Rhizome_Healthy_Root,train,negative_train_rhizome_specimen,108f26cae4ade62e9c7c56a25d7a13c2,293974
DS02_TR_RHIZOME_Rhizome Healthy Root00262.JPG,Dataset_02_Mendeley,Rhizome Healthy Root00262.JPG,turmeric_datasets\dataset_02\original\Turmeric Plant Disease\Rhizome Healthy Root\Rhizome Healthy Root00262.JPG,non_turmeric,0,Rhizome_Healthy_Root,train,negative_train_rhizome_specimen,72c94ac808d6e28519774a6a12d48a98,301042
DS02_TR_RHIZOME_Rhizome Disease Root00133.JPG,Dataset_02_Mendeley,Rhizome Disease Root00133.JPG,turmeric_datasets\dataset_02\original\Turmeric Plant Disease\Rhizome Disease Root\Rhizome Disease Root00133.JPG,non_turmeric,0,Rhizome_Disease_Root,train,negative_train_rhizome_specimen,7a0760b6041cb159773834cad4348673,157152
DS02_TR_RHIZOME_Rhizome Healthy Root00023.JPG,Dataset_02_Mendeley,Rhizome Healthy Root00023.JPG,turmeric_datasets\dataset_02\original\Turmeric Plant Disease\Rhizome Healthy Root\Rhizome Healthy Root00023.JPG,non_turmeric,0,Rhizome_Healthy_Root,train,negative_train_rhizome_specimen,667535c1138697d9bcf71413c882a255,265275
DS02_TR_RHIZOME_Rhizome Healthy Root00151.JPG,Dataset_02_Mendeley,Rhizome Healthy Root00151.JPG,turmeric_datasets\dataset_02\original\Turmeric Plant Disease\Rhizome Healthy Root\Rhizome Healthy Root00151.JPG,non_turmeric,0,Rhizome_Healthy_Root,train,negative_train_rhizome_specimen,1b7714212a1a469904e2a914225203a3,331900
DS02_TR_RHIZOME_Rhizome Disease Root00064.JPG,Dataset_02_Mendeley,Rhizome Disease Root00064.JPG,turmeric_datasets\dataset_02\original\Turmeric Plant Disease\Rhizome Disease Root\Rhizome Disease Root00064.JPG,non_turmeric,0,Rhizome_Disease_Root,train,negative_train_rhizome_specimen,19b7185e3786e8934f268c36ea83c1cd,266745
DS02_TR_RHIZOME_Rhizome Healthy Root00304.JPG,Dataset_02_Mendeley,Rhizome Healthy Root00304.JPG,turmeric_datasets\dataset_02\original\Turmeric Plant Disease\Rhizome Healthy Root\Rhizome Healthy Root00304.JPG,non_turmeric,0,Rhizome_Healthy_Root,train,negative_train_rhizome_specimen,ca5d213a9fbd256f2b6a8de6f72ef7f3,229681
DS02_TR_RHIZOME_Rhizome Healthy Root00288.JPG,Dataset_02_Mendeley,Rhizome Healthy Root00288.JPG,turmeric_datasets\dataset_02\original\Turmeric Plant Disease\Rhizome Healthy Root\Rhizome Healthy Root00288.JPG,non_turmeric,0,Rhizome_Healthy_Root,train,negative_train_rhizome_specimen,2fb51f69764d471a941730030449f203,258193
DS02_TR_RHIZOME_Rhizome Disease Root00160.JPG,Dataset_02_Mendeley,Rhizome Disease Root00160.JPG,turmeric_datasets\dataset_02\original\Turmeric Plant Disease\Rhizome Disease Root\Rhizome Disease Root00160.JPG,non_turmeric,0,Rhizome_Disease_Root,train,negative_train_rhizome_specimen,aa2e84c342e3ede8408eb1b644c74a8c,164903
DS02_TR_RHIZOME_Rhizome Disease Root00155.JPG,Dataset_02_Mendeley,Rhizome Disease Root00155.JPG,turmeric_datasets\dataset_02\original\Turmeric Plant Disease\Rhizome Disease Root\Rhizome Disease Root00155.JPG,non_turmeric,0,Rhizome_Disease_Root,train,negative_train_rhizome_specimen,5e28a0411a75e0466a6deafe5976a4fa,199011
DS02_TR_RHIZOME_Rhizome Healthy Root00201.JPG,Dataset_02_Mendeley,Rhizome Healthy Root00201.JPG,turmeric_datasets\dataset_02\original\Turmeric Plant Disease\Rhizome Healthy Root\Rhizome Healthy Root00201.JPG,non_turmeric,0,Rhizome_Healthy_Root,train,negative_train_rhizome_specimen,a51068f759e4ee1ebf9b3a6c4466a7b6,285584
DS02_TR_RHIZOME_Rhizome Healthy Root00174.JPG,Dataset_02_Mendeley,Rhizome Healthy Root00174.JPG,turmeric_datasets\dataset_02\original\Turmeric Plant Disease\Rhizome Healthy Root\Rhizome Healthy Root00174.JPG,non_turmeric,0,Rhizome_Healthy_Root,train,negative_train_rhizome_specimen,e3f79f6c1f08ece37cdc6440630d94eb,277061
DS02_TR_RHIZOME_Rhizome Disease Root00047.JPG,Dataset_02_Mendeley,Rhizome Disease Root00047.JPG,turmeric_datasets\dataset_02\original\Turmeric Plant Disease\Rhizome Disease Root\Rhizome Disease Root00047.JPG,non_turmeric,0,Rhizome_Disease_Root,train,negative_train_rhizome_specimen,8288289c5d242767b6f27845652f0ea0,297308
DS02_TR_RHIZOME_Rhizome Healthy Root00235.JPG,Dataset_02_Mendeley,Rhizome Healthy Root00235.JPG,turmeric_datasets\dataset_02\original\Turmeric Plant Disease\Rhizome Healthy Root\Rhizome Healthy Root00235.JPG,non_turmeric,0,Rhizome_Healthy_Root,train,negative_train_rhizome_specimen,b6b2056271ccfea900e8e7ef08ed6eac,332084
DS02_TR_RHIZOME_Rhizome Healthy Root00199.JPG,Dataset_02_Mendeley,Rhizome Healthy Root00199.JPG,turmeric_datasets\dataset_02\original\Turmeric Plant Disease\Rhizome Healthy Root\Rhizome Healthy Root00199.JPG,non_turmeric,0,Rhizome_Healthy_Root,train,negative_train_rhizome_specimen,f6cf2d2ebcaeb450899922340aa20723,226747
DS02_TR_RHIZOME_Rhizome Disease Root00107.JPG,Dataset_02_Mendeley,Rhizome Disease Root00107.JPG,turmeric_datasets\dataset_02\original\Turmeric Plant Disease\Rhizome Disease Root\Rhizome Disease Root00107.JPG,non_turmeric,0,Rhizome_Disease_Root,train,negative_train_rhizome_specimen,04d68a008ebda7ee67608899c85d1754,225928
DS02_TR_RHIZOME_Rhizome Healthy Root00017.JPG,Dataset_02_Mendeley,Rhizome Healthy Root00017.JPG,turmeric_datasets\dataset_02\original\Turmeric Plant Disease\Rhizome Healthy Root\Rhizome Healthy Root00017.JPG,non_turmeric,0,Rhizome_Healthy_Root,train,negative_train_rhizome_specimen,d0c76a124cf8dddad9fabbda983060ad,262313
DS02_TR_RHIZOME_Rhizome Healthy Root00067.JPG,Dataset_02_Mendeley,Rhizome Healthy Root00067.JPG,turmeric_datasets\dataset_02\original\Turmeric Plant Disease\Rhizome Healthy Root\Rhizome Healthy Root00067.JPG,non_turmeric,0,Rhizome_Healthy_Root,train,negative_train_rhizome_specimen,eb41f4d1bd7f3fbd8329bcab0331db61,302701
DS02_TR_RHIZOME_Rhizome Healthy Root00087.JPG,Dataset_02_Mendeley,Rhizome Healthy Root00087.JPG,turmeric_datasets\dataset_02\original\Turmeric Plant Disease\Rhizome Healthy Root\Rhizome Healthy Root00087.JPG,non_turmeric,0,Rhizome_Healthy_Root,train,negative_train_rhizome_specimen,9c0199eaf661c3b9ac1d456f8db9b992,309578
DS02_TR_RHIZOME_Rhizome Disease Root00121.JPG,Dataset_02_Mendeley,Rhizome Disease Root00121.JPG,turmeric_datasets\dataset_02\original\Turmeric Plant Disease\Rhizome Disease Root\Rhizome Disease Root00121.JPG,non_turmeric,0,Rhizome_Disease_Root,train,negative_train_rhizome_specimen,93add3722a565cd6a817ed4b12f77b89,163531
DS02_TR_RHIZOME_Rhizome Healthy Root00050.JPG,Dataset_02_Mendeley,Rhizome Healthy Root00050.JPG,turmeric_datasets\dataset_02\original\Turmeric Plant Disease\Rhizome Healthy Root\Rhizome Healthy Root00050.JPG,non_turmeric,0,Rhizome_Healthy_Root,train,negative_train_rhizome_specimen,41d8c692c0672f174da5be2781943171,239877
DS02_TR_RHIZOME_Rhizome Disease Root00008.JPG,Dataset_02_Mendeley,Rhizome Disease Root00008.JPG,turmeric_datasets\dataset_02\original\Turmeric Plant Disease\Rhizome Disease Root\Rhizome Disease Root00008.JPG,non_turmeric,0,Rhizome_Disease_Root,train,negative_train_rhizome_specimen,3bcd0b2c654fc7b7e1f8561d87ba80d6,226129
DS02_TR_RHIZOME_Rhizome Disease Root00102.JPG,Dataset_02_Mendeley,Rhizome Disease Root00102.JPG,turmeric_datasets\dataset_02\original\Turmeric Plant Disease\Rhizome Disease Root\Rhizome Disease Root00102.JPG,non_turmeric,0,Rhizome_Disease_Root,train,negative_train_rhizome_specimen,be05187cbf196a5001bc3e6955385271,193647
DS02_TR_RHIZOME_Rhizome Disease Root00174.JPG,Dataset_02_Mendeley,Rhizome Disease Root00174.JPG,turmeric_datasets\dataset_02\original\Turmeric Plant Disease\Rhizome Disease Root\Rhizome Disease Root00174.JPG,non_turmeric,0,Rhizome_Disease_Root,train,negative_train_rhizome_specimen,3b2e4be0409b8e97cfd3a3c71e5f7b90,169885
DS02_TR_RHIZOME_Rhizome Disease Root00056.JPG,Dataset_02_Mendeley,Rhizome Disease Root00056.JPG,turmeric_datasets\dataset_02\original\Turmeric Plant Disease\Rhizome Disease Root\Rhizome Disease Root00056.JPG,non_turmeric,0,Rhizome_Disease_Root,train,negative_train_rhizome_specimen,7651d225041fa52c468c2983cb673036,288787
DS02_TR_RHIZOME_Rhizome Disease Root00145.JPG,Dataset_02_Mendeley,Rhizome Disease Root00145.JPG,turmeric_datasets\dataset_02\original\Turmeric Plant Disease\Rhizome Disease Root\Rhizome Disease Root00145.JPG,non_turmeric,0,Rhizome_Disease_Root,train,negative_train_rhizome_specimen,8080db80bce42280f8d53dddc60361b8,158886
DS02_TR_RHIZOME_Rhizome Healthy Root00079.JPG,Dataset_02_Mendeley,Rhizome Healthy Root00079.JPG,turmeric_datasets\dataset_02\original\Turmeric Plant Disease\Rhizome Healthy Root\Rhizome Healthy Root00079.JPG,non_turmeric,0,Rhizome_Healthy_Root,train,negative_train_rhizome_specimen,022a15dfae074c658c5cec21bfc2cc9e,299772
DS02_TR_RHIZOME_Rhizome Healthy Root00115.JPG,Dataset_02_Mendeley,Rhizome Healthy Root00115.JPG,turmeric_datasets\dataset_02\original\Turmeric Plant Disease\Rhizome Healthy Root\Rhizome Healthy Root00115.JPG,non_turmeric,0,Rhizome_Healthy_Root,train,negative_train_rhizome_specimen,79356790f46895349be04d0c043b33d1,267369
DS02_TR_RHIZOME_Rhizome Disease Root00119.JPG,Dataset_02_Mendeley,Rhizome Disease Root00119.JPG,turmeric_datasets\dataset_02\original\Turmeric Plant Disease\Rhizome Disease Root\Rhizome Disease Root00119.JPG,non_turmeric,0,Rhizome_Disease_Root,train,negative_train_rhizome_specimen,5e6f7a924fefa32a97e44573dd5676e6,245931
DS02_TR_RHIZOME_Rhizome Healthy Root00112.JPG,Dataset_02_Mendeley,Rhizome Healthy Root00112.JPG,turmeric_datasets\dataset_02\original\Turmeric Plant Disease\Rhizome Healthy Root\Rhizome Healthy Root00112.JPG,non_turmeric,0,Rhizome_Healthy_Root,train,negative_train_rhizome_specimen,45b93a8a5724f357d2105065f9c1eacc,277551
DS02_TR_RHIZOME_Rhizome Disease Root00168.JPG,Dataset_02_Mendeley,Rhizome Disease Root00168.JPG,turmeric_datasets\dataset_02\original\Turmeric Plant Disease\Rhizome Disease Root\Rhizome Disease Root00168.JPG,non_turmeric,0,Rhizome_Disease_Root,train,negative_train_rhizome_specimen,33aca902266dd903a692dd4ea6a74790,157313
DS02_TR_RHIZOME_Rhizome Disease Root00058.JPG,Dataset_02_Mendeley,Rhizome Disease Root00058.JPG,turmeric_datasets\dataset_02\original\Turmeric Plant Disease\Rhizome Disease Root\Rhizome Disease Root00058.JPG,non_turmeric,0,Rhizome_Disease_Root,train,negative_train_rhizome_specimen,747cfea469237e3a5a9ea21f1c03aa10,257246
DS02_TR_RHIZOME_Rhizome Healthy Root00285.JPG,Dataset_02_Mendeley,Rhizome Healthy Root00285.JPG,turmeric_datasets\dataset_02\original\Turmeric Plant Disease\Rhizome Healthy Root\Rhizome Healthy Root00285.JPG,non_turmeric,0,Rhizome_Healthy_Root,train,negative_train_rhizome_specimen,34acd87ff357d2e7a7ab9ee6b83e0174,255528
DS02_TR_RHIZOME_Rhizome Healthy Root00251.JPG,Dataset_02_Mendeley,Rhizome Healthy Root00251.JPG,turmeric_datasets\dataset_02\original\Turmeric Plant Disease\Rhizome Healthy Root\Rhizome Healthy Root00251.JPG,non_turmeric,0,Rhizome_Healthy_Root,train,negative_train_rhizome_specimen,47216d5cf6668f146c9fae8ef6af5ce9,314987
DS02_TR_RHIZOME_Rhizome Disease Root00084.JPG,Dataset_02_Mendeley,Rhizome Disease Root00084.JPG,turmeric_datasets\dataset_02\original\Turmeric Plant Disease\Rhizome Disease Root\Rhizome Disease Root00084.JPG,non_turmeric,0,Rhizome_Disease_Root,train,negative_train_rhizome_specimen,54ff3b614b85d40db527e60c9a2894ad,217329
DS02_TR_RHIZOME_Rhizome Healthy Root00252.JPG,Dataset_02_Mendeley,Rhizome Healthy Root00252.JPG,turmeric_datasets\dataset_02\original\Turmeric Plant Disease\Rhizome Healthy Root\Rhizome Healthy Root00252.JPG,non_turmeric,0,Rhizome_Healthy_Root,train,negative_train_rhizome_specimen,6b270383b9d285f8287191e42b28715f,315105
DS02_TR_RHIZOME_Rhizome Healthy Root00287.JPG,Dataset_02_Mendeley,Rhizome Healthy Root00287.JPG,turmeric_datasets\dataset_02\original\Turmeric Plant Disease\Rhizome Healthy Root\Rhizome Healthy Root00287.JPG,non_turmeric,0,Rhizome_Healthy_Root,train,negative_train_rhizome_specimen,72e2ed01dafd2bb9847a6012beab77fc,266629
DS02_TR_RHIZOME_Rhizome Healthy Root00053.JPG,Dataset_02_Mendeley,Rhizome Healthy Root00053.JPG,turmeric_datasets\dataset_02\original\Turmeric Plant Disease\Rhizome Healthy Root\Rhizome Healthy Root00053.JPG,non_turmeric,0,Rhizome_Healthy_Root,train,negative_train_rhizome_specimen,2a54d70cd000ec649cea75ebd6844257,192965
DS02_TR_RHIZOME_Rhizome Healthy Root00261.JPG,Dataset_02_Mendeley,Rhizome Healthy Root00261.JPG,turmeric_datasets\dataset_02\original\Turmeric Plant Disease\Rhizome Healthy Root\Rhizome Healthy Root00261.JPG,non_turmeric,0,Rhizome_Healthy_Root,train,negative_train_rhizome_specimen,c55b9a3d415d1aebaa5d95176f278e68,301189
DS02_TR_RHIZOME_Rhizome Disease Root00136.JPG,Dataset_02_Mendeley,Rhizome Disease Root00136.JPG,turmeric_datasets\dataset_02\original\Turmeric Plant Disease\Rhizome Disease Root\Rhizome Disease Root00136.JPG,non_turmeric,0,Rhizome_Disease_Root,train,negative_train_rhizome_specimen,30cca9efeb1e96d8b45720ad7ed5a5a5,204307
DS02_TR_RHIZOME_Rhizome Disease Root00146.JPG,Dataset_02_Mendeley,Rhizome Disease Root00146.JPG,turmeric_datasets\dataset_02\original\Turmeric Plant Disease\Rhizome Disease Root\Rhizome Disease Root00146.JPG,non_turmeric,0,Rhizome_Disease_Root,train,negative_train_rhizome_specimen,a05bb895c738715e1483225a6fe689a0,191375
DS02_TR_RHIZOME_Rhizome Healthy Root00250.JPG,Dataset_02_Mendeley,Rhizome Healthy Root00250.JPG,turmeric_datasets\dataset_02\original\Turmeric Plant Disease\Rhizome Healthy Root\Rhizome Healthy Root00250.JPG,non_turmeric,0,Rhizome_Healthy_Root,train,negative_train_rhizome_specimen,90410055b46ed7a79f97325660ba13b6,321686
DS02_TR_RHIZOME_Rhizome Disease Root00073.JPG,Dataset_02_Mendeley,Rhizome Disease Root00073.JPG,turmeric_datasets\dataset_02\original\Turmeric Plant Disease\Rhizome Disease Root\Rhizome Disease Root00073.JPG,non_turmeric,0,Rhizome_Disease_Root,train,negative_train_rhizome_specimen,fdc82ee042f17b9d463e1b0aed506f16,322161
DS02_TR_RHIZOME_Rhizome Disease Root00180.JPG,Dataset_02_Mendeley,Rhizome Disease Root00180.JPG,turmeric_datasets\dataset_02\original\Turmeric Plant Disease\Rhizome Disease Root\Rhizome Disease Root00180.JPG,non_turmeric,0,Rhizome_Disease_Root,train,negative_train_rhizome_specimen,d1bc10c35d53576abed0b0b99115cc08,149788
DS02_TR_RHIZOME_Rhizome Healthy Root00222.JPG,Dataset_02_Mendeley,Rhizome Healthy Root00222.JPG,turmeric_datasets\dataset_02\original\Turmeric Plant Disease\Rhizome Healthy Root\Rhizome Healthy Root00222.JPG,non_turmeric,0,Rhizome_Healthy_Root,train,negative_train_rhizome_specimen,a523e8840dfd4a28a05007afa4a2b20a,326234
DS02_TR_RHIZOME_Rhizome Disease Root00178.JPG,Dataset_02_Mendeley,Rhizome Disease Root00178.JPG,turmeric_datasets\dataset_02\original\Turmeric Plant Disease\Rhizome Disease Root\Rhizome Disease Root00178.JPG,non_turmeric,0,Rhizome_Disease_Root,train,negative_train_rhizome_specimen,e622a475658c3c5c609513b9597a69be,182064
DS02_TR_RHIZOME_Rhizome Healthy Root00134.JPG,Dataset_02_Mendeley,Rhizome Healthy Root00134.JPG,turmeric_datasets\dataset_02\original\Turmeric Plant Disease\Rhizome Healthy Root\Rhizome Healthy Root00134.JPG,non_turmeric,0,Rhizome_Healthy_Root,train,negative_train_rhizome_specimen,409bf8e2d3d437d2c0a7829e7f455072,339688
DS02_TR_RHIZOME_Rhizome Healthy Root00022.JPG,Dataset_02_Mendeley,Rhizome Healthy Root00022.JPG,turmeric_datasets\dataset_02\original\Turmeric Plant Disease\Rhizome Healthy Root\Rhizome Healthy Root00022.JPG,non_turmeric,0,Rhizome_Healthy_Root,train,negative_train_rhizome_specimen,d6a6dd6761f6045d04cb5e89c74e97b5,266558
DS02_TR_RHIZOME_Rhizome Disease Root00031.JPG,Dataset_02_Mendeley,Rhizome Disease Root00031.JPG,turmeric_datasets\dataset_02\original\Turmeric Plant Disease\Rhizome Disease Root\Rhizome Disease Root00031.JPG,non_turmeric,0,Rhizome_Disease_Root,train,negative_train_rhizome_specimen,fabb7031da6f801001881691f04dc1b1,258594
DS02_TR_RHIZOME_Rhizome Healthy Root00139.JPG,Dataset_02_Mendeley,Rhizome Healthy Root00139.JPG,turmeric_datasets\dataset_02\original\Turmeric Plant Disease\Rhizome Healthy Root\Rhizome Healthy Root00139.JPG,non_turmeric,0,Rhizome_Healthy_Root,train,negative_train_rhizome_specimen,cf85a077535198dc1b189c62c9cc7f4d,345579
DS02_TR_RHIZOME_Rhizome Healthy Root00254.JPG,Dataset_02_Mendeley,Rhizome Healthy Root00254.JPG,turmeric_datasets\dataset_02\original\Turmeric Plant Disease\Rhizome Healthy Root\Rhizome Healthy Root00254.JPG,non_turmeric,0,Rhizome_Healthy_Root,train,negative_train_rhizome_specimen,5684981eded55410f6bc69cb4ca65cad,289387
DS02_TR_RHIZOME_Rhizome Disease Root00117.JPG,Dataset_02_Mendeley,Rhizome Disease Root00117.JPG,turmeric_datasets\dataset_02\original\Turmeric Plant Disease\Rhizome Disease Root\Rhizome Disease Root00117.JPG,non_turmeric,0,Rhizome_Disease_Root,train,negative_train_rhizome_specimen,80050419cb5b8b745f6b6e256039458e,197782
DS02_TR_RHIZOME_Rhizome Healthy Root00232.JPG,Dataset_02_Mendeley,Rhizome Healthy Root00232.JPG,turmeric_datasets\dataset_02\original\Turmeric Plant Disease\Rhizome Healthy Root\Rhizome Healthy Root00232.JPG,non_turmeric,0,Rhizome_Healthy_Root,train,negative_train_rhizome_specimen,b8eb14f4abc3db6f7be48c946917bde9,254314
DS02_TR_RHIZOME_Rhizome Healthy Root00300.JPG,Dataset_02_Mendeley,Rhizome Healthy Root00300.JPG,turmeric_datasets\dataset_02\original\Turmeric Plant Disease\Rhizome Healthy Root\Rhizome Healthy Root00300.JPG,non_turmeric,0,Rhizome_Healthy_Root,train,negative_train_rhizome_specimen,6a3a81a7930676a55f968beba35999c9,246698
DS02_TR_RHIZOME_Rhizome Disease Root00176.JPG,Dataset_02_Mendeley,Rhizome Disease Root00176.JPG,turmeric_datasets\dataset_02\original\Turmeric Plant Disease\Rhizome Disease Root\Rhizome Disease Root00176.JPG,non_turmeric,0,Rhizome_Disease_Root,train,negative_train_rhizome_specimen,c3e53fe9b774f627bc3b6d30f210fc1d,185256
DS02_TR_RHIZOME_Rhizome Disease Root00067.JPG,Dataset_02_Mendeley,Rhizome Disease Root00067.JPG,turmeric_datasets\dataset_02\original\Turmeric Plant Disease\Rhizome Disease Root\Rhizome Disease Root00067.JPG,non_turmeric,0,Rhizome_Disease_Root,train,negative_train_rhizome_specimen,994a13f5d2954543de6dd9a1626c4ab2,207940
DS02_TR_RHIZOME_Rhizome Healthy Root00239.JPG,Dataset_02_Mendeley,Rhizome Healthy Root00239.JPG,turmeric_datasets\dataset_02\original\Turmeric Plant Disease\Rhizome Healthy Root\Rhizome Healthy Root00239.JPG,non_turmeric,0,Rhizome_Healthy_Root,train,negative_train_rhizome_specimen,bfa442ebf7b61f1465f9dcd403b36139,379788
DS02_TR_RHIZOME_Rhizome Disease Root00131.JPG,Dataset_02_Mendeley,Rhizome Disease Root00131.JPG,turmeric_datasets\dataset_02\original\Turmeric Plant Disease\Rhizome Disease Root\Rhizome Disease Root00131.JPG,non_turmeric,0,Rhizome_Disease_Root,train,negative_train_rhizome_specimen,01bdcb755e6161c7d8af46081c7c227f,153192
DS02_TR_RHIZOME_Rhizome Healthy Root00278.JPG,Dataset_02_Mendeley,Rhizome Healthy Root00278.JPG,turmeric_datasets\dataset_02\original\Turmeric Plant Disease\Rhizome Healthy Root\Rhizome Healthy Root00278.JPG,non_turmeric,0,Rhizome_Healthy_Root,train,negative_train_rhizome_specimen,2541a5ece65c5c3c418a7f4e9779bf1a,267999
DS02_TR_RHIZOME_Rhizome Healthy Root00035.JPG,Dataset_02_Mendeley,Rhizome Healthy Root00035.JPG,turmeric_datasets\dataset_02\original\Turmeric Plant Disease\Rhizome Healthy Root\Rhizome Healthy Root00035.JPG,non_turmeric,0,Rhizome_Healthy_Root,train,negative_train_rhizome_specimen,4d452a2a2016cb398d1376bde164579e,226668
DS02_TR_RHIZOME_Rhizome Healthy Root00275.JPG,Dataset_02_Mendeley,Rhizome Healthy Root00275.JPG,turmeric_datasets\dataset_02\original\Turmeric Plant Disease\Rhizome Healthy Root\Rhizome Healthy Root00275.JPG,non_turmeric,0,Rhizome_Healthy_Root,train,negative_train_rhizome_specimen,944f6d31a4b3b6f1f94f53f65d5eac2f,275133
DS02_TR_RHIZOME_Rhizome Healthy Root00241.JPG,Dataset_02_Mendeley,Rhizome Healthy Root00241.JPG,turmeric_datasets\dataset_02\original\Turmeric Plant Disease\Rhizome Healthy Root\Rhizome Healthy Root00241.JPG,non_turmeric,0,Rhizome_Healthy_Root,train,negative_train_rhizome_specimen,1423accea385eece65dffe4bab9168fc,336770
DS02_TR_RHIZOME_Rhizome Healthy Root00120.JPG,Dataset_02_Mendeley,Rhizome Healthy Root00120.JPG,turmeric_datasets\dataset_02\original\Turmeric Plant Disease\Rhizome Healthy Root\Rhizome Healthy Root00120.JPG,non_turmeric,0,Rhizome_Healthy_Root,train,negative_train_rhizome_specimen,08575edbc2a2034803e3ad19d7a5bf31,308204
DS02_TR_RHIZOME_Rhizome Healthy Root00264.JPG,Dataset_02_Mendeley,Rhizome Healthy Root00264.JPG,turmeric_datasets\dataset_02\original\Turmeric Plant Disease\Rhizome Healthy Root\Rhizome Healthy Root00264.JPG,non_turmeric,0,Rhizome_Healthy_Root,train,negative_train_rhizome_specimen,3fbd195c020dded2d0d6884769440e48,287814
DS02_TR_RHIZOME_Rhizome Healthy Root00031.JPG,Dataset_02_Mendeley,Rhizome Healthy Root00031.JPG,turmeric_datasets\dataset_02\original\Turmeric Plant Disease\Rhizome Healthy Root\Rhizome Healthy Root00031.JPG,non_turmeric,0,Rhizome_Healthy_Root,train,negative_train_rhizome_specimen,80375ab72703af57dd8753f6c1adbfa3,164379
DS02_TR_RHIZOME_Rhizome Healthy Root00313.JPG,Dataset_02_Mendeley,Rhizome Healthy Root00313.JPG,turmeric_datasets\dataset_02\original\Turmeric Plant Disease\Rhizome Healthy Root\Rhizome Healthy Root00313.JPG,non_turmeric,0,Rhizome_Healthy_Root,train,negative_train_rhizome_specimen,01dea90c2cae3c2dfd94dd470586f8a4,220775
DS02_TR_RHIZOME_Rhizome Healthy Root00188.JPG,Dataset_02_Mendeley,Rhizome Healthy Root00188.JPG,turmeric_datasets\dataset_02\original\Turmeric Plant Disease\Rhizome Healthy Root\Rhizome Healthy Root00188.JPG,non_turmeric,0,Rhizome_Healthy_Root,train,negative_train_rhizome_specimen,66207a601bec225cf490193c165de53c,233926
DS02_TR_RHIZOME_Rhizome Disease Root00135.JPG,Dataset_02_Mendeley,Rhizome Disease Root00135.JPG,turmeric_datasets\dataset_02\original\Turmeric Plant Disease\Rhizome Disease Root\Rhizome Disease Root00135.JPG,non_turmeric,0,Rhizome_Disease_Root,train,negative_train_rhizome_specimen,0cac0addb9616d0bedc1ef82de19af6f,151878
DS02_TR_RHIZOME_Rhizome Disease Root00159.JPG,Dataset_02_Mendeley,Rhizome Disease Root00159.JPG,turmeric_datasets\dataset_02\original\Turmeric Plant Disease\Rhizome Disease Root\Rhizome Disease Root00159.JPG,non_turmeric,0,Rhizome_Disease_Root,train,negative_train_rhizome_specimen,756dcfa0922f83d794a03efa5b6d65f1,175327
DS02_TR_RHIZOME_Rhizome Disease Root00171.JPG,Dataset_02_Mendeley,Rhizome Disease Root00171.JPG,turmeric_datasets\dataset_02\original\Turmeric Plant Disease\Rhizome Disease Root\Rhizome Disease Root00171.JPG,non_turmeric,0,Rhizome_Disease_Root,train,negative_train_rhizome_specimen,c39fd09388dff880ceb431de5bc9ef0c,212370
DS02_TR_RHIZOME_Rhizome Disease Root00105.JPG,Dataset_02_Mendeley,Rhizome Disease Root00105.JPG,turmeric_datasets\dataset_02\original\Turmeric Plant Disease\Rhizome Disease Root\Rhizome Disease Root00105.JPG,non_turmeric,0,Rhizome_Disease_Root,train,negative_train_rhizome_specimen,2e58cb636d273df64356b81d371d298b,208809
DS02_TR_RHIZOME_Rhizome Healthy Root00122.JPG,Dataset_02_Mendeley,Rhizome Healthy Root00122.JPG,turmeric_datasets\dataset_02\original\Turmeric Plant Disease\Rhizome Healthy Root\Rhizome Healthy Root00122.JPG,non_turmeric,0,Rhizome_Healthy_Root,train,negative_train_rhizome_specimen,6608081a95d73c8d364fa6beeda900f3,318693
DS02_TR_RHIZOME_Rhizome Healthy Root00286.JPG,Dataset_02_Mendeley,Rhizome Healthy Root00286.JPG,turmeric_datasets\dataset_02\original\Turmeric Plant Disease\Rhizome Healthy Root\Rhizome Healthy Root00286.JPG,non_turmeric,0,Rhizome_Healthy_Root,train,negative_train_rhizome_specimen,37a6bcd3585ca9fdfc9365ce96712ee0,267862
DS02_TR_RHIZOME_Rhizome Healthy Root00105.JPG,Dataset_02_Mendeley,Rhizome Healthy Root00105.JPG,turmeric_datasets\dataset_02\original\Turmeric Plant Disease\Rhizome Healthy Root\Rhizome Healthy Root00105.JPG,non_turmeric,0,Rhizome_Healthy_Root,train,negative_train_rhizome_specimen,1d02265135e9d22cf6e87e7ee99de13f,277126
DS02_TR_RHIZOME_Rhizome Disease Root00137.JPG,Dataset_02_Mendeley,Rhizome Disease Root00137.JPG,turmeric_datasets\dataset_02\original\Turmeric Plant Disease\Rhizome Disease Root\Rhizome Disease Root00137.JPG,non_turmeric,0,Rhizome_Disease_Root,train,negative_train_rhizome_specimen,ac82d3be6c12903ad66c3ce3329300ab,149552
DS02_TR_RHIZOME_Rhizome Healthy Root00189.JPG,Dataset_02_Mendeley,Rhizome Healthy Root00189.JPG,turmeric_datasets\dataset_02\original\Turmeric Plant Disease\Rhizome Healthy Root\Rhizome Healthy Root00189.JPG,non_turmeric,0,Rhizome_Healthy_Root,train,negative_train_rhizome_specimen,8fff90bd69e2664d32d9f8af26c31585,237907
DS02_TR_RHIZOME_Rhizome Disease Root00152.JPG,Dataset_02_Mendeley,Rhizome Disease Root00152.JPG,turmeric_datasets\dataset_02\original\Turmeric Plant Disease\Rhizome Disease Root\Rhizome Disease Root00152.JPG,non_turmeric,0,Rhizome_Disease_Root,train,negative_train_rhizome_specimen,6b9c28dc12a948aaa3c6f4f09e63974e,153851
DS02_TR_RHIZOME_Rhizome Disease Root00039.JPG,Dataset_02_Mendeley,Rhizome Disease Root00039.JPG,turmeric_datasets\dataset_02\original\Turmeric Plant Disease\Rhizome Disease Root\Rhizome Disease Root00039.JPG,non_turmeric,0,Rhizome_Disease_Root,train,negative_train_rhizome_specimen,72e09a882f251570caf30cd58f6afc08,204393
DS02_TR_RHIZOME_Rhizome Healthy Root00059.JPG,Dataset_02_Mendeley,Rhizome Healthy Root00059.JPG,turmeric_datasets\dataset_02\original\Turmeric Plant Disease\Rhizome Healthy Root\Rhizome Healthy Root00059.JPG,non_turmeric,0,Rhizome_Healthy_Root,train,negative_train_rhizome_specimen,9768153e98191203611221b60929a72d,234490
DS02_TR_RHIZOME_Rhizome Healthy Root00121.JPG,Dataset_02_Mendeley,Rhizome Healthy Root00121.JPG,turmeric_datasets\dataset_02\original\Turmeric Plant Disease\Rhizome Healthy Root\Rhizome Healthy Root00121.JPG,non_turmeric,0,Rhizome_Healthy_Root,train,negative_train_rhizome_specimen,fe9ab1e676d6d8690b6838f426a494fa,322532
DS02_TR_RHIZOME_Rhizome Healthy Root00227.JPG,Dataset_02_Mendeley,Rhizome Healthy Root00227.JPG,turmeric_datasets\dataset_02\original\Turmeric Plant Disease\Rhizome Healthy Root\Rhizome Healthy Root00227.JPG,non_turmeric,0,Rhizome_Healthy_Root,train,negative_train_rhizome_specimen,2879803f0a876b94fbaf8c11ad292f37,355278
DS02_TR_RHIZOME_Rhizome Healthy Root00245.JPG,Dataset_02_Mendeley,Rhizome Healthy Root00245.JPG,turmeric_datasets\dataset_02\original\Turmeric Plant Disease\Rhizome Healthy Root\Rhizome Healthy Root00245.JPG,non_turmeric,0,Rhizome_Healthy_Root,train,negative_train_rhizome_specimen,8f2d74af48211298b5ae6acb928f9e36,328899
DS02_TR_RHIZOME_Rhizome Healthy Root00221.JPG,Dataset_02_Mendeley,Rhizome Healthy Root00221.JPG,turmeric_datasets\dataset_02\original\Turmeric Plant Disease\Rhizome Healthy Root\Rhizome Healthy Root00221.JPG,non_turmeric,0,Rhizome_Healthy_Root,train,negative_train_rhizome_specimen,924b96b35a013da043a349eda6d99fd4,329036
DS02_TR_RHIZOME_Rhizome Healthy Root00074.JPG,Dataset_02_Mendeley,Rhizome Healthy Root00074.JPG,turmeric_datasets\dataset_02\original\Turmeric Plant Disease\Rhizome Healthy Root\Rhizome Healthy Root00074.JPG,non_turmeric,0,Rhizome_Healthy_Root,train,negative_train_rhizome_specimen,de7d374deec745170a428c182d5cafa1,321173
DS02_TR_RHIZOME_Rhizome Healthy Root00142.JPG,Dataset_02_Mendeley,Rhizome Healthy Root00142.JPG,turmeric_datasets\dataset_02\original\Turmeric Plant Disease\Rhizome Healthy Root\Rhizome Healthy Root00142.JPG,non_turmeric,0,Rhizome_Healthy_Root,train,negative_train_rhizome_specimen,9b150c06186e5d437be730a3293f7c2e,344655
DS02_TR_RHIZOME_Rhizome Healthy Root00168.JPG,Dataset_02_Mendeley,Rhizome Healthy Root00168.JPG,turmeric_datasets\dataset_02\original\Turmeric Plant Disease\Rhizome Healthy Root\Rhizome Healthy Root00168.JPG,non_turmeric,0,Rhizome_Healthy_Root,train,negative_train_rhizome_specimen,684efc4e836db92339fde2d99e50ed44,351986
DS02_TR_RHIZOME_Rhizome Healthy Root00167.JPG,Dataset_02_Mendeley,Rhizome Healthy Root00167.JPG,turmeric_datasets\dataset_02\original\Turmeric Plant Disease\Rhizome Healthy Root\Rhizome Healthy Root00167.JPG,non_turmeric,0,Rhizome_Healthy_Root,train,negative_train_rhizome_specimen,98fd41dd313a73fde1534147fb281841,366723
DS02_TR_RHIZOME_Rhizome Healthy Root00309.JPG,Dataset_02_Mendeley,Rhizome Healthy Root00309.JPG,turmeric_datasets\dataset_02\original\Turmeric Plant Disease\Rhizome Healthy Root\Rhizome Healthy Root00309.JPG,non_turmeric,0,Rhizome_Healthy_Root,train,negative_train_rhizome_specimen,0938f6363b37a0f4fa1b7afaf089ba52,225800
DS02_TR_RHIZOME_Rhizome Disease Root00066.JPG,Dataset_02_Mendeley,Rhizome Disease Root00066.JPG,turmeric_datasets\dataset_02\original\Turmeric Plant Disease\Rhizome Disease Root\Rhizome Disease Root00066.JPG,non_turmeric,0,Rhizome_Disease_Root,train,negative_train_rhizome_specimen,dc8ba64b7842de912bba4f3b32b612da,251993
DS02_TR_RHIZOME_Rhizome Disease Root00112.JPG,Dataset_02_Mendeley,Rhizome Disease Root00112.JPG,turmeric_datasets\dataset_02\original\Turmeric Plant Disease\Rhizome Disease Root\Rhizome Disease Root00112.JPG,non_turmeric,0,Rhizome_Disease_Root,train,negative_train_rhizome_specimen,ec20bd4e5a443e11b25b683385aab966,91360
DS02_TR_RHIZOME_Rhizome Disease Root00010.JPG,Dataset_02_Mendeley,Rhizome Disease Root00010.JPG,turmeric_datasets\dataset_02\original\Turmeric Plant Disease\Rhizome Disease Root\Rhizome Disease Root00010.JPG,non_turmeric,0,Rhizome_Disease_Root,train,negative_train_rhizome_specimen,3c689764b5710741f13b609e0d9341b7,223305
DS02_TR_RHIZOME_Rhizome Healthy Root00145.JPG,Dataset_02_Mendeley,Rhizome Healthy Root00145.JPG,turmeric_datasets\dataset_02\original\Turmeric Plant Disease\Rhizome Healthy Root\Rhizome Healthy Root00145.JPG,non_turmeric,0,Rhizome_Healthy_Root,train,negative_train_rhizome_specimen,3d8532a3f151934c88a9210a566ca2a4,337536
DS02_TR_RHIZOME_Rhizome Healthy Root00192.JPG,Dataset_02_Mendeley,Rhizome Healthy Root00192.JPG,turmeric_datasets\dataset_02\original\Turmeric Plant Disease\Rhizome Healthy Root\Rhizome Healthy Root00192.JPG,non_turmeric,0,Rhizome_Healthy_Root,train,negative_train_rhizome_specimen,b8794a97dd3635233f3993d524876b70,285424
DS02_TR_RHIZOME_Rhizome Disease Root00061.JPG,Dataset_02_Mendeley,Rhizome Disease Root00061.JPG,turmeric_datasets\dataset_02\original\Turmeric Plant Disease\Rhizome Disease Root\Rhizome Disease Root00061.JPG,non_turmeric,0,Rhizome_Disease_Root,train,negative_train_rhizome_specimen,41fdd84b0c5cd12da6b40f2738a5fe60,291051
DS02_TR_RHIZOME_Rhizome Healthy Root00072.JPG,Dataset_02_Mendeley,Rhizome Healthy Root00072.JPG,turmeric_datasets\dataset_02\original\Turmeric Plant Disease\Rhizome Healthy Root\Rhizome Healthy Root00072.JPG,non_turmeric,0,Rhizome_Healthy_Root,train,negative_train_rhizome_specimen,7f20447b0698a6f264b386d930bfcc2a,298196
DS02_TR_RHIZOME_Rhizome Healthy Root00152.JPG,Dataset_02_Mendeley,Rhizome Healthy Root00152.JPG,turmeric_datasets\dataset_02\original\Turmeric Plant Disease\Rhizome Healthy Root\Rhizome Healthy Root00152.JPG,non_turmeric,0,Rhizome_Healthy_Root,train,negative_train_rhizome_specimen,56fd88922b29a2282fb392e48c6bcc5d,293766
DS02_TR_RHIZOME_Rhizome Healthy Root00292.JPG,Dataset_02_Mendeley,Rhizome Healthy Root00292.JPG,turmeric_datasets\dataset_02\original\Turmeric Plant Disease\Rhizome Healthy Root\Rhizome Healthy Root00292.JPG,non_turmeric,0,Rhizome_Healthy_Root,train,negative_train_rhizome_specimen,c4d075a5f91c7401e300ea9b54305ce4,244165
DS02_TR_RHIZOME_Rhizome Healthy Root00289.JPG,Dataset_02_Mendeley,Rhizome Healthy Root00289.JPG,turmeric_datasets\dataset_02\original\Turmeric Plant Disease\Rhizome Healthy Root\Rhizome Healthy Root00289.JPG,non_turmeric,0,Rhizome_Healthy_Root,train,negative_train_rhizome_specimen,9ce9d7a012bd386e0a50ecaf0d98170e,240635
DS02_TR_RHIZOME_Rhizome Healthy Root00244.JPG,Dataset_02_Mendeley,Rhizome Healthy Root00244.JPG,turmeric_datasets\dataset_02\original\Turmeric Plant Disease\Rhizome Healthy Root\Rhizome Healthy Root00244.JPG,non_turmeric,0,Rhizome_Healthy_Root,train,negative_train_rhizome_specimen,a8535430d2c3cc4ad43d8ac6f5ddc65b,344118
DS02_TR_RHIZOME_Rhizome Healthy Root00011.JPG,Dataset_02_Mendeley,Rhizome Healthy Root00011.JPG,turmeric_datasets\dataset_02\original\Turmeric Plant Disease\Rhizome Healthy Root\Rhizome Healthy Root00011.JPG,non_turmeric,0,Rhizome_Healthy_Root,train,negative_train_rhizome_specimen,83d53531ab1366043c83d8e0cca17e8d,282865
DS02_TR_RHIZOME_Rhizome Disease Root00013.JPG,Dataset_02_Mendeley,Rhizome Disease Root00013.JPG,turmeric_datasets\dataset_02\original\Turmeric Plant Disease\Rhizome Disease Root\Rhizome Disease Root00013.JPG,non_turmeric,0,Rhizome_Disease_Root,train,negative_train_rhizome_specimen,640b51180b45cc1f13b3333000495f2f,297479
DS02_TR_RHIZOME_Rhizome Healthy Root00020.JPG,Dataset_02_Mendeley,Rhizome Healthy Root00020.JPG,turmeric_datasets\dataset_02\original\Turmeric Plant Disease\Rhizome Healthy Root\Rhizome Healthy Root00020.JPG,non_turmeric,0,Rhizome_Healthy_Root,train,negative_train_rhizome_specimen,fca29c1c853979499d2b54884e46a7e9,236785
DS02_TR_RHIZOME_Rhizome Healthy Root00271.JPG,Dataset_02_Mendeley,Rhizome Healthy Root00271.JPG,turmeric_datasets\dataset_02\original\Turmeric Plant Disease\Rhizome Healthy Root\Rhizome Healthy Root00271.JPG,non_turmeric,0,Rhizome_Healthy_Root,train,negative_train_rhizome_specimen,8efc544246a12f7b394498847e3d5043,328398
DS02_TR_RHIZOME_Rhizome Disease Root00165.JPG,Dataset_02_Mendeley,Rhizome Disease Root00165.JPG,turmeric_datasets\dataset_02\original\Turmeric Plant Disease\Rhizome Disease Root\Rhizome Disease Root00165.JPG,non_turmeric,0,Rhizome_Disease_Root,train,negative_train_rhizome_specimen,81c5bf9eaa43c562c117af09f0cb536c,186126
DS02_TR_RHIZOME_Rhizome Disease Root00063.JPG,Dataset_02_Mendeley,Rhizome Disease Root00063.JPG,turmeric_datasets\dataset_02\original\Turmeric Plant Disease\Rhizome Disease Root\Rhizome Disease Root00063.JPG,non_turmeric,0,Rhizome_Disease_Root,train,negative_train_rhizome_specimen,0e934e2cc13f3ecc56f4bffe8e3d9203,207869
DS02_TR_RHIZOME_Rhizome Disease Root00096.JPG,Dataset_02_Mendeley,Rhizome Disease Root00096.JPG,turmeric_datasets\dataset_02\original\Turmeric Plant Disease\Rhizome Disease Root\Rhizome Disease Root00096.JPG,non_turmeric,0,Rhizome_Disease_Root,train,negative_train_rhizome_specimen,2314c8708dca46df42fa481bf085c78e,169806
DS02_TR_RHIZOME_Rhizome Healthy Root00021.JPG,Dataset_02_Mendeley,Rhizome Healthy Root00021.JPG,turmeric_datasets\dataset_02\original\Turmeric Plant Disease\Rhizome Healthy Root\Rhizome Healthy Root00021.JPG,non_turmeric,0,Rhizome_Healthy_Root,train,negative_train_rhizome_specimen,0849d7361daba3582d51544b3bfddabc,270382
DS02_TR_RHIZOME_Rhizome Disease Root00015.JPG,Dataset_02_Mendeley,Rhizome Disease Root00015.JPG,turmeric_datasets\dataset_02\original\Turmeric Plant Disease\Rhizome Disease Root\Rhizome Disease Root00015.JPG,non_turmeric,0,Rhizome_Disease_Root,train,negative_train_rhizome_specimen,2929de1a55570a5f5d0372895a193da4,261134
DS02_TR_RHIZOME_Rhizome Disease Root00038.JPG,Dataset_02_Mendeley,Rhizome Disease Root00038.JPG,turmeric_datasets\dataset_02\original\Turmeric Plant Disease\Rhizome Disease Root\Rhizome Disease Root00038.JPG,non_turmeric,0,Rhizome_Disease_Root,train,negative_train_rhizome_specimen,897ddfc6d4276a42877338f803021e5a,301666
DS02_TR_RHIZOME_Rhizome Healthy Root00273.JPG,Dataset_02_Mendeley,Rhizome Healthy Root00273.JPG,turmeric_datasets\dataset_02\original\Turmeric Plant Disease\Rhizome Healthy Root\Rhizome Healthy Root00273.JPG,non_turmeric,0,Rhizome_Healthy_Root,train,negative_train_rhizome_specimen,1cbafb3882bdedee25acdcd784f100c3,300719
DS02_TR_RHIZOME_Rhizome Disease Root00087.JPG,Dataset_02_Mendeley,Rhizome Disease Root00087.JPG,turmeric_datasets\dataset_02\original\Turmeric Plant Disease\Rhizome Disease Root\Rhizome Disease Root00087.JPG,non_turmeric,0,Rhizome_Disease_Root,train,negative_train_rhizome_specimen,4af7655328874c6b1579d1b0dd1c1dcf,117774
DS02_TR_RHIZOME_Rhizome Healthy Root00162.JPG,Dataset_02_Mendeley,Rhizome Healthy Root00162.JPG,turmeric_datasets\dataset_02\original\Turmeric Plant Disease\Rhizome Healthy Root\Rhizome Healthy Root00162.JPG,non_turmeric,0,Rhizome_Healthy_Root,train,negative_train_rhizome_specimen,a95139fdf2485f52a9c68ca15a74371c,368954
DS02_TR_RHIZOME_Rhizome Disease Root00019.JPG,Dataset_02_Mendeley,Rhizome Disease Root00019.JPG,turmeric_datasets\dataset_02\original\Turmeric Plant Disease\Rhizome Disease Root\Rhizome Disease Root00019.JPG,non_turmeric,0,Rhizome_Disease_Root,train,negative_train_rhizome_specimen,0f58d9c819e3f6f8880eab8d638a699f,241099
DS02_TR_RHIZOME_Rhizome Disease Root00025.JPG,Dataset_02_Mendeley,Rhizome Disease Root00025.JPG,turmeric_datasets\dataset_02\original\Turmeric Plant Disease\Rhizome Disease Root\Rhizome Disease Root00025.JPG,non_turmeric,0,Rhizome_Disease_Root,train,negative_train_rhizome_specimen,43265f6caa039c92dea0e095998a9a25,300446
DS02_TR_RHIZOME_Rhizome Healthy Root00101.JPG,Dataset_02_Mendeley,Rhizome Healthy Root00101.JPG,turmeric_datasets\dataset_02\original\Turmeric Plant Disease\Rhizome Healthy Root\Rhizome Healthy Root00101.JPG,non_turmeric,0,Rhizome_Healthy_Root,train,negative_train_rhizome_specimen,feff16c1143e5aacadd1e07db45ad6f1,309127
DS02_TR_RHIZOME_Rhizome Disease Root00070.JPG,Dataset_02_Mendeley,Rhizome Disease Root00070.JPG,turmeric_datasets\dataset_02\original\Turmeric Plant Disease\Rhizome Disease Root\Rhizome Disease Root00070.JPG,non_turmeric,0,Rhizome_Disease_Root,train,negative_train_rhizome_specimen,55900cf0b44f2724d2a476bcf8f05358,198101
DS02_TR_RHIZOME_Rhizome Healthy Root00310.JPG,Dataset_02_Mendeley,Rhizome Healthy Root00310.JPG,turmeric_datasets\dataset_02\original\Turmeric Plant Disease\Rhizome Healthy Root\Rhizome Healthy Root00310.JPG,non_turmeric,0,Rhizome_Healthy_Root,train,negative_train_rhizome_specimen,b7dcc9373b007b03c6e012bb0a566a02,227487
DS02_TR_RHIZOME_Rhizome Disease Root00122.JPG,Dataset_02_Mendeley,Rhizome Disease Root00122.JPG,turmeric_datasets\dataset_02\original\Turmeric Plant Disease\Rhizome Disease Root\Rhizome Disease Root00122.JPG,non_turmeric,0,Rhizome_Disease_Root,train,negative_train_rhizome_specimen,0301ba694faafbce953de27146cb56a0,221946
DS02_TR_RHIZOME_Rhizome Healthy Root00073.JPG,Dataset_02_Mendeley,Rhizome Healthy Root00073.JPG,turmeric_datasets\dataset_02\original\Turmeric Plant Disease\Rhizome Healthy Root\Rhizome Healthy Root00073.JPG,non_turmeric,0,Rhizome_Healthy_Root,train,negative_train_rhizome_specimen,5d2865d0bd6a790596f482a1504955d9,298571
DS02_TR_RHIZOME_Rhizome Healthy Root00255.JPG,Dataset_02_Mendeley,Rhizome Healthy Root00255.JPG,turmeric_datasets\dataset_02\original\Turmeric Plant Disease\Rhizome Healthy Root\Rhizome Healthy Root00255.JPG,non_turmeric,0,Rhizome_Healthy_Root,train,negative_train_rhizome_specimen,022baf8bdc01b5273cd17b0df5a48f02,291354
DS02_TR_RHIZOME_Rhizome Healthy Root00248.JPG,Dataset_02_Mendeley,Rhizome Healthy Root00248.JPG,turmeric_datasets\dataset_02\original\Turmeric Plant Disease\Rhizome Healthy Root\Rhizome Healthy Root00248.JPG,non_turmeric,0,Rhizome_Healthy_Root,train,negative_train_rhizome_specimen,1fdc1a402b018bfb4ad721cbd5c45d53,327942
DS02_TR_RHIZOME_Rhizome Disease Root00005.JPG,Dataset_02_Mendeley,Rhizome Disease Root00005.JPG,turmeric_datasets\dataset_02\original\Turmeric Plant Disease\Rhizome Disease Root\Rhizome Disease Root00005.JPG,non_turmeric,0,Rhizome_Disease_Root,train,negative_train_rhizome_specimen,0fb405b47391dd437b4e8a95f6f0d881,326079
DS02_TR_RHIZOME_Rhizome Disease Root00092.JPG,Dataset_02_Mendeley,Rhizome Disease Root00092.JPG,turmeric_datasets\dataset_02\original\Turmeric Plant Disease\Rhizome Disease Root\Rhizome Disease Root00092.JPG,non_turmeric,0,Rhizome_Disease_Root,train,negative_train_rhizome_specimen,92fa91aefb9feebe9198f11d67499e9b,224029
DS02_TR_RHIZOME_Rhizome Healthy Root00180.JPG,Dataset_02_Mendeley,Rhizome Healthy Root00180.JPG,turmeric_datasets\dataset_02\original\Turmeric Plant Disease\Rhizome Healthy Root\Rhizome Healthy Root00180.JPG,non_turmeric,0,Rhizome_Healthy_Root,train,negative_train_rhizome_specimen,793da6e3f786c9b174f0f6dc32082445,296087
DS02_TR_RHIZOME_Rhizome Healthy Root00119.JPG,Dataset_02_Mendeley,Rhizome Healthy Root00119.JPG,turmeric_datasets\dataset_02\original\Turmeric Plant Disease\Rhizome Healthy Root\Rhizome Healthy Root00119.JPG,non_turmeric,0,Rhizome_Healthy_Root,train,negative_train_rhizome_specimen,224b044d4c255fc700c7d0c19af15414,292216
DS02_TR_RHIZOME_Rhizome Disease Root00094.JPG,Dataset_02_Mendeley,Rhizome Disease Root00094.JPG,turmeric_datasets\dataset_02\original\Turmeric Plant Disease\Rhizome Disease Root\Rhizome Disease Root00094.JPG,non_turmeric,0,Rhizome_Disease_Root,train,negative_train_rhizome_specimen,258fb097c85574f013d80b23eb327678,203911
DS02_TR_RHIZOME_Rhizome Disease Root00116.JPG,Dataset_02_Mendeley,Rhizome Disease Root00116.JPG,turmeric_datasets\dataset_02\original\Turmeric Plant Disease\Rhizome Disease Root\Rhizome Disease Root00116.JPG,non_turmeric,0,Rhizome_Disease_Root,train,negative_train_rhizome_specimen,8b10f23eaa984a0f882a6e5e64a00a38,204914
DS02_TR_RHIZOME_Rhizome Disease Root00055.JPG,Dataset_02_Mendeley,Rhizome Disease Root00055.JPG,turmeric_datasets\dataset_02\original\Turmeric Plant Disease\Rhizome Disease Root\Rhizome Disease Root00055.JPG,non_turmeric,0,Rhizome_Disease_Root,train,negative_train_rhizome_specimen,213bd868b5468c00da2c2c468f7b72a9,285842
DS02_TR_RHIZOME_Rhizome Healthy Root00099.JPG,Dataset_02_Mendeley,Rhizome Healthy Root00099.JPG,turmeric_datasets\dataset_02\original\Turmeric Plant Disease\Rhizome Healthy Root\Rhizome Healthy Root00099.JPG,non_turmeric,0,Rhizome_Healthy_Root,train,negative_train_rhizome_specimen,c5cd23bad8be025737595548b4efe723,285371
DS02_TR_RHIZOME_Rhizome Healthy Root00267.JPG,Dataset_02_Mendeley,Rhizome Healthy Root00267.JPG,turmeric_datasets\dataset_02\original\Turmeric Plant Disease\Rhizome Healthy Root\Rhizome Healthy Root00267.JPG,non_turmeric,0,Rhizome_Healthy_Root,train,negative_train_rhizome_specimen,a054a6825f764ab4fea6bfbebde1e06f,339382
DS02_TR_RHIZOME_Rhizome Healthy Root00077.JPG,Dataset_02_Mendeley,Rhizome Healthy Root00077.JPG,turmeric_datasets\dataset_02\original\Turmeric Plant Disease\Rhizome Healthy Root\Rhizome Healthy Root00077.JPG,non_turmeric,0,Rhizome_Healthy_Root,train,negative_train_rhizome_specimen,1b249129486a84b788182726fcd7a266,272561
DS02_TR_RHIZOME_Rhizome Healthy Root00076.JPG,Dataset_02_Mendeley,Rhizome Healthy Root00076.JPG,turmeric_datasets\dataset_02\original\Turmeric Plant Disease\Rhizome Healthy Root\Rhizome Healthy Root00076.JPG,non_turmeric,0,Rhizome_Healthy_Root,train,negative_train_rhizome_specimen,b52fff7b197907c40b6100a494436e85,326417
DS02_TR_RHIZOME_Rhizome Disease Root00111.JPG,Dataset_02_Mendeley,Rhizome Disease Root00111.JPG,turmeric_datasets\dataset_02\original\Turmeric Plant Disease\Rhizome Disease Root\Rhizome Disease Root00111.JPG,non_turmeric,0,Rhizome_Disease_Root,train,negative_train_rhizome_specimen,9d8e65e91f898e762f5207bd153f27c5,140566
DS02_TR_RHIZOME_Rhizome Healthy Root00272.JPG,Dataset_02_Mendeley,Rhizome Healthy Root00272.JPG,turmeric_datasets\dataset_02\original\Turmeric Plant Disease\Rhizome Healthy Root\Rhizome Healthy Root00272.JPG,non_turmeric,0,Rhizome_Healthy_Root,train,negative_train_rhizome_specimen,e6c0f3349ce6fc5b8c4c6506b734d321,305448
DS02_TR_RHIZOME_Rhizome Healthy Root00054.JPG,Dataset_02_Mendeley,Rhizome Healthy Root00054.JPG,turmeric_datasets\dataset_02\original\Turmeric Plant Disease\Rhizome Healthy Root\Rhizome Healthy Root00054.JPG,non_turmeric,0,Rhizome_Healthy_Root,train,negative_train_rhizome_specimen,da0b70b1c8b6db3d6008328a81f5622b,200120
DS02_TR_RHIZOME_Rhizome Disease Root00106.JPG,Dataset_02_Mendeley,Rhizome Disease Root00106.JPG,turmeric_datasets\dataset_02\original\Turmeric Plant Disease\Rhizome Disease Root\Rhizome Disease Root00106.JPG,non_turmeric,0,Rhizome_Disease_Root,train,negative_train_rhizome_specimen,712a1f64c1a68e45e409fe806dfb447e,219347
DS02_TR_RHIZOME_Rhizome Healthy Root00144.JPG,Dataset_02_Mendeley,Rhizome Healthy Root00144.JPG,turmeric_datasets\dataset_02\original\Turmeric Plant Disease\Rhizome Healthy Root\Rhizome Healthy Root00144.JPG,non_turmeric,0,Rhizome_Healthy_Root,train,negative_train_rhizome_specimen,b4dac1549270c3ab257c3c2d2fceeb46,336759
DS02_TR_RHIZOME_Rhizome Healthy Root00039.JPG,Dataset_02_Mendeley,Rhizome Healthy Root00039.JPG,turmeric_datasets\dataset_02\original\Turmeric Plant Disease\Rhizome Healthy Root\Rhizome Healthy Root00039.JPG,non_turmeric,0,Rhizome_Healthy_Root,train,negative_train_rhizome_specimen,2f8a579e6818eec1ccb5fccf040645e3,248564
DS02_TR_RHIZOME_Rhizome Healthy Root00143.JPG,Dataset_02_Mendeley,Rhizome Healthy Root00143.JPG,turmeric_datasets\dataset_02\original\Turmeric Plant Disease\Rhizome Healthy Root\Rhizome Healthy Root00143.JPG,non_turmeric,0,Rhizome_Healthy_Root,train,negative_train_rhizome_specimen,26f0624af1df7ed4c1f1b1ff5df64ee9,343896
DS02_TR_RHIZOME_Rhizome Healthy Root00178.JPG,Dataset_02_Mendeley,Rhizome Healthy Root00178.JPG,turmeric_datasets\dataset_02\original\Turmeric Plant Disease\Rhizome Healthy Root\Rhizome Healthy Root00178.JPG,non_turmeric,0,Rhizome_Healthy_Root,train,negative_train_rhizome_specimen,f19123c91bdb5c68c55f6ba65ec1c204,306215
DS02_TR_RHIZOME_Rhizome Disease Root00045.JPG,Dataset_02_Mendeley,Rhizome Disease Root00045.JPG,turmeric_datasets\dataset_02\original\Turmeric Plant Disease\Rhizome Disease Root\Rhizome Disease Root00045.JPG,non_turmeric,0,Rhizome_Disease_Root,train,negative_train_rhizome_specimen,228c7b99ad8c7eb9cbbf21d67396c35e,239421
DS02_TR_RHIZOME_Rhizome Disease Root00149.JPG,Dataset_02_Mendeley,Rhizome Disease Root00149.JPG,turmeric_datasets\dataset_02\original\Turmeric Plant Disease\Rhizome Disease Root\Rhizome Disease Root00149.JPG,non_turmeric,0,Rhizome_Disease_Root,train,negative_train_rhizome_specimen,47f459c792f23fec37c71028aab0847b,177842
DS02_TR_RHIZOME_Rhizome Healthy Root00012.JPG,Dataset_02_Mendeley,Rhizome Healthy Root00012.JPG,turmeric_datasets\dataset_02\original\Turmeric Plant Disease\Rhizome Healthy Root\Rhizome Healthy Root00012.JPG,non_turmeric,0,Rhizome_Healthy_Root,train,negative_train_rhizome_specimen,26390a376820665c616cb015296be7fe,274576
DS02_TR_RHIZOME_Rhizome Healthy Root00274.JPG,Dataset_02_Mendeley,Rhizome Healthy Root00274.JPG,turmeric_datasets\dataset_02\original\Turmeric Plant Disease\Rhizome Healthy Root\Rhizome Healthy Root00274.JPG,non_turmeric,0,Rhizome_Healthy_Root,train,negative_train_rhizome_specimen,8af59daa4457591a2f4a556a3aa2c7cd,281722
DS02_TR_RHIZOME_Rhizome Healthy Root00186.JPG,Dataset_02_Mendeley,Rhizome Healthy Root00186.JPG,turmeric_datasets\dataset_02\original\Turmeric Plant Disease\Rhizome Healthy Root\Rhizome Healthy Root00186.JPG,non_turmeric,0,Rhizome_Healthy_Root,train,negative_train_rhizome_specimen,2df53629236a7d1cd067b88bd7fe5e37,277481
DS02_TR_RHIZOME_Rhizome Healthy Root00001.JPG,Dataset_02_Mendeley,Rhizome Healthy Root00001.JPG,turmeric_datasets\dataset_02\original\Turmeric Plant Disease\Rhizome Healthy Root\Rhizome Healthy Root00001.JPG,non_turmeric,0,Rhizome_Healthy_Root,train,negative_train_rhizome_specimen,95f4812e0242c0c1f5aede600c9a4995,263601
DS02_TR_RHIZOME_Rhizome Healthy Root00303.JPG,Dataset_02_Mendeley,Rhizome Healthy Root00303.JPG,turmeric_datasets\dataset_02\original\Turmeric Plant Disease\Rhizome Healthy Root\Rhizome Healthy Root00303.JPG,non_turmeric,0,Rhizome_Healthy_Root,train,negative_train_rhizome_specimen,d97439e11cddae60f5ee224f03445467,240943
DS02_TR_RHIZOME_Rhizome Healthy Root00308.JPG,Dataset_02_Mendeley,Rhizome Healthy Root00308.JPG,turmeric_datasets\dataset_02\original\Turmeric Plant Disease\Rhizome Healthy Root\Rhizome Healthy Root00308.JPG,non_turmeric,0,Rhizome_Healthy_Root,train,negative_train_rhizome_specimen,9e9aa96acabcf0d66fe8949fe8dc5b1a,248681
DS02_TR_RHIZOME_Rhizome Healthy Root00097.JPG,Dataset_02_Mendeley,Rhizome Healthy Root00097.JPG,turmeric_datasets\dataset_02\original\Turmeric Plant Disease\Rhizome Healthy Root\Rhizome Healthy Root00097.JPG,non_turmeric,0,Rhizome_Healthy_Root,train,negative_train_rhizome_specimen,a457d9c5372057c9098f1816273fb62d,299847
DS02_TR_RHIZOME_Rhizome Healthy Root00212.JPG,Dataset_02_Mendeley,Rhizome Healthy Root00212.JPG,turmeric_datasets\dataset_02\original\Turmeric Plant Disease\Rhizome Healthy Root\Rhizome Healthy Root00212.JPG,non_turmeric,0,Rhizome_Healthy_Root,train,negative_train_rhizome_specimen,41463e2711a8f0486706c3618499c726,235624
DS02_TR_RHIZOME_Rhizome Disease Root00037.JPG,Dataset_02_Mendeley,Rhizome Disease Root00037.JPG,turmeric_datasets\dataset_02\original\Turmeric Plant Disease\Rhizome Disease Root\Rhizome Disease Root00037.JPG,non_turmeric,0,Rhizome_Disease_Root,train,negative_train_rhizome_specimen,620997d466015b579be62fe8c9e2b5fa,255349
DS02_TR_RHIZOME_Rhizome Disease Root00157.JPG,Dataset_02_Mendeley,Rhizome Disease Root00157.JPG,turmeric_datasets\dataset_02\original\Turmeric Plant Disease\Rhizome Disease Root\Rhizome Disease Root00157.JPG,non_turmeric,0,Rhizome_Disease_Root,train,negative_train_rhizome_specimen,e0b6f118c9cd24d0e2ae88d0169602bb,145149
DS02_TR_RHIZOME_Rhizome Disease Root00011.JPG,Dataset_02_Mendeley,Rhizome Disease Root00011.JPG,turmeric_datasets\dataset_02\original\Turmeric Plant Disease\Rhizome Disease Root\Rhizome Disease Root00011.JPG,non_turmeric,0,Rhizome_Disease_Root,train,negative_train_rhizome_specimen,9c3125e104a18b49e82d886672e601fa,259710
DS02_TR_RHIZOME_Rhizome Healthy Root00173.JPG,Dataset_02_Mendeley,Rhizome Healthy Root00173.JPG,turmeric_datasets\dataset_02\original\Turmeric Plant Disease\Rhizome Healthy Root\Rhizome Healthy Root00173.JPG,non_turmeric,0,Rhizome_Healthy_Root,train,negative_train_rhizome_specimen,a911aeb0cff88e89cfb20df80900a8a0,295920
DS02_TR_RHIZOME_Rhizome Healthy Root00066.JPG,Dataset_02_Mendeley,Rhizome Healthy Root00066.JPG,turmeric_datasets\dataset_02\original\Turmeric Plant Disease\Rhizome Healthy Root\Rhizome Healthy Root00066.JPG,non_turmeric,0,Rhizome_Healthy_Root,train,negative_train_rhizome_specimen,9a29347a78d0698d9e9cac97579b6937,303037
DS02_TR_RHIZOME_Rhizome Healthy Root00283.JPG,Dataset_02_Mendeley,Rhizome Healthy Root00283.JPG,turmeric_datasets\dataset_02\original\Turmeric Plant Disease\Rhizome Healthy Root\Rhizome Healthy Root00283.JPG,non_turmeric,0,Rhizome_Healthy_Root,train,negative_train_rhizome_specimen,9c3018bfc7200a2a853dc62111c65477,261878
DS02_TR_RHIZOME_Rhizome Healthy Root00106.JPG,Dataset_02_Mendeley,Rhizome Healthy Root00106.JPG,turmeric_datasets\dataset_02\original\Turmeric Plant Disease\Rhizome Healthy Root\Rhizome Healthy Root00106.JPG,non_turmeric,0,Rhizome_Healthy_Root,train,negative_train_rhizome_specimen,531bcccfc5e17ef73e646e71ea9411f2,274926
DS02_TR_RHIZOME_Rhizome Healthy Root00280.JPG,Dataset_02_Mendeley,Rhizome Healthy Root00280.JPG,turmeric_datasets\dataset_02\original\Turmeric Plant Disease\Rhizome Healthy Root\Rhizome Healthy Root00280.JPG,non_turmeric,0,Rhizome_Healthy_Root,train,negative_train_rhizome_specimen,fdc8115025ed794c855e9cdf2f1fc3b8,277469
DS02_TR_RHIZOME_Rhizome Disease Root00090.JPG,Dataset_02_Mendeley,Rhizome Disease Root00090.JPG,turmeric_datasets\dataset_02\original\Turmeric Plant Disease\Rhizome Disease Root\Rhizome Disease Root00090.JPG,non_turmeric,0,Rhizome_Disease_Root,train,negative_train_rhizome_specimen,920715fc87ed9cdb1903ee2a74b9ef82,189729
DS02_TR_RHIZOME_Rhizome Healthy Root00002.JPG,Dataset_02_Mendeley,Rhizome Healthy Root00002.JPG,turmeric_datasets\dataset_02\original\Turmeric Plant Disease\Rhizome Healthy Root\Rhizome Healthy Root00002.JPG,non_turmeric,0,Rhizome_Healthy_Root,train,negative_train_rhizome_specimen,abd23e74324dfde0a4f91e0c78200089,262341
DS02_TR_RHIZOME_Rhizome Disease Root00101.JPG,Dataset_02_Mendeley,Rhizome Disease Root00101.JPG,turmeric_datasets\dataset_02\original\Turmeric Plant Disease\Rhizome Disease Root\Rhizome Disease Root00101.JPG,non_turmeric,0,Rhizome_Disease_Root,train,negative_train_rhizome_specimen,c9ddfcd817e2312066e02076045969ba,113409
DS02_TR_RHIZOME_Rhizome Healthy Root00092.JPG,Dataset_02_Mendeley,Rhizome Healthy Root00092.JPG,turmeric_datasets\dataset_02\original\Turmeric Plant Disease\Rhizome Healthy Root\Rhizome Healthy Root00092.JPG,non_turmeric,0,Rhizome_Healthy_Root,train,negative_train_rhizome_specimen,a8c9fe5bdc6ced8b22530f234f1fdd6f,305046
DS02_TR_RHIZOME_Rhizome Healthy Root00246.JPG,Dataset_02_Mendeley,Rhizome Healthy Root00246.JPG,turmeric_datasets\dataset_02\original\Turmeric Plant Disease\Rhizome Healthy Root\Rhizome Healthy Root00246.JPG,non_turmeric,0,Rhizome_Healthy_Root,train,negative_train_rhizome_specimen,454ae9250781745def4a94c05b38bde7,328087
DS02_TR_RHIZOME_Rhizome Disease Root00118.JPG,Dataset_02_Mendeley,Rhizome Disease Root00118.JPG,turmeric_datasets\dataset_02\original\Turmeric Plant Disease\Rhizome Disease Root\Rhizome Disease Root00118.JPG,non_turmeric,0,Rhizome_Disease_Root,train,negative_train_rhizome_specimen,11f3deaa525e8de8e38e52e6b7fd3551,214884
DS02_TR_RHIZOME_Rhizome Disease Root00181.JPG,Dataset_02_Mendeley,Rhizome Disease Root00181.JPG,turmeric_datasets\dataset_02\original\Turmeric Plant Disease\Rhizome Disease Root\Rhizome Disease Root00181.JPG,non_turmeric,0,Rhizome_Disease_Root,train,negative_train_rhizome_specimen,e2183486a5f7928a6fc5d1b0ffe0017c,166056
DS02_TR_RHIZOME_Rhizome Disease Root00140.JPG,Dataset_02_Mendeley,Rhizome Disease Root00140.JPG,turmeric_datasets\dataset_02\original\Turmeric Plant Disease\Rhizome Disease Root\Rhizome Disease Root00140.JPG,non_turmeric,0,Rhizome_Disease_Root,train,negative_train_rhizome_specimen,73f0a4a471fb5a9dd905d9656b2630c5,215623
DS02_TR_RHIZOME_Rhizome Disease Root00125.JPG,Dataset_02_Mendeley,Rhizome Disease Root00125.JPG,turmeric_datasets\dataset_02\original\Turmeric Plant Disease\Rhizome Disease Root\Rhizome Disease Root00125.JPG,non_turmeric,0,Rhizome_Disease_Root,train,negative_train_rhizome_specimen,97b9268cecc2175341deb39e1027754e,185245
DS02_TR_RHIZOME_Rhizome Disease Root00123.JPG,Dataset_02_Mendeley,Rhizome Disease Root00123.JPG,turmeric_datasets\dataset_02\original\Turmeric Plant Disease\Rhizome Disease Root\Rhizome Disease Root00123.JPG,non_turmeric,0,Rhizome_Disease_Root,train,negative_train_rhizome_specimen,21b03a0b80e40ef3a8ea5103941f2895,185114
DS02_TR_RHIZOME_Rhizome Healthy Root00070.JPG,Dataset_02_Mendeley,Rhizome Healthy Root00070.JPG,turmeric_datasets\dataset_02\original\Turmeric Plant Disease\Rhizome Healthy Root\Rhizome Healthy Root00070.JPG,non_turmeric,0,Rhizome_Healthy_Root,train,negative_train_rhizome_specimen,b018dc6955f6d2b0f44fc0345399bf71,275140
DS02_TR_RHIZOME_Rhizome Healthy Root00008.JPG,Dataset_02_Mendeley,Rhizome Healthy Root00008.JPG,turmeric_datasets\dataset_02\original\Turmeric Plant Disease\Rhizome Healthy Root\Rhizome Healthy Root00008.JPG,non_turmeric,0,Rhizome_Healthy_Root,train,negative_train_rhizome_specimen,f4112d9edd0e7b827adbc45a0f5132a1,253841
DS02_TR_RHIZOME_Rhizome Disease Root00002.JPG,Dataset_02_Mendeley,Rhizome Disease Root00002.JPG,turmeric_datasets\dataset_02\original\Turmeric Plant Disease\Rhizome Disease Root\Rhizome Disease Root00002.JPG,non_turmeric,0,Rhizome_Disease_Root,train,negative_train_rhizome_specimen,2638f69dfb5d41599aa150cf1b596a26,260493
DS02_TR_RHIZOME_Rhizome Healthy Root00149.JPG,Dataset_02_Mendeley,Rhizome Healthy Root00149.JPG,turmeric_datasets\dataset_02\original\Turmeric Plant Disease\Rhizome Healthy Root\Rhizome Healthy Root00149.JPG,non_turmeric,0,Rhizome_Healthy_Root,train,negative_train_rhizome_specimen,4c35004261837d748e2dbf7fa1458fc7,315190
DS02_TR_RHIZOME_Rhizome Healthy Root00302.JPG,Dataset_02_Mendeley,Rhizome Healthy Root00302.JPG,turmeric_datasets\dataset_02\original\Turmeric Plant Disease\Rhizome Healthy Root\Rhizome Healthy Root00302.JPG,non_turmeric,0,Rhizome_Healthy_Root,train,negative_train_rhizome_specimen,9bc0e5ddad44688c081fcdddb4aefde1,247681
DS02_TR_RHIZOME_Rhizome Healthy Root00263.JPG,Dataset_02_Mendeley,Rhizome Healthy Root00263.JPG,turmeric_datasets\dataset_02\original\Turmeric Plant Disease\Rhizome Healthy Root\Rhizome Healthy Root00263.JPG,non_turmeric,0,Rhizome_Healthy_Root,train,negative_train_rhizome_specimen,3a6fbe612291221fda947a0e7880e84f,287701
DS02_TR_RHIZOME_Rhizome Disease Root00034.JPG,Dataset_02_Mendeley,Rhizome Disease Root00034.JPG,turmeric_datasets\dataset_02\original\Turmeric Plant Disease\Rhizome Disease Root\Rhizome Disease Root00034.JPG,non_turmeric,0,Rhizome_Disease_Root,train,negative_train_rhizome_specimen,61ce1275fc24a5ed5d9f6f6415d977bc,249368
DS02_TR_RHIZOME_Rhizome Healthy Root00216.JPG,Dataset_02_Mendeley,Rhizome Healthy Root00216.JPG,turmeric_datasets\dataset_02\original\Turmeric Plant Disease\Rhizome Healthy Root\Rhizome Healthy Root00216.JPG,non_turmeric,0,Rhizome_Healthy_Root,train,negative_train_rhizome_specimen,9af8c78f46c13569ff524bba3c983715,253001
DS02_TR_RHIZOME_Rhizome Healthy Root00218.JPG,Dataset_02_Mendeley,Rhizome Healthy Root00218.JPG,turmeric_datasets\dataset_02\original\Turmeric Plant Disease\Rhizome Healthy Root\Rhizome Healthy Root00218.JPG,non_turmeric,0,Rhizome_Healthy_Root,train,negative_train_rhizome_specimen,41016ea49f9dd8ce2905493586cbbe19,340122
DS02_TR_RHIZOME_Rhizome Healthy Root00042.JPG,Dataset_02_Mendeley,Rhizome Healthy Root00042.JPG,turmeric_datasets\dataset_02\original\Turmeric Plant Disease\Rhizome Healthy Root\Rhizome Healthy Root00042.JPG,non_turmeric,0,Rhizome_Healthy_Root,train,negative_train_rhizome_specimen,94a1d85f571966896ddb29d511650b76,271796
DS02_TR_RHIZOME_Rhizome Disease Root00024.JPG,Dataset_02_Mendeley,Rhizome Disease Root00024.JPG,turmeric_datasets\dataset_02\original\Turmeric Plant Disease\Rhizome Disease Root\Rhizome Disease Root00024.JPG,non_turmeric,0,Rhizome_Disease_Root,train,negative_train_rhizome_specimen,b3978b880e3031a4ce9329a75bbdeb32,287772
DS02_TR_RHIZOME_Rhizome Disease Root00141.JPG,Dataset_02_Mendeley,Rhizome Disease Root00141.JPG,turmeric_datasets\dataset_02\original\Turmeric Plant Disease\Rhizome Disease Root\Rhizome Disease Root00141.JPG,non_turmeric,0,Rhizome_Disease_Root,train,negative_train_rhizome_specimen,fec9aa30add08eb3f20b691ac2eb9ef3,216310
DS02_TR_RHIZOME_Rhizome Disease Root00143.JPG,Dataset_02_Mendeley,Rhizome Disease Root00143.JPG,turmeric_datasets\dataset_02\original\Turmeric Plant Disease\Rhizome Disease Root\Rhizome Disease Root00143.JPG,non_turmeric,0,Rhizome_Disease_Root,train,negative_train_rhizome_specimen,a953e1495e6c543d43a8384075c565a0,171527
DS02_TR_RHIZOME_Rhizome Healthy Root00090.JPG,Dataset_02_Mendeley,Rhizome Healthy Root00090.JPG,turmeric_datasets\dataset_02\original\Turmeric Plant Disease\Rhizome Healthy Root\Rhizome Healthy Root00090.JPG,non_turmeric,0,Rhizome_Healthy_Root,train,negative_train_rhizome_specimen,75bc1f29c880f98809863921e32954f8,286832
DS02_TR_RHIZOME_Rhizome Healthy Root00068.JPG,Dataset_02_Mendeley,Rhizome Healthy Root00068.JPG,turmeric_datasets\dataset_02\original\Turmeric Plant Disease\Rhizome Healthy Root\Rhizome Healthy Root00068.JPG,non_turmeric,0,Rhizome_Healthy_Root,train,negative_train_rhizome_specimen,22a9727881725ba60a660db542530665,303235
DS02_TR_RHIZOME_Rhizome Healthy Root00030.JPG,Dataset_02_Mendeley,Rhizome Healthy Root00030.JPG,turmeric_datasets\dataset_02\original\Turmeric Plant Disease\Rhizome Healthy Root\Rhizome Healthy Root00030.JPG,non_turmeric,0,Rhizome_Healthy_Root,train,negative_train_rhizome_specimen,565c59f72ef7cddc9a317d9d1407ff19,154456
DS02_TR_RHIZOME_Rhizome Healthy Root00057.JPG,Dataset_02_Mendeley,Rhizome Healthy Root00057.JPG,turmeric_datasets\dataset_02\original\Turmeric Plant Disease\Rhizome Healthy Root\Rhizome Healthy Root00057.JPG,non_turmeric,0,Rhizome_Healthy_Root,train,negative_train_rhizome_specimen,898a5d289801cea1a45b9962d9d230e0,228297
DS02_TR_RHIZOME_Rhizome Healthy Root00276.JPG,Dataset_02_Mendeley,Rhizome Healthy Root00276.JPG,turmeric_datasets\dataset_02\original\Turmeric Plant Disease\Rhizome Healthy Root\Rhizome Healthy Root00276.JPG,non_turmeric,0,Rhizome_Healthy_Root,train,negative_train_rhizome_specimen,3d896ed5c1e30db9aea8b4c5e226e8e2,276382
DS02_TR_RHIZOME_Rhizome Healthy Root00284.JPG,Dataset_02_Mendeley,Rhizome Healthy Root00284.JPG,turmeric_datasets\dataset_02\original\Turmeric Plant Disease\Rhizome Healthy Root\Rhizome Healthy Root00284.JPG,non_turmeric,0,Rhizome_Healthy_Root,train,negative_train_rhizome_specimen,de455ae7d77ede623ad0d73d4941240f,256690
DS02_TR_RHIZOME_Rhizome Healthy Root00082.JPG,Dataset_02_Mendeley,Rhizome Healthy Root00082.JPG,turmeric_datasets\dataset_02\original\Turmeric Plant Disease\Rhizome Healthy Root\Rhizome Healthy Root00082.JPG,non_turmeric,0,Rhizome_Healthy_Root,train,negative_train_rhizome_specimen,9e48285c90bd129b179ec3e66fd56888,315723
DS02_TR_RHIZOME_Rhizome Disease Root00075.JPG,Dataset_02_Mendeley,Rhizome Disease Root00075.JPG,turmeric_datasets\dataset_02\original\Turmeric Plant Disease\Rhizome Disease Root\Rhizome Disease Root00075.JPG,non_turmeric,0,Rhizome_Disease_Root,train,negative_train_rhizome_specimen,b069096277ebc36bd87c3fc5513b0443,223656
DS02_TR_RHIZOME_Rhizome Disease Root00115.JPG,Dataset_02_Mendeley,Rhizome Disease Root00115.JPG,turmeric_datasets\dataset_02\original\Turmeric Plant Disease\Rhizome Disease Root\Rhizome Disease Root00115.JPG,non_turmeric,0,Rhizome_Disease_Root,train,negative_train_rhizome_specimen,c27a74939ede4f76bd9b429cf94d03cc,163192
DS02_TR_RHIZOME_Rhizome Healthy Root00225.JPG,Dataset_02_Mendeley,Rhizome Healthy Root00225.JPG,turmeric_datasets\dataset_02\original\Turmeric Plant Disease\Rhizome Healthy Root\Rhizome Healthy Root00225.JPG,non_turmeric,0,Rhizome_Healthy_Root,train,negative_train_rhizome_specimen,2e16a82709205af54de3d63a1ec7767b,353344
DS02_TR_RHIZOME_Rhizome Disease Root00017.JPG,Dataset_02_Mendeley,Rhizome Disease Root00017.JPG,turmeric_datasets\dataset_02\original\Turmeric Plant Disease\Rhizome Disease Root\Rhizome Disease Root00017.JPG,non_turmeric,0,Rhizome_Disease_Root,train,negative_train_rhizome_specimen,0a4564052f78f1c420e5b86489c4c0cc,355784
DS02_TR_RHIZOME_Rhizome Healthy Root00243.JPG,Dataset_02_Mendeley,Rhizome Healthy Root00243.JPG,turmeric_datasets\dataset_02\original\Turmeric Plant Disease\Rhizome Healthy Root\Rhizome Healthy Root00243.JPG,non_turmeric,0,Rhizome_Healthy_Root,train,negative_train_rhizome_specimen,5003b6ae0aca5e72048fa933b3dee5ec,358349
DS02_TR_RHIZOME_Rhizome Disease Root00018.JPG,Dataset_02_Mendeley,Rhizome Disease Root00018.JPG,turmeric_datasets\dataset_02\original\Turmeric Plant Disease\Rhizome Disease Root\Rhizome Disease Root00018.JPG,non_turmeric,0,Rhizome_Disease_Root,train,negative_train_rhizome_specimen,b3c244b3ba9f0055e1a768b87827ad8d,176658
DS02_TR_RHIZOME_Rhizome Healthy Root00155.JPG,Dataset_02_Mendeley,Rhizome Healthy Root00155.JPG,turmeric_datasets\dataset_02\original\Turmeric Plant Disease\Rhizome Healthy Root\Rhizome Healthy Root00155.JPG,non_turmeric,0,Rhizome_Healthy_Root,train,negative_train_rhizome_specimen,bc2e20242c0da25ee6a4d32f8f5d8756,358892
DS02_TR_RHIZOME_Rhizome Healthy Root00307.JPG,Dataset_02_Mendeley,Rhizome Healthy Root00307.JPG,turmeric_datasets\dataset_02\original\Turmeric Plant Disease\Rhizome Healthy Root\Rhizome Healthy Root00307.JPG,non_turmeric,0,Rhizome_Healthy_Root,train,negative_train_rhizome_specimen,a101a72addc4931c9474438bb583ed0f,244417
DS02_TR_RHIZOME_Rhizome Disease Root00158.JPG,Dataset_02_Mendeley,Rhizome Disease Root00158.JPG,turmeric_datasets\dataset_02\original\Turmeric Plant Disease\Rhizome Disease Root\Rhizome Disease Root00158.JPG,non_turmeric,0,Rhizome_Disease_Root,train,negative_train_rhizome_specimen,4d4c08bd4d2c63ddcd519d86f13a759b,152379
DS02_TR_RHIZOME_Rhizome Healthy Root00147.JPG,Dataset_02_Mendeley,Rhizome Healthy Root00147.JPG,turmeric_datasets\dataset_02\original\Turmeric Plant Disease\Rhizome Healthy Root\Rhizome Healthy Root00147.JPG,non_turmeric,0,Rhizome_Healthy_Root,train,negative_train_rhizome_specimen,981df4f26610299c7ce4e837bd7d7701,332464
DS02_TR_RHIZOME_Rhizome Disease Root00175.JPG,Dataset_02_Mendeley,Rhizome Disease Root00175.JPG,turmeric_datasets\dataset_02\original\Turmeric Plant Disease\Rhizome Disease Root\Rhizome Disease Root00175.JPG,non_turmeric,0,Rhizome_Disease_Root,train,negative_train_rhizome_specimen,0b9f79d7fc7e23192e5466e610043ed4,157890
DS02_TR_RHIZOME_Rhizome Disease Root00127.JPG,Dataset_02_Mendeley,Rhizome Disease Root00127.JPG,turmeric_datasets\dataset_02\original\Turmeric Plant Disease\Rhizome Disease Root\Rhizome Disease Root00127.JPG,non_turmeric,0,Rhizome_Disease_Root,train,negative_train_rhizome_specimen,b4543d92ff3c67da20df9b1bd43c4d1e,163326
DS02_TR_RHIZOME_Rhizome Healthy Root00085.JPG,Dataset_02_Mendeley,Rhizome Healthy Root00085.JPG,turmeric_datasets\dataset_02\original\Turmeric Plant Disease\Rhizome Healthy Root\Rhizome Healthy Root00085.JPG,non_turmeric,0,Rhizome_Healthy_Root,train,negative_train_rhizome_specimen,e924fe782312577b991d48492d57404a,334819
DS02_TR_RHIZOME_Rhizome Healthy Root00258.JPG,Dataset_02_Mendeley,Rhizome Healthy Root00258.JPG,turmeric_datasets\dataset_02\original\Turmeric Plant Disease\Rhizome Healthy Root\Rhizome Healthy Root00258.JPG,non_turmeric,0,Rhizome_Healthy_Root,train,negative_train_rhizome_specimen,91d9769502eb9d14b0fa4c40008f4840,292016
DS02_TR_RHIZOME_Rhizome Disease Root00048.JPG,Dataset_02_Mendeley,Rhizome Disease Root00048.JPG,turmeric_datasets\dataset_02\original\Turmeric Plant Disease\Rhizome Disease Root\Rhizome Disease Root00048.JPG,non_turmeric,0,Rhizome_Disease_Root,train,negative_train_rhizome_specimen,4e8689a432f244b9f9ca69707f6c8fb1,268461
DS02_TR_RHIZOME_Rhizome Healthy Root00223.JPG,Dataset_02_Mendeley,Rhizome Healthy Root00223.JPG,turmeric_datasets\dataset_02\original\Turmeric Plant Disease\Rhizome Healthy Root\Rhizome Healthy Root00223.JPG,non_turmeric,0,Rhizome_Healthy_Root,train,negative_train_rhizome_specimen,ddcd3372be474eb62a49e48ae8bd2db1,314463
DS02_TR_RHIZOME_Rhizome Healthy Root00279.JPG,Dataset_02_Mendeley,Rhizome Healthy Root00279.JPG,turmeric_datasets\dataset_02\original\Turmeric Plant Disease\Rhizome Healthy Root\Rhizome Healthy Root00279.JPG,non_turmeric,0,Rhizome_Healthy_Root,train,negative_train_rhizome_specimen,f87ca0bd26130e59e44d1b67c98ae856,265621
DS02_TR_RHIZOME_Rhizome Disease Root00054.JPG,Dataset_02_Mendeley,Rhizome Disease Root00054.JPG,turmeric_datasets\dataset_02\original\Turmeric Plant Disease\Rhizome Disease Root\Rhizome Disease Root00054.JPG,non_turmeric,0,Rhizome_Disease_Root,train,negative_train_rhizome_specimen,81cd44a6319141864b9c7a0fea163b82,258457
DS02_TR_RHIZOME_Rhizome Disease Root00172.JPG,Dataset_02_Mendeley,Rhizome Disease Root00172.JPG,turmeric_datasets\dataset_02\original\Turmeric Plant Disease\Rhizome Disease Root\Rhizome Disease Root00172.JPG,non_turmeric,0,Rhizome_Disease_Root,train,negative_train_rhizome_specimen,285dd6f22d39275f396dc17f3dd92a60,237689
DS02_TR_RHIZOME_Rhizome Disease Root00074.JPG,Dataset_02_Mendeley,Rhizome Disease Root00074.JPG,turmeric_datasets\dataset_02\original\Turmeric Plant Disease\Rhizome Disease Root\Rhizome Disease Root00074.JPG,non_turmeric,0,Rhizome_Disease_Root,train,negative_train_rhizome_specimen,cfa3540b2764187bba5545e79fcd94c7,212912
DS02_TR_RHIZOME_Rhizome Disease Root00009.JPG,Dataset_02_Mendeley,Rhizome Disease Root00009.JPG,turmeric_datasets\dataset_02\original\Turmeric Plant Disease\Rhizome Disease Root\Rhizome Disease Root00009.JPG,non_turmeric,0,Rhizome_Disease_Root,train,negative_train_rhizome_specimen,874289d929aaa6adfba23c4ac321207d,223579
DS02_TR_RHIZOME_Rhizome Healthy Root00125.JPG,Dataset_02_Mendeley,Rhizome Healthy Root00125.JPG,turmeric_datasets\dataset_02\original\Turmeric Plant Disease\Rhizome Healthy Root\Rhizome Healthy Root00125.JPG,non_turmeric,0,Rhizome_Healthy_Root,train,negative_train_rhizome_specimen,52a62913bf3e60e8d40ec7749a42988e,366051
DS02_TR_RHIZOME_Rhizome Healthy Root00043.JPG,Dataset_02_Mendeley,Rhizome Healthy Root00043.JPG,turmeric_datasets\dataset_02\original\Turmeric Plant Disease\Rhizome Healthy Root\Rhizome Healthy Root00043.JPG,non_turmeric,0,Rhizome_Healthy_Root,train,negative_train_rhizome_specimen,90a1675cb54a29e34b3921aee3793994,263039
DS02_TR_RHIZOME_Rhizome Healthy Root00158.JPG,Dataset_02_Mendeley,Rhizome Healthy Root00158.JPG,turmeric_datasets\dataset_02\original\Turmeric Plant Disease\Rhizome Healthy Root\Rhizome Healthy Root00158.JPG,non_turmeric,0,Rhizome_Healthy_Root,train,negative_train_rhizome_specimen,665edf31d6cfbdc0e6d63480813fa301,357336
DS02_TR_RHIZOME_Rhizome Healthy Root00226.JPG,Dataset_02_Mendeley,Rhizome Healthy Root00226.JPG,turmeric_datasets\dataset_02\original\Turmeric Plant Disease\Rhizome Healthy Root\Rhizome Healthy Root00226.JPG,non_turmeric,0,Rhizome_Healthy_Root,train,negative_train_rhizome_specimen,522cb2ca4787b122f3359a750a7c2e3c,354372
DS02_TR_RHIZOME_Rhizome Healthy Root00182.JPG,Dataset_02_Mendeley,Rhizome Healthy Root00182.JPG,turmeric_datasets\dataset_02\original\Turmeric Plant Disease\Rhizome Healthy Root\Rhizome Healthy Root00182.JPG,non_turmeric,0,Rhizome_Healthy_Root,train,negative_train_rhizome_specimen,0e84c5c63da9b68687df11dc4fb215a5,290029
DS02_TR_RHIZOME_Rhizome Disease Root00166.JPG,Dataset_02_Mendeley,Rhizome Disease Root00166.JPG,turmeric_datasets\dataset_02\original\Turmeric Plant Disease\Rhizome Disease Root\Rhizome Disease Root00166.JPG,non_turmeric,0,Rhizome_Disease_Root,train,negative_train_rhizome_specimen,1a1a727410c8cb5d7a44230bbeb0b2d7,209471
DS02_TR_RHIZOME_Rhizome Healthy Root00138.JPG,Dataset_02_Mendeley,Rhizome Healthy Root00138.JPG,turmeric_datasets\dataset_02\original\Turmeric Plant Disease\Rhizome Healthy Root\Rhizome Healthy Root00138.JPG,non_turmeric,0,Rhizome_Healthy_Root,train,negative_train_rhizome_specimen,4f550591acd7f2fc81972337521c98fd,347938
DS02_TR_RHIZOME_Rhizome Healthy Root00038.JPG,Dataset_02_Mendeley,Rhizome Healthy Root00038.JPG,turmeric_datasets\dataset_02\original\Turmeric Plant Disease\Rhizome Healthy Root\Rhizome Healthy Root00038.JPG,non_turmeric,0,Rhizome_Healthy_Root,train,negative_train_rhizome_specimen,f155cf4222a47c5624785b404e7d4580,248160
DS02_TR_RHIZOME_Rhizome Healthy Root00187.JPG,Dataset_02_Mendeley,Rhizome Healthy Root00187.JPG,turmeric_datasets\dataset_02\original\Turmeric Plant Disease\Rhizome Healthy Root\Rhizome Healthy Root00187.JPG,non_turmeric,0,Rhizome_Healthy_Root,train,negative_train_rhizome_specimen,9f8190fe713742e7fc74de3531a1d711,281186
DS02_TR_RHIZOME_Rhizome Disease Root00069.JPG,Dataset_02_Mendeley,Rhizome Disease Root00069.JPG,turmeric_datasets\dataset_02\original\Turmeric Plant Disease\Rhizome Disease Root\Rhizome Disease Root00069.JPG,non_turmeric,0,Rhizome_Disease_Root,train,negative_train_rhizome_specimen,31c58b6f7afd6e22bc86891f0e61a564,217050
DS02_TR_RHIZOME_Rhizome Disease Root00151.JPG,Dataset_02_Mendeley,Rhizome Disease Root00151.JPG,turmeric_datasets\dataset_02\original\Turmeric Plant Disease\Rhizome Disease Root\Rhizome Disease Root00151.JPG,non_turmeric,0,Rhizome_Disease_Root,train,negative_train_rhizome_specimen,621f1bf477c4b6041fe87aab5f4b527f,163296
DS02_TR_RHIZOME_Rhizome Disease Root00004.JPG,Dataset_02_Mendeley,Rhizome Disease Root00004.JPG,turmeric_datasets\dataset_02\original\Turmeric Plant Disease\Rhizome Disease Root\Rhizome Disease Root00004.JPG,non_turmeric,0,Rhizome_Disease_Root,train,negative_train_rhizome_specimen,11fca96672c3764f9589e107a83d7c7b,342971
DS02_TR_RHIZOME_Rhizome Disease Root00071.JPG,Dataset_02_Mendeley,Rhizome Disease Root00071.JPG,turmeric_datasets\dataset_02\original\Turmeric Plant Disease\Rhizome Disease Root\Rhizome Disease Root00071.JPG,non_turmeric,0,Rhizome_Disease_Root,train,negative_train_rhizome_specimen,51bf58fd71bd7c70e2f49a60d3807c07,202460
DS02_TR_RHIZOME_Rhizome Disease Root00182.JPG,Dataset_02_Mendeley,Rhizome Disease Root00182.JPG,turmeric_datasets\dataset_02\original\Turmeric Plant Disease\Rhizome Disease Root\Rhizome Disease Root00182.JPG,non_turmeric,0,Rhizome_Disease_Root,train,negative_train_rhizome_specimen,4474b37925527f38479846ca9628214f,174507
DS02_TR_RHIZOME_Rhizome Healthy Root00159.JPG,Dataset_02_Mendeley,Rhizome Healthy Root00159.JPG,turmeric_datasets\dataset_02\original\Turmeric Plant Disease\Rhizome Healthy Root\Rhizome Healthy Root00159.JPG,non_turmeric,0,Rhizome_Healthy_Root,train,negative_train_rhizome_specimen,fdfe3bc929b4abc6a6c96cfae8083c18,361049
DS02_TR_RHIZOME_Rhizome Disease Root00103.JPG,Dataset_02_Mendeley,Rhizome Disease Root00103.JPG,turmeric_datasets\dataset_02\original\Turmeric Plant Disease\Rhizome Disease Root\Rhizome Disease Root00103.JPG,non_turmeric,0,Rhizome_Disease_Root,train,negative_train_rhizome_specimen,721dd51d71c3f3ffe6bd4f4e7fffc9c3,194071
DS02_TR_RHIZOME_Rhizome Healthy Root00260.JPG,Dataset_02_Mendeley,Rhizome Healthy Root00260.JPG,turmeric_datasets\dataset_02\original\Turmeric Plant Disease\Rhizome Healthy Root\Rhizome Healthy Root00260.JPG,non_turmeric,0,Rhizome_Healthy_Root,train,negative_train_rhizome_specimen,e60d57a3e35ad4b9589ab009670d026e,301830
DS02_TR_RHIZOME_Rhizome Disease Root00098.JPG,Dataset_02_Mendeley,Rhizome Disease Root00098.JPG,turmeric_datasets\dataset_02\original\Turmeric Plant Disease\Rhizome Disease Root\Rhizome Disease Root00098.JPG,non_turmeric,0,Rhizome_Disease_Root,train,negative_train_rhizome_specimen,d4989fcf0cf3f2273a862d55e2246d6d,231805
DS02_TR_RHIZOME_Rhizome Disease Root00177.JPG,Dataset_02_Mendeley,Rhizome Disease Root00177.JPG,turmeric_datasets\dataset_02\original\Turmeric Plant Disease\Rhizome Disease Root\Rhizome Disease Root00177.JPG,non_turmeric,0,Rhizome_Disease_Root,train,negative_train_rhizome_specimen,d482e1ce6c8815489bd2da2714ec056f,152811
DS02_TR_RHIZOME_Rhizome Healthy Root00305.JPG,Dataset_02_Mendeley,Rhizome Healthy Root00305.JPG,turmeric_datasets\dataset_02\original\Turmeric Plant Disease\Rhizome Healthy Root\Rhizome Healthy Root00305.JPG,non_turmeric,0,Rhizome_Healthy_Root,train,negative_train_rhizome_specimen,3958a553c057682379109be37c64c911,232272
DS02_TR_RHIZOME_Rhizome Healthy Root00102.JPG,Dataset_02_Mendeley,Rhizome Healthy Root00102.JPG,turmeric_datasets\dataset_02\original\Turmeric Plant Disease\Rhizome Healthy Root\Rhizome Healthy Root00102.JPG,non_turmeric,0,Rhizome_Healthy_Root,train,negative_train_rhizome_specimen,39de10f965be0f68a63f24a8fdce0789,278866
DS02_TR_RHIZOME_Rhizome Disease Root00100.JPG,Dataset_02_Mendeley,Rhizome Disease Root00100.JPG,turmeric_datasets\dataset_02\original\Turmeric Plant Disease\Rhizome Disease Root\Rhizome Disease Root00100.JPG,non_turmeric,0,Rhizome_Disease_Root,train,negative_train_rhizome_specimen,35690e44e9c6a245cf8d3904c893c3b7,165851
DS02_TR_RHIZOME_Rhizome Disease Root00030.JPG,Dataset_02_Mendeley,Rhizome Disease Root00030.JPG,turmeric_datasets\dataset_02\original\Turmeric Plant Disease\Rhizome Disease Root\Rhizome Disease Root00030.JPG,non_turmeric,0,Rhizome_Disease_Root,train,negative_train_rhizome_specimen,a39555ea18e41b546e4d795329f3cec3,258043
DS02_TR_RHIZOME_Rhizome Healthy Root00047.JPG,Dataset_02_Mendeley,Rhizome Healthy Root00047.JPG,turmeric_datasets\dataset_02\original\Turmeric Plant Disease\Rhizome Healthy Root\Rhizome Healthy Root00047.JPG,non_turmeric,0,Rhizome_Healthy_Root,train,negative_train_rhizome_specimen,ca9227bbb9050e1ab38e248f9f944010,240487
DS02_VAL_RHIZOME_Rhizome Disease Root00050.JPG,Dataset_02_Mendeley,Rhizome Disease Root00050.JPG,turmeric_datasets\dataset_02\original\Turmeric Plant Disease\Rhizome Disease Root\Rhizome Disease Root00050.JPG,non_turmeric,0,Rhizome_Disease_Root,val,negative_val_rhizome_specimen,e7a4d92a12b8ddcdd30901191cb782ed,241238
DS02_VAL_RHIZOME_Rhizome Disease Root00068.JPG,Dataset_02_Mendeley,Rhizome Disease Root00068.JPG,turmeric_datasets\dataset_02\original\Turmeric Plant Disease\Rhizome Disease Root\Rhizome Disease Root00068.JPG,non_turmeric,0,Rhizome_Disease_Root,val,negative_val_rhizome_specimen,a965745d9e29675360b8afaff857e227,185402
DS02_VAL_RHIZOME_Rhizome Disease Root00154.JPG,Dataset_02_Mendeley,Rhizome Disease Root00154.JPG,turmeric_datasets\dataset_02\original\Turmeric Plant Disease\Rhizome Disease Root\Rhizome Disease Root00154.JPG,non_turmeric,0,Rhizome_Disease_Root,val,negative_val_rhizome_specimen,7e7bc126e6d6a6d6fce1b2ed379e755c,230140
DS02_VAL_RHIZOME_Rhizome Healthy Root00157.JPG,Dataset_02_Mendeley,Rhizome Healthy Root00157.JPG,turmeric_datasets\dataset_02\original\Turmeric Plant Disease\Rhizome Healthy Root\Rhizome Healthy Root00157.JPG,non_turmeric,0,Rhizome_Healthy_Root,val,negative_val_rhizome_specimen,68fb7693d0046b97cde6702293b368cc,360860
DS02_VAL_RHIZOME_Rhizome Disease Root00062.JPG,Dataset_02_Mendeley,Rhizome Disease Root00062.JPG,turmeric_datasets\dataset_02\original\Turmeric Plant Disease\Rhizome Disease Root\Rhizome Disease Root00062.JPG,non_turmeric,0,Rhizome_Disease_Root,val,negative_val_rhizome_specimen,60fb5429c78adcc8463f40ced39eeab6,230863
DS02_VAL_RHIZOME_Rhizome Healthy Root00124.JPG,Dataset_02_Mendeley,Rhizome Healthy Root00124.JPG,turmeric_datasets\dataset_02\original\Turmeric Plant Disease\Rhizome Healthy Root\Rhizome Healthy Root00124.JPG,non_turmeric,0,Rhizome_Healthy_Root,val,negative_val_rhizome_specimen,d3b15b71a484f584403881029d0ff114,362289
DS02_VAL_RHIZOME_Rhizome Healthy Root00202.JPG,Dataset_02_Mendeley,Rhizome Healthy Root00202.JPG,turmeric_datasets\dataset_02\original\Turmeric Plant Disease\Rhizome Healthy Root\Rhizome Healthy Root00202.JPG,non_turmeric,0,Rhizome_Healthy_Root,val,negative_val_rhizome_specimen,1ed9fa27b2ea2fad50401bdcd004d6db,225762
DS02_VAL_RHIZOME_Rhizome Healthy Root00210.JPG,Dataset_02_Mendeley,Rhizome Healthy Root00210.JPG,turmeric_datasets\dataset_02\original\Turmeric Plant Disease\Rhizome Healthy Root\Rhizome Healthy Root00210.JPG,non_turmeric,0,Rhizome_Healthy_Root,val,negative_val_rhizome_specimen,acb8c1dd765688188058d9e7be396ebb,270317
DS02_VAL_RHIZOME_Rhizome Healthy Root00098.JPG,Dataset_02_Mendeley,Rhizome Healthy Root00098.JPG,turmeric_datasets\dataset_02\original\Turmeric Plant Disease\Rhizome Healthy Root\Rhizome Healthy Root00098.JPG,non_turmeric,0,Rhizome_Healthy_Root,val,negative_val_rhizome_specimen,127856f6a9fdd1ce44827688f671b149,270268
DS02_VAL_RHIZOME_Rhizome Healthy Root00207.JPG,Dataset_02_Mendeley,Rhizome Healthy Root00207.JPG,turmeric_datasets\dataset_02\original\Turmeric Plant Disease\Rhizome Healthy Root\Rhizome Healthy Root00207.JPG,non_turmeric,0,Rhizome_Healthy_Root,val,negative_val_rhizome_specimen,415b7a2182f97397c19e67f9c9952e95,235836
DS02_VAL_RHIZOME_Rhizome Disease Root00044.JPG,Dataset_02_Mendeley,Rhizome Disease Root00044.JPG,turmeric_datasets\dataset_02\original\Turmeric Plant Disease\Rhizome Disease Root\Rhizome Disease Root00044.JPG,non_turmeric,0,Rhizome_Disease_Root,val,negative_val_rhizome_specimen,804e899f12fe1e6749a10512c9bb9199,199542
DS02_VAL_RHIZOME_Rhizome Healthy Root00256.JPG,Dataset_02_Mendeley,Rhizome Healthy Root00256.JPG,turmeric_datasets\dataset_02\original\Turmeric Plant Disease\Rhizome Healthy Root\Rhizome Healthy Root00256.JPG,non_turmeric,0,Rhizome_Healthy_Root,val,negative_val_rhizome_specimen,af4be6c3d9c197f7a751d5f36cb265fd,312435
DS02_VAL_RHIZOME_Rhizome Disease Root00139.JPG,Dataset_02_Mendeley,Rhizome Disease Root00139.JPG,turmeric_datasets\dataset_02\original\Turmeric Plant Disease\Rhizome Disease Root\Rhizome Disease Root00139.JPG,non_turmeric,0,Rhizome_Disease_Root,val,negative_val_rhizome_specimen,dec7e5c0e70975e2c3a6a9db55e1f9c2,140181
DS02_VAL_RHIZOME_Rhizome Disease Root00144.JPG,Dataset_02_Mendeley,Rhizome Disease Root00144.JPG,turmeric_datasets\dataset_02\original\Turmeric Plant Disease\Rhizome Disease Root\Rhizome Disease Root00144.JPG,non_turmeric,0,Rhizome_Disease_Root,val,negative_val_rhizome_specimen,de07123467bdc146fc8e5d2efa98a740,169723
DS02_VAL_RHIZOME_Rhizome Healthy Root00062.JPG,Dataset_02_Mendeley,Rhizome Healthy Root00062.JPG,turmeric_datasets\dataset_02\original\Turmeric Plant Disease\Rhizome Healthy Root\Rhizome Healthy Root00062.JPG,non_turmeric,0,Rhizome_Healthy_Root,val,negative_val_rhizome_specimen,48fe944f0383d17a23c340b28903f7b2,285670
DS02_VAL_RHIZOME_Rhizome Disease Root00162.JPG,Dataset_02_Mendeley,Rhizome Disease Root00162.JPG,turmeric_datasets\dataset_02\original\Turmeric Plant Disease\Rhizome Disease Root\Rhizome Disease Root00162.JPG,non_turmeric,0,Rhizome_Disease_Root,val,negative_val_rhizome_specimen,65f7320024049d9d814f0603cca5f10a,149536
DS02_VAL_RHIZOME_Rhizome Disease Root00120.JPG,Dataset_02_Mendeley,Rhizome Disease Root00120.JPG,turmeric_datasets\dataset_02\original\Turmeric Plant Disease\Rhizome Disease Root\Rhizome Disease Root00120.JPG,non_turmeric,0,Rhizome_Disease_Root,val,negative_val_rhizome_specimen,8bffb2bb37284bc7c041e69aeea7cf24,213443
DS02_VAL_RHIZOME_Rhizome Healthy Root00169.JPG,Dataset_02_Mendeley,Rhizome Healthy Root00169.JPG,turmeric_datasets\dataset_02\original\Turmeric Plant Disease\Rhizome Healthy Root\Rhizome Healthy Root00169.JPG,non_turmeric,0,Rhizome_Healthy_Root,val,negative_val_rhizome_specimen,1c0fc21d0d4e9ae6cc10c4fdff374670,301477
DS02_VAL_RHIZOME_Rhizome Healthy Root00137.JPG,Dataset_02_Mendeley,Rhizome Healthy Root00137.JPG,turmeric_datasets\dataset_02\original\Turmeric Plant Disease\Rhizome Healthy Root\Rhizome Healthy Root00137.JPG,non_turmeric,0,Rhizome_Healthy_Root,val,negative_val_rhizome_specimen,dc9607e25a5630f81a50627181f8fbdc,344992
DS02_VAL_RHIZOME_Rhizome Disease Root00057.JPG,Dataset_02_Mendeley,Rhizome Disease Root00057.JPG,turmeric_datasets\dataset_02\original\Turmeric Plant Disease\Rhizome Disease Root\Rhizome Disease Root00057.JPG,non_turmeric,0,Rhizome_Disease_Root,val,negative_val_rhizome_specimen,57ba931120364a01880fe0a2c4cf678d,188391
DS02_VAL_RHIZOME_Rhizome Healthy Root00029.JPG,Dataset_02_Mendeley,Rhizome Healthy Root00029.JPG,turmeric_datasets\dataset_02\original\Turmeric Plant Disease\Rhizome Healthy Root\Rhizome Healthy Root00029.JPG,non_turmeric,0,Rhizome_Healthy_Root,val,negative_val_rhizome_specimen,3ecacd9a6f5ca931d5ae820ad919cb99,154763
DS02_VAL_RHIZOME_Rhizome Healthy Root00046.JPG,Dataset_02_Mendeley,Rhizome Healthy Root00046.JPG,turmeric_datasets\dataset_02\original\Turmeric Plant Disease\Rhizome Healthy Root\Rhizome Healthy Root00046.JPG,non_turmeric,0,Rhizome_Healthy_Root,val,negative_val_rhizome_specimen,ee9a8ee9483e7c96cb2dfa6d2e3adecd,242032
DS02_VAL_RHIZOME_Rhizome Disease Root00079.JPG,Dataset_02_Mendeley,Rhizome Disease Root00079.JPG,turmeric_datasets\dataset_02\original\Turmeric Plant Disease\Rhizome Disease Root\Rhizome Disease Root00079.JPG,non_turmeric,0,Rhizome_Disease_Root,val,negative_val_rhizome_specimen,38fdedfee2c8c08951ee65888ce2ffac,187239
DS02_VAL_RHIZOME_Rhizome Healthy Root00114.JPG,Dataset_02_Mendeley,Rhizome Healthy Root00114.JPG,turmeric_datasets\dataset_02\original\Turmeric Plant Disease\Rhizome Healthy Root\Rhizome Healthy Root00114.JPG,non_turmeric,0,Rhizome_Healthy_Root,val,negative_val_rhizome_specimen,40c3e662a6c16dbb09d90456c7aa5e82,267184
DS02_VAL_RHIZOME_Rhizome Disease Root00014.JPG,Dataset_02_Mendeley,Rhizome Disease Root00014.JPG,turmeric_datasets\dataset_02\original\Turmeric Plant Disease\Rhizome Disease Root\Rhizome Disease Root00014.JPG,non_turmeric,0,Rhizome_Disease_Root,val,negative_val_rhizome_specimen,ee7b3d091fc93465f41e5ae8b9f67489,268945
DS02_VAL_RHIZOME_Rhizome Healthy Root00206.JPG,Dataset_02_Mendeley,Rhizome Healthy Root00206.JPG,turmeric_datasets\dataset_02\original\Turmeric Plant Disease\Rhizome Healthy Root\Rhizome Healthy Root00206.JPG,non_turmeric,0,Rhizome_Healthy_Root,val,negative_val_rhizome_specimen,5eff68a3acbe793e5b1f700a305802ba,240318
DS02_VAL_RHIZOME_Rhizome Disease Root00035.JPG,Dataset_02_Mendeley,Rhizome Disease Root00035.JPG,turmeric_datasets\dataset_02\original\Turmeric Plant Disease\Rhizome Disease Root\Rhizome Disease Root00035.JPG,non_turmeric,0,Rhizome_Disease_Root,val,negative_val_rhizome_specimen,f9c8da3794d3757ccdd2cca0c077ab7b,270557
DS02_VAL_RHIZOME_Rhizome Disease Root00040.JPG,Dataset_02_Mendeley,Rhizome Disease Root00040.JPG,turmeric_datasets\dataset_02\original\Turmeric Plant Disease\Rhizome Disease Root\Rhizome Disease Root00040.JPG,non_turmeric,0,Rhizome_Disease_Root,val,negative_val_rhizome_specimen,022cd7121dc843d40b6fd2eb17e9864f,212326
DS02_VAL_RHIZOME_Rhizome Healthy Root00171.JPG,Dataset_02_Mendeley,Rhizome Healthy Root00171.JPG,turmeric_datasets\dataset_02\original\Turmeric Plant Disease\Rhizome Healthy Root\Rhizome Healthy Root00171.JPG,non_turmeric,0,Rhizome_Healthy_Root,val,negative_val_rhizome_specimen,64edb0e9223e1cbc433d54576c69cdb6,364410
DS02_VAL_RHIZOME_Rhizome Disease Root00001.JPG,Dataset_02_Mendeley,Rhizome Disease Root00001.JPG,turmeric_datasets\dataset_02\original\Turmeric Plant Disease\Rhizome Disease Root\Rhizome Disease Root00001.JPG,non_turmeric,0,Rhizome_Disease_Root,val,negative_val_rhizome_specimen,d0cb869a7dae55ded2a1e5c3765939c7,223602
DS02_VAL_RHIZOME_Rhizome Healthy Root00051.JPG,Dataset_02_Mendeley,Rhizome Healthy Root00051.JPG,turmeric_datasets\dataset_02\original\Turmeric Plant Disease\Rhizome Healthy Root\Rhizome Healthy Root00051.JPG,non_turmeric,0,Rhizome_Healthy_Root,val,negative_val_rhizome_specimen,f02fd8442637ce38e857e425f50df901,214636
DS02_VAL_RHIZOME_Rhizome Healthy Root00214.JPG,Dataset_02_Mendeley,Rhizome Healthy Root00214.JPG,turmeric_datasets\dataset_02\original\Turmeric Plant Disease\Rhizome Healthy Root\Rhizome Healthy Root00214.JPG,non_turmeric,0,Rhizome_Healthy_Root,val,negative_val_rhizome_specimen,db09a4ee4e9f33b0b3e00b3a01aadf45,301652
DS02_VAL_RHIZOME_Rhizome Healthy Root00075.JPG,Dataset_02_Mendeley,Rhizome Healthy Root00075.JPG,turmeric_datasets\dataset_02\original\Turmeric Plant Disease\Rhizome Healthy Root\Rhizome Healthy Root00075.JPG,non_turmeric,0,Rhizome_Healthy_Root,val,negative_val_rhizome_specimen,f32e5d552bf960944262241dda2eda42,317616
DS02_VAL_RHIZOME_Rhizome Healthy Root00306.JPG,Dataset_02_Mendeley,Rhizome Healthy Root00306.JPG,turmeric_datasets\dataset_02\original\Turmeric Plant Disease\Rhizome Healthy Root\Rhizome Healthy Root00306.JPG,non_turmeric,0,Rhizome_Healthy_Root,val,negative_val_rhizome_specimen,dbeab060f83be18a1a6481f828890f6f,237952
DS02_VAL_RHIZOME_Rhizome Healthy Root00259.JPG,Dataset_02_Mendeley,Rhizome Healthy Root00259.JPG,turmeric_datasets\dataset_02\original\Turmeric Plant Disease\Rhizome Healthy Root\Rhizome Healthy Root00259.JPG,non_turmeric,0,Rhizome_Healthy_Root,val,negative_val_rhizome_specimen,48ab2a862841711677bec7d0ece878f0,306606
DS02_VAL_RHIZOME_Rhizome Disease Root00093.JPG,Dataset_02_Mendeley,Rhizome Disease Root00093.JPG,turmeric_datasets\dataset_02\original\Turmeric Plant Disease\Rhizome Disease Root\Rhizome Disease Root00093.JPG,non_turmeric,0,Rhizome_Disease_Root,val,negative_val_rhizome_specimen,7b7498b1e310530a253828b6be6ced74,181493
DS02_VAL_RHIZOME_Rhizome Healthy Root00027.JPG,Dataset_02_Mendeley,Rhizome Healthy Root00027.JPG,turmeric_datasets\dataset_02\original\Turmeric Plant Disease\Rhizome Healthy Root\Rhizome Healthy Root00027.JPG,non_turmeric,0,Rhizome_Healthy_Root,val,negative_val_rhizome_specimen,c21200b24927739e5b35ce7b1bd55ab7,164617
DS02_VAL_RHIZOME_Rhizome Healthy Root00156.JPG,Dataset_02_Mendeley,Rhizome Healthy Root00156.JPG,turmeric_datasets\dataset_02\original\Turmeric Plant Disease\Rhizome Healthy Root\Rhizome Healthy Root00156.JPG,non_turmeric,0,Rhizome_Healthy_Root,val,negative_val_rhizome_specimen,45c613f0736fc69a93b006696d9981e1,352515
DS02_VAL_RHIZOME_Rhizome Disease Root00028.JPG,Dataset_02_Mendeley,Rhizome Disease Root00028.JPG,turmeric_datasets\dataset_02\original\Turmeric Plant Disease\Rhizome Disease Root\Rhizome Disease Root00028.JPG,non_turmeric,0,Rhizome_Disease_Root,val,negative_val_rhizome_specimen,db196c5b409f857a03fc85a54490837d,331122
DS02_VAL_RHIZOME_Rhizome Healthy Root00197.JPG,Dataset_02_Mendeley,Rhizome Healthy Root00197.JPG,turmeric_datasets\dataset_02\original\Turmeric Plant Disease\Rhizome Healthy Root\Rhizome Healthy Root00197.JPG,non_turmeric,0,Rhizome_Healthy_Root,val,negative_val_rhizome_specimen,145cbfba9c1dc1bc8622f3b4aa3b2a6c,290763
DS02_VAL_RHIZOME_Rhizome Healthy Root00204.JPG,Dataset_02_Mendeley,Rhizome Healthy Root00204.JPG,turmeric_datasets\dataset_02\original\Turmeric Plant Disease\Rhizome Healthy Root\Rhizome Healthy Root00204.JPG,non_turmeric,0,Rhizome_Healthy_Root,val,negative_val_rhizome_specimen,9858f02ed4122db482a41b1470bc9030,275752
DS02_VAL_RHIZOME_Rhizome Healthy Root00060.JPG,Dataset_02_Mendeley,Rhizome Healthy Root00060.JPG,turmeric_datasets\dataset_02\original\Turmeric Plant Disease\Rhizome Healthy Root\Rhizome Healthy Root00060.JPG,non_turmeric,0,Rhizome_Healthy_Root,val,negative_val_rhizome_specimen,0e1ff04d590211542f0ddb22dba57b5a,257112
DS02_VAL_RHIZOME_Rhizome Healthy Root00215.JPG,Dataset_02_Mendeley,Rhizome Healthy Root00215.JPG,turmeric_datasets\dataset_02\original\Turmeric Plant Disease\Rhizome Healthy Root\Rhizome Healthy Root00215.JPG,non_turmeric,0,Rhizome_Healthy_Root,val,negative_val_rhizome_specimen,fa441657d86878072ec408e1b979ace3,266454
DS02_VAL_RHIZOME_Rhizome Disease Root00164.JPG,Dataset_02_Mendeley,Rhizome Disease Root00164.JPG,turmeric_datasets\dataset_02\original\Turmeric Plant Disease\Rhizome Disease Root\Rhizome Disease Root00164.JPG,non_turmeric,0,Rhizome_Disease_Root,val,negative_val_rhizome_specimen,f780764766dc79cc1843666174b73991,176968
DS02_VAL_RHIZOME_Rhizome Disease Root00173.JPG,Dataset_02_Mendeley,Rhizome Disease Root00173.JPG,turmeric_datasets\dataset_02\original\Turmeric Plant Disease\Rhizome Disease Root\Rhizome Disease Root00173.JPG,non_turmeric,0,Rhizome_Disease_Root,val,negative_val_rhizome_specimen,6357c8c17be14b86a81172c0e28fb45f,222787
DS02_VAL_RHIZOME_Rhizome Healthy Root00193.JPG,Dataset_02_Mendeley,Rhizome Healthy Root00193.JPG,turmeric_datasets\dataset_02\original\Turmeric Plant Disease\Rhizome Healthy Root\Rhizome Healthy Root00193.JPG,non_turmeric,0,Rhizome_Healthy_Root,val,negative_val_rhizome_specimen,c7a65dde6b5785ca25c6c856c15587a4,259089
DS02_VAL_RHIZOME_Rhizome Disease Root00110.JPG,Dataset_02_Mendeley,Rhizome Disease Root00110.JPG,turmeric_datasets\dataset_02\original\Turmeric Plant Disease\Rhizome Disease Root\Rhizome Disease Root00110.JPG,non_turmeric,0,Rhizome_Disease_Root,val,negative_val_rhizome_specimen,4aac83551b7eacf4b1147e74d1604b76,202597
DS02_VAL_RHIZOME_Rhizome Healthy Root00127.JPG,Dataset_02_Mendeley,Rhizome Healthy Root00127.JPG,turmeric_datasets\dataset_02\original\Turmeric Plant Disease\Rhizome Healthy Root\Rhizome Healthy Root00127.JPG,non_turmeric,0,Rhizome_Healthy_Root,val,negative_val_rhizome_specimen,bc317ade43c9df975ee20a33ddef9b13,369495
DS02_VAL_RHIZOME_Rhizome Healthy Root00091.JPG,Dataset_02_Mendeley,Rhizome Healthy Root00091.JPG,turmeric_datasets\dataset_02\original\Turmeric Plant Disease\Rhizome Healthy Root\Rhizome Healthy Root00091.JPG,non_turmeric,0,Rhizome_Healthy_Root,val,negative_val_rhizome_specimen,404ea847eafd935eb539b50f567d2dbc,287402
DS02_VAL_RHIZOME_Rhizome Disease Root00148.JPG,Dataset_02_Mendeley,Rhizome Disease Root00148.JPG,turmeric_datasets\dataset_02\original\Turmeric Plant Disease\Rhizome Disease Root\Rhizome Disease Root00148.JPG,non_turmeric,0,Rhizome_Disease_Root,val,negative_val_rhizome_specimen,61475c4705eafbbe200ceb709349bd32,193211
DS02_VAL_RHIZOME_Rhizome Healthy Root00195.JPG,Dataset_02_Mendeley,Rhizome Healthy Root00195.JPG,turmeric_datasets\dataset_02\original\Turmeric Plant Disease\Rhizome Healthy Root\Rhizome Healthy Root00195.JPG,non_turmeric,0,Rhizome_Healthy_Root,val,negative_val_rhizome_specimen,44bca3c3f95f2c155d422081274b18c3,311719
DS02_VAL_RHIZOME_Rhizome Disease Root00167.JPG,Dataset_02_Mendeley,Rhizome Disease Root00167.JPG,turmeric_datasets\dataset_02\original\Turmeric Plant Disease\Rhizome Disease Root\Rhizome Disease Root00167.JPG,non_turmeric,0,Rhizome_Disease_Root,val,negative_val_rhizome_specimen,3cf81b91a94c264910e591d633d51aeb,218407
DS02_VAL_RHIZOME_Rhizome Disease Root00076.JPG,Dataset_02_Mendeley,Rhizome Disease Root00076.JPG,turmeric_datasets\dataset_02\original\Turmeric Plant Disease\Rhizome Disease Root\Rhizome Disease Root00076.JPG,non_turmeric,0,Rhizome_Disease_Root,val,negative_val_rhizome_specimen,f2e00d9e5d17e5c2e436390d80a3799d,239912
DS02_VAL_RHIZOME_Rhizome Healthy Root00096.JPG,Dataset_02_Mendeley,Rhizome Healthy Root00096.JPG,turmeric_datasets\dataset_02\original\Turmeric Plant Disease\Rhizome Healthy Root\Rhizome Healthy Root00096.JPG,non_turmeric,0,Rhizome_Healthy_Root,val,negative_val_rhizome_specimen,496c7e6d0689b84dc69e7d3685951f93,294920
DS02_VAL_RHIZOME_Rhizome Disease Root00132.JPG,Dataset_02_Mendeley,Rhizome Disease Root00132.JPG,turmeric_datasets\dataset_02\original\Turmeric Plant Disease\Rhizome Disease Root\Rhizome Disease Root00132.JPG,non_turmeric,0,Rhizome_Disease_Root,val,negative_val_rhizome_specimen,9a82a1e7e95fc17cd27b13da6a1db3be,166223
DS02_VAL_RHIZOME_Rhizome Disease Root00108.JPG,Dataset_02_Mendeley,Rhizome Disease Root00108.JPG,turmeric_datasets\dataset_02\original\Turmeric Plant Disease\Rhizome Disease Root\Rhizome Disease Root00108.JPG,non_turmeric,0,Rhizome_Disease_Root,val,negative_val_rhizome_specimen,27f8fa8cfac6805c766474547b256996,203556
DS02_VAL_RHIZOME_Rhizome Healthy Root00005.JPG,Dataset_02_Mendeley,Rhizome Healthy Root00005.JPG,turmeric_datasets\dataset_02\original\Turmeric Plant Disease\Rhizome Healthy Root\Rhizome Healthy Root00005.JPG,non_turmeric,0,Rhizome_Healthy_Root,val,negative_val_rhizome_specimen,e7bf5881a446f02ebcea0ac5e3c8cb0c,253155
DS02_VAL_RHIZOME_Rhizome Disease Root00134.JPG,Dataset_02_Mendeley,Rhizome Disease Root00134.JPG,turmeric_datasets\dataset_02\original\Turmeric Plant Disease\Rhizome Disease Root\Rhizome Disease Root00134.JPG,non_turmeric,0,Rhizome_Disease_Root,val,negative_val_rhizome_specimen,a3bb94777b0e611bca76ca25e610c2f0,163960
DS02_VAL_RHIZOME_Rhizome Healthy Root00163.JPG,Dataset_02_Mendeley,Rhizome Healthy Root00163.JPG,turmeric_datasets\dataset_02\original\Turmeric Plant Disease\Rhizome Healthy Root\Rhizome Healthy Root00163.JPG,non_turmeric,0,Rhizome_Healthy_Root,val,negative_val_rhizome_specimen,28d980a9431be8b4a8c7f8c0b76ba44f,366094
DS02_VAL_RHIZOME_Rhizome Disease Root00020.JPG,Dataset_02_Mendeley,Rhizome Disease Root00020.JPG,turmeric_datasets\dataset_02\original\Turmeric Plant Disease\Rhizome Disease Root\Rhizome Disease Root00020.JPG,non_turmeric,0,Rhizome_Disease_Root,val,negative_val_rhizome_specimen,54f8bb44105fea933c8af2ad4fc086de,287549
DS02_VAL_RHIZOME_Rhizome Healthy Root00253.JPG,Dataset_02_Mendeley,Rhizome Healthy Root00253.JPG,turmeric_datasets\dataset_02\original\Turmeric Plant Disease\Rhizome Healthy Root\Rhizome Healthy Root00253.JPG,non_turmeric,0,Rhizome_Healthy_Root,val,negative_val_rhizome_specimen,9028787fc84f1e2c1885dc755b19e878,307879
DS02_VAL_RHIZOME_Rhizome Healthy Root00132.JPG,Dataset_02_Mendeley,Rhizome Healthy Root00132.JPG,turmeric_datasets\dataset_02\original\Turmeric Plant Disease\Rhizome Healthy Root\Rhizome Healthy Root00132.JPG,non_turmeric,0,Rhizome_Healthy_Root,val,negative_val_rhizome_specimen,a679f8c9e041d51369aa1404418e1411,325941
DS02_VAL_RHIZOME_Rhizome Healthy Root00238.JPG,Dataset_02_Mendeley,Rhizome Healthy Root00238.JPG,turmeric_datasets\dataset_02\original\Turmeric Plant Disease\Rhizome Healthy Root\Rhizome Healthy Root00238.JPG,non_turmeric,0,Rhizome_Healthy_Root,val,negative_val_rhizome_specimen,fcdfc0322c22449b6412d0751d97aef8,275685
DS02_VAL_RHIZOME_Rhizome Disease Root00170.JPG,Dataset_02_Mendeley,Rhizome Disease Root00170.JPG,turmeric_datasets\dataset_02\original\Turmeric Plant Disease\Rhizome Disease Root\Rhizome Disease Root00170.JPG,non_turmeric,0,Rhizome_Disease_Root,val,negative_val_rhizome_specimen,72b271a9c0c52d62a44a3f3e50f73886,238885
DS02_VAL_RHIZOME_Rhizome Disease Root00078.JPG,Dataset_02_Mendeley,Rhizome Disease Root00078.JPG,turmeric_datasets\dataset_02\original\Turmeric Plant Disease\Rhizome Disease Root\Rhizome Disease Root00078.JPG,non_turmeric,0,Rhizome_Disease_Root,val,negative_val_rhizome_specimen,bb4d15b91bbafa0ac54d14b11e312b72,207422
DS02_VAL_RHIZOME_Rhizome Disease Root00051.JPG,Dataset_02_Mendeley,Rhizome Disease Root00051.JPG,turmeric_datasets\dataset_02\original\Turmeric Plant Disease\Rhizome Disease Root\Rhizome Disease Root00051.JPG,non_turmeric,0,Rhizome_Disease_Root,val,negative_val_rhizome_specimen,149bae4cbe9f457931214cab241d6350,244095
DS02_VAL_RHIZOME_Rhizome Disease Root00085.JPG,Dataset_02_Mendeley,Rhizome Disease Root00085.JPG,turmeric_datasets\dataset_02\original\Turmeric Plant Disease\Rhizome Disease Root\Rhizome Disease Root00085.JPG,non_turmeric,0,Rhizome_Disease_Root,val,negative_val_rhizome_specimen,0239489c7f4b9c5d9075bc64f4e3b3f2,196097
DS02_VAL_RHIZOME_Rhizome Healthy Root00118.JPG,Dataset_02_Mendeley,Rhizome Healthy Root00118.JPG,turmeric_datasets\dataset_02\original\Turmeric Plant Disease\Rhizome Healthy Root\Rhizome Healthy Root00118.JPG,non_turmeric,0,Rhizome_Healthy_Root,val,negative_val_rhizome_specimen,3d71395fcf846286335fc52ae393fbfd,270771
DS02_VAL_RHIZOME_Rhizome Disease Root00006.JPG,Dataset_02_Mendeley,Rhizome Disease Root00006.JPG,turmeric_datasets\dataset_02\original\Turmeric Plant Disease\Rhizome Disease Root\Rhizome Disease Root00006.JPG,non_turmeric,0,Rhizome_Disease_Root,val,negative_val_rhizome_specimen,a463339207e7a1be90e6f8f907bc27f4,233211
DS02_VAL_RHIZOME_Rhizome Healthy Root00016.JPG,Dataset_02_Mendeley,Rhizome Healthy Root00016.JPG,turmeric_datasets\dataset_02\original\Turmeric Plant Disease\Rhizome Healthy Root\Rhizome Healthy Root00016.JPG,non_turmeric,0,Rhizome_Healthy_Root,val,negative_val_rhizome_specimen,7c72b3bc8bfd0aeffdb82e9e69203718,287583
DS02_VAL_RHIZOME_Rhizome Disease Root00027.JPG,Dataset_02_Mendeley,Rhizome Disease Root00027.JPG,turmeric_datasets\dataset_02\original\Turmeric Plant Disease\Rhizome Disease Root\Rhizome Disease Root00027.JPG,non_turmeric,0,Rhizome_Disease_Root,val,negative_val_rhizome_specimen,6a2f5849a636d6c26ccabc8972ceed4c,279995
DS02_VAL_RHIZOME_Rhizome Healthy Root00282.JPG,Dataset_02_Mendeley,Rhizome Healthy Root00282.JPG,turmeric_datasets\dataset_02\original\Turmeric Plant Disease\Rhizome Healthy Root\Rhizome Healthy Root00282.JPG,non_turmeric,0,Rhizome_Healthy_Root,val,negative_val_rhizome_specimen,541961dabfa9fd895dd547c65d131c06,267679
DS02_VAL_RHIZOME_Rhizome Healthy Root00140.JPG,Dataset_02_Mendeley,Rhizome Healthy Root00140.JPG,turmeric_datasets\dataset_02\original\Turmeric Plant Disease\Rhizome Healthy Root\Rhizome Healthy Root00140.JPG,non_turmeric,0,Rhizome_Healthy_Root,val,negative_val_rhizome_specimen,fc2981751c5c446dfb8ddc3f3aa98e4e,345207
DS02_VAL_RHIZOME_Rhizome Healthy Root00131.JPG,Dataset_02_Mendeley,Rhizome Healthy Root00131.JPG,turmeric_datasets\dataset_02\original\Turmeric Plant Disease\Rhizome Healthy Root\Rhizome Healthy Root00131.JPG,non_turmeric,0,Rhizome_Healthy_Root,val,negative_val_rhizome_specimen,bbad8a72aa3432a6eae438c1f15d348b,341002
DS02_VAL_RHIZOME_Rhizome Healthy Root00058.JPG,Dataset_02_Mendeley,Rhizome Healthy Root00058.JPG,turmeric_datasets\dataset_02\original\Turmeric Plant Disease\Rhizome Healthy Root\Rhizome Healthy Root00058.JPG,non_turmeric,0,Rhizome_Healthy_Root,val,negative_val_rhizome_specimen,8cb0320c0dc6092fcc499d3bbdd7468d,234305
DS02_VAL_RHIZOME_Rhizome Healthy Root00018.JPG,Dataset_02_Mendeley,Rhizome Healthy Root00018.JPG,turmeric_datasets\dataset_02\original\Turmeric Plant Disease\Rhizome Healthy Root\Rhizome Healthy Root00018.JPG,non_turmeric,0,Rhizome_Healthy_Root,val,negative_val_rhizome_specimen,403fd3f05e1094e8fd2f5ee2ae292079,257600
DS02_VAL_RHIZOME_Rhizome Healthy Root00019.JPG,Dataset_02_Mendeley,Rhizome Healthy Root00019.JPG,turmeric_datasets\dataset_02\original\Turmeric Plant Disease\Rhizome Healthy Root\Rhizome Healthy Root00019.JPG,non_turmeric,0,Rhizome_Healthy_Root,val,negative_val_rhizome_specimen,6c9ac34e46abea9bea7d9a315c77314c,238302
DS02_VAL_RHIZOME_Rhizome Healthy Root00240.JPG,Dataset_02_Mendeley,Rhizome Healthy Root00240.JPG,turmeric_datasets\dataset_02\original\Turmeric Plant Disease\Rhizome Healthy Root\Rhizome Healthy Root00240.JPG,non_turmeric,0,Rhizome_Healthy_Root,val,negative_val_rhizome_specimen,0ab8dd95d63c986b98017274502c2f6e,364032
DS02_VAL_RHIZOME_Rhizome Disease Root00021.JPG,Dataset_02_Mendeley,Rhizome Disease Root00021.JPG,turmeric_datasets\dataset_02\original\Turmeric Plant Disease\Rhizome Disease Root\Rhizome Disease Root00021.JPG,non_turmeric,0,Rhizome_Disease_Root,val,negative_val_rhizome_specimen,579e0bcf706cac19f7d045d8da6ef340,247104
DS02_VAL_RHIZOME_Rhizome Healthy Root00055.JPG,Dataset_02_Mendeley,Rhizome Healthy Root00055.JPG,turmeric_datasets\dataset_02\original\Turmeric Plant Disease\Rhizome Healthy Root\Rhizome Healthy Root00055.JPG,non_turmeric,0,Rhizome_Healthy_Root,val,negative_val_rhizome_specimen,501dc37194035b892a776032c5a103f8,216964
DS02_VAL_RHIZOME_Rhizome Healthy Root00311.JPG,Dataset_02_Mendeley,Rhizome Healthy Root00311.JPG,turmeric_datasets\dataset_02\original\Turmeric Plant Disease\Rhizome Healthy Root\Rhizome Healthy Root00311.JPG,non_turmeric,0,Rhizome_Healthy_Root,val,negative_val_rhizome_specimen,59c44e10b51f85fe296718b3ceb83af7,205339
DS02_VAL_RHIZOME_Rhizome Disease Root00179.JPG,Dataset_02_Mendeley,Rhizome Disease Root00179.JPG,turmeric_datasets\dataset_02\original\Turmeric Plant Disease\Rhizome Disease Root\Rhizome Disease Root00179.JPG,non_turmeric,0,Rhizome_Disease_Root,val,negative_val_rhizome_specimen,b3c2dd55d1d18ba95aae9a1a0ece398d,149210
DS02_VAL_RHIZOME_Rhizome Disease Root00065.JPG,Dataset_02_Mendeley,Rhizome Disease Root00065.JPG,turmeric_datasets\dataset_02\original\Turmeric Plant Disease\Rhizome Disease Root\Rhizome Disease Root00065.JPG,non_turmeric,0,Rhizome_Disease_Root,val,negative_val_rhizome_specimen,24356dddb95836d8d6f949b1a3b4da72,249667
DS02_VAL_RHIZOME_Rhizome Healthy Root00063.JPG,Dataset_02_Mendeley,Rhizome Healthy Root00063.JPG,turmeric_datasets\dataset_02\original\Turmeric Plant Disease\Rhizome Healthy Root\Rhizome Healthy Root00063.JPG,non_turmeric,0,Rhizome_Healthy_Root,val,negative_val_rhizome_specimen,be3b54adb1692b30672a204bb563e4f1,292597
DS02_VAL_RHIZOME_Rhizome Disease Root00097.JPG,Dataset_02_Mendeley,Rhizome Disease Root00097.JPG,turmeric_datasets\dataset_02\original\Turmeric Plant Disease\Rhizome Disease Root\Rhizome Disease Root00097.JPG,non_turmeric,0,Rhizome_Disease_Root,val,negative_val_rhizome_specimen,d3f307145162b3628d9206f70823783d,219017
DS02_VAL_RHIZOME_Rhizome Healthy Root00083.JPG,Dataset_02_Mendeley,Rhizome Healthy Root00083.JPG,turmeric_datasets\dataset_02\original\Turmeric Plant Disease\Rhizome Healthy Root\Rhizome Healthy Root00083.JPG,non_turmeric,0,Rhizome_Healthy_Root,val,negative_val_rhizome_specimen,51e044e2bcd065580f3a6c54db92e956,334643
DS02_VAL_RHIZOME_Rhizome Healthy Root00135.JPG,Dataset_02_Mendeley,Rhizome Healthy Root00135.JPG,turmeric_datasets\dataset_02\original\Turmeric Plant Disease\Rhizome Healthy Root\Rhizome Healthy Root00135.JPG,non_turmeric,0,Rhizome_Healthy_Root,val,negative_val_rhizome_specimen,0cea29636581557caad1600b855381be,340160
DS02_VAL_RHIZOME_Rhizome Healthy Root00146.JPG,Dataset_02_Mendeley,Rhizome Healthy Root00146.JPG,turmeric_datasets\dataset_02\original\Turmeric Plant Disease\Rhizome Healthy Root\Rhizome Healthy Root00146.JPG,non_turmeric,0,Rhizome_Healthy_Root,val,negative_val_rhizome_specimen,b0a637285bc308b3f709617d6efe145f,327693
DS02_VAL_RHIZOME_Rhizome Healthy Root00161.JPG,Dataset_02_Mendeley,Rhizome Healthy Root00161.JPG,turmeric_datasets\dataset_02\original\Turmeric Plant Disease\Rhizome Healthy Root\Rhizome Healthy Root00161.JPG,non_turmeric,0,Rhizome_Healthy_Root,val,negative_val_rhizome_specimen,bc643b8055143925ab6eb3f40d5ab692,369839
DS02_VAL_RHIZOME_Rhizome Disease Root00099.JPG,Dataset_02_Mendeley,Rhizome Disease Root00099.JPG,turmeric_datasets\dataset_02\original\Turmeric Plant Disease\Rhizome Disease Root\Rhizome Disease Root00099.JPG,non_turmeric,0,Rhizome_Disease_Root,val,negative_val_rhizome_specimen,87c89e65595ebe12fad81e0c7ba88b06,142167
DS02_VAL_RHIZOME_Rhizome Healthy Root00015.JPG,Dataset_02_Mendeley,Rhizome Healthy Root00015.JPG,turmeric_datasets\dataset_02\original\Turmeric Plant Disease\Rhizome Healthy Root\Rhizome Healthy Root00015.JPG,non_turmeric,0,Rhizome_Healthy_Root,val,negative_val_rhizome_specimen,fffae03fb60a8fba4a7f62f38bddf692,291049
DS02_VAL_RHIZOME_Rhizome Healthy Root00069.JPG,Dataset_02_Mendeley,Rhizome Healthy Root00069.JPG,turmeric_datasets\dataset_02\original\Turmeric Plant Disease\Rhizome Healthy Root\Rhizome Healthy Root00069.JPG,non_turmeric,0,Rhizome_Healthy_Root,val,negative_val_rhizome_specimen,9d6908347a7b18c9c34a2b8464c3c079,276292
DS02_VAL_RHIZOME_Rhizome Disease Root00046.JPG,Dataset_02_Mendeley,Rhizome Disease Root00046.JPG,turmeric_datasets\dataset_02\original\Turmeric Plant Disease\Rhizome Disease Root\Rhizome Disease Root00046.JPG,non_turmeric,0,Rhizome_Disease_Root,val,negative_val_rhizome_specimen,436592f031b27ba972cb0ce030886bde,196921
OOD_TR_ANIME_CARTOON_anime_09.png,OOD_Benchmark,anime_09.png,research_results/ood_benchmark/anime_cartoon/anime_09.png,non_turmeric,0,anime_cartoon,train,negative_train_far_ood_control,3966720091f3b86009e6dabba6bb48bc,2252
OOD_TR_ANIME_CARTOON_anime_06.png,OOD_Benchmark,anime_06.png,research_results/ood_benchmark/anime_cartoon/anime_06.png,non_turmeric,0,anime_cartoon,train,negative_train_far_ood_control,c7a60f96d4147f51db76e804fccf831c,2259
OOD_TR_ANIME_CARTOON_anime_01.png,OOD_Benchmark,anime_01.png,research_results/ood_benchmark/anime_cartoon/anime_01.png,non_turmeric,0,anime_cartoon,train,negative_train_far_ood_control,db38f40d52b17c086879a5214a810765,2258
OOD_TR_ANIME_CARTOON_anime_05.png,OOD_Benchmark,anime_05.png,research_results/ood_benchmark/anime_cartoon/anime_05.png,non_turmeric,0,anime_cartoon,train,negative_train_far_ood_control,abd1e0022c7eb22488a2fbb4ac73964f,2256
OOD_TR_ANIME_CARTOON_anime_02.png,OOD_Benchmark,anime_02.png,research_results/ood_benchmark/anime_cartoon/anime_02.png,non_turmeric,0,anime_cartoon,train,negative_train_far_ood_control,0b7d59765138655dd760f09cce826c45,2249
OOD_TR_ANIME_CARTOON_anime_07.png,OOD_Benchmark,anime_07.png,research_results/ood_benchmark/anime_cartoon/anime_07.png,non_turmeric,0,anime_cartoon,train,negative_train_far_ood_control,d823055151a70d2d5dc746fc6336ac6b,2257
OOD_VAL_ANIME_CARTOON_anime_03.png,OOD_Benchmark,anime_03.png,research_results/ood_benchmark/anime_cartoon/anime_03.png,non_turmeric,0,anime_cartoon,val,negative_val_far_ood_control,1bdb735fe59ed300692ca09d45d86fbb,2244
OOD_VAL_ANIME_CARTOON_anime_08.png,OOD_Benchmark,anime_08.png,research_results/ood_benchmark/anime_cartoon/anime_08.png,non_turmeric,0,anime_cartoon,val,negative_val_far_ood_control,79c482d6f5b36846247fae780f5d3ca0,2250
OOD_TST_ANIME_CARTOON_anime_10.png,OOD_Benchmark,anime_10.png,research_results/ood_benchmark/anime_cartoon/anime_10.png,non_turmeric,0,anime_cartoon,internal_test,negative_internal_test_control,4f4d090932f1ba79b0b30fdf085b2e81,2257
OOD_TST_ANIME_CARTOON_anime_04.png,OOD_Benchmark,anime_04.png,research_results/ood_benchmark/anime_cartoon/anime_04.png,non_turmeric,0,anime_cartoon,internal_test,negative_internal_test_control,1633854de77fedc7fe9bf351161d2340,2255
OOD_TR_DOCUMENT_UI_document_09.png,OOD_Benchmark,document_09.png,research_results/ood_benchmark/document_ui/document_09.png,non_turmeric,0,document_ui,train,negative_train_far_ood_control,0ee2f59dbf33a6569f972bd93bf77dc9,1227
OOD_TR_DOCUMENT_UI_document_02.png,OOD_Benchmark,document_02.png,research_results/ood_benchmark/document_ui/document_02.png,non_turmeric,0,document_ui,train,negative_train_far_ood_control,0c22deabbf3a32bd468304df03388334,1186
OOD_TR_DOCUMENT_UI_document_04.png,OOD_Benchmark,document_04.png,research_results/ood_benchmark/document_ui/document_04.png,non_turmeric,0,document_ui,train,negative_train_far_ood_control,a784cfa4ee6bf903514ef86b803ea65f,1221
OOD_TR_DOCUMENT_UI_document_08.png,OOD_Benchmark,document_08.png,research_results/ood_benchmark/document_ui/document_08.png,non_turmeric,0,document_ui,train,negative_train_far_ood_control,831db34ee49005853231eae990ae64f3,1201
OOD_TR_DOCUMENT_UI_document_03.png,OOD_Benchmark,document_03.png,research_results/ood_benchmark/document_ui/document_03.png,non_turmeric,0,document_ui,train,negative_train_far_ood_control,2e59c185dceb0035a7113e3a3f8a1746,1199
OOD_TR_DOCUMENT_UI_document_01.png,OOD_Benchmark,document_01.png,research_results/ood_benchmark/document_ui/document_01.png,non_turmeric,0,document_ui,train,negative_train_far_ood_control,029fedb7c4c489372131f2d0e6af7b8b,1189
OOD_VAL_DOCUMENT_UI_document_10.png,OOD_Benchmark,document_10.png,research_results/ood_benchmark/document_ui/document_10.png,non_turmeric,0,document_ui,val,negative_val_far_ood_control,18e3ab75a044d46dd250581d1e62054a,1227
OOD_VAL_DOCUMENT_UI_document_05.png,OOD_Benchmark,document_05.png,research_results/ood_benchmark/document_ui/document_05.png,non_turmeric,0,document_ui,val,negative_val_far_ood_control,46211baa1f7e2ead20b87f1aa414721b,1205
OOD_TST_DOCUMENT_UI_document_06.png,OOD_Benchmark,document_06.png,research_results/ood_benchmark/document_ui/document_06.png,non_turmeric,0,document_ui,internal_test,negative_internal_test_control,8b3896b0e24069695802329b14ffc9c9,1219
OOD_TST_DOCUMENT_UI_document_07.png,OOD_Benchmark,document_07.png,research_results/ood_benchmark/document_ui/document_07.png,non_turmeric,0,document_ui,internal_test,negative_internal_test_control,dda76dd06fadac409d876a84b0762155,1198
OOD_TR_HUMAN_PORTRAITS_portrait_05.png,OOD_Benchmark,portrait_05.png,research_results/ood_benchmark/human_portraits/portrait_05.png,non_turmeric,0,human_portraits,train,negative_train_far_ood_control,9aa9c2394315908ed875d0aac02872f9,2136
OOD_TR_HUMAN_PORTRAITS_portrait_04.png,OOD_Benchmark,portrait_04.png,research_results/ood_benchmark/human_portraits/portrait_04.png,non_turmeric,0,human_portraits,train,negative_train_far_ood_control,0bed47fbb1a56bc7ebc084d1a77206ac,2142
OOD_TR_HUMAN_PORTRAITS_portrait_07.png,OOD_Benchmark,portrait_07.png,research_results/ood_benchmark/human_portraits/portrait_07.png,non_turmeric,0,human_portraits,train,negative_train_far_ood_control,43a3c55ed47d3260bd940609d55e7de3,2141
OOD_TR_HUMAN_PORTRAITS_portrait_10.png,OOD_Benchmark,portrait_10.png,research_results/ood_benchmark/human_portraits/portrait_10.png,non_turmeric,0,human_portraits,train,negative_train_far_ood_control,243922cde944c979b1f55a4d93892ad4,2146
OOD_TR_HUMAN_PORTRAITS_portrait_02.png,OOD_Benchmark,portrait_02.png,research_results/ood_benchmark/human_portraits/portrait_02.png,non_turmeric,0,human_portraits,train,negative_train_far_ood_control,d4bf245df13605e7863d7a3bd36b876c,2143
OOD_TR_HUMAN_PORTRAITS_portrait_03.png,OOD_Benchmark,portrait_03.png,research_results/ood_benchmark/human_portraits/portrait_03.png,non_turmeric,0,human_portraits,train,negative_train_far_ood_control,fea914e0287e9aefbcabad7aa2614660,2145
OOD_VAL_HUMAN_PORTRAITS_portrait_08.png,OOD_Benchmark,portrait_08.png,research_results/ood_benchmark/human_portraits/portrait_08.png,non_turmeric,0,human_portraits,val,negative_val_far_ood_control,6f1fa9ff0267b7a51fc9e5f7756d922c,2143
OOD_VAL_HUMAN_PORTRAITS_portrait_01.png,OOD_Benchmark,portrait_01.png,research_results/ood_benchmark/human_portraits/portrait_01.png,non_turmeric,0,human_portraits,val,negative_val_far_ood_control,d577a7a043ff2aeb80148edf5f41adc2,2143
OOD_TST_HUMAN_PORTRAITS_portrait_06.png,OOD_Benchmark,portrait_06.png,research_results/ood_benchmark/human_portraits/portrait_06.png,non_turmeric,0,human_portraits,internal_test,negative_internal_test_control,e1674d040cc02bc8880bc678ff45fd16,2141
OOD_TST_HUMAN_PORTRAITS_portrait_09.png,OOD_Benchmark,portrait_09.png,research_results/ood_benchmark/human_portraits/portrait_09.png,non_turmeric,0,human_portraits,internal_test,negative_internal_test_control,8f7fd2e1d770d4ae853d3c0e154c31ad,2140
OOD_TR_NON_TURMERIC_BOTANICAL_botanical_02.png,OOD_Benchmark,botanical_02.png,research_results/ood_benchmark/non_turmeric_botanical/botanical_02.png,non_turmeric,0,non_turmeric_botanical,train,negative_train_far_ood_control,b80407a28f5bfc97c482897f899d00e7,216464
OOD_TR_NON_TURMERIC_BOTANICAL_botanical_01.png,OOD_Benchmark,botanical_01.png,research_results/ood_benchmark/non_turmeric_botanical/botanical_01.png,non_turmeric,0,non_turmeric_botanical,train,negative_train_far_ood_control,3c88b8a7de6e9639ef459f26d6ac61f5,216535
OOD_TR_NON_TURMERIC_BOTANICAL_botanical_05.png,OOD_Benchmark,botanical_05.png,research_results/ood_benchmark/non_turmeric_botanical/botanical_05.png,non_turmeric,0,non_turmeric_botanical,train,negative_train_far_ood_control,df31a04d0b91aa6b02162b574a5279e7,2161
OOD_TR_NON_TURMERIC_BOTANICAL_botanical_04.png,OOD_Benchmark,botanical_04.png,research_results/ood_benchmark/non_turmeric_botanical/botanical_04.png,non_turmeric,0,non_turmeric_botanical,train,negative_train_far_ood_control,03981286104dcb16233945aa37c41e2c,216448
OOD_VAL_NON_TURMERIC_BOTANICAL_botanical_10.png,OOD_Benchmark,botanical_10.png,research_results/ood_benchmark/non_turmeric_botanical/botanical_10.png,non_turmeric,0,non_turmeric_botanical,val,negative_val_far_ood_control,269bc46e6a708b984122497aef822536,218712
OOD_VAL_NON_TURMERIC_BOTANICAL_botanical_08.png,OOD_Benchmark,botanical_08.png,research_results/ood_benchmark/non_turmeric_botanical/botanical_08.png,non_turmeric,0,non_turmeric_botanical,val,negative_val_far_ood_control,1de5210e72d1651b5a8e8ff34eb2b848,218792
OOD_TST_NON_TURMERIC_BOTANICAL_botanical_03.png,OOD_Benchmark,botanical_03.png,research_results/ood_benchmark/non_turmeric_botanical/botanical_03.png,non_turmeric,0,non_turmeric_botanical,internal_test,negative_internal_test_control,22788074b39624c85d85abd575728c24,216482
OOD_TST_NON_TURMERIC_BOTANICAL_botanical_09.png,OOD_Benchmark,botanical_09.png,research_results/ood_benchmark/non_turmeric_botanical/botanical_09.png,non_turmeric,0,non_turmeric_botanical,internal_test,negative_internal_test_control,6de1f5b38bd8bf0f347148076ab4403e,218736
OOD_TR_UNRELATED_OBJECTS_object_02.png,OOD_Benchmark,object_02.png,research_results/ood_benchmark/unrelated_objects/object_02.png,non_turmeric,0,unrelated_objects,train,negative_train_far_ood_control,500800d893ad31e87929179598bdfdf0,1692
OOD_TR_UNRELATED_OBJECTS_object_08.png,OOD_Benchmark,object_08.png,research_results/ood_benchmark/unrelated_objects/object_08.png,non_turmeric,0,unrelated_objects,train,negative_train_far_ood_control,47ad97f7087e06865ef50322b5dbd853,1668
OOD_TR_UNRELATED_OBJECTS_object_03.png,OOD_Benchmark,object_03.png,research_results/ood_benchmark/unrelated_objects/object_03.png,non_turmeric,0,unrelated_objects,train,negative_train_far_ood_control,849a9f72a6a039929934018c3a56e677,1671
OOD_TR_UNRELATED_OBJECTS_object_10.png,OOD_Benchmark,object_10.png,research_results/ood_benchmark/unrelated_objects/object_10.png,non_turmeric,0,unrelated_objects,train,negative_train_far_ood_control,8432eb378181d22be96b5ef1fc140639,1692
OOD_TR_UNRELATED_OBJECTS_object_09.png,OOD_Benchmark,object_09.png,research_results/ood_benchmark/unrelated_objects/object_09.png,non_turmeric,0,unrelated_objects,train,negative_train_far_ood_control,79176f390a955867bed498c8fed94b42,1670
OOD_TR_UNRELATED_OBJECTS_object_06.png,OOD_Benchmark,object_06.png,research_results/ood_benchmark/unrelated_objects/object_06.png,non_turmeric,0,unrelated_objects,train,negative_train_far_ood_control,2f455e3ad03149c8860f71ac7840362a,1691
OOD_VAL_UNRELATED_OBJECTS_object_01.png,OOD_Benchmark,object_01.png,research_results/ood_benchmark/unrelated_objects/object_01.png,non_turmeric,0,unrelated_objects,val,negative_val_far_ood_control,38044943ed6faab723074d2de189ecd7,1671
OOD_VAL_UNRELATED_OBJECTS_object_05.png,OOD_Benchmark,object_05.png,research_results/ood_benchmark/unrelated_objects/object_05.png,non_turmeric,0,unrelated_objects,val,negative_val_far_ood_control,f01a21e1d99d4b997cc1c0298e68b718,1694
OOD_TST_UNRELATED_OBJECTS_object_04.png,OOD_Benchmark,object_04.png,research_results/ood_benchmark/unrelated_objects/object_04.png,non_turmeric,0,unrelated_objects,internal_test,negative_internal_test_control,0fa7573a6fbd9899f1292737f156ef87,1669
OOD_TST_UNRELATED_OBJECTS_object_07.png,OOD_Benchmark,object_07.png,research_results/ood_benchmark/unrelated_objects/object_07.png,non_turmeric,0,unrelated_objects,internal_test,negative_internal_test_control,a2ae38d83ed09bad18badfad2cd84d75,1697
